1779837337.049212,spill,FileSystemStorage,65536,3,197343,432729,100347
1779837337.049965,spill,FileSystemStorage,65536,2,131562,171250,58226
1779837337.050568,spill,FileSystemStorage,65536,3,197343,215652,89361
1779837337.050958,spill,FileSystemStorage,65536,1,65781,118525,31614
1779837337.053123,spill,FileSystemStorage,65536,2,131562,1053462,61264
1779837337.054588,spill,FileSystemStorage,65536,4,263124,1001107,108818
1779837337.055067,spill,FileSystemStorage,65536,3,197343,231831,109840
1779837337.056478,spill,FileSystemStorage,65536,3,197343,218269,86517
1779837337.056918,spill,FileSystemStorage,65536,1,65781,109176,30043
1779837337.057285,spill,FileSystemStorage,65536,1,65781,98117,32991
1779837337.057750,spill,FileSystemStorage,65536,1,65781,107972,33830
1779837337.058121,spill,FileSystemStorage,65536,2,131562,158550,61152
1779837337.058100,spill,FileSystemStorage,65536,4,263124,1538390,134480
1779837337.058499,spill,FileSystemStorage,65536,1,65781,141070,33254
1779837337.058797,spill,FileSystemStorage,65536,3,197343,254118,88639
1779837337.059097,spill,FileSystemStorage,65536,3,197343,256301,88508
1779837337.059967,spill,FileSystemStorage,65536,1,65781,147810,34444
1779837337.060132,spill,FileSystemStorage,65536,2,131562,575371,88046
1779837337.060663,spill,FileSystemStorage,65536,4,263124,269544,129432
1779837337.061229,spill,FileSystemStorage,65536,9,592029,564234,274616
1779837337.061319,spill,FileSystemStorage,65536,1,65781,145804,32973
1779837337.061789,spill,FileSystemStorage,65536,3,197343,234348,88890
1779837337.061950,spill,FileSystemStorage,65536,3,197343,226935,86223
1779837337.062303,spill,FileSystemStorage,65536,1,65781,114647,33882
1779837337.062543,spill,FileSystemStorage,65536,3,197343,284200,110194
1779837337.062919,spill,FileSystemStorage,65536,4,263124,297040,136303
1779837337.063254,spill,FileSystemStorage,65536,4,263124,330432,143755
1779837337.063503,spill,FileSystemStorage,65536,1,65781,140611,42891
1779837337.063862,spill,FileSystemStorage,65536,3,197343,258738,106769
1779837337.063881,spill,FileSystemStorage,65536,1,65781,126793,48054
1779837337.064338,spill,FileSystemStorage,65536,1,65781,149871,45730
1779837337.064496,spill,FileSystemStorage,65536,5,328905,330482,170252
1779837337.064908,spill,FileSystemStorage,65536,1,65781,147194,41097
1779837337.065087,spill,FileSystemStorage,65536,8,526248,505357,276003
1779837337.065304,spill,FileSystemStorage,65536,1,65781,144600,38157
1779837337.065618,spill,FileSystemStorage,65536,2,131562,208805,77273
1779837337.065751,spill,FileSystemStorage,65536,1,65781,148579,45673
1779837337.066206,spill,FileSystemStorage,65536,3,197343,263027,114759
1779837337.066429,spill,FileSystemStorage,65536,5,328905,377592,181281
1779837337.066732,spill,FileSystemStorage,65536,1,65781,171513,41767
1779837337.067399,spill,FileSystemStorage,65536,4,263124,289987,132124
1779837337.067842,spill,FileSystemStorage,65536,1,65781,149287,38088
1779837337.068040,spill,FileSystemStorage,65536,1,65781,139904,39433
1779837337.068296,spill,FileSystemStorage,65536,1,65781,127862,36716
1779837337.068679,spill,FileSystemStorage,65536,1,65781,122929,37648
1779837337.068779,spill,FileSystemStorage,65536,7,460467,423003,228689
1779837337.069074,spill,FileSystemStorage,65536,1,65781,106049,39088
1779837337.069539,spill,FileSystemStorage,65536,5,328905,356553,164359
1779837337.069857,spill,FileSystemStorage,65536,4,263124,291743,133933
1779837337.069946,spill,FileSystemStorage,65536,1,65781,140761,37773
1779837337.070325,spill,FileSystemStorage,65536,1,65781,139090,37099
1779837337.070405,spill,FileSystemStorage,65536,4,263124,298182,151607
1779837337.070755,spill,FileSystemStorage,65536,3,197343,224068,99375
1779837337.070844,spill,FileSystemStorage,65536,1,65781,157334,50904
1779837337.071152,spill,FileSystemStorage,65536,1,65781,134699,39412
1779837337.071754,spill,FileSystemStorage,65536,1,65781,140968,35714
1779837337.071812,spill,FileSystemStorage,65536,6,394686,414427,201698
1779837337.072221,spill,FileSystemStorage,65536,2,131562,176850,67307
1779837337.072462,spill,FileSystemStorage,65536,4,263124,302701,141458
1779837337.072605,spill,FileSystemStorage,65536,1,65781,113338,37328
1779837337.072961,spill,FileSystemStorage,65536,1,65781,133768,47224
1779837337.073199,spill,FileSystemStorage,65536,4,263124,288600,134324
1779837337.073440,spill,FileSystemStorage,65536,1,65781,127160,44537
1779837337.073626,spill,FileSystemStorage,65536,2,131562,175905,68738
1779837337.073863,spill,FileSystemStorage,65536,1,65781,125596,37423
1779837337.074053,spill,FileSystemStorage,65536,1,65781,118111,38018
1779837337.074171,spill,FileSystemStorage,65536,1,65781,109716,38592
1779837337.074414,spill,FileSystemStorage,65536,2,131562,164102,66812
1779837337.074546,spill,FileSystemStorage,65536,2,131562,171859,66075
1779837337.074889,spill,FileSystemStorage,65536,1,65781,123524,36130
1779837337.075044,spill,FileSystemStorage,65536,1,65781,153398,57505
1779837337.075287,spill,FileSystemStorage,65536,1,65781,120072,35657
1779837337.075655,spill,FileSystemStorage,65536,1,65781,135625,40762
1779837337.075666,spill,FileSystemStorage,65536,1,65781,120817,37415
1779837337.075991,spill,FileSystemStorage,65536,1,65781,115497,35121
1779837337.076271,spill,FileSystemStorage,65536,1,65781,122538,36854
1779837337.076552,spill,FileSystemStorage,65536,4,263124,282133,138068
1779837337.076666,spill,FileSystemStorage,65536,1,65781,101857,36136
1779837337.076922,spill,FileSystemStorage,65536,1,65781,126938,35820
1779837337.077193,spill,FileSystemStorage,65536,2,131562,179355,70462
1779837337.077420,spill,FileSystemStorage,65536,2,131562,180656,68608
1779837337.077500,spill,FileSystemStorage,65536,1,65781,116530,35046
1779837337.077896,spill,FileSystemStorage,65536,1,65781,164757,41294
1779837337.077935,spill,FileSystemStorage,65536,2,131562,217439,79919
1779837337.078736,spill,FileSystemStorage,65536,1,65781,617984,38115
1779837337.078822,spill,FileSystemStorage,65536,2,131562,633580,66620
1779837337.079668,spill,FileSystemStorage,65536,1,65781,128016,36134
1779837337.079724,spill,FileSystemStorage,65536,1,65781,141618,47597
1779837337.080207,spill,FileSystemStorage,65536,1,65781,140270,39008
1779837337.080321,spill,FileSystemStorage,65536,1,65781,125267,36247
1779837337.080838,spill,FileSystemStorage,65536,1,65781,134041,35246
1779837337.081291,spill,FileSystemStorage,65536,6,394686,381903,201470
1779837337.081378,spill,FileSystemStorage,65536,4,263124,270004,139400
1779837337.081666,spill,FileSystemStorage,65536,1,65781,127940,34985
1779837337.081784,spill,FileSystemStorage,65536,1,65781,118355,36102
1779837337.082145,spill,FileSystemStorage,65536,2,131562,216207,82418
1779837337.082194,spill,FileSystemStorage,65536,2,131562,195281,81424
1779837337.082563,spill,FileSystemStorage,65536,1,65781,124374,34423
1779837337.082657,spill,FileSystemStorage,65536,2,131562,181090,66702
1779837337.083259,spill,FileSystemStorage,65536,1,65781,170868,37658
1779837337.083324,spill,FileSystemStorage,65536,1,65781,120648,36867
1779837337.083754,spill,FileSystemStorage,65536,1,65781,111173,38233
1779837337.083766,spill,FileSystemStorage,65536,1,65781,159102,48076
1779837337.084175,spill,FileSystemStorage,65536,1,65781,134978,36288
1779837337.084336,spill,FileSystemStorage,65536,5,328905,334671,166441
1779837337.084521,spill,FileSystemStorage,65536,1,65781,104945,36646
1779837337.084741,spill,FileSystemStorage,65536,1,65781,134495,37482
1779837337.085022,spill,FileSystemStorage,65536,4,263124,273754,134058
1779837337.085074,spill,FileSystemStorage,65536,1,65781,139580,38913
1779837337.085395,spill,FileSystemStorage,65536,1,65781,139084,37152
1779837337.085483,spill,FileSystemStorage,65536,2,131562,169378,73791
1779837337.085814,spill,FileSystemStorage,65536,1,65781,143026,49728
1779837337.085907,spill,FileSystemStorage,65536,1,65781,143344,36210
1779837337.086216,spill,FileSystemStorage,65536,1,65781,136327,42478
1779837337.086367,spill,FileSystemStorage,65536,2,131562,196758,83578
1779837337.086579,spill,FileSystemStorage,65536,1,65781,122086,36851
1779837337.086745,spill,FileSystemStorage,65536,1,65781,119787,35237
1779837337.087153,spill,FileSystemStorage,65536,2,131562,229534,80873
1779837337.087212,spill,FileSystemStorage,65536,2,131562,188106,84076
1779837337.087553,spill,FileSystemStorage,65536,2,131562,179636,72655
1779837337.087586,spill,FileSystemStorage,65536,1,65781,124105,34559
1779837337.088010,spill,FileSystemStorage,65536,1,65781,129644,35263
1779837337.088034,spill,FileSystemStorage,65536,2,131562,189602,78264
1779837337.088444,spill,FileSystemStorage,65536,2,131562,167959,72856
1779837337.088623,spill,FileSystemStorage,65536,1,65781,141224,38412
1779837337.088908,spill,FileSystemStorage,65536,4,263124,261073,135075
1779837337.088993,spill,FileSystemStorage,65536,1,65781,127550,38165
1779837337.089368,spill,FileSystemStorage,65536,3,197343,243124,108776
1779837337.089376,spill,FileSystemStorage,65536,1,65781,139229,47075
1779837337.089736,spill,FileSystemStorage,65536,1,65781,122643,36165
1779837337.089915,spill,FileSystemStorage,65536,2,131562,214610,71555
1779837337.090094,spill,FileSystemStorage,65536,1,65781,118690,35873
1779837337.090512,spill,FileSystemStorage,65536,4,263124,300312,150920
1779837337.090563,spill,FileSystemStorage,65536,3,197343,212941,103277
1779837337.091146,spill,FileSystemStorage,65536,2,131562,208733,75075
1779837337.091149,spill,FileSystemStorage,65536,3,197343,276933,130588
1779837337.091515,spill,FileSystemStorage,65536,2,131562,161167,69674
1779837337.091648,spill,FileSystemStorage,65536,1,65781,135507,34422
1779837337.091837,spill,FileSystemStorage,65536,1,65781,123430,35486
1779837337.092005,spill,FileSystemStorage,65536,1,65781,118486,38579
1779837337.092293,spill,FileSystemStorage,65536,1,65781,121745,34557
1779837337.092418,spill,FileSystemStorage,65536,1,65781,140115,41999
1779837337.092731,spill,FileSystemStorage,65536,2,131562,192781,78292
1779837337.092903,spill,FileSystemStorage,65536,2,131562,189805,74296
1779837337.093158,spill,FileSystemStorage,65536,3,197343,211846,99290
1779837337.093317,spill,FileSystemStorage,65536,1,65781,133897,46174
1779837337.093524,spill,FileSystemStorage,65536,1,65781,119973,35242
1779837337.093790,spill,FileSystemStorage,65536,2,131562,185725,78408
1779837337.093861,spill,FileSystemStorage,65536,1,65781,141092,38458
1779837337.094192,spill,FileSystemStorage,65536,2,131562,189955,71638
1779837337.094288,spill,FileSystemStorage,65536,1,65781,121621,35896
1779837337.094644,spill,FileSystemStorage,65536,1,65781,154921,38728
1779837337.094739,spill,FileSystemStorage,65536,2,131562,185114,70699
1779837337.095086,spill,FileSystemStorage,65536,2,131562,217928,102067
1779837337.095172,spill,FileSystemStorage,65536,2,131562,174686,71485
1779837337.095545,spill,FileSystemStorage,65536,1,65781,159179,52868
1779837337.095559,spill,FileSystemStorage,65536,2,131562,178567,72184
1779837337.095944,spill,FileSystemStorage,65536,1,65781,109953,34454
1779837337.096147,spill,FileSystemStorage,65536,2,131562,192268,66631
1779837337.096298,spill,FileSystemStorage,65536,1,65781,115188,38328
1779837337.096723,spill,FileSystemStorage,65536,1,65781,290260,51870
1779837337.096773,spill,FileSystemStorage,65536,1,65781,214426,40889
1779837337.097691,spill,FileSystemStorage,65536,1,65781,157148,41184
1779837337.097866,spill,FileSystemStorage,65536,3,197343,296322,114378
1779837337.098634,spill,FileSystemStorage,65536,1,65781,155895,42814
1779837337.098698,spill,FileSystemStorage,65536,1,65781,125826,35059
1779837337.099226,spill,FileSystemStorage,65536,1,65781,157384,41315
1779837337.099299,spill,FileSystemStorage,65536,1,65781,148095,40946
1779837337.099721,spill,FileSystemStorage,65536,1,65781,114010,40547
1779837337.099746,spill,FileSystemStorage,65536,2,131562,225561,83521
1779837337.100159,spill,FileSystemStorage,65536,2,131562,178175,70279
1779837337.100411,spill,FileSystemStorage,65536,1,65781,183417,53731
1779837337.100656,spill,FileSystemStorage,65536,2,131562,203830,72140
1779837337.100808,spill,FileSystemStorage,65536,1,65781,137750,37822
1779837337.101096,spill,FileSystemStorage,65536,2,131562,193866,68130
1779837337.101277,spill,FileSystemStorage,65536,2,131562,190287,71545
1779837337.101381,spill,FileSystemStorage,65536,1,65781,104543,35298
1779837337.101783,spill,FileSystemStorage,65536,2,131562,213390,76299
1779837337.101891,spill,FileSystemStorage,65536,3,197343,224460,102693
1779837337.102154,spill,FileSystemStorage,65536,1,65781,134878,37443
1779837337.102269,spill,FileSystemStorage,65536,1,65781,110787,36066
1779837337.102576,spill,FileSystemStorage,65536,1,65781,147386,37095
1779837337.102625,spill,FileSystemStorage,65536,1,65781,119033,36721
1779837337.102954,spill,FileSystemStorage,65536,1,65781,118804,38734
1779837337.103008,spill,FileSystemStorage,65536,1,65781,133069,56313
1779837337.103394,spill,FileSystemStorage,65536,2,131562,196613,75161
1779837337.103495,spill,FileSystemStorage,65536,3,197343,221896,99433
1779837337.103775,spill,FileSystemStorage,65536,1,65781,116749,38388
1779837337.103827,spill,FileSystemStorage,65536,1,65781,119768,37522
1779837337.104285,spill,FileSystemStorage,65536,2,131562,187712,72507
1779837337.104409,spill,FileSystemStorage,65536,5,328905,340454,166766
1779837337.104596,spill,FileSystemStorage,65536,1,65781,106288,35989
1779837337.104865,spill,FileSystemStorage,65536,1,65781,128490,35534
1779837337.104964,spill,FileSystemStorage,65536,1,65781,124045,34379
1779837337.105205,spill,FileSystemStorage,65536,1,65781,124645,36690
1779837337.105293,spill,FileSystemStorage,65536,1,65781,119092,41624
1779837337.105609,spill,FileSystemStorage,65536,1,65781,137374,45601
1779837337.105718,spill,FileSystemStorage,65536,1,65781,153074,40863
1779837337.106012,spill,FileSystemStorage,65536,1,65781,138028,38426
1779837337.106175,spill,FileSystemStorage,65536,3,197343,214420,99081
1779837337.106457,spill,FileSystemStorage,65536,2,131562,218087,81361
1779837337.106592,spill,FileSystemStorage,65536,3,197343,221120,100462
1779837337.106890,spill,FileSystemStorage,65536,1,65781,153077,39300
1779837337.107142,spill,FileSystemStorage,65536,2,131562,213134,73288
1779837337.107415,spill,FileSystemStorage,65536,2,131562,206566,77178
1779837337.107715,spill,FileSystemStorage,65536,1,65781,129218,39834
1779837337.108187,spill,FileSystemStorage,65536,1,65781,110402,37134
1779837337.108182,spill,FileSystemStorage,65536,3,197343,378045,126014
1779837337.108586,spill,FileSystemStorage,65536,1,65781,155135,44879
1779837337.108753,spill,FileSystemStorage,65536,1,65781,133470,41249
1779837337.109065,spill,FileSystemStorage,65536,1,65781,129350,40752
1779837337.109112,spill,FileSystemStorage,65536,1,65781,117133,35692
1779837337.109437,spill,FileSystemStorage,65536,1,65781,137271,41749
1779837337.109864,spill,FileSystemStorage,65536,1,65781,135132,38493
1779837337.109928,spill,FileSystemStorage,65536,5,328905,344511,179443
1779837337.110282,spill,FileSystemStorage,65536,1,65781,133495,37869
1779837337.110282,spill,FileSystemStorage,65536,1,65781,134314,50736
1779837337.110727,spill,FileSystemStorage,65536,1,65781,121489,40211
1779837337.110992,spill,FileSystemStorage,65536,5,328905,385456,203854
1779837337.111056,spill,FileSystemStorage,65536,1,65781,136867,39106
1779837337.111467,spill,FileSystemStorage,65536,2,131562,194986,70869
1779837337.111581,spill,FileSystemStorage,65536,1,65781,154311,40206
1779837337.112062,spill,FileSystemStorage,65536,3,197343,246124,110049
1779837337.112132,spill,FileSystemStorage,65536,2,131562,182169,71628
1779837337.112463,spill,FileSystemStorage,65536,1,65781,141709,39019
1779837337.112581,spill,FileSystemStorage,65536,3,197343,212439,97603
1779837337.112999,spill,FileSystemStorage,65536,1,65781,209016,48126
1779837337.113128,spill,FileSystemStorage,65536,3,197343,236462,106585
1779837337.113439,spill,FileSystemStorage,65536,2,131562,183395,70294
1779837337.113477,spill,FileSystemStorage,65536,1,65781,138737,38336
1779837337.113780,spill,FileSystemStorage,65536,1,65781,101157,34936
1779837337.114116,spill,FileSystemStorage,65536,6,394686,382363,204309
1779837337.114364,spill,FileSystemStorage,65536,1,65781,258643,54410
1779837337.114464,spill,FileSystemStorage,65536,1,65781,120312,36640
1779837337.114827,spill,FileSystemStorage,65536,1,65781,125832,36993
1779837337.114872,spill,FileSystemStorage,65536,2,131562,252471,103245
1779837337.115344,spill,FileSystemStorage,65536,1,65781,122342,39213
1779837337.115739,spill,FileSystemStorage,65536,6,394686,404314,207555
1779837337.115877,spill,FileSystemStorage,65536,3,197343,214626,100952
1779837337.116281,spill,FileSystemStorage,65536,3,197343,258034,103690
1779837337.116344,spill,FileSystemStorage,65536,2,131562,159015,67858
1779837337.116665,spill,FileSystemStorage,65536,1,65781,140846,38672
1779837337.116796,spill,FileSystemStorage,65536,1,65781,107539,34650
1779837337.117026,spill,FileSystemStorage,65536,1,65781,134279,38136
1779837337.117220,spill,FileSystemStorage,65536,2,131562,180801,76404
1779837337.117414,spill,FileSystemStorage,65536,2,131562,170370,66037
1779837337.117610,spill,FileSystemStorage,65536,1,65781,125982,37480
1779837337.117885,spill,FileSystemStorage,65536,2,131562,204905,74951
1779837337.117986,spill,FileSystemStorage,65536,1,65781,107668,35971
1779837337.118349,spill,FileSystemStorage,65536,1,65781,106360,36383
1779837337.118503,spill,FileSystemStorage,65536,4,263124,311411,149722
1779837337.118836,spill,FileSystemStorage,65536,3,197343,217362,114990
1779837337.119101,spill,FileSystemStorage,65536,3,197343,301048,120989
1779837337.119364,spill,FileSystemStorage,65536,3,197343,215854,103024
1779837337.119961,spill,FileSystemStorage,65536,2,131562,187473,68814
1779837337.120540,spill,FileSystemStorage,65536,1,65781,157570,38303
1779837337.121418,spill,FileSystemStorage,65536,4,263124,274108,131020
1779837337.121639,spill,FileSystemStorage,65536,3,197343,236930,102153
1779837337.122001,spill,FileSystemStorage,65536,3,197343,255363,109713
1779837337.122161,spill,FileSystemStorage,65536,2,131562,199174,73928
1779837337.122603,spill,FileSystemStorage,65536,2,131562,184328,73994
1779837337.122687,spill,FileSystemStorage,65536,6,394686,432630,211444
1779837337.122994,spill,FileSystemStorage,65536,1,65781,158145,41938
1779837337.123175,spill,FileSystemStorage,65536,1,65781,156259,40942
1779837337.123472,spill,FileSystemStorage,65536,2,131562,190295,71843
1779837337.123861,spill,FileSystemStorage,65536,2,131562,172085,71263
1779837337.123934,spill,FileSystemStorage,65536,5,328905,345542,174143
1779837337.124399,spill,FileSystemStorage,65536,3,197343,214769,104073
1779837337.124471,spill,FileSystemStorage,65536,1,65781,140550,37248
1779837337.124767,spill,FileSystemStorage,65536,1,65781,108448,34548
1779837337.124871,spill,FileSystemStorage,65536,1,65781,133471,43881
1779837337.125316,spill,FileSystemStorage,65536,3,197343,263609,126395
1779837337.125331,spill,FileSystemStorage,65536,2,131562,214676,84144
1779837337.125777,spill,FileSystemStorage,65536,1,65781,145481,41544
1779837337.125847,spill,FileSystemStorage,65536,3,197343,267660,120173
1779837337.126162,spill,FileSystemStorage,65536,1,65781,165473,51817
1779837337.126336,spill,FileSystemStorage,65536,1,65781,160552,45305
1779837337.126642,spill,FileSystemStorage,65536,2,131562,198795,75753
1779837337.127090,spill,FileSystemStorage,65536,5,328905,429583,223408
1779837337.127169,spill,FileSystemStorage,65536,2,131562,252577,83008
1779837337.127637,spill,FileSystemStorage,65536,1,65781,167060,49007
1779837337.127712,spill,FileSystemStorage,65536,4,263124,317637,159876
1779837337.128055,spill,FileSystemStorage,65536,2,131562,191481,76691
1779837337.128194,spill,FileSystemStorage,65536,1,65781,147684,40336
1779837337.128425,spill,FileSystemStorage,65536,1,65781,144008,47626
1779837337.128587,spill,FileSystemStorage,65536,1,65781,137888,41917
1779837337.128969,spill,FileSystemStorage,65536,1,65781,153410,48966
1779837337.128964,spill,FileSystemStorage,65536,1,65781,234045,49020
1779837337.129390,spill,FileSystemStorage,65536,2,131562,196135,73809
1779837337.129485,spill,FileSystemStorage,65536,2,131562,219367,72310
1779837337.129933,spill,FileSystemStorage,65536,3,197343,245831,120698
1779837337.129956,spill,FileSystemStorage,65536,2,131562,167632,68770
1779837337.130281,spill,FileSystemStorage,65536,1,65781,123151,38277
1779837337.130459,spill,FileSystemStorage,65536,2,131562,210522,86894
1779837337.130867,spill,FileSystemStorage,65536,1,65781,159673,52472
1779837337.130882,spill,FileSystemStorage,65536,2,131562,319597,83756
1779837337.131473,spill,FileSystemStorage,65536,1,65781,160650,53948
1779837337.131487,spill,FileSystemStorage,65536,1,65781,175865,40151
1779837337.131967,spill,FileSystemStorage,65536,2,131562,247570,96421
1779837337.132018,spill,FileSystemStorage,65536,2,131562,217525,93887
1779837337.132473,spill,FileSystemStorage,65536,1,65781,139795,39247
1779837337.132578,spill,FileSystemStorage,65536,1,65781,143291,40095
1779837337.132898,spill,FileSystemStorage,65536,1,65781,128293,41019
1779837337.133052,spill,FileSystemStorage,65536,1,65781,119888,37043
1779837337.133416,spill,FileSystemStorage,65536,1,65781,181872,48888
1779837337.133462,spill,FileSystemStorage,65536,1,65781,120172,38354
1779837337.133829,spill,FileSystemStorage,65536,1,65781,128393,40070
1779837337.133833,spill,FileSystemStorage,65536,1,65781,157607,48713
1779837337.134147,spill,FileSystemStorage,65536,1,65781,114320,38318
1779837337.134286,spill,FileSystemStorage,65536,2,131562,191521,81468
1779837337.134575,spill,FileSystemStorage,65536,1,65781,132970,40288
1779837337.134706,spill,FileSystemStorage,65536,1,65781,123932,36393
1779837337.135046,spill,FileSystemStorage,65536,3,197343,282294,130420
1779837337.135204,spill,FileSystemStorage,65536,2,131562,240890,74288
1779837337.135735,spill,FileSystemStorage,65536,4,263124,270307,134572
1779837337.135741,spill,FileSystemStorage,65536,1,65781,179077,50600
1779837337.136266,spill,FileSystemStorage,65536,1,65781,135633,38550
1779837337.136291,spill,FileSystemStorage,65536,1,65781,130679,38652
1779837337.136704,spill,FileSystemStorage,65536,1,65781,134925,38191
1779837337.136765,spill,FileSystemStorage,65536,3,197343,269615,120995
1779837337.137203,spill,FileSystemStorage,65536,3,197343,225870,104209
1779837337.137263,spill,FileSystemStorage,65536,1,65781,132655,36688
1779837337.137569,spill,FileSystemStorage,65536,1,65781,120820,37288
1779837337.137702,spill,FileSystemStorage,65536,1,65781,175460,39866
1779837337.138051,spill,FileSystemStorage,65536,3,197343,234645,111553
1779837337.138100,spill,FileSystemStorage,65536,1,65781,126252,36237
1779837337.138443,spill,FileSystemStorage,65536,1,65781,119165,36232
1779837337.138568,spill,FileSystemStorage,65536,1,65781,173320,42528
1779837337.138899,spill,FileSystemStorage,65536,2,131562,191649,86306
1779837337.139035,spill,FileSystemStorage,65536,1,65781,160130,59672
1779837337.139276,spill,FileSystemStorage,65536,1,65781,124274,35099
1779837337.139507,spill,FileSystemStorage,65536,2,131562,178422,65893
1779837337.139633,spill,FileSystemStorage,65536,1,65781,122087,36135
1779837337.139837,spill,FileSystemStorage,65536,1,65781,131195,47740
1779837337.140197,spill,FileSystemStorage,65536,2,131562,234131,82476
1779837337.140206,spill,FileSystemStorage,65536,1,65781,150635,45400
1779837337.140627,spill,FileSystemStorage,65536,1,65781,134213,45790
1779837337.140645,spill,FileSystemStorage,65536,2,131562,186458,78990
1779837337.140987,spill,FileSystemStorage,65536,1,65781,132857,46000
1779837337.141086,spill,FileSystemStorage,65536,1,65781,141724,37888
1779837337.141423,spill,FileSystemStorage,65536,2,131562,203824,92682
1779837337.141567,spill,FileSystemStorage,65536,2,131562,186592,73880
1779837337.141827,spill,FileSystemStorage,65536,1,65781,143528,41326
1779837337.141970,spill,FileSystemStorage,65536,1,65781,128685,40055
1779837337.142168,spill,FileSystemStorage,65536,1,65781,135474,39264
1779837337.142359,spill,FileSystemStorage,65536,1,65781,133342,44574
1779837337.142677,spill,FileSystemStorage,65536,2,131562,220186,92394
1779837337.142824,spill,FileSystemStorage,65536,2,131562,220062,74152
1779837337.143391,spill,FileSystemStorage,65536,5,328905,444605,218015
1779837337.143474,spill,FileSystemStorage,65536,1,65781,152060,39505
1779837337.144060,spill,FileSystemStorage,65536,2,131562,248072,94494
1779837337.144215,spill,FileSystemStorage,65536,2,131562,176015,64472
1779837337.144616,spill,FileSystemStorage,65536,2,131562,177446,67327
1779837337.144807,spill,FileSystemStorage,65536,2,131562,211865,88777
1779837337.144946,spill,FileSystemStorage,65536,1,65781,121221,34963
1779837337.145319,spill,FileSystemStorage,65536,2,131562,244935,92498
1779837337.145339,spill,FileSystemStorage,65536,1,65781,126984,36341
1779837337.145769,spill,FileSystemStorage,65536,3,197343,234549,101147
1779837337.145813,spill,FileSystemStorage,65536,2,131562,209424,89277
1779837337.146260,spill,FileSystemStorage,65536,2,131562,187797,81570
1779837337.146464,spill,FileSystemStorage,65536,3,197343,317544,134795
1779837337.146621,spill,FileSystemStorage,65536,1,65781,123592,35781
1779837337.146881,spill,FileSystemStorage,65536,1,65781,165592,47596
1779837337.147049,spill,FileSystemStorage,65536,1,65781,186756,37925
1779837337.147385,spill,FileSystemStorage,65536,1,65781,188183,49579
1779837337.147461,spill,FileSystemStorage,65536,1,65781,158335,34062
1779837337.147835,spill,FileSystemStorage,65536,1,65781,158342,47333
1779837337.148064,spill,FileSystemStorage,65536,4,263124,308447,139681
1779837337.148401,spill,FileSystemStorage,65536,3,197343,298623,134509
1779837337.148432,spill,FileSystemStorage,65536,1,65781,148571,34405
1779837337.148985,spill,FileSystemStorage,65536,4,263124,348876,183473
1779837337.149480,spill,FileSystemStorage,65536,1,65781,685602,32836
1779837337.150524,spill,FileSystemStorage,65536,2,131562,237504,83163
1779837337.151562,spill,FileSystemStorage,65536,2,131562,246533,73227
1779837337.152075,spill,FileSystemStorage,65536,1,65781,205070,50526
1779837337.152930,spill,FileSystemStorage,65536,2,131562,253765,80011
1779837337.152986,spill,FileSystemStorage,65536,1,65781,179077,36256
1779837337.153482,spill,FileSystemStorage,65536,1,65781,148814,38545
1779837337.153802,spill,FileSystemStorage,65536,2,131562,220003,83528
1779837337.153949,spill,FileSystemStorage,65536,1,65781,156150,32883
1779837337.154353,spill,FileSystemStorage,65536,2,131562,226496,80571
1779837337.154478,spill,FileSystemStorage,65536,3,197343,242167,94006
1779837337.154971,spill,FileSystemStorage,65536,1,65781,191458,37417
1779837337.155029,spill,FileSystemStorage,65536,2,131562,312778,86518
1779837337.155701,spill,FileSystemStorage,65536,1,65781,180583,48432
1779837337.155877,spill,FileSystemStorage,65536,4,263124,373990,166695
1779837337.156292,spill,FileSystemStorage,65536,1,65781,145697,37794
1779837337.156786,spill,FileSystemStorage,65536,2,131562,232226,89160
1779837337.156982,spill,FileSystemStorage,65536,6,394686,394230,189889
1779837337.157419,spill,FileSystemStorage,65536,1,65781,189909,44341
1779837337.157524,spill,FileSystemStorage,65536,1,65781,174200,36226
1779837337.157885,spill,FileSystemStorage,65536,1,65781,152906,45634
1779837337.158234,spill,FileSystemStorage,65536,4,263124,288315,120452
1779837337.158556,spill,FileSystemStorage,65536,4,263124,340303,155260
1779837337.158718,spill,FileSystemStorage,65536,1,65781,175591,38135
1779837337.159046,spill,FileSystemStorage,65536,1,65781,184979,66950
1779837337.159234,spill,FileSystemStorage,65536,2,131562,204925,61686
1779837337.159971,spill,FileSystemStorage,65536,1,65781,228953,44156
1779837337.159986,spill,FileSystemStorage,65536,1,65781,138345,34828
1779837337.160561,spill,FileSystemStorage,65536,4,263124,293717,133301
1779837337.160814,spill,FileSystemStorage,65536,1,65781,167954,38987
1779837337.161074,spill,FileSystemStorage,65536,3,197343,215533,86536
1779837337.161445,spill,FileSystemStorage,65536,1,65781,140948,34685
1779837337.161769,spill,FileSystemStorage,65536,2,131562,191463,66103
1779837337.161870,spill,FileSystemStorage,65536,1,65781,143717,31895
1779837337.162233,spill,FileSystemStorage,65536,1,65781,148296,32103
1779837337.162466,spill,FileSystemStorage,65536,1,65781,132734,35304
1779837337.162829,spill,FileSystemStorage,65536,4,263124,252804,113397
1779837337.163124,spill,FileSystemStorage,65536,2,131562,256356,68136
1779837337.163728,spill,FileSystemStorage,65536,5,328905,332530,146977
1779837337.163751,spill,FileSystemStorage,65536,1,65781,245498,64733
1779837337.164578,spill,FileSystemStorage,65536,2,131562,192555,59886
1779837337.164731,spill,FileSystemStorage,65536,3,197343,314379,121929
1779837337.165077,spill,FileSystemStorage,65536,2,131562,199365,79305
1779837337.165396,spill,FileSystemStorage,65536,1,65781,179759,45272
1779837337.165905,spill,FileSystemStorage,65536,3,197343,247081,97104
1779837337.166332,spill,FileSystemStorage,65536,2,131562,220808,87760
1779837337.166351,spill,FileSystemStorage,65536,1,65781,172990,47074
1779837337.166751,spill,FileSystemStorage,65536,2,131562,187610,62550
1779837337.166874,spill,FileSystemStorage,65536,1,65781,183840,60217
1779837337.167145,spill,FileSystemStorage,65536,1,65781,129413,33856
1779837337.167380,spill,FileSystemStorage,65536,1,65781,164294,44807
1779837337.167540,spill,FileSystemStorage,65536,2,131562,170350,56849
1779837337.167965,spill,FileSystemStorage,65536,1,65781,140732,36639
1779837337.168125,spill,FileSystemStorage,65536,5,328905,419849,202313
1779837337.168583,spill,FileSystemStorage,65536,2,131562,168572,58521
1779837337.168848,spill,FileSystemStorage,65536,1,65781,175624,42526
1779837337.169216,spill,FileSystemStorage,65536,1,65781,131815,34993
1779837337.169542,spill,FileSystemStorage,65536,2,131562,218814,79744
1779837337.169933,spill,FileSystemStorage,65536,4,263124,249777,113391
1779837337.170023,spill,FileSystemStorage,65536,1,65781,149878,45340
1779837337.169987,spill,FileSystemStorage,65536,1826,120116106,117709910,61530230
1779837337.170301,spill,FileSystemStorage,65536,1,65781,161063,39275
1779837337.170676,spill,FileSystemStorage,65536,1,65781,125537,31929
1779837337.170906,spill,FileSystemStorage,65536,2,131562,239768,93153
1779837337.171221,spill,FileSystemStorage,65536,2,131562,172507,60096
1779837337.171814,spill,FileSystemStorage,65536,1,65781,172567,49899
1779837337.172339,spill,FileSystemStorage,65536,5,328905,317152,156488
1779837337.172822,spill,FileSystemStorage,65536,1,65781,151830,47827
1779837337.172865,spill,FileSystemStorage,65536,4,263124,337321,161355
1779837337.173963,spill,FileSystemStorage,65536,1,65781,227093,42029
1779837337.177780,spill,FileSystemStorage,65536,2000,131562000,126724883,66257140
1779837337.190688,spill,FileSystemStorage,65536,1,65781,2848024,51865
1779837337.190723,spill,FileSystemStorage,65536,4,263124,2437893,152722
1779837337.191705,spill,FileSystemStorage,65536,3,197343,315029,97442
1779837337.193539,spill,FileSystemStorage,65536,2,131562,277247,68661
1779837337.210608,spill,FileSystemStorage,65536,1,65781,185952,39840
1779837337.212581,spill,FileSystemStorage,65536,1,65781,367962,41185
1779837337.215102,spill,FileSystemStorage,65536,1,65781,264923,44761
1779837337.216031,spill,FileSystemStorage,65536,5,328905,418834,150413
1779837337.217906,spill,FileSystemStorage,65536,2,131562,248151,75407
1779837337.218661,spill,FileSystemStorage,65536,3,197343,323784,106776
1779837337.220064,spill,FileSystemStorage,65536,1,65781,250093,46699
1779837337.221330,spill,FileSystemStorage,65536,2,131562,277681,68618
1779837337.222677,spill,FileSystemStorage,65536,1,65781,190052,51575
1779837337.222876,spill,FileSystemStorage,65536,1,65781,226740,57293
1779837337.224033,spill,FileSystemStorage,65536,3,197343,284205,94509
1779837337.225235,spill,FileSystemStorage,65536,1,65781,222387,42212
1779837337.226428,spill,FileSystemStorage,65536,3,197343,288008,112795
1779837337.226604,spill,FileSystemStorage,65536,2,131562,250056,70048
1779837337.227094,spill,FileSystemStorage,65536,1,65781,195023,39293
1779837337.228386,spill,FileSystemStorage,65536,1,65781,220476,46014
1779837337.229338,spill,FileSystemStorage,65536,1,65781,165914,42445
1779837337.229851,spill,FileSystemStorage,65536,5,328905,422666,178345
1779837337.230142,spill,FileSystemStorage,65536,1,65781,155094,35467
1779837337.231732,spill,FileSystemStorage,65536,1,65781,205635,40147
1779837337.232607,spill,FileSystemStorage,65536,1,65781,187195,45737
1779837337.233171,spill,FileSystemStorage,65536,2,131562,242396,73946
1779837337.233294,spill,FileSystemStorage,65536,4,263124,291261,122385
1779837337.235277,spill,FileSystemStorage,65536,1,65781,198017,41183
1779837337.236249,spill,FileSystemStorage,65536,1,65781,174705,41755
1779837337.236858,spill,FileSystemStorage,65536,2,131562,237219,69238
1779837337.236908,spill,FileSystemStorage,65536,1,65781,219367,47771
1779837337.238609,spill,FileSystemStorage,65536,3,197343,299409,97594
1779837337.238955,spill,FileSystemStorage,65536,3,197343,295653,139281
1779837337.239411,spill,FileSystemStorage,65536,1,65781,218122,49528
1779837337.239648,spill,FileSystemStorage,65536,2,131562,262685,77608
1779837337.240129,spill,FileSystemStorage,65536,1,65781,146459,35335
1779837337.240308,spill,FileSystemStorage,65536,3,197343,326706,108794
1779837337.240339,spill,FileSystemStorage,65536,1,65781,175339,36801
1779837337.240525,spill,FileSystemStorage,65536,3,197343,267237,100535
1779837337.240662,spill,FileSystemStorage,65536,1,65781,137871,42939
1779837337.240963,spill,FileSystemStorage,65536,1,65781,143391,37442
1779837337.241018,spill,FileSystemStorage,65536,3,197343,259905,101882
1779837337.241322,spill,FileSystemStorage,65536,1,65781,163885,46171
1779837337.241384,spill,FileSystemStorage,65536,2,131562,188785,67566
1779837337.241482,spill,FileSystemStorage,65536,1,65781,136854,34247
1779837337.241576,spill,FileSystemStorage,65536,2,131562,179525,64209
1779837337.242035,spill,FileSystemStorage,65536,1,65781,130440,34513
1779837337.242163,spill,FileSystemStorage,65536,1,65781,144099,35990
1779837337.242512,spill,FileSystemStorage,65536,6,394686,360430,174623
1779837337.242597,spill,FileSystemStorage,65536,4,263124,291946,124582
1779837337.242873,spill,FileSystemStorage,65536,3,197343,290040,105960
1779837337.242904,spill,FileSystemStorage,65536,1,65781,159702,38838
1779837337.243132,spill,FileSystemStorage,65536,2,131562,206769,62931
1779837337.243163,spill,FileSystemStorage,65536,1,65781,135130,34789
1779837337.243544,spill,FileSystemStorage,65536,1,65781,159595,48359
1779837337.243635,spill,FileSystemStorage,65536,5,328905,365570,160802
1779837337.243938,spill,FileSystemStorage,65536,2,131562,184720,65122
1779837337.244072,spill,FileSystemStorage,65536,1,65781,133747,34135
1779837337.244791,spill,FileSystemStorage,65536,2,131562,206286,65791
1779837337.245058,spill,FileSystemStorage,65536,1,65781,161901,46944
1779837337.245114,spill,FileSystemStorage,65536,3,197343,337764,130426
1779837337.245329,spill,FileSystemStorage,65536,2,131562,174994,57714
1779837337.245599,spill,FileSystemStorage,65536,1,65781,137555,34017
1779837337.245743,spill,FileSystemStorage,65536,2,131562,213674,73104
1779837337.245770,spill,FileSystemStorage,65536,1,65781,171505,40483
1779837337.246085,spill,FileSystemStorage,65536,1,65781,130882,31550
1779837337.246354,spill,FileSystemStorage,65536,1,65781,134722,33919
1779837337.246433,spill,FileSystemStorage,65536,1,65781,180807,54445
1779837337.246569,spill,FileSystemStorage,65536,1,65781,149376,36703
1779837337.246919,spill,FileSystemStorage,65536,1,65781,149727,36503
1779837337.247068,spill,FileSystemStorage,65536,2,131562,221984,91560
1779837337.247236,spill,FileSystemStorage,65536,1,65781,169571,39644
1779837337.247255,spill,FileSystemStorage,65536,2,131562,304744,92401
1779837337.247641,spill,FileSystemStorage,65536,1,65781,152222,32461
1779837337.247667,spill,FileSystemStorage,65536,1,65781,147739,32978
1779837337.247972,spill,FileSystemStorage,65536,3,197343,214616,84509
1779837337.248209,spill,FileSystemStorage,65536,1,65781,170730,39390
1779837337.248581,spill,FileSystemStorage,65536,2,131562,176395,61948
1779837337.248672,spill,FileSystemStorage,65536,1,65781,159177,37623
1779837337.248697,spill,FileSystemStorage,65536,1,65781,137370,36120
1779837337.248780,spill,FileSystemStorage,65536,1,65781,142978,40829
1779837337.249018,spill,FileSystemStorage,65536,2,131562,175183,63667
1779837337.249235,spill,FileSystemStorage,65536,2,131562,205553,80496
1779837337.249237,spill,FileSystemStorage,65536,1,65781,234493,47740
1779837337.249330,spill,FileSystemStorage,65536,1,65781,136990,34498
1779837337.249716,spill,FileSystemStorage,65536,2,131562,268266,67819
1779837337.249942,spill,FileSystemStorage,65536,1,65781,124385,40762
1779837337.249989,spill,FileSystemStorage,65536,1,65781,118306,32905
1779837337.250172,spill,FileSystemStorage,65536,1,65781,180204,35928
1779837337.250242,spill,FileSystemStorage,65536,2,131562,212306,65379
1779837337.250482,spill,FileSystemStorage,65536,4,263124,236540,113474
1779837337.250616,spill,FileSystemStorage,65536,1,65781,172406,47802
1779837337.250617,spill,FileSystemStorage,65536,2,131562,219832,81628
1779837337.250841,spill,FileSystemStorage,65536,2,131562,190760,73991
1779837337.250913,spill,FileSystemStorage,65536,1,65781,139902,32372
1779837337.251129,spill,FileSystemStorage,65536,1,65781,194472,37452
1779837337.251207,spill,FileSystemStorage,65536,2,131562,198160,71948
1779837337.251297,spill,FileSystemStorage,65536,1,65781,143636,33503
1779837337.251412,spill,FileSystemStorage,65536,2,131562,183181,64274
1779837337.251736,spill,FileSystemStorage,65536,1,65781,143666,36131
1779837337.251816,spill,FileSystemStorage,65536,2,131562,188847,67261
1779837337.251840,spill,FileSystemStorage,65536,2,131562,194149,65119
1779837337.252188,spill,FileSystemStorage,65536,1,65781,128510,31436
1779837337.252331,spill,FileSystemStorage,65536,2,131562,179503,63860
1779837337.252689,spill,FileSystemStorage,65536,1,65781,128897,39678
1779837337.252698,spill,FileSystemStorage,65536,3,197343,255150,103435
1779837337.252746,spill,FileSystemStorage,65536,1,65781,143653,51383
1779837337.252748,spill,FileSystemStorage,65536,4,263124,319153,147559
1779837337.253023,spill,FileSystemStorage,65536,1,65781,117030,32654
1779837337.253363,spill,FileSystemStorage,65536,1,65781,170632,34623
1779837337.253481,spill,FileSystemStorage,65536,1,65781,158492,33010
1779837337.253671,spill,FileSystemStorage,65536,1,65781,154073,33798
1779837337.253922,spill,FileSystemStorage,65536,2,131562,172217,59533
1779837337.254059,spill,FileSystemStorage,65536,1,65781,142709,35590
1779837337.254108,spill,FileSystemStorage,65536,1,65781,119721,34676
1779837337.254333,spill,FileSystemStorage,65536,1,65781,128529,35029
1779837337.254359,spill,FileSystemStorage,65536,1,65781,115512,33174
1779837337.254510,spill,FileSystemStorage,65536,1,65781,135574,40329
1779837337.254718,spill,FileSystemStorage,65536,1,65781,122377,34528
1779837337.254705,spill,FileSystemStorage,65536,1,65781,235321,47933
1779837337.254862,spill,FileSystemStorage,65536,1,65781,175969,56358
1779837337.254901,spill,FileSystemStorage,65536,1,65781,149496,37382
1779837337.255237,spill,FileSystemStorage,65536,2,131562,171647,62411
1779837337.255251,spill,FileSystemStorage,65536,1,65781,182673,42409
1779837337.255431,spill,FileSystemStorage,65536,2,131562,187330,58270
1779837337.255613,spill,FileSystemStorage,65536,1,65781,121878,34836
1779837337.255656,spill,FileSystemStorage,65536,1,65781,238314,47042
1779837337.255897,spill,FileSystemStorage,65536,2,131562,241251,89024
1779837337.255904,spill,FileSystemStorage,65536,1,65781,233570,53983
1779837337.256210,spill,FileSystemStorage,65536,3,197343,252855,91404
1779837337.256351,spill,FileSystemStorage,65536,1,65781,182741,46129
1779837337.256409,spill,FileSystemStorage,65536,3,197343,240463,112044
1779837337.256476,spill,FileSystemStorage,65536,2,131562,245553,80057
1779837337.256682,spill,FileSystemStorage,65536,1,65781,149745,41164
1779837337.256747,spill,FileSystemStorage,65536,1,65781,130949,31126
1779837337.256881,spill,FileSystemStorage,65536,1,65781,147559,39653
1779837337.257040,spill,FileSystemStorage,65536,2,131562,197875,63158
1779837337.257138,spill,FileSystemStorage,65536,1,65781,126578,36070
1779837337.257203,spill,FileSystemStorage,65536,2,131562,164427,62605
1779837337.257443,spill,FileSystemStorage,65536,1,65781,125569,36415
1779837337.257568,spill,FileSystemStorage,65536,1,65781,141449,39506
1779837337.257576,spill,FileSystemStorage,65536,1,65781,131082,36084
1779837337.257636,spill,FileSystemStorage,65536,1,65781,170668,34292
1779837337.257782,spill,FileSystemStorage,65536,1,65781,117451,31851
1779837337.258009,spill,FileSystemStorage,65536,1,65781,101537,32854
1779837337.258049,spill,FileSystemStorage,65536,1,65781,122240,40002
1779837337.258110,spill,FileSystemStorage,65536,1,65781,115364,32831
1779837337.258384,spill,FileSystemStorage,65536,1,65781,135063,33134
1779837337.258462,spill,FileSystemStorage,65536,1,65781,157260,39578
1779837337.258663,spill,FileSystemStorage,65536,1,65781,135306,35655
1779837337.258670,spill,FileSystemStorage,65536,1,65781,186900,48023
1779837337.258933,spill,FileSystemStorage,65536,2,131562,196519,63199
1779837337.258937,spill,FileSystemStorage,65536,1,65781,140085,36174
1779837337.259145,spill,FileSystemStorage,65536,1,65781,146537,40606
1779837337.259268,spill,FileSystemStorage,65536,1,65781,173335,34499
1779837337.259499,spill,FileSystemStorage,65536,1,65781,198769,59604
1779837337.259530,spill,FileSystemStorage,65536,1,65781,240852,44795
1779837337.259681,spill,FileSystemStorage,65536,2,131562,145343,59168
1779837337.259724,spill,FileSystemStorage,65536,1,65781,141606,33977
1779837337.259975,spill,FileSystemStorage,65536,1,65781,126483,33299
1779837337.260257,spill,FileSystemStorage,65536,1,65781,113993,35946
1779837337.260298,spill,FileSystemStorage,65536,2,131562,190440,66525
1779837337.260396,spill,FileSystemStorage,65536,1,65781,184154,49955
1779837337.260495,spill,FileSystemStorage,65536,1,65781,162197,37564
1779837337.260634,spill,FileSystemStorage,65536,1,65781,137269,42317
1779837337.260654,spill,FileSystemStorage,65536,1,65781,123687,33029
1779837337.260898,spill,FileSystemStorage,65536,1,65781,137545,38623
1779837337.261117,spill,FileSystemStorage,65536,1,65781,193254,45989
1779837337.261138,spill,FileSystemStorage,65536,1,65781,115273,32408
1779837337.261325,spill,FileSystemStorage,65536,1,65781,142313,38153
1779837337.261338,spill,FileSystemStorage,65536,1,65781,198754,45279
1779837337.261492,spill,FileSystemStorage,65536,1,65781,139934,35752
1779837337.261572,spill,FileSystemStorage,65536,1,65781,166194,37584
1779837337.261725,spill,FileSystemStorage,65536,1,65781,136605,41671
1779837337.261920,spill,FileSystemStorage,65536,1,65781,177040,32373
1779837337.261988,spill,FileSystemStorage,65536,1,65781,138052,37243
1779837337.261995,spill,FileSystemStorage,65536,1,65781,301622,56849
1779837337.262060,spill,FileSystemStorage,65536,1,65781,116180,32375
1779837337.262270,spill,FileSystemStorage,65536,1,65781,117472,34414
1779837337.262360,spill,FileSystemStorage,65536,1,65781,137044,34472
1779837337.262470,spill,FileSystemStorage,65536,1,65781,113736,38826
1779837337.262640,spill,FileSystemStorage,65536,1,65781,211472,56650
1779837337.262710,spill,FileSystemStorage,65536,2,131562,175201,59605
1779837337.262831,spill,FileSystemStorage,65536,1,65781,246115,53510
1779837337.262848,spill,FileSystemStorage,65536,1,65781,161046,51966
1779837337.263133,spill,FileSystemStorage,65536,1,65781,133998,35399
1779837337.263186,spill,FileSystemStorage,65536,1,65781,189706,44520
1779837337.263436,spill,FileSystemStorage,65536,2,131562,218599,69350
1779837337.263421,spill,FileSystemStorage,65536,2,131562,279500,87970
1779837337.263512,spill,FileSystemStorage,65536,1,65781,119997,31631
1779837337.263698,spill,FileSystemStorage,65536,2,131562,179205,59970
1779837337.263932,spill,FileSystemStorage,65536,1,65781,135592,34438
1779837337.264102,spill,FileSystemStorage,65536,2,131562,218721,70637
1779837337.264121,spill,FileSystemStorage,65536,2,131562,184646,66055
1779837337.264207,spill,FileSystemStorage,65536,2,131562,194960,65233
1779837337.264453,spill,FileSystemStorage,65536,2,131562,175929,63591
1779837337.264599,spill,FileSystemStorage,65536,2,131562,212100,67635
1779837337.264689,spill,FileSystemStorage,65536,1,65781,148006,36180
1779837337.264752,spill,FileSystemStorage,65536,1,65781,124872,40127
1779837337.264826,spill,FileSystemStorage,65536,1,65781,113258,33398
1779837337.264997,spill,FileSystemStorage,65536,1,65781,140420,36337
1779837337.265236,spill,FileSystemStorage,65536,1,65781,108595,31445
1779837337.265374,spill,FileSystemStorage,65536,1,65781,124624,33986
1779837337.265547,spill,FileSystemStorage,65536,2,131562,177591,70819
1779837337.265604,spill,FileSystemStorage,65536,2,131562,227573,80189
1779837337.265699,spill,FileSystemStorage,65536,1,65781,104437,31091
1779837337.265846,spill,FileSystemStorage,65536,2,131562,167048,60155
1779837337.265896,spill,FileSystemStorage,65536,1,65781,110256,30043
1779837337.266136,spill,FileSystemStorage,65536,1,65781,196906,46808
1779837337.266258,spill,FileSystemStorage,65536,3,197343,224008,100198
1779837337.266288,spill,FileSystemStorage,65536,1,65781,114482,34244
1779837337.266381,spill,FileSystemStorage,65536,3,197343,251933,94034
1779837337.266588,spill,FileSystemStorage,65536,1,65781,152768,33281
1779837337.266644,spill,FileSystemStorage,65536,1,65781,127259,36934
1779837337.266682,spill,FileSystemStorage,65536,1,65781,123865,37365
1779837337.266886,spill,FileSystemStorage,65536,1,65781,159281,32716
1779837337.267089,spill,FileSystemStorage,65536,1,65781,172044,36532
1779837337.267106,spill,FileSystemStorage,65536,1,65781,158511,35785
1779837337.267153,spill,FileSystemStorage,65536,1,65781,140008,43686
1779837337.267568,spill,FileSystemStorage,65536,1,65781,171515,55374
1779837337.267586,spill,FileSystemStorage,65536,1,65781,180305,48281
1779837337.267613,spill,FileSystemStorage,65536,2,131562,178855,67330
1779837337.267761,spill,FileSystemStorage,65536,3,197343,275028,109270
1779837337.267977,spill,FileSystemStorage,65536,1,65781,138515,43744
1779837337.268082,spill,FileSystemStorage,65536,1,65781,139477,33399
1779837337.268138,spill,FileSystemStorage,65536,1,65781,112193,30426
1779837337.268259,spill,FileSystemStorage,65536,1,65781,113833,31421
1779837337.268414,spill,FileSystemStorage,65536,1,65781,117734,31883
1779837337.268720,spill,FileSystemStorage,65536,1,65781,143367,42459
1779837337.268779,spill,FileSystemStorage,65536,2,131562,187756,73319
1779837337.268805,spill,FileSystemStorage,65536,3,197343,257938,107375
1779837337.268910,spill,FileSystemStorage,65536,1,65781,154403,34245
1779837337.269088,spill,FileSystemStorage,65536,1,65781,107194,31815
1779837337.269337,spill,FileSystemStorage,65536,1,65781,166132,45767
1779837337.269439,spill,FileSystemStorage,65536,2,131562,213211,78597
1779837337.269452,spill,FileSystemStorage,65536,2,131562,197456,65301
1779837337.269670,spill,FileSystemStorage,65536,1,65781,123275,33475
1779837337.269933,spill,FileSystemStorage,65536,1,65781,169176,52219
1779837337.269953,spill,FileSystemStorage,65536,1,65781,123249,39039
1779837337.270013,spill,FileSystemStorage,65536,2,131562,228302,83307
1779837337.270359,spill,FileSystemStorage,65536,2,131562,184917,76577
1779837337.270404,spill,FileSystemStorage,65536,2,131562,163559,69009
1779837337.270404,spill,FileSystemStorage,65536,1,65781,132445,42463
1779837337.270541,spill,FileSystemStorage,65536,1,65781,139118,33172
1779837337.270943,spill,FileSystemStorage,65536,1,65781,229819,39702
1779837337.270947,spill,FileSystemStorage,65536,1,65781,198353,49522
1779837337.271021,spill,FileSystemStorage,65536,1,65781,181278,67344
1779837337.271085,spill,FileSystemStorage,65536,2,131562,232095,89108
1779837337.271812,spill,FileSystemStorage,65536,1,65781,357805,48251
1779837337.271869,spill,FileSystemStorage,65536,2,131562,423617,84494
1779837337.272168,spill,FileSystemStorage,65536,1,65781,224666,35001
1779837337.272675,spill,FileSystemStorage,65536,1,65781,480542,34763
1779837337.272967,spill,FileSystemStorage,65536,1,65781,264362,32063
1779837337.273370,spill,FileSystemStorage,65536,1,65781,261648,37942
1779837337.273403,spill,FileSystemStorage,65536,1,65781,349334,54534
1779837337.273419,spill,FileSystemStorage,65536,1,65781,195173,43184
1779837337.273455,spill,FileSystemStorage,65536,1,65781,130440,39284
1779837337.273843,spill,FileSystemStorage,65536,1,65781,109561,32336
1779837337.273899,spill,FileSystemStorage,65536,1,65781,125366,30103
1779837337.273972,spill,FileSystemStorage,65536,1,65781,155996,43290
1779837337.274112,spill,FileSystemStorage,65536,2,131562,190688,67387
1779837337.274407,spill,FileSystemStorage,65536,1,65781,134773,35377
1779837337.274414,spill,FileSystemStorage,65536,1,65781,107482,33710
1779837337.274907,spill,FileSystemStorage,65536,2,131562,217099,89017
1779837337.274914,spill,FileSystemStorage,65536,1,65781,164637,42814
1779837337.275055,spill,FileSystemStorage,65536,1,65781,174696,45375
1779837337.275061,spill,FileSystemStorage,65536,1,65781,197199,40900
1779837337.275722,spill,FileSystemStorage,65536,2,131562,198149,64975
1779837337.275753,spill,FileSystemStorage,65536,1,65781,151873,34359
1779837337.275854,spill,FileSystemStorage,65536,1,65781,221484,48566
1779837337.275920,spill,FileSystemStorage,65536,1,65781,127677,32857
1779837337.276112,spill,FileSystemStorage,65536,1,65781,145467,44872
1779837337.276250,spill,FileSystemStorage,65536,2,131562,165555,59186
1779837337.276281,spill,FileSystemStorage,65536,1,65781,162041,39155
1779837337.276518,spill,FileSystemStorage,65536,1,65781,117735,32510
1779837337.276594,spill,FileSystemStorage,65536,2,131562,155268,63103
1779837337.276668,spill,FileSystemStorage,65536,1,65781,141180,32906
1779837337.276700,spill,FileSystemStorage,65536,1,65781,128814,34376
1779837337.276932,spill,FileSystemStorage,65536,1,65781,131807,33800
1779837337.277102,spill,FileSystemStorage,65536,1,65781,133881,44551
1779837337.277211,spill,FileSystemStorage,65536,2,131562,158175,66765
1779837337.277269,spill,FileSystemStorage,65536,1,65781,134605,36976
1779837337.277313,spill,FileSystemStorage,65536,1,65781,118686,32487
1779837337.277520,spill,FileSystemStorage,65536,2,131562,208441,63220
1779837337.277762,spill,FileSystemStorage,65536,1,65781,114282,32337
1779837337.277895,spill,FileSystemStorage,65536,1,65781,114542,34076
1779837337.277892,spill,FileSystemStorage,65536,1,65781,138804,45164
1779837337.278100,spill,FileSystemStorage,65536,1,65781,178769,47453
1779837337.278286,spill,FileSystemStorage,65536,2,131562,200415,67212
1779837337.278343,spill,FileSystemStorage,65536,1,65781,117055,33570
1779837337.278379,spill,FileSystemStorage,65536,1,65781,122906,32168
1779837337.278687,spill,FileSystemStorage,65536,2,131562,167023,63248
1779837337.278760,spill,FileSystemStorage,65536,1,65781,136119,31592
1779837337.278791,spill,FileSystemStorage,65536,1,65781,102530,32723
1779837337.279048,spill,FileSystemStorage,65536,1,65781,146878,34743
1779837337.279526,spill,FileSystemStorage,65536,1,65781,310754,38031
1779837337.279548,spill,FileSystemStorage,65536,1,65781,369191,49768
1779837337.279570,spill,FileSystemStorage,65536,2,131562,462725,72437
1779837337.279896,spill,FileSystemStorage,65536,1,65781,219577,33187
1779837337.280121,spill,FileSystemStorage,65536,1,65781,134204,33720
1779837337.280246,spill,FileSystemStorage,65536,3,197343,186117,82886
1779837337.280630,spill,FileSystemStorage,65536,3,197343,393785,91755
1779837337.280980,spill,FileSystemStorage,65536,1,65781,239169,37934
1779837337.280982,spill,FileSystemStorage,65536,1,65781,374212,47702
1779837337.280991,spill,FileSystemStorage,65536,1,65781,183663,34716
1779837337.281604,spill,FileSystemStorage,65536,5,328905,622085,156191
1779837337.281790,spill,FileSystemStorage,65536,1,65781,238880,38037
1779837337.281824,spill,FileSystemStorage,65536,1,65781,183722,34701
1779837337.281845,spill,FileSystemStorage,65536,2,131562,264706,66653
1779837337.282171,spill,FileSystemStorage,65536,1,65781,117689,31711
1779837337.282189,spill,FileSystemStorage,65536,1,65781,108828,30754
1779837337.282325,spill,FileSystemStorage,65536,1,65781,156845,38434
1779837337.282518,spill,FileSystemStorage,65536,5,328905,297466,146950
1779837337.282547,spill,FileSystemStorage,65536,2,131562,151325,65882
1779837337.282715,spill,FileSystemStorage,65536,1,65781,229234,53363
1779837337.282850,spill,FileSystemStorage,65536,2,131562,199523,74936
1779837337.282991,spill,FileSystemStorage,65536,1,65781,134181,39692
1779837337.283057,spill,FileSystemStorage,65536,1,65781,160860,37537
1779837337.283399,spill,FileSystemStorage,65536,2,131562,188480,61488
1779837337.283502,spill,FileSystemStorage,65536,1,65781,173734,46015
1779837337.283627,spill,FileSystemStorage,65536,1,65781,114842,32027
1779837337.283911,spill,FileSystemStorage,65536,1,65781,252008,42569
1779837337.284031,spill,FileSystemStorage,65536,1,65781,164362,52804
1779837337.284250,spill,FileSystemStorage,65536,1,65781,165593,38829
1779837337.284266,spill,FileSystemStorage,65536,1,65781,143806,31384
1779837337.284554,spill,FileSystemStorage,65536,1,65781,176831,47245
1779837337.284571,spill,FileSystemStorage,65536,1,65781,150421,37204
1779837337.284675,spill,FileSystemStorage,65536,1,65781,143918,40756
1779837337.284930,spill,FileSystemStorage,65536,1,65781,159578,42406
1779837337.285064,spill,FileSystemStorage,65536,1,65781,140917,36622
1779837337.285063,spill,FileSystemStorage,65536,1,65781,162650,52775
1779837337.285101,spill,FileSystemStorage,65536,1,65781,116341,32270
1779837337.285343,spill,FileSystemStorage,65536,1,65781,123160,34909
1779837337.285402,spill,FileSystemStorage,65536,1,65781,130782,40413
1779837337.285619,spill,FileSystemStorage,65536,2,131562,167134,70969
1779837337.285622,spill,FileSystemStorage,65536,1,65781,140615,48295
1779837337.285718,spill,FileSystemStorage,65536,1,65781,147595,45076
1779837337.285759,spill,FileSystemStorage,65536,1,65781,149855,30969
1779837337.285964,spill,FileSystemStorage,65536,1,65781,108450,34104
1779837337.286066,spill,FileSystemStorage,65536,1,65781,133828,31970
1779837337.286234,spill,FileSystemStorage,65536,1,65781,147927,41155
1779837337.286337,spill,FileSystemStorage,65536,1,65781,107647,37112
1779837337.286408,spill,FileSystemStorage,65536,2,131562,240117,92837
1779837337.286503,spill,FileSystemStorage,65536,1,65781,127954,35512
1779837337.286611,spill,FileSystemStorage,65536,1,65781,107591,32750
1779837337.286690,spill,FileSystemStorage,65536,1,65781,122346,32064
1779837337.286919,spill,FileSystemStorage,65536,1,65781,142370,39148
1779837337.286916,spill,FileSystemStorage,65536,1,65781,161512,48291
1779837337.287101,spill,FileSystemStorage,65536,1,65781,169943,44312
1779837337.287163,spill,FileSystemStorage,65536,1,65781,120596,32000
1779837337.287441,spill,FileSystemStorage,65536,1,65781,156372,36456
1779837337.287486,spill,FileSystemStorage,65536,1,65781,146530,42996
1779837337.287644,spill,FileSystemStorage,65536,1,65781,106098,33428
1779837337.287719,spill,FileSystemStorage,65536,1,65781,138051,35161
1779837337.287993,spill,FileSystemStorage,65536,2,131562,192210,65275
1779837337.288027,spill,FileSystemStorage,65536,1,65781,149505,46360
1779837337.288349,spill,FileSystemStorage,65536,1,65781,188886,31554
1779837337.288404,spill,FileSystemStorage,65536,1,65781,128925,35047
1779837337.288464,spill,FileSystemStorage,65536,1,65781,143660,42757
1779837337.288700,spill,FileSystemStorage,65536,1,65781,158539,38667
1779837337.288853,spill,FileSystemStorage,65536,1,65781,156623,32556
1779837337.289017,spill,FileSystemStorage,65536,2,131562,230237,68540
1779837337.289008,spill,FileSystemStorage,65536,1,65781,266074,56611
1779837337.289123,spill,FileSystemStorage,65536,1,65781,141886,37409
1779837337.289411,spill,FileSystemStorage,65536,1,65781,225739,43980
1779837337.289452,spill,FileSystemStorage,65536,1,65781,130168,35869
1779837337.289570,spill,FileSystemStorage,65536,1,65781,148129,39634
1779837337.289654,spill,FileSystemStorage,65536,2,131562,200165,70320
1779837337.289851,spill,FileSystemStorage,65536,1,65781,153010,42058
1779837337.289869,spill,FileSystemStorage,65536,1,65781,144385,41060
1779837337.290093,spill,FileSystemStorage,65536,1,65781,121535,41908
1779837337.290097,spill,FileSystemStorage,65536,2,131562,212333,70585
1779837337.290271,spill,FileSystemStorage,65536,1,65781,145773,39603
1779837337.290363,spill,FileSystemStorage,65536,2,131562,201823,67430
1779837337.290540,spill,FileSystemStorage,65536,1,65781,153511,50917
1779837337.290557,spill,FileSystemStorage,65536,2,131562,206520,72403
1779837337.290797,spill,FileSystemStorage,65536,1,65781,129516,38344
1779837337.290817,spill,FileSystemStorage,65536,2,131562,213698,78649
1779837337.290946,spill,FileSystemStorage,65536,1,65781,166989,34388
1779837337.291034,spill,FileSystemStorage,65536,1,65781,165159,64044
1779837337.291317,spill,FileSystemStorage,65536,1,65781,173371,38825
1779837337.291517,spill,FileSystemStorage,65536,1,65781,146769,34265
1779837337.291650,spill,FileSystemStorage,65536,1,65781,149230,45881
1779837337.291751,spill,FileSystemStorage,65536,2,131562,199203,69408
1779837337.291919,spill,FileSystemStorage,65536,1,65781,219447,42082
1779837337.292024,spill,FileSystemStorage,65536,2,131562,158559,60006
1779837337.292090,spill,FileSystemStorage,65536,1,65781,128832,38801
1779837337.292189,spill,FileSystemStorage,65536,1,65781,140369,44072
1779837337.292345,spill,FileSystemStorage,65536,1,65781,151930,43593
1779837337.292469,spill,FileSystemStorage,65536,1,65781,130259,34706
1779837337.292519,spill,FileSystemStorage,65536,1,65781,124922,36301
1779837337.292651,spill,FileSystemStorage,65536,1,65781,133633,42155
1779837337.292707,spill,FileSystemStorage,65536,1,65781,136046,37315
1779837337.292920,spill,FileSystemStorage,65536,1,65781,120393,35738
1779837337.292933,spill,FileSystemStorage,65536,1,65781,134780,36934
1779837337.293123,spill,FileSystemStorage,65536,1,65781,131069,42717
1779837337.293204,spill,FileSystemStorage,65536,1,65781,131691,34310
1779837337.293351,spill,FileSystemStorage,65536,1,65781,122583,32048
1779837337.293389,spill,FileSystemStorage,65536,1,65781,114815,32138
1779837337.293660,spill,FileSystemStorage,65536,1,65781,135185,47372
1779837337.293666,spill,FileSystemStorage,65536,1,65781,143395,48753
1779837337.293748,spill,FileSystemStorage,65536,1,65781,146515,42341
1779837337.293870,spill,FileSystemStorage,65536,2,131562,196435,72579
1779837337.294028,spill,FileSystemStorage,65536,1,65781,125840,33221
1779837337.294144,spill,FileSystemStorage,65536,1,65781,115472,36633
1779837337.294192,spill,FileSystemStorage,65536,2,131562,204670,82522
1779837337.294312,spill,FileSystemStorage,65536,1,65781,137128,33346
1779837337.294470,spill,FileSystemStorage,65536,2,131562,177827,68813
1779837337.294567,spill,FileSystemStorage,65536,2,131562,169930,60058
1779837337.294668,spill,FileSystemStorage,65536,1,65781,153777,42113
1779837337.294738,spill,FileSystemStorage,65536,2,131562,179348,61969
1779837337.294917,spill,FileSystemStorage,65536,1,65781,144053,33785
1779837337.295049,spill,FileSystemStorage,65536,2,131562,220043,97064
1779837337.295155,spill,FileSystemStorage,65536,1,65781,151806,47571
1779837337.295280,spill,FileSystemStorage,65536,2,131562,188037,61594
1779837337.295392,spill,FileSystemStorage,65536,2,131562,170329,59617
1779837337.295474,spill,FileSystemStorage,65536,2,131562,152395,57534
1779837337.295605,spill,FileSystemStorage,65536,1,65781,149772,42832
1779837337.295641,spill,FileSystemStorage,65536,1,65781,120459,33784
1779837337.295953,spill,FileSystemStorage,65536,2,131562,169878,61761
1779837337.295989,spill,FileSystemStorage,65536,1,65781,142184,36812
1779837337.296191,spill,FileSystemStorage,65536,1,65781,144531,41431
1779837337.296211,spill,FileSystemStorage,65536,1,65781,150469,45409
1779837337.296508,spill,FileSystemStorage,65536,1,65781,206670,47254
1779837337.296545,spill,FileSystemStorage,65536,2,131562,197015,80019
1779837337.296620,spill,FileSystemStorage,65536,1,65781,133825,34410
1779837337.296919,spill,FileSystemStorage,65536,4,263124,310605,145498
1779837337.296959,spill,FileSystemStorage,65536,1,65781,151584,38096
1779837337.297027,spill,FileSystemStorage,65536,1,65781,134020,45963
1779837337.297102,spill,FileSystemStorage,65536,4,263124,325374,126546
1779837337.297508,spill,FileSystemStorage,65536,3,197343,262436,125619
1779837337.297589,spill,FileSystemStorage,65536,2,131562,184753,76429
1779837337.297630,spill,FileSystemStorage,65536,2,131562,174712,67718
1779837337.297630,spill,FileSystemStorage,65536,5,328905,330910,166863
1779837337.297925,spill,FileSystemStorage,65536,1,65781,107217,32458
1779837337.297956,spill,FileSystemStorage,65536,2,131562,207585,85631
1779837337.298081,spill,FileSystemStorage,65536,1,65781,126890,35359
1779837337.298222,spill,FileSystemStorage,65536,2,131562,183040,63565
1779837337.298281,spill,FileSystemStorage,65536,1,65781,112134,32056
1779837337.298385,spill,FileSystemStorage,65536,1,65781,120820,35773
1779837337.298568,spill,FileSystemStorage,65536,2,131562,162247,59027
1779837337.298695,spill,FileSystemStorage,65536,2,131562,169928,61242
1779837337.298719,spill,FileSystemStorage,65536,1,65781,136924,45571
1779837337.298964,spill,FileSystemStorage,65536,1,65781,129275,40843
1779837337.298995,spill,FileSystemStorage,65536,3,197343,280797,130634
1779837337.299142,spill,FileSystemStorage,65536,1,65781,127711,35954
1779837337.299318,spill,FileSystemStorage,65536,2,131562,176258,61010
1779837337.299415,spill,FileSystemStorage,65536,1,65781,120488,33613
1779837337.299614,spill,FileSystemStorage,65536,1,65781,118050,34761
1779837337.299674,spill,FileSystemStorage,65536,1,65781,188512,44801
1779837337.299859,spill,FileSystemStorage,65536,1,65781,177730,35218
1779837337.300013,spill,FileSystemStorage,65536,1,65781,196077,47622
1779837337.300160,spill,FileSystemStorage,65536,1,65781,158676,41774
1779837337.300213,spill,FileSystemStorage,65536,3,197343,253246,98685
1779837337.300344,spill,FileSystemStorage,65536,2,131562,179223,60609
1779837337.300469,spill,FileSystemStorage,65536,1,65781,146690,36370
1779837337.300642,spill,FileSystemStorage,65536,1,65781,133050,31035
1779837337.300761,spill,FileSystemStorage,65536,2,131562,192850,63446
1779837337.301003,spill,FileSystemStorage,65536,2,131562,191024,66868
1779837337.301009,spill,FileSystemStorage,65536,1,65781,171665,53368
1779837337.301047,spill,FileSystemStorage,65536,1,65781,141860,41530
1779837337.301600,spill,FileSystemStorage,65536,2,131562,236669,71177
1779837337.301602,spill,FileSystemStorage,65536,1,65781,189041,51880
1779837337.301644,spill,FileSystemStorage,65536,2,131562,306913,99879
1779837337.301652,spill,FileSystemStorage,65536,2,131562,275456,99330
1779837337.301948,spill,FileSystemStorage,65536,1,65781,113400,32507
1779837337.302027,spill,FileSystemStorage,65536,1,65781,129663,36686
1779837337.302150,spill,FileSystemStorage,65536,1,65781,148184,32497
1779837337.302295,spill,FileSystemStorage,65536,3,197343,218871,89371
1779837337.302576,spill,FileSystemStorage,65536,2,131562,194373,67194
1779837337.302588,spill,FileSystemStorage,65536,1,65781,155053,36249
1779837337.302631,spill,FileSystemStorage,65536,1,65781,229907,43858
1779837337.302722,spill,FileSystemStorage,65536,1,65781,140623,31134
1779837337.303028,spill,FileSystemStorage,65536,1,65781,182123,61308
1779837337.303148,spill,FileSystemStorage,65536,3,197343,259046,88061
1779837337.303555,spill,FileSystemStorage,65536,1,65781,488307,48214
1779837337.303624,spill,FileSystemStorage,65536,2,131562,186706,64350
1779837337.303993,spill,FileSystemStorage,65536,2,131562,269702,69945
1779837337.303988,spill,FileSystemStorage,65536,2,131562,206615,73665
1779837337.304098,spill,FileSystemStorage,65536,2,131562,178453,61269
1779837337.304194,spill,FileSystemStorage,65536,2,131562,206824,63556
1779837337.304563,spill,FileSystemStorage,65536,2,131562,198219,74250
1779837337.304564,spill,FileSystemStorage,65536,1,65781,233534,52107
1779837337.304592,spill,FileSystemStorage,65536,1,65781,149611,34381
1779837337.304741,spill,FileSystemStorage,65536,2,131562,193067,64819
1779837337.305061,spill,FileSystemStorage,65536,1,65781,148143,37563
1779837337.305067,spill,FileSystemStorage,65536,1,65781,221000,50311
1779837337.305149,spill,FileSystemStorage,65536,2,131562,187333,67699
1779837337.305259,spill,FileSystemStorage,65536,1,65781,132030,33377
1779837337.305505,spill,FileSystemStorage,65536,1,65781,138069,33834
1779837337.305615,spill,FileSystemStorage,65536,1,65781,157530,39504
1779837337.305670,spill,FileSystemStorage,65536,2,131562,194922,69583
1779837337.305715,spill,FileSystemStorage,65536,1,65781,123833,34140
1779837337.305990,spill,FileSystemStorage,65536,1,65781,135174,36672
1779837337.306100,spill,FileSystemStorage,65536,1,65781,265148,47360
1779837337.306118,spill,FileSystemStorage,65536,2,131562,194999,74706
1779837337.306177,spill,FileSystemStorage,65536,1,65781,142801,37477
1779837337.306409,spill,FileSystemStorage,65536,2,131562,193859,62484
1779837337.949910,spill,FileSystemStorage,65536,1,65781,323041,52100
1779837337.950354,spill,FileSystemStorage,65536,1,65781,318184,56183
1779837337.953371,spill,FileSystemStorage,65536,2,131562,795952,65507
1779837337.953775,spill,FileSystemStorage,65536,1,65781,188987,39587
1779837337.954243,spill,FileSystemStorage,65536,2,131562,211695,94538
1779837337.954875,spill,FileSystemStorage,65536,4,263124,614860,131778
1779837337.955178,spill,FileSystemStorage,65536,4,263124,272109,118737
1779837337.955498,spill,FileSystemStorage,65536,1,65781,197462,41289
1779837337.956497,spill,FileSystemStorage,65536,2,131562,247929,77107
1779837337.956788,spill,FileSystemStorage,65536,10,657810,723927,296876
1779837337.957349,spill,FileSystemStorage,65536,3,197343,216746,89103
1779837337.957584,spill,FileSystemStorage,65536,1,65781,124668,32131
1779837337.957816,spill,FileSystemStorage,65536,1,65781,140969,36790
1779837337.958087,spill,FileSystemStorage,65536,2,131562,161192,57684
1779837337.958313,spill,FileSystemStorage,65536,3,197343,214683,88795
1779837337.958451,spill,FileSystemStorage,65536,1,65781,112484,38288
1779837337.958886,spill,FileSystemStorage,65536,1,65781,264944,65705
1779837337.958922,spill,FileSystemStorage,65536,2,131562,166999,63661
1779837337.959396,spill,FileSystemStorage,65536,2,131562,171841,64833
1779837337.959411,spill,FileSystemStorage,65536,1,65781,151858,37797
1779837337.959814,spill,FileSystemStorage,65536,2,131562,184472,71600
1779837337.959887,spill,FileSystemStorage,65536,2,131562,172465,62989
1779837337.960167,spill,FileSystemStorage,65536,1,65781,106293,32533
1779837337.960281,spill,FileSystemStorage,65536,2,131562,164887,61928
1779837337.960591,spill,FileSystemStorage,65536,1,65781,102790,35179
1779837337.960636,spill,FileSystemStorage,65536,1,65781,117753,31846
1779837337.960907,spill,FileSystemStorage,65536,1,65781,108776,36759
1779837337.960993,spill,FileSystemStorage,65536,1,65781,144404,40232
1779837337.961673,spill,FileSystemStorage,65536,3,197343,548669,132727
1779837337.961679,spill,FileSystemStorage,65536,1,65781,380854,56463
1779837337.962333,spill,FileSystemStorage,65536,1,65781,346775,41334
1779837337.962357,spill,FileSystemStorage,65536,1,65781,394566,61389
1779837337.962792,spill,FileSystemStorage,65536,1,65781,194605,49199
1779837337.963074,spill,FileSystemStorage,65536,1,65781,299200,106000
1779837337.963676,spill,FileSystemStorage,65536,1,65781,278536,41560
1779837337.963697,spill,FileSystemStorage,65536,1,65781,226010,43776
1779837337.964583,spill,FileSystemStorage,65536,1,65781,318850,43990
1779837337.965061,spill,FileSystemStorage,65536,1,65781,410680,36552
1779837337.965529,spill,FileSystemStorage,65536,2,131562,224003,69403
1779837337.965920,spill,FileSystemStorage,65536,1,65781,166492,40633
1779837337.966407,spill,FileSystemStorage,65536,1,65781,244941,37845
1779837337.966412,spill,FileSystemStorage,65536,2,131562,464072,72529
1779837337.966959,spill,FileSystemStorage,65536,1,65781,174341,38641
1779837337.967035,spill,FileSystemStorage,65536,1,65781,163098,59112
1779837337.969752,spill,FileSystemStorage,65536,1,65781,2216521,43064
1779837337.969795,spill,FileSystemStorage,65536,2,131562,2330818,72926
1779837337.975049,spill,FileSystemStorage,65536,2,131562,304504,110957
1779837337.975083,spill,FileSystemStorage,65536,2,131562,324612,106382
1779837337.977208,spill,FileSystemStorage,65536,1,65781,436179,48019
1779837337.977601,spill,FileSystemStorage,65536,1,65781,368653,47896
1779837337.978362,spill,FileSystemStorage,65536,1,65781,124730,37610
1779837337.978699,spill,FileSystemStorage,65536,1,65781,161195,41875
1779837337.978720,spill,FileSystemStorage,65536,1,65781,114380,40061
1779837337.979231,spill,FileSystemStorage,65536,1,65781,160093,40527
1779837337.979736,spill,FileSystemStorage,65536,4,263124,378993,151765
1779837337.980074,spill,FileSystemStorage,65536,2,131562,213290,77376
1779837337.980475,spill,FileSystemStorage,65536,3,197343,241922,109259
1779837337.981146,spill,FileSystemStorage,65536,5,328905,316895,176629
1779837337.981161,spill,FileSystemStorage,65536,9,592029,586936,316568
1779837337.981758,spill,FileSystemStorage,65536,2,131562,214426,73563
1779837337.981884,spill,FileSystemStorage,65536,6,394686,368268,204829
1779837337.982336,spill,FileSystemStorage,65536,1,65781,158284,40495
1779837337.982575,spill,FileSystemStorage,65536,2,131562,192269,71634
1779837337.982965,spill,FileSystemStorage,65536,2,131562,291400,81584
1779837337.983057,spill,FileSystemStorage,65536,2,131562,193635,93662
1779837337.983523,spill,FileSystemStorage,65536,1,65781,167053,53678
1779837337.983539,spill,FileSystemStorage,65536,2,131562,214149,75436
1779837337.983992,spill,FileSystemStorage,65536,2,131562,165969,70086
1779837337.984287,spill,FileSystemStorage,65536,2,131562,185828,73661
1779837337.984414,spill,FileSystemStorage,65536,2,131562,182043,71456
1779837337.984719,spill,FileSystemStorage,65536,1,65781,201367,51429
1779837337.984889,spill,FileSystemStorage,65536,1,65781,110390,35969
1779837337.985201,spill,FileSystemStorage,65536,1,65781,154822,40378
1779837337.985222,spill,FileSystemStorage,65536,1,65781,105929,37115
1779837337.985631,spill,FileSystemStorage,65536,1,65781,131936,37204
1779837337.985665,spill,FileSystemStorage,65536,1,65781,134933,39791
1779837337.986243,spill,FileSystemStorage,65536,2,131562,200474,81007
1779837337.986300,spill,FileSystemStorage,65536,5,328905,357937,189078
1779837337.986700,spill,FileSystemStorage,65536,2,131562,260339,96641
1779837337.986965,spill,FileSystemStorage,65536,2,131562,283405,92594
1779837337.987294,spill,FileSystemStorage,65536,2,131562,226304,74404
1779837337.988173,spill,FileSystemStorage,65536,1,65781,349426,42018
1779837337.988279,spill,FileSystemStorage,65536,2,131562,237589,75177
1779837337.989077,spill,FileSystemStorage,65536,1,65781,243186,37058
1779837337.989355,spill,FileSystemStorage,65536,3,197343,306008,119087
1779837337.989607,spill,FileSystemStorage,65536,1,65781,177323,36994
1779837337.990120,spill,FileSystemStorage,65536,2,131562,348676,74212
1779837337.990544,spill,FileSystemStorage,65536,1,65781,369187,40415
1779837337.991048,spill,FileSystemStorage,65536,2,131562,207920,74288
1779837337.991197,spill,FileSystemStorage,65536,1,65781,165015,50606
1779837337.991622,spill,FileSystemStorage,65536,1,65781,152604,38116
1779837337.991674,spill,FileSystemStorage,65536,1,65781,124969,36590
1779837337.992097,spill,FileSystemStorage,65536,2,131562,189047,76666
1779837337.992330,spill,FileSystemStorage,65536,1,65781,130535,39039
1779837337.992756,spill,FileSystemStorage,65536,1,65781,118311,35596
1779837337.993083,spill,FileSystemStorage,65536,1,65781,133974,44669
1779837337.993234,spill,FileSystemStorage,65536,3,197343,231613,104264
1779837337.993755,spill,FileSystemStorage,65536,2,131562,168794,70319
1779837337.993984,spill,FileSystemStorage,65536,2,131562,271219,89234
1779837337.994456,spill,FileSystemStorage,65536,2,131562,194088,72109
1779837337.994648,spill,FileSystemStorage,65536,1,65781,177536,54773
1779837337.994862,spill,FileSystemStorage,65536,1,65781,140765,51151
1779837337.995087,spill,FileSystemStorage,65536,1,65781,164899,48261
1779837337.995446,spill,FileSystemStorage,65536,1,65781,130638,42183
1779837337.995723,spill,FileSystemStorage,65536,1,65781,148949,39229
1779837337.996133,spill,FileSystemStorage,65536,1,65781,136033,40690
1779837337.996261,spill,FileSystemStorage,65536,2,131562,184105,71005
1779837337.996748,spill,FileSystemStorage,65536,1,65781,122706,36527
1779837337.997038,spill,FileSystemStorage,65536,3,197343,315420,118638
1779837337.997169,spill,FileSystemStorage,65536,2,131562,167503,68220
1779837337.997543,spill,FileSystemStorage,65536,1,65781,197478,44171
1779837337.997583,spill,FileSystemStorage,65536,1,65781,149702,42839
1779837337.997917,spill,FileSystemStorage,65536,1,65781,145365,41797
1779837337.998331,spill,FileSystemStorage,65536,4,263124,335543,138751
1779837337.998476,spill,FileSystemStorage,65536,2,131562,181605,71392
1779837337.998788,spill,FileSystemStorage,65536,2,131562,193523,82715
1779837337.998922,spill,FileSystemStorage,65536,2,131562,178588,70533
1779837337.999324,spill,FileSystemStorage,65536,2,131562,195374,69644
1779837337.999489,spill,FileSystemStorage,65536,1,65781,118269,36405
1779837337.999747,spill,FileSystemStorage,65536,1,65781,123791,38621
1779837338.000103,spill,FileSystemStorage,65536,1,65781,177115,46359
1779837338.000188,spill,FileSystemStorage,65536,1,65781,143468,37598
1779837338.000594,spill,FileSystemStorage,65536,1,65781,124638,40131
1779837338.000594,spill,FileSystemStorage,65536,1,65781,144596,50021
1779837338.001252,spill,FileSystemStorage,65536,2,131562,182990,76370
1779837338.001295,spill,FileSystemStorage,65536,1,65781,119329,37032
1779837338.001722,spill,FileSystemStorage,65536,1,65781,125040,36065
1779837338.001806,spill,FileSystemStorage,65536,1,65781,125079,44298
1779837338.002059,spill,FileSystemStorage,65536,1,65781,117396,41718
1779837338.002238,spill,FileSystemStorage,65536,1,65781,145291,47891
1779837338.002457,spill,FileSystemStorage,65536,1,65781,150501,47622
1779837338.002642,spill,FileSystemStorage,65536,1,65781,137667,52403
1779837338.002903,spill,FileSystemStorage,65536,2,131562,182361,86938
1779837338.003077,spill,FileSystemStorage,65536,2,131562,205714,101536
1779837338.003374,spill,FileSystemStorage,65536,1,65781,135765,40469
1779837338.003886,spill,FileSystemStorage,65536,1,65781,139420,41017
1779837338.004181,spill,FileSystemStorage,65536,1,65781,114238,34686
1779837338.004480,spill,FileSystemStorage,65536,1,65781,139352,39482
1779837338.004591,spill,FileSystemStorage,65536,1,65781,115746,43442
1779837338.005020,spill,FileSystemStorage,65536,1,65781,153179,37359
1779837338.005173,spill,FileSystemStorage,65536,1,65781,109525,35190
1779837338.005578,spill,FileSystemStorage,65536,2,131562,205078,84762
1779837338.005699,spill,FileSystemStorage,65536,1,65781,144608,57572
1779837338.006077,spill,FileSystemStorage,65536,3,197343,231714,107611
1779837338.006224,spill,FileSystemStorage,65536,2,131562,172428,67631
1779837338.006663,spill,FileSystemStorage,65536,2,131562,275330,82431
1779837338.006715,spill,FileSystemStorage,65536,2,131562,170035,81284
1779837338.007213,spill,FileSystemStorage,65536,1,65781,161918,41411
1779837338.007578,spill,FileSystemStorage,65536,2,131562,206384,82148
1779837338.007771,spill,FileSystemStorage,65536,2,131562,194651,69046
1779837338.008078,spill,FileSystemStorage,65536,1,65781,127503,38198
1779837338.008298,spill,FileSystemStorage,65536,2,131562,205639,78126
1779837338.008442,spill,FileSystemStorage,65536,1,65781,130374,44696
1779837338.008816,spill,FileSystemStorage,65536,2,131562,181560,73916
1779837338.008848,spill,FileSystemStorage,65536,1,65781,121976,37830
1779837338.009240,spill,FileSystemStorage,65536,1,65781,127919,39300
1779837338.009475,spill,FileSystemStorage,65536,3,197343,231629,107670
1779837338.009856,spill,FileSystemStorage,65536,3,197343,252370,121140
1779837338.009959,spill,FileSystemStorage,65536,2,131562,171099,69285
1779837338.010331,spill,FileSystemStorage,65536,2,131562,188360,77688
1779837338.010473,spill,FileSystemStorage,65536,2,131562,178363,74553
1779837338.010885,spill,FileSystemStorage,65536,1,65781,118947,36569
1779837338.010965,spill,FileSystemStorage,65536,2,131562,329950,96622
1779837338.011456,spill,FileSystemStorage,65536,1,65781,155159,39294
1779837338.011489,spill,FileSystemStorage,65536,1,65781,182558,43971
1779837338.011900,spill,FileSystemStorage,65536,2,131562,162023,69162
1779837338.012315,spill,FileSystemStorage,65536,1,65781,206604,55719
1779837338.012371,spill,FileSystemStorage,65536,1,65781,127861,47268
1779837338.012783,spill,FileSystemStorage,65536,2,131562,160914,67410
1779837338.012883,spill,FileSystemStorage,65536,1,65781,184115,51610
1779837338.013196,spill,FileSystemStorage,65536,1,65781,113012,36809
1779837338.013444,spill,FileSystemStorage,65536,3,197343,260876,122720
1779837338.013557,spill,FileSystemStorage,65536,1,65781,122189,38840
1779837338.013881,spill,FileSystemStorage,65536,1,65781,137583,38447
1779837338.014046,spill,FileSystemStorage,65536,1,65781,127975,38207
1779837338.014293,spill,FileSystemStorage,65536,1,65781,117250,38980
1779837338.014441,spill,FileSystemStorage,65536,1,65781,125021,35863
1779837338.014667,spill,FileSystemStorage,65536,1,65781,135374,38789
1779837338.014830,spill,FileSystemStorage,65536,1,65781,129122,37284
1779837338.015135,spill,FileSystemStorage,65536,2,131562,201554,71985
1779837338.015239,spill,FileSystemStorage,65536,1,65781,125978,46868
1779837338.015536,spill,FileSystemStorage,65536,2,131562,176535,71155
1779837338.015665,spill,FileSystemStorage,65536,1,65781,127721,36051
1779837338.016017,spill,FileSystemStorage,65536,2,131562,197915,75229
1779837338.016043,spill,FileSystemStorage,65536,1,65781,119989,41553
1779837338.016368,spill,FileSystemStorage,65536,1,65781,126401,39307
1779837338.016423,spill,FileSystemStorage,65536,1,65781,122298,38525
1779837338.016746,spill,FileSystemStorage,65536,1,65781,132548,45130
1779837338.016814,spill,FileSystemStorage,65536,1,65781,125426,37897
1779837338.017078,spill,FileSystemStorage,65536,1,65781,120869,35732
1779837338.017222,spill,FileSystemStorage,65536,1,65781,127833,42461
1779837338.017424,spill,FileSystemStorage,65536,1,65781,118402,40964
1779837338.017686,spill,FileSystemStorage,65536,1,65781,141501,42668
1779837338.017840,spill,FileSystemStorage,65536,1,65781,127133,44629
1779837338.018087,spill,FileSystemStorage,65536,1,65781,135921,40315
1779837338.018178,spill,FileSystemStorage,65536,1,65781,116299,35489
1779837338.018469,spill,FileSystemStorage,65536,1,65781,133783,38430
1779837338.018609,spill,FileSystemStorage,65536,2,131562,177839,81689
1779837338.018867,spill,FileSystemStorage,65536,1,65781,130455,37964
1779837338.018999,spill,FileSystemStorage,65536,1,65781,163070,45291
1779837338.019274,spill,FileSystemStorage,65536,2,131562,187142,73010
1779837338.019433,spill,FileSystemStorage,65536,1,65781,143987,44200
1779837338.019687,spill,FileSystemStorage,65536,2,131562,184518,76238
1779837338.019819,spill,FileSystemStorage,65536,1,65781,118948,40398
1779837338.020093,spill,FileSystemStorage,65536,1,65781,173485,41307
1779837338.020252,spill,FileSystemStorage,65536,1,65781,142790,43390
1779837338.020546,spill,FileSystemStorage,65536,3,197343,235293,102296
1779837338.020582,spill,FileSystemStorage,65536,1,65781,116866,43744
1779837338.020881,spill,FileSystemStorage,65536,1,65781,117719,35308
1779837338.021148,spill,FileSystemStorage,65536,2,131562,190133,77984
1779837338.021608,spill,FileSystemStorage,65536,3,197343,227493,101891
1779837338.021775,spill,FileSystemStorage,65536,1,65781,130881,36748
1779837338.022037,spill,FileSystemStorage,65536,1,65781,132261,45889
1779837338.022210,spill,FileSystemStorage,65536,2,131562,172753,74143
1779837338.022608,spill,FileSystemStorage,65536,1,65781,131418,37610
1779837338.022630,spill,FileSystemStorage,65536,2,131562,182539,77827
1779837338.022968,spill,FileSystemStorage,65536,1,65781,128773,41359
1779837338.023229,spill,FileSystemStorage,65536,1,65781,145649,41579
1779837338.023606,spill,FileSystemStorage,65536,2,131562,169879,74034
1779837338.023734,spill,FileSystemStorage,65536,1,65781,137438,40432
1779837338.024134,spill,FileSystemStorage,65536,2,131562,163322,66983
1779837338.024261,spill,FileSystemStorage,65536,1,65781,133816,46352
1779837338.024515,spill,FileSystemStorage,65536,1,65781,112125,40487
1779837338.024708,spill,FileSystemStorage,65536,1,65781,122807,34616
1779837338.024916,spill,FileSystemStorage,65536,1,65781,124841,38597
1779837338.025103,spill,FileSystemStorage,65536,2,131562,190304,77963
1779837338.025249,spill,FileSystemStorage,65536,1,65781,115851,35077
1779837338.025649,spill,FileSystemStorage,65536,2,131562,166145,72883
1779837338.026022,spill,FileSystemStorage,65536,2,131562,175277,71864
1779837338.026303,spill,FileSystemStorage,65536,1,65781,129742,34282
1779837338.026778,spill,FileSystemStorage,65536,3,197343,223213,104897
1779837338.027097,spill,FileSystemStorage,65536,2,131562,191572,72121
1779837338.027322,spill,FileSystemStorage,65536,1,65781,135578,36886
1779837338.027553,spill,FileSystemStorage,65536,1,65781,152401,37356
1779837338.028064,spill,FileSystemStorage,65536,2,131562,190254,77370
1779837338.028115,spill,FileSystemStorage,65536,2,131562,164351,69340
1779837338.028498,spill,FileSystemStorage,65536,1,65781,124600,38145
1779837338.028515,spill,FileSystemStorage,65536,1,65781,111148,36739
1779837338.028917,spill,FileSystemStorage,65536,2,131562,154092,67909
1779837338.029254,spill,FileSystemStorage,65536,2,131562,190462,73542
1779837338.029330,spill,FileSystemStorage,65536,1,65781,115054,36802
1779837338.029748,spill,FileSystemStorage,65536,1,65781,199931,49651
1779837338.029890,spill,FileSystemStorage,65536,1,65781,114298,38095
1779837338.030355,spill,FileSystemStorage,65536,2,131562,225812,82388
1779837338.030387,spill,FileSystemStorage,65536,2,131562,160999,71654
1779837338.030816,spill,FileSystemStorage,65536,1,65781,146256,37807
1779837338.030816,spill,FileSystemStorage,65536,1,65781,161515,43062
1779837338.031198,spill,FileSystemStorage,65536,1,65781,117878,38396
1779837338.031551,spill,FileSystemStorage,65536,2,131562,190625,74355
1779837338.031859,spill,FileSystemStorage,65536,1,65781,313002,41194
1779837338.032202,spill,FileSystemStorage,65536,1,65781,211042,37354
1779837338.032620,spill,FileSystemStorage,65536,2,131562,275549,67860
1779837338.033067,spill,FileSystemStorage,65536,1,65781,136190,37695
1779837338.033113,spill,FileSystemStorage,65536,1,65781,124453,38110
1779837338.033503,spill,FileSystemStorage,65536,1,65781,113487,35872
1779837338.033619,spill,FileSystemStorage,65536,1,65781,151091,43736
1779837338.033872,spill,FileSystemStorage,65536,1,65781,109260,33931
1779837338.033972,spill,FileSystemStorage,65536,1,65781,112139,37501
1779837338.034188,spill,FileSystemStorage,65536,1,65781,114157,38222
1779837338.034366,spill,FileSystemStorage,65536,1,65781,123932,39170
1779837338.034534,spill,FileSystemStorage,65536,1,65781,132932,38393
1779837338.034690,spill,FileSystemStorage,65536,1,65781,106543,35891
1779837338.034993,spill,FileSystemStorage,65536,2,131562,194460,68975
1779837338.035208,spill,FileSystemStorage,65536,1,65781,142765,40534
1779837338.035621,spill,FileSystemStorage,65536,1,65781,129586,40041
1779837338.035683,spill,FileSystemStorage,65536,1,65781,107579,36244
1779837338.035934,spill,FileSystemStorage,65536,1,65781,112232,39468
1779837338.036214,spill,FileSystemStorage,65536,1,65781,145842,38461
1779837338.036257,spill,FileSystemStorage,65536,1,65781,103336,38034
1779837338.036572,spill,FileSystemStorage,65536,1,65781,111769,35492
1779837338.036873,spill,FileSystemStorage,65536,1,65781,108688,35634
1779837338.036904,spill,FileSystemStorage,65536,2,131562,181503,75939
1779837338.037260,spill,FileSystemStorage,65536,1,65781,145224,48557
1779837338.037393,spill,FileSystemStorage,65536,2,131562,172919,75507
1779837338.037600,spill,FileSystemStorage,65536,1,65781,123874,42201
1779837338.037798,spill,FileSystemStorage,65536,1,65781,122532,37316
1779837338.037937,spill,FileSystemStorage,65536,1,65781,130958,39960
1779837338.038264,spill,FileSystemStorage,65536,1,65781,130461,45102
1779837338.038424,spill,FileSystemStorage,65536,1,65781,125932,38909
1779837338.038684,spill,FileSystemStorage,65536,1,65781,129750,39648
1779837338.038819,spill,FileSystemStorage,65536,1,65781,141865,45377
1779837338.039137,spill,FileSystemStorage,65536,1,65781,177219,39794
1779837338.039228,spill,FileSystemStorage,65536,1,65781,127284,37340
1779837338.039571,spill,FileSystemStorage,65536,2,131562,193041,84128
1779837338.039799,spill,FileSystemStorage,65536,1,65781,135297,34945
1779837338.039950,spill,FileSystemStorage,65536,1,65781,126091,35523
1779837338.040288,spill,FileSystemStorage,65536,1,65781,112696,36471
1779837338.040544,spill,FileSystemStorage,65536,2,131562,178361,74700
1779837338.040601,spill,FileSystemStorage,65536,1,65781,112197,38956
1779837338.040909,spill,FileSystemStorage,65536,1,65781,127442,36905
1779837338.040975,spill,FileSystemStorage,65536,1,65781,120859,33753
1779837338.041326,spill,FileSystemStorage,65536,2,131562,173051,73062
1779837338.041443,spill,FileSystemStorage,65536,1,65781,123192,34053
1779837338.041657,spill,FileSystemStorage,65536,1,65781,130986,42512
1779837338.041874,spill,FileSystemStorage,65536,1,65781,126934,33201
1779837338.042074,spill,FileSystemStorage,65536,1,65781,148251,46311
1779837338.042322,spill,FileSystemStorage,65536,1,65781,142518,38653
1779837338.042465,spill,FileSystemStorage,65536,1,65781,109143,34200
1779837338.042701,spill,FileSystemStorage,65536,1,65781,138747,37220
1779837338.042820,spill,FileSystemStorage,65536,1,65781,155641,44583
1779837338.043074,spill,FileSystemStorage,65536,1,65781,151493,38899
1779837338.043183,spill,FileSystemStorage,65536,1,65781,118902,36515
1779837338.043462,spill,FileSystemStorage,65536,1,65781,131228,36962
1779837338.043867,spill,FileSystemStorage,65536,1,65781,126454,35189
1779837338.044128,spill,FileSystemStorage,65536,2,131562,183293,75019
1779837338.044295,spill,FileSystemStorage,65536,2,131562,191055,73422
1779837338.044518,spill,FileSystemStorage,65536,1,65781,137285,33965
1779837338.044642,spill,FileSystemStorage,65536,1,65781,118213,36841
1779837338.045051,spill,FileSystemStorage,65536,1,65781,119524,37986
1779837338.045091,spill,FileSystemStorage,65536,1,65781,163321,41999
1779837338.045433,spill,FileSystemStorage,65536,2,131562,166228,65856
1779837338.045489,spill,FileSystemStorage,65536,1,65781,155150,41982
1779837338.045856,spill,FileSystemStorage,65536,1,65781,120457,39141
1779837338.045936,spill,FileSystemStorage,65536,1,65781,121160,38327
1779837338.046246,spill,FileSystemStorage,65536,2,131562,159040,61634
1779837338.046368,spill,FileSystemStorage,65536,1,65781,142522,33907
1779837338.046835,spill,FileSystemStorage,65536,1,65781,165567,49795
1779837338.046849,spill,FileSystemStorage,65536,1,65781,147668,47327
1779837338.047274,spill,FileSystemStorage,65536,1,65781,124223,31893
1779837338.047405,spill,FileSystemStorage,65536,1,65781,158155,33204
1779837338.047647,spill,FileSystemStorage,65536,1,65781,141744,33464
1779837338.047968,spill,FileSystemStorage,65536,1,65781,143354,31628
1779837338.048020,spill,FileSystemStorage,65536,1,65781,135332,33032
1779837338.048340,spill,FileSystemStorage,65536,1,65781,116653,31983
1779837338.048403,spill,FileSystemStorage,65536,1,65781,142516,37379
1779837338.048766,spill,FileSystemStorage,65536,1,65781,130258,33397
1779837338.048990,spill,FileSystemStorage,65536,2,131562,188728,63600
1779837338.049181,spill,FileSystemStorage,65536,2,131562,207968,71899
1779837338.049536,spill,FileSystemStorage,65536,1,65781,126994,35102
1779837338.049646,spill,FileSystemStorage,65536,1,65781,145415,45656
1779837338.049927,spill,FileSystemStorage,65536,1,65781,137545,31537
1779837338.050048,spill,FileSystemStorage,65536,1,65781,138588,41289
1779837338.050259,spill,FileSystemStorage,65536,1,65781,118242,34710
1779837338.050467,spill,FileSystemStorage,65536,1,65781,144206,41171
1779837338.050612,spill,FileSystemStorage,65536,1,65781,120245,32855
1779837338.050833,spill,FileSystemStorage,65536,1,65781,159096,53667
1779837338.050950,spill,FileSystemStorage,65536,1,65781,130825,32017
1779837338.051225,spill,FileSystemStorage,65536,1,65781,127585,30568
1779837338.051398,spill,FileSystemStorage,65536,1,65781,137352,33297
1779837338.051824,spill,FileSystemStorage,65536,1,65781,140738,34160
1779837338.051845,spill,FileSystemStorage,65536,1,65781,136724,32810
1779837338.052239,spill,FileSystemStorage,65536,1,65781,120927,31542
1779837338.052283,spill,FileSystemStorage,65536,1,65781,122995,32054
1779837338.052842,spill,FileSystemStorage,65536,1,65781,137520,35252
1779837338.052866,spill,FileSystemStorage,65536,2,131562,180510,71849
1779837338.053258,spill,FileSystemStorage,65536,1,65781,149912,44160
1779837338.053319,spill,FileSystemStorage,65536,2,131562,181248,62237
1779837338.053636,spill,FileSystemStorage,65536,1,65781,123121,34459
1779837338.053785,spill,FileSystemStorage,65536,1,65781,113254,30927
1779837338.054110,spill,FileSystemStorage,65536,1,65781,128427,30254
1779837338.054541,spill,FileSystemStorage,65536,1,65781,199826,34138
1779837338.054678,spill,FileSystemStorage,65536,1,65781,145977,40034
1779837338.055018,spill,FileSystemStorage,65536,1,65781,166202,57616
1779837338.055138,spill,FileSystemStorage,65536,1,65781,116557,33236
1779837338.055700,spill,FileSystemStorage,65536,1,65781,233436,42790
1779837338.055752,spill,FileSystemStorage,65536,1,65781,147403,37335
1779837338.056091,spill,FileSystemStorage,65536,1,65781,134458,31691
1779837338.056312,spill,FileSystemStorage,65536,3,197343,246940,88994
1779837338.056466,spill,FileSystemStorage,65536,1,65781,145995,43156
1779837338.056810,spill,FileSystemStorage,65536,1,65781,120903,33415
1779837338.056923,spill,FileSystemStorage,65536,1,65781,154927,47536
1779837338.057311,spill,FileSystemStorage,65536,2,131562,174333,65447
1779837338.057389,spill,FileSystemStorage,65536,2,131562,178067,61027
1779837338.057635,spill,FileSystemStorage,65536,1,65781,129680,37523
1779837338.057973,spill,FileSystemStorage,65536,2,131562,174110,61357
1779837338.058101,spill,FileSystemStorage,65536,2,131562,185950,77410
1779837338.058382,spill,FileSystemStorage,65536,1,65781,124795,31465
1779837338.058634,spill,FileSystemStorage,65536,1,65781,142851,35941
1779837338.058882,spill,FileSystemStorage,65536,1,65781,163841,45768
1779837338.059149,spill,FileSystemStorage,65536,2,131562,191328,63240
1779837338.059304,spill,FileSystemStorage,65536,1,65781,139578,34684
1779837338.059705,spill,FileSystemStorage,65536,1,65781,128113,32098
1779837338.059732,spill,FileSystemStorage,65536,1,65781,123773,30118
1779837338.060119,spill,FileSystemStorage,65536,1,65781,109091,30976
1779837338.060363,spill,FileSystemStorage,65536,1,65781,129688,36835
1779837338.060573,spill,FileSystemStorage,65536,2,131562,178244,62200
1779837338.060989,spill,FileSystemStorage,65536,1,65781,122523,33131
1779837338.061000,spill,FileSystemStorage,65536,2,131562,172695,62794
1779837338.061699,spill,FileSystemStorage,65536,2,131562,166917,68071
1779837338.061843,spill,FileSystemStorage,65536,1,65781,198809,35087
1779837338.062113,spill,FileSystemStorage,65536,2,131562,189713,67821
1779837338.062257,spill,FileSystemStorage,65536,1,65781,126821,40986
1779837338.062346,spill,FileSystemStorage,65536,1826,120116106,110204164,60298840
1779837338.062582,spill,FileSystemStorage,65536,1,65781,108394,34407
1779837338.062703,spill,FileSystemStorage,65536,2,131562,157825,57290
1779837338.062957,spill,FileSystemStorage,65536,1,65781,130398,35358
1779837338.063804,spill,FileSystemStorage,65536,1,65781,120365,32501
1779837338.063852,spill,FileSystemStorage,65536,1,65781,163179,50286
1779837338.064517,spill,FileSystemStorage,65536,1,65781,119721,41635
1779837338.064929,spill,FileSystemStorage,65536,2,131562,198790,73351
1779837338.065312,spill,FileSystemStorage,65536,1,65781,117778,33535
1779837338.065484,spill,FileSystemStorage,65536,3,197343,243822,92939
1779837338.065710,spill,FileSystemStorage,65536,1,65781,109966,36799
1779837338.065898,spill,FileSystemStorage,65536,1,65781,126368,35669
1779837338.066378,spill,FileSystemStorage,65536,1,65781,109602,32607
1779837338.066633,spill,FileSystemStorage,65536,1,65781,231722,53423
1779837338.067341,spill,FileSystemStorage,65536,3,197343,432144,129956
1779837338.071779,spill,FileSystemStorage,65536,2000,131562000,121063869,65704839
1779837338.081662,spill,FileSystemStorage,65536,1,65781,216333,42101
1779837338.813230,spill,FileSystemStorage,65536,1,65781,363217,69279
1779837338.814229,spill,FileSystemStorage,65536,1,65781,1047787,54630
1779837338.816854,spill,FileSystemStorage,65536,1,65781,246886,56595
1779837338.816983,spill,FileSystemStorage,65536,1,65781,207586,41322
1779837338.818121,spill,FileSystemStorage,65536,1,65781,154316,39365
1779837338.818294,spill,FileSystemStorage,65536,1,65781,236243,54032
1779837338.819278,spill,FileSystemStorage,65536,1,65781,236243,60520
1779837338.819315,spill,FileSystemStorage,65536,7,460467,496640,262910
1779837338.820295,spill,FileSystemStorage,65536,1,65781,224242,59690
1779837338.820443,spill,FileSystemStorage,65536,1,65781,208381,42643
1779837338.821950,spill,FileSystemStorage,65536,9,592029,606338,295429
1779837338.822427,spill,FileSystemStorage,65536,12,789372,984357,568820
1779837338.822901,spill,FileSystemStorage,65536,1,65781,166888,39204
1779837338.823205,spill,FileSystemStorage,65536,1,65781,263944,62730
1779837338.823592,spill,FileSystemStorage,65536,2,131562,224367,73370
1779837338.824197,spill,FileSystemStorage,65536,3,197343,384371,151499
1779837338.824763,spill,FileSystemStorage,65536,1,65781,123457,36951
1779837338.825319,spill,FileSystemStorage,65536,1,65781,223860,56872
1779837338.826322,spill,FileSystemStorage,65536,4,263124,608647,143081
1779837338.826523,spill,FileSystemStorage,65536,1,65781,401943,42512
1779837338.827014,spill,FileSystemStorage,65536,1,65781,182847,61646
1779837338.827264,spill,FileSystemStorage,65536,2,131562,197359,70979
1779837338.827979,spill,FileSystemStorage,65536,2,131562,187258,71468
1779837338.828047,spill,FileSystemStorage,65536,2,131562,177553,69943
1779837338.828698,spill,FileSystemStorage,65536,1,65781,136577,37956
1779837338.828697,spill,FileSystemStorage,65536,2,131562,332123,91629
1779837338.829303,spill,FileSystemStorage,65536,1,65781,182464,44924
1779837338.829350,spill,FileSystemStorage,65536,2,131562,167361,74209
1779837338.829680,spill,FileSystemStorage,65536,1,65781,125937,37441
1779837338.830046,spill,FileSystemStorage,65536,1,65781,137350,38400
1779837338.830182,spill,FileSystemStorage,65536,1,65781,110841,35610
1779837338.830477,spill,FileSystemStorage,65536,1,65781,123759,36184
1779837338.830751,spill,FileSystemStorage,65536,2,131562,171496,69648
1779837338.831115,spill,FileSystemStorage,65536,2,131562,227821,108939
1779837338.831679,spill,FileSystemStorage,65536,2,131562,313402,68444
1779837338.832205,spill,FileSystemStorage,65536,4,263124,596067,133546
1779837338.832476,spill,FileSystemStorage,65536,1,65781,152273,52265
1779837338.833188,spill,FileSystemStorage,65536,1,65781,106388,36201
1779837338.833645,spill,FileSystemStorage,65536,3,197343,436854,112486
1779837338.834275,spill,FileSystemStorage,65536,2,131562,174634,69797
1779837338.834538,spill,FileSystemStorage,65536,3,197343,229339,92763
1779837338.834853,spill,FileSystemStorage,65536,1,65781,124636,48108
1779837338.835189,spill,FileSystemStorage,65536,1,65781,157515,43836
1779837338.835634,spill,FileSystemStorage,65536,2,131562,154209,65851
1779837338.836308,spill,FileSystemStorage,65536,1,65781,127707,36943
1779837338.836776,spill,FileSystemStorage,65536,3,197343,214300,99876
1779837338.837034,spill,FileSystemStorage,65536,1,65781,109981,38721
1779837338.837938,spill,FileSystemStorage,65536,1,65781,131433,42779
1779837338.838281,spill,FileSystemStorage,65536,3,197343,352426,117304
1779837338.838394,spill,FileSystemStorage,65536,1,65781,153072,39321
1779837338.838763,spill,FileSystemStorage,65536,1,65781,151255,37994
1779837338.839425,spill,FileSystemStorage,65536,4,263124,301909,148034
1779837338.839588,spill,FileSystemStorage,65536,1,65781,142405,34927
1779837338.840169,spill,FileSystemStorage,65536,3,197343,236802,103554
1779837338.840498,spill,FileSystemStorage,65536,1,65781,358274,37334
1779837338.841262,spill,FileSystemStorage,65536,1,65781,160314,35037
1779837338.841362,spill,FileSystemStorage,65536,2,131562,179981,70331
1779837338.842228,spill,FileSystemStorage,65536,2,131562,189585,67551
1779837338.842255,spill,FileSystemStorage,65536,3,197343,277816,121743
1779837338.842766,spill,FileSystemStorage,65536,1,65781,115233,38389
1779837338.843067,spill,FileSystemStorage,65536,1,65781,164339,40413
1779837338.843495,spill,FileSystemStorage,65536,2,131562,215419,80304
1779837338.844216,spill,FileSystemStorage,65536,1,65781,129638,40795
1779837338.844842,spill,FileSystemStorage,65536,2,131562,267261,89449
1779837338.845195,spill,FileSystemStorage,65536,1,65781,114146,35336
1779837338.845468,spill,FileSystemStorage,65536,2,131562,180457,71252
1779837338.845701,spill,FileSystemStorage,65536,2,131562,162211,68151
1779837338.846405,spill,FileSystemStorage,65536,3,197343,223124,99910
1779837338.846747,spill,FileSystemStorage,65536,1,65781,182346,53004
1779837338.847032,spill,FileSystemStorage,65536,2,131562,201994,91241
1779837338.847661,spill,FileSystemStorage,65536,1,65781,197927,51292
1779837338.847904,spill,FileSystemStorage,65536,1,65781,132855,37500
1779837338.848402,spill,FileSystemStorage,65536,1,65781,161813,52131
1779837338.848530,spill,FileSystemStorage,65536,1,65781,105989,37144
1779837338.848905,spill,FileSystemStorage,65536,1,65781,142721,38175
1779837338.849314,spill,FileSystemStorage,65536,3,197343,232097,101099
1779837338.849733,spill,FileSystemStorage,65536,1,65781,177013,38605
1779837338.850092,spill,FileSystemStorage,65536,2,131562,204157,74637
1779837338.850569,spill,FileSystemStorage,65536,1,65781,151092,44147
1779837338.850862,spill,FileSystemStorage,65536,1,65781,167170,60364
1779837338.851675,spill,FileSystemStorage,65536,2,131562,215013,76480
1779837338.851907,spill,FileSystemStorage,65536,1,65781,152390,42566
1779837338.852757,spill,FileSystemStorage,65536,2,131562,180892,71884
1779837338.852927,spill,FileSystemStorage,65536,2,131562,188280,70838
1779837338.853698,spill,FileSystemStorage,65536,1,65781,152532,48383
1779837338.853809,spill,FileSystemStorage,65536,1,65781,130913,36905
1779837338.854393,spill,FileSystemStorage,65536,2,131562,182541,73203
1779837338.854561,spill,FileSystemStorage,65536,3,197343,254981,117243
1779837338.855288,spill,FileSystemStorage,65536,4,263124,353235,146255
1779837338.856848,spill,FileSystemStorage,65536,2,131562,512910,70330
1779837338.857793,spill,FileSystemStorage,65536,3,197343,326996,108531
1779837338.858623,spill,FileSystemStorage,65536,2,131562,197968,72428
1779837338.858754,spill,FileSystemStorage,65536,2,131562,199521,71700
1779837338.859191,spill,FileSystemStorage,65536,1,65781,191080,46459
1779837338.859529,spill,FileSystemStorage,65536,1,65781,144467,42898
1779837338.860523,spill,FileSystemStorage,65536,1,65781,122501,35451
1779837338.860637,spill,FileSystemStorage,65536,1,65781,170497,37996
1779837338.861331,spill,FileSystemStorage,65536,2,131562,172376,70849
1779837338.861475,spill,FileSystemStorage,65536,2,131562,196625,72082
1779837338.861969,spill,FileSystemStorage,65536,1,65781,141583,40108
1779837338.862922,spill,FileSystemStorage,65536,4,263124,332667,166846
1779837338.863580,spill,FileSystemStorage,65536,3,197343,577583,119243
1779837338.863924,spill,FileSystemStorage,65536,1,65781,139585,37848
1779837338.864703,spill,FileSystemStorage,65536,1,65781,274173,36687
1779837338.865212,spill,FileSystemStorage,65536,1,65781,151510,39954
1779837338.865434,spill,FileSystemStorage,65536,1,65781,123942,37271
1779837338.865974,spill,FileSystemStorage,65536,1,65781,142534,39163
1779837338.866208,spill,FileSystemStorage,65536,2,131562,194477,73234
1779837338.866622,spill,FileSystemStorage,65536,1,65781,119933,39728
1779837338.866840,spill,FileSystemStorage,65536,2,131562,210130,90583
1779837338.867246,spill,FileSystemStorage,65536,2,131562,201628,66860
1779837338.868157,spill,FileSystemStorage,65536,1,65781,188206,41168
1779837338.868382,spill,FileSystemStorage,65536,1,65781,153485,51193
1779837338.868810,spill,FileSystemStorage,65536,1,65781,135576,40473
1779837338.868885,spill,FileSystemStorage,65536,1,65781,119840,42187
1779837338.869275,spill,FileSystemStorage,65536,1,65781,123967,34900
1779837338.869908,spill,FileSystemStorage,65536,3,197343,261249,116051
1779837338.870036,spill,FileSystemStorage,65536,2,131562,163728,66648
1779837338.870585,spill,FileSystemStorage,65536,1,65781,147197,47063
1779837338.870877,spill,FileSystemStorage,65536,1,65781,167301,38590
1779837338.871471,spill,FileSystemStorage,65536,1,65781,159092,47122
1779837338.871656,spill,FileSystemStorage,65536,2,131562,179126,70802
1779837338.872373,spill,FileSystemStorage,65536,3,197343,237791,101655
1779837338.873316,spill,FileSystemStorage,65536,1,65781,133046,41198
1779837338.873810,spill,FileSystemStorage,65536,1,65781,168553,40085
1779837338.874094,spill,FileSystemStorage,65536,1,65781,175953,43919
1779837338.874729,spill,FileSystemStorage,65536,2,131562,180772,72756
1779837338.875238,spill,FileSystemStorage,65536,5,328905,393917,198989
1779837338.875816,spill,FileSystemStorage,65536,1,65781,189326,39342
1779837338.875880,spill,FileSystemStorage,65536,2,131562,281795,81062
1779837338.876479,spill,FileSystemStorage,65536,2,131562,208927,70357
1779837338.877077,spill,FileSystemStorage,65536,1,65781,162535,42727
1779837338.877959,spill,FileSystemStorage,65536,1,65781,538233,50407
1779837338.877997,spill,FileSystemStorage,65536,2,131562,362430,75548
1779837338.878742,spill,FileSystemStorage,65536,2,131562,187905,68371
1779837338.878855,spill,FileSystemStorage,65536,2,131562,174286,82739
1779837338.879230,spill,FileSystemStorage,65536,1,65781,154074,41043
1779837338.879985,spill,FileSystemStorage,65536,1,65781,135387,44245
1779837338.880423,spill,FileSystemStorage,65536,1,65781,138604,36339
1779837338.880645,spill,FileSystemStorage,65536,1,65781,122612,38799
1779837338.881287,spill,FileSystemStorage,65536,2,131562,162678,65630
1779837338.881409,spill,FileSystemStorage,65536,1,65781,128412,39380
1779837338.881809,spill,FileSystemStorage,65536,1,65781,124891,34586
1779837338.882075,spill,FileSystemStorage,65536,1,65781,185835,42124
1779837338.882310,spill,FileSystemStorage,65536,2,131562,165336,70464
1779837338.882710,spill,FileSystemStorage,65536,1,65781,155377,40303
1779837338.882770,spill,FileSystemStorage,65536,1,65781,117790,45310
1779837338.883385,spill,FileSystemStorage,65536,1,65781,121344,35363
1779837338.883761,spill,FileSystemStorage,65536,2,131562,237195,73620
1779837338.884171,spill,FileSystemStorage,65536,1,65781,114077,37568
1779837338.884730,spill,FileSystemStorage,65536,2,131562,172215,69684
1779837338.886026,spill,FileSystemStorage,65536,1,65781,129492,40270
1779837338.886290,spill,FileSystemStorage,65536,5,328905,327238,169912
1779837338.886487,spill,FileSystemStorage,65536,1,65781,131195,38605
1779837338.886939,spill,FileSystemStorage,65536,2,131562,235176,77021
1779837338.887196,spill,FileSystemStorage,65536,1,65781,172819,40315
1779837338.888184,spill,FileSystemStorage,65536,1,65781,280605,37324
1779837338.889350,spill,FileSystemStorage,65536,1,65781,209809,35245
1779837338.890552,spill,FileSystemStorage,65536,3,197343,410392,101152
1779837338.891058,spill,FileSystemStorage,65536,2,131562,256921,85892
1779837338.891446,spill,FileSystemStorage,65536,1,65781,409708,36650
1779837338.892314,spill,FileSystemStorage,65536,1,65781,204393,45847
1779837338.892426,spill,FileSystemStorage,65536,1,65781,148568,41873
1779837338.894715,spill,FileSystemStorage,65536,4,263124,278119,132834
1779837338.896131,spill,FileSystemStorage,65536,2,131562,572675,94462
1779837338.896281,spill,FileSystemStorage,65536,1,65781,403416,42688
1779837338.897295,spill,FileSystemStorage,65536,1,65781,214574,47026
1779837338.897620,spill,FileSystemStorage,65536,2,131562,244126,63719
1779837338.898140,spill,FileSystemStorage,65536,1,65781,218855,48442
1779837338.898332,spill,FileSystemStorage,65536,1,65781,144583,41590
1779837338.898657,spill,FileSystemStorage,65536,1,65781,130511,36415
1779837338.898858,spill,FileSystemStorage,65536,1,65781,131405,49021
1779837338.899634,spill,FileSystemStorage,65536,3,197343,254158,102055
1779837338.899967,spill,FileSystemStorage,65536,1,65781,127118,35331
1779837338.900324,spill,FileSystemStorage,65536,1,65781,134408,32321
1779837338.900812,spill,FileSystemStorage,65536,1,65781,115398,33039
1779837338.901286,spill,FileSystemStorage,65536,2,131562,280238,75804
1779837338.901418,spill,FileSystemStorage,65536,1,65781,138805,42445
1779837338.902206,spill,FileSystemStorage,65536,2,131562,206470,63738
1779837338.902267,spill,FileSystemStorage,65536,1,65781,124227,30971
1779837338.902626,spill,FileSystemStorage,65536,1,65781,134286,34141
1779837338.902724,spill,FileSystemStorage,65536,1,65781,133138,37206
1779837338.903111,spill,FileSystemStorage,65536,2,131562,194903,65669
1779837338.904288,spill,FileSystemStorage,65536,1,65781,141870,35202
1779837338.904948,spill,FileSystemStorage,65536,1,65781,156961,35408
1779837338.905379,spill,FileSystemStorage,65536,3,197343,219983,87951
1779837338.906043,spill,FileSystemStorage,65536,1,65781,128479,34240
1779837338.906718,spill,FileSystemStorage,65536,2,131562,164632,60093
1779837338.907949,spill,FileSystemStorage,65536,5,328905,415259,157150
1779837338.908192,spill,FileSystemStorage,65536,2,131562,277708,86490
1779837338.908859,spill,FileSystemStorage,65536,1,65781,175706,33221
1779837338.909401,spill,FileSystemStorage,65536,2,131562,228895,63778
1779837338.909742,spill,FileSystemStorage,65536,2,131562,188890,59387
1779837338.910190,spill,FileSystemStorage,65536,1,65781,130144,33737
1779837338.910674,spill,FileSystemStorage,65536,4,263124,285908,119865
1779837338.911351,spill,FileSystemStorage,65536,4,263124,268615,116120
1779837338.912575,spill,FileSystemStorage,65536,2,131562,166439,55590
1779837338.913304,spill,FileSystemStorage,65536,1,65781,181880,37471
1779837338.914623,spill,FileSystemStorage,65536,6,394686,338821,163573
1779837338.914908,spill,FileSystemStorage,65536,1,65781,175595,36444
1779837338.915563,spill,FileSystemStorage,65536,2,131562,210710,62478
1779837338.915897,spill,FileSystemStorage,65536,1,65781,164713,41531
1779837338.916354,spill,FileSystemStorage,65536,4,263124,260192,111089
1779837338.916813,spill,FileSystemStorage,65536,1,65781,148873,38799
1779837338.917017,spill,FileSystemStorage,65536,2,131562,217264,76316
1779837338.917490,spill,FileSystemStorage,65536,3,197343,223253,94890
1779837338.917623,spill,FileSystemStorage,65536,5,328905,406796,162963
1779837338.917849,spill,FileSystemStorage,65536,1826,120116106,103821953,60657238
1779837338.917982,spill,FileSystemStorage,65536,2,131562,201682,56059
1779837338.918265,spill,FileSystemStorage,65536,2,131562,209251,64342
1779837338.918373,spill,FileSystemStorage,65536,1,65781,154633,34069
1779837338.918716,spill,FileSystemStorage,65536,1,65781,122833,40637
1779837338.918721,spill,FileSystemStorage,65536,2,131562,185895,67147
1779837338.919146,spill,FileSystemStorage,65536,1,65781,126912,33616
1779837338.919248,spill,FileSystemStorage,65536,2,131562,187852,60400
1779837338.919679,spill,FileSystemStorage,65536,1,65781,112065,35806
1779837338.919900,spill,FileSystemStorage,65536,2,131562,191724,64456
1779837338.920334,spill,FileSystemStorage,65536,1,65781,142198,36251
1779837338.920502,spill,FileSystemStorage,65536,1,65781,115393,31245
1779837338.921227,spill,FileSystemStorage,65536,1,65781,214847,41798
1779837338.924625,spill,FileSystemStorage,65536,2000,131562000,111897027,63697229
1779837338.937693,spill,FileSystemStorage,65536,2,131562,251391,81155
1779837338.937965,spill,FileSystemStorage,65536,2,131562,248838,72890
1779837339.665823,spill,FileSystemStorage,65536,5,328905,775030,209040
1779837339.666303,spill,FileSystemStorage,65536,2,131562,304192,73898
1779837339.668108,spill,FileSystemStorage,65536,2,131562,203828,71358
1779837339.668144,spill,FileSystemStorage,65536,2,131562,311075,93308
1779837339.669597,spill,FileSystemStorage,65536,2,131562,248458,76448
1779837339.669727,spill,FileSystemStorage,65536,1,65781,225245,48431
1779837339.670440,spill,FileSystemStorage,65536,1,65781,130105,36467
1779837339.670905,spill,FileSystemStorage,65536,1,65781,190783,54130
1779837339.671151,spill,FileSystemStorage,65536,1,65781,134084,39538
1779837339.671752,spill,FileSystemStorage,65536,1,65781,187159,38628
1779837339.672174,spill,FileSystemStorage,65536,9,592029,511810,296940
1779837339.672838,spill,FileSystemStorage,65536,3,197343,313571,113351
1779837339.672888,spill,FileSystemStorage,65536,3,197343,229285,100990
1779837339.673613,spill,FileSystemStorage,65536,1,65781,163698,42801
1779837339.673753,spill,FileSystemStorage,65536,1,65781,142453,40345
1779837339.674260,spill,FileSystemStorage,65536,2,131562,212988,82504
1779837339.674396,spill,FileSystemStorage,65536,2,131562,169384,67806
1779837339.675163,spill,FileSystemStorage,65536,4,263124,393500,177349
1779837339.675187,spill,FileSystemStorage,65536,1,65781,137296,38524
1779837339.678702,spill,FileSystemStorage,65536,5,328905,338491,165165
1779837339.680368,spill,FileSystemStorage,65536,3,197343,660793,119065
1779837339.687645,spill,FileSystemStorage,65536,1,65781,272760,46989
1779837339.692235,spill,FileSystemStorage,65536,4,263124,586446,151889
1779837339.695117,spill,FileSystemStorage,65536,6,394686,511627,231261
1779837339.697121,spill,FileSystemStorage,65536,5,328905,521970,229523
1779837339.699977,spill,FileSystemStorage,65536,2,131562,255892,80151
1779837339.701061,spill,FileSystemStorage,65536,1,65781,154291,37957
1779837339.702667,spill,FileSystemStorage,65536,1,65781,219409,47106
1779837339.703960,spill,FileSystemStorage,65536,12,789372,936149,518163
1779837339.705073,spill,FileSystemStorage,65536,12,789372,765419,419614
1779837339.705184,spill,FileSystemStorage,65536,1,65781,203980,58162
1779837339.705757,spill,FileSystemStorage,65536,1,65781,143215,37343
1779837339.706319,spill,FileSystemStorage,65536,1,65781,205714,55922
1779837339.706726,spill,FileSystemStorage,65536,1,65781,134114,38828
1779837339.707103,spill,FileSystemStorage,65536,1,65781,227015,54628
1779837339.707624,spill,FileSystemStorage,65536,1,65781,134122,42798
1779837339.708061,spill,FileSystemStorage,65536,2,131562,266465,101514
1779837339.708485,spill,FileSystemStorage,65536,1,65781,137611,38565
1779837339.708706,spill,FileSystemStorage,65536,1,65781,189579,49570
1779837339.709994,spill,FileSystemStorage,65536,11,723591,641228,364427
1779837339.710134,spill,FileSystemStorage,65536,3,197343,369019,135089
1779837339.711205,spill,FileSystemStorage,65536,2,131562,291186,89751
1779837339.711316,spill,FileSystemStorage,65536,4,263124,430424,189750
1779837339.712556,spill,FileSystemStorage,65536,5,328905,322541,164219
1779837339.712719,spill,FileSystemStorage,65536,4,263124,376320,179733
1779837339.713327,spill,FileSystemStorage,65536,1,65781,161940,48603
1779837339.713876,spill,FileSystemStorage,65536,5,328905,427102,203765
1779837339.714446,spill,FileSystemStorage,65536,1,65781,194560,51156
1779837339.714938,spill,FileSystemStorage,65536,4,263124,408139,197057
1779837339.715043,spill,FileSystemStorage,65536,2,131562,214814,90215
1779837339.716176,spill,FileSystemStorage,65536,3,197343,333459,130005
1779837339.716702,spill,FileSystemStorage,65536,1,65781,257737,55055
1779837339.717453,spill,FileSystemStorage,65536,1,65781,223385,56156
1779837339.718214,spill,FileSystemStorage,65536,10,657810,705869,368626
1779837339.718524,spill,FileSystemStorage,65536,4,263124,373443,170679
1779837339.719203,spill,FileSystemStorage,65536,1,65781,190715,45677
1779837339.719382,spill,FileSystemStorage,65536,1,65781,196904,48361
1779837339.720108,spill,FileSystemStorage,65536,1,65781,135161,37989
1779837339.720229,spill,FileSystemStorage,65536,1,65781,184709,51933
1779837339.721430,spill,FileSystemStorage,65536,3,197343,322421,140977
1779837339.721725,spill,FileSystemStorage,65536,2,131562,197403,80061
1779837339.722039,spill,FileSystemStorage,65536,1,65781,187333,51418
1779837339.722600,spill,FileSystemStorage,65536,1,65781,122886,36663
1779837339.722884,spill,FileSystemStorage,65536,3,197343,356371,153834
1779837339.723195,spill,FileSystemStorage,65536,2,131562,176340,72272
1779837339.723470,spill,FileSystemStorage,65536,1,65781,186002,55384
1779837339.723650,spill,FileSystemStorage,65536,2,131562,154653,65583
1779837339.724232,spill,FileSystemStorage,65536,1,65781,179858,53947
1779837339.725251,spill,FileSystemStorage,65536,6,394686,542889,278207
1779837339.725331,spill,FileSystemStorage,65536,9,592029,609345,333850
1779837339.726296,spill,FileSystemStorage,65536,3,197343,332197,147792
1779837339.726394,spill,FileSystemStorage,65536,2,131562,261722,81253
1779837339.726954,spill,FileSystemStorage,65536,1,65781,221136,63307
1779837339.727007,spill,FileSystemStorage,65536,1,65781,189758,41091
1779837339.728016,spill,FileSystemStorage,65536,1,65781,136732,40336
1779837339.728346,spill,FileSystemStorage,65536,1,65781,198829,50101
1779837339.729038,spill,FileSystemStorage,65536,1,65781,144065,40294
1779837339.729752,spill,FileSystemStorage,65536,3,197343,354959,138377
1779837339.730473,spill,FileSystemStorage,65536,3,197343,233619,102135
1779837339.731093,spill,FileSystemStorage,65536,3,197343,381228,167871
1779837339.731152,spill,FileSystemStorage,65536,2,131562,238268,78747
1779837339.732116,spill,FileSystemStorage,65536,2,131562,198278,75479
1779837339.732531,spill,FileSystemStorage,65536,1,65781,203215,54133
1779837339.733214,spill,FileSystemStorage,65536,1,65781,188093,57325
1779837339.733255,spill,FileSystemStorage,65536,1,65781,209546,53214
1779837339.733774,spill,FileSystemStorage,65536,1,65781,190173,54786
1779837339.733965,spill,FileSystemStorage,65536,1,65781,185380,35846
1779837339.734438,spill,FileSystemStorage,65536,2,131562,269729,101296
1779837339.734508,spill,FileSystemStorage,65536,1,65781,139220,40586
1779837339.735023,spill,FileSystemStorage,65536,1,65781,170380,65337
1779837339.735023,spill,FileSystemStorage,65536,1,65781,239077,80465
1779837339.735839,spill,FileSystemStorage,65536,1,65781,163927,40723
1779837339.736021,spill,FileSystemStorage,65536,4,263124,376600,168605
1779837339.736687,spill,FileSystemStorage,65536,1,65781,205764,48647
1779837339.736776,spill,FileSystemStorage,65536,1,65781,233792,63490
1779837339.737315,spill,FileSystemStorage,65536,2,131562,206676,85261
1779837339.737781,spill,FileSystemStorage,65536,4,263124,406394,186104
1779837339.738088,spill,FileSystemStorage,65536,3,197343,253064,100121
1779837339.738550,spill,FileSystemStorage,65536,1,65781,131626,38741
1779837339.738655,spill,FileSystemStorage,65536,1,65781,214816,60659
1779837339.739023,spill,FileSystemStorage,65536,1,65781,148689,57297
1779837339.739416,spill,FileSystemStorage,65536,1,65781,117928,38715
1779837339.739486,spill,FileSystemStorage,65536,3,197343,356696,136764
1779837339.740056,spill,FileSystemStorage,65536,1,65781,127542,46672
1779837339.740379,spill,FileSystemStorage,65536,2,131562,234182,81273
1779837339.741019,spill,FileSystemStorage,65536,4,263124,298152,151533
1779837339.741239,spill,FileSystemStorage,65536,4,263124,397046,187282
1779837339.741707,spill,FileSystemStorage,65536,2,131562,203853,77525
1779837339.741862,spill,FileSystemStorage,65536,2,131562,242180,81982
1779837339.742456,spill,FileSystemStorage,65536,1,65781,198721,60276
1779837339.742541,spill,FileSystemStorage,65536,3,197343,250820,112617
1779837339.743134,spill,FileSystemStorage,65536,1,65781,228491,55442
1779837339.743365,spill,FileSystemStorage,65536,3,197343,279189,111872
1779837339.743929,spill,FileSystemStorage,65536,2,131562,240488,92297
1779837339.744610,spill,FileSystemStorage,65536,1,65781,168893,50795
1779837339.744996,spill,FileSystemStorage,65536,8,526248,607145,329563
1779837339.745675,spill,FileSystemStorage,65536,6,394686,397949,204521
1779837339.745679,spill,FileSystemStorage,65536,2,131562,265328,105055
1779837339.746450,spill,FileSystemStorage,65536,5,328905,434355,224951
1779837339.746561,spill,FileSystemStorage,65536,1,65781,127215,36601
1779837339.747175,spill,FileSystemStorage,65536,2,131562,263095,78685
1779837339.748013,spill,FileSystemStorage,65536,1,65781,141455,41733
1779837339.749041,spill,FileSystemStorage,65536,1,65781,130771,38314
1779837339.749768,spill,FileSystemStorage,65536,1,65781,133834,38031
1779837339.750414,spill,FileSystemStorage,65536,2,131562,162732,69338
1779837339.750737,spill,FileSystemStorage,65536,2,131562,201616,76679
1779837339.750879,spill,FileSystemStorage,65536,1,65781,151000,34856
1779837339.751597,spill,FileSystemStorage,65536,3,197343,243557,95083
1779837339.751988,spill,FileSystemStorage,65536,1,65781,144438,32037
1779837339.752476,spill,FileSystemStorage,65536,1,65781,158614,37781
1779837339.752669,spill,FileSystemStorage,65536,1,65781,126084,33379
1779837339.753119,spill,FileSystemStorage,65536,2,131562,293150,86424
1779837339.753353,spill,FileSystemStorage,65536,2,131562,142378,56517
1779837339.753696,spill,FileSystemStorage,65536,1,65781,159414,37993
1779837339.753994,spill,FileSystemStorage,65536,1,65781,231083,41508
1779837339.754163,spill,FileSystemStorage,65536,1,65781,148083,41767
1779837339.754822,spill,FileSystemStorage,65536,5,328905,360376,174977
1779837339.754966,spill,FileSystemStorage,65536,10,657810,622501,335432
1779837339.755446,spill,FileSystemStorage,65536,1,65781,141558,33530
1779837339.755565,spill,FileSystemStorage,65536,1,65781,215485,43610
1779837339.756387,spill,FileSystemStorage,65536,2,131562,224578,66419
1779837339.756640,spill,FileSystemStorage,65536,2,131562,219060,72366
1779837339.757579,spill,FileSystemStorage,65536,2,131562,210823,67004
1779837339.757917,spill,FileSystemStorage,65536,1,65781,155402,35118
1779837339.758586,spill,FileSystemStorage,65536,1,65781,131166,37679
1779837339.758607,spill,FileSystemStorage,65536,4,263124,353989,128116
1779837339.759195,spill,FileSystemStorage,65536,3,197343,256418,103017
1779837339.759713,spill,FileSystemStorage,65536,1,65781,231404,43360
1779837339.759796,spill,FileSystemStorage,65536,1,65781,160856,44153
1779837339.760318,spill,FileSystemStorage,65536,1,65781,135495,32878
1779837339.760700,spill,FileSystemStorage,65536,1,65781,190084,41781
1779837339.761148,spill,FileSystemStorage,65536,1,65781,149622,40591
1779837339.761763,spill,FileSystemStorage,65536,1,65781,136555,35900
1779837339.762132,spill,FileSystemStorage,65536,2,131562,179540,69312
1779837339.762381,spill,FileSystemStorage,65536,1,65781,138605,44497
1779837339.762967,spill,FileSystemStorage,65536,2,131562,203748,59013
1779837339.763026,spill,FileSystemStorage,65536,1,65781,141569,53223
1779837339.763772,spill,FileSystemStorage,65536,1,65781,132415,36694
1779837339.763933,spill,FileSystemStorage,65536,1,65781,126526,31957
1779837339.764150,spill,FileSystemStorage,65536,1,65781,124381,34411
1779837339.764678,spill,FileSystemStorage,65536,2,131562,170558,59137
1779837339.764703,spill,FileSystemStorage,65536,1,65781,110561,30489
1779837339.765324,spill,FileSystemStorage,65536,1,65781,127823,31902
1779837339.765731,spill,FileSystemStorage,65536,1,65781,134370,36390
1779837339.765755,spill,FileSystemStorage,65536,1,65781,258207,57790
1779837339.766139,spill,FileSystemStorage,65536,1,65781,134075,38574
1779837339.766397,spill,FileSystemStorage,65536,1,65781,156406,34268
1779837339.766770,spill,FileSystemStorage,65536,1,65781,125795,41254
1779837339.766928,spill,FileSystemStorage,65536,1,65781,150576,34930
1779837339.767146,spill,FileSystemStorage,65536,1,65781,132696,31969
1779837339.767585,spill,FileSystemStorage,65536,1,65781,141328,33200
1779837339.767944,spill,FileSystemStorage,65536,3,197343,233182,96702
1779837339.767956,spill,FileSystemStorage,65536,1,65781,126483,35209
1779837339.768688,spill,FileSystemStorage,65536,2,131562,179508,71295
1779837339.768699,spill,FileSystemStorage,65536,1,65781,126369,35075
1779837339.769245,spill,FileSystemStorage,65536,2,131562,162201,59342
1779837339.769751,spill,FileSystemStorage,65536,2,131562,186568,63945
1779837339.769877,spill,FileSystemStorage,65536,3,197343,206590,84535
1779837339.770418,spill,FileSystemStorage,65536,2,131562,194884,71940
1779837339.770460,spill,FileSystemStorage,65536,1,65781,151828,39271
1779837339.770916,spill,FileSystemStorage,65536,1,65781,158444,31566
1779837339.770992,spill,FileSystemStorage,65536,1,65781,257754,48480
1779837339.771523,spill,FileSystemStorage,65536,1,65781,147904,37946
1779837339.771972,spill,FileSystemStorage,65536,1,65781,120372,38694
1779837339.771985,spill,FileSystemStorage,65536,3,197343,309108,107524
1779837339.772340,spill,FileSystemStorage,65536,1,65781,120486,31550
1779837339.772466,spill,FileSystemStorage,65536,1,65781,161067,32762
1779837339.772854,spill,FileSystemStorage,65536,2,131562,193965,58382
1779837339.773230,spill,FileSystemStorage,65536,7,460467,392155,203332
1779837339.773359,spill,FileSystemStorage,65536,2,131562,203244,67100
1779837339.773701,spill,FileSystemStorage,65536,3,197343,209391,86762
1779837339.773926,spill,FileSystemStorage,65536,1,65781,138837,37795
1779837339.774199,spill,FileSystemStorage,65536,1,65781,128983,34972
1779837339.774470,spill,FileSystemStorage,65536,3,197343,228325,88208
1779837339.774906,spill,FileSystemStorage,65536,1,65781,126207,33077
1779837339.775005,spill,FileSystemStorage,65536,1,65781,143548,38352
1779837339.775597,spill,FileSystemStorage,65536,1,65781,138993,32251
1779837339.776491,spill,FileSystemStorage,65536,1,65781,99990,29709
1779837339.776706,spill,FileSystemStorage,65536,3,197343,257980,93036
1779837339.777034,spill,FileSystemStorage,65536,1,65781,101952,29729
1779837339.777614,spill,FileSystemStorage,65536,1,65781,135417,32673
1779837339.777866,spill,FileSystemStorage,65536,2,131562,152088,59067
1779837339.778582,spill,FileSystemStorage,65536,1826,120116106,115519268,64814012
1779837339.778640,spill,FileSystemStorage,65536,3,197343,239832,100627
1779837339.778641,spill,FileSystemStorage,65536,1,65781,156706,44298
1779837339.779153,spill,FileSystemStorage,65536,1,65781,125027,35645
1779837339.779225,spill,FileSystemStorage,65536,4,263124,277765,118727
1779837339.779841,spill,FileSystemStorage,65536,2000,131562000,117983749,64568492
1779837339.779971,spill,FileSystemStorage,65536,2,131562,183110,73827
1779837339.780445,spill,FileSystemStorage,65536,3,197343,231370,93984
1779837339.780702,spill,FileSystemStorage,65536,1,65781,143139,42654
1779837339.781194,spill,FileSystemStorage,65536,3,197343,304486,102362
1779837339.781892,spill,FileSystemStorage,65536,6,394686,366754,174725
1779837339.782129,spill,FileSystemStorage,65536,1,65781,218995,41269
1779837339.795127,spill,FileSystemStorage,65536,2,131562,285956,74379
1779837339.795562,spill,FileSystemStorage,65536,1,65781,215087,50897
1779837339.795578,spill,FileSystemStorage,65536,2,131562,644132,84521
1779837339.796106,spill,FileSystemStorage,65536,2,131562,630798,80559
1779837339.810249,spill,FileSystemStorage,65536,1,65781,210250,40483
1779837339.810297,spill,FileSystemStorage,65536,1,65781,182008,39149
1779837339.810683,spill,FileSystemStorage,65536,1,65781,197190,43348
1779837339.810762,spill,FileSystemStorage,65536,1,65781,215134,55757
1779837339.816873,spill,FileSystemStorage,65536,1,65781,220760,51506
1779837339.817191,spill,FileSystemStorage,65536,3,197343,307036,103609
1779837339.817194,spill,FileSystemStorage,65536,1,65781,418533,53566
1779837339.817360,spill,FileSystemStorage,65536,1,65781,228190,48213
1779837339.819581,spill,FileSystemStorage,65536,1,65781,190635,40248
1779837339.819811,spill,FileSystemStorage,65536,2,131562,235517,70734
1779837339.819931,spill,FileSystemStorage,65536,1,65781,230601,52335
1779837339.820367,spill,FileSystemStorage,65536,4,263124,652249,134180
1779837339.822580,spill,FileSystemStorage,65536,1,65781,184203,48252
1779837339.822701,spill,FileSystemStorage,65536,5,328905,337207,151131
1779837339.822742,spill,FileSystemStorage,65536,1,65781,223600,49577
1779837339.822936,spill,FileSystemStorage,65536,1,65781,214745,51007
1779837339.826226,spill,FileSystemStorage,65536,1,65781,215385,51089
1779837339.826374,spill,FileSystemStorage,65536,2,131562,239319,70932
1779837339.826544,spill,FileSystemStorage,65536,3,197343,274000,100918
1779837339.827998,spill,FileSystemStorage,65536,1,65781,507581,49588
1779837339.829480,spill,FileSystemStorage,65536,1,65781,200735,45205
1779837339.829498,spill,FileSystemStorage,65536,2,131562,245443,77289
1779837339.829707,spill,FileSystemStorage,65536,1,65781,202039,46605
1779837339.831805,spill,FileSystemStorage,65536,5,328905,456985,181207
1779837339.832684,spill,FileSystemStorage,65536,3,197343,306623,121860
1779837339.832694,spill,FileSystemStorage,65536,1,65781,216122,59360
1779837339.833153,spill,FileSystemStorage,65536,1,65781,196642,41425
1779837339.834164,spill,FileSystemStorage,65536,2,131562,260222,75864
1779837339.834458,spill,FileSystemStorage,65536,1,65781,193157,53124
1779837339.834668,spill,FileSystemStorage,65536,1,65781,155972,42354
1779837339.835005,spill,FileSystemStorage,65536,7,460467,635066,295665
1779837339.835276,spill,FileSystemStorage,65536,2,131562,229294,66364
1779837339.835539,spill,FileSystemStorage,65536,2,131562,204527,67709
1779837339.835629,spill,FileSystemStorage,65536,1,65781,141970,37812
1779837339.836135,spill,FileSystemStorage,65536,2,131562,198795,69390
1779837339.836163,spill,FileSystemStorage,65536,2,131562,286492,93898
1779837339.836559,spill,FileSystemStorage,65536,1,65781,186196,43133
1779837339.836597,spill,FileSystemStorage,65536,2,131562,221748,78404
1779837339.836862,spill,FileSystemStorage,65536,2,131562,245355,86852
1779837339.837120,spill,FileSystemStorage,65536,1,65781,119712,33869
1779837339.837210,spill,FileSystemStorage,65536,1,65781,134820,34794
1779837339.837600,spill,FileSystemStorage,65536,1,65781,147510,41780
1779837339.837620,spill,FileSystemStorage,65536,3,197343,239889,105911
1779837339.837628,spill,FileSystemStorage,65536,1,65781,199023,57431
1779837339.838032,spill,FileSystemStorage,65536,1,65781,211122,46235
1779837339.838338,spill,FileSystemStorage,65536,2,131562,225288,79659
1779837339.838377,spill,FileSystemStorage,65536,2,131562,167967,61559
1779837339.838695,spill,FileSystemStorage,65536,2,131562,215737,66045
1779837339.838939,spill,FileSystemStorage,65536,2,131562,244965,76639
1779837339.838970,spill,FileSystemStorage,65536,1,65781,143086,38031
1779837339.839242,spill,FileSystemStorage,65536,3,197343,344179,124033
1779837339.839296,spill,FileSystemStorage,65536,1,65781,147983,36798
1779837339.839793,spill,FileSystemStorage,65536,2,131562,170070,59020
1779837339.840009,spill,FileSystemStorage,65536,2,131562,238042,77484
1779837339.840225,spill,FileSystemStorage,65536,1,65781,120049,39133
1779837339.840234,spill,FileSystemStorage,65536,2,131562,252408,78569
1779837339.840374,spill,FileSystemStorage,65536,1,65781,210997,41675
1779837339.840833,spill,FileSystemStorage,65536,1,65781,131924,35235
1779837339.840954,spill,FileSystemStorage,65536,2,131562,251730,72957
1779837339.841063,spill,FileSystemStorage,65536,1,65781,229029,56933
1779837339.841274,spill,FileSystemStorage,65536,1,65781,154613,38832
1779837339.841283,spill,FileSystemStorage,65536,1,65781,205151,50979
1779837339.841628,spill,FileSystemStorage,65536,1,65781,156380,37527
1779837339.841655,spill,FileSystemStorage,65536,1,65781,149949,40734
1779837339.841879,spill,FileSystemStorage,65536,2,131562,180975,74056
1779837339.842241,spill,FileSystemStorage,65536,3,197343,309308,122860
1779837339.842435,spill,FileSystemStorage,65536,2,131562,169323,60183
1779837339.842468,spill,FileSystemStorage,65536,1,65781,120761,33852
1779837339.842600,spill,FileSystemStorage,65536,1,65781,197334,45535
1779837339.842951,spill,FileSystemStorage,65536,2,131562,191449,75167
1779837339.842964,spill,FileSystemStorage,65536,1,65781,141931,40142
1779837339.843071,spill,FileSystemStorage,65536,3,197343,414560,140499
1779837339.843148,spill,FileSystemStorage,65536,1,65781,148470,34496
1779837339.843630,spill,FileSystemStorage,65536,1,65781,156019,40433
1779837339.843786,spill,FileSystemStorage,65536,1,65781,157375,49518
1779837339.843929,spill,FileSystemStorage,65536,2,131562,233142,78876
1779837339.844015,spill,FileSystemStorage,65536,4,263124,296570,122768
1779837339.844465,spill,FileSystemStorage,65536,2,131562,176542,69543
1779837339.844672,spill,FileSystemStorage,65536,2,131562,174035,60449
1779837339.844735,spill,FileSystemStorage,65536,1,65781,184804,50484
1779837339.844784,spill,FileSystemStorage,65536,1,65781,153727,38098
1779837345.205141,restore,FileSystemStorage,65536,1,65781,840274,745610
1779837345.207905,restore,FileSystemStorage,65536,1,65781,810578,740800
1779837345.210890,restore,FileSystemStorage,65536,1,65781,558621,494503
1779837345.213590,restore,FileSystemStorage,65536,1,65781,185237,149751
1779837345.216119,restore,FileSystemStorage,65536,1,65781,535517,460188
1779837345.218316,restore,FileSystemStorage,65536,1,65781,207482,147640
1779837345.219852,restore,FileSystemStorage,65536,1,65781,241283,164372
1779837345.221845,restore,FileSystemStorage,65536,1,65781,188595,141905
1779837345.224036,restore,FileSystemStorage,65536,1,65781,204678,160225
1779837345.226219,restore,FileSystemStorage,65536,1,65781,164520,127729
1779837345.228697,restore,FileSystemStorage,65536,1,65781,177987,138751
1779837345.230533,restore,FileSystemStorage,65536,1,65781,148071,115015
1779837345.233096,restore,FileSystemStorage,65536,1,65781,255841,183012
1779837345.234518,restore,FileSystemStorage,65536,1,65781,183880,137738
1779837345.236185,restore,FileSystemStorage,65536,1,65781,180623,132967
1779837345.238355,restore,FileSystemStorage,65536,1,65781,155132,121127
1779837345.241098,restore,FileSystemStorage,65536,1,65781,685016,611496
1779837345.244408,restore,FileSystemStorage,65536,1,65781,549520,504878
1779837345.248288,restore,FileSystemStorage,65536,1,65781,680696,606238
1779837345.252707,restore,FileSystemStorage,65536,1,65781,625027,551194
1779837345.256739,restore,FileSystemStorage,65536,1,65781,636487,578865
1779837345.260687,restore,FileSystemStorage,65536,1,65781,675076,586752
1779837345.264001,restore,FileSystemStorage,65536,1,65781,692616,606537
1779837345.267006,restore,FileSystemStorage,65536,1,65781,280499,213045
1779837345.270511,restore,FileSystemStorage,65536,1,65781,542113,467021
1779837345.274655,restore,FileSystemStorage,65536,1,65781,599443,527429
1779837345.278544,restore,FileSystemStorage,65536,1,65781,279866,204095
1779837345.282697,restore,FileSystemStorage,65536,1,65781,390866,315315
1779837345.287709,restore,FileSystemStorage,65536,1,65781,842838,755547
1779837345.290714,restore,FileSystemStorage,65536,1,65781,375934,299401
1779837345.294147,restore,FileSystemStorage,65536,1,65781,235729,175820
1779837345.296498,restore,FileSystemStorage,65536,1,65781,558949,514199
1779837345.299636,restore,FileSystemStorage,65536,1,65781,644411,597674
1779837345.303800,restore,FileSystemStorage,65536,1,65781,870953,818979
1779837345.308559,restore,FileSystemStorage,65536,1,65781,922872,838911
1779837345.312919,restore,FileSystemStorage,65536,1,65781,758028,684955
1779837345.316971,restore,FileSystemStorage,65536,1,65781,701172,642306
1779837345.320791,restore,FileSystemStorage,65536,1,65781,662041,592118
1779837345.324772,restore,FileSystemStorage,65536,1,65781,660788,592020
1779837345.329065,restore,FileSystemStorage,65536,1,65781,760252,699241
1779837345.333101,restore,FileSystemStorage,65536,1,65781,646281,585130
1779837345.337843,restore,FileSystemStorage,65536,1,65781,707250,638074
1779837345.342675,restore,FileSystemStorage,65536,1,65781,641931,575918
1779837345.347790,restore,FileSystemStorage,65536,1,65781,924785,847611
1779837345.352272,restore,FileSystemStorage,65536,1,65781,723595,643678
1779837345.355976,restore,FileSystemStorage,65536,1,65781,646749,584899
1779837345.360883,restore,FileSystemStorage,65536,1,65781,692236,615493
1779837345.364716,restore,FileSystemStorage,65536,1,65781,655250,581677
1779837345.367287,restore,FileSystemStorage,65536,1,65781,264730,206942
1779837345.368706,restore,FileSystemStorage,65536,1,65781,180341,133218
1779837345.371462,restore,FileSystemStorage,65536,1,65781,553236,514240
1779837345.375830,restore,FileSystemStorage,65536,1,65781,438056,401780
1779837345.380836,restore,FileSystemStorage,65536,1,65781,609399,533264
1779837345.385431,restore,FileSystemStorage,65536,1,65781,610629,549346
1779837345.390179,restore,FileSystemStorage,65536,1,65781,617658,567788
1779837345.394505,restore,FileSystemStorage,65536,1,65781,550683,482590
1779837345.398610,restore,FileSystemStorage,65536,1,65781,624003,556032
1779837345.402751,restore,FileSystemStorage,65536,1,65781,381806,314085
1779837345.407710,restore,FileSystemStorage,65536,1,65781,818266,740562
1779837345.410681,restore,FileSystemStorage,65536,1,65781,366257,300961
1779837345.413955,restore,FileSystemStorage,65536,1,65781,240097,171725
1779837345.417051,restore,FileSystemStorage,65536,1,65781,197868,148902
1779837345.420461,restore,FileSystemStorage,65536,1,65781,561578,522546
1779837345.424463,restore,FileSystemStorage,65536,1,65781,436273,362466
1779837345.428755,restore,FileSystemStorage,65536,1,65781,635375,560994
1779837345.433172,restore,FileSystemStorage,65536,1,65781,598605,529086
1779837345.435968,restore,FileSystemStorage,65536,1,65781,563913,485475
1779837345.439911,restore,FileSystemStorage,65536,1,65781,983202,892489
1779837345.443876,restore,FileSystemStorage,65536,1,65781,953922,852888
1779837345.447948,restore,FileSystemStorage,65536,1,65781,1028077,934003
1779837345.452790,restore,FileSystemStorage,65536,1,65781,721805,639265
1779837345.456676,restore,FileSystemStorage,65536,1,65781,261204,189397
1779837345.461261,restore,FileSystemStorage,65536,1,65781,584440,513743
1779837345.466208,restore,FileSystemStorage,65536,1,65781,749060,676779
1779837345.469412,restore,FileSystemStorage,65536,1,65781,631115,554935
1779837345.472055,restore,FileSystemStorage,65536,1,65781,258553,186582
1779837345.473678,restore,FileSystemStorage,65536,1,65781,174527,132690
1779837345.476078,restore,FileSystemStorage,65536,1,65781,822503,712992
1779837345.477983,restore,FileSystemStorage,65536,1,65781,245460,171808
1779837345.479877,restore,FileSystemStorage,65536,1,65781,277519,204634
1779837345.481692,restore,FileSystemStorage,65536,1,65781,176843,131094
1779837345.483196,restore,FileSystemStorage,65536,1,65781,206453,167786
1779837345.485030,restore,FileSystemStorage,65536,1,65781,147802,110535
1779837345.486822,restore,FileSystemStorage,65536,1,65781,154671,125351
1779837345.489371,restore,FileSystemStorage,65536,1,65781,151628,120570
1779837345.490629,restore,FileSystemStorage,65536,1,65781,136332,111261
1779837345.492953,restore,FileSystemStorage,65536,1,65781,229642,157144
1779837345.494696,restore,FileSystemStorage,65536,1,65781,162168,122466
1779837345.497209,restore,FileSystemStorage,65536,1,65781,234353,157661
1779837345.498656,restore,FileSystemStorage,65536,1,65781,166211,122021
1779837345.501383,restore,FileSystemStorage,65536,1,65781,252424,178710
1779837345.503888,restore,FileSystemStorage,65536,1,65781,876345,815974
1779837345.506028,restore,FileSystemStorage,65536,1,65781,200661,146791
1779837345.508277,restore,FileSystemStorage,65536,1,65781,242818,167134
1779837345.509970,restore,FileSystemStorage,65536,1,65781,167661,125399
1779837345.512317,restore,FileSystemStorage,65536,1,65781,164863,131499
1779837345.514364,restore,FileSystemStorage,65536,1,65781,140326,113203
1779837345.516842,restore,FileSystemStorage,65536,1,65781,150525,115005
1779837345.520308,restore,FileSystemStorage,65536,1,65781,679231,596713
1779837345.523785,restore,FileSystemStorage,65536,1,65781,780744,721844
1779837345.528231,restore,FileSystemStorage,65536,1,65781,733029,651505
1779837345.533047,restore,FileSystemStorage,65536,1,65781,672937,593848
1779837345.536737,restore,FileSystemStorage,65536,1,65781,830995,742044
1779837345.539882,restore,FileSystemStorage,65536,1,65781,639759,561038
1779837345.542854,restore,FileSystemStorage,65536,1,65781,207714,165367
1779837345.546618,restore,FileSystemStorage,65536,1,65781,664134,585651
1779837345.549803,restore,FileSystemStorage,65536,1,65781,573048,494685
1779837345.554563,restore,FileSystemStorage,65536,1,65781,430414,353784
1779837345.558856,restore,FileSystemStorage,65536,1,65781,440480,360911
1779837345.560246,restore,FileSystemStorage,65536,1,65781,241859,161671
1779837345.561179,restore,FileSystemStorage,65536,1,65781,261427,214725
1779837345.562632,restore,FileSystemStorage,65536,1,65781,280348,218076
1779837345.564613,restore,FileSystemStorage,65536,1,65781,258509,175199
1779837345.566626,restore,FileSystemStorage,65536,1,65781,176791,135880
1779837345.567787,restore,FileSystemStorage,65536,1,65781,227322,182130
1779837345.571125,restore,FileSystemStorage,65536,1,65781,223887,184851
1779837345.574266,restore,FileSystemStorage,65536,1,65781,490892,456800
1779837345.578938,restore,FileSystemStorage,65536,1,65781,424721,353985
1779837345.582261,restore,FileSystemStorage,65536,1,65781,250512,182692
1779837345.585878,restore,FileSystemStorage,65536,1,65781,650468,582765
1779837345.590756,restore,FileSystemStorage,65536,1,65781,407055,337681
1779837345.594726,restore,FileSystemStorage,65536,1,65781,386549,321226
1779837345.598004,restore,FileSystemStorage,65536,1,65781,461788,392463
1779837345.601021,restore,FileSystemStorage,65536,1,65781,506195,429774
1779837345.605369,restore,FileSystemStorage,65536,1,65781,659497,586418
1779837345.610062,restore,FileSystemStorage,65536,1,65781,274318,205550
1779837345.613344,restore,FileSystemStorage,65536,1,65781,237900,169259
1779837345.618596,restore,FileSystemStorage,65536,1,65781,666847,597573
1779837345.621891,restore,FileSystemStorage,65536,1,65781,385104,312103
1779837345.626141,restore,FileSystemStorage,65536,1,65781,584156,514144
1779837345.630784,restore,FileSystemStorage,65536,1,65781,250822,182172
1779837345.634612,restore,FileSystemStorage,65536,1,65781,421291,336245
1779837345.638744,restore,FileSystemStorage,65536,1,65781,382252,314875
1779837345.642356,restore,FileSystemStorage,65536,1,65781,245822,172880
1779837345.646682,restore,FileSystemStorage,65536,1,65781,571277,502254
1779837345.651063,restore,FileSystemStorage,65536,1,65781,375062,304825
1779837345.656075,restore,FileSystemStorage,65536,1,65781,744489,697280
1779837345.660032,restore,FileSystemStorage,65536,1,65781,676638,598022
1779837345.661226,restore,FileSystemStorage,65536,1,65781,252097,176993
1779837345.663997,restore,FileSystemStorage,65536,1,65781,660338,585401
1779837345.667372,restore,FileSystemStorage,65536,1,65781,194820,148313
1779837345.670322,restore,FileSystemStorage,65536,1,65781,642272,614032
1779837345.673716,restore,FileSystemStorage,65536,1,65781,587478,561348
1779837345.677939,restore,FileSystemStorage,65536,1,65781,659449,590901
1779837345.682782,restore,FileSystemStorage,65536,1,65781,346001,307538
1779837345.686843,restore,FileSystemStorage,65536,1,65781,448835,377245
1779837345.693310,restore,FileSystemStorage,65536,1,65781,708330,635898
1779837345.698946,restore,FileSystemStorage,65536,1,65781,403319,334267
1779837345.702143,restore,FileSystemStorage,65536,1,65781,635158,565844
1779837345.706798,restore,FileSystemStorage,65536,1,65781,404624,334167
1779837345.711079,restore,FileSystemStorage,65536,1,65781,424038,349431
1779837345.716056,restore,FileSystemStorage,65536,1,65781,1006865,944903
1779837345.720885,restore,FileSystemStorage,65536,1,65781,743970,675328
1779837345.725028,restore,FileSystemStorage,65536,1,65781,602744,533202
1779837345.729779,restore,FileSystemStorage,65536,1,65781,599034,526519
1779837345.733476,restore,FileSystemStorage,65536,1,65781,243820,174765
1779837345.736389,restore,FileSystemStorage,65536,1,65781,271876,198670
1779837345.741156,restore,FileSystemStorage,65536,1,65781,598730,529386
1779837345.743281,restore,FileSystemStorage,65536,1,65781,197752,156364
1779837345.744669,restore,FileSystemStorage,65536,1,65781,170956,140617
1779837345.745886,restore,FileSystemStorage,65536,1,65781,137109,111698
1779837351.183626,spill,FileSystemStorage,131072,1,131317,551541,71364
1779837351.184480,spill,FileSystemStorage,131072,5,656585,1087629,283500
1779837351.185148,spill,FileSystemStorage,131072,1,131317,222327,73086
1779837351.185308,spill,FileSystemStorage,131072,7,919219,785318,396583
1779837351.185655,spill,FileSystemStorage,131072,1,131317,189130,65846
1779837351.185905,spill,FileSystemStorage,131072,2,262634,264718,111348
1779837351.186075,spill,FileSystemStorage,131072,1,131317,169782,62342
1779837351.186705,spill,FileSystemStorage,131072,1,131317,286603,81799
1779837351.186764,spill,FileSystemStorage,131072,4,525268,434797,234610
1779837351.187293,spill,FileSystemStorage,131072,1,131317,185128,60084
1779837351.187670,spill,FileSystemStorage,131072,5,656585,587242,282889
1779837351.188942,spill,FileSystemStorage,131072,1,131317,908044,73000
1779837351.188987,spill,FileSystemStorage,131072,3,393951,1420612,171056
1779837351.189505,spill,FileSystemStorage,131072,1,131317,167994,62601
1779837351.189576,spill,FileSystemStorage,131072,1,131317,164825,68377
1779837351.189903,spill,FileSystemStorage,131072,1,131317,157132,57138
1779837351.190110,spill,FileSystemStorage,131072,2,262634,274242,122769
1779837351.190289,spill,FileSystemStorage,131072,1,131317,147873,55966
1779837351.190410,spill,FileSystemStorage,131072,1,131317,529823,72902
1779837351.190516,spill,FileSystemStorage,131072,1,131317,168020,57325
1779837351.191177,spill,FileSystemStorage,131072,3,393951,405060,207096
1779837351.191261,spill,FileSystemStorage,131072,5,656585,605331,329282
1779837351.191389,spill,FileSystemStorage,131072,3,393951,511336,189879
1779837351.192187,spill,FileSystemStorage,131072,3,393951,337072,169905
1779837351.192593,spill,FileSystemStorage,131072,1,131317,408848,63064
1779837351.192642,spill,FileSystemStorage,131072,1,131317,281878,68766
1779837351.192924,spill,FileSystemStorage,131072,1,131317,185734,60698
1779837351.193254,spill,FileSystemStorage,131072,4,525268,409531,230851
1779837351.193342,spill,FileSystemStorage,131072,1,131317,151725,62967
1779837351.193345,spill,FileSystemStorage,131072,3,393951,408465,198199
1779837351.193759,spill,FileSystemStorage,131072,1,131317,168854,65406
1779837351.193849,spill,FileSystemStorage,131072,1,131317,183737,65292
1779837351.194066,spill,FileSystemStorage,131072,5,656585,510951,286561
1779837351.194246,spill,FileSystemStorage,131072,2,262634,262229,123762
1779837351.194344,spill,FileSystemStorage,131072,2,262634,261041,119649
1779837351.194556,spill,FileSystemStorage,131072,2,262634,231315,107355
1779837351.194841,spill,FileSystemStorage,131072,1,131317,208417,87948
1779837351.194902,spill,FileSystemStorage,131072,4,525268,429979,223588
1779837351.194956,spill,FileSystemStorage,131072,1,131317,177520,63472
1779837351.195494,spill,FileSystemStorage,131072,2,262634,295108,131110
1779837351.195657,spill,FileSystemStorage,131072,2,262634,307537,141044
1779837351.195672,spill,FileSystemStorage,131072,4,525268,414306,242338
1779837351.196086,spill,FileSystemStorage,131072,1,131317,172472,66416
1779837351.196172,spill,FileSystemStorage,131072,1,131317,193353,79312
1779837351.196184,spill,FileSystemStorage,131072,2,262634,250894,125694
1779837351.196835,spill,FileSystemStorage,131072,3,393951,343583,187070
1779837351.196873,spill,FileSystemStorage,131072,2,262634,275859,141853
1779837351.196918,spill,FileSystemStorage,131072,3,393951,362034,193913
1779837351.197290,spill,FileSystemStorage,131072,1,131317,176028,69938
1779837351.197497,spill,FileSystemStorage,131072,1,131317,163907,68553
1779837351.197621,spill,FileSystemStorage,131072,3,393951,365914,187183
1779837351.197671,spill,FileSystemStorage,131072,1,131317,147528,59869
1779837351.198206,spill,FileSystemStorage,131072,4,525268,430498,251165
1779837351.198221,spill,FileSystemStorage,131072,2,262634,293434,133330
1779837351.198405,spill,FileSystemStorage,131072,3,393951,356887,194347
1779837351.198692,spill,FileSystemStorage,131072,1,131317,191240,64297
1779837351.198895,spill,FileSystemStorage,131072,1,131317,201492,82778
1779837351.199316,spill,FileSystemStorage,131072,1,131317,180094,63862
1779837351.199297,spill,FileSystemStorage,131072,2,262634,424315,152668
1779837351.199645,spill,FileSystemStorage,131072,1,131317,301985,83895
1779837351.199786,spill,FileSystemStorage,131072,1,131317,272798,93809
1779837351.200192,spill,FileSystemStorage,131072,4,525268,515257,254847
1779837351.200284,spill,FileSystemStorage,131072,2,262634,293001,133720
1779837351.200369,spill,FileSystemStorage,131072,1,131317,181772,66820
1779837351.200889,spill,FileSystemStorage,131072,1,131317,217867,70212
1779837351.200986,spill,FileSystemStorage,131072,1,131317,198345,76323
1779837351.200997,spill,FileSystemStorage,131072,4,525268,491873,272596
1779837351.201422,spill,FileSystemStorage,131072,2,262634,268827,136196
1779837351.201561,spill,FileSystemStorage,131072,1,131317,196995,68960
1779837351.201665,spill,FileSystemStorage,131072,3,393951,365065,204079
1779837351.201994,spill,FileSystemStorage,131072,1,131317,182926,71617
1779837351.202198,spill,FileSystemStorage,131072,1,131317,179394,69733
1779837351.202314,spill,FileSystemStorage,131072,3,393951,379226,211140
1779837351.202505,spill,FileSystemStorage,131072,1,131317,190594,74174
1779837351.202637,spill,FileSystemStorage,131072,1,131317,165612,63927
1779837351.202795,spill,FileSystemStorage,131072,1,131317,179137,64890
1779837351.203274,spill,FileSystemStorage,131072,2,262634,312228,136361
1779837351.203289,spill,FileSystemStorage,131072,2,262634,421907,157866
1779837351.203613,spill,FileSystemStorage,131072,4,525268,436077,241347
1779837351.203672,spill,FileSystemStorage,131072,1,131317,169662,66078
1779837351.204117,spill,FileSystemStorage,131072,1,131317,157024,71242
1779837351.204133,spill,FileSystemStorage,131072,4,525268,495014,259458
1779837351.204571,spill,FileSystemStorage,131072,5,656585,572316,324238
1779837351.204813,spill,FileSystemStorage,131072,4,525268,490709,259068
1779837351.204831,spill,FileSystemStorage,131072,2,262634,330043,157581
1779837351.205044,spill,FileSystemStorage,131072,1,131317,195859,77336
1779837351.205434,spill,FileSystemStorage,131072,1,131317,197281,81162
1779837351.205623,spill,FileSystemStorage,131072,4,525268,449626,266475
1779837351.205864,spill,FileSystemStorage,131072,4,525268,466832,269303
1779837351.205913,spill,FileSystemStorage,131072,1,131317,173213,73523
1779837351.206315,spill,FileSystemStorage,131072,1,131317,194615,79944
1779837351.206335,spill,FileSystemStorage,131072,4,525268,431462,257327
1779837351.206420,spill,FileSystemStorage,131072,1,131317,187018,74188
1779837351.206820,spill,FileSystemStorage,131072,1,131317,189115,64252
1779837351.206958,spill,FileSystemStorage,131072,1,131317,198375,76614
1779837351.206964,spill,FileSystemStorage,131072,2,262634,276502,139382
1779837351.207700,spill,FileSystemStorage,131072,1,131317,550384,69506
1779837351.207851,spill,FileSystemStorage,131072,2,262634,304392,140585
1779837351.207890,spill,FileSystemStorage,131072,3,393951,392055,206659
1779837351.208785,spill,FileSystemStorage,131072,3,393951,357944,189375
1779837351.208837,spill,FileSystemStorage,131072,1,131317,261722,76033
1779837351.208877,spill,FileSystemStorage,131072,2,262634,278444,124906
1779837351.209229,spill,FileSystemStorage,131072,1,131317,168704,63005
1779837351.209374,spill,FileSystemStorage,131072,1,131317,198084,74076
1779837351.209388,spill,FileSystemStorage,131072,1,131317,171250,68321
1779837351.209774,spill,FileSystemStorage,131072,2,262634,258806,123241
1779837351.209899,spill,FileSystemStorage,131072,1,131317,209473,76901
1779837351.209944,spill,FileSystemStorage,131072,1,131317,151426,65276
1779837351.210214,spill,FileSystemStorage,131072,1,131317,162554,58745
1779837351.210479,spill,FileSystemStorage,131072,1,131317,163696,70636
1779837351.210677,spill,FileSystemStorage,131072,1,131317,161186,69049
1779837351.210773,spill,FileSystemStorage,131072,4,525268,493203,272882
1779837351.210943,spill,FileSystemStorage,131072,1,131317,202853,79488
1779837351.211281,spill,FileSystemStorage,131072,2,262634,287701,118708
1779837351.211624,spill,FileSystemStorage,131072,3,393951,373280,194006
1779837351.211793,spill,FileSystemStorage,131072,3,393951,351208,187886
1779837351.211876,spill,FileSystemStorage,131072,1,131317,182748,78179
1779837351.212246,spill,FileSystemStorage,131072,1,131317,183607,63190
1779837351.212559,spill,FileSystemStorage,131072,2,262634,309861,147005
1779837351.212814,spill,FileSystemStorage,131072,3,393951,368444,200758
1779837351.212876,spill,FileSystemStorage,131072,2,262634,258673,129700
1779837351.212989,spill,FileSystemStorage,131072,1,131317,171612,62450
1779837351.213339,spill,FileSystemStorage,131072,1,131317,202063,68766
1779837351.213566,spill,FileSystemStorage,131072,3,393951,348678,192965
1779837351.213596,spill,FileSystemStorage,131072,2,262634,262794,132479
1779837351.213812,spill,FileSystemStorage,131072,1,131317,168452,58968
1779837351.214113,spill,FileSystemStorage,131072,1,131317,184183,73737
1779837351.214296,spill,FileSystemStorage,131072,1,131317,177853,70939
1779837351.214372,spill,FileSystemStorage,131072,5,656585,522819,309537
1779837351.214549,spill,FileSystemStorage,131072,1,131317,151274,62005
1779837351.215152,spill,FileSystemStorage,131072,1,131317,231550,72905
1779837351.215260,spill,FileSystemStorage,131072,1,131317,167233,67612
1779837351.215262,spill,FileSystemStorage,131072,5,656585,590119,345082
1779837351.215819,spill,FileSystemStorage,131072,2,262634,276599,140600
1779837351.215836,spill,FileSystemStorage,131072,2,262634,253275,125246
1779837351.216120,spill,FileSystemStorage,131072,2,262634,334185,132270
1779837351.216250,spill,FileSystemStorage,131072,1,131317,159876,65221
1779837351.216363,spill,FileSystemStorage,131072,2,262634,238867,124951
1779837351.216698,spill,FileSystemStorage,131072,2,262634,280481,126623
1779837351.216760,spill,FileSystemStorage,131072,1,131317,188606,67083
1779837351.217010,spill,FileSystemStorage,131072,3,393951,312739,175716
1779837351.217148,spill,FileSystemStorage,131072,1,131317,173156,65930
1779837351.217439,spill,FileSystemStorage,131072,3,393951,372961,203146
1779837351.217498,spill,FileSystemStorage,131072,2,262634,255585,128056
1779837351.217548,spill,FileSystemStorage,131072,1,131317,162018,59997
1779837351.217890,spill,FileSystemStorage,131072,1,131317,178820,62046
1779837351.218072,spill,FileSystemStorage,131072,1,131317,186920,85333
1779837351.218085,spill,FileSystemStorage,131072,2,262634,244368,127342
1779837351.218454,spill,FileSystemStorage,131072,3,393951,355787,186062
1779837351.218493,spill,FileSystemStorage,131072,1,131317,162109,63030
1779837351.218839,spill,FileSystemStorage,131072,4,525268,423222,246596
1779837351.218998,spill,FileSystemStorage,131072,1,131317,225201,71387
1779837351.219012,spill,FileSystemStorage,131072,2,262634,281457,146719
1779837351.219335,spill,FileSystemStorage,131072,1,131317,171783,67305
1779837351.219493,spill,FileSystemStorage,131072,2,262634,258841,123733
1779837351.219644,spill,FileSystemStorage,131072,2,262634,304480,147789
1779837351.219894,spill,FileSystemStorage,131072,3,393951,322345,177260
1779837351.220031,spill,FileSystemStorage,131072,2,262634,307392,136689
1779837351.220182,spill,FileSystemStorage,131072,2,262634,271227,142397
1779837351.220479,spill,FileSystemStorage,131072,1,131317,202100,69556
1779837351.220547,spill,FileSystemStorage,131072,3,393951,381247,192959
1779837351.220700,spill,FileSystemStorage,131072,2,262634,236397,119568
1779837351.221100,spill,FileSystemStorage,131072,3,393951,341055,185531
1779837351.221167,spill,FileSystemStorage,131072,1,131317,160627,69762
1779837351.221265,spill,FileSystemStorage,131072,3,393951,355112,193019
1779837351.221656,spill,FileSystemStorage,131072,2,262634,279569,145238
1779837351.221772,spill,FileSystemStorage,131072,1,131317,188403,77134
1779837351.221907,spill,FileSystemStorage,131072,4,525268,433016,261567
1779837351.222179,spill,FileSystemStorage,131072,2,262634,269072,124296
1779837351.222189,spill,FileSystemStorage,131072,1,131317,170496,73871
1779837351.222508,spill,FileSystemStorage,131072,3,393951,348920,197141
1779837351.222634,spill,FileSystemStorage,131072,1,131317,198619,70033
1779837351.222727,spill,FileSystemStorage,131072,2,262634,277731,125872
1779837351.222993,spill,FileSystemStorage,131072,1,131317,228049,75731
1779837351.223236,spill,FileSystemStorage,131072,1,131317,180323,74545
1779837351.223322,spill,FileSystemStorage,131072,3,393951,398892,204923
1779837351.223943,spill,FileSystemStorage,131072,1,131317,178232,71851
1779837351.223959,spill,FileSystemStorage,131072,3,393951,353429,204152
1779837351.224055,spill,FileSystemStorage,131072,1,131317,271708,86740
1779837351.224485,spill,FileSystemStorage,131072,2,262634,260371,134245
1779837351.224519,spill,FileSystemStorage,131072,3,393951,349798,190729
1779837351.224571,spill,FileSystemStorage,131072,1,131317,182947,64708
1779837351.224877,spill,FileSystemStorage,131072,1,131317,174223,76927
1779837351.225084,spill,FileSystemStorage,131072,1,131317,156346,63125
1779837351.225142,spill,FileSystemStorage,131072,1,131317,165620,77557
1779837351.225460,spill,FileSystemStorage,131072,2,262634,249332,119843
1779837351.225610,spill,FileSystemStorage,131072,1,131317,162644,60994
1779837351.225673,spill,FileSystemStorage,131072,1,131317,173929,66485
1779837351.225868,spill,FileSystemStorage,131072,1,131317,160916,65715
1779837351.226068,spill,FileSystemStorage,131072,1,131317,188086,82934
1779837351.226133,spill,FileSystemStorage,131072,1,131317,158766,61373
1779837351.226342,spill,FileSystemStorage,131072,1,131317,200155,67747
1779837351.226531,spill,FileSystemStorage,131072,1,131317,147765,62698
1779837351.226703,spill,FileSystemStorage,131072,1,131317,290464,76222
1779837351.226812,spill,FileSystemStorage,131072,1,131317,175205,67118
1779837351.227120,spill,FileSystemStorage,131072,2,262634,323647,147737
1779837351.227283,spill,FileSystemStorage,131072,1,131317,213362,69225
1779837351.227343,spill,FileSystemStorage,131072,1,131317,167629,73041
1779837351.227863,spill,FileSystemStorage,131072,1,131317,302120,85027
1779837351.227921,spill,FileSystemStorage,131072,2,262634,279442,132943
1779837351.228125,spill,FileSystemStorage,131072,4,525268,494432,270415
1779837351.228392,spill,FileSystemStorage,131072,1,131317,169406,68056
1779837351.228472,spill,FileSystemStorage,131072,2,262634,302769,131624
1779837351.228724,spill,FileSystemStorage,131072,2,262634,280383,129426
1779837351.228817,spill,FileSystemStorage,131072,1,131317,158219,61529
1779837351.229037,spill,FileSystemStorage,131072,2,262634,267149,128297
1779837351.229348,spill,FileSystemStorage,131072,3,393951,386852,202652
1779837351.229463,spill,FileSystemStorage,131072,3,393951,349455,190044
1779837351.229486,spill,FileSystemStorage,131072,1,131317,193258,75794
1779837351.230002,spill,FileSystemStorage,131072,1,131317,189683,74889
1779837351.230041,spill,FileSystemStorage,131072,1,131317,165427,68546
1779837351.230078,spill,FileSystemStorage,131072,3,393951,408410,207345
1779837351.230402,spill,FileSystemStorage,131072,1,131317,162418,68323
1779837351.230511,spill,FileSystemStorage,131072,1,131317,154482,59202
1779837351.230747,spill,FileSystemStorage,131072,2,262634,275449,124282
1779837351.230967,spill,FileSystemStorage,131072,2,262634,292552,148768
1779837351.231023,spill,FileSystemStorage,131072,1,131317,224045,93335
1779837351.231396,spill,FileSystemStorage,131072,2,262634,271934,132317
1779837351.231544,spill,FileSystemStorage,131072,2,262634,246757,120531
1779837351.231698,spill,FileSystemStorage,131072,1,131317,179489,64316
1779837351.231916,spill,FileSystemStorage,131072,1,131317,189832,69233
1779837351.232012,spill,FileSystemStorage,131072,1,131317,166313,65805
1779837351.232157,spill,FileSystemStorage,131072,1,131317,184864,69929
1779837351.232545,spill,FileSystemStorage,131072,2,262634,265283,146423
1779837351.232624,spill,FileSystemStorage,131072,4,525268,443944,259921
1779837351.232685,spill,FileSystemStorage,131072,2,262634,239917,123932
1779837351.232967,spill,FileSystemStorage,131072,1,131317,159554,61217
1779837351.233143,spill,FileSystemStorage,131072,1,131317,169860,62541
1779837351.233269,spill,FileSystemStorage,131072,1,131317,186533,73317
1779837351.233709,spill,FileSystemStorage,131072,1,131317,173988,81024
1779837351.233849,spill,FileSystemStorage,131072,1,131317,176673,74966
1779837351.233859,spill,FileSystemStorage,131072,5,656585,530935,328697
1779837351.234073,spill,FileSystemStorage,131072,1,131317,169755,58908
1779837351.234285,spill,FileSystemStorage,131072,1,131317,159820,68748
1779837351.234369,spill,FileSystemStorage,131072,1,131317,185911,71771
1779837351.234528,spill,FileSystemStorage,131072,1,131317,151047,62223
1779837351.234735,spill,FileSystemStorage,131072,1,131317,153100,61382
1779837351.234894,spill,FileSystemStorage,131072,1,131317,195194,86192
1779837351.235034,spill,FileSystemStorage,131072,1,131317,203844,91648
1779837351.235538,spill,FileSystemStorage,131072,1,131317,168569,71534
1779837351.235533,spill,FileSystemStorage,131072,4,525268,441927,254576
1779837351.235559,spill,FileSystemStorage,131072,2,262634,290133,143334
1779837351.235917,spill,FileSystemStorage,131072,1,131317,146837,60458
1779837351.236033,spill,FileSystemStorage,131072,1,131317,172362,71217
1779837351.236247,spill,FileSystemStorage,131072,2,262634,271288,139395
1779837351.237101,spill,FileSystemStorage,131072,2,262634,850915,129933
1779837351.237301,spill,FileSystemStorage,131072,2,262634,293999,157285
1779837351.237686,spill,FileSystemStorage,131072,2,262634,291240,124404
1779837351.239093,spill,FileSystemStorage,131072,2,262634,321202,129973
1779837351.239187,spill,FileSystemStorage,131072,1,131317,178059,64635
1779837351.239524,spill,FileSystemStorage,131072,1,131317,215793,67479
1779837351.240151,spill,FileSystemStorage,131072,2,262634,289089,134249
1779837351.240417,spill,FileSystemStorage,131072,1,131317,252863,73680
1779837351.240476,spill,FileSystemStorage,131072,1,131317,183982,69294
1779837351.240913,spill,FileSystemStorage,131072,2,262634,279604,129677
1779837351.240983,spill,FileSystemStorage,131072,1,131317,178149,64290
1779837351.241156,spill,FileSystemStorage,131072,2,262634,282065,144231
1779837351.241489,spill,FileSystemStorage,131072,1,131317,185401,71576
1779837351.241661,spill,FileSystemStorage,131072,2,262634,370781,138380
1779837351.241702,spill,FileSystemStorage,131072,1,131317,210644,80360
1779837351.241928,spill,FileSystemStorage,131072,1,131317,175990,69332
1779837351.242101,spill,FileSystemStorage,131072,1,131317,170475,62347
1779837351.242238,spill,FileSystemStorage,131072,2,262634,262291,127072
1779837351.242345,spill,FileSystemStorage,131072,1,131317,182369,71170
1779837351.242635,spill,FileSystemStorage,131072,1,131317,242633,71637
1779837351.242746,spill,FileSystemStorage,131072,1,131317,176637,73855
1779837351.242834,spill,FileSystemStorage,131072,1,131317,200669,92497
1779837351.243145,spill,FileSystemStorage,131072,1,131317,234770,82394
1779837351.243252,spill,FileSystemStorage,131072,1,131317,172676,69941
1779837351.243400,spill,FileSystemStorage,131072,1,131317,215914,72194
1779837351.243570,spill,FileSystemStorage,131072,1,131317,177201,64655
1779837351.243761,spill,FileSystemStorage,131072,1,131317,157679,61667
1779837351.243994,spill,FileSystemStorage,131072,1,131317,176442,63455
1779837351.244184,spill,FileSystemStorage,131072,1,131317,167745,75933
1779837351.244240,spill,FileSystemStorage,131072,2,262634,303485,152106
1779837351.244480,spill,FileSystemStorage,131072,2,262634,251555,126064
1779837351.244784,spill,FileSystemStorage,131072,1,131317,180102,67295
1779837351.244874,spill,FileSystemStorage,131072,3,393951,357156,195572
1779837351.244902,spill,FileSystemStorage,131072,1,131317,172107,71624
1779837351.245379,spill,FileSystemStorage,131072,1,131317,153616,64582
1779837351.245646,spill,FileSystemStorage,131072,2,262634,259950,131083
1779837351.245675,spill,FileSystemStorage,131072,2,262634,331169,136586
1779837351.246252,spill,FileSystemStorage,131072,1,131317,202849,77871
1779837351.246315,spill,FileSystemStorage,131072,1,131317,185944,69668
1779837351.246354,spill,FileSystemStorage,131072,2,262634,282491,133145
1779837351.246686,spill,FileSystemStorage,131072,1,131317,186894,81861
1779837351.246834,spill,FileSystemStorage,131072,1,131317,186744,78977
1779837351.246879,spill,FileSystemStorage,131072,1,131317,238186,88542
1779837351.247292,spill,FileSystemStorage,131072,2,262634,255227,127409
1779837351.247497,spill,FileSystemStorage,131072,1,131317,192660,68968
1779837351.247556,spill,FileSystemStorage,131072,1,131317,175606,65271
1779837351.247964,spill,FileSystemStorage,131072,1,131317,181501,78167
1779837351.248376,spill,FileSystemStorage,131072,1,131317,176246,70354
1779837351.248461,spill,FileSystemStorage,131072,1,131317,158882,65722
1779837351.248866,spill,FileSystemStorage,131072,1,131317,161542,66346
1779837351.248933,spill,FileSystemStorage,131072,1,131317,157518,65793
1779837351.249154,spill,FileSystemStorage,131072,2,262634,261272,131691
1779837351.249376,spill,FileSystemStorage,131072,1,131317,180361,78600
1779837351.249558,spill,FileSystemStorage,131072,2,262634,267076,126113
1779837351.249637,spill,FileSystemStorage,131072,1,131317,173725,61492
1779837351.249824,spill,FileSystemStorage,131072,1,131317,180100,67633
1779837351.250025,spill,FileSystemStorage,131072,1,131317,159952,67596
1779837351.250025,spill,FileSystemStorage,131072,1,131317,191087,82270
1779837351.250421,spill,FileSystemStorage,131072,2,262634,290802,151246
1779837351.250490,spill,FileSystemStorage,131072,2,262634,269755,130887
1779837351.250530,spill,FileSystemStorage,131072,1,131317,194926,87929
1779837351.250891,spill,FileSystemStorage,131072,1,131317,177302,79278
1779837351.250954,spill,FileSystemStorage,131072,2,262634,277610,140536
1779837351.251035,spill,FileSystemStorage,131072,1,131317,219055,99824
1779837351.251300,spill,FileSystemStorage,131072,1,131317,166987,70396
1779837351.251464,spill,FileSystemStorage,131072,1,131317,191415,68930
1779837351.251701,spill,FileSystemStorage,131072,1,131317,192949,67787
1779837351.251812,spill,FileSystemStorage,131072,1,131317,161097,63340
1779837351.252039,spill,FileSystemStorage,131072,2,262634,260626,129896
1779837351.252265,spill,FileSystemStorage,131072,1,131317,140005,60744
1779837351.252517,spill,FileSystemStorage,131072,2,262634,276990,141908
1779837351.252528,spill,FileSystemStorage,131072,1,131317,173931,70621
1779837351.252879,spill,FileSystemStorage,131072,1,131317,172513,73905
1779837351.252970,spill,FileSystemStorage,131072,1,131317,189292,69240
1779837351.252997,spill,FileSystemStorage,131072,1,131317,160751,79275
1779837351.253369,spill,FileSystemStorage,131072,1,131317,157410,66355
1779837351.253491,spill,FileSystemStorage,131072,1,131317,205528,82998
1779837351.253589,spill,FileSystemStorage,131072,4,525268,446361,250493
1779837351.253949,spill,FileSystemStorage,131072,1,131317,184618,71277
1779837351.253947,spill,FileSystemStorage,131072,1,131317,325459,89555
1779837351.254189,spill,FileSystemStorage,131072,1,131317,206272,69669
1779837351.254368,spill,FileSystemStorage,131072,1,131317,162961,67846
1779837351.254615,spill,FileSystemStorage,131072,1,131317,172466,69269
1779837351.254625,spill,FileSystemStorage,131072,2,262634,306822,132022
1779837351.254797,spill,FileSystemStorage,131072,1,131317,192762,82587
1779837351.255042,spill,FileSystemStorage,131072,1,131317,217042,91924
1779837351.255150,spill,FileSystemStorage,131072,2,262634,281168,147836
1779837351.255267,spill,FileSystemStorage,131072,1,131317,180503,68564
1779837351.255649,spill,FileSystemStorage,131072,1,131317,199402,68202
1779837351.255775,spill,FileSystemStorage,131072,2,262634,354692,136567
1779837351.256212,spill,FileSystemStorage,131072,1,131317,293041,79035
1779837351.256335,spill,FileSystemStorage,131072,1,131317,184705,71586
1779837351.256404,spill,FileSystemStorage,131072,2,262634,295103,130228
1779837351.256789,spill,FileSystemStorage,131072,1,131317,186361,71040
1779837351.256831,spill,FileSystemStorage,131072,1,131317,214283,69613
1779837351.256954,spill,FileSystemStorage,131072,1,131317,204890,74679
1779837351.257335,spill,FileSystemStorage,131072,2,262634,270598,131292
1779837351.257500,spill,FileSystemStorage,131072,1,131317,260900,87749
1779837351.257603,spill,FileSystemStorage,131072,1,131317,292484,86152
1779837351.257741,spill,FileSystemStorage,131072,1,131317,144770,62219
1779837351.257959,spill,FileSystemStorage,131072,1,131317,167428,65320
1779837351.258148,spill,FileSystemStorage,131072,1,131317,215446,76701
1779837351.258226,spill,FileSystemStorage,131072,1,131317,191854,62406
1779837351.258548,spill,FileSystemStorage,131072,2,262634,269683,139211
1779837351.258692,spill,FileSystemStorage,131072,1,131317,249991,84023
1779837351.258854,spill,FileSystemStorage,131072,1,131317,298222,111671
1779837351.259025,spill,FileSystemStorage,131072,1,131317,236762,103126
1779837351.259186,spill,FileSystemStorage,131072,1,131317,222649,76844
1779837351.259381,spill,FileSystemStorage,131072,1,131317,225845,89463
1779837351.259447,spill,FileSystemStorage,131072,1,131317,159865,61455
1779837351.259733,spill,FileSystemStorage,131072,1,131317,172320,64624
1779837351.259928,spill,FileSystemStorage,131072,1,131317,203072,78187
1779837351.259993,spill,FileSystemStorage,131072,2,262634,307762,155998
1779837351.260251,spill,FileSystemStorage,131072,1,131317,186030,74650
1779837351.260382,spill,FileSystemStorage,131072,1,131317,174419,67676
1779837351.260476,spill,FileSystemStorage,131072,1,131317,185365,77995
1779837351.260683,spill,FileSystemStorage,131072,1,131317,171463,76607
1779837351.260863,spill,FileSystemStorage,131072,1,131317,175896,69868
1779837351.261032,spill,FileSystemStorage,131072,2,262634,283076,149780
1779837351.261103,spill,FileSystemStorage,131072,1,131317,168157,77138
1779837351.261450,spill,FileSystemStorage,131072,2,262634,262010,130943
1779837351.261524,spill,FileSystemStorage,131072,1,131317,165224,83644
1779837351.261578,spill,FileSystemStorage,131072,2,262634,310691,171531
1779837351.262115,spill,FileSystemStorage,131072,1,131317,164378,69648
1779837351.262178,spill,FileSystemStorage,131072,2,262634,243790,127266
1779837351.262273,spill,FileSystemStorage,131072,1,131317,206253,81630
1779837351.262634,spill,FileSystemStorage,131072,1,131317,192275,79902
1779837351.262670,spill,FileSystemStorage,131072,1,131317,282979,84181
1779837351.262932,spill,FileSystemStorage,131072,2,262634,297323,147718
1779837351.263115,spill,FileSystemStorage,131072,1,131317,225113,69144
1779837351.263236,spill,FileSystemStorage,131072,1,131317,201522,73654
1779837351.263438,spill,FileSystemStorage,131072,1,131317,189360,87110
1779837351.263532,spill,FileSystemStorage,131072,1,131317,168548,67725
1779837351.264002,spill,FileSystemStorage,131072,1,131317,243152,84211
1779837351.264028,spill,FileSystemStorage,131072,1,131317,191634,83549
1779837351.264059,spill,FileSystemStorage,131072,1,131317,187329,68298
1779837351.264522,spill,FileSystemStorage,131072,1,131317,171520,76039
1779837351.264599,spill,FileSystemStorage,131072,1,131317,186487,82424
1779837351.264602,spill,FileSystemStorage,131072,2,262634,297293,165329
1779837351.264959,spill,FileSystemStorage,131072,1,131317,156567,60375
1779837351.265179,spill,FileSystemStorage,131072,1,131317,182232,76047
1779837351.265224,spill,FileSystemStorage,131072,2,262634,278308,142228
1779837351.265450,spill,FileSystemStorage,131072,1,131317,155506,68686
1779837351.265899,spill,FileSystemStorage,131072,2,262634,264132,140090
1779837351.266032,spill,FileSystemStorage,131072,2,262634,324542,162525
1779837351.266121,spill,FileSystemStorage,131072,1,131317,171652,62026
1779837351.266539,spill,FileSystemStorage,131072,1,131317,169710,72894
1779837351.266538,spill,FileSystemStorage,131072,1,131317,209920,89916
1779837351.266744,spill,FileSystemStorage,131072,3,393951,434295,207939
1779837351.266910,spill,FileSystemStorage,131072,1,131317,170160,74256
1779837351.267187,spill,FileSystemStorage,131072,1,131317,221547,80438
1779837351.267366,spill,FileSystemStorage,131072,1,131317,219521,76436
1779837351.267518,spill,FileSystemStorage,131072,2,262634,266895,131097
1779837351.267615,spill,FileSystemStorage,131072,1,131317,177012,79611
1779837351.268028,spill,FileSystemStorage,131072,1,131317,237262,76805
1779837351.268140,spill,FileSystemStorage,131072,1,131317,186869,85405
1779837351.268183,spill,FileSystemStorage,131072,1,131317,152233,64169
1779837351.268553,spill,FileSystemStorage,131072,1,131317,179077,89016
1779837351.268589,spill,FileSystemStorage,131072,1,131317,165713,68421
1779837351.268691,spill,FileSystemStorage,131072,1,131317,223815,78102
1779837351.269034,spill,FileSystemStorage,131072,1,131317,194983,75425
1779837351.269077,spill,FileSystemStorage,131072,2,262634,274332,152837
1779837351.269298,spill,FileSystemStorage,131072,2,262634,313983,140871
1779837351.269425,spill,FileSystemStorage,131072,1,131317,165145,65116
1779837351.269476,spill,FileSystemStorage,131072,1,131317,184217,85249
1779837351.269700,spill,FileSystemStorage,131072,1,131317,168052,64273
1779837351.270010,spill,FileSystemStorage,131072,1,131317,155332,65462
1779837351.270173,spill,FileSystemStorage,131072,2,262634,261338,143785
1779837351.270196,spill,FileSystemStorage,131072,1,131317,183069,63286
1779837351.270525,spill,FileSystemStorage,131072,2,262634,273140,139619
1779837351.270679,spill,FileSystemStorage,131072,2,262634,285861,156981
1779837351.270725,spill,FileSystemStorage,131072,1,131317,151625,61004
1779837351.271063,spill,FileSystemStorage,131072,1,131317,206838,87099
1779837351.271312,spill,FileSystemStorage,131072,2,262634,285111,147789
1779837351.271468,spill,FileSystemStorage,131072,1,131317,180882,78736
1779837351.271580,spill,FileSystemStorage,131072,3,393951,462798,205764
1779837351.271884,spill,FileSystemStorage,131072,1,131317,179796,72076
1779837351.272063,spill,FileSystemStorage,131072,1,131317,173898,66708
1779837351.272179,spill,FileSystemStorage,131072,1,131317,183686,64683
1779837351.272382,spill,FileSystemStorage,131072,1,131317,166458,76932
1779837351.272428,spill,FileSystemStorage,131072,1,131317,148165,63051
1779837351.272864,spill,FileSystemStorage,131072,1,131317,206382,83034
1779837351.272878,spill,FileSystemStorage,131072,1,131317,183416,71903
1779837351.273021,spill,FileSystemStorage,131072,1,131317,170839,68640
1779837351.273288,spill,FileSystemStorage,131072,1,131317,173930,64055
1779837351.273331,spill,FileSystemStorage,131072,1,131317,183151,73149
1779837351.273543,spill,FileSystemStorage,131072,2,262634,297637,134893
1779837351.273745,spill,FileSystemStorage,131072,1,131317,171155,78684
1779837351.273986,spill,FileSystemStorage,131072,1,131317,168330,76178
1779837351.274073,spill,FileSystemStorage,131072,2,262634,336862,153013
1779837351.274115,spill,FileSystemStorage,131072,1,131317,165174,77469
1779837351.274399,spill,FileSystemStorage,131072,1,131317,179702,74136
1779837351.274692,spill,FileSystemStorage,131072,2,262634,263469,146297
1779837351.274751,spill,FileSystemStorage,131072,1,131317,212303,75596
1779837351.274940,spill,FileSystemStorage,131072,1,131317,209891,63396
1779837351.275275,spill,FileSystemStorage,131072,1,131317,189702,68459
1779837351.275324,spill,FileSystemStorage,131072,2,262634,307911,164398
1779837351.275398,spill,FileSystemStorage,131072,1,131317,151038,64542
1779837351.275798,spill,FileSystemStorage,131072,1,131317,165350,69570
1779837351.275793,spill,FileSystemStorage,131072,1,131317,192961,85848
1779837351.275851,spill,FileSystemStorage,131072,1,131317,163513,65297
1779837351.276435,spill,FileSystemStorage,131072,2,262634,267104,133302
1779837351.276440,spill,FileSystemStorage,131072,2,262634,289930,158560
1779837351.276546,spill,FileSystemStorage,131072,2,262634,276732,148739
1779837351.276985,spill,FileSystemStorage,131072,1,131317,186912,75435
1779837351.277007,spill,FileSystemStorage,131072,1,131317,169772,68072
1779837351.277375,spill,FileSystemStorage,131072,1,131317,201275,77086
1779837351.277428,spill,FileSystemStorage,131072,1,131317,197028,76844
1779837351.277543,spill,FileSystemStorage,131072,2,262634,265380,129150
1779837351.277972,spill,FileSystemStorage,131072,1,131317,189558,70027
1779837351.278002,spill,FileSystemStorage,131072,3,393951,388114,235283
1779837351.278173,spill,FileSystemStorage,131072,3,393951,340124,200880
1779837351.278447,spill,FileSystemStorage,131072,1,131317,176496,82375
1779837351.278496,spill,FileSystemStorage,131072,2,262634,265772,135387
1779837351.278622,spill,FileSystemStorage,131072,1,131317,182499,71338
1779837351.279039,spill,FileSystemStorage,131072,1,131317,308757,101364
1779837351.279212,spill,FileSystemStorage,131072,2,262634,327724,149946
1779837351.279294,spill,FileSystemStorage,131072,2,262634,278431,133937
1779837351.279534,spill,FileSystemStorage,131072,1,131317,195199,64351
1779837351.279713,spill,FileSystemStorage,131072,1,131317,179636,64696
1779837351.279989,spill,FileSystemStorage,131072,1,131317,184082,65032
1779837351.280133,spill,FileSystemStorage,131072,1,131317,249804,80989
1779837351.280522,spill,FileSystemStorage,131072,3,393951,358969,193765
1779837351.280542,spill,FileSystemStorage,131072,2,262634,253185,130221
1779837351.280639,spill,FileSystemStorage,131072,1,131317,198377,71068
1779837351.281003,spill,FileSystemStorage,131072,1,131317,174944,66723
1779837351.281108,spill,FileSystemStorage,131072,1,131317,197621,75572
1779837351.281195,spill,FileSystemStorage,131072,1,131317,173718,68751
1779837351.281747,spill,FileSystemStorage,131072,2,262634,253037,128483
1779837351.281804,spill,FileSystemStorage,131072,1,131317,174555,74528
1779837351.281842,spill,FileSystemStorage,131072,2,262634,304190,145975
1779837351.282257,spill,FileSystemStorage,131072,1,131317,167681,65700
1779837351.282346,spill,FileSystemStorage,131072,1,131317,255697,72465
1779837351.282422,spill,FileSystemStorage,131072,1,131317,202305,72722
1779837351.282887,spill,FileSystemStorage,131072,1,131317,188725,87675
1779837351.282966,spill,FileSystemStorage,131072,1,131317,208222,70257
1779837351.283166,spill,FileSystemStorage,131072,1,131317,215207,68474
1779837351.283527,spill,FileSystemStorage,131072,1,131317,199337,77172
1779837351.283554,spill,FileSystemStorage,131072,2,262634,315877,144430
1779837351.283629,spill,FileSystemStorage,131072,1,131317,181455,65177
1779837351.284217,spill,FileSystemStorage,131072,1,131317,175087,63411
1779837351.284446,spill,FileSystemStorage,131072,1,131317,154343,59158
1779837351.284579,spill,FileSystemStorage,131072,1,131317,191918,71162
1779837351.284900,spill,FileSystemStorage,131072,2,262634,262515,134608
1779837351.284923,spill,FileSystemStorage,131072,1,131317,172407,68539
1779837351.285387,spill,FileSystemStorage,131072,1,131317,199684,75427
1779837351.285597,spill,FileSystemStorage,131072,1,131317,187931,70678
1779837351.285792,spill,FileSystemStorage,131072,1,131317,199756,69355
1779837351.286310,spill,FileSystemStorage,131072,1,131317,177483,66598
1779837351.286472,spill,FileSystemStorage,131072,1,131317,197008,87356
1779837351.286594,spill,FileSystemStorage,131072,1,131317,179186,64703
1779837351.286999,spill,FileSystemStorage,131072,1,131317,211403,78424
1779837351.287269,spill,FileSystemStorage,131072,1,131317,195330,80011
1779837351.287347,spill,FileSystemStorage,131072,3,393951,340583,187686
1779837351.287959,spill,FileSystemStorage,131072,1,131317,173043,74575
1779837351.288296,spill,FileSystemStorage,131072,2,262634,269924,140280
1779837351.288392,spill,FileSystemStorage,131072,2,262634,259575,128076
1779837351.288815,spill,FileSystemStorage,131072,1,131317,197895,78102
1779837351.289873,spill,FileSystemStorage,131072,1,131317,843704,71445
1779837351.289950,spill,FileSystemStorage,131072,2,262634,843266,132453
1779837351.290180,spill,FileSystemStorage,131072,1,131317,181975,74909
1779837351.292226,spill,FileSystemStorage,131072,2,262634,290690,137766
1779837351.292295,spill,FileSystemStorage,131072,1,131317,221988,80935
1779837351.292325,spill,FileSystemStorage,131072,1,131317,227711,78814
1779837351.293250,spill,FileSystemStorage,131072,1,131317,173984,67356
1779837351.293339,spill,FileSystemStorage,131072,1,131317,193528,79053
1779837351.293597,spill,FileSystemStorage,131072,2,262634,283025,127994
1779837351.294028,spill,FileSystemStorage,131072,1,131317,164206,67517
1779837351.294175,spill,FileSystemStorage,131072,1,131317,209314,84521
1779837351.294411,spill,FileSystemStorage,131072,2,262634,314850,153394
1779837351.294864,spill,FileSystemStorage,131072,1,131317,263194,89655
1779837351.295027,spill,FileSystemStorage,131072,2,262634,338401,157783
1779837351.295257,spill,FileSystemStorage,131072,1,131317,316516,83220
1779837351.295599,spill,FileSystemStorage,131072,1,131317,202373,65280
1779837351.296333,spill,FileSystemStorage,131072,1,131317,237292,79443
1779837351.296701,spill,FileSystemStorage,131072,4,525268,474027,275377
1779837351.297205,spill,FileSystemStorage,131072,2,262634,272222,137816
1779837351.297348,spill,FileSystemStorage,131072,1,131317,230722,64661
1779837351.297754,spill,FileSystemStorage,131072,1,131317,266460,85588
1779837351.297765,spill,FileSystemStorage,131072,2,262634,344617,157490
1779837351.298317,spill,FileSystemStorage,131072,1,131317,209114,84247
1779837351.298751,spill,FileSystemStorage,131072,2,262634,305456,149852
1779837351.298911,spill,FileSystemStorage,131072,2,262634,342047,146544
1779837351.299190,spill,FileSystemStorage,131072,1,131317,228428,65847
1779837351.299301,spill,FileSystemStorage,131072,1,131317,206590,66498
1779837351.299665,spill,FileSystemStorage,131072,1,131317,187099,66060
1779837351.299909,spill,FileSystemStorage,131072,1,131317,277605,82187
1779837351.300081,spill,FileSystemStorage,131072,1,131317,182767,68824
1779837351.300494,spill,FileSystemStorage,131072,1,131317,176528,69122
1779837351.300531,spill,FileSystemStorage,131072,1,131317,190127,84677
1779837351.300610,spill,FileSystemStorage,131072,1,131317,181122,63176
1779837351.300903,spill,FileSystemStorage,131072,1,131317,163455,64675
1779837351.301104,spill,FileSystemStorage,131072,2,262634,280449,138805
1779837351.301340,spill,FileSystemStorage,131072,1,131317,204200,71322
1779837351.301363,spill,FileSystemStorage,131072,1,131317,156803,67794
1779837351.301778,spill,FileSystemStorage,131072,2,262634,275835,151024
1779837351.301951,spill,FileSystemStorage,131072,1,131317,167705,63937
1779837351.302098,spill,FileSystemStorage,131072,2,262634,293231,135732
1779837351.302429,spill,FileSystemStorage,131072,1,131317,164332,65867
1779837351.302719,spill,FileSystemStorage,131072,1,131317,183022,85314
1779837351.302757,spill,FileSystemStorage,131072,1,131317,179577,68572
1779837351.303049,spill,FileSystemStorage,131072,1,131317,214705,99999
1779837351.303342,spill,FileSystemStorage,131072,1,131317,190653,86828
1779837351.303656,spill,FileSystemStorage,131072,2,262634,286567,128120
1779837351.303709,spill,FileSystemStorage,131072,2,262634,377930,135885
1779837351.304002,spill,FileSystemStorage,131072,1,131317,157766,67593
1779837351.304292,spill,FileSystemStorage,131072,1,131317,164242,61251
1779837351.304395,spill,FileSystemStorage,131072,1,131317,199358,77721
1779837351.304828,spill,FileSystemStorage,131072,2,262634,290125,155885
1779837351.305012,spill,FileSystemStorage,131072,1,131317,205422,85975
1779837351.305017,spill,FileSystemStorage,131072,2,262634,314794,146294
1779837351.305376,spill,FileSystemStorage,131072,2,262634,261356,146210
1779837351.305673,spill,FileSystemStorage,131072,2,262634,323179,151415
1779837351.305786,spill,FileSystemStorage,131072,2,262634,283620,137564
1779837351.305847,spill,FileSystemStorage,131072,1,131317,175495,85013
1779837351.306283,spill,FileSystemStorage,131072,2,262634,260548,128607
1779837351.306322,spill,FileSystemStorage,131072,1,131317,191296,79507
1779837351.306492,spill,FileSystemStorage,131072,1,131317,191122,79242
1779837351.306826,spill,FileSystemStorage,131072,2,262634,305060,148805
1779837351.306837,spill,FileSystemStorage,131072,2,262634,282143,150982
1779837351.307050,spill,FileSystemStorage,131072,2,262634,319449,176291
1779837351.307459,spill,FileSystemStorage,131072,2,262634,260456,124174
1779837351.307545,spill,FileSystemStorage,131072,1,131317,188870,64110
1779837351.307766,spill,FileSystemStorage,131072,3,393951,391710,196912
1779837351.308204,spill,FileSystemStorage,131072,1,131317,199569,71277
1779837351.308342,spill,FileSystemStorage,131072,1,131317,153888,61499
1779837351.308615,spill,FileSystemStorage,131072,2,262634,288707,130998
1779837351.308891,spill,FileSystemStorage,131072,1,131317,162473,70372
1779837351.309140,spill,FileSystemStorage,131072,1,131317,181582,68145
1779837351.309217,spill,FileSystemStorage,131072,3,393951,396855,207169
1779837351.309462,spill,FileSystemStorage,131072,1,131317,158529,65386
1779837351.309608,spill,FileSystemStorage,131072,1,131317,179621,67410
1779837351.309710,spill,FileSystemStorage,131072,1,131317,173257,62989
1779837351.309922,spill,FileSystemStorage,131072,1,131317,155212,64599
1779837351.310140,spill,FileSystemStorage,131072,2,262634,266410,137332
1779837351.310482,spill,FileSystemStorage,131072,3,393951,347099,184089
1779837351.310550,spill,FileSystemStorage,131072,2,262634,236055,123348
1779837351.310780,spill,FileSystemStorage,131072,1,131317,196637,68027
1779837351.310956,spill,FileSystemStorage,131072,1,131317,194051,83298
1779837351.311034,spill,FileSystemStorage,131072,1,131317,172043,83030
1779837351.311310,spill,FileSystemStorage,131072,1,131317,220479,80292
1779837351.311579,spill,FileSystemStorage,131072,2,262634,289317,121381
1779837351.312068,spill,FileSystemStorage,131072,3,393951,313242,178316
1779837351.312129,spill,FileSystemStorage,131072,1,131317,267222,87672
1779837351.312305,spill,FileSystemStorage,131072,1,131317,177698,64398
1779837351.312651,spill,FileSystemStorage,131072,1,131317,183469,78372
1779837351.312812,spill,FileSystemStorage,131072,1,131317,185544,75529
1779837351.313014,spill,FileSystemStorage,131072,5,656585,498901,304056
1779837351.313234,spill,FileSystemStorage,131072,1,131317,242788,74198
1779837351.313760,spill,FileSystemStorage,131072,3,393951,574681,187418
1779837351.313801,spill,FileSystemStorage,131072,2,262634,238471,125552
1779837351.313873,spill,FileSystemStorage,131072,1,131317,216420,75105
1779837351.314294,spill,FileSystemStorage,131072,1,131317,215414,61676
1779837351.314763,spill,FileSystemStorage,131072,5,656585,606041,362872
1779837351.314796,spill,FileSystemStorage,131072,5,656585,571707,339354
1779837351.315023,spill,FileSystemStorage,131072,2,262634,291334,153502
1779837351.315452,spill,FileSystemStorage,131072,1,131317,214899,82533
1779837351.315533,spill,FileSystemStorage,131072,3,393951,382090,202769
1779837351.315993,spill,FileSystemStorage,131072,3,393951,327211,186954
1779837351.316010,spill,FileSystemStorage,131072,2,262634,277378,149705
1779837351.316131,spill,FileSystemStorage,131072,1,131317,216549,69231
1779837351.316545,spill,FileSystemStorage,131072,2,262634,243263,123047
1779837351.316907,spill,FileSystemStorage,131072,4,525268,481065,289736
1779837351.316920,spill,FileSystemStorage,131072,3,393951,381965,226204
1779837351.316993,spill,FileSystemStorage,131072,2,262634,235530,131893
1779837351.317407,spill,FileSystemStorage,131072,1,131317,146504,65440
1779837351.317578,spill,FileSystemStorage,131072,3,393951,380540,212905
1779837351.317587,spill,FileSystemStorage,131072,2,262634,272110,143018
1779837351.317775,spill,FileSystemStorage,131072,1,131317,142939,63444
1779837351.318101,spill,FileSystemStorage,131072,1,131317,188211,72732
1779837351.318258,spill,FileSystemStorage,131072,1,131317,157422,66368
1779837351.318265,spill,FileSystemStorage,131072,2,262634,287878,129500
1779837351.318506,spill,FileSystemStorage,131072,1,131317,151390,61378
1779837351.318640,spill,FileSystemStorage,131072,1,131317,141319,64479
1779837351.319024,spill,FileSystemStorage,131072,1,131317,202403,90821
1779837351.319156,spill,FileSystemStorage,131072,2,262634,296398,153084
1779837351.319167,spill,FileSystemStorage,131072,3,393951,435995,241875
1779837351.319604,spill,FileSystemStorage,131072,1,131317,143520,58362
1779837351.319832,spill,FileSystemStorage,131072,2,262634,284157,136158
1779837351.320107,spill,FileSystemStorage,131072,2,262634,294883,141094
1779837351.320205,spill,FileSystemStorage,131072,2,262634,228201,117327
1779837351.320731,spill,FileSystemStorage,131072,1,131317,150676,69443
1779837351.320738,spill,FileSystemStorage,131072,1,131317,211571,90446
1779837351.320877,spill,FileSystemStorage,131072,2,262634,306081,154049
1779837351.321204,spill,FileSystemStorage,131072,1,131317,162103,74612
1779837351.321371,spill,FileSystemStorage,131072,2,262634,271078,141890
1779837351.321754,spill,FileSystemStorage,131072,2,262634,300701,142099
1779837351.321864,spill,FileSystemStorage,131072,1,131317,157542,63237
1779837351.321937,spill,FileSystemStorage,131072,1,131317,178509,67666
1779837351.322233,spill,FileSystemStorage,131072,1,131317,208614,70900
1779837351.322693,spill,FileSystemStorage,131072,1,131317,160861,69546
1779837351.322765,spill,FileSystemStorage,131072,2,262634,250796,129726
1779837351.323006,spill,FileSystemStorage,131072,2,262634,305508,152543
1779837351.323440,spill,FileSystemStorage,131072,1,131317,207907,77555
1779837351.323513,spill,FileSystemStorage,131072,1,131317,164416,61559
1779837351.323603,spill,FileSystemStorage,131072,1,131317,167700,60387
1779837351.324025,spill,FileSystemStorage,131072,1,131317,166522,70385
1779837351.324136,spill,FileSystemStorage,131072,1,131317,195291,68507
1779837351.324164,spill,FileSystemStorage,131072,1,131317,183869,83148
1779837351.324497,spill,FileSystemStorage,131072,1,131317,167141,68271
1779837351.324636,spill,FileSystemStorage,131072,1,131317,193039,68013
1779837351.324777,spill,FileSystemStorage,131072,1,131317,166311,63166
1779837351.324898,spill,FileSystemStorage,131072,1,131317,149357,60456
1779837351.325037,spill,FileSystemStorage,131072,1,131317,152950,63919
1779837351.325187,spill,FileSystemStorage,131072,1,131317,171645,62135
1779837351.325383,spill,FileSystemStorage,131072,1,131317,170791,69774
1779837351.325422,spill,FileSystemStorage,131072,1,131317,163925,66687
1779837351.325702,spill,FileSystemStorage,131072,1,131317,137391,58870
1779837351.325846,spill,FileSystemStorage,131072,1,131317,176741,82149
1779837351.326181,spill,FileSystemStorage,131072,5,656585,542706,337247
1779837351.326207,spill,FileSystemStorage,131072,2,262634,268080,130398
1779837351.326373,spill,FileSystemStorage,131072,1,131317,179176,67477
1779837351.326630,spill,FileSystemStorage,131072,1,131317,165467,61943
1779837351.326934,spill,FileSystemStorage,131072,1,131317,281934,78055
1779837351.326952,spill,FileSystemStorage,131072,2,262634,318501,154048
1779837351.327336,spill,FileSystemStorage,131072,3,393951,395373,202844
1779837351.327411,spill,FileSystemStorage,131072,1,131317,185053,73571
1779837351.327782,spill,FileSystemStorage,131072,1,131317,215894,71739
1779837351.328105,spill,FileSystemStorage,131072,2,262634,314914,132191
1779837351.328119,spill,FileSystemStorage,131072,1,131317,184030,71034
1779837351.328387,spill,FileSystemStorage,131072,1,131317,194290,65804
1779837351.328719,spill,FileSystemStorage,131072,1,131317,168419,73410
1779837351.328893,spill,FileSystemStorage,131072,2,262634,263167,124043
1779837351.328880,spill,FileSystemStorage,131072,1,131317,224243,83949
1779837351.329550,spill,FileSystemStorage,131072,2,262634,261697,132015
1779837351.329713,spill,FileSystemStorage,131072,2,262634,304258,134173
1779837351.329745,spill,FileSystemStorage,131072,2,262634,304410,139806
1779837351.330087,spill,FileSystemStorage,131072,1,131317,172846,73317
1779837351.330216,spill,FileSystemStorage,131072,1,131317,157659,60205
1779837351.330602,spill,FileSystemStorage,131072,2,262634,303253,137323
1779837351.330798,spill,FileSystemStorage,131072,1,131317,156967,64752
1779837351.331044,spill,FileSystemStorage,131072,2,262634,289090,147458
1779837351.331247,spill,FileSystemStorage,131072,1,131317,181575,68930
1779837351.331365,spill,FileSystemStorage,131072,1,131317,204802,71737
1779837351.331740,spill,FileSystemStorage,131072,1,131317,183806,70227
1779837351.331924,spill,FileSystemStorage,131072,2,262634,235970,119053
1779837351.331989,spill,FileSystemStorage,131072,1,131317,246486,71551
1779837351.332445,spill,FileSystemStorage,131072,1,131317,186204,75021
1779837351.332526,spill,FileSystemStorage,131072,2,262634,287884,143620
1779837351.332685,spill,FileSystemStorage,131072,3,393951,347810,198840
1779837351.332876,spill,FileSystemStorage,131072,1,131317,156855,69787
1779837351.333049,spill,FileSystemStorage,131072,2,262634,243902,124002
1779837351.333094,spill,FileSystemStorage,131072,1,131317,163215,62550
1779837351.333553,spill,FileSystemStorage,131072,1,131317,173909,74121
1779837351.333659,spill,FileSystemStorage,131072,1,131317,155466,63223
1779837351.333727,spill,FileSystemStorage,131072,1,131317,201432,67341
1779837351.334156,spill,FileSystemStorage,131072,1,131317,173079,76661
1779837351.334160,spill,FileSystemStorage,131072,2,262634,261410,131551
1779837351.334344,spill,FileSystemStorage,131072,3,393951,331467,185441
1779837351.334559,spill,FileSystemStorage,131072,1,131317,153309,63400
1779837351.334708,spill,FileSystemStorage,131072,1,131317,141696,60246
1779837351.334893,spill,FileSystemStorage,131072,1,131317,191122,83244
1779837351.335101,spill,FileSystemStorage,131072,1,131317,202736,71248
1779837351.335392,spill,FileSystemStorage,131072,2,262634,339877,141201
1779837351.335487,spill,FileSystemStorage,131072,2,262634,260792,128525
1779837351.335814,spill,FileSystemStorage,131072,3,393951,351739,182521
1779837351.336180,spill,FileSystemStorage,131072,1,131317,189216,75727
1779837351.336172,spill,FileSystemStorage,131072,3,393951,389661,202389
1779837351.336437,spill,FileSystemStorage,131072,1,131317,191100,71537
1779837351.336884,spill,FileSystemStorage,131072,1,131317,158473,60751
1779837351.337068,spill,FileSystemStorage,131072,1,131317,180128,73665
1779837351.337471,spill,FileSystemStorage,131072,2,262634,286785,131732
1779837351.337548,spill,FileSystemStorage,131072,1,131317,161087,66026
1779837351.337611,spill,FileSystemStorage,131072,2,262634,291183,153676
1779837351.338022,spill,FileSystemStorage,131072,1,131317,183268,71027
1779837351.338045,spill,FileSystemStorage,131072,1,131317,153924,68645
1779837351.338132,spill,FileSystemStorage,131072,1,131317,190655,77839
1779837351.338635,spill,FileSystemStorage,131072,1,131317,177447,71486
1779837351.338704,spill,FileSystemStorage,131072,1,131317,171956,66672
1779837351.338766,spill,FileSystemStorage,131072,1,131317,153017,60911
1779837351.339253,spill,FileSystemStorage,131072,1,131317,162530,71844
1779837351.339329,spill,FileSystemStorage,131072,2,262634,265491,140086
1779837351.339356,spill,FileSystemStorage,131072,1,131317,196220,89660
1779837351.339750,spill,FileSystemStorage,131072,1,131317,147063,64065
1779837351.339813,spill,FileSystemStorage,131072,1,131317,174874,66817
1779837351.339940,spill,FileSystemStorage,131072,1,131317,151041,59829
1779837351.340306,spill,FileSystemStorage,131072,1,131317,194296,81303
1779837351.340312,spill,FileSystemStorage,131072,1,131317,162455,66251
1779837351.340455,spill,FileSystemStorage,131072,1,131317,193494,76941
1779837351.340810,spill,FileSystemStorage,131072,1,131317,160824,63149
1779837351.340838,spill,FileSystemStorage,131072,1,131317,159403,68264
1779837351.340993,spill,FileSystemStorage,131072,1,131317,173465,65028
1779837351.341387,spill,FileSystemStorage,131072,1,131317,166695,78256
1779837351.341468,spill,FileSystemStorage,131072,2,262634,236557,132850
1779837351.341502,spill,FileSystemStorage,131072,1,131317,186231,75609
1779837351.341944,spill,FileSystemStorage,131072,1,131317,169175,66495
1779837351.342066,spill,FileSystemStorage,131072,1,131317,168660,65938
1779837351.342166,spill,FileSystemStorage,131072,1,131317,155429,63366
1779837351.342474,spill,FileSystemStorage,131072,1,131317,174566,64038
1779837351.342683,spill,FileSystemStorage,131072,1,131317,180422,81017
1779837351.342769,spill,FileSystemStorage,131072,2,262634,272242,136250
1779837351.343112,spill,FileSystemStorage,131072,1,131317,201012,65171
1779837351.343332,spill,FileSystemStorage,131072,2,262634,288680,142882
1779837351.343566,spill,FileSystemStorage,131072,1,131317,169225,62353
1779837351.343821,spill,FileSystemStorage,131072,1,131317,158343,61868
1779837351.344208,spill,FileSystemStorage,131072,1,131317,163542,64976
1779837351.344573,spill,FileSystemStorage,131072,2,262634,254270,132082
1779837351.344588,spill,FileSystemStorage,131072,1,131317,202186,75127
1779837351.344897,spill,FileSystemStorage,131072,2,262634,246776,120964
1779837351.345238,spill,FileSystemStorage,131072,1,131317,187481,67675
1779837351.345480,spill,FileSystemStorage,131072,1,131317,188951,75291
1779837351.345651,spill,FileSystemStorage,131072,2,262634,256237,124764
1779837351.345950,spill,FileSystemStorage,131072,1,131317,167810,64806
1779837351.346657,spill,FileSystemStorage,131072,3,393951,361075,203879
1779837351.346669,spill,FileSystemStorage,131072,1,131317,172685,75817
1779837351.346730,spill,FileSystemStorage,131072,1,131317,159192,64375
1779837351.347131,spill,FileSystemStorage,131072,1,131317,201742,71775
1779837351.347480,spill,FileSystemStorage,131072,1,131317,180272,67943
1779837351.347540,spill,FileSystemStorage,131072,1,131317,202658,62137
1779837351.348257,spill,FileSystemStorage,131072,1,131317,163932,57216
1779837351.348997,spill,FileSystemStorage,131072,1,131317,161905,66046
1779837351.349009,spill,FileSystemStorage,131072,1,131317,173402,66535
1779837351.349479,spill,FileSystemStorage,131072,1,131317,297693,96892
1779837351.349511,spill,FileSystemStorage,131072,1,131317,208400,75009
1779837351.349860,spill,FileSystemStorage,131072,2,262634,268574,116289
1779837351.350398,spill,FileSystemStorage,131072,1,131317,180844,59628
1779837351.350859,spill,FileSystemStorage,131072,2,262634,276825,137889
1779837351.350948,spill,FileSystemStorage,131072,2,262634,283173,153607
1779837351.351361,spill,FileSystemStorage,131072,2,262634,331871,157145
1779837351.351425,spill,FileSystemStorage,131072,1,131317,212483,81754
1779837351.351937,spill,FileSystemStorage,131072,1,131317,204362,70900
1779837351.352279,spill,FileSystemStorage,131072,1,131317,216447,78426
1779837351.352362,spill,FileSystemStorage,131072,1,131317,222585,76262
1779837351.352999,spill,FileSystemStorage,131072,3,393951,318120,162149
1779837351.353277,spill,FileSystemStorage,131072,1,131317,202924,86469
1779837351.353353,spill,FileSystemStorage,131072,1,131317,212687,76203
1779837351.354102,spill,FileSystemStorage,131072,3,393951,307604,159139
1779837351.354365,spill,FileSystemStorage,131072,1,131317,160605,57160
1779837351.354498,spill,FileSystemStorage,131072,1,131317,208806,65836
1779837351.354749,spill,FileSystemStorage,131072,2,262634,248823,108817
1779837351.355222,spill,FileSystemStorage,131072,1,131317,191500,70743
1779837351.355247,spill,FileSystemStorage,131072,2,262634,299057,122920
1779837351.355634,spill,FileSystemStorage,131072,1,131317,172444,59965
1779837351.356713,spill,FileSystemStorage,131072,2,262634,284625,119893
1779837351.356744,spill,FileSystemStorage,131072,2,262634,270803,131429
1779837351.357158,spill,FileSystemStorage,131072,1,131317,184104,59182
1779837351.358687,spill,FileSystemStorage,131072,2,262634,955351,128255
1779837351.358698,spill,FileSystemStorage,131072,2,262634,520700,127276
1779837351.359705,spill,FileSystemStorage,131072,1,131317,264105,70004
1779837351.361629,spill,FileSystemStorage,131072,1,131317,215205,60883
1779837351.361732,spill,FileSystemStorage,131072,1,131317,260174,79999
1779837351.362313,spill,FileSystemStorage,131072,2,262634,331661,121523
1779837351.362620,spill,FileSystemStorage,131072,1,131317,174044,66757
1779837351.362686,spill,FileSystemStorage,131072,2,262634,301410,135868
1779837351.363121,spill,FileSystemStorage,131072,1916,251603372,176086888,115565037
1779837351.363226,spill,FileSystemStorage,131072,1,131317,310763,87651
1779837351.363252,spill,FileSystemStorage,131072,1,131317,224376,67608
1779837351.363320,spill,FileSystemStorage,131072,1,131317,221137,72205
1779837351.364226,spill,FileSystemStorage,131072,1,131317,199090,74615
1779837351.364378,spill,FileSystemStorage,131072,3,393951,371772,174807
1779837351.364898,spill,FileSystemStorage,131072,1,131317,157572,61400
1779837351.365022,spill,FileSystemStorage,131072,4,525268,441522,236801
1779837351.365599,spill,FileSystemStorage,131072,3,393951,334565,163946
1779837351.366232,spill,FileSystemStorage,131072,2,262634,265758,113659
1779837351.366315,spill,FileSystemStorage,131072,1,131317,171789,61808
1779837351.366560,spill,FileSystemStorage,131072,2,262634,283515,114095
1779837351.366922,spill,FileSystemStorage,131072,1,131317,222217,69936
1779837351.367038,spill,FileSystemStorage,131072,2,262634,327842,150371
1779837351.368041,spill,FileSystemStorage,131072,3,393951,483563,178536
1779837351.380564,spill,FileSystemStorage,131072,2,262634,575443,134635
1779837351.380895,spill,FileSystemStorage,131072,2,262634,551417,120161
1779837351.380924,spill,FileSystemStorage,131072,1,131317,252680,70782
1779837351.382685,spill,FileSystemStorage,131072,4,525268,516775,220470
1779837351.383960,spill,FileSystemStorage,131072,1,131317,241105,68725
1779837351.384343,spill,FileSystemStorage,131072,1,131317,269487,87149
1779837351.384365,spill,FileSystemStorage,131072,1,131317,252335,62585
1779837351.385760,spill,FileSystemStorage,131072,2,262634,353490,131551
1779837351.386775,spill,FileSystemStorage,131072,1,131317,221015,78522
1779837351.386950,spill,FileSystemStorage,131072,1,131317,217600,60329
1779837351.387057,spill,FileSystemStorage,131072,1,131317,221608,87164
1779837351.388129,spill,FileSystemStorage,131072,4,525268,563171,234634
1779837351.388315,spill,FileSystemStorage,131072,2,262634,675870,131708
1779837351.388553,spill,FileSystemStorage,131072,2,262634,359064,115720
1779837351.388952,spill,FileSystemStorage,131072,3,393951,825846,184458
1779837351.389084,spill,FileSystemStorage,131072,1,131317,400934,72685
1779837351.389642,spill,FileSystemStorage,131072,1,131317,372519,71080
1779837351.389851,spill,FileSystemStorage,131072,1,131317,194060,66822
1779837351.389881,spill,FileSystemStorage,131072,1,131317,197538,66140
1779837351.390118,spill,FileSystemStorage,131072,1,131317,167307,65303
1779837351.390262,spill,FileSystemStorage,131072,1,131317,157140,61703
1779837351.390727,spill,FileSystemStorage,131072,1,131317,216594,83040
1779837351.390755,spill,FileSystemStorage,131072,1,131317,176520,69709
1779837351.390763,spill,FileSystemStorage,131072,9,1181853,884169,528734
1779837351.391039,spill,FileSystemStorage,131072,3,393951,380366,212027
1779837351.391274,spill,FileSystemStorage,131072,1,131317,227812,59625
1779837351.391599,spill,FileSystemStorage,131072,1,131317,197725,63060
1779837351.391749,spill,FileSystemStorage,131072,2,262634,345785,131073
1779837351.391840,spill,FileSystemStorage,131072,2,262634,234199,114075
1779837351.392051,spill,FileSystemStorage,131072,1,131317,159741,56043
1779837351.392757,spill,FileSystemStorage,131072,3,393951,353065,184518
1779837351.864697,spill,FileSystemStorage,131072,1,131317,403009,83282
1779837351.865489,spill,FileSystemStorage,131072,2,262634,375680,124464
1779837351.866900,spill,FileSystemStorage,131072,7,919219,878198,426075
1779837351.867183,spill,FileSystemStorage,131072,6,787902,969917,551435
1779837351.867875,spill,FileSystemStorage,131072,2,262634,925072,145196
1779837351.868425,spill,FileSystemStorage,131072,1,131317,287015,72662
1779837351.869068,spill,FileSystemStorage,131072,3,393951,695011,238873
1779837351.869497,spill,FileSystemStorage,131072,2,262634,312416,130901
1779837351.870532,spill,FileSystemStorage,131072,1,131317,719750,69644
1779837351.871169,spill,FileSystemStorage,131072,2,262634,343321,162711
1779837351.871462,spill,FileSystemStorage,131072,3,393951,408571,199277
1779837351.871475,spill,FileSystemStorage,131072,4,525268,673802,357472
1779837351.871737,spill,FileSystemStorage,131072,1,131317,175645,61869
1779837351.872515,spill,FileSystemStorage,131072,1,131317,321177,56577
1779837351.872719,spill,FileSystemStorage,131072,2,262634,608411,129514
1779837351.873013,spill,FileSystemStorage,131072,1,131317,419609,87805
1779837351.873253,spill,FileSystemStorage,131072,1,131317,152269,59336
1779837351.873499,spill,FileSystemStorage,131072,2,262634,310884,113547
1779837351.874140,spill,FileSystemStorage,131072,2,262634,254998,111286
1779837351.874768,spill,FileSystemStorage,131072,1,131317,161990,55708
1779837351.875142,spill,FileSystemStorage,131072,1,131317,274039,95198
1779837351.875162,spill,FileSystemStorage,131072,2,262634,341463,127512
1779837351.875674,spill,FileSystemStorage,131072,2,262634,270461,125103
1779837351.876574,spill,FileSystemStorage,131072,1,131317,545227,91263
1779837351.876601,spill,FileSystemStorage,131072,1,131317,308774,87982
1779837351.877947,spill,FileSystemStorage,131072,1,131317,381962,65602
1779837351.879187,spill,FileSystemStorage,131072,1,131317,172258,61777
1779837351.879386,spill,FileSystemStorage,131072,2,262634,322824,129804
1779837351.880033,spill,FileSystemStorage,131072,3,393951,532304,264323
1779837351.880796,spill,FileSystemStorage,131072,1,131317,254090,78235
1779837351.880984,spill,FileSystemStorage,131072,2,262634,403425,185192
1779837351.881314,spill,FileSystemStorage,131072,2,262634,270443,131006
1779837351.881671,spill,FileSystemStorage,131072,1,131317,293244,86062
1779837351.882369,spill,FileSystemStorage,131072,1,131317,252481,94052
1779837351.882486,spill,FileSystemStorage,131072,4,525268,398507,237352
1779837351.883158,spill,FileSystemStorage,131072,5,656585,640495,371440
1779837351.883358,spill,FileSystemStorage,131072,3,393951,562385,296460
1779837351.883448,spill,FileSystemStorage,131072,2,262634,263565,132058
1779837351.884606,spill,FileSystemStorage,131072,1,131317,252500,72831
1779837351.885007,spill,FileSystemStorage,131072,1,131317,154824,64401
1779837351.885633,spill,FileSystemStorage,131072,1,131317,267696,96299
1779837351.886035,spill,FileSystemStorage,131072,6,787902,633913,359830
1779837351.886331,spill,FileSystemStorage,131072,1,131317,163564,61423
1779837351.887106,spill,FileSystemStorage,131072,2,262634,317329,157710
1779837351.887241,spill,FileSystemStorage,131072,7,919219,784816,478449
1779837351.887668,spill,FileSystemStorage,131072,1,131317,356045,94528
1779837351.887801,spill,FileSystemStorage,131072,1,131317,150774,59175
1779837351.890126,spill,FileSystemStorage,131072,1,131317,398904,84733
1779837351.891000,spill,FileSystemStorage,131072,1,131317,178360,63425
1779837351.891510,spill,FileSystemStorage,131072,4,525268,659670,350377
1779837351.892038,spill,FileSystemStorage,131072,2,262634,667226,147904
1779837351.892968,spill,FileSystemStorage,131072,1,131317,394885,74810
1779837351.893129,spill,FileSystemStorage,131072,2,262634,585281,179719
1779837351.893644,spill,FileSystemStorage,131072,1,131317,286319,77640
1779837351.893925,spill,FileSystemStorage,131072,2,262634,300228,139789
1779837351.894571,spill,FileSystemStorage,131072,2,262634,275003,124417
1779837351.894589,spill,FileSystemStorage,131072,1,131317,280480,100702
1779837351.894645,spill,FileSystemStorage,131072,1,131317,236119,90522
1779837351.895290,spill,FileSystemStorage,131072,3,393951,391716,186157
1779837351.895366,spill,FileSystemStorage,131072,1,131317,188072,76125
1779837351.895742,spill,FileSystemStorage,131072,1,131317,269312,91884
1779837351.895905,spill,FileSystemStorage,131072,1,131317,196625,74573
1779837351.896321,spill,FileSystemStorage,131072,1,131317,206387,65706
1779837351.897159,spill,FileSystemStorage,131072,1,131317,269708,105491
1779837351.897182,spill,FileSystemStorage,131072,1,131317,199834,73330
1779837351.897292,spill,FileSystemStorage,131072,4,525268,473227,274198
1779837351.897856,spill,FileSystemStorage,131072,2,262634,263873,129009
1779837351.898204,spill,FileSystemStorage,131072,1,131317,180792,68252
1779837351.898447,spill,FileSystemStorage,131072,1,131317,182486,67867
1779837351.898480,spill,FileSystemStorage,131072,3,393951,531001,268554
1779837351.898841,spill,FileSystemStorage,131072,1,131317,171572,77991
1779837351.898931,spill,FileSystemStorage,131072,1,131317,205780,74188
1779837351.899379,spill,FileSystemStorage,131072,1,131317,198866,72807
1779837351.899449,spill,FileSystemStorage,131072,3,393951,554829,277785
1779837351.899611,spill,FileSystemStorage,131072,1,131317,197387,71736
1779837351.899873,spill,FileSystemStorage,131072,1,131317,171278,72207
1779837351.900293,spill,FileSystemStorage,131072,1,131317,253559,88891
1779837351.900498,spill,FileSystemStorage,131072,2,262634,315703,147685
1779837351.901173,spill,FileSystemStorage,131072,1,131317,192948,73708
1779837351.901256,spill,FileSystemStorage,131072,3,393951,511577,271714
1779837351.901296,spill,FileSystemStorage,131072,1,131317,211628,82522
1779837351.901598,spill,FileSystemStorage,131072,1,131317,173165,74180
1779837351.902155,spill,FileSystemStorage,131072,1,131317,184004,70183
1779837351.902172,spill,FileSystemStorage,131072,2,262634,399690,181447
1779837351.902401,spill,FileSystemStorage,131072,2,262634,248422,120900
1779837351.903047,spill,FileSystemStorage,131072,2,262634,458420,210432
1779837351.903212,spill,FileSystemStorage,131072,2,262634,304660,124339
1779837351.903619,spill,FileSystemStorage,131072,1,131317,195446,70663
1779837351.903831,spill,FileSystemStorage,131072,1,131317,177286,64914
1779837351.904129,spill,FileSystemStorage,131072,1,131317,255510,87285
1779837351.905010,spill,FileSystemStorage,131072,2,262634,276825,137758
1779837351.905309,spill,FileSystemStorage,131072,2,262634,376244,187615
1779837351.905424,spill,FileSystemStorage,131072,4,525268,444063,255929
1779837351.905811,spill,FileSystemStorage,131072,1,131317,212653,70265
1779837351.905904,spill,FileSystemStorage,131072,1,131317,236159,91300
1779837351.906198,spill,FileSystemStorage,131072,3,393951,341116,186990
1779837351.906333,spill,FileSystemStorage,131072,1,131317,178965,74037
1779837351.906993,spill,FileSystemStorage,131072,1,131317,219628,71806
1779837351.907006,spill,FileSystemStorage,131072,3,393951,535900,274299
1779837351.907126,spill,FileSystemStorage,131072,1,131317,236450,88907
1779837351.908248,spill,FileSystemStorage,131072,1,131317,184140,64868
1779837351.908578,spill,FileSystemStorage,131072,1,131317,425923,63176
1779837351.908689,spill,FileSystemStorage,131072,1,131317,345053,89057
1779837351.909414,spill,FileSystemStorage,131072,2,262634,264733,124713
1779837351.909602,spill,FileSystemStorage,131072,1,131317,236078,91923
1779837351.909721,spill,FileSystemStorage,131072,1,131317,185823,74178
1779837351.910121,spill,FileSystemStorage,131072,1,131317,197041,71812
1779837351.910280,spill,FileSystemStorage,131072,1,131317,232413,90904
1779837351.910440,spill,FileSystemStorage,131072,1,131317,170112,72216
1779837351.911080,spill,FileSystemStorage,131072,2,262634,387991,198601
1779837351.911163,spill,FileSystemStorage,131072,2,262634,270631,127250
1779837351.911224,spill,FileSystemStorage,131072,1,131317,212988,70789
1779837351.911767,spill,FileSystemStorage,131072,1,131317,264860,87762
1779837351.911834,spill,FileSystemStorage,131072,1,131317,168092,60745
1779837351.912318,spill,FileSystemStorage,131072,1,131317,270080,96941
1779837351.912446,spill,FileSystemStorage,131072,2,262634,333812,138782
1779837351.912800,spill,FileSystemStorage,131072,2,262634,274043,129715
1779837351.913402,spill,FileSystemStorage,131072,1,131317,182283,66616
1779837351.913471,spill,FileSystemStorage,131072,1,131317,254210,88956
1779837351.913675,spill,FileSystemStorage,131072,1,131317,186424,69361
1779837351.914395,spill,FileSystemStorage,131072,2,262634,265916,120101
1779837351.914755,spill,FileSystemStorage,131072,3,393951,348810,195888
1779837351.915104,spill,FileSystemStorage,131072,1,131317,274040,113848
1779837351.915124,spill,FileSystemStorage,131072,1,131317,238757,73704
1779837351.915575,spill,FileSystemStorage,131072,4,525268,409043,241192
1779837351.916138,spill,FileSystemStorage,131072,1,131317,398437,94271
1779837351.917123,spill,FileSystemStorage,131072,2,262634,702319,138576
1779837351.917138,spill,FileSystemStorage,131072,2,262634,516162,140031
1779837351.917570,spill,FileSystemStorage,131072,1,131317,305523,94285
1779837351.918328,spill,FileSystemStorage,131072,1,131317,321180,77010
1779837351.918327,spill,FileSystemStorage,131072,1,131317,313835,67758
1779837351.919230,spill,FileSystemStorage,131072,2,262634,289176,126037
1779837351.919900,spill,FileSystemStorage,131072,1,131317,312028,67260
1779837351.921137,spill,FileSystemStorage,131072,1,131317,254680,63413
1779837351.921577,spill,FileSystemStorage,131072,1,131317,356009,62015
1779837351.921953,spill,FileSystemStorage,131072,1,131317,280256,72522
1779837351.922665,spill,FileSystemStorage,131072,2,262634,416033,177253
1779837351.922706,spill,FileSystemStorage,131072,1,131317,182384,82113
1779837351.923278,spill,FileSystemStorage,131072,2,262634,313797,133599
1779837351.923449,spill,FileSystemStorage,131072,2,262634,252597,128253
1779837351.923999,spill,FileSystemStorage,131072,1,131317,254637,86077
1779837351.924252,spill,FileSystemStorage,131072,1,131317,232510,74524
1779837351.924819,spill,FileSystemStorage,131072,1,131317,169656,63871
1779837351.925160,spill,FileSystemStorage,131072,3,393951,398903,185937
1779837351.925483,spill,FileSystemStorage,131072,2,262634,410662,176359
1779837351.926418,spill,FileSystemStorage,131072,3,393951,385942,184244
1779837351.926667,spill,FileSystemStorage,131072,2,262634,376802,181100
1779837351.926694,spill,FileSystemStorage,131072,1,131317,178902,69511
1779837351.927097,spill,FileSystemStorage,131072,1,131317,267108,76421
1779837351.927644,spill,FileSystemStorage,131072,1,131317,638282,83764
1779837351.928069,spill,FileSystemStorage,131072,1,131317,491668,90643
1779837351.929340,spill,FileSystemStorage,131072,2,262634,364171,174782
1779837351.929545,spill,FileSystemStorage,131072,1,131317,215381,80834
1779837351.930228,spill,FileSystemStorage,131072,1,131317,249889,65466
1779837351.930783,spill,FileSystemStorage,131072,4,525268,631230,356508
1779837351.930794,spill,FileSystemStorage,131072,2,262634,295355,145126
1779837351.931180,spill,FileSystemStorage,131072,1,131317,224744,68522
1779837351.931977,spill,FileSystemStorage,131072,2,262634,284885,128026
1779837351.932126,spill,FileSystemStorage,131072,1,131317,221330,88439
1779837351.932377,spill,FileSystemStorage,131072,1,131317,255996,89367
1779837351.932543,spill,FileSystemStorage,131072,1,131317,203521,77746
1779837351.932696,spill,FileSystemStorage,131072,1,131317,167144,63324
1779837351.932999,spill,FileSystemStorage,131072,1,131317,228640,88933
1779837351.933187,spill,FileSystemStorage,131072,1,131317,199233,71313
1779837351.933454,spill,FileSystemStorage,131072,2,262634,278521,153128
1779837351.933947,spill,FileSystemStorage,131072,2,262634,352951,139746
1779837351.934026,spill,FileSystemStorage,131072,1,131317,178521,72221
1779837351.934369,spill,FileSystemStorage,131072,1,131317,243320,93836
1779837351.934595,spill,FileSystemStorage,131072,1,131317,211281,75139
1779837351.934697,spill,FileSystemStorage,131072,1,131317,155831,69607
1779837351.934952,spill,FileSystemStorage,131072,1,131317,269488,89084
1779837351.935231,spill,FileSystemStorage,131072,1,131317,311108,74574
1779837351.935314,spill,FileSystemStorage,131072,2,262634,291111,141338
1779837351.935615,spill,FileSystemStorage,131072,1,131317,245571,91592
1779837351.936118,spill,FileSystemStorage,131072,1,131317,192394,72523
1779837351.936478,spill,FileSystemStorage,131072,2,262634,372271,181455
1779837351.936497,spill,FileSystemStorage,131072,1,131317,173329,79224
1779837351.936713,spill,FileSystemStorage,131072,1,131317,191440,64023
1779837351.937062,spill,FileSystemStorage,131072,1,131317,166053,72715
1779837351.937342,spill,FileSystemStorage,131072,2,262634,283101,137414
1779837351.937492,spill,FileSystemStorage,131072,1,131317,251306,96424
1779837351.937641,spill,FileSystemStorage,131072,1,131317,171710,73414
1779837351.937858,spill,FileSystemStorage,131072,1,131317,194020,81409
1779837351.938086,spill,FileSystemStorage,131072,1,131317,237580,93391
1779837351.938198,spill,FileSystemStorage,131072,1,131317,163370,63769
1779837351.938427,spill,FileSystemStorage,131072,1,131317,176194,69864
1779837351.938658,spill,FileSystemStorage,131072,1,131317,246056,92236
1779837351.938744,spill,FileSystemStorage,131072,1,131317,155379,62647
1779837351.939069,spill,FileSystemStorage,131072,1,131317,237816,94535
1779837351.939305,spill,FileSystemStorage,131072,2,262634,260416,138608
1779837351.939687,spill,FileSystemStorage,131072,1,131317,194953,69153
1779837351.939835,spill,FileSystemStorage,131072,1,131317,145747,63072
1779837351.939833,spill,FileSystemStorage,131072,1,131317,310465,96098
1779837351.940243,spill,FileSystemStorage,131072,1,131317,187885,69033
1779837351.940475,spill,FileSystemStorage,131072,1,131317,251751,98512
1779837351.940500,spill,FileSystemStorage,131072,1,131317,147844,65671
1779837351.940730,spill,FileSystemStorage,131072,1,131317,175763,68141
1779837351.940878,spill,FileSystemStorage,131072,1,131317,130975,60945
1779837351.941215,spill,FileSystemStorage,131072,1,131317,250160,96359
1779837351.941260,spill,FileSystemStorage,131072,1,131317,173817,64780
1779837351.941394,spill,FileSystemStorage,131072,1,131317,158156,74093
1779837351.941700,spill,FileSystemStorage,131072,1,131317,231828,85026
1779837351.941821,spill,FileSystemStorage,131072,1,131317,144985,65783
1779837351.941859,spill,FileSystemStorage,131072,1,131317,163153,75139
1779837351.942250,spill,FileSystemStorage,131072,1,131317,233397,93267
1779837351.942372,spill,FileSystemStorage,131072,1,131317,156940,71570
1779837351.942383,spill,FileSystemStorage,131072,1,131317,188050,80108
1779837351.942757,spill,FileSystemStorage,131072,1,131317,230455,88833
1779837351.943097,spill,FileSystemStorage,131072,2,262634,347630,158614
1779837351.943376,spill,FileSystemStorage,131072,1,131317,243288,92386
1779837351.943447,spill,FileSystemStorage,131072,1,131317,180776,66268
1779837351.943952,spill,FileSystemStorage,131072,1,131317,191356,65187
1779837351.944072,spill,FileSystemStorage,131072,1,131317,158835,76269
1779837351.944746,spill,FileSystemStorage,131072,1,131317,158634,65057
1779837351.944797,spill,FileSystemStorage,131072,4,525268,385144,247347
1779837351.944968,spill,FileSystemStorage,131072,1,131317,246399,92207
1779837351.945371,spill,FileSystemStorage,131072,1,131317,175416,63780
1779837351.945406,spill,FileSystemStorage,131072,1,131317,174066,70717
1779837351.945556,spill,FileSystemStorage,131072,1,131317,226879,90429
1779837351.945770,spill,FileSystemStorage,131072,1,131317,160236,63824
1779837351.945835,spill,FileSystemStorage,131072,1,131317,163667,65167
1779837351.946241,spill,FileSystemStorage,131072,1,131317,240423,99577
1779837351.946311,spill,FileSystemStorage,131072,2,262634,245237,130335
1779837351.946621,spill,FileSystemStorage,131072,1,131317,247974,73404
1779837351.946829,spill,FileSystemStorage,131072,1,131317,248835,90524
1779837351.946992,spill,FileSystemStorage,131072,1,131317,204951,68050
1779837351.947171,spill,FileSystemStorage,131072,1,131317,227696,77469
1779837351.947438,spill,FileSystemStorage,131072,1,131317,253272,92350
1779837351.947688,spill,FileSystemStorage,131072,1,131317,184882,65933
1779837351.947754,spill,FileSystemStorage,131072,1,131317,195537,76923
1779837351.947999,spill,FileSystemStorage,131072,1,131317,222900,88561
1779837351.948100,spill,FileSystemStorage,131072,1,131317,179595,72194
1779837351.948424,spill,FileSystemStorage,131072,1,131317,196525,76881
1779837351.948543,spill,FileSystemStorage,131072,1,131317,233217,91651
1779837351.948706,spill,FileSystemStorage,131072,1,131317,200221,71692
1779837351.948879,spill,FileSystemStorage,131072,1,131317,160948,61461
1779837351.949151,spill,FileSystemStorage,131072,1,131317,232683,89378
1779837351.949219,spill,FileSystemStorage,131072,1,131317,173300,65180
1779837351.949347,spill,FileSystemStorage,131072,1,131317,162791,64203
1779837351.949769,spill,FileSystemStorage,131072,2,262634,257504,135875
1779837351.950177,spill,FileSystemStorage,131072,1,131317,172799,74357
1779837351.950383,spill,FileSystemStorage,131072,1,131317,239255,90585
1779837351.950448,spill,FileSystemStorage,131072,1,131317,167890,61143
1779837351.950658,spill,FileSystemStorage,131072,1,131317,162306,67404
1779837351.951155,spill,FileSystemStorage,131072,1,131317,199094,76868
1779837351.951309,spill,FileSystemStorage,131072,3,393951,382598,192444
1779837351.951448,spill,FileSystemStorage,131072,1,131317,255745,91952
1779837351.951856,spill,FileSystemStorage,131072,1,131317,179150,70107
1779837351.952580,spill,FileSystemStorage,131072,2,262634,370832,176711
1779837351.957547,spill,FileSystemStorage,131072,5,656585,1069053,428021
1779837351.958785,spill,FileSystemStorage,131072,2,262634,290815,145662
1779837351.959214,spill,FileSystemStorage,131072,1,131317,286646,90921
1779837351.959584,spill,FileSystemStorage,131072,1,131317,210153,69262
1779837351.960345,spill,FileSystemStorage,131072,4,525268,514873,259209
1779837351.960439,spill,FileSystemStorage,131072,1,131317,170889,69473
1779837351.960677,spill,FileSystemStorage,131072,3,393951,539982,276297
1779837351.960886,spill,FileSystemStorage,131072,1,131317,209185,83445
1779837351.961479,spill,FileSystemStorage,131072,1,131317,257700,91363
1779837351.961526,spill,FileSystemStorage,131072,1,131317,201949,65311
1779837351.961777,spill,FileSystemStorage,131072,1,131317,173468,71118
1779837351.962280,spill,FileSystemStorage,131072,1,131317,256847,94161
1779837351.962496,spill,FileSystemStorage,131072,3,393951,351713,196101
1779837351.962881,spill,FileSystemStorage,131072,1,131317,252071,107275
1779837351.963263,spill,FileSystemStorage,131072,3,393951,411896,233836
1779837351.963519,spill,FileSystemStorage,131072,12,1575804,1169282,825865
1779837351.963859,spill,FileSystemStorage,131072,1,131317,252277,88602
1779837351.964689,spill,FileSystemStorage,131072,1,131317,205861,66832
1779837351.964757,spill,FileSystemStorage,131072,1,131317,196314,76224
1779837351.964805,spill,FileSystemStorage,131072,1,131317,263528,97743
1779837351.965411,spill,FileSystemStorage,131072,1,131317,184835,71851
1779837351.965547,spill,FileSystemStorage,131072,2,262634,278196,135554
1779837351.966041,spill,FileSystemStorage,131072,1,131317,230567,93386
1779837351.966379,spill,FileSystemStorage,131072,2,262634,256530,132766
1779837351.966413,spill,FileSystemStorage,131072,2,262634,267081,128401
1779837351.966552,spill,FileSystemStorage,131072,1,131317,243039,92686
1779837351.966912,spill,FileSystemStorage,131072,2,262634,271982,132685
1779837351.966963,spill,FileSystemStorage,131072,2,262634,266386,141252
1779837351.967130,spill,FileSystemStorage,131072,1,131317,262289,89995
1779837351.967667,spill,FileSystemStorage,131072,1,131317,203579,76295
1779837351.967958,spill,FileSystemStorage,131072,2,262634,371190,178145
1779837351.967976,spill,FileSystemStorage,131072,1,131317,174095,68098
1779837351.968286,spill,FileSystemStorage,131072,1,131317,164240,71200
1779837351.968765,spill,FileSystemStorage,131072,1,131317,247421,95676
1779837351.968914,spill,FileSystemStorage,131072,1,131317,184739,72755
1779837351.968936,spill,FileSystemStorage,131072,1,131317,198500,80282
1779837351.969413,spill,FileSystemStorage,131072,2,262634,265166,133375
1779837351.969572,spill,FileSystemStorage,131072,3,393951,492841,278335
1779837351.969568,spill,FileSystemStorage,131072,1,131317,256781,93879
1779837351.969975,spill,FileSystemStorage,131072,2,262634,286690,124727
1779837351.970028,spill,FileSystemStorage,131072,1,131317,186416,77058
1779837351.970185,spill,FileSystemStorage,131072,1,131317,251120,93774
1779837351.970369,spill,FileSystemStorage,131072,1,131317,173744,76907
1779837351.970516,spill,FileSystemStorage,131072,1,131317,186151,65380
1779837351.970691,spill,FileSystemStorage,131072,1,131317,227437,88310
1779837351.970859,spill,FileSystemStorage,131072,2,262634,252443,135061
1779837351.971028,spill,FileSystemStorage,131072,1,131317,202513,99642
1779837351.971334,spill,FileSystemStorage,131072,1,131317,266062,95749
1779837351.971382,spill,FileSystemStorage,131072,1,131317,160117,58854
1779837351.971555,spill,FileSystemStorage,131072,1,131317,178223,71010
1779837351.971844,spill,FileSystemStorage,131072,1,131317,234365,88544
1779837351.971920,spill,FileSystemStorage,131072,1,131317,142625,59363
1779837351.972298,spill,FileSystemStorage,131072,2,262634,292800,147826
1779837351.972411,spill,FileSystemStorage,131072,1,131317,183424,81888
1779837351.972657,spill,FileSystemStorage,131072,1,131317,228976,91600
1779837351.972837,spill,FileSystemStorage,131072,1,131317,179217,77685
1779837351.972979,spill,FileSystemStorage,131072,1,131317,167347,74976
1779837351.973376,spill,FileSystemStorage,131072,2,262634,386607,175771
1779837351.973511,spill,FileSystemStorage,131072,1,131317,184758,61733
1779837351.974050,spill,FileSystemStorage,131072,1,131317,148910,63440
1779837351.974153,spill,FileSystemStorage,131072,2,262634,370451,187725
1779837351.974582,spill,FileSystemStorage,131072,1,131317,224481,78339
1779837351.974664,spill,FileSystemStorage,131072,1,131317,230895,90652
1779837351.974962,spill,FileSystemStorage,131072,2,262634,277503,135040
1779837351.975099,spill,FileSystemStorage,131072,1,131317,218076,76371
1779837351.975339,spill,FileSystemStorage,131072,1,131317,249910,89912
1779837351.975634,spill,FileSystemStorage,131072,1,131317,190636,65211
1779837351.975865,spill,FileSystemStorage,131072,1,131317,173194,66316
1779837351.976053,spill,FileSystemStorage,131072,1,131317,234857,88512
1779837351.976252,spill,FileSystemStorage,131072,2,262634,253337,139250
1779837351.976835,spill,FileSystemStorage,131072,2,262634,225854,120032
1779837351.977188,spill,FileSystemStorage,131072,1,131317,247984,93394
1779837351.977284,spill,FileSystemStorage,131072,1,131317,189777,70058
1779837351.977410,spill,FileSystemStorage,131072,2,262634,256888,120383
1779837351.977785,spill,FileSystemStorage,131072,1,131317,232107,91502
1779837351.978062,spill,FileSystemStorage,131072,2,262634,292219,159949
1779837351.978076,spill,FileSystemStorage,131072,1,131317,172366,67287
1779837351.978299,spill,FileSystemStorage,131072,1,131317,222890,87613
1779837351.978509,spill,FileSystemStorage,131072,1,131317,167960,64722
1779837351.978670,spill,FileSystemStorage,131072,1,131317,185976,76870
1779837351.979069,spill,FileSystemStorage,131072,1,131317,214567,90023
1779837351.979099,spill,FileSystemStorage,131072,1,131317,273556,116464
1779837351.979281,spill,FileSystemStorage,131072,1,131317,188825,65080
1779837351.980078,spill,FileSystemStorage,131072,1,131317,293795,89047
1779837351.980532,spill,FileSystemStorage,131072,1,131317,165220,72252
1779837351.980689,spill,FileSystemStorage,131072,2,262634,233875,122070
1779837351.980882,spill,FileSystemStorage,131072,2,262634,381055,180919
1779837351.980969,spill,FileSystemStorage,131072,1,131317,174430,67038
1779837351.981238,spill,FileSystemStorage,131072,2,262634,262738,134879
1779837351.981434,spill,FileSystemStorage,131072,1,131317,153376,65919
1779837351.981525,spill,FileSystemStorage,131072,2,262634,372054,180972
1779837351.981661,spill,FileSystemStorage,131072,1,131317,159726,60908
1779837351.981816,spill,FileSystemStorage,131072,1,131317,163619,73107
1779837351.982114,spill,FileSystemStorage,131072,1,131317,243352,95537
1779837351.982149,spill,FileSystemStorage,131072,1,131317,161103,69832
1779837351.982328,spill,FileSystemStorage,131072,1,131317,182265,74388
1779837351.982619,spill,FileSystemStorage,131072,1,131317,237207,90830
1779837351.982702,spill,FileSystemStorage,131072,1,131317,163627,79060
1779837351.982886,spill,FileSystemStorage,131072,1,131317,191186,85013
1779837351.983288,spill,FileSystemStorage,131072,2,262634,377768,177028
1779837351.983480,spill,FileSystemStorage,131072,1,131317,182481,84216
1779837351.983802,spill,FileSystemStorage,131072,1,131317,242209,75191
1779837351.984091,spill,FileSystemStorage,131072,1,131317,163521,67189
1779837351.984170,spill,FileSystemStorage,131072,1,131317,254237,91366
1779837351.984861,spill,FileSystemStorage,131072,1,131317,158874,67954
1779837351.984969,spill,FileSystemStorage,131072,3,393951,410939,200574
1779837351.985350,spill,FileSystemStorage,131072,1,131317,252727,90505
1779837351.985432,spill,FileSystemStorage,131072,1,131317,187290,63242
1779837351.985894,spill,FileSystemStorage,131072,1,131317,194926,82339
1779837351.986040,spill,FileSystemStorage,131072,2,262634,365820,169398
1779837351.986225,spill,FileSystemStorage,131072,1,131317,180273,68672
1779837351.986636,spill,FileSystemStorage,131072,1,131317,169318,66798
1779837351.986891,spill,FileSystemStorage,131072,1,131317,204504,84298
1779837351.987090,spill,FileSystemStorage,131072,2,262634,434895,235263
1779837351.987307,spill,FileSystemStorage,131072,2,262634,257184,124951
1779837351.987863,spill,FileSystemStorage,131072,1,131317,261609,98188
1779837351.987944,spill,FileSystemStorage,131072,1,131317,222238,78142
1779837351.987966,spill,FileSystemStorage,131072,1,131317,206177,92878
1779837351.988404,spill,FileSystemStorage,131072,1,131317,169496,59866
1779837351.988716,spill,FileSystemStorage,131072,2,262634,362416,177625
1779837351.988744,spill,FileSystemStorage,131072,1,131317,170441,71238
1779837351.988866,spill,FileSystemStorage,131072,1,131317,176142,68939
1779837351.989225,spill,FileSystemStorage,131072,1,131317,171282,66528
1779837351.989552,spill,FileSystemStorage,131072,1,131317,154182,65677
1779837351.989605,spill,FileSystemStorage,131072,1,131317,147336,67112
1779837351.989666,spill,FileSystemStorage,131072,2,262634,370093,189490
1779837351.990157,spill,FileSystemStorage,131072,1,131317,168983,69073
1779837351.990169,spill,FileSystemStorage,131072,1,131317,190456,72520
1779837351.990465,spill,FileSystemStorage,131072,2,262634,370525,175151
1779837351.990957,spill,FileSystemStorage,131072,2,262634,256328,141881
1779837351.991331,spill,FileSystemStorage,131072,1,131317,245970,92705
1779837351.991360,spill,FileSystemStorage,131072,1,131317,238603,73914
1779837351.991768,spill,FileSystemStorage,131072,1,131317,161990,64388
1779837351.991987,spill,FileSystemStorage,131072,1,131317,232623,89704
1779837351.992237,spill,FileSystemStorage,131072,1,131317,200309,66505
1779837351.992858,spill,FileSystemStorage,131072,3,393951,333769,188764
1779837351.992920,spill,FileSystemStorage,131072,2,262634,364255,188807
1779837351.993709,spill,FileSystemStorage,131072,2,262634,296296,136674
1779837351.993924,spill,FileSystemStorage,131072,2,262634,238434,120372
1779837351.994231,spill,FileSystemStorage,131072,1,131317,239046,91024
1779837351.994383,spill,FileSystemStorage,131072,2,262634,229144,119411
1779837351.994615,spill,FileSystemStorage,131072,2,262634,277584,122598
1779837351.995037,spill,FileSystemStorage,131072,1,131317,275926,109100
1779837351.995207,spill,FileSystemStorage,131072,2,262634,296173,128932
1779837351.995447,spill,FileSystemStorage,131072,1,131317,213105,74458
1779837351.995857,spill,FileSystemStorage,131072,1,131317,233875,96828
1779837351.995876,spill,FileSystemStorage,131072,1,131317,165026,69813
1779837351.996703,spill,FileSystemStorage,131072,1,131317,156375,65754
1779837351.996835,spill,FileSystemStorage,131072,2,262634,375023,183349
1779837351.997165,spill,FileSystemStorage,131072,2,262634,290019,138384
1779837351.997537,spill,FileSystemStorage,131072,1,131317,231722,90665
1779837351.997922,spill,FileSystemStorage,131072,1,131317,161279,59090
1779837351.998202,spill,FileSystemStorage,131072,1,131317,170417,68936
1779837351.998353,spill,FileSystemStorage,131072,2,262634,369978,189670
1779837351.998570,spill,FileSystemStorage,131072,1,131317,172744,74486
1779837351.998754,spill,FileSystemStorage,131072,2,262634,259382,135913
1779837351.999418,spill,FileSystemStorage,131072,2,262634,398186,176227
1779837351.999661,spill,FileSystemStorage,131072,1,131317,281241,71857
1779837352.000039,spill,FileSystemStorage,131072,1,131317,172303,66107
1779837352.000639,spill,FileSystemStorage,131072,1,131317,165803,66709
1779837352.000626,spill,FileSystemStorage,131072,2,262634,359487,179757
1779837352.001374,spill,FileSystemStorage,131072,1,131317,179481,65738
1779837352.001845,spill,FileSystemStorage,131072,1,131317,273029,101519
1779837352.002030,spill,FileSystemStorage,131072,2,262634,247169,146321
1779837352.002043,spill,FileSystemStorage,131072,4,525268,428339,257782
1779837352.002574,spill,FileSystemStorage,131072,2,262634,373695,176775
1779837352.002947,spill,FileSystemStorage,131072,1,131317,192470,69973
1779837352.003092,spill,FileSystemStorage,131072,2,262634,292662,136512
1779837352.003394,spill,FileSystemStorage,131072,2,262634,381621,165696
1779837352.003461,spill,FileSystemStorage,131072,1,131317,178579,65207
1779837352.003595,spill,FileSystemStorage,131072,1,131317,163077,65643
1779837352.004118,spill,FileSystemStorage,131072,1,131317,157340,64913
1779837352.004134,spill,FileSystemStorage,131072,2,262634,354564,180729
1779837352.004431,spill,FileSystemStorage,131072,1,131317,155615,66440
1779837352.005244,spill,FileSystemStorage,131072,3,393951,495403,261355
1779837352.005498,spill,FileSystemStorage,131072,3,393951,333464,176873
1779837352.005940,spill,FileSystemStorage,131072,1,131317,250036,93775
1779837352.005985,spill,FileSystemStorage,131072,2,262634,303889,129575
1779837352.006110,spill,FileSystemStorage,131072,1,131317,160291,65573
1779837352.006429,spill,FileSystemStorage,131072,1,131317,224670,93302
1779837352.006460,spill,FileSystemStorage,131072,1,131317,155285,64390
1779837352.006569,spill,FileSystemStorage,131072,1,131317,182655,65632
1779837352.006892,spill,FileSystemStorage,131072,1,131317,162367,79612
1779837352.007241,spill,FileSystemStorage,131072,2,262634,384597,179729
1779837352.007668,spill,FileSystemStorage,131072,1,131317,197970,71110
1779837352.007820,spill,FileSystemStorage,131072,2,262634,256701,125785
1779837352.008597,spill,FileSystemStorage,131072,2,262634,261163,140375
1779837352.009013,spill,FileSystemStorage,131072,4,525268,410226,253646
1779837352.009242,spill,FileSystemStorage,131072,1,131317,273593,91130
1779837352.009428,spill,FileSystemStorage,131072,1,131317,169566,74270
1779837352.009920,spill,FileSystemStorage,131072,1,131317,176025,67668
1779837352.010222,spill,FileSystemStorage,131072,1,131317,175854,69626
1779837352.010522,spill,FileSystemStorage,131072,4,525268,618274,349865
1779837352.010923,spill,FileSystemStorage,131072,3,393951,326114,192263
1779837352.011070,spill,FileSystemStorage,131072,1,131317,215340,96255
1779837352.011292,spill,FileSystemStorage,131072,1,131317,245883,94118
1779837352.011848,spill,FileSystemStorage,131072,1,131317,182627,65975
1779837352.011941,spill,FileSystemStorage,131072,1,131317,180118,72694
1779837352.012096,spill,FileSystemStorage,131072,1,131317,249074,87980
1779837352.012402,spill,FileSystemStorage,131072,1,131317,161849,62754
1779837352.012529,spill,FileSystemStorage,131072,1,131317,168416,76225
1779837352.012847,spill,FileSystemStorage,131072,1,131317,264685,96504
1779837352.013292,spill,FileSystemStorage,131072,3,393951,352311,194570
1779837352.013313,spill,FileSystemStorage,131072,1,131317,267400,91613
1779837352.013812,spill,FileSystemStorage,131072,2,262634,362812,173941
1779837352.014095,spill,FileSystemStorage,131072,1,131317,169231,66573
1779837352.014132,spill,FileSystemStorage,131072,1,131317,176414,71634
1779837352.014564,spill,FileSystemStorage,131072,1,131317,233792,92562
1779837352.014865,spill,FileSystemStorage,131072,2,262634,260113,141303
1779837352.014893,spill,FileSystemStorage,131072,1,131317,192770,84465
1779837352.015243,spill,FileSystemStorage,131072,1,131317,250232,95024
1779837352.015399,spill,FileSystemStorage,131072,1,131317,169781,67507
1779837352.015831,spill,FileSystemStorage,131072,2,262634,300235,134065
1779837352.016331,spill,FileSystemStorage,131072,1,131317,166866,67535
1779837352.016457,spill,FileSystemStorage,131072,2,262634,390313,183167
1779837352.017308,spill,FileSystemStorage,131072,2,262634,276802,132144
1779837352.017402,spill,FileSystemStorage,131072,1,131317,226343,90699
1779837352.017718,spill,FileSystemStorage,131072,1,131317,186035,71567
1779837352.017979,spill,FileSystemStorage,131072,1,131317,182143,61304
1779837352.018338,spill,FileSystemStorage,131072,1,131317,177191,78149
1779837352.018388,spill,FileSystemStorage,131072,3,393951,486420,267214
1779837352.018865,spill,FileSystemStorage,131072,2,262634,276553,137118
1779837352.019378,spill,FileSystemStorage,131072,5,656585,529573,339128
1779837352.019587,spill,FileSystemStorage,131072,1,131317,159630,65349
1779837352.019617,spill,FileSystemStorage,131072,1,131317,266259,94316
1779837352.020166,spill,FileSystemStorage,131072,3,393951,336830,184373
1779837352.020216,spill,FileSystemStorage,131072,1,131317,174033,61836
1779837352.021052,spill,FileSystemStorage,131072,1,131317,158319,65304
1779837352.021200,spill,FileSystemStorage,131072,2,262634,252460,124298
1779837352.021204,spill,FileSystemStorage,131072,1,131317,245545,98870
1779837352.021482,spill,FileSystemStorage,131072,1,131317,153812,66743
1779837352.021900,spill,FileSystemStorage,131072,3,393951,377090,203408
1779837352.021976,spill,FileSystemStorage,131072,1,131317,146024,63259
1779837352.022539,spill,FileSystemStorage,131072,2,262634,369496,176623
1779837352.022665,spill,FileSystemStorage,131072,1,131317,161410,65827
1779837352.023373,spill,FileSystemStorage,131072,4,525268,415818,234353
1779837352.023696,spill,FileSystemStorage,131072,3,393951,493636,258796
1779837352.023743,spill,FileSystemStorage,131072,1,131317,203198,82351
1779837352.024319,spill,FileSystemStorage,131072,1,131317,164883,61202
1779837352.024663,spill,FileSystemStorage,131072,1,131317,173439,67277
1779837352.024984,spill,FileSystemStorage,131072,3,393951,491411,271919
1779837352.025121,spill,FileSystemStorage,131072,3,393951,330724,184738
1779837352.025329,spill,FileSystemStorage,131072,1,131317,166400,62150
1779837352.025807,spill,FileSystemStorage,131072,1,131317,165626,66441
1779837352.025852,spill,FileSystemStorage,131072,1,131317,256693,98962
1779837352.026076,spill,FileSystemStorage,131072,2,262634,261891,136988
1779837352.026176,spill,FileSystemStorage,131072,1,131317,156293,75147
1779837352.026333,spill,FileSystemStorage,131072,1,131317,211748,93493
1779837352.026563,spill,FileSystemStorage,131072,1,131317,161579,66463
1779837352.026868,spill,FileSystemStorage,131072,1,131317,174458,77744
1779837352.026911,spill,FileSystemStorage,131072,1,131317,251954,106753
1779837352.027110,spill,FileSystemStorage,131072,1,131317,187812,68042
1779837352.027625,spill,FileSystemStorage,131072,1,131317,183197,66399
1779837352.027738,spill,FileSystemStorage,131072,1,131317,158613,63701
1779837352.028033,spill,FileSystemStorage,131072,1,131317,254249,90758
1779837352.028303,spill,FileSystemStorage,131072,1,131317,142573,61834
1779837352.028500,spill,FileSystemStorage,131072,2,262634,240586,119627
1779837352.028853,spill,FileSystemStorage,131072,1,131317,152434,66722
1779837352.029221,spill,FileSystemStorage,131072,3,393951,483753,260249
1779837352.029269,spill,FileSystemStorage,131072,1,131317,151716,65439
1779837352.029505,spill,FileSystemStorage,131072,1,131317,179847,80738
1779837352.029967,spill,FileSystemStorage,131072,1,131317,198194,68644
1779837352.030061,spill,FileSystemStorage,131072,1,131317,230856,89566
1779837352.030278,spill,FileSystemStorage,131072,2,262634,244581,119122
1779837352.030376,spill,FileSystemStorage,131072,1,131317,164248,72695
1779837352.031045,spill,FileSystemStorage,131072,1,131317,285666,122181
1779837352.031058,spill,FileSystemStorage,131072,2,262634,353107,169594
1779837352.031154,spill,FileSystemStorage,131072,1,131317,160241,60657
1779837352.031927,spill,FileSystemStorage,131072,2,262634,257119,125704
1779837352.031988,spill,FileSystemStorage,131072,1,131317,259161,93840
1779837352.032341,spill,FileSystemStorage,131072,1,131317,195622,81782
1779837352.032941,spill,FileSystemStorage,131072,2,262634,295679,160888
1779837352.033018,spill,FileSystemStorage,131072,3,393951,483554,274342
1779837352.033247,spill,FileSystemStorage,131072,1,131317,168772,62631
1779837352.033687,spill,FileSystemStorage,131072,2,262634,266565,126158
1779837352.033989,spill,FileSystemStorage,131072,1,131317,228631,93749
1779837352.034076,spill,FileSystemStorage,131072,2,262634,245413,129688
1779837352.034941,spill,FileSystemStorage,131072,1,131317,269440,102862
1779837352.035009,spill,FileSystemStorage,131072,2,262634,339788,163257
1779837352.035369,spill,FileSystemStorage,131072,4,525268,487998,245129
1779837352.035906,spill,FileSystemStorage,131072,1,131317,228693,81726
1779837352.036001,spill,FileSystemStorage,131072,1,131317,186643,62861
1779837352.036784,spill,FileSystemStorage,131072,4,525268,418397,225631
1779837352.037000,spill,FileSystemStorage,131072,2,262634,308504,156953
1779837352.037220,spill,FileSystemStorage,131072,1,131317,192491,69306
1779837352.037659,spill,FileSystemStorage,131072,1,131317,188858,62510
1779837352.038266,spill,FileSystemStorage,131072,4,525268,407709,236739
1779837352.038567,spill,FileSystemStorage,131072,3,393951,354394,186368
1779837352.038732,spill,FileSystemStorage,131072,1,131317,222380,83635
1779837352.039072,spill,FileSystemStorage,131072,2,262634,324539,166585
1779837352.039196,spill,FileSystemStorage,131072,1,131317,183820,56696
1779837352.039347,spill,FileSystemStorage,131072,1,131317,160499,58824
1779837352.039789,spill,FileSystemStorage,131072,1,131317,157533,58809
1779837352.039898,spill,FileSystemStorage,131072,1,131317,194916,64665
1779837352.040162,spill,FileSystemStorage,131072,2,262634,216324,108049
1779837352.040437,spill,FileSystemStorage,131072,1,131317,183062,56734
1779837352.040729,spill,FileSystemStorage,131072,2,262634,254445,128110
1779837352.040956,spill,FileSystemStorage,131072,1,131317,180999,59769
1779837352.041149,spill,FileSystemStorage,131072,1,131317,149717,60012
1779837352.041303,spill,FileSystemStorage,131072,2,262634,280488,155806
1779837352.041564,spill,FileSystemStorage,131072,1,131317,179005,73295
1779837352.042001,spill,FileSystemStorage,131072,2,262634,224452,123732
1779837352.042135,spill,FileSystemStorage,131072,1,131317,192569,74999
1779837352.042282,spill,FileSystemStorage,131072,1,131317,191795,70560
1779837352.042562,spill,FileSystemStorage,131072,2,262634,277555,136609
1779837352.042792,spill,FileSystemStorage,131072,1,131317,160986,62219
1779837352.042861,spill,FileSystemStorage,131072,1,131317,230408,85020
1779837352.043617,spill,FileSystemStorage,131072,2,262634,292139,156551
1779837352.044101,spill,FileSystemStorage,131072,2,262634,250526,117036
1779837352.044239,spill,FileSystemStorage,131072,1,131317,207724,74829
1779837352.044430,spill,FileSystemStorage,131072,1,131317,227376,86755
1779837352.044541,spill,FileSystemStorage,131072,1,131317,177840,62420
1779837352.044777,spill,FileSystemStorage,131072,1,131317,176350,60047
1779837352.044894,spill,FileSystemStorage,131072,1,131317,163899,59111
1779837352.045174,spill,FileSystemStorage,131072,1,131317,177441,74807
1779837352.049208,spill,FileSystemStorage,131072,3,393951,380693,182281
1779837352.049984,spill,FileSystemStorage,131072,1,131317,245327,89741
1779837352.050675,spill,FileSystemStorage,131072,1,131317,198764,73392
1779837352.051140,spill,FileSystemStorage,131072,4,525268,517691,265824
1779837352.051445,spill,FileSystemStorage,131072,3,393951,422125,203404
1779837352.051882,spill,FileSystemStorage,131072,2,262634,301099,135170
1779837352.052635,spill,FileSystemStorage,131072,1916,251603372,183549246,120872450
1779837352.052705,spill,FileSystemStorage,131072,4,525268,444705,263141
1779837352.052884,spill,FileSystemStorage,131072,5,656585,655329,392767
1779837352.053003,spill,FileSystemStorage,131072,2,262634,362937,151290
1779837352.053576,spill,FileSystemStorage,131072,1,131317,198877,73351
1779837352.053674,spill,FileSystemStorage,131072,4,525268,435857,254587
1779837352.053714,spill,FileSystemStorage,131072,1,131317,261095,95779
1779837352.054453,spill,FileSystemStorage,131072,1,131317,212707,72441
1779837352.054483,spill,FileSystemStorage,131072,3,393951,377957,208981
1779837352.054581,spill,FileSystemStorage,131072,6,787902,615432,381764
1779837352.054893,spill,FileSystemStorage,131072,1,131317,183931,60242
1779837352.055169,spill,FileSystemStorage,131072,3,393951,398055,225180
1779837352.055269,spill,FileSystemStorage,131072,3,393951,364125,176248
1779837352.055425,spill,FileSystemStorage,131072,1,131317,182848,62055
1779837352.056011,spill,FileSystemStorage,131072,1,131317,165263,61969
1779837352.056527,spill,FileSystemStorage,131072,1,131317,283572,91466
1779837352.056537,spill,FileSystemStorage,131072,1,131317,274775,76993
1779837352.456735,spill,FileSystemStorage,131072,3,393951,510994,191367
1779837352.457282,spill,FileSystemStorage,131072,1,131317,309752,77731
1779837352.457872,spill,FileSystemStorage,131072,2,262634,388875,125554
1779837352.458574,spill,FileSystemStorage,131072,1,131317,176917,65506
1779837352.458692,spill,FileSystemStorage,131072,3,393951,346904,177748
1779837352.460788,spill,FileSystemStorage,131072,8,1050536,1738748,464072
1779837352.461566,spill,FileSystemStorage,131072,1,131317,269204,81175
1779837352.461852,spill,FileSystemStorage,131072,2,262634,328680,122914
1779837352.462503,spill,FileSystemStorage,131072,1,131317,247959,89337
1779837352.462777,spill,FileSystemStorage,131072,2,262634,303152,121875
1779837352.463156,spill,FileSystemStorage,131072,2,262634,302089,127738
1779837352.463356,spill,FileSystemStorage,131072,3,393951,433699,224770
1779837352.463611,spill,FileSystemStorage,131072,1,131317,246810,73180
1779837352.464190,spill,FileSystemStorage,131072,1,131317,267997,64778
1779837352.465090,spill,FileSystemStorage,131072,3,393951,618070,195303
1779837352.465262,spill,FileSystemStorage,131072,4,525268,467799,250121
1779837352.465583,spill,FileSystemStorage,131072,1,131317,191721,63749
1779837352.466190,spill,FileSystemStorage,131072,1,131317,177551,71294
1779837352.466237,spill,FileSystemStorage,131072,4,525268,449658,250105
1779837352.466403,spill,FileSystemStorage,131072,3,393951,426683,236538
1779837352.466707,spill,FileSystemStorage,131072,1,131317,173824,63412
1779837352.466950,spill,FileSystemStorage,131072,1,131317,203485,75493
1779837352.467074,spill,FileSystemStorage,131072,3,393951,398648,237938
1779837352.467176,spill,FileSystemStorage,131072,1,131317,170633,71112
1779837352.468327,spill,FileSystemStorage,131072,2,262634,286962,124719
1779837352.468423,spill,FileSystemStorage,131072,1,131317,178981,68836
1779837352.468642,spill,FileSystemStorage,131072,1,131317,210204,69554
1779837352.469477,spill,FileSystemStorage,131072,1,131317,182632,60656
1779837352.469560,spill,FileSystemStorage,131072,1,131317,151995,63524
1779837352.469981,spill,FileSystemStorage,131072,2,262634,396168,158871
1779837352.470759,spill,FileSystemStorage,131072,2,262634,341692,131189
1779837352.470832,spill,FileSystemStorage,131072,2,262634,404226,167058
1779837352.471158,spill,FileSystemStorage,131072,3,393951,427401,213587
1779837352.471637,spill,FileSystemStorage,131072,1,131317,262939,89451
1779837352.471841,spill,FileSystemStorage,131072,3,393951,392642,187590
1779837352.472447,spill,FileSystemStorage,131072,5,656585,547618,329008
1779837352.472671,spill,FileSystemStorage,131072,3,393951,396038,199365
1779837352.472768,spill,FileSystemStorage,131072,4,525268,507668,275246
1779837352.472977,spill,FileSystemStorage,131072,2,262634,238654,123661
1779837352.473189,spill,FileSystemStorage,131072,1,131317,178635,66115
1779837352.473503,spill,FileSystemStorage,131072,1,131317,267993,88368
1779837352.473637,spill,FileSystemStorage,131072,1,131317,283536,85098
1779837352.473872,spill,FileSystemStorage,131072,3,393951,350651,190334
1779837352.474119,spill,FileSystemStorage,131072,1,131317,181676,63571
1779837352.474276,spill,FileSystemStorage,131072,1,131317,220540,74884
1779837352.474364,spill,FileSystemStorage,131072,1,131317,181033,64309
1779837352.474771,spill,FileSystemStorage,131072,1,131317,183720,71938
1779837352.474965,spill,FileSystemStorage,131072,1,131317,198468,71867
1779837352.474994,spill,FileSystemStorage,131072,2,262634,298220,139679
1779837352.475344,spill,FileSystemStorage,131072,1,131317,188705,69750
1779837352.475766,spill,FileSystemStorage,131072,1,131317,182552,66153
1779837352.476108,spill,FileSystemStorage,131072,1,131317,196811,66777
1779837352.476274,spill,FileSystemStorage,131072,1,131317,172533,74367
1779837352.476443,spill,FileSystemStorage,131072,1,131317,190787,67418
1779837352.476595,spill,FileSystemStorage,131072,1,131317,156166,62521
1779837352.477059,spill,FileSystemStorage,131072,1,131317,194518,72604
1779837352.477061,spill,FileSystemStorage,131072,3,393951,346655,196428
1779837352.477415,spill,FileSystemStorage,131072,1,131317,176613,67553
1779837352.478005,spill,FileSystemStorage,131072,2,262634,248065,123457
1779837352.478485,spill,FileSystemStorage,131072,2,262634,298599,160573
1779837352.478510,spill,FileSystemStorage,131072,2,262634,287188,132873
1779837352.478997,spill,FileSystemStorage,131072,1,131317,231985,72419
1779837352.479253,spill,FileSystemStorage,131072,3,393951,408992,216938
1779837352.479698,spill,FileSystemStorage,131072,1,131317,288648,89985
1779837352.479929,spill,FileSystemStorage,131072,1,131317,160035,63359
1779837352.480101,spill,FileSystemStorage,131072,1,131317,265208,75419
1779837352.480783,spill,FileSystemStorage,131072,1,131317,164972,61131
1779837352.480959,spill,FileSystemStorage,131072,1,131317,217292,89750
1779837352.481147,spill,FileSystemStorage,131072,3,393951,469244,201593
1779837352.481343,spill,FileSystemStorage,131072,1,131317,240011,72306
1779837352.481554,spill,FileSystemStorage,131072,1,131317,175458,67791
1779837352.481806,spill,FileSystemStorage,131072,1,131317,177073,64680
1779837352.482131,spill,FileSystemStorage,131072,3,393951,387635,205265
1779837352.482537,spill,FileSystemStorage,131072,3,393951,339500,192293
1779837352.482720,spill,FileSystemStorage,131072,1,131317,180994,68473
1779837352.482847,spill,FileSystemStorage,131072,2,262634,280162,143137
1779837352.483149,spill,FileSystemStorage,131072,1,131317,204054,69038
1779837352.483499,spill,FileSystemStorage,131072,1,131317,212706,72478
1779837352.483548,spill,FileSystemStorage,131072,3,393951,365040,202393
1779837352.483719,spill,FileSystemStorage,131072,1,131317,174440,73517
1779837352.484221,spill,FileSystemStorage,131072,1,131317,153164,64690
1779837352.484738,spill,FileSystemStorage,131072,2,262634,309144,133788
1779837352.485459,spill,FileSystemStorage,131072,1,131317,236597,78784
1779837352.485631,spill,FileSystemStorage,131072,4,525268,444912,248535
1779837352.486011,spill,FileSystemStorage,131072,1,131317,232637,78368
1779837352.486093,spill,FileSystemStorage,131072,2,262634,338221,149128
1779837352.486470,spill,FileSystemStorage,131072,1,131317,221177,68388
1779837352.486635,spill,FileSystemStorage,131072,1,131317,235862,83850
1779837352.486870,spill,FileSystemStorage,131072,1,131317,326079,104391
1779837352.487004,spill,FileSystemStorage,131072,1,131317,211456,65791
1779837352.487363,spill,FileSystemStorage,131072,2,262634,349682,142818
1779837352.487431,spill,FileSystemStorage,131072,1,131317,219703,76424
1779837352.487514,spill,FileSystemStorage,131072,1,131317,178073,65644
1779837352.488055,spill,FileSystemStorage,131072,1,131317,181606,63825
1779837352.488100,spill,FileSystemStorage,131072,1,131317,179884,65473
1779837352.488416,spill,FileSystemStorage,131072,1,131317,163938,67860
1779837352.488472,spill,FileSystemStorage,131072,1,131317,212986,78001
1779837352.488758,spill,FileSystemStorage,131072,1,131317,156671,62475
1779837352.488952,spill,FileSystemStorage,131072,1,131317,176693,70306
1779837352.489017,spill,FileSystemStorage,131072,3,393951,342125,198222
1779837352.489588,spill,FileSystemStorage,131072,1,131317,181153,70229
1779837352.490121,spill,FileSystemStorage,131072,4,525268,435727,249309
1779837352.490192,spill,FileSystemStorage,131072,1,131317,166190,63159
1779837352.490432,spill,FileSystemStorage,131072,1,131317,187626,67415
1779837352.490713,spill,FileSystemStorage,131072,2,262634,275096,136059
1779837352.491292,spill,FileSystemStorage,131072,1,131317,193336,78146
1779837352.491593,spill,FileSystemStorage,131072,3,393951,494232,229992
1779837352.491846,spill,FileSystemStorage,131072,1,131317,170446,66076
1779837352.491888,spill,FileSystemStorage,131072,1,131317,194357,69005
1779837352.492429,spill,FileSystemStorage,131072,2,262634,302267,148379
1779837352.493037,spill,FileSystemStorage,131072,1,131317,181979,75200
1779837352.493062,spill,FileSystemStorage,131072,1,131317,178045,68615
1779837352.493393,spill,FileSystemStorage,131072,2,262634,296968,157964
1779837352.493469,spill,FileSystemStorage,131072,1,131317,181059,62603
1779837352.493680,spill,FileSystemStorage,131072,1,131317,147348,65308
1779837352.493941,spill,FileSystemStorage,131072,1,131317,202688,90488
1779837352.494070,spill,FileSystemStorage,131072,2,262634,247772,132422
1779837352.494856,spill,FileSystemStorage,131072,3,393951,356572,207089
1779837352.494958,spill,FileSystemStorage,131072,1,131317,198061,73809
1779837352.495235,spill,FileSystemStorage,131072,1,131317,175182,74953
1779837352.495564,spill,FileSystemStorage,131072,2,262634,293836,130546
1779837352.495660,spill,FileSystemStorage,131072,1,131317,184124,64528
1779837352.495820,spill,FileSystemStorage,131072,1,131317,162347,63418
1779837352.496272,spill,FileSystemStorage,131072,1,131317,144652,61708
1779837352.496355,spill,FileSystemStorage,131072,1,131317,174524,67046
1779837352.496473,spill,FileSystemStorage,131072,1,131317,183980,63068
1779837352.496753,spill,FileSystemStorage,131072,1,131317,149329,59561
1779837352.497052,spill,FileSystemStorage,131072,1,131317,151480,61246
1779837352.497262,spill,FileSystemStorage,131072,1,131317,165610,64523
1779837352.497359,spill,FileSystemStorage,131072,1,131317,214788,86065
1779837352.497436,spill,FileSystemStorage,131072,1,131317,161558,67041
1779837352.497709,spill,FileSystemStorage,131072,1,131317,156646,69754
1779837352.497850,spill,FileSystemStorage,131072,1,131317,173957,65967
1779837352.497983,spill,FileSystemStorage,131072,1,131317,157829,58902
1779837352.498158,spill,FileSystemStorage,131072,1,131317,150746,65638
1779837352.498343,spill,FileSystemStorage,131072,1,131317,156799,57880
1779837352.498569,spill,FileSystemStorage,131072,1,131317,145183,59092
1779837352.499097,spill,FileSystemStorage,131072,1,131317,211040,73714
1779837352.499194,spill,FileSystemStorage,131072,2,262634,314000,142478
1779837352.499485,spill,FileSystemStorage,131072,1,131317,220576,74204
1779837352.499670,spill,FileSystemStorage,131072,1,131317,149122,63120
1779837352.500037,spill,FileSystemStorage,131072,1,131317,172014,62710
1779837352.500173,spill,FileSystemStorage,131072,1,131317,164430,64849
1779837352.500243,spill,FileSystemStorage,131072,1,131317,201161,69440
1779837352.500596,spill,FileSystemStorage,131072,1,131317,267974,76526
1779837352.500657,spill,FileSystemStorage,131072,1,131317,155549,62278
1779837352.500995,spill,FileSystemStorage,131072,1,131317,184387,65856
1779837352.501409,spill,FileSystemStorage,131072,1,131317,177929,67295
1779837352.501591,spill,FileSystemStorage,131072,2,262634,296570,130342
1779837352.502026,spill,FileSystemStorage,131072,2,262634,266310,128511
1779837352.502264,spill,FileSystemStorage,131072,2,262634,277199,130848
1779837352.502429,spill,FileSystemStorage,131072,1,131317,209370,64839
1779837352.502630,spill,FileSystemStorage,131072,1,131317,178470,75858
1779837352.502865,spill,FileSystemStorage,131072,1,131317,225535,85699
1779837352.503072,spill,FileSystemStorage,131072,1,131317,219046,95127
1779837352.503404,spill,FileSystemStorage,131072,2,262634,248519,124159
1779837352.503727,spill,FileSystemStorage,131072,1,131317,170610,65040
1779837352.503945,spill,FileSystemStorage,131072,1,131317,172526,64478
1779837352.504174,spill,FileSystemStorage,131072,1,131317,199374,73382
1779837352.504732,spill,FileSystemStorage,131072,2,262634,351699,144426
1779837352.504761,spill,FileSystemStorage,131072,1,131317,186016,67589
1779837352.504877,spill,FileSystemStorage,131072,1,131317,158851,63323
1779837352.505205,spill,FileSystemStorage,131072,1,131317,204537,84121
1779837352.505300,spill,FileSystemStorage,131072,1,131317,150286,59551
1779837352.505625,spill,FileSystemStorage,131072,1,131317,277807,76016
1779837352.505661,spill,FileSystemStorage,131072,1,131317,194447,66224
1779837352.505872,spill,FileSystemStorage,131072,1,131317,181436,77104
1779837352.506253,spill,FileSystemStorage,131072,2,262634,305339,127246
1779837352.506534,spill,FileSystemStorage,131072,1,131317,161345,62302
1779837352.506735,spill,FileSystemStorage,131072,1,131317,186199,65079
1779837352.506934,spill,FileSystemStorage,131072,1,131317,235621,70641
1779837352.507083,spill,FileSystemStorage,131072,1,131317,192660,68667
1779837352.507349,spill,FileSystemStorage,131072,1,131317,185444,66566
1779837352.507624,spill,FileSystemStorage,131072,1,131317,174180,70413
1779837352.507800,spill,FileSystemStorage,131072,1,131317,167832,73534
1779837352.508029,spill,FileSystemStorage,131072,1,131317,195087,65706
1779837352.508166,spill,FileSystemStorage,131072,1,131317,167482,62467
1779837352.508418,spill,FileSystemStorage,131072,1,131317,174566,66304
1779837352.508584,spill,FileSystemStorage,131072,1,131317,160552,64470
1779837352.508767,spill,FileSystemStorage,131072,1,131317,165207,62945
1779837352.508958,spill,FileSystemStorage,131072,1,131317,162395,70557
1779837352.509190,spill,FileSystemStorage,131072,1,131317,182937,70784
1779837352.509392,spill,FileSystemStorage,131072,1,131317,170111,60768
1779837352.509652,spill,FileSystemStorage,131072,1,131317,192077,81671
1779837352.509864,spill,FileSystemStorage,131072,1,131317,178085,65019
1779837352.509893,spill,FileSystemStorage,131072,1,131317,228328,78571
1779837352.510246,spill,FileSystemStorage,131072,1,131317,264223,82326
1779837352.510483,spill,FileSystemStorage,131072,1,131317,170162,64876
1779837352.510669,spill,FileSystemStorage,131072,1,131317,140822,63278
1779837352.510785,spill,FileSystemStorage,131072,1,131317,228747,72133
1779837352.511108,spill,FileSystemStorage,131072,1,131317,180357,63108
1779837352.511283,spill,FileSystemStorage,131072,1,131317,262908,75665
1779837352.511517,spill,FileSystemStorage,131072,1,131317,138970,63713
1779837352.511762,spill,FileSystemStorage,131072,1,131317,189549,79231
1779837352.511921,spill,FileSystemStorage,131072,1,131317,163257,60834
1779837352.511987,spill,FileSystemStorage,131072,1,131317,185083,71452
1779837352.512389,spill,FileSystemStorage,131072,1,131317,149839,61711
1779837352.512614,spill,FileSystemStorage,131072,1,131317,176250,67956
1779837352.512814,spill,FileSystemStorage,131072,1,131317,161234,60664
1779837352.512893,spill,FileSystemStorage,131072,1,131317,208013,69985
1779837352.513404,spill,FileSystemStorage,131072,1,131317,280189,85703
1779837352.513435,spill,FileSystemStorage,131072,1,131317,186383,83136
1779837352.513720,spill,FileSystemStorage,131072,1,131317,239644,76072
1779837352.513847,spill,FileSystemStorage,131072,1,131317,179277,70126
1779837352.514022,spill,FileSystemStorage,131072,1,131317,168627,66991
1779837352.514199,spill,FileSystemStorage,131072,1,131317,193630,77376
1779837352.514388,spill,FileSystemStorage,131072,1,131317,197628,81308
1779837352.514585,spill,FileSystemStorage,131072,1,131317,187432,69384
1779837352.514811,spill,FileSystemStorage,131072,1,131317,180994,69542
1779837352.515041,spill,FileSystemStorage,131072,1,131317,249345,96846
1779837352.515456,spill,FileSystemStorage,131072,2,262634,344644,169122
1779837352.515653,spill,FileSystemStorage,131072,1,131317,171015,64589
1779837352.515904,spill,FileSystemStorage,131072,1,131317,210700,69904
1779837352.516109,spill,FileSystemStorage,131072,1,131317,199077,72025
1779837352.516277,spill,FileSystemStorage,131072,1,131317,178180,65235
1779837352.516482,spill,FileSystemStorage,131072,1,131317,179025,65689
1779837352.516661,spill,FileSystemStorage,131072,1,131317,154601,60859
1779837352.516838,spill,FileSystemStorage,131072,1,131317,166364,62480
1779837352.517123,spill,FileSystemStorage,131072,1,131317,167319,65634
1779837352.517393,spill,FileSystemStorage,131072,1,131317,221734,89444
1779837352.517452,spill,FileSystemStorage,131072,1,131317,174431,61215
1779837352.517699,spill,FileSystemStorage,131072,1,131317,194605,66294
1779837352.518041,spill,FileSystemStorage,131072,2,262634,263513,132352
1779837352.518297,spill,FileSystemStorage,131072,1,131317,168973,62857
1779837352.518626,spill,FileSystemStorage,131072,2,262634,255055,116167
1779837352.518768,spill,FileSystemStorage,131072,1,131317,173557,64465
1779837352.519320,spill,FileSystemStorage,131072,2,262634,240795,125745
1779837352.520169,spill,FileSystemStorage,131072,3,393951,373582,188146
1779837352.520467,spill,FileSystemStorage,131072,2,262634,316738,140949
1779837352.520894,spill,FileSystemStorage,131072,1,131317,393089,70411
1779837352.521202,spill,FileSystemStorage,131072,1,131317,244479,65260
1779837352.521781,spill,FileSystemStorage,131072,2,262634,262492,122236
1779837352.522048,spill,FileSystemStorage,131072,1,131317,272233,63151
1779837352.522719,spill,FileSystemStorage,131072,1,131317,172122,62764
1779837352.522995,spill,FileSystemStorage,131072,1,131317,258798,64415
1779837352.523443,spill,FileSystemStorage,131072,1,131317,419030,61784
1779837352.524374,spill,FileSystemStorage,131072,1,131317,508610,64337
1779837352.525086,spill,FileSystemStorage,131072,1,131317,212303,86366
1779837352.525092,spill,FileSystemStorage,131072,1,131317,161692,70148
1779837352.525421,spill,FileSystemStorage,131072,1,131317,277955,77922
1779837352.526101,spill,FileSystemStorage,131072,1,131317,178103,64727
1779837352.526674,spill,FileSystemStorage,131072,2,262634,316427,132478
1779837352.526819,spill,FileSystemStorage,131072,2,262634,313752,155495
1779837352.526836,spill,FileSystemStorage,131072,1,131317,227718,79844
1779837352.527386,spill,FileSystemStorage,131072,2,262634,287988,134881
1779837352.527463,spill,FileSystemStorage,131072,2,262634,307051,139950
1779837352.527648,spill,FileSystemStorage,131072,1,131317,260046,87760
1779837352.528032,spill,FileSystemStorage,131072,1,131317,194686,66099
1779837352.528582,spill,FileSystemStorage,131072,2,262634,237456,119837
1779837352.529029,spill,FileSystemStorage,131072,1,131317,195141,76467
1779837352.529182,spill,FileSystemStorage,131072,1,131317,195445,65679
1779837352.529297,spill,FileSystemStorage,131072,2,262634,307622,131456
1779837352.529817,spill,FileSystemStorage,131072,2,262634,308531,158686
1779837352.529977,spill,FileSystemStorage,131072,2,262634,283801,139840
1779837352.529991,spill,FileSystemStorage,131072,1,131317,183777,74486
1779837352.530305,spill,FileSystemStorage,131072,1,131317,177331,79266
1779837352.530613,spill,FileSystemStorage,131072,2,262634,258491,130846
1779837352.530636,spill,FileSystemStorage,131072,1,131317,171677,69701
1779837352.531193,spill,FileSystemStorage,131072,2,262634,302133,137359
1779837352.531314,spill,FileSystemStorage,131072,1,131317,192936,64708
1779837352.531520,spill,FileSystemStorage,131072,1,131317,221153,79801
1779837352.532593,spill,FileSystemStorage,131072,4,525268,437363,248927
1779837352.532856,spill,FileSystemStorage,131072,1,131317,190774,69048
1779837352.532994,spill,FileSystemStorage,131072,1,131317,218036,72813
1779837352.533127,spill,FileSystemStorage,131072,1,131317,184123,63879
1779837352.533301,spill,FileSystemStorage,131072,1,131317,182338,70554
1779837352.533394,spill,FileSystemStorage,131072,1,131317,153695,63196
1779837352.533713,spill,FileSystemStorage,131072,1,131317,171175,62356
1779837352.533793,spill,FileSystemStorage,131072,1,131317,204515,64587
1779837352.533926,spill,FileSystemStorage,131072,1,131317,176751,69574
1779837352.534109,spill,FileSystemStorage,131072,1,131317,175003,75951
1779837352.534354,spill,FileSystemStorage,131072,1,131317,180969,77602
1779837352.534511,spill,FileSystemStorage,131072,1,131317,194237,76873
1779837352.534685,spill,FileSystemStorage,131072,1,131317,162062,62670
1779837352.534908,spill,FileSystemStorage,131072,1,131317,169076,67469
1779837352.535277,spill,FileSystemStorage,131072,2,262634,264437,124403
1779837352.535588,spill,FileSystemStorage,131072,1,131317,186520,71827
1779837352.536032,spill,FileSystemStorage,131072,1,131317,166489,70841
1779837352.536487,spill,FileSystemStorage,131072,2,262634,280882,124410
1779837352.536611,spill,FileSystemStorage,131072,1,131317,231018,86429
1779837352.536875,spill,FileSystemStorage,131072,1,131317,167042,64810
1779837352.537225,spill,FileSystemStorage,131072,1,131317,179030,69477
1779837352.537224,spill,FileSystemStorage,131072,2,262634,276091,132084
1779837352.537431,spill,FileSystemStorage,131072,1,131317,164603,71195
1779837352.537651,spill,FileSystemStorage,131072,1,131317,174240,72747
1779837352.537926,spill,FileSystemStorage,131072,1,131317,184919,76931
1779837352.538090,spill,FileSystemStorage,131072,1,131317,213378,72404
1779837352.538329,spill,FileSystemStorage,131072,2,262634,266999,126024
1779837352.538370,spill,FileSystemStorage,131072,1,131317,166909,82213
1779837352.538539,spill,FileSystemStorage,131072,1,131317,180125,66425
1779837352.538824,spill,FileSystemStorage,131072,1,131317,205721,70322
1779837352.538911,spill,FileSystemStorage,131072,1,131317,179421,79331
1779837352.539149,spill,FileSystemStorage,131072,1,131317,213714,69856
1779837352.539308,spill,FileSystemStorage,131072,1,131317,171745,64319
1779837352.539625,spill,FileSystemStorage,131072,1,131317,270773,78386
1779837352.539664,spill,FileSystemStorage,131072,1,131317,194113,78650
1779837352.539821,spill,FileSystemStorage,131072,1,131317,188376,73982
1779837352.540046,spill,FileSystemStorage,131072,1,131317,157908,61957
1779837352.540278,spill,FileSystemStorage,131072,1,131317,207608,85368
1779837352.540815,spill,FileSystemStorage,131072,1,131317,183973,78684
1779837352.540991,spill,FileSystemStorage,131072,1,131317,176258,68444
1779837352.541022,spill,FileSystemStorage,131072,2,262634,371256,137624
1779837352.541259,spill,FileSystemStorage,131072,1,131317,172985,63458
1779837352.541523,spill,FileSystemStorage,131072,2,262634,277062,143149
1779837352.543663,spill,FileSystemStorage,131072,1,131317,2270088,74012
1779837352.545046,spill,FileSystemStorage,131072,2,262634,289648,131203
1779837352.546088,spill,FileSystemStorage,131072,1,131317,273976,79515
1779837352.546200,spill,FileSystemStorage,131072,2,262634,362197,161567
1779837352.546402,spill,FileSystemStorage,131072,6,787902,637957,377060
1779837352.546537,spill,FileSystemStorage,131072,1,131317,188388,87817
1779837352.546721,spill,FileSystemStorage,131072,1,131317,198006,79175
1779837352.547047,spill,FileSystemStorage,131072,1,131317,213562,91456
1779837352.547156,spill,FileSystemStorage,131072,1,131317,155760,60141
1779837352.547506,spill,FileSystemStorage,131072,1,131317,190657,86107
1779837352.547930,spill,FileSystemStorage,131072,1,131317,207913,93714
1779837352.547942,spill,FileSystemStorage,131072,2,262634,371028,147995
1779837352.548494,spill,FileSystemStorage,131072,2,262634,300406,157854
1779837352.548752,spill,FileSystemStorage,131072,1,131317,205265,82815
1779837352.548953,spill,FileSystemStorage,131072,3,393951,370963,189649
1779837352.549368,spill,FileSystemStorage,131072,2,262634,274409,157140
1779837352.549677,spill,FileSystemStorage,131072,2,262634,316669,138053
1779837352.549901,spill,FileSystemStorage,131072,2,262634,352774,132048
1779837352.549978,spill,FileSystemStorage,131072,1,131317,254361,87742
1779837352.550192,spill,FileSystemStorage,131072,1,131317,191406,61676
1779837352.550514,spill,FileSystemStorage,131072,2,262634,312011,127903
1779837352.550564,spill,FileSystemStorage,131072,1,131317,206807,87565
1779837352.550743,spill,FileSystemStorage,131072,1,131317,201411,72448
1779837352.551103,spill,FileSystemStorage,131072,2,262634,302473,137506
1779837352.551532,spill,FileSystemStorage,131072,1,131317,299737,89118
1779837352.551766,spill,FileSystemStorage,131072,1,131317,195585,69067
1779837352.551840,spill,FileSystemStorage,131072,1,131317,177448,66218
1779837352.552100,spill,FileSystemStorage,131072,1,131317,208276,74905
1779837352.552320,spill,FileSystemStorage,131072,1,131317,181463,76043
1779837352.552449,spill,FileSystemStorage,131072,1,131317,154585,64613
1779837352.552689,spill,FileSystemStorage,131072,1,131317,206447,71976
1779837352.552887,spill,FileSystemStorage,131072,2,262634,232734,123507
1779837352.553268,spill,FileSystemStorage,131072,1,131317,241816,81619
1779837352.553526,spill,FileSystemStorage,131072,2,262634,238315,123126
1779837352.553874,spill,FileSystemStorage,131072,1,131317,194993,73097
1779837352.553887,spill,FileSystemStorage,131072,1,131317,178770,68372
1779837352.554152,spill,FileSystemStorage,131072,1,131317,184291,69300
1779837352.554312,spill,FileSystemStorage,131072,1,131317,160032,63856
1779837352.554487,spill,FileSystemStorage,131072,1,131317,171029,64571
1779837352.554673,spill,FileSystemStorage,131072,1,131317,162099,62162
1779837352.554878,spill,FileSystemStorage,131072,1,131317,207936,87023
1779837352.555215,spill,FileSystemStorage,131072,1,131317,283825,77700
1779837352.555240,spill,FileSystemStorage,131072,1,131317,158799,67414
1779837352.555521,spill,FileSystemStorage,131072,1,131317,176620,69849
1779837352.555714,spill,FileSystemStorage,131072,1,131317,176025,69766
1779837352.555984,spill,FileSystemStorage,131072,1,131317,210809,66902
1779837352.556408,spill,FileSystemStorage,131072,1,131317,189529,73470
1779837352.556638,spill,FileSystemStorage,131072,1,131317,202438,75387
1779837352.556666,spill,FileSystemStorage,131072,1,131317,221969,85931
1779837352.556865,spill,FileSystemStorage,131072,1,131317,171786,63908
1779837352.557240,spill,FileSystemStorage,131072,1,131317,237404,72372
1779837352.557375,spill,FileSystemStorage,131072,2,262634,291094,155671
1779837352.557645,spill,FileSystemStorage,131072,1,131317,266256,76102
1779837352.557753,spill,FileSystemStorage,131072,1,131317,233236,77994
1779837352.557811,spill,FileSystemStorage,131072,1,131317,174468,81186
1779837352.558207,spill,FileSystemStorage,131072,1,131317,218353,74998
1779837352.558294,spill,FileSystemStorage,131072,2,262634,258880,129157
1779837352.558573,spill,FileSystemStorage,131072,1,131317,186253,71337
1779837352.558860,spill,FileSystemStorage,131072,1,131317,198252,78501
1779837352.559070,spill,FileSystemStorage,131072,1,131317,218009,100923
1779837352.559262,spill,FileSystemStorage,131072,1,131317,191066,77793
1779837352.559468,spill,FileSystemStorage,131072,1,131317,189424,71672
1779837352.559653,spill,FileSystemStorage,131072,1,131317,185058,69771
1779837352.559795,spill,FileSystemStorage,131072,1,131317,169282,73749
1779837352.559993,spill,FileSystemStorage,131072,1,131317,191487,67929
1779837352.560205,spill,FileSystemStorage,131072,1,131317,211799,69102
1779837352.560392,spill,FileSystemStorage,131072,1,131317,207118,79568
1779837352.560601,spill,FileSystemStorage,131072,1,131317,188561,65496
1779837352.560945,spill,FileSystemStorage,131072,2,262634,256287,120622
1779837352.561342,spill,FileSystemStorage,131072,1,131317,150771,67259
1779837352.561511,spill,FileSystemStorage,131072,1,131317,180910,72994
1779837352.561683,spill,FileSystemStorage,131072,1,131317,199895,91134
1779837352.562008,spill,FileSystemStorage,131072,1,131317,323535,110356
1779837352.562023,spill,FileSystemStorage,131072,1,131317,208869,96700
1779837352.562178,spill,FileSystemStorage,131072,1,131317,202346,77371
1779837352.562694,spill,FileSystemStorage,131072,2,262634,321773,163541
1779837352.562865,spill,FileSystemStorage,131072,1,131317,192849,93201
1779837352.563048,spill,FileSystemStorage,131072,1,131317,221225,88851
1779837352.563452,spill,FileSystemStorage,131072,2,262634,359272,170060
1779837352.563751,spill,FileSystemStorage,131072,1,131317,151879,62593
1779837352.563858,spill,FileSystemStorage,131072,1,131317,192502,73908
1779837352.564077,spill,FileSystemStorage,131072,1,131317,210991,68582
1779837352.564391,spill,FileSystemStorage,131072,2,262634,257140,148957
1779837352.564624,spill,FileSystemStorage,131072,1,131317,155836,63641
1779837352.564975,spill,FileSystemStorage,131072,2,262634,284042,153900
1779837352.565172,spill,FileSystemStorage,131072,1,131317,162800,66253
1779837352.565199,spill,FileSystemStorage,131072,1,131317,182765,68522
1779837352.565617,spill,FileSystemStorage,131072,1,131317,163018,69519
1779837352.565620,spill,FileSystemStorage,131072,1,131317,175720,77931
1779837352.566086,spill,FileSystemStorage,131072,1,131317,138602,62570
1779837352.566204,spill,FileSystemStorage,131072,1,131317,210984,70250
1779837352.566431,spill,FileSystemStorage,131072,1,131317,159836,65378
1779837352.566611,spill,FileSystemStorage,131072,1,131317,148595,61034
1779837352.566822,spill,FileSystemStorage,131072,1,131317,188109,74504
1779837352.567136,spill,FileSystemStorage,131072,2,262634,261644,150455
1779837352.567580,spill,FileSystemStorage,131072,1,131317,179456,76021
1779837352.567756,spill,FileSystemStorage,131072,1,131317,144258,60836
1779837352.568108,spill,FileSystemStorage,131072,1,131317,179167,76692
1779837352.568168,spill,FileSystemStorage,131072,1,131317,315175,82752
1779837352.568355,spill,FileSystemStorage,131072,1,131317,162627,65114
1779837352.568562,spill,FileSystemStorage,131072,1,131317,169092,64463
1779837352.568882,spill,FileSystemStorage,131072,2,262634,229837,120873
1779837352.569223,spill,FileSystemStorage,131072,1,131317,190349,84658
1779837352.569276,spill,FileSystemStorage,131072,1,131317,208456,75618
1779837352.569578,spill,FileSystemStorage,131072,1,131317,152969,62323
1779837352.569871,spill,FileSystemStorage,131072,1,131317,166058,64167
1779837352.570153,spill,FileSystemStorage,131072,2,262634,243778,122338
1779837352.570407,spill,FileSystemStorage,131072,1,131317,174560,71896
1779837352.570451,spill,FileSystemStorage,131072,1,131317,203046,78997
1779837352.570773,spill,FileSystemStorage,131072,1,131317,162542,70057
1779837352.571081,spill,FileSystemStorage,131072,1,131317,177955,66633
1779837352.571530,spill,FileSystemStorage,131072,2,262634,367195,132294
1779837352.571660,spill,FileSystemStorage,131072,1,131317,165848,65614
1779837352.571929,spill,FileSystemStorage,131072,1,131317,210558,76485
1779837352.572325,spill,FileSystemStorage,131072,2,262634,270405,131818
1779837352.572490,spill,FileSystemStorage,131072,1,131317,166903,67741
1779837352.572841,spill,FileSystemStorage,131072,1,131317,223443,71258
1779837352.573320,spill,FileSystemStorage,131072,2,262634,374681,157375
1779837352.573351,spill,FileSystemStorage,131072,1,131317,175304,68608
1779837352.573604,spill,FileSystemStorage,131072,1,131317,209118,71101
1779837352.573980,spill,FileSystemStorage,131072,2,262634,297599,154017
1779837352.574046,spill,FileSystemStorage,131072,1,131317,165043,73520
1779837352.574514,spill,FileSystemStorage,131072,2,262634,263684,128051
1779837352.575212,spill,FileSystemStorage,131072,3,393951,383010,212792
1779837352.575379,spill,FileSystemStorage,131072,1,131317,187555,68973
1779837352.575610,spill,FileSystemStorage,131072,1,131317,229793,92178
1779837352.576001,spill,FileSystemStorage,131072,1,131317,217535,81957
1779837352.576295,spill,FileSystemStorage,131072,2,262634,361886,146959
1779837352.576310,spill,FileSystemStorage,131072,1,131317,192448,92890
1779837352.576452,spill,FileSystemStorage,131072,1,131317,187608,76750
1779837352.576877,spill,FileSystemStorage,131072,1,131317,243040,80792
1779837352.576961,spill,FileSystemStorage,131072,1,131317,179579,82322
1779837352.577087,spill,FileSystemStorage,131072,1,131317,198632,65566
1779837352.577420,spill,FileSystemStorage,131072,1,131317,163672,77618
1779837352.577599,spill,FileSystemStorage,131072,1,131317,247390,86776
1779837352.577679,spill,FileSystemStorage,131072,2,262634,249494,126726
1779837352.577874,spill,FileSystemStorage,131072,1,131317,170017,66096
1779837352.578125,spill,FileSystemStorage,131072,1,131317,193480,70952
1779837352.578223,spill,FileSystemStorage,131072,1,131317,145764,60585
1779837352.578508,spill,FileSystemStorage,131072,1,131317,153237,68800
1779837352.578772,spill,FileSystemStorage,131072,2,262634,235817,120576
1779837352.579138,spill,FileSystemStorage,131072,1,131317,211528,64684
1779837352.579211,spill,FileSystemStorage,131072,1,131317,254336,69234
1779837352.579612,spill,FileSystemStorage,131072,1,131317,179181,68258
1779837352.579870,spill,FileSystemStorage,131072,1,131317,201508,73226
1779837352.580162,spill,FileSystemStorage,131072,1,131317,160699,64240
1779837352.580225,spill,FileSystemStorage,131072,1,131317,168293,60990
1779837352.580427,spill,FileSystemStorage,131072,1,131317,188974,76261
1779837352.580567,spill,FileSystemStorage,131072,1,131317,131639,59198
1779837352.580818,spill,FileSystemStorage,131072,1,131317,183331,69125
1779837352.581192,spill,FileSystemStorage,131072,1,131317,164202,68253
1779837352.581196,spill,FileSystemStorage,131072,1,131317,171733,69283
1779837352.581332,spill,FileSystemStorage,131072,1,131317,160280,62825
1779837352.581603,spill,FileSystemStorage,131072,1,131317,147865,61761
1779837352.581775,spill,FileSystemStorage,131072,1,131317,164936,60887
1779837352.582084,spill,FileSystemStorage,131072,1,131317,154405,68335
1779837352.582284,spill,FileSystemStorage,131072,2,262634,262871,135621
1779837352.582556,spill,FileSystemStorage,131072,1,131317,146964,64918
1779837352.582929,spill,FileSystemStorage,131072,1,131317,217789,87920
1779837352.582939,spill,FileSystemStorage,131072,1,131317,191688,75435
1779837352.583195,spill,FileSystemStorage,131072,1,131317,178410,66199
1779837352.583401,spill,FileSystemStorage,131072,1,131317,176485,69136
1779837352.583594,spill,FileSystemStorage,131072,1,131317,181240,76799
1779837352.583836,spill,FileSystemStorage,131072,1,131317,142051,63344
1779837352.584133,spill,FileSystemStorage,131072,1,131317,146540,65698
1779837352.584301,spill,FileSystemStorage,131072,1,131317,155236,63243
1779837352.584413,spill,FileSystemStorage,131072,2,262634,268388,124160
1779837352.585108,spill,FileSystemStorage,131072,2,262634,244430,126008
1779837352.585144,spill,FileSystemStorage,131072,1,131317,174943,80050
1779837352.585184,spill,FileSystemStorage,131072,1,131317,191890,78198
1779837352.585632,spill,FileSystemStorage,131072,1,131317,146765,62906
1779837352.585730,spill,FileSystemStorage,131072,1,131317,153987,61439
1779837352.585883,spill,FileSystemStorage,131072,1,131317,184424,72810
1779837352.586074,spill,FileSystemStorage,131072,1,131317,171730,70308
1779837352.586186,spill,FileSystemStorage,131072,1,131317,167196,78307
1779837352.586528,spill,FileSystemStorage,131072,2,262634,295061,139946
1779837352.586754,spill,FileSystemStorage,131072,1,131317,141952,60513
1779837352.586915,spill,FileSystemStorage,131072,1,131317,163059,61986
1779837352.587178,spill,FileSystemStorage,131072,1,131317,205421,66168
1779837352.587410,spill,FileSystemStorage,131072,1,131317,162415,63292
1779837352.588119,spill,FileSystemStorage,131072,1,131317,138402,60785
1779837352.588542,spill,FileSystemStorage,131072,1,131317,163722,64899
1779837352.588880,spill,FileSystemStorage,131072,1,131317,136720,62547
1779837352.589121,spill,FileSystemStorage,131072,1,131317,199351,72263
1779837352.589918,spill,FileSystemStorage,131072,2,262634,251346,125641
1779837352.589998,spill,FileSystemStorage,131072,4,525268,445354,261073
1779837352.590431,spill,FileSystemStorage,131072,1,131317,149612,61658
1779837352.590849,spill,FileSystemStorage,131072,1,131317,163354,80407
1779837352.591070,spill,FileSystemStorage,131072,4,525268,487951,287016
1779837352.591425,spill,FileSystemStorage,131072,4,525268,492054,252278
1779837352.591794,spill,FileSystemStorage,131072,1,131317,254338,74189
1779837352.591900,spill,FileSystemStorage,131072,1,131317,181604,67423
1779837352.592539,spill,FileSystemStorage,131072,1,131317,263331,77545
1779837352.592885,spill,FileSystemStorage,131072,1,131317,182170,71518
1779837352.592883,spill,FileSystemStorage,131072,2,262634,258788,129011
1779837352.593131,spill,FileSystemStorage,131072,2,262634,292208,128372
1779837352.594011,spill,FileSystemStorage,131072,1,131317,185215,63369
1779837352.594506,spill,FileSystemStorage,131072,4,525268,422303,249624
1779837352.594550,spill,FileSystemStorage,131072,1,131317,153457,63829
1779837352.594620,spill,FileSystemStorage,131072,1,131317,203183,89783
1779837352.595174,spill,FileSystemStorage,131072,1,131317,225759,69125
1779837352.595382,spill,FileSystemStorage,131072,2,262634,286700,123290
1779837352.595883,spill,FileSystemStorage,131072,3,393951,403368,187274
1779837352.596025,spill,FileSystemStorage,131072,1,131317,185318,64952
1779837352.596436,spill,FileSystemStorage,131072,3,393951,341830,184360
1779837352.597620,spill,FileSystemStorage,131072,4,525268,434310,255908
1779837352.597803,spill,FileSystemStorage,131072,1,131317,208357,74333
1779837352.597922,spill,FileSystemStorage,131072,3,393951,353638,208381
1779837352.598561,spill,FileSystemStorage,131072,1,131317,188701,63605
1779837352.598687,spill,FileSystemStorage,131072,1,131317,205447,70933
1779837352.599047,spill,FileSystemStorage,131072,1,131317,204222,87748
1779837352.599644,spill,FileSystemStorage,131072,1,131317,177465,61798
1779837352.600151,spill,FileSystemStorage,131072,1,131317,162775,68901
1779837352.600162,spill,FileSystemStorage,131072,6,787902,679208,406347
1779837352.600350,spill,FileSystemStorage,131072,1,131317,161479,64358
1779837352.600780,spill,FileSystemStorage,131072,2,262634,227603,126398
1779837352.600835,spill,FileSystemStorage,131072,2,262634,264396,131338
1779837352.600927,spill,FileSystemStorage,131072,1,131317,152156,62729
1779837352.601415,spill,FileSystemStorage,131072,1,131317,176004,66933
1779837352.601533,spill,FileSystemStorage,131072,1,131317,158803,63747
1779837352.601779,spill,FileSystemStorage,131072,2,262634,259104,120816
1779837352.602238,spill,FileSystemStorage,131072,2,262634,228318,118749
1779837352.602249,spill,FileSystemStorage,131072,1,131317,150665,64322
1779837352.602545,spill,FileSystemStorage,131072,1,131317,175754,58993
1779837352.602746,spill,FileSystemStorage,131072,1,131317,146790,59501
1779837352.603214,spill,FileSystemStorage,131072,1,131317,244660,81772
1779837352.603321,spill,FileSystemStorage,131072,1,131317,258288,70448
1779837352.603362,spill,FileSystemStorage,131072,1,131317,155615,58038
1779837352.604054,spill,FileSystemStorage,131072,1,131317,186277,65299
1779837352.604654,spill,FileSystemStorage,131072,1,131317,156604,59602
1779837352.604703,spill,FileSystemStorage,131072,1,131317,159441,58221
1779837352.604789,spill,FileSystemStorage,131072,1,131317,163300,56108
1779837352.605205,spill,FileSystemStorage,131072,1,131317,145448,59934
1779837352.605502,spill,FileSystemStorage,131072,1,131317,144872,59046
1779837352.605929,spill,FileSystemStorage,131072,1,131317,201819,69840
1779837352.606206,spill,FileSystemStorage,131072,4,525268,497044,255531
1779837352.606271,spill,FileSystemStorage,131072,3,393951,328418,194743
1779837352.606511,spill,FileSystemStorage,131072,2,262634,233997,111263
1779837352.606767,spill,FileSystemStorage,131072,2,262634,218297,107076
1779837352.607062,spill,FileSystemStorage,131072,2,262634,326538,159803
1779837352.607167,spill,FileSystemStorage,131072,1,131317,168677,58908
1779837352.607784,spill,FileSystemStorage,131072,1,131317,168040,59237
1779837352.608366,spill,FileSystemStorage,131072,1,131317,152894,58199
1779837352.609220,spill,FileSystemStorage,131072,2,262634,228409,106027
1779837352.609559,spill,FileSystemStorage,131072,1,131317,194285,62921
1779837352.610152,spill,FileSystemStorage,131072,1,131317,163126,70279
1779837352.610444,spill,FileSystemStorage,131072,8,1050536,718939,460836
1779837352.610757,spill,FileSystemStorage,131072,3,393951,325320,174738
1779837352.610902,spill,FileSystemStorage,131072,1,131317,211141,64961
1779837352.611128,spill,FileSystemStorage,131072,1,131317,198699,61569
1779837352.611358,spill,FileSystemStorage,131072,1,131317,164534,62159
1779837352.612241,spill,FileSystemStorage,131072,1,131317,182310,73596
1779837352.612247,spill,FileSystemStorage,131072,1,131317,170288,69707
1779837352.612562,spill,FileSystemStorage,131072,2,262634,304822,126437
1779837352.612852,spill,FileSystemStorage,131072,3,393951,337353,175728
1779837352.613069,spill,FileSystemStorage,131072,2,262634,241690,109202
1779837352.613413,spill,FileSystemStorage,131072,1,131317,142257,58126
1779837352.613667,spill,FileSystemStorage,131072,1,131317,166093,61495
1779837352.614306,spill,FileSystemStorage,131072,3,393951,332410,182958
1779837352.614349,spill,FileSystemStorage,131072,1,131317,136855,58639
1779837352.614917,spill,FileSystemStorage,131072,1,131317,229999,72639
1779837352.615007,spill,FileSystemStorage,131072,1,131317,191501,87476
1779837352.615050,spill,FileSystemStorage,131072,1,131317,217788,100565
1779837352.615573,spill,FileSystemStorage,131072,2,262634,243699,114451
1779837352.615723,spill,FileSystemStorage,131072,2,262634,257562,113967
1779837352.616799,spill,FileSystemStorage,131072,2,262634,260234,120428
1779837352.616815,spill,FileSystemStorage,131072,1,131317,169104,61585
1779837352.616910,spill,FileSystemStorage,131072,1917,251734689,158371658,109073314
1779837352.617314,spill,FileSystemStorage,131072,3,393951,316481,162636
1779837352.617631,spill,FileSystemStorage,131072,2,262634,231966,113885
1779837352.617968,spill,FileSystemStorage,131072,1,131317,192176,69464
1779837352.618219,spill,FileSystemStorage,131072,4,525268,414420,232375
1779837352.618450,spill,FileSystemStorage,131072,1,131317,165315,57327
1779837352.618528,spill,FileSystemStorage,131072,1,131317,182190,61952
1779837352.618930,spill,FileSystemStorage,131072,2,262634,281822,135594
1779837352.619170,spill,FileSystemStorage,131072,2,262634,264312,119131
1779837352.619271,spill,FileSystemStorage,131072,1,131317,160760,58286
1779837352.620279,spill,FileSystemStorage,131072,1,131317,217899,66909
1779837358.091939,restore,FileSystemStorage,131072,1,131317,1172347,1053266
1779837358.096398,restore,FileSystemStorage,131072,1,131317,856027,778458
1779837358.100383,restore,FileSystemStorage,131072,1,131317,857560,779447
1779837358.104414,restore,FileSystemStorage,131072,1,131317,806437,724571
1779837358.108878,restore,FileSystemStorage,131072,1,131317,775123,692865
1779837358.112645,restore,FileSystemStorage,131072,1,131317,566138,486915
1779837358.116846,restore,FileSystemStorage,131072,1,131317,715889,638625
1779837358.121064,restore,FileSystemStorage,131072,1,131317,609827,531139
1779837358.124241,restore,FileSystemStorage,131072,1,131317,303112,224910
1779837358.127130,restore,FileSystemStorage,131072,1,131317,234355,192443
1779837358.130497,restore,FileSystemStorage,131072,1,131317,606051,578423
1779837358.134596,restore,FileSystemStorage,131072,1,131317,517680,486274
1779837358.138268,restore,FileSystemStorage,131072,1,131317,674566,599959
1779837358.141462,restore,FileSystemStorage,131072,1,131317,465561,423788
1779837358.144953,restore,FileSystemStorage,131072,1,131317,578381,494466
1779837358.148997,restore,FileSystemStorage,131072,1,131317,696166,620931
1779837358.152585,restore,FileSystemStorage,131072,1,131317,736314,657622
1779837358.155201,restore,FileSystemStorage,131072,1,131317,326559,264114
1779837358.158402,restore,FileSystemStorage,131072,1,131317,219040,172108
1779837358.162201,restore,FileSystemStorage,131072,1,131317,308689,233333
1779837358.165668,restore,FileSystemStorage,131072,1,131317,424845,382915
1779837358.168204,restore,FileSystemStorage,131072,1,131317,514239,431536
1779837358.171705,restore,FileSystemStorage,131072,1,131317,654051,587093
1779837358.175508,restore,FileSystemStorage,131072,1,131317,715130,651231
1779837358.178680,restore,FileSystemStorage,131072,1,131317,436503,361704
1779837358.184000,restore,FileSystemStorage,131072,1,131317,1056915,940726
1779837358.188633,restore,FileSystemStorage,131072,1,131317,799154,706675
1779837358.191995,restore,FileSystemStorage,131072,1,131317,966844,888991
1779837358.196393,restore,FileSystemStorage,131072,1,131317,677983,598176
1779837358.201320,restore,FileSystemStorage,131072,1,131317,725130,647684
1779837358.206276,restore,FileSystemStorage,131072,1,131317,626143,552713
1779837358.211696,restore,FileSystemStorage,131072,1,131317,900460,806726
1779837358.217211,restore,FileSystemStorage,131072,1,131317,718721,639552
1779837358.222200,restore,FileSystemStorage,131072,1,131317,638957,560943
1779837358.227423,restore,FileSystemStorage,131072,1,131317,645536,549776
1779837358.231510,restore,FileSystemStorage,131072,1,131317,482006,409039
1779837358.236425,restore,FileSystemStorage,131072,1,131317,941466,860436
1779837358.241025,restore,FileSystemStorage,131072,1,131317,589658,520597
1779837358.245357,restore,FileSystemStorage,131072,1,131317,580796,537614
1779837358.249919,restore,FileSystemStorage,131072,1,131317,607226,538494
1779837358.254591,restore,FileSystemStorage,131072,1,131317,825574,756991
1779837358.260024,restore,FileSystemStorage,131072,1,131317,1013819,933976
1779837358.264618,restore,FileSystemStorage,131072,1,131317,824920,748258
1779837358.270196,restore,FileSystemStorage,131072,1,131317,1774473,1702976
1779837358.274894,restore,FileSystemStorage,131072,1,131317,448979,373064
1779837358.279035,restore,FileSystemStorage,131072,1,131317,463961,392904
1779837358.283317,restore,FileSystemStorage,131072,1,131317,347302,253200
1779837358.286853,restore,FileSystemStorage,131072,1,131317,261609,201337
1779837358.290852,restore,FileSystemStorage,131072,1,131317,443597,371882
1779837358.294521,restore,FileSystemStorage,131072,1,131317,354650,311064
1779837358.298916,restore,FileSystemStorage,131072,1,131317,440686,368948
1779837358.302778,restore,FileSystemStorage,131072,1,131317,442300,372274
1779837358.306453,restore,FileSystemStorage,131072,1,131317,614202,536308
1779837358.310111,restore,FileSystemStorage,131072,1,131317,606214,534942
1779837358.313307,restore,FileSystemStorage,131072,1,131317,289123,207470
1779837358.317611,restore,FileSystemStorage,131072,1,131317,633081,563282
1779837358.322262,restore,FileSystemStorage,131072,1,131317,630406,546766
1779837358.327368,restore,FileSystemStorage,131072,1,131317,883163,806172
1779837358.332093,restore,FileSystemStorage,131072,1,131317,656182,584976
1779837358.336758,restore,FileSystemStorage,131072,1,131317,770479,693121
1779837358.341619,restore,FileSystemStorage,131072,1,131317,931386,848794
1779837358.345560,restore,FileSystemStorage,131072,1,131317,710071,637693
1779837358.350694,restore,FileSystemStorage,131072,1,131317,692452,618126
1779837358.354635,restore,FileSystemStorage,131072,1,131317,672574,603658
1779837358.358477,restore,FileSystemStorage,131072,1,131317,302129,226826
1779837358.361897,restore,FileSystemStorage,131072,1,131317,277716,205243
1779837358.364656,restore,FileSystemStorage,131072,1,131317,411644,364221
1779837358.367698,restore,FileSystemStorage,131072,1,131317,629663,577244
1779837358.370798,restore,FileSystemStorage,131072,1,131317,200333,165174
1779837358.373275,restore,FileSystemStorage,131072,1,131317,270196,199832
1779837358.375722,restore,FileSystemStorage,131072,1,131317,378385,331405
1779837358.377798,restore,FileSystemStorage,131072,1,131317,190194,157180
1779837358.381133,restore,FileSystemStorage,131072,1,131317,184014,151626
1779837358.384252,restore,FileSystemStorage,131072,1,131317,418295,388872
1779837358.386256,restore,FileSystemStorage,131072,1,131317,167153,138299
1779837358.388207,restore,FileSystemStorage,131072,1,131317,199748,171583
1779837358.390513,restore,FileSystemStorage,131072,1,131317,186950,150678
1779837358.393387,restore,FileSystemStorage,131072,1,131317,196699,168514
1779837358.396955,restore,FileSystemStorage,131072,1,131317,610223,540793
1779837358.401262,restore,FileSystemStorage,131072,1,131317,586429,516992
1779837358.406279,restore,FileSystemStorage,131072,1,131317,459544,389686
1779837358.410896,restore,FileSystemStorage,131072,1,131317,702625,632686
1779837358.414955,restore,FileSystemStorage,131072,1,131317,361726,317103
1779837358.417814,restore,FileSystemStorage,131072,1,131317,642528,612980
1779837358.420773,restore,FileSystemStorage,131072,1,131317,604117,535639
1779837358.424170,restore,FileSystemStorage,131072,1,131317,621957,582107
1779837358.427720,restore,FileSystemStorage,131072,1,131317,595576,547728
1779837358.430554,restore,FileSystemStorage,131072,1,131317,362642,328820
1779837358.434252,restore,FileSystemStorage,131072,1,131317,665929,612471
1779837358.438058,restore,FileSystemStorage,131072,1,131317,636200,598052
1779837358.441827,restore,FileSystemStorage,131072,1,131317,569755,538870
1779837358.446618,restore,FileSystemStorage,131072,1,131317,412415,372039
1779837358.450546,restore,FileSystemStorage,131072,1,131317,585255,539813
1779837358.454991,restore,FileSystemStorage,131072,1,131317,481592,409521
1779837358.458310,restore,FileSystemStorage,131072,1,131317,280787,206072
1779837358.461747,restore,FileSystemStorage,131072,1,131317,609970,536525
1779837358.466549,restore,FileSystemStorage,131072,1,131317,396553,326964
1779837358.469946,restore,FileSystemStorage,131072,1,131317,554196,487458
1779837358.474260,restore,FileSystemStorage,131072,1,131317,672164,619896
1779837358.478875,restore,FileSystemStorage,131072,1,131317,658546,620447
1779837358.482380,restore,FileSystemStorage,131072,1,131317,391652,352402
1779837358.485953,restore,FileSystemStorage,131072,1,131317,638681,570542
1779837358.490032,restore,FileSystemStorage,131072,1,131317,684314,634371
1779837358.494439,restore,FileSystemStorage,131072,1,131317,574093,533922
1779837358.497952,restore,FileSystemStorage,131072,1,131317,600804,532841
1779837358.500998,restore,FileSystemStorage,131072,1,131317,636625,588819
1779837358.506083,restore,FileSystemStorage,131072,1,131317,631940,588099
1779837358.510828,restore,FileSystemStorage,131072,1,131317,438506,403220
1779837358.515006,restore,FileSystemStorage,131072,1,131317,447867,378899
1779837358.518786,restore,FileSystemStorage,131072,1,131317,429020,388983
1779837358.523924,restore,FileSystemStorage,131072,1,131317,975532,875825
1779837358.528805,restore,FileSystemStorage,131072,1,131317,718730,639794
1779837358.533535,restore,FileSystemStorage,131072,1,131317,619308,548825
1779837358.538176,restore,FileSystemStorage,131072,1,131317,680650,614680
1779837358.542823,restore,FileSystemStorage,131072,1,131317,538605,486498
1779837358.547762,restore,FileSystemStorage,131072,1,131317,1017184,931392
1779837358.552976,restore,FileSystemStorage,131072,1,131317,747113,672218
1779837358.558185,restore,FileSystemStorage,131072,1,131317,549414,478225
1779837358.563476,restore,FileSystemStorage,131072,1,131317,771690,693527
1779837358.567460,restore,FileSystemStorage,131072,1,131317,874931,805520
1779837358.571518,restore,FileSystemStorage,131072,1,131317,720405,628478
1779837358.576527,restore,FileSystemStorage,131072,1,131317,816398,741326
1779837358.580505,restore,FileSystemStorage,131072,1,131317,694047,638300
1779837358.585018,restore,FileSystemStorage,131072,1,131317,655782,585981
1779837358.588664,restore,FileSystemStorage,131072,1,131317,647490,590163
1779837358.592963,restore,FileSystemStorage,131072,1,131317,529917,485671
1779837358.598291,restore,FileSystemStorage,131072,1,131317,525404,454614
1779837358.602864,restore,FileSystemStorage,131072,1,131317,466598,397033
1779837358.607737,restore,FileSystemStorage,131072,1,131317,616168,549656
1779837358.612542,restore,FileSystemStorage,131072,1,131317,733733,656978
1779837358.618293,restore,FileSystemStorage,131072,1,131317,639029,567818
1779837358.622111,restore,FileSystemStorage,131072,1,131317,670152,598468
1779837358.626113,restore,FileSystemStorage,131072,1,131317,606203,540433
1779837358.630525,restore,FileSystemStorage,131072,1,131317,353737,310000
1779837358.633877,restore,FileSystemStorage,131072,1,131317,607406,533205
1779837358.639005,restore,FileSystemStorage,131072,1,131317,392312,348932
1779837358.642626,restore,FileSystemStorage,131072,1,131317,519142,467274
1779837358.644844,restore,FileSystemStorage,131072,1,131317,500342,429937
1779837358.648786,restore,FileSystemStorage,131072,1,131317,568069,498339
1779837358.653340,restore,FileSystemStorage,131072,1,131317,629888,561085
1779837358.656389,restore,FileSystemStorage,131072,1,131317,688593,635180
1779837358.659770,restore,FileSystemStorage,131072,1,131317,774467,725234
1779837358.662968,restore,FileSystemStorage,131072,1,131317,279704,226466
1779837358.665622,restore,FileSystemStorage,131072,1,131317,686957,637331
1779837358.668805,restore,FileSystemStorage,131072,1,131317,652731,603098
1779837358.672950,restore,FileSystemStorage,131072,1,131317,543988,496958
1779837358.677014,restore,FileSystemStorage,131072,1,131317,545611,503410
1779837358.681983,restore,FileSystemStorage,131072,1,131317,664454,595598
1779837358.685575,restore,FileSystemStorage,131072,1,131317,691270,641550
1779837358.690122,restore,FileSystemStorage,131072,1,131317,562658,496694
1779837358.694462,restore,FileSystemStorage,131072,1,131317,521052,471289
1779837358.698877,restore,FileSystemStorage,131072,1,131317,451480,380620
1779837358.701803,restore,FileSystemStorage,131072,1,131317,532131,487134
1779837358.705219,restore,FileSystemStorage,131072,1,131317,636808,567315
1779837358.709494,restore,FileSystemStorage,131072,1,131317,547439,475871
1779837358.712243,restore,FileSystemStorage,131072,1,131317,623100,571581
1779837363.407439,spill,FileSystemStorage,262144,1,262389,606684,165654
1779837363.410152,spill,FileSystemStorage,262144,1,262389,1524709,134671
1779837363.410619,spill,FileSystemStorage,262144,6,1574334,1624543,962731
1779837363.411903,spill,FileSystemStorage,262144,2,524778,839715,364208
1779837363.412029,spill,FileSystemStorage,262144,7,1836723,1379865,811267
1779837363.413314,spill,FileSystemStorage,262144,1,262389,271885,128229
1779837363.413388,spill,FileSystemStorage,262144,1,262389,380018,183293
1779837363.413991,spill,FileSystemStorage,262144,1,262389,236354,121163
1779837363.414105,spill,FileSystemStorage,262144,1,262389,362025,181140
1779837363.414675,spill,FileSystemStorage,262144,2,524778,408348,235675
1779837363.414961,spill,FileSystemStorage,262144,1,262389,374993,179922
1779837363.415201,spill,FileSystemStorage,262144,1,262389,260183,114487
1779837363.416567,spill,FileSystemStorage,262144,1,262389,421796,197675
1779837363.416600,spill,FileSystemStorage,262144,3,787167,613016,369498
1779837363.417325,spill,FileSystemStorage,262144,1,262389,381864,193818
1779837363.417356,spill,FileSystemStorage,262144,1,262389,266410,141532
1779837363.417946,spill,FileSystemStorage,262144,1,262389,270870,134161
1779837363.418525,spill,FileSystemStorage,262144,3,787167,872531,527296
1779837363.418707,spill,FileSystemStorage,262144,1,262389,275053,135167
1779837363.419330,spill,FileSystemStorage,262144,1,262389,394455,178497
1779837363.419502,spill,FileSystemStorage,262144,1,262389,389317,130883
1779837363.420882,spill,FileSystemStorage,262144,2,524778,863869,347509
1779837363.421065,spill,FileSystemStorage,262144,2,524778,472169,256865
1779837363.421652,spill,FileSystemStorage,262144,1,262389,361496,183701
1779837363.421663,spill,FileSystemStorage,262144,1,262389,270819,125672
1779837363.422157,spill,FileSystemStorage,262144,1,262389,231847,121429
1779837363.422434,spill,FileSystemStorage,262144,1,262389,347280,163042
1779837363.422851,spill,FileSystemStorage,262144,2,524778,435381,257811
1779837363.423196,spill,FileSystemStorage,262144,1,262389,397630,164975
1779837363.423477,spill,FileSystemStorage,262144,1,262389,252363,121871
1779837363.423965,spill,FileSystemStorage,262144,1,262389,349830,157739
1779837363.424196,spill,FileSystemStorage,262144,1,262389,410339,144711
1779837363.424838,spill,FileSystemStorage,262144,1,262389,270891,132117
1779837363.425114,spill,FileSystemStorage,262144,3,787167,676656,395201
1779837363.425346,spill,FileSystemStorage,262144,1,262389,265286,131872
1779837363.425996,spill,FileSystemStorage,262144,1,262389,467401,188818
1779837363.426208,spill,FileSystemStorage,262144,2,524778,473470,267600
1779837363.426788,spill,FileSystemStorage,262144,1,262389,262010,130188
1779837363.426813,spill,FileSystemStorage,262144,1,262389,393280,189241
1779837363.427652,spill,FileSystemStorage,262144,1,262389,273093,146462
1779837363.427660,spill,FileSystemStorage,262144,1,262389,387865,188149
1779837363.428301,spill,FileSystemStorage,262144,2,524778,428178,243282
1779837363.428474,spill,FileSystemStorage,262144,1,262389,362329,173632
1779837363.429005,spill,FileSystemStorage,262144,2,524778,416935,240403
1779837363.429367,spill,FileSystemStorage,262144,2,524778,626364,354669
1779837363.429649,spill,FileSystemStorage,262144,2,524778,420127,247844
1779837363.430032,spill,FileSystemStorage,262144,1,262389,354320,173866
1779837363.430146,spill,FileSystemStorage,262144,1,262389,272761,129689
1779837363.430724,spill,FileSystemStorage,262144,1,262389,258481,121955
1779837363.430738,spill,FileSystemStorage,262144,1,262389,373831,185491
1779837363.431243,spill,FileSystemStorage,262144,1,262389,238578,114951
1779837363.431568,spill,FileSystemStorage,262144,1,262389,459884,177213
1779837363.431821,spill,FileSystemStorage,262144,1,262389,247087,118844
1779837363.432275,spill,FileSystemStorage,262144,1,262389,371120,186350
1779837363.432304,spill,FileSystemStorage,262144,1,262389,246952,135821
1779837363.432949,spill,FileSystemStorage,262144,2,524778,414375,241987
1779837363.433336,spill,FileSystemStorage,262144,2,524778,617041,351713
1779837363.433496,spill,FileSystemStorage,262144,1,262389,264567,133028
1779837363.434271,spill,FileSystemStorage,262144,1,262389,235041,116106
1779837363.434361,spill,FileSystemStorage,262144,2,524778,622789,367384
1779837363.434895,spill,FileSystemStorage,262144,1,262389,244559,137118
1779837363.435321,spill,FileSystemStorage,262144,1,262389,400005,178507
1779837363.435616,spill,FileSystemStorage,262144,1,262389,245596,122041
1779837363.436093,spill,FileSystemStorage,262144,1,262389,364769,181878
1779837363.436120,spill,FileSystemStorage,262144,1,262389,253283,145487
1779837363.436666,spill,FileSystemStorage,262144,1,262389,228002,114669
1779837363.437158,spill,FileSystemStorage,262144,1,262389,239993,123999
1779837363.437432,spill,FileSystemStorage,262144,3,787167,868050,531835
1779837363.437989,spill,FileSystemStorage,262144,3,787167,588715,372195
1779837363.438430,spill,FileSystemStorage,262144,2,524778,611098,350692
1779837363.438521,spill,FileSystemStorage,262144,1,262389,244759,117127
1779837363.439113,spill,FileSystemStorage,262144,1,262389,278249,154384
1779837363.439428,spill,FileSystemStorage,262144,2,524778,655765,358150
1779837363.440097,spill,FileSystemStorage,262144,1,262389,271073,126213
1779837363.440336,spill,FileSystemStorage,262144,1,262389,473055,135218
1779837363.440433,spill,FileSystemStorage,262144,1,262389,375662,179921
1779837363.440906,spill,FileSystemStorage,262144,1,262389,252380,118582
1779837363.441368,spill,FileSystemStorage,262144,1,262389,356339,182758
1779837363.441509,spill,FileSystemStorage,262144,1,262389,304801,119932
1779837363.441755,spill,FileSystemStorage,262144,1,262389,237472,121802
1779837363.442250,spill,FileSystemStorage,262144,1,262389,350233,174703
1779837363.442271,spill,FileSystemStorage,262144,1,262389,258349,124269
1779837363.442520,spill,FileSystemStorage,262144,1,262389,252691,123227
1779837363.442965,spill,FileSystemStorage,262144,1,262389,301437,114804
1779837363.443142,spill,FileSystemStorage,262144,1,262389,401077,199735
1779837363.443469,spill,FileSystemStorage,262144,2,524778,438482,249251
1779837363.444222,spill,FileSystemStorage,262144,1,262389,374393,183536
1779837363.444253,spill,FileSystemStorage,262144,2,524778,527337,236719
1779837363.444482,spill,FileSystemStorage,262144,1,262389,238800,115759
1779837363.444899,spill,FileSystemStorage,262144,1,262389,263085,125912
1779837363.445339,spill,FileSystemStorage,262144,2,524778,422313,248002
1779837363.445401,spill,FileSystemStorage,262144,3,787167,869552,544837
1779837363.445415,spill,FileSystemStorage,262144,1,262389,247077,115982
1779837363.445972,spill,FileSystemStorage,262144,1,262389,237782,121542
1779837363.446032,spill,FileSystemStorage,262144,1,262389,216286,115598
1779837363.446261,spill,FileSystemStorage,262144,1,262389,354651,176975
1779837363.446546,spill,FileSystemStorage,262144,1,262389,251110,134461
1779837363.446617,spill,FileSystemStorage,262144,1,262389,223423,118976
1779837363.447050,spill,FileSystemStorage,262144,1,262389,396516,200416
1779837363.447209,spill,FileSystemStorage,262144,1,262389,262851,121254
1779837363.447274,spill,FileSystemStorage,262144,1,262389,230750,117906
1779837363.447896,spill,FileSystemStorage,262144,1,262389,240348,124407
1779837363.447946,spill,FileSystemStorage,262144,1,262389,356748,181600
1779837363.448122,spill,FileSystemStorage,262144,1,262389,338373,115785
1779837363.449049,spill,FileSystemStorage,262144,2,524778,404125,234633
1779837363.449321,spill,FileSystemStorage,262144,1,262389,365162,185410
1779837363.449446,spill,FileSystemStorage,262144,2,524778,467536,254011
1779837363.449610,spill,FileSystemStorage,262144,1,262389,267555,132951
1779837363.450099,spill,FileSystemStorage,262144,1,262389,238481,120564
1779837363.450297,spill,FileSystemStorage,262144,2,524778,621725,367851
1779837363.450395,spill,FileSystemStorage,262144,2,524778,395191,230855
1779837363.450778,spill,FileSystemStorage,262144,2,524778,372803,220742
1779837363.451102,spill,FileSystemStorage,262144,1,262389,307037,156182
1779837363.451161,spill,FileSystemStorage,262144,1,262389,432127,226112
1779837363.451654,spill,FileSystemStorage,262144,2,524778,437654,238396
1779837363.451809,spill,FileSystemStorage,262144,1,262389,249521,124259
1779837363.452186,spill,FileSystemStorage,262144,1,262389,368725,174022
1779837363.452698,spill,FileSystemStorage,262144,3,787167,563609,347075
1779837363.452859,spill,FileSystemStorage,262144,2,524778,428678,246998
1779837363.453035,spill,FileSystemStorage,262144,1,262389,344730,162152
1779837363.453348,spill,FileSystemStorage,262144,1,262389,239278,117435
1779837363.453578,spill,FileSystemStorage,262144,1,262389,283169,146027
1779837363.453887,spill,FileSystemStorage,262144,1,262389,350266,170395
1779837363.454005,spill,FileSystemStorage,262144,1,262389,226040,113805
1779837363.454510,spill,FileSystemStorage,262144,1,262389,233346,126154
1779837363.454535,spill,FileSystemStorage,262144,2,524778,418138,247081
1779837363.455106,spill,FileSystemStorage,262144,2,524778,672211,380563
1779837363.455189,spill,FileSystemStorage,262144,2,524778,455025,249465
1779837363.455204,spill,FileSystemStorage,262144,1,262389,294841,136515
1779837363.455785,spill,FileSystemStorage,262144,1,262389,247498,127993
1779837363.456050,spill,FileSystemStorage,262144,2,524778,622115,368913
1779837363.456046,spill,FileSystemStorage,262144,1,262389,372411,151442
1779837363.456751,spill,FileSystemStorage,262144,3,787167,572835,370396
1779837363.456975,spill,FileSystemStorage,262144,2,524778,528821,268699
1779837363.457307,spill,FileSystemStorage,262144,2,524778,608278,328582
1779837363.457405,spill,FileSystemStorage,262144,1,262389,241263,118083
1779837363.457624,spill,FileSystemStorage,262144,1,262389,260167,125565
1779837363.458079,spill,FileSystemStorage,262144,1,262389,365889,185635
1779837363.458288,spill,FileSystemStorage,262144,1,262389,270101,148667
1779837363.458472,spill,FileSystemStorage,262144,3,787167,585538,372187
1779837363.458920,spill,FileSystemStorage,262144,1,262389,270902,139084
1779837363.459110,spill,FileSystemStorage,262144,1,262389,279715,149262
1779837363.459118,spill,FileSystemStorage,262144,2,524778,659809,393255
1779837363.459840,spill,FileSystemStorage,262144,1,262389,251633,116175
1779837363.460048,spill,FileSystemStorage,262144,1,262389,275241,135957
1779837363.460110,spill,FileSystemStorage,262144,1,262389,369684,185404
1779837363.460566,spill,FileSystemStorage,262144,1,262389,265078,135759
1779837363.460771,spill,FileSystemStorage,262144,1,262389,241599,123906
1779837363.461390,spill,FileSystemStorage,262144,1,262389,416388,147570
1779837363.461468,spill,FileSystemStorage,262144,2,524778,602734,356920
1779837363.461596,spill,FileSystemStorage,262144,1,262389,251791,121994
1779837363.462612,spill,FileSystemStorage,262144,1,262389,228864,112512
1779837363.462873,spill,FileSystemStorage,262144,1,262389,367418,192480
1779837363.463305,spill,FileSystemStorage,262144,2,524778,456916,272225
1779837363.464105,spill,FileSystemStorage,262144,2,524778,469985,252866
1779837363.464283,spill,FileSystemStorage,262144,1,262389,261736,125674
1779837363.464356,spill,FileSystemStorage,262144,2,524778,636435,370271
1779837363.465225,spill,FileSystemStorage,262144,1,262389,252757,136626
1779837363.465348,spill,FileSystemStorage,262144,3,787167,627911,360607
1779837363.465624,spill,FileSystemStorage,262144,2,524778,615156,354510
1779837363.465981,spill,FileSystemStorage,262144,1,262389,230218,118739
1779837363.466095,spill,FileSystemStorage,262144,1,262389,250892,121206
1779837363.466600,spill,FileSystemStorage,262144,1,262389,346784,176132
1779837363.466701,spill,FileSystemStorage,262144,1,262389,233236,114043
1779837363.466838,spill,FileSystemStorage,262144,1,262389,260946,130966
1779837363.467519,spill,FileSystemStorage,262144,1,262389,391510,192968
1779837363.467639,spill,FileSystemStorage,262144,2,524778,424178,237089
1779837363.467759,spill,FileSystemStorage,262144,1,262389,253628,118567
1779837363.468488,spill,FileSystemStorage,262144,1,262389,296399,127135
1779837363.468588,spill,FileSystemStorage,262144,1,262389,239060,123836
1779837363.468996,spill,FileSystemStorage,262144,1,262389,410009,167677
1779837363.469310,spill,FileSystemStorage,262144,2,524778,413575,256090
1779837363.469322,spill,FileSystemStorage,262144,1,262389,261494,127289
1779837363.469828,spill,FileSystemStorage,262144,1,262389,329280,174464
1779837363.469980,spill,FileSystemStorage,262144,1,262389,253439,135267
1779837363.470347,spill,FileSystemStorage,262144,2,524778,453033,238120
1779837363.470568,spill,FileSystemStorage,262144,1,262389,349644,182237
1779837363.470770,spill,FileSystemStorage,262144,2,524778,408761,256599
1779837363.470951,spill,FileSystemStorage,262144,1,262389,262972,118047
1779837363.471293,spill,FileSystemStorage,262144,1,262389,383388,175701
1779837363.471586,spill,FileSystemStorage,262144,1,262389,242031,121121
1779837363.471704,spill,FileSystemStorage,262144,1,262389,249338,113084
1779837363.472548,spill,FileSystemStorage,262144,1,262389,245793,130387
1779837363.472569,spill,FileSystemStorage,262144,1,262389,239744,123000
1779837363.472749,spill,FileSystemStorage,262144,3,787167,806796,531876
1779837363.473329,spill,FileSystemStorage,262144,1,262389,250578,122510
1779837363.473609,spill,FileSystemStorage,262144,1,262389,222370,112360
1779837363.473842,spill,FileSystemStorage,262144,1,262389,367786,175173
1779837363.474012,spill,FileSystemStorage,262144,1,262389,269415,116361
1779837363.474361,spill,FileSystemStorage,262144,1,262389,228807,118259
1779837363.474655,spill,FileSystemStorage,262144,1,262389,338805,191046
1779837363.474835,spill,FileSystemStorage,262144,2,524778,418581,249805
1779837363.474948,spill,FileSystemStorage,262144,1,262389,233844,137448
1779837363.475400,spill,FileSystemStorage,262144,1,262389,275326,125734
1779837363.475609,spill,FileSystemStorage,262144,1,262389,313798,129132
1779837363.475736,spill,FileSystemStorage,262144,1,262389,242975,120020
1779837363.476230,spill,FileSystemStorage,262144,1,262389,255138,123603
1779837363.476400,spill,FileSystemStorage,262144,1,262389,284096,135364
1779837363.476701,spill,FileSystemStorage,262144,2,524778,384280,243918
1779837363.476913,spill,FileSystemStorage,262144,1,262389,247088,122247
1779837363.477099,spill,FileSystemStorage,262144,1,262389,278607,130192
1779837363.477407,spill,FileSystemStorage,262144,2,524778,391425,231915
1779837363.477921,spill,FileSystemStorage,262144,1,262389,454770,189927
1779837363.478011,spill,FileSystemStorage,262144,2,524778,428502,239136
1779837363.478168,spill,FileSystemStorage,262144,1,262389,251723,134805
1779837363.478739,spill,FileSystemStorage,262144,1,262389,382049,192249
1779837363.478863,spill,FileSystemStorage,262144,2,524778,453574,260796
1779837363.479007,spill,FileSystemStorage,262144,2,524778,426749,250119
1779837363.479462,spill,FileSystemStorage,262144,1,262389,365877,171127
1779837363.479737,spill,FileSystemStorage,262144,1,262389,325225,124438
1779837363.479904,spill,FileSystemStorage,262144,1,262389,247837,121322
1779837363.480667,spill,FileSystemStorage,262144,1,262389,261062,149872
1779837363.480686,spill,FileSystemStorage,262144,2,524778,589987,368824
1779837363.480729,spill,FileSystemStorage,262144,2,524778,477343,260279
1779837363.481161,spill,FileSystemStorage,262144,1,262389,227156,118760
1779837363.481298,spill,FileSystemStorage,262144,1,262389,239588,119918
1779837363.481728,spill,FileSystemStorage,262144,1,262389,228030,126261
1779837363.481742,spill,FileSystemStorage,262144,2,524778,580976,353817
1779837363.482043,spill,FileSystemStorage,262144,2,524778,429170,244735
1779837363.482225,spill,FileSystemStorage,262144,1,262389,214061,118811
1779837363.482507,spill,FileSystemStorage,262144,1,262389,358526,177167
1779837363.482656,spill,FileSystemStorage,262144,1,262389,246685,115782
1779837363.483194,spill,FileSystemStorage,262144,3,787167,602036,385601
1779837363.483291,spill,FileSystemStorage,262144,1,262389,370347,183669
1779837363.483773,spill,FileSystemStorage,262144,2,524778,447512,247307
1779837363.484170,spill,FileSystemStorage,262144,1,262389,269889,128271
1779837363.484244,spill,FileSystemStorage,262144,1,262389,364892,185403
1779837363.484514,spill,FileSystemStorage,262144,1,262389,278464,130026
1779837363.485021,spill,FileSystemStorage,262144,1,262389,229142,115383
1779837363.485461,spill,FileSystemStorage,262144,2,524778,574191,346952
1779837363.485546,spill,FileSystemStorage,262144,1,262389,467457,118843
1779837363.486554,spill,FileSystemStorage,262144,1,262389,236629,125508
1779837363.487439,spill,FileSystemStorage,262144,1,262389,386611,181524
1779837363.487624,spill,FileSystemStorage,262144,1,262389,274074,135632
1779837363.488053,spill,FileSystemStorage,262144,1,262389,239129,120588
1779837363.488548,spill,FileSystemStorage,262144,1,262389,355790,171578
1779837363.488728,spill,FileSystemStorage,262144,2,524778,452945,248113
1779837363.488883,spill,FileSystemStorage,262144,1,262389,261788,139944
1779837363.489354,spill,FileSystemStorage,262144,1,262389,329527,174549
1779837363.489471,spill,FileSystemStorage,262144,1,262389,254651,116942
1779837363.489651,spill,FileSystemStorage,262144,1,262389,227573,124521
1779837363.490075,spill,FileSystemStorage,262144,1,262389,322587,175643
1779837363.490210,spill,FileSystemStorage,262144,1,262389,246823,126405
1779837363.490491,spill,FileSystemStorage,262144,1,262389,237901,117083
1779837363.490787,spill,FileSystemStorage,262144,1,262389,341376,176006
1779837363.491120,spill,FileSystemStorage,262144,2,524778,474955,275553
1779837363.491173,spill,FileSystemStorage,262144,1,262389,323250,190356
1779837363.491583,spill,FileSystemStorage,262144,1,262389,344726,170621
1779837363.491762,spill,FileSystemStorage,262144,1,262389,269447,127710
1779837363.492788,spill,FileSystemStorage,262144,1,262389,406766,190686
1779837363.492853,spill,FileSystemStorage,262144,2,524778,1067512,274819
1779837363.492945,spill,FileSystemStorage,262144,2,524778,541392,278111
1779837363.493601,spill,FileSystemStorage,262144,1,262389,280660,130808
1779837363.493625,spill,FileSystemStorage,262144,1,262389,451813,189288
1779837363.494199,spill,FileSystemStorage,262144,1,262389,305678,130870
1779837363.494253,spill,FileSystemStorage,262144,3,787167,677937,356786
1779837363.494348,spill,FileSystemStorage,262144,1,262389,357081,184646
1779837363.494793,spill,FileSystemStorage,262144,1,262389,328434,128834
1779837363.494879,spill,FileSystemStorage,262144,1,262389,271828,137650
1779837363.495563,spill,FileSystemStorage,262144,2,524778,630405,355722
1779837363.495758,spill,FileSystemStorage,262144,1,262389,232523,122461
1779837363.495926,spill,FileSystemStorage,262144,1,262389,306847,130506
1779837363.496560,spill,FileSystemStorage,262144,1,262389,284444,132542
1779837363.496805,spill,FileSystemStorage,262144,2,524778,604462,363628
1779837363.496815,spill,FileSystemStorage,262144,1,262389,259699,134437
1779837363.497348,spill,FileSystemStorage,262144,1,262389,344585,125140
1779837363.497692,spill,FileSystemStorage,262144,1,262389,250322,124046
1779837363.497701,spill,FileSystemStorage,262144,1,262389,355342,180621
1779837363.498000,spill,FileSystemStorage,262144,1,262389,264850,123162
1779837363.498474,spill,FileSystemStorage,262144,1,262389,350785,194640
1779837363.498489,spill,FileSystemStorage,262144,2,524778,433233,261178
1779837363.498786,spill,FileSystemStorage,262144,2,524778,386297,224533
1779837363.499289,spill,FileSystemStorage,262144,2,524778,451497,272889
1779837363.499410,spill,FileSystemStorage,262144,2,524778,645320,388712
1779837363.499472,spill,FileSystemStorage,262144,1,262389,253129,120899
1779837363.500271,spill,FileSystemStorage,262144,1,262389,352895,141454
1779837363.500325,spill,FileSystemStorage,262144,1,262389,379957,190725
1779837363.501043,spill,FileSystemStorage,262144,3,787167,682110,374453
1779837363.501053,spill,FileSystemStorage,262144,1,262389,361534,194364
1779837363.501098,spill,FileSystemStorage,262144,1,262389,268236,132684
1779837363.501785,spill,FileSystemStorage,262144,1,262389,250726,121365
1779837363.502132,spill,FileSystemStorage,262144,2,524778,424572,265837
1779837363.502179,spill,FileSystemStorage,262144,1,262389,365590,184452
1779837363.502544,spill,FileSystemStorage,262144,2,524778,425975,257385
1779837363.502766,spill,FileSystemStorage,262144,1,262389,265796,134009
1779837363.503252,spill,FileSystemStorage,262144,2,524778,608506,368418
1779837363.503383,spill,FileSystemStorage,262144,2,524778,434492,238368
1779837363.503809,spill,FileSystemStorage,262144,2,524778,392207,236620
1779837363.504593,spill,FileSystemStorage,262144,2,524778,599772,346138
1779837363.504939,spill,FileSystemStorage,262144,1,262389,254893,121467
1779837363.505168,spill,FileSystemStorage,262144,2,524778,447896,256157
1779837363.505813,spill,FileSystemStorage,262144,1,262389,269343,130202
1779837363.505821,spill,FileSystemStorage,262144,1,262389,356191,182814
1779837363.506183,spill,FileSystemStorage,262144,2,524778,427032,244035
1779837363.506684,spill,FileSystemStorage,262144,1,262389,235016,126880
1779837363.506763,spill,FileSystemStorage,262144,1,262389,374796,179634
1779837363.507020,spill,FileSystemStorage,262144,1,262389,291085,153731
1779837363.507224,spill,FileSystemStorage,262144,1,262389,274293,119745
1779837363.507753,spill,FileSystemStorage,262144,1,262389,252163,118695
1779837363.507899,spill,FileSystemStorage,262144,1,262389,408220,180903
1779837363.508115,spill,FileSystemStorage,262144,1,262389,277509,121413
1779837363.508698,spill,FileSystemStorage,262144,1,262389,345117,182946
1779837363.508821,spill,FileSystemStorage,262144,1,262389,257596,127953
1779837363.508849,spill,FileSystemStorage,262144,2,524778,409308,244484
1779837363.509609,spill,FileSystemStorage,262144,1,262389,231441,117930
1779837363.509671,spill,FileSystemStorage,262144,1,262389,254134,137069
1779837363.509858,spill,FileSystemStorage,262144,1,262389,324014,173478
1779837363.510192,spill,FileSystemStorage,262144,1,262389,245130,132216
1779837363.510348,spill,FileSystemStorage,262144,1,262389,235319,116496
1779837363.510577,spill,FileSystemStorage,262144,1,262389,353803,178761
1779837363.510783,spill,FileSystemStorage,262144,1,262389,272608,141937
1779837363.511140,spill,FileSystemStorage,262144,1,262389,280701,128028
1779837363.511455,spill,FileSystemStorage,262144,1,262389,383080,184540
1779837363.511576,spill,FileSystemStorage,262144,2,524778,398025,236513
1779837363.512934,spill,FileSystemStorage,262144,1,262389,491042,111814
1779837363.513082,spill,FileSystemStorage,262144,1,262389,423305,182877
1779837363.513178,spill,FileSystemStorage,262144,2,524778,386948,229508
1779837363.514160,spill,FileSystemStorage,262144,1,262389,393358,118126
1779837363.514439,spill,FileSystemStorage,262144,2,524778,438353,245438
1779837363.515024,spill,FileSystemStorage,262144,2,524778,921944,334631
1779837363.515241,spill,FileSystemStorage,262144,1,262389,298425,129343
1779837363.515404,spill,FileSystemStorage,262144,2,524778,393680,242260
1779837363.516509,spill,FileSystemStorage,262144,1,262389,351861,179110
1779837363.516685,spill,FileSystemStorage,262144,2,524778,398145,232570
1779837363.517576,spill,FileSystemStorage,262144,2,524778,421369,233748
1779837363.518007,spill,FileSystemStorage,262144,1,262389,337567,158527
1779837363.518026,spill,FileSystemStorage,262144,1,262389,363497,186111
1779837363.518944,spill,FileSystemStorage,262144,1,262389,385881,195480
1779837363.519113,spill,FileSystemStorage,262144,2,524778,530155,314357
1779837363.519504,spill,FileSystemStorage,262144,2,524778,611241,331505
1779837363.520197,spill,FileSystemStorage,262144,1,262389,357695,182415
1779837363.520478,spill,FileSystemStorage,262144,3,787167,611279,374516
1779837363.520471,spill,FileSystemStorage,262144,1,262389,343081,183838
1779837363.521207,spill,FileSystemStorage,262144,1,262389,333453,158962
1779837363.521666,spill,FileSystemStorage,262144,1,262389,359526,185138
1779837363.521780,spill,FileSystemStorage,262144,2,524778,421101,250020
1779837363.522288,spill,FileSystemStorage,262144,1,262389,352675,156626
1779837363.522757,spill,FileSystemStorage,262144,1,262389,258669,125427
1779837363.523056,spill,FileSystemStorage,262144,1,262389,429397,191087
1779837363.523776,spill,FileSystemStorage,262144,1,262389,958590,191310
1779837363.523860,spill,FileSystemStorage,262144,2,524778,452999,249828
1779837363.524591,spill,FileSystemStorage,262144,1,262389,292929,126659
1779837363.525231,spill,FileSystemStorage,262144,1,262389,316115,148967
1779837363.525281,spill,FileSystemStorage,262144,1,262389,307340,137586
1779837363.525398,spill,FileSystemStorage,262144,2,524778,470546,268683
1779837363.525996,spill,FileSystemStorage,262144,1,262389,277669,134539
1779837363.526203,spill,FileSystemStorage,262144,2,524778,512859,290754
1779837363.526456,spill,FileSystemStorage,262144,3,787167,563724,373885
1779837363.527345,spill,FileSystemStorage,262144,2,524778,460892,244190
1779837363.527751,spill,FileSystemStorage,262144,1,262389,290781,138323
1779837363.528145,spill,FileSystemStorage,262144,1,262389,284555,137854
1779837363.528382,spill,FileSystemStorage,262144,1,262389,291299,131962
1779837363.528417,spill,FileSystemStorage,262144,1,262389,328642,141170
1779837363.528880,spill,FileSystemStorage,262144,2,524778,421821,244766
1779837363.529041,spill,FileSystemStorage,262144,1,262389,255867,131944
1779837363.529067,spill,FileSystemStorage,262144,1,262389,282742,143976
1779837363.529637,spill,FileSystemStorage,262144,1,262389,250253,133819
1779837363.529677,spill,FileSystemStorage,262144,1,262389,243243,130793
1779837363.529760,spill,FileSystemStorage,262144,1,262389,289411,158308
1779837363.530452,spill,FileSystemStorage,262144,1,262389,252974,137720
1779837363.530473,spill,FileSystemStorage,262144,2,524778,415347,250916
1779837363.530699,spill,FileSystemStorage,262144,2,524778,439942,256859
1779837363.531074,spill,FileSystemStorage,262144,1,262389,341865,152870
1779837363.531410,spill,FileSystemStorage,262144,2,524778,476817,268266
1779837363.531675,spill,FileSystemStorage,262144,1,262389,254576,144512
1779837363.531671,spill,FileSystemStorage,262144,2,524778,582999,303736
1779837363.532356,spill,FileSystemStorage,262144,1,262389,235624,127046
1779837363.532405,spill,FileSystemStorage,262144,2,524778,467968,281091
1779837363.532737,spill,FileSystemStorage,262144,1,262389,284515,126375
1779837363.533485,spill,FileSystemStorage,262144,2,524778,734342,255701
1779837363.533514,spill,FileSystemStorage,262144,2,524778,714420,266584
1779837363.533719,spill,FileSystemStorage,262144,1,262389,372907,135204
1779837363.534276,spill,FileSystemStorage,262144,1,262389,288911,133078
1779837363.534538,spill,FileSystemStorage,262144,2,524778,664044,303548
1779837363.534760,spill,FileSystemStorage,262144,1,262389,236789,123792
1779837363.535099,spill,FileSystemStorage,262144,3,787167,728021,428128
1779837363.535737,spill,FileSystemStorage,262144,1,262389,286049,124308
1779837363.535824,spill,FileSystemStorage,262144,1,262389,276314,125694
1779837363.536736,spill,FileSystemStorage,262144,1,262389,232796,124529
1779837363.536762,spill,FileSystemStorage,262144,1,262389,366415,190252
1779837363.536807,spill,FileSystemStorage,262144,2,524778,607237,337722
1779837363.537954,spill,FileSystemStorage,262144,1,262389,238658,129537
1779837363.538118,spill,FileSystemStorage,262144,1,262389,391499,193427
1779837363.538367,spill,FileSystemStorage,262144,3,787167,745928,458023
1779837363.539228,spill,FileSystemStorage,262144,1,262389,408486,198903
1779837363.539354,spill,FileSystemStorage,262144,2,524778,641323,388527
1779837363.539495,spill,FileSystemStorage,262144,5,1311945,946002,622766
1779837363.540134,spill,FileSystemStorage,262144,1,262389,263253,119699
1779837363.540608,spill,FileSystemStorage,262144,1,262389,257108,122437
1779837363.541312,spill,FileSystemStorage,262144,2,524778,446995,249986
1779837363.541631,spill,FileSystemStorage,262144,2,524778,577608,337487
1779837363.541798,spill,FileSystemStorage,262144,3,787167,798848,496130
1779837363.542566,spill,FileSystemStorage,262144,1,262389,284332,134815
1779837363.542628,spill,FileSystemStorage,262144,4,1049556,756097,486416
1779837363.542872,spill,FileSystemStorage,262144,1,262389,296049,135434
1779837363.543977,spill,FileSystemStorage,262144,4,1049556,771612,498814
1779837363.544044,spill,FileSystemStorage,262144,3,787167,566371,370193
1779837363.544708,spill,FileSystemStorage,262144,4,1049556,741155,461634
1779837363.545455,spill,FileSystemStorage,262144,2,524778,403394,232713
1779837363.546282,spill,FileSystemStorage,262144,1,262389,397400,187373
1779837363.546384,spill,FileSystemStorage,262144,4,1049556,743803,505076
1779837363.546583,spill,FileSystemStorage,262144,3,787167,704043,459783
1779837363.546998,spill,FileSystemStorage,262144,1,262389,301397,122521
1779837363.547263,spill,FileSystemStorage,262144,1,262389,251229,122189
1779837363.547791,spill,FileSystemStorage,262144,2,524778,407510,234517
1779837363.548234,spill,FileSystemStorage,262144,1,262389,269031,117490
1779837363.548484,spill,FileSystemStorage,262144,1,262389,251097,121147
1779837363.549258,spill,FileSystemStorage,262144,2,524778,403514,232409
1779837363.549401,spill,FileSystemStorage,262144,1,262389,254548,131389
1779837363.549572,spill,FileSystemStorage,262144,1,262389,272549,123452
1779837363.549975,spill,FileSystemStorage,262144,1,262389,237011,121717
1779837363.550896,spill,FileSystemStorage,262144,3,787167,612021,390414
1779837363.551152,spill,FileSystemStorage,262144,2,524778,625226,374676
1779837363.551471,spill,FileSystemStorage,262144,3,787167,745872,467195
1779837363.552504,spill,FileSystemStorage,262144,2,524778,656457,226638
1779837363.553209,spill,FileSystemStorage,262144,1,262389,687746,182228
1779837363.553404,spill,FileSystemStorage,262144,2,524778,576559,286370
1779837363.553598,spill,FileSystemStorage,262144,1,262389,321450,136078
1779837363.554772,spill,FileSystemStorage,262144,2,524778,699830,352694
1779837363.554937,spill,FileSystemStorage,262144,2,524778,486542,303102
1779837363.555000,spill,FileSystemStorage,262144,3,787167,898837,495641
1779837363.555815,spill,FileSystemStorage,262144,1,262389,255605,121696
1779837363.556312,spill,FileSystemStorage,262144,1,262389,288826,150223
1779837363.556475,spill,FileSystemStorage,262144,2,524778,413103,248390
1779837363.556590,spill,FileSystemStorage,262144,1,262389,262197,122668
1779837363.557523,spill,FileSystemStorage,262144,2,524778,416013,266169
1779837363.557622,spill,FileSystemStorage,262144,2,524778,535631,332480
1779837363.557685,spill,FileSystemStorage,262144,1,262389,332013,162829
1779837363.558558,spill,FileSystemStorage,262144,2,524778,431885,254617
1779837363.558605,spill,FileSystemStorage,262144,1,262389,356241,182608
1779837363.558762,spill,FileSystemStorage,262144,2,524778,528350,315105
1779837363.559346,spill,FileSystemStorage,262144,1,262389,279497,129630
1779837363.559383,spill,FileSystemStorage,262144,2,524778,445322,246990
1779837363.559906,spill,FileSystemStorage,262144,2,524778,420843,237550
1779837363.560241,spill,FileSystemStorage,262144,2,524778,419630,248043
1779837363.560309,spill,FileSystemStorage,262144,1,262389,262108,125135
1779837363.560774,spill,FileSystemStorage,262144,1,262389,257103,127447
1779837363.561278,spill,FileSystemStorage,262144,3,787167,706816,449223
1779837363.561472,spill,FileSystemStorage,262144,2,524778,529565,299401
1779837363.562128,spill,FileSystemStorage,262144,2,524778,418558,255994
1779837363.562156,spill,FileSystemStorage,262144,1,262389,326790,171230
1779837363.562746,spill,FileSystemStorage,262144,3,787167,648046,388343
1779837363.562887,spill,FileSystemStorage,262144,1,262389,309851,157078
1779837363.562889,spill,FileSystemStorage,262144,1,262389,344528,183895
1779837363.563661,spill,FileSystemStorage,262144,2,524778,405582,254385
1779837363.563681,spill,FileSystemStorage,262144,1,262389,344476,173703
1779837363.563905,spill,FileSystemStorage,262144,2,524778,509277,271630
1779837363.564218,spill,FileSystemStorage,262144,1,262389,263186,126721
1779837363.564312,spill,FileSystemStorage,262144,1,262389,273295,133593
1779837363.565000,spill,FileSystemStorage,262144,1,262389,352724,150245
1779837363.565168,spill,FileSystemStorage,262144,2,524778,468304,292571
1779837363.565512,spill,FileSystemStorage,262144,4,1049556,802145,528721
1779837363.565714,spill,FileSystemStorage,262144,2,524778,445317,270839
1779837363.565835,spill,FileSystemStorage,262144,1,262389,351834,154056
1779837363.566197,spill,FileSystemStorage,262144,1,262389,283819,121680
1779837363.566522,spill,FileSystemStorage,262144,2,524778,491288,265718
1779837363.566597,spill,FileSystemStorage,262144,2,524778,437060,253418
1779837363.566883,spill,FileSystemStorage,262144,2,524778,430761,263486
1779837363.567293,spill,FileSystemStorage,262144,1,262389,284318,146542
1779837363.567376,spill,FileSystemStorage,262144,1,262389,305973,123138
1779837363.567769,spill,FileSystemStorage,262144,2,524778,418226,235000
1779837363.568756,spill,FileSystemStorage,262144,1,262389,802939,131655
1779837363.568930,spill,FileSystemStorage,262144,2,524778,448745,240198
1779837363.569176,spill,FileSystemStorage,262144,4,1049556,1420375,449233
1779837363.570383,spill,FileSystemStorage,262144,1,262389,262112,135661
1779837363.570379,spill,FileSystemStorage,262144,1,262389,309111,140975
1779837363.570600,spill,FileSystemStorage,262144,2,524778,422364,244515
1779837363.571024,spill,FileSystemStorage,262144,1,262389,300732,146037
1779837363.571064,spill,FileSystemStorage,262144,1,262389,322628,152179
1779837363.571255,spill,FileSystemStorage,262144,1,262389,257777,115939
1779837363.571901,spill,FileSystemStorage,262144,2,524778,383500,214557
1779837363.572448,spill,FileSystemStorage,262144,1,262389,255911,131453
1779837363.572486,spill,FileSystemStorage,262144,2,524778,389576,223385
1779837363.572781,spill,FileSystemStorage,262144,1,262389,333956,142158
1779837363.573337,spill,FileSystemStorage,262144,1,262389,254877,126297
1779837363.573503,spill,FileSystemStorage,262144,2,524778,405136,244627
1779837363.573736,spill,FileSystemStorage,262144,1,262389,338743,158470
1779837363.574148,spill,FileSystemStorage,262144,1,262389,251302,124222
1779837363.574420,spill,FileSystemStorage,262144,2,524778,448796,245230
1779837363.574672,spill,FileSystemStorage,262144,1,262389,326207,154667
1779837363.575082,spill,FileSystemStorage,262144,1,262389,316548,171578
1779837363.575336,spill,FileSystemStorage,262144,3,787167,605083,379131
1779837363.575558,spill,FileSystemStorage,262144,2,524778,527806,312536
1779837363.575769,spill,FileSystemStorage,262144,1,262389,240937,114032
1779837363.575881,spill,FileSystemStorage,262144,959,251631051,171923798,120164626
1779837363.575935,spill,FileSystemStorage,262144,1,262389,256055,128353
1779837363.576511,spill,FileSystemStorage,262144,1,262389,334110,163975
1779837363.576538,spill,FileSystemStorage,262144,1,262389,247406,131518
1779837363.576954,spill,FileSystemStorage,262144,3,787167,655897,356352
1779837363.577102,spill,FileSystemStorage,262144,1,262389,243300,128742
1779837363.577152,spill,FileSystemStorage,262144,1,262389,323712,163026
1779837363.577731,spill,FileSystemStorage,262144,2,524778,432950,217354
1779837363.578144,spill,FileSystemStorage,262144,1,262389,328768,167703
1779837363.578151,spill,FileSystemStorage,262144,1,262389,330759,146795
1779837363.578701,spill,FileSystemStorage,262144,2,524778,478552,221197
1779837363.584916,spill,FileSystemStorage,262144,1,262389,333268,147450
1779837363.585459,spill,FileSystemStorage,262144,2,524778,497098,261090
1779837363.585689,spill,FileSystemStorage,262144,3,787167,778175,491310
1779837363.585810,spill,FileSystemStorage,262144,2,524778,492790,242841
1779837363.587022,spill,FileSystemStorage,262144,1,262389,279845,145192
1779837363.587133,spill,FileSystemStorage,262144,1,262389,343784,157373
1779837363.587295,spill,FileSystemStorage,262144,1,262389,364345,153157
1779837363.587905,spill,FileSystemStorage,262144,2,524778,510545,244244
1779837363.587934,spill,FileSystemStorage,262144,1,262389,251896,127883
1779837363.588162,spill,FileSystemStorage,262144,2,524778,417386,252061
1779837363.588398,spill,FileSystemStorage,262144,2,524778,554028,318488
1779837363.588528,spill,FileSystemStorage,262144,1,262389,280542,133317
1779837363.588806,spill,FileSystemStorage,262144,2,524778,425475,219214
1779837363.850468,spill,FileSystemStorage,262144,1,262389,421278,133366
1779837363.851547,spill,FileSystemStorage,262144,1,262389,388388,141848
1779837363.851626,spill,FileSystemStorage,262144,1,262389,463173,160408
1779837363.851856,spill,FileSystemStorage,262144,4,1049556,791432,445150
1779837363.853093,spill,FileSystemStorage,262144,1,262389,259160,121516
1779837363.853203,spill,FileSystemStorage,262144,1,262389,429640,195805
1779837363.853985,spill,FileSystemStorage,262144,4,1049556,802273,453344
1779837363.854471,spill,FileSystemStorage,262144,2,524778,457211,242425
1779837363.854815,spill,FileSystemStorage,262144,1,262389,393482,185689
1779837363.854915,spill,FileSystemStorage,262144,1,262389,318974,161021
1779837363.855181,spill,FileSystemStorage,262144,1,262389,313733,144332
1779837363.855865,spill,FileSystemStorage,262144,1,262389,348112,158363
1779837363.856467,spill,FileSystemStorage,262144,2,524778,477252,256090
1779837363.856664,spill,FileSystemStorage,262144,4,1049556,1157799,699923
1779837363.856783,spill,FileSystemStorage,262144,1,262389,334586,135126
1779837363.857179,spill,FileSystemStorage,262144,1,262389,270244,127583
1779837363.857696,spill,FileSystemStorage,262144,1,262389,350743,146432
1779837363.857875,spill,FileSystemStorage,262144,2,524778,453412,263395
1779837363.857879,spill,FileSystemStorage,262144,1,262389,292441,144830
1779837363.858494,spill,FileSystemStorage,262144,1,262389,296382,133534
1779837363.858543,spill,FileSystemStorage,262144,1,262389,267496,131185
1779837363.858595,spill,FileSystemStorage,262144,1,262389,286292,139390
1779837363.859162,spill,FileSystemStorage,262144,1,262389,318334,133843
1779837363.859251,spill,FileSystemStorage,262144,1,262389,308341,137233
1779837363.860064,spill,FileSystemStorage,262144,3,787167,679583,382229
1779837363.860350,spill,FileSystemStorage,262144,1,262389,388635,168856
1779837363.860597,spill,FileSystemStorage,262144,3,787167,642786,390787
1779837363.861173,spill,FileSystemStorage,262144,1,262389,301175,136219
1779837363.861277,spill,FileSystemStorage,262144,2,524778,473820,246921
1779837363.861656,spill,FileSystemStorage,262144,1,262389,286461,133186
1779837363.861903,spill,FileSystemStorage,262144,1,262389,299568,120887
1779837363.862502,spill,FileSystemStorage,262144,2,524778,498782,268801
1779837363.862630,spill,FileSystemStorage,262144,2,524778,451633,263988
1779837363.863493,spill,FileSystemStorage,262144,2,524778,706519,353296
1779837363.864803,spill,FileSystemStorage,262144,4,1049556,1097740,487275
1779837363.865847,spill,FileSystemStorage,262144,2,524778,656800,350951
1779837363.866683,spill,FileSystemStorage,262144,1,262389,408577,126575
1779837363.866788,spill,FileSystemStorage,262144,1,262389,298135,134043
1779837363.868019,spill,FileSystemStorage,262144,3,787167,973351,376067
1779837363.868455,spill,FileSystemStorage,262144,1,262389,384413,130428
1779837363.870306,spill,FileSystemStorage,262144,1,262389,367934,123764
1779837363.871604,spill,FileSystemStorage,262144,1,262389,562558,128711
1779837363.872303,spill,FileSystemStorage,262144,1,262389,289566,124203
1779837363.873418,spill,FileSystemStorage,262144,1,262389,393557,119733
1779837363.874622,spill,FileSystemStorage,262144,1,262389,589972,125304
1779837363.874882,spill,FileSystemStorage,262144,1,262389,262565,139000
1779837363.875319,spill,FileSystemStorage,262144,1,262389,355969,134983
1779837363.876582,spill,FileSystemStorage,262144,1,262389,773540,150859
1779837363.877438,spill,FileSystemStorage,262144,1,262389,288782,125080
1779837363.878077,spill,FileSystemStorage,262144,3,787167,619639,352035
1779837363.878340,spill,FileSystemStorage,262144,1,262389,536298,160102
1779837363.878569,spill,FileSystemStorage,262144,1,262389,295154,122724
1779837363.879176,spill,FileSystemStorage,262144,2,524778,508715,261968
1779837363.879181,spill,FileSystemStorage,262144,1,262389,343079,149141
1779837363.879374,spill,FileSystemStorage,262144,2,524778,470793,258229
1779837363.880440,spill,FileSystemStorage,262144,1,262389,626763,127477
1779837363.880481,spill,FileSystemStorage,262144,1,262389,630433,134623
1779837363.881102,spill,FileSystemStorage,262144,2,524778,435837,238952
1779837363.881938,spill,FileSystemStorage,262144,2,524778,505454,279236
1779837363.881968,spill,FileSystemStorage,262144,1,262389,269390,127499
1779837363.882196,spill,FileSystemStorage,262144,1,262389,254036,123194
1779837363.882880,spill,FileSystemStorage,262144,2,524778,435027,253690
1779837363.883347,spill,FileSystemStorage,262144,2,524778,461110,247873
1779837363.883630,spill,FileSystemStorage,262144,1,262389,291068,126803
1779837363.884198,spill,FileSystemStorage,262144,1,262389,288454,128465
1779837363.884528,spill,FileSystemStorage,262144,1,262389,283581,134182
1779837363.885040,spill,FileSystemStorage,262144,1,262389,372876,130197
1779837363.885140,spill,FileSystemStorage,262144,1,262389,353952,142021
1779837363.885590,spill,FileSystemStorage,262144,1,262389,556519,123227
1779837363.886379,spill,FileSystemStorage,262144,1,262389,467257,144486
1779837363.886715,spill,FileSystemStorage,262144,3,787167,806650,375436
1779837363.887208,spill,FileSystemStorage,262144,1,262389,265442,118296
1779837363.887856,spill,FileSystemStorage,262144,1,262389,346901,132728
1779837363.888284,spill,FileSystemStorage,262144,1,262389,404384,129781
1779837363.889365,spill,FileSystemStorage,262144,2,524778,539452,237827
1779837363.889899,spill,FileSystemStorage,262144,1,262389,682665,119175
1779837363.890659,spill,FileSystemStorage,262144,1,262389,582868,126998
1779837363.891337,spill,FileSystemStorage,262144,2,524778,465513,237586
1779837363.891857,spill,FileSystemStorage,262144,1,262389,385238,133627
1779837363.892555,spill,FileSystemStorage,262144,1,262389,521490,139321
1779837363.893904,spill,FileSystemStorage,262144,1,262389,461463,132571
1779837363.894103,spill,FileSystemStorage,262144,2,524778,506397,267010
1779837363.895001,spill,FileSystemStorage,262144,1,262389,295112,130737
1779837363.895313,spill,FileSystemStorage,262144,1,262389,314167,140412
1779837363.896347,spill,FileSystemStorage,262144,1,262389,629920,136898
1779837363.896580,spill,FileSystemStorage,262144,1,262389,295160,124956
1779837363.897254,spill,FileSystemStorage,262144,1,262389,280289,136778
1779837363.897250,spill,FileSystemStorage,262144,2,524778,467268,261970
1779837363.898070,spill,FileSystemStorage,262144,3,787167,655869,387828
1779837363.898171,spill,FileSystemStorage,262144,2,524778,434433,248428
1779837363.898931,spill,FileSystemStorage,262144,2,524778,499757,291758
1779837363.899016,spill,FileSystemStorage,262144,1,262389,344978,161162
1779837363.899618,spill,FileSystemStorage,262144,2,524778,457125,249671
1779837363.899703,spill,FileSystemStorage,262144,1,262389,280351,129547
1779837363.900026,spill,FileSystemStorage,262144,1,262389,271345,139388
1779837363.900252,spill,FileSystemStorage,262144,1,262389,302306,155041
1779837363.900405,spill,FileSystemStorage,262144,1,262389,270158,130917
1779837363.901209,spill,FileSystemStorage,262144,3,787167,594382,376980
1779837363.901397,spill,FileSystemStorage,262144,1,262389,275839,121774
1779837363.901841,spill,FileSystemStorage,262144,1,262389,291189,139642
1779837363.902213,spill,FileSystemStorage,262144,2,524778,410124,232050
1779837363.902499,spill,FileSystemStorage,262144,1,262389,259897,127064
1779837363.902955,spill,FileSystemStorage,262144,2,524778,431975,253119
1779837363.903212,spill,FileSystemStorage,262144,1,262389,280352,123517
1779837363.903671,spill,FileSystemStorage,262144,1,262389,499478,126203
1779837363.904859,spill,FileSystemStorage,262144,1,262389,522332,124558
1779837363.904945,spill,FileSystemStorage,262144,1,262389,473579,144089
1779837363.905346,spill,FileSystemStorage,262144,1,262389,283048,134938
1779837363.905745,spill,FileSystemStorage,262144,1,262389,297539,144905
1779837363.905801,spill,FileSystemStorage,262144,1,262389,370897,145995
1779837363.905997,spill,FileSystemStorage,262144,1,262389,253304,126999
1779837363.906529,spill,FileSystemStorage,262144,1,262389,268358,123603
1779837363.906928,spill,FileSystemStorage,262144,2,524778,488707,280107
1779837363.908107,spill,FileSystemStorage,262144,1,262389,1372542,133708
1779837363.909474,spill,FileSystemStorage,262144,3,787167,591964,358870
1779837363.910092,spill,FileSystemStorage,262144,2,524778,499512,270139
1779837363.910296,spill,FileSystemStorage,262144,3,787167,624116,383753
1779837363.910387,spill,FileSystemStorage,262144,1,262389,256617,126370
1779837363.911120,spill,FileSystemStorage,262144,2,524778,536005,313986
1779837363.911152,spill,FileSystemStorage,262144,1,262389,317350,169357
1779837363.911218,spill,FileSystemStorage,262144,1,262389,279170,126788
1779837363.911895,spill,FileSystemStorage,262144,1,262389,258411,122121
1779837363.912074,spill,FileSystemStorage,262144,1,262389,260334,114876
1779837363.912535,spill,FileSystemStorage,262144,1,262389,248861,130930
1779837363.912625,spill,FileSystemStorage,262144,1,262389,287089,131507
1779837363.913384,spill,FileSystemStorage,262144,2,524778,401426,228166
1779837363.914167,spill,FileSystemStorage,262144,1,262389,269644,127675
1779837363.914475,spill,FileSystemStorage,262144,4,1049556,793554,507449
1779837363.914592,spill,FileSystemStorage,262144,2,524778,440642,241027
1779837363.915141,spill,FileSystemStorage,262144,1,262389,308643,153178
1779837363.915243,spill,FileSystemStorage,262144,2,524778,507998,301436
1779837363.915416,spill,FileSystemStorage,262144,2,524778,413846,240035
1779837363.916111,spill,FileSystemStorage,262144,1,262389,290210,125767
1779837363.916500,spill,FileSystemStorage,262144,2,524778,463773,263282
1779837363.917092,spill,FileSystemStorage,262144,1,262389,267677,130612
1779837363.917192,spill,FileSystemStorage,262144,3,787167,594343,371905
1779837363.917275,spill,FileSystemStorage,262144,1,262389,251345,119671
1779837363.917806,spill,FileSystemStorage,262144,1,262389,290625,132783
1779837363.918037,spill,FileSystemStorage,262144,2,524778,448966,243923
1779837363.918309,spill,FileSystemStorage,262144,1,262389,292844,145574
1779837363.918546,spill,FileSystemStorage,262144,1,262389,221450,117074
1779837363.918798,spill,FileSystemStorage,262144,1,262389,285878,131667
1779837363.919050,spill,FileSystemStorage,262144,1,262389,303203,152556
1779837363.919476,spill,FileSystemStorage,262144,2,524778,438769,243484
1779837363.919833,spill,FileSystemStorage,262144,1,262389,269312,123974
1779837363.920148,spill,FileSystemStorage,262144,1,262389,280055,131754
1779837363.920323,spill,FileSystemStorage,262144,1,262389,263999,120216
1779837363.921026,spill,FileSystemStorage,262144,1,262389,405257,124573
1779837363.922598,spill,FileSystemStorage,262144,2,524778,581783,238273
1779837363.923709,spill,FileSystemStorage,262144,2,524778,669868,240551
1779837363.925028,spill,FileSystemStorage,262144,1,262389,397454,136685
1779837363.925066,spill,FileSystemStorage,262144,1,262389,501689,140919
1779837363.925721,spill,FileSystemStorage,262144,1,262389,351442,130974
1779837363.926502,spill,FileSystemStorage,262144,1,262389,439438,129922
1779837363.926790,spill,FileSystemStorage,262144,1,262389,263076,138157
1779837363.926848,spill,FileSystemStorage,262144,1,262389,293863,149975
1779837363.927874,spill,FileSystemStorage,262144,2,524778,430486,255512
1779837363.928545,spill,FileSystemStorage,262144,2,524778,411953,244162
1779837363.928993,spill,FileSystemStorage,262144,1,262389,268317,121423
1779837363.929165,spill,FileSystemStorage,262144,1,262389,245650,118942
1779837363.929998,spill,FileSystemStorage,262144,1,262389,311308,131423
1779837363.930475,spill,FileSystemStorage,262144,3,787167,592002,369073
1779837363.930786,spill,FileSystemStorage,262144,2,524778,442336,250305
1779837363.931117,spill,FileSystemStorage,262144,2,524778,482884,278280
1779837363.931201,spill,FileSystemStorage,262144,1,262389,308501,129051
1779837363.931824,spill,FileSystemStorage,262144,2,524778,450812,237465
1779837363.932595,spill,FileSystemStorage,262144,1,262389,262853,130312
1779837363.932675,spill,FileSystemStorage,262144,1,262389,294324,153630
1779837363.933229,spill,FileSystemStorage,262144,1,262389,260296,135381
1779837363.933293,spill,FileSystemStorage,262144,2,524778,435566,248230
1779837363.933489,spill,FileSystemStorage,262144,1,262389,227290,116955
1779837363.934133,spill,FileSystemStorage,262144,2,524778,413661,237376
1779837363.934291,spill,FileSystemStorage,262144,1,262389,381403,115539
1779837363.934748,spill,FileSystemStorage,262144,1,262389,370951,131458
1779837363.935097,spill,FileSystemStorage,262144,1,262389,303159,160302
1779837363.935373,spill,FileSystemStorage,262144,1,262389,267187,129249
1779837363.935405,spill,FileSystemStorage,262144,1,262389,272317,130450
1779837363.935830,spill,FileSystemStorage,262144,1,262389,238437,121864
1779837363.936601,spill,FileSystemStorage,262144,2,524778,416223,257459
1779837363.936745,spill,FileSystemStorage,262144,1,262389,281430,144383
1779837363.936994,spill,FileSystemStorage,262144,1,262389,260145,124995
1779837363.937204,spill,FileSystemStorage,262144,1,262389,243178,117896
1779837363.937503,spill,FileSystemStorage,262144,1,262389,309856,132953
1779837363.937766,spill,FileSystemStorage,262144,1,262389,237904,118801
1779837363.937974,spill,FileSystemStorage,262144,1,262389,246582,119096
1779837363.938224,spill,FileSystemStorage,262144,1,262389,270377,130741
1779837363.938645,spill,FileSystemStorage,262144,2,524778,399822,232113
1779837363.939114,spill,FileSystemStorage,262144,1,262389,342610,160379
1779837363.939335,spill,FileSystemStorage,262144,1,262389,264748,125813
1779837363.939862,spill,FileSystemStorage,262144,2,524778,468047,266609
1779837363.940433,spill,FileSystemStorage,262144,1,262389,506996,139399
1779837363.940737,spill,FileSystemStorage,262144,1,262389,419688,129904
1779837363.940783,spill,FileSystemStorage,262144,1,262389,432347,149938
1779837363.941406,spill,FileSystemStorage,262144,1,262389,355652,149233
1779837363.941675,spill,FileSystemStorage,262144,1,262389,413442,134182
1779837363.942503,spill,FileSystemStorage,262144,1,262389,361398,134618
1779837363.942673,spill,FileSystemStorage,262144,2,524778,542459,257719
1779837363.943913,spill,FileSystemStorage,262144,1,262389,469473,135001
1779837363.945181,spill,FileSystemStorage,262144,1,262389,234628,116753
1779837363.945608,spill,FileSystemStorage,262144,2,524778,433588,256397
1779837363.945804,spill,FileSystemStorage,262144,1,262389,326403,131610
1779837363.946131,spill,FileSystemStorage,262144,1,262389,233650,116599
1779837363.946793,spill,FileSystemStorage,262144,1,262389,236281,134326
1779837363.946900,spill,FileSystemStorage,262144,2,524778,461446,284127
1779837363.947142,spill,FileSystemStorage,262144,2,524778,460440,265330
1779837363.947635,spill,FileSystemStorage,262144,1,262389,308074,129076
1779837363.948164,spill,FileSystemStorage,262144,1,262389,462760,135529
1779837363.948291,spill,FileSystemStorage,262144,1,262389,339443,133593
1779837363.949009,spill,FileSystemStorage,262144,1,262389,300281,130209
1779837363.949080,spill,FileSystemStorage,262144,1,262389,368035,155505
1779837363.949616,spill,FileSystemStorage,262144,2,524778,406531,246603
1779837363.949953,spill,FileSystemStorage,262144,1,262389,254939,128258
1779837363.950191,spill,FileSystemStorage,262144,3,787167,584381,375843
1779837363.950938,spill,FileSystemStorage,262144,1,262389,273817,144093
1779837363.951046,spill,FileSystemStorage,262144,3,787167,648527,420224
1779837363.951682,spill,FileSystemStorage,262144,2,524778,469422,274952
1779837363.951713,spill,FileSystemStorage,262144,1,262389,258881,133341
1779837363.952860,spill,FileSystemStorage,262144,2,524778,459701,257753
1779837363.953811,spill,FileSystemStorage,262144,1,262389,527601,129670
1779837363.953856,spill,FileSystemStorage,262144,1,262389,556162,125365
1779837363.954717,spill,FileSystemStorage,262144,1,262389,251189,142338
1779837363.955171,spill,FileSystemStorage,262144,4,1049556,795253,521876
1779837363.955233,spill,FileSystemStorage,262144,1,262389,486444,255947
1779837363.955499,spill,FileSystemStorage,262144,2,524778,456437,262195
1779837363.956059,spill,FileSystemStorage,262144,1,262389,289057,122856
1779837363.956533,spill,FileSystemStorage,262144,1,262389,362478,147783
1779837363.956921,spill,FileSystemStorage,262144,1,262389,365442,129499
1779837363.957980,spill,FileSystemStorage,262144,1,262389,257264,131044
1779837363.958031,spill,FileSystemStorage,262144,4,1049556,731066,480770
1779837363.959004,spill,FileSystemStorage,262144,4,1049556,867407,544097
1779837363.959327,spill,FileSystemStorage,262144,2,524778,546773,328268
1779837363.959539,spill,FileSystemStorage,262144,2,524778,630984,314655
1779837363.960043,spill,FileSystemStorage,262144,1,262389,282596,147339
1779837363.960261,spill,FileSystemStorage,262144,2,524778,463934,276685
1779837363.960651,spill,FileSystemStorage,262144,2,524778,460676,246674
1779837363.960982,spill,FileSystemStorage,262144,1,262389,276058,138179
1779837363.961153,spill,FileSystemStorage,262144,1,262389,243466,121685
1779837363.961650,spill,FileSystemStorage,262144,1,262389,253719,130615
1779837363.961669,spill,FileSystemStorage,262144,2,524778,451597,246601
1779837363.962451,spill,FileSystemStorage,262144,1,262389,348637,175229
1779837363.962454,spill,FileSystemStorage,262144,2,524778,533566,324081
1779837363.962676,spill,FileSystemStorage,262144,1,262389,263515,129392
1779837363.963296,spill,FileSystemStorage,262144,1,262389,379568,181971
1779837363.963435,spill,FileSystemStorage,262144,2,524778,590402,344600
1779837363.963917,spill,FileSystemStorage,262144,1,262389,271899,134877
1779837363.964703,spill,FileSystemStorage,262144,1,262389,378752,187329
1779837363.965054,spill,FileSystemStorage,262144,3,787167,676602,410634
1779837363.965270,spill,FileSystemStorage,262144,1,262389,363841,143525
1779837363.965796,spill,FileSystemStorage,262144,1,262389,306543,131327
1779837363.966615,spill,FileSystemStorage,262144,3,787167,549027,354870
1779837363.966660,spill,FileSystemStorage,262144,2,524778,436032,254474
1779837363.966828,spill,FileSystemStorage,262144,1,262389,287518,123115
1779837363.967616,spill,FileSystemStorage,262144,1,262389,238347,124187
1779837363.967697,spill,FileSystemStorage,262144,3,787167,598815,364495
1779837363.968300,spill,FileSystemStorage,262144,1,262389,260814,121572
1779837363.968425,spill,FileSystemStorage,262144,1,262389,251144,119042
1779837363.969033,spill,FileSystemStorage,262144,2,524778,452398,263424
1779837363.969606,spill,FileSystemStorage,262144,3,787167,625659,367858
1779837363.969620,spill,FileSystemStorage,262144,1,262389,278428,142437
1779837363.970275,spill,FileSystemStorage,262144,2,524778,434504,251343
1779837363.970753,spill,FileSystemStorage,262144,2,524778,449830,244078
1779837363.970781,spill,FileSystemStorage,262144,1,262389,256787,134452
1779837363.971272,spill,FileSystemStorage,262144,2,524778,429047,257905
1779837363.971637,spill,FileSystemStorage,262144,1,262389,291930,136516
1779837363.972258,spill,FileSystemStorage,262144,1,262389,288880,124296
1779837363.972535,spill,FileSystemStorage,262144,2,524778,371858,227979
1779837363.973732,spill,FileSystemStorage,262144,1,262389,272917,148849
1779837363.973791,spill,FileSystemStorage,262144,2,524778,553294,338984
1779837363.973783,spill,FileSystemStorage,262144,2,524778,593630,378233
1779837363.975141,spill,FileSystemStorage,262144,2,524778,984162,247608
1779837363.977338,spill,FileSystemStorage,262144,2,524778,463717,253155
1779837363.977357,spill,FileSystemStorage,262144,3,787167,720003,420589
1779837363.977861,spill,FileSystemStorage,262144,3,787167,674589,372864
1779837363.978184,spill,FileSystemStorage,262144,2,524778,419933,240325
1779837363.978500,spill,FileSystemStorage,262144,2,524778,498614,291785
1779837363.978693,spill,FileSystemStorage,262144,1,262389,299299,134606
1779837363.979125,spill,FileSystemStorage,262144,1,262389,327398,163661
1779837363.979555,spill,FileSystemStorage,262144,3,787167,610981,349367
1779837363.980134,spill,FileSystemStorage,262144,1,262389,296538,136839
1779837363.980361,spill,FileSystemStorage,262144,1,262389,263782,124324
1779837363.981084,spill,FileSystemStorage,262144,1,262389,305709,157747
1779837363.981255,spill,FileSystemStorage,262144,2,524778,420619,249247
1779837363.981297,spill,FileSystemStorage,262144,1,262389,346038,143781
1779837363.982082,spill,FileSystemStorage,262144,1,262389,274184,121084
1779837363.982660,spill,FileSystemStorage,262144,2,524778,598994,366652
1779837363.982794,spill,FileSystemStorage,262144,3,787167,777137,488874
1779837363.983130,spill,FileSystemStorage,262144,2,524778,546546,293759
1779837363.983303,spill,FileSystemStorage,262144,1,262389,272415,123817
1779837363.983628,spill,FileSystemStorage,262144,1,262389,287476,129427
1779837363.984673,spill,FileSystemStorage,262144,2,524778,844487,264829
1779837363.985294,spill,FileSystemStorage,262144,2,524778,632021,236852
1779837363.985805,spill,FileSystemStorage,262144,2,524778,470323,273498
1779837363.985991,spill,FileSystemStorage,262144,1,262389,292696,138630
1779837363.986366,spill,FileSystemStorage,262144,2,524778,437867,242858
1779837363.986794,spill,FileSystemStorage,262144,1,262389,317013,149974
1779837363.987205,spill,FileSystemStorage,262144,2,524778,457194,262314
1779837363.988046,spill,FileSystemStorage,262144,3,787167,564745,356469
1779837363.989786,spill,FileSystemStorage,262144,6,1574334,1065669,726331
1779837363.989981,spill,FileSystemStorage,262144,1,262389,319168,151949
1779837363.989986,spill,FileSystemStorage,262144,2,524778,565131,300108
1779837363.990469,spill,FileSystemStorage,262144,1,262389,306718,152294
1779837363.990544,spill,FileSystemStorage,262144,1,262389,246552,114475
1779837363.990662,spill,FileSystemStorage,262144,1,262389,281075,114041
1779837363.991080,spill,FileSystemStorage,262144,1,262389,293435,137379
1779837363.991364,spill,FileSystemStorage,262144,2,524778,431408,213978
1779837363.992011,spill,FileSystemStorage,262144,1,262389,222652,108809
1779837363.992299,spill,FileSystemStorage,262144,2,524778,439428,220676
1779837363.992804,spill,FileSystemStorage,262144,1,262389,264445,122412
1779837363.992999,spill,FileSystemStorage,262144,2,524778,436700,227873
1779837363.993297,spill,FileSystemStorage,262144,1,262389,208030,108976
1779837363.993747,spill,FileSystemStorage,262144,2,524778,418149,216277
1779837363.993931,spill,FileSystemStorage,262144,1,262389,248473,117427
1779837363.994117,spill,FileSystemStorage,262144,1,262389,263963,123234
1779837363.994327,spill,FileSystemStorage,262144,1,262389,233464,109633
1779837363.994685,spill,FileSystemStorage,262144,1,262389,292051,139215
1779837363.994913,spill,FileSystemStorage,262144,1,262389,305272,134839
1779837363.995110,spill,FileSystemStorage,262144,1,262389,279853,144445
1779837363.995360,spill,FileSystemStorage,262144,1,262389,270498,110860
1779837363.995628,spill,FileSystemStorage,262144,959,251631051,144315793,106760058
1779837363.995805,spill,FileSystemStorage,262144,2,524778,397872,216046
1779837363.996127,spill,FileSystemStorage,262144,1,262389,260907,138390
1779837363.996741,spill,FileSystemStorage,262144,2,524778,388348,210038
1779837363.997163,spill,FileSystemStorage,262144,2,524778,419652,234957
1779837363.997246,spill,FileSystemStorage,262144,1,262389,242704,110043
1779837363.997555,spill,FileSystemStorage,262144,1,262389,261824,111249
1779837364.274100,spill,FileSystemStorage,262144,4,1049556,991720,533972
1779837364.275212,spill,FileSystemStorage,262144,4,1049556,919867,490991
1779837364.275870,spill,FileSystemStorage,262144,3,787167,816620,441332
1779837364.276270,spill,FileSystemStorage,262144,4,1049556,772079,447819
1779837364.277090,spill,FileSystemStorage,262144,2,524778,470100,229154
1779837364.277688,spill,FileSystemStorage,262144,2,524778,492337,257538
1779837364.277852,spill,FileSystemStorage,262144,2,524778,487968,270683
1779837364.278042,spill,FileSystemStorage,262144,1,262389,252616,110861
1779837364.278521,spill,FileSystemStorage,262144,1,262389,230850,109701
1779837364.279059,spill,FileSystemStorage,262144,1,262389,284161,142604
1779837364.279518,spill,FileSystemStorage,262144,2,524778,460510,256943
1779837364.279558,spill,FileSystemStorage,262144,3,787167,629310,357976
1779837364.280624,spill,FileSystemStorage,262144,1,262389,266284,133345
1779837364.280694,spill,FileSystemStorage,262144,2,524778,587696,347274
1779837364.281433,spill,FileSystemStorage,262144,3,787167,867331,484561
1779837364.281879,spill,FileSystemStorage,262144,1,262389,389352,192801
1779837364.281943,spill,FileSystemStorage,262144,2,524778,439077,249246
1779837364.282734,spill,FileSystemStorage,262144,1,262389,404534,192641
1779837364.283140,spill,FileSystemStorage,262144,3,787167,872251,584931
1779837364.283217,spill,FileSystemStorage,262144,2,524778,507596,306033
1779837364.284194,spill,FileSystemStorage,262144,2,524778,672427,348654
1779837364.284472,spill,FileSystemStorage,262144,1,262389,270782,121659
1779837364.284935,spill,FileSystemStorage,262144,1,262389,367015,173810
1779837364.286341,spill,FileSystemStorage,262144,1,262389,302471,145363
1779837364.286401,spill,FileSystemStorage,262144,1,262389,391554,201220
1779837364.287006,spill,FileSystemStorage,262144,5,1311945,1357003,887584
1779837364.287406,spill,FileSystemStorage,262144,1,262389,389500,179649
1779837364.287616,spill,FileSystemStorage,262144,3,787167,717379,373779
1779837364.288682,spill,FileSystemStorage,262144,1,262389,369304,174737
1779837364.289381,spill,FileSystemStorage,262144,2,524778,610333,355125
1779837364.289440,spill,FileSystemStorage,262144,2,524778,448104,242415
1779837364.290647,spill,FileSystemStorage,262144,3,787167,816304,511215
1779837364.290950,spill,FileSystemStorage,262144,1,262389,403136,187630
1779837364.291391,spill,FileSystemStorage,262144,3,787167,673857,411296
1779837364.291719,spill,FileSystemStorage,262144,2,524778,623785,350289
1779837364.292026,spill,FileSystemStorage,262144,1,262389,369044,184556
1779837364.292716,spill,FileSystemStorage,262144,1,262389,308328,135613
1779837364.292935,spill,FileSystemStorage,262144,1,262389,343228,174598
1779837364.293744,spill,FileSystemStorage,262144,1,262389,250425,126341
1779837364.294059,spill,FileSystemStorage,262144,3,787167,822288,533497
1779837364.294578,spill,FileSystemStorage,262144,1,262389,358939,174344
1779837364.295081,spill,FileSystemStorage,262144,3,787167,706718,409727
1779837364.295348,spill,FileSystemStorage,262144,1,262389,402429,188121
1779837364.295633,spill,FileSystemStorage,262144,2,524778,594563,360067
1779837364.296479,spill,FileSystemStorage,262144,1,262389,270860,125506
1779837364.296612,spill,FileSystemStorage,262144,1,262389,382905,189539
1779837364.297257,spill,FileSystemStorage,262144,2,524778,555310,316494
1779837364.297489,spill,FileSystemStorage,262144,1,262389,274159,120726
1779837364.297808,spill,FileSystemStorage,262144,1,262389,376367,185939
1779837364.298235,spill,FileSystemStorage,262144,1,262389,336866,179604
1779837364.298330,spill,FileSystemStorage,262144,1,262389,238641,111281
1779837364.298694,spill,FileSystemStorage,262144,1,262389,371545,184659
1779837364.300104,spill,FileSystemStorage,262144,1,262389,380318,169077
1779837364.300632,spill,FileSystemStorage,262144,1,262389,287739,137497
1779837364.301166,spill,FileSystemStorage,262144,6,1574334,1500700,1029574
1779837364.301400,spill,FileSystemStorage,262144,2,524778,588348,350168
1779837364.301902,spill,FileSystemStorage,262144,3,787167,572589,349720
1779837364.302575,spill,FileSystemStorage,262144,1,262389,338873,177147
1779837364.302785,spill,FileSystemStorage,262144,1,262389,424553,186507
1779837364.303239,spill,FileSystemStorage,262144,3,787167,644128,428577
1779837364.303581,spill,FileSystemStorage,262144,2,524778,624801,355944
1779837364.303879,spill,FileSystemStorage,262144,1,262389,362815,166971
1779837364.304411,spill,FileSystemStorage,262144,1,262389,312557,124363
1779837364.305190,spill,FileSystemStorage,262144,1,262389,331416,171801
1779837364.305703,spill,FileSystemStorage,262144,1,262389,241240,127407
1779837364.305932,spill,FileSystemStorage,262144,1,262389,354942,170624
1779837364.307132,spill,FileSystemStorage,262144,1,262389,331262,167322
1779837364.307142,spill,FileSystemStorage,262144,2,524778,649108,389010
1779837364.307455,spill,FileSystemStorage,262144,5,1311945,1335396,839428
1779837364.308497,spill,FileSystemStorage,262144,2,524778,451983,247036
1779837364.308728,spill,FileSystemStorage,262144,1,262389,361582,163794
1779837364.309268,spill,FileSystemStorage,262144,1,262389,367976,175447
1779837364.310164,spill,FileSystemStorage,262144,2,524778,550490,310953
1779837364.310331,spill,FileSystemStorage,262144,2,524778,607350,358448
1779837364.310348,spill,FileSystemStorage,262144,1,262389,354904,178925
1779837364.311086,spill,FileSystemStorage,262144,1,262389,403915,212364
1779837364.311225,spill,FileSystemStorage,262144,3,787167,627811,398459
1779837364.312687,spill,FileSystemStorage,262144,3,787167,1245109,502700
1779837364.313740,spill,FileSystemStorage,262144,2,524778,609573,342717
1779837364.315422,spill,FileSystemStorage,262144,2,524778,644644,370697
1779837364.315737,spill,FileSystemStorage,262144,4,1049556,1070671,713736
1779837364.316900,spill,FileSystemStorage,262144,5,1311945,921842,583383
1779837364.317008,spill,FileSystemStorage,262144,1,262389,380993,179508
1779837364.318071,spill,FileSystemStorage,262144,2,524778,604841,367389
1779837364.318129,spill,FileSystemStorage,262144,2,524778,495560,288860
1779837364.318267,spill,FileSystemStorage,262144,2,524778,597501,373674
1779837364.319024,spill,FileSystemStorage,262144,2,524778,486249,285137
1779837364.319093,spill,FileSystemStorage,262144,1,262389,418035,218538
1779837364.319406,spill,FileSystemStorage,262144,2,524778,656100,402210
1779837364.320610,spill,FileSystemStorage,262144,3,787167,833304,534920
1779837364.320664,spill,FileSystemStorage,262144,1,262389,254676,125707
1779837364.320810,spill,FileSystemStorage,262144,1,262389,372024,173374
1779837364.321640,spill,FileSystemStorage,262144,1,262389,434172,173668
1779837364.322312,spill,FileSystemStorage,262144,1,262389,565206,117842
1779837364.323043,spill,FileSystemStorage,262144,1,262389,296687,161667
1779837364.323108,spill,FileSystemStorage,262144,2,524778,778293,392702
1779837364.323612,spill,FileSystemStorage,262144,1,262389,545461,134587
1779837364.324935,spill,FileSystemStorage,262144,1,262389,440442,144443
1779837364.324991,spill,FileSystemStorage,262144,1,262389,795238,182700
1779837364.326452,spill,FileSystemStorage,262144,1,262389,646533,163308
1779837364.327262,spill,FileSystemStorage,262144,1,262389,557916,144148
1779837364.327272,spill,FileSystemStorage,262144,1,262389,511846,145033
1779837364.329644,spill,FileSystemStorage,262144,1,262389,605060,166899
1779837364.330580,spill,FileSystemStorage,262144,2,524778,698104,246395
1779837364.330909,spill,FileSystemStorage,262144,1,262389,590885,183091
1779837364.332635,spill,FileSystemStorage,262144,2,524778,1004617,293542
1779837364.333044,spill,FileSystemStorage,262144,1,262389,585048,175057
1779837364.333972,spill,FileSystemStorage,262144,2,524778,742663,321438
1779837364.334500,spill,FileSystemStorage,262144,1,262389,660386,121707
1779837364.335596,spill,FileSystemStorage,262144,1,262389,511130,152092
1779837364.335657,spill,FileSystemStorage,262144,1,262389,547900,174442
1779837364.337173,spill,FileSystemStorage,262144,1,262389,742632,138416
1779837364.337947,spill,FileSystemStorage,262144,1,262389,680799,173927
1779837364.339243,spill,FileSystemStorage,262144,1,262389,400085,180963
1779837364.339872,spill,FileSystemStorage,262144,1,262389,384783,176090
1779837364.340403,spill,FileSystemStorage,262144,3,787167,938402,367667
1779837364.340711,spill,FileSystemStorage,262144,1,262389,473974,171272
1779837364.342360,spill,FileSystemStorage,262144,1,262389,651762,176590
1779837364.343901,spill,FileSystemStorage,262144,2,524778,599749,378369
1779837364.344112,spill,FileSystemStorage,262144,4,1049556,1084875,503243
1779837364.345170,spill,FileSystemStorage,262144,1,262389,558613,168507
1779837364.345869,spill,FileSystemStorage,262144,2,524778,449577,246527
1779837364.346487,spill,FileSystemStorage,262144,1,262389,350707,176036
1779837364.346762,spill,FileSystemStorage,262144,1,262389,393256,175535
1779837364.347157,spill,FileSystemStorage,262144,1,262389,315239,133825
1779837364.347422,spill,FileSystemStorage,262144,1,262389,354072,165274
1779837364.348150,spill,FileSystemStorage,262144,3,787167,833215,509757
1779837364.348382,spill,FileSystemStorage,262144,1,262389,347386,160178
1779837364.348563,spill,FileSystemStorage,262144,2,524778,601131,356041
1779837364.349680,spill,FileSystemStorage,262144,2,524778,573415,351041
1779837364.349896,spill,FileSystemStorage,262144,2,524778,448203,251181
1779837364.350504,spill,FileSystemStorage,262144,2,524778,581465,333200
1779837364.350604,spill,FileSystemStorage,262144,1,262389,369759,193532
1779837364.351238,spill,FileSystemStorage,262144,2,524778,506517,294893
1779837364.351597,spill,FileSystemStorage,262144,2,524778,631494,359767
1779837364.352110,spill,FileSystemStorage,262144,1,262389,368704,178539
1779837364.352545,spill,FileSystemStorage,262144,1,262389,314564,130757
1779837364.353265,spill,FileSystemStorage,262144,2,524778,555370,346244
1779837364.353732,spill,FileSystemStorage,262144,1,262389,261492,132084
1779837364.353836,spill,FileSystemStorage,262144,2,524778,587405,349495
1779837364.354560,spill,FileSystemStorage,262144,1,262389,250148,128132
1779837364.354728,spill,FileSystemStorage,262144,2,524778,590670,351039
1779837364.355332,spill,FileSystemStorage,262144,1,262389,289402,134751
1779837364.355719,spill,FileSystemStorage,262144,3,787167,835074,527494
1779837364.356597,spill,FileSystemStorage,262144,1,262389,363636,170084
1779837364.358341,spill,FileSystemStorage,262144,3,787167,815662,525387
1779837364.358383,spill,FileSystemStorage,262144,1,262389,367436,181343
1779837364.358442,spill,FileSystemStorage,262144,1,262389,262007,119611
1779837364.359282,spill,FileSystemStorage,262144,1,262389,315608,136857
1779837364.360465,spill,FileSystemStorage,262144,3,787167,871300,534806
1779837364.360461,spill,FileSystemStorage,262144,7,1836723,1730876,1218731
1779837364.360706,spill,FileSystemStorage,262144,1,262389,309633,142508
1779837364.361710,spill,FileSystemStorage,262144,2,524778,444041,244787
1779837364.362929,spill,FileSystemStorage,262144,2,524778,459817,286051
1779837364.363328,spill,FileSystemStorage,262144,1,262389,373588,179249
1779837364.363463,spill,FileSystemStorage,262144,4,1049556,1064343,736603
1779837364.364532,spill,FileSystemStorage,262144,1,262389,368736,193037
1779837364.364536,spill,FileSystemStorage,262144,3,787167,647569,376236
1779837364.364854,spill,FileSystemStorage,262144,1,262389,403373,182138
1779837364.366004,spill,FileSystemStorage,262144,2,524778,585114,322949
1779837364.366199,spill,FileSystemStorage,262144,1,262389,281140,130908
1779837364.366421,spill,FileSystemStorage,262144,2,524778,607397,366199
1779837364.367013,spill,FileSystemStorage,262144,1,262389,412703,141353
1779837364.367059,spill,FileSystemStorage,262144,1,262389,430732,203792
1779837364.368442,spill,FileSystemStorage,262144,4,1049556,1031586,671426
1779837364.368599,spill,FileSystemStorage,262144,1,262389,352382,143152
1779837364.369013,spill,FileSystemStorage,262144,1,262389,348097,161728
1779837364.369900,spill,FileSystemStorage,262144,1,262389,393107,183865
1779837364.370218,spill,FileSystemStorage,262144,3,787167,554875,355032
1779837364.370476,spill,FileSystemStorage,262144,1,262389,340920,176685
1779837364.371295,spill,FileSystemStorage,262144,3,787167,863993,539257
1779837364.372316,spill,FileSystemStorage,262144,3,787167,834615,514320
1779837364.372469,spill,FileSystemStorage,262144,1,262389,318792,134333
1779837364.372962,spill,FileSystemStorage,262144,2,524778,591458,339057
1779837364.373164,spill,FileSystemStorage,262144,1,262389,273443,129445
1779837364.374084,spill,FileSystemStorage,262144,1,262389,364187,189092
1779837364.374372,spill,FileSystemStorage,262144,3,787167,869506,530869
1779837364.375427,spill,FileSystemStorage,262144,2,524778,639439,378069
1779837364.375474,spill,FileSystemStorage,262144,2,524778,657201,374558
1779837364.375942,spill,FileSystemStorage,262144,1,262389,301355,134180
1779837364.376586,spill,FileSystemStorage,262144,1,262389,367598,177865
1779837364.377022,spill,FileSystemStorage,262144,1,262389,513939,184986
1779837364.377187,spill,FileSystemStorage,262144,2,524778,569554,271543
1779837364.378198,spill,FileSystemStorage,262144,1,262389,657227,189678
1779837364.378350,spill,FileSystemStorage,262144,2,524778,511670,256214
1779837364.378728,spill,FileSystemStorage,262144,1,262389,345180,171149
1779837364.380574,spill,FileSystemStorage,262144,1,262389,290996,145644
1779837364.380631,spill,FileSystemStorage,262144,4,1049556,1086686,707869
1779837364.380853,spill,FileSystemStorage,262144,1,262389,364195,174243
1779837364.381474,spill,FileSystemStorage,262144,1,262389,365233,195884
1779837364.381694,spill,FileSystemStorage,262144,3,787167,566367,365385
1779837364.382425,spill,FileSystemStorage,262144,2,524778,594956,358182
1779837364.382448,spill,FileSystemStorage,262144,1,262389,348880,181830
1779837364.383003,spill,FileSystemStorage,262144,1,262389,328605,135519
1779837364.383246,spill,FileSystemStorage,262144,1,262389,388953,178455
1779837364.384264,spill,FileSystemStorage,262144,3,787167,818965,509807
1779837364.384501,spill,FileSystemStorage,262144,1,262389,326276,134507
1779837364.384609,spill,FileSystemStorage,262144,1,262389,358394,180136
1779837364.385767,spill,FileSystemStorage,262144,3,787167,620339,382025
1779837364.385849,spill,FileSystemStorage,262144,2,524778,595170,368932
1779837364.386293,spill,FileSystemStorage,262144,1,262389,375469,191598
1779837364.387045,spill,FileSystemStorage,262144,1,262389,406174,202995
1779837364.387206,spill,FileSystemStorage,262144,3,787167,588718,395432
1779837364.387678,spill,FileSystemStorage,262144,2,524778,585304,346622
1779837364.387836,spill,FileSystemStorage,262144,1,262389,265273,123594
1779837364.388449,spill,FileSystemStorage,262144,1,262389,374672,187171
1779837364.389320,spill,FileSystemStorage,262144,1,262389,361570,178172
1779837364.390135,spill,FileSystemStorage,262144,2,524778,450779,264198
1779837364.390398,spill,FileSystemStorage,262144,4,1049556,1036604,677801
1779837364.390533,spill,FileSystemStorage,262144,1,262389,361154,177224
1779837364.390897,spill,FileSystemStorage,262144,2,524778,479500,303320
1779837364.391301,spill,FileSystemStorage,262144,1,262389,390561,173956
1779837364.391378,spill,FileSystemStorage,262144,1,262389,368309,186625
1779837364.392382,spill,FileSystemStorage,262144,1,262389,690005,129325
1779837364.392463,spill,FileSystemStorage,262144,1,262389,788500,185944
1779837364.394198,spill,FileSystemStorage,262144,2,524778,603899,349264
1779837364.394467,spill,FileSystemStorage,262144,2,524778,566840,360348
1779837364.395109,spill,FileSystemStorage,262144,4,1049556,814047,523597
1779837364.395864,spill,FileSystemStorage,262144,3,787167,836289,547686
1779837364.395885,spill,FileSystemStorage,262144,1,262389,379725,181410
1779837364.396221,spill,FileSystemStorage,262144,1,262389,252364,121803
1779837364.397199,spill,FileSystemStorage,262144,1,262389,416416,219359
1779837364.397237,spill,FileSystemStorage,262144,2,524778,610536,350331
1779837364.397618,spill,FileSystemStorage,262144,1,262389,274256,127376
1779837364.398567,spill,FileSystemStorage,262144,2,524778,602380,365396
1779837364.398641,spill,FileSystemStorage,262144,1,262389,253418,132741
1779837364.398835,spill,FileSystemStorage,262144,3,787167,842473,538487
1779837364.399547,spill,FileSystemStorage,262144,2,524778,612121,353524
1779837364.399606,spill,FileSystemStorage,262144,1,262389,274896,138807
1779837364.400092,spill,FileSystemStorage,262144,1,262389,401783,196794
1779837364.400225,spill,FileSystemStorage,262144,1,262389,328371,163017
1779837364.400706,spill,FileSystemStorage,262144,2,524778,428180,250725
1779837364.401259,spill,FileSystemStorage,262144,1,262389,335394,176858
1779837364.401676,spill,FileSystemStorage,262144,1,262389,289721,134697
1779837364.401880,spill,FileSystemStorage,262144,2,524778,429937,253422
1779837364.402241,spill,FileSystemStorage,262144,1,262389,220126,121126
1779837364.402450,spill,FileSystemStorage,262144,1,262389,350492,177753
1779837364.402854,spill,FileSystemStorage,262144,1,262389,239674,139980
1779837364.402894,spill,FileSystemStorage,262144,1,262389,276405,148930
1779837364.403538,spill,FileSystemStorage,262144,1,262389,240503,124054
1779837364.404343,spill,FileSystemStorage,262144,2,524778,445569,249817
1779837364.404794,spill,FileSystemStorage,262144,1,262389,257973,118505
1779837364.405175,spill,FileSystemStorage,262144,1,262389,274700,144183
1779837364.405220,spill,FileSystemStorage,262144,1,262389,384738,181256
1779837364.405629,spill,FileSystemStorage,262144,2,524778,395316,253974
1779837364.405890,spill,FileSystemStorage,262144,2,524778,422412,253768
1779837364.406208,spill,FileSystemStorage,262144,1,262389,234016,127284
1779837364.406285,spill,FileSystemStorage,262144,1,262389,388807,187911
1779837364.406636,spill,FileSystemStorage,262144,1,262389,280238,140701
1779837364.406688,spill,FileSystemStorage,262144,1,262389,231014,141371
1779837364.407016,spill,FileSystemStorage,262144,1,262389,374336,187853
1779837364.407203,spill,FileSystemStorage,262144,1,262389,284679,134347
1779837364.407579,spill,FileSystemStorage,262144,1,262389,250745,141722
1779837364.407791,spill,FileSystemStorage,262144,1,262389,352566,181416
1779837364.407858,spill,FileSystemStorage,262144,1,262389,252225,123044
1779837364.408368,spill,FileSystemStorage,262144,1,262389,358365,133786
1779837364.408906,spill,FileSystemStorage,262144,1,262389,252008,126292
1779837364.409250,spill,FileSystemStorage,262144,1,262389,305682,136487
1779837364.409777,spill,FileSystemStorage,262144,2,524778,385350,250507
1779837364.409893,spill,FileSystemStorage,262144,1,262389,236027,123032
1779837364.410063,spill,FileSystemStorage,262144,3,787167,828212,550810
1779837364.410749,spill,FileSystemStorage,262144,3,787167,556996,364355
1779837364.411015,spill,FileSystemStorage,262144,1,262389,392034,197373
1779837364.411024,spill,FileSystemStorage,262144,1,262389,400845,176522
1779837364.411717,spill,FileSystemStorage,262144,2,524778,396829,234962
1779837364.411862,spill,FileSystemStorage,262144,1,262389,249108,121693
1779837364.412677,spill,FileSystemStorage,262144,2,524778,391636,233348
1779837364.413208,spill,FileSystemStorage,262144,2,524778,449634,260793
1779837364.413665,spill,FileSystemStorage,262144,1,262389,356359,185902
1779837364.413817,spill,FileSystemStorage,262144,2,524778,378871,240354
1779837364.414123,spill,FileSystemStorage,262144,2,524778,433155,266436
1779837364.414641,spill,FileSystemStorage,262144,2,524778,396023,255873
1779837364.414901,spill,FileSystemStorage,262144,1,262389,354447,188881
1779837364.415200,spill,FileSystemStorage,262144,1,262389,291360,125810
1779837364.415588,spill,FileSystemStorage,262144,2,524778,417346,241389
1779837364.416728,spill,FileSystemStorage,262144,1,262389,356952,175627
1779837364.417223,spill,FileSystemStorage,262144,2,524778,441370,266108
1779837364.417279,spill,FileSystemStorage,262144,2,524778,443702,274101
1779837364.417835,spill,FileSystemStorage,262144,1,262389,286459,124309
1779837364.417945,spill,FileSystemStorage,262144,3,787167,794418,506574
1779837364.418029,spill,FileSystemStorage,262144,1,262389,319759,134176
1779837364.418538,spill,FileSystemStorage,262144,1,262389,267540,142340
1779837364.418961,spill,FileSystemStorage,262144,2,524778,423472,235056
1779837364.419431,spill,FileSystemStorage,262144,2,524778,629582,369632
1779837364.419653,spill,FileSystemStorage,262144,2,524778,402987,240610
1779837364.420154,spill,FileSystemStorage,262144,1,262389,292727,128802
1779837364.420351,spill,FileSystemStorage,262144,1,262389,268542,133875
1779837364.420360,spill,FileSystemStorage,262144,1,262389,351188,184164
1779837364.420945,spill,FileSystemStorage,262144,1,262389,233341,122530
1779837364.421567,spill,FileSystemStorage,262144,1,262389,251905,129914
1779837364.421708,spill,FileSystemStorage,262144,1,262389,244004,126916
1779837364.421873,spill,FileSystemStorage,262144,3,787167,825586,554562
1779837364.422059,spill,FileSystemStorage,262144,1,262389,251190,136014
1779837364.423237,spill,FileSystemStorage,262144,3,787167,823192,545420
1779837364.423357,spill,FileSystemStorage,262144,2,524778,443318,248177
1779837364.424161,spill,FileSystemStorage,262144,1,262389,405962,170091
1779837364.424448,spill,FileSystemStorage,262144,1,262389,677014,148545
1779837364.424642,spill,FileSystemStorage,262144,2,524778,383699,236327
1779837364.425358,spill,FileSystemStorage,262144,2,524778,596121,348293
1779837364.425602,spill,FileSystemStorage,262144,1,262389,258076,131370
1779837364.425678,spill,FileSystemStorage,262144,1,262389,266551,118833
1779837364.426515,spill,FileSystemStorage,262144,1,262389,285681,161430
1779837364.426864,spill,FileSystemStorage,262144,3,787167,838359,550011
1779837364.426912,spill,FileSystemStorage,262144,1,262389,374976,200251
1779837364.427834,spill,FileSystemStorage,262144,3,787167,760340,483535
1779837364.428711,spill,FileSystemStorage,262144,2,524778,593000,350616
1779837364.428738,spill,FileSystemStorage,262144,1,262389,284081,131259
1779837364.429255,spill,FileSystemStorage,262144,1,262389,378292,176701
1779837364.429791,spill,FileSystemStorage,262144,2,524778,596698,350094
1779837364.430506,spill,FileSystemStorage,262144,2,524778,604172,358081
1779837364.430871,spill,FileSystemStorage,262144,1,262389,379055,190162
1779837364.431008,spill,FileSystemStorage,262144,1,262389,301342,125379
1779837364.431718,spill,FileSystemStorage,262144,2,524778,571428,328529
1779837364.432575,spill,FileSystemStorage,262144,2,524778,448720,246887
1779837364.433357,spill,FileSystemStorage,262144,2,524778,576778,334602
1779837364.433799,spill,FileSystemStorage,262144,3,787167,590477,376408
1779837364.433853,spill,FileSystemStorage,262144,1,262389,386864,196193
1779837364.434041,spill,FileSystemStorage,262144,1,262389,332861,176572
1779837364.434421,spill,FileSystemStorage,262144,1,262389,261491,123655
1779837364.435199,spill,FileSystemStorage,262144,1,262389,253008,120686
1779837364.435199,spill,FileSystemStorage,262144,2,524778,669510,401326
1779837364.435964,spill,FileSystemStorage,262144,2,524778,522175,302398
1779837364.436887,spill,FileSystemStorage,262144,1,262389,223222,112601
1779837364.436882,spill,FileSystemStorage,262144,1,262389,382012,171776
1779837364.437868,spill,FileSystemStorage,262144,1,262389,234812,122269
1779837364.437918,spill,FileSystemStorage,262144,2,524778,379313,231921
1779837364.438632,spill,FileSystemStorage,262144,2,524778,377610,241008
1779837364.438752,spill,FileSystemStorage,262144,2,524778,597560,361813
1779837364.438993,spill,FileSystemStorage,262144,2,524778,444884,280558
1779837364.439285,spill,FileSystemStorage,262144,1,262389,223338,111103
1779837364.440708,spill,FileSystemStorage,262144,3,787167,769678,461270
1779837364.440976,spill,FileSystemStorage,262144,2,524778,374269,216300
1779837364.441234,spill,FileSystemStorage,262144,1,262389,360462,170341
1779837364.441639,spill,FileSystemStorage,262144,1,262389,262592,128952
1779837364.441638,spill,FileSystemStorage,262144,958,251368662,166192481,119375652
1779837364.441958,spill,FileSystemStorage,262144,1,262389,326123,177559
1779837364.442063,spill,FileSystemStorage,262144,2,524778,593490,345486
1779837364.442593,spill,FileSystemStorage,262144,2,524778,461932,289412
1779837364.443161,spill,FileSystemStorage,262144,2,524778,567029,354819
1779837364.443530,spill,FileSystemStorage,262144,1,262389,362402,170896
1779837364.443921,spill,FileSystemStorage,262144,2,524778,535146,292943
1779837369.754951,restore,FileSystemStorage,262144,1,262389,659241,587783
1779837369.759717,restore,FileSystemStorage,262144,1,262389,1006428,925995
1779837369.764271,restore,FileSystemStorage,262144,1,262389,857144,771715
1779837369.768008,restore,FileSystemStorage,262144,1,262389,795095,720554
1779837369.770540,restore,FileSystemStorage,262144,1,262389,336417,259387
1779837369.773649,restore,FileSystemStorage,262144,1,262389,293939,242647
1779837369.776856,restore,FileSystemStorage,262144,1,262389,589415,543815
1779837369.779379,restore,FileSystemStorage,262144,1,262389,521541,484525
1779837369.783863,restore,FileSystemStorage,262144,1,262389,928829,878615
1779837369.786710,restore,FileSystemStorage,262144,1,262389,277730,220172
1779837369.789575,restore,FileSystemStorage,262144,1,262389,323235,255044
1779837369.792690,restore,FileSystemStorage,262144,1,262389,329838,269007
1779837369.794875,restore,FileSystemStorage,262144,1,262389,253231,218736
1779837369.797241,restore,FileSystemStorage,262144,1,262389,270845,228722
1779837369.799893,restore,FileSystemStorage,262144,1,262389,275391,227845
1779837369.803056,restore,FileSystemStorage,262144,1,262389,287501,254890
1779837369.806715,restore,FileSystemStorage,262144,1,262389,416443,386214
1779837369.809898,restore,FileSystemStorage,262144,1,262389,620710,542827
1779837369.812420,restore,FileSystemStorage,262144,1,262389,648191,575777
1779837369.816124,restore,FileSystemStorage,262144,1,262389,1106232,1055625
1779837369.818579,restore,FileSystemStorage,262144,1,262389,615543,552266
1779837369.822342,restore,FileSystemStorage,262144,1,262389,600305,551097
1779837369.826475,restore,FileSystemStorage,262144,1,262389,639742,601647
1779837369.830054,restore,FileSystemStorage,262144,1,262389,574740,501848
1779837369.834643,restore,FileSystemStorage,262144,1,262389,660496,606098
1779837369.838514,restore,FileSystemStorage,262144,1,262389,564793,525386
1779837369.842624,restore,FileSystemStorage,262144,1,262389,639302,565735
1779837369.846609,restore,FileSystemStorage,262144,1,262389,627737,571411
1779837369.850656,restore,FileSystemStorage,262144,1,262389,474361,398546
1779837369.855592,restore,FileSystemStorage,262144,1,262389,1145744,1057282
1779837369.860081,restore,FileSystemStorage,262144,1,262389,686276,606761
1779837369.864185,restore,FileSystemStorage,262144,1,262389,767531,715430
1779837369.868029,restore,FileSystemStorage,262144,1,262389,1032969,963374
1779837369.872004,restore,FileSystemStorage,262144,1,262389,338569,257436
1779837369.876019,restore,FileSystemStorage,262144,1,262389,1058570,975948
1779837369.880566,restore,FileSystemStorage,262144,1,262389,574846,504095
1779837369.885066,restore,FileSystemStorage,262144,1,262389,601136,533102
1779837369.889244,restore,FileSystemStorage,262144,1,262389,611239,542308
1779837369.892729,restore,FileSystemStorage,262144,1,262389,641103,569316
1779837369.896941,restore,FileSystemStorage,262144,1,262389,626688,578743
1779837369.899880,restore,FileSystemStorage,262144,1,262389,271110,232573
1779837369.903663,restore,FileSystemStorage,262144,1,262389,261531,227050
1779837369.907126,restore,FileSystemStorage,262144,1,262389,417970,365881
1779837369.909165,restore,FileSystemStorage,262144,1,262389,368261,279307
1779837369.913359,restore,FileSystemStorage,262144,1,262389,464903,391600
1779837369.917931,restore,FileSystemStorage,262144,1,262389,656275,588777
1779837369.922663,restore,FileSystemStorage,262144,1,262389,483181,418131
1779837369.926670,restore,FileSystemStorage,262144,1,262389,293453,223450
1779837369.929870,restore,FileSystemStorage,262144,1,262389,345860,272256
1779837369.932871,restore,FileSystemStorage,262144,1,262389,339567,268675
1779837369.937235,restore,FileSystemStorage,262144,1,262389,599168,518839
1779837369.939713,restore,FileSystemStorage,262144,1,262389,338395,266736
1779837369.942912,restore,FileSystemStorage,262144,1,262389,268637,225462
1779837369.947378,restore,FileSystemStorage,262144,1,262389,693018,650894
1779837369.952045,restore,FileSystemStorage,262144,1,262389,975793,889299
1779837369.957036,restore,FileSystemStorage,262144,1,262389,818729,743204
1779837369.961625,restore,FileSystemStorage,262144,1,262389,696769,624763
1779837369.966299,restore,FileSystemStorage,262144,1,262389,875524,800915
1779837369.970295,restore,FileSystemStorage,262144,1,262389,774181,700851
1779837369.975038,restore,FileSystemStorage,262144,1,262389,738384,661320
1779837369.979813,restore,FileSystemStorage,262144,1,262389,954971,877896
1779837369.984837,restore,FileSystemStorage,262144,1,262389,733209,661576
1779837369.989709,restore,FileSystemStorage,262144,1,262389,622017,553605
1779837369.993954,restore,FileSystemStorage,262144,1,262389,659889,590125
1779837369.997856,restore,FileSystemStorage,262144,1,262389,574387,534901
1779837370.001312,restore,FileSystemStorage,262144,1,262389,638986,563646
1779837370.005030,restore,FileSystemStorage,262144,1,262389,344450,271562
1779837370.007310,restore,FileSystemStorage,262144,1,262389,511859,447050
1779837370.010249,restore,FileSystemStorage,262144,1,262389,702635,667526
1779837370.014522,restore,FileSystemStorage,262144,1,262389,564877,526941
1779837370.018918,restore,FileSystemStorage,262144,1,262389,491438,423478
1779837370.022784,restore,FileSystemStorage,262144,1,262389,535849,461190
1779837370.026235,restore,FileSystemStorage,262144,1,262389,358662,286421
1779837370.030210,restore,FileSystemStorage,262144,1,262389,409907,306788
1779837370.032717,restore,FileSystemStorage,262144,1,262389,587098,530155
1779837370.036187,restore,FileSystemStorage,262144,1,262389,828619,753286
1779837370.038752,restore,FileSystemStorage,262144,1,262389,293969,236110
1779837370.042389,restore,FileSystemStorage,262144,1,262389,687460,607774
1779837370.046385,restore,FileSystemStorage,262144,1,262389,675415,601722
1779837370.049922,restore,FileSystemStorage,262144,1,262389,335933,259115
1779837370.053656,restore,FileSystemStorage,262144,1,262389,601949,528524
1779837370.056614,restore,FileSystemStorage,262144,1,262389,630325,553766
1779837370.060157,restore,FileSystemStorage,262144,1,262389,613208,538108
1779837370.064566,restore,FileSystemStorage,262144,1,262389,640829,596912
1779837370.068350,restore,FileSystemStorage,262144,1,262389,992229,911172
1779837370.072316,restore,FileSystemStorage,262144,1,262389,865512,786722
1779837370.076490,restore,FileSystemStorage,262144,1,262389,590879,516914
1779837370.081604,restore,FileSystemStorage,262144,1,262389,658944,576503
1779837370.084679,restore,FileSystemStorage,262144,1,262389,670933,604925
1779837370.088348,restore,FileSystemStorage,262144,1,262389,628776,562306
1779837370.092378,restore,FileSystemStorage,262144,1,262389,737860,671488
1779837370.096117,restore,FileSystemStorage,262144,1,262389,710217,646875
1779837370.099922,restore,FileSystemStorage,262144,1,262389,924430,850836
1779837370.104335,restore,FileSystemStorage,262144,1,262389,629315,547343
1779837370.108457,restore,FileSystemStorage,262144,1,262389,853071,766377
1779837370.112747,restore,FileSystemStorage,262144,1,262389,758602,672255
1779837370.117030,restore,FileSystemStorage,262144,1,262389,597998,532925
1779837370.121261,restore,FileSystemStorage,262144,1,262389,511705,430659
1779837370.124452,restore,FileSystemStorage,262144,1,262389,312513,243489
1779837370.128046,restore,FileSystemStorage,262144,1,262389,532901,461160
1779837370.131693,restore,FileSystemStorage,262144,1,262389,524100,445855
1779837370.134789,restore,FileSystemStorage,262144,1,262389,437038,370178
1779837370.138429,restore,FileSystemStorage,262144,1,262389,620338,553240
1779837370.142108,restore,FileSystemStorage,262144,1,262389,616884,542683
1779837370.145600,restore,FileSystemStorage,262144,1,262389,726274,658219
1779837370.149351,restore,FileSystemStorage,262144,1,262389,666063,585841
1779837370.153911,restore,FileSystemStorage,262144,1,262389,608943,531101
1779837370.158383,restore,FileSystemStorage,262144,1,262389,586524,511434
1779837370.162916,restore,FileSystemStorage,262144,1,262389,493087,424429
1779837370.168103,restore,FileSystemStorage,262144,1,262389,614086,547368
1779837370.172078,restore,FileSystemStorage,262144,1,262389,710321,635080
1779837370.176133,restore,FileSystemStorage,262144,1,262389,465947,395011
1779837370.180340,restore,FileSystemStorage,262144,1,262389,736869,662965
1779837370.184995,restore,FileSystemStorage,262144,1,262389,604678,535809
1779837370.188528,restore,FileSystemStorage,262144,1,262389,604781,535589
1779837370.192166,restore,FileSystemStorage,262144,1,262389,479608,405565
1779837370.194399,restore,FileSystemStorage,262144,1,262389,250143,211532
1779837370.195801,restore,FileSystemStorage,262144,1,262389,250566,212440
1779837370.197186,restore,FileSystemStorage,262144,1,262389,294914,236898
1779837370.199732,restore,FileSystemStorage,262144,1,262389,777161,688824
1779837370.204116,restore,FileSystemStorage,262144,1,262389,1046891,972347
1779837370.207820,restore,FileSystemStorage,262144,1,262389,887559,790462
1779837370.212368,restore,FileSystemStorage,262144,1,262389,848417,772418
1779837370.216485,restore,FileSystemStorage,262144,1,262389,637648,563332
1779837370.220838,restore,FileSystemStorage,262144,1,262389,646104,573483
1779837370.224750,restore,FileSystemStorage,262144,1,262389,699155,626897
1779837370.228319,restore,FileSystemStorage,262144,1,262389,655261,591537
1779837370.232789,restore,FileSystemStorage,262144,1,262389,739708,657540
1779837370.236429,restore,FileSystemStorage,262144,1,262389,706140,641225
1779837370.240141,restore,FileSystemStorage,262144,1,262389,678766,619602
1779837370.244432,restore,FileSystemStorage,262144,1,262389,659808,599854
1779837370.249593,restore,FileSystemStorage,262144,1,262389,596440,524267
1779837370.255548,restore,FileSystemStorage,262144,1,262389,744752,651984
1779837370.259706,restore,FileSystemStorage,262144,1,262389,684672,613718
1779837370.264220,restore,FileSystemStorage,262144,1,262389,776236,700167
1779837370.267825,restore,FileSystemStorage,262144,1,262389,613349,545594
1779837370.271706,restore,FileSystemStorage,262144,1,262389,783814,689263
1779837370.275675,restore,FileSystemStorage,262144,1,262389,752921,669389
1779837370.279508,restore,FileSystemStorage,262144,1,262389,607920,547255
1779837370.283027,restore,FileSystemStorage,262144,1,262389,351372,296030
1779837370.286685,restore,FileSystemStorage,262144,1,262389,483692,425558
1779837370.291490,restore,FileSystemStorage,262144,1,262389,812701,733565
1779837370.294864,restore,FileSystemStorage,262144,1,262389,357473,284918
1779837370.295986,restore,FileSystemStorage,262144,1,262389,315724,253306
1779837370.298718,restore,FileSystemStorage,262144,1,262389,1107291,1034806
1779837370.302870,restore,FileSystemStorage,262144,1,262389,631345,558145
1779837370.306571,restore,FileSystemStorage,262144,1,262389,458611,386974
1779837370.310761,restore,FileSystemStorage,262144,1,262389,620987,544688
1779837370.315782,restore,FileSystemStorage,262144,1,262389,961908,879764
1779837370.319505,restore,FileSystemStorage,262144,1,262389,825684,747543
1779837370.324016,restore,FileSystemStorage,262144,1,262389,926903,843584
1779837370.328516,restore,FileSystemStorage,262144,1,262389,1832214,1753177
1779837370.332071,restore,FileSystemStorage,262144,1,262389,1006121,923903
1779837370.336861,restore,FileSystemStorage,262144,1,262389,678474,598015
1779837370.341334,restore,FileSystemStorage,262144,1,262389,470857,393190
1779837370.345657,restore,FileSystemStorage,262144,1,262389,639580,568560
1779837374.802294,spill,FileSystemStorage,524288,1,524533,961928,340259
1779837374.803316,spill,FileSystemStorage,524288,1,524533,768041,247739
1779837374.803524,spill,FileSystemStorage,524288,1,524533,611876,349489
1779837374.804808,spill,FileSystemStorage,524288,1,524533,399856,211558
1779837374.805317,spill,FileSystemStorage,524288,1,524533,579813,337371
1779837374.806400,spill,FileSystemStorage,524288,1,524533,557083,323635
1779837374.807182,spill,FileSystemStorage,524288,1,524533,778593,300186
1779837374.807221,spill,FileSystemStorage,524288,1,524533,491400,294148
1779837374.807461,spill,FileSystemStorage,524288,5,2622665,2033966,1290174
1779837374.808420,spill,FileSystemStorage,524288,1,524533,430800,243361
1779837374.808608,spill,FileSystemStorage,524288,1,524533,447103,260389
1779837374.808790,spill,FileSystemStorage,524288,1,524533,522031,240839
1779837374.810283,spill,FileSystemStorage,524288,2,1049066,1178276,514939
1779837374.810346,spill,FileSystemStorage,524288,1,524533,854811,387632
1779837374.810895,spill,FileSystemStorage,524288,2,1049066,1302059,641170
1779837374.811169,spill,FileSystemStorage,524288,1,524533,500324,288186
1779837374.811310,spill,FileSystemStorage,524288,1,524533,516043,256144
1779837374.812210,spill,FileSystemStorage,524288,1,524533,422163,249264
1779837374.812500,spill,FileSystemStorage,524288,1,524533,454584,244750
1779837374.812731,spill,FileSystemStorage,524288,2,1049066,848469,542147
1779837374.813681,spill,FileSystemStorage,524288,3,1573599,1142222,754182
1779837374.813712,spill,FileSystemStorage,524288,1,524533,616087,365851
1779837374.813720,spill,FileSystemStorage,524288,1,524533,667764,376262
1779837374.814414,spill,FileSystemStorage,524288,1,524533,421236,251371
1779837374.814739,spill,FileSystemStorage,524288,1,524533,610235,391570
1779837374.815265,spill,FileSystemStorage,524288,2,1049066,1051192,666450
1779837374.815568,spill,FileSystemStorage,524288,2,1049066,846998,557206
1779837374.816077,spill,FileSystemStorage,524288,2,1049066,980645,630475
1779837374.816311,spill,FileSystemStorage,524288,1,524533,535591,300012
1779837374.816356,spill,FileSystemStorage,524288,1,524533,464698,290416
1779837374.817211,spill,FileSystemStorage,524288,1,524533,607556,377839
1779837374.817430,spill,FileSystemStorage,524288,2,1049066,1001704,682946
1779837374.817444,spill,FileSystemStorage,524288,2,1049066,794274,536502
1779837374.818050,spill,FileSystemStorage,524288,1,524533,497528,265916
1779837374.818160,spill,FileSystemStorage,524288,1,524533,434698,262078
1779837374.818241,spill,FileSystemStorage,524288,1,524533,442986,266780
1779837374.818924,spill,FileSystemStorage,524288,1,524533,414496,257009
1779837374.819113,spill,FileSystemStorage,524288,1,524533,515932,327858
1779837374.819878,spill,FileSystemStorage,524288,3,1573599,1195863,783417
1779837374.820082,spill,FileSystemStorage,524288,2,1049066,836215,537084
1779837374.820428,spill,FileSystemStorage,524288,2,1049066,817981,531973
1779837374.820727,spill,FileSystemStorage,524288,1,524533,440966,257651
1779837374.820847,spill,FileSystemStorage,524288,1,524533,436461,254561
1779837374.821194,spill,FileSystemStorage,524288,1,524533,417612,241798
1779837374.821461,spill,FileSystemStorage,524288,1,524533,447288,256668
1779837374.821895,spill,FileSystemStorage,524288,2,1049066,760488,508397
1779837374.822016,spill,FileSystemStorage,524288,1,524533,438650,274143
1779837374.822240,spill,FileSystemStorage,524288,1,524533,437102,261476
1779837374.823128,spill,FileSystemStorage,524288,2,1049066,861929,570613
1779837374.823138,spill,FileSystemStorage,524288,1,524533,489995,315316
1779837374.823378,spill,FileSystemStorage,524288,3,1573599,1139477,784849
1779837374.823911,spill,FileSystemStorage,524288,1,524533,430661,255460
1779837374.824223,spill,FileSystemStorage,524288,1,524533,659933,388366
1779837374.824714,spill,FileSystemStorage,524288,2,1049066,921212,602080
1779837374.824769,spill,FileSystemStorage,524288,1,524533,477450,283412
1779837374.825105,spill,FileSystemStorage,524288,1,524533,486706,260253
1779837374.825537,spill,FileSystemStorage,524288,1,524533,470797,290057
1779837374.826010,spill,FileSystemStorage,524288,2,1049066,982274,647178
1779837374.826289,spill,FileSystemStorage,524288,1,524533,446570,274016
1779837374.826418,spill,FileSystemStorage,524288,2,1049066,987544,607861
1779837374.827003,spill,FileSystemStorage,524288,1,524533,583590,340524
1779837374.827425,spill,FileSystemStorage,524288,2,1049066,904087,610412
1779837374.827828,spill,FileSystemStorage,524288,2,1049066,1068644,676346
1779837374.827901,spill,FileSystemStorage,524288,1,524533,581970,326060
1779837374.828685,spill,FileSystemStorage,524288,2,1049066,855673,515845
1779837374.828834,spill,FileSystemStorage,524288,1,524533,589516,348899
1779837374.829453,spill,FileSystemStorage,524288,1,524533,472672,267285
1779837374.829614,spill,FileSystemStorage,524288,3,1573599,1449580,1016167
1779837374.830141,spill,FileSystemStorage,524288,2,1049066,1040445,609314
1779837374.830498,spill,FileSystemStorage,524288,2,1049066,783112,514249
1779837374.830536,spill,FileSystemStorage,524288,1,524533,534697,310771
1779837374.830943,spill,FileSystemStorage,524288,1,524533,505777,285300
1779837374.831277,spill,FileSystemStorage,524288,1,524533,460174,257980
1779837374.831508,spill,FileSystemStorage,524288,1,524533,596147,345128
1779837374.831794,spill,FileSystemStorage,524288,1,524533,512829,284406
1779837374.832011,spill,FileSystemStorage,524288,1,524533,434071,254229
1779837374.832391,spill,FileSystemStorage,524288,1,524533,551294,354159
1779837374.833063,spill,FileSystemStorage,524288,2,1049066,997948,661148
1779837374.833103,spill,FileSystemStorage,524288,2,1049066,792626,513709
1779837374.833217,spill,FileSystemStorage,524288,1,524533,537498,317392
1779837374.833903,spill,FileSystemStorage,524288,1,524533,545841,360681
1779837374.833930,spill,FileSystemStorage,524288,1,524533,455561,287644
1779837374.834583,spill,FileSystemStorage,524288,2,1049066,979399,634977
1779837374.834736,spill,FileSystemStorage,524288,1,524533,483823,276955
1779837374.834787,spill,FileSystemStorage,524288,1,524533,584820,307327
1779837374.835496,spill,FileSystemStorage,524288,1,524533,559348,292144
1779837374.835912,spill,FileSystemStorage,524288,2,1049066,829721,560298
1779837374.835924,spill,FileSystemStorage,524288,2,1049066,788460,533563
1779837374.836658,spill,FileSystemStorage,524288,1,524533,400531,251232
1779837374.836812,spill,FileSystemStorage,524288,2,1049066,829972,521399
1779837374.837256,spill,FileSystemStorage,524288,2,1049066,985651,548980
1779837374.837366,spill,FileSystemStorage,524288,1,524533,435888,256713
1779837374.837978,spill,FileSystemStorage,524288,2,1049066,826279,564734
1779837374.838364,spill,FileSystemStorage,524288,2,1049066,792658,558341
1779837374.838400,spill,FileSystemStorage,524288,2,1049066,753260,506653
1779837374.839186,spill,FileSystemStorage,524288,2,1049066,886594,581185
1779837374.839491,spill,FileSystemStorage,524288,2,1049066,808249,532910
1779837374.839512,spill,FileSystemStorage,524288,2,1049066,865643,582798
1779837374.840325,spill,FileSystemStorage,524288,1,524533,466886,279870
1779837374.840533,spill,FileSystemStorage,524288,1,524533,421805,275073
1779837374.840758,spill,FileSystemStorage,524288,2,1049066,833534,564291
1779837374.841089,spill,FileSystemStorage,524288,1,524533,412884,251289
1779837374.841486,spill,FileSystemStorage,524288,1,524533,444711,269206
1779837374.841643,spill,FileSystemStorage,524288,1,524533,448038,276660
1779837374.842174,spill,FileSystemStorage,524288,1,524533,437777,268251
1779837374.842200,spill,FileSystemStorage,524288,2,1049066,767620,519640
1779837374.842753,spill,FileSystemStorage,524288,2,1049066,785249,539282
1779837374.843223,spill,FileSystemStorage,524288,2,1049066,797345,539625
1779837374.843424,spill,FileSystemStorage,524288,2,1049066,838521,561944
1779837374.843477,spill,FileSystemStorage,524288,1,524533,448338,270631
1779837374.844244,spill,FileSystemStorage,524288,1,524533,553634,301132
1779837374.844343,spill,FileSystemStorage,524288,1,524533,438180,283855
1779837374.844629,spill,FileSystemStorage,524288,2,1049066,826119,530844
1779837374.845111,spill,FileSystemStorage,524288,1,524533,431869,287732
1779837374.845455,spill,FileSystemStorage,524288,2,1049066,906683,554101
1779837374.845494,spill,FileSystemStorage,524288,1,524533,441039,267557
1779837374.845945,spill,FileSystemStorage,524288,1,524533,561543,249256
1779837374.846696,spill,FileSystemStorage,524288,2,1049066,804846,543561
1779837374.846709,spill,FileSystemStorage,524288,1,524533,442113,282707
1779837374.846758,spill,FileSystemStorage,524288,2,1049066,832368,559539
1779837374.847518,spill,FileSystemStorage,524288,1,524533,498816,303829
1779837374.847580,spill,FileSystemStorage,524288,1,524533,464275,283868
1779837374.848115,spill,FileSystemStorage,524288,2,1049066,817602,535696
1779837374.848297,spill,FileSystemStorage,524288,1,524533,447509,292025
1779837374.848346,spill,FileSystemStorage,524288,1,524533,468123,283349
1779837374.848929,spill,FileSystemStorage,524288,1,524533,514835,287128
1779837374.849024,spill,FileSystemStorage,524288,1,524533,455285,271823
1779837374.849443,spill,FileSystemStorage,524288,2,1049066,778523,519784
1779837374.849689,spill,FileSystemStorage,524288,1,524533,433008,257646
1779837374.849759,spill,FileSystemStorage,524288,1,524533,428486,257891
1779837374.850262,spill,FileSystemStorage,524288,1,524533,465080,276312
1779837374.850388,spill,FileSystemStorage,524288,1,524533,460502,286184
1779837374.850792,spill,FileSystemStorage,524288,2,1049066,776117,506748
1779837374.851001,spill,FileSystemStorage,524288,1,524533,468819,278341
1779837374.851150,spill,FileSystemStorage,524288,1,524533,472428,282766
1779837374.851810,spill,FileSystemStorage,524288,1,524533,417277,257389
1779837374.851931,spill,FileSystemStorage,524288,1,524533,429498,262623
1779837374.852644,spill,FileSystemStorage,524288,2,1049066,853870,564728
1779837374.852723,spill,FileSystemStorage,524288,1,524533,417968,254034
1779837374.852967,spill,FileSystemStorage,524288,1,524533,491507,252453
1779837374.853549,spill,FileSystemStorage,524288,1,524533,457941,278719
1779837374.853976,spill,FileSystemStorage,524288,2,1049066,859995,584115
1779837374.854037,spill,FileSystemStorage,524288,1,524533,507513,308906
1779837374.854216,spill,FileSystemStorage,524288,1,524533,417245,241513
1779837374.854693,spill,FileSystemStorage,524288,1,524533,441315,267445
1779837374.855398,spill,FileSystemStorage,524288,2,1049066,839123,571305
1779837374.855435,spill,FileSystemStorage,524288,1,524533,471024,280931
1779837374.855448,spill,FileSystemStorage,524288,2,1049066,914371,625381
1779837374.856263,spill,FileSystemStorage,524288,1,524533,442317,269500
1779837374.856308,spill,FileSystemStorage,524288,1,524533,546958,356200
1779837374.856553,spill,FileSystemStorage,524288,1,524533,499337,275529
1779837374.856918,spill,FileSystemStorage,524288,1,524533,373837,236783
1779837374.857620,spill,FileSystemStorage,524288,2,1049066,889076,617062
1779837374.857751,spill,FileSystemStorage,524288,1,524533,605863,342892
1779837374.857877,spill,FileSystemStorage,524288,1,524533,612706,310171
1779837374.859122,spill,FileSystemStorage,524288,2,1049066,806250,575603
1779837374.859159,spill,FileSystemStorage,524288,2,1049066,1065905,781853
1779837374.859380,spill,FileSystemStorage,524288,2,1049066,1042246,692794
1779837374.860366,spill,FileSystemStorage,524288,1,524533,529673,319115
1779837374.860491,spill,FileSystemStorage,524288,1,524533,635219,383899
1779837374.861143,spill,FileSystemStorage,524288,1,524533,488469,299756
1779837374.861218,spill,FileSystemStorage,524288,3,1573599,1449789,1016954
1779837374.861353,spill,FileSystemStorage,524288,1,524533,539831,319229
1779837374.861909,spill,FileSystemStorage,524288,1,524533,465838,296977
1779837374.862141,spill,FileSystemStorage,524288,1,524533,614703,378572
1779837374.862289,spill,FileSystemStorage,524288,1,524533,569754,304919
1779837374.863044,spill,FileSystemStorage,524288,1,524533,554894,320165
1779837374.863182,spill,FileSystemStorage,524288,2,1049066,891480,597384
1779837374.863483,spill,FileSystemStorage,524288,2,1049066,878382,596044
1779837374.863885,spill,FileSystemStorage,524288,1,524533,491723,280224
1779837374.864557,spill,FileSystemStorage,524288,1,524533,587026,364406
1779837374.864779,spill,FileSystemStorage,524288,1,524533,496885,305209
1779837374.864804,spill,FileSystemStorage,524288,2,1049066,838917,575887
1779837374.865761,spill,FileSystemStorage,524288,1,524533,613850,377227
1779837374.866001,spill,FileSystemStorage,524288,2,1049066,975012,672225
1779837374.866048,spill,FileSystemStorage,524288,2,1049066,859461,581453
1779837374.866831,spill,FileSystemStorage,524288,1,524533,631965,374577
1779837374.866893,spill,FileSystemStorage,524288,1,524533,511499,318478
1779837374.866908,spill,FileSystemStorage,524288,1,524533,555350,352741
1779837374.867761,spill,FileSystemStorage,524288,1,524533,453739,297974
1779837374.867755,spill,FileSystemStorage,524288,1,524533,618817,380325
1779837374.867848,spill,FileSystemStorage,524288,1,524533,576055,345774
1779837374.868871,spill,FileSystemStorage,524288,1,524533,575545,390352
1779837374.869090,spill,FileSystemStorage,524288,2,1049066,840756,580715
1779837374.869239,spill,FileSystemStorage,524288,2,1049066,878554,597744
1779837374.869656,spill,FileSystemStorage,524288,1,524533,402660,238586
1779837374.869893,spill,FileSystemStorage,524288,1,524533,437294,280981
1779837374.870456,spill,FileSystemStorage,524288,1,524533,555062,375814
1779837374.870495,spill,FileSystemStorage,524288,1,524533,530844,342055
1779837374.870611,spill,FileSystemStorage,524288,1,524533,459847,298413
1779837374.871292,spill,FileSystemStorage,524288,1,524533,565912,364760
1779837374.871452,spill,FileSystemStorage,524288,1,524533,448289,288478
1779837374.871502,spill,FileSystemStorage,524288,1,524533,507391,301901
1779837374.872739,spill,FileSystemStorage,524288,1,524533,454419,290431
1779837374.872964,spill,FileSystemStorage,524288,1,524533,596762,370988
1779837374.873146,spill,FileSystemStorage,524288,2,1049066,966492,683614
1779837374.873881,spill,FileSystemStorage,524288,1,524533,456534,277462
1779837374.873898,spill,FileSystemStorage,524288,2,1049066,819095,558828
1779837374.874300,spill,FileSystemStorage,524288,1,524533,456656,277162
1779837374.874620,spill,FileSystemStorage,524288,1,524533,450005,300099
1779837374.875246,spill,FileSystemStorage,524288,2,1049066,1001812,672619
1779837374.875250,spill,FileSystemStorage,524288,1,524533,634208,385208
1779837374.875391,spill,FileSystemStorage,524288,1,524533,518148,257228
1779837374.876111,spill,FileSystemStorage,524288,1,524533,570958,232790
1779837374.876913,spill,FileSystemStorage,524288,1,524533,480410,263032
1779837374.877405,spill,FileSystemStorage,524288,2,1049066,1005700,617310
1779837374.877405,spill,FileSystemStorage,524288,1,524533,799546,348876
1779837374.877612,spill,FileSystemStorage,524288,1,524533,465769,260027
1779837374.878287,spill,FileSystemStorage,524288,1,524533,417930,286013
1779837374.878391,spill,FileSystemStorage,524288,1,524533,614424,352206
1779837374.878714,spill,FileSystemStorage,524288,2,1049066,913503,612778
1779837374.879051,spill,FileSystemStorage,524288,1,524533,470064,327628
1779837374.879301,spill,FileSystemStorage,524288,1,524533,564674,356618
1779837374.879855,spill,FileSystemStorage,524288,2,1049066,777038,512197
1779837374.879933,spill,FileSystemStorage,524288,1,524533,456784,291173
1779837374.880705,spill,FileSystemStorage,524288,1,524533,575940,359142
1779837374.881000,spill,FileSystemStorage,524288,1,524533,420265,282944
1779837374.881078,spill,FileSystemStorage,524288,2,1049066,907836,607170
1779837374.881468,spill,FileSystemStorage,524288,1,524533,441273,249273
1779837374.881958,spill,FileSystemStorage,524288,1,524533,444763,305617
1779837374.882352,spill,FileSystemStorage,524288,1,524533,571305,364551
1779837374.882365,spill,FileSystemStorage,524288,2,1049066,926994,640549
1779837374.883060,spill,FileSystemStorage,524288,2,1049066,837661,602685
1779837374.883287,spill,FileSystemStorage,524288,1,524533,648645,398274
1779837374.883637,spill,FileSystemStorage,524288,2,1049066,949862,648588
1779837374.883952,spill,FileSystemStorage,524288,1,524533,448315,279573
1779837374.884665,spill,FileSystemStorage,524288,1,524533,436129,297511
1779837374.884812,spill,FileSystemStorage,524288,1,524533,624014,387183
1779837374.884939,spill,FileSystemStorage,524288,3,1573599,1313075,933710
1779837374.885825,spill,FileSystemStorage,524288,1,524533,600103,377047
1779837374.885859,spill,FileSystemStorage,524288,2,1049066,853374,580192
1779837374.886564,spill,FileSystemStorage,524288,3,1573599,1400491,1018500
1779837374.886647,spill,FileSystemStorage,524288,1,524533,456400,304271
1779837374.887132,spill,FileSystemStorage,524288,2,1049066,985088,690638
1779837374.887368,spill,FileSystemStorage,524288,1,524533,492560,282256
1779837374.887481,spill,FileSystemStorage,524288,1,524533,438172,281086
1779837374.888101,spill,FileSystemStorage,524288,1,524533,431922,272307
1779837374.888348,spill,FileSystemStorage,524288,1,524533,538556,298981
1779837374.888571,spill,FileSystemStorage,524288,2,1049066,830797,588514
1779837374.889111,spill,FileSystemStorage,524288,2,1049066,759771,518036
1779837374.889348,spill,FileSystemStorage,524288,1,524533,458959,287059
1779837374.889727,spill,FileSystemStorage,524288,3,1573599,1092910,774176
1779837374.890485,spill,FileSystemStorage,524288,2,1049066,1101360,541971
1779837374.890640,spill,FileSystemStorage,524288,1,524533,462671,283350
1779837374.890923,spill,FileSystemStorage,524288,3,1573599,1291078,886382
1779837374.891216,spill,FileSystemStorage,524288,1,524533,458982,297021
1779837374.891761,spill,FileSystemStorage,524288,2,1049066,834150,530005
1779837374.891935,spill,FileSystemStorage,524288,1,524533,400935,265401
1779837374.892327,spill,FileSystemStorage,524288,2,1049066,817807,592082
1779837374.892894,spill,FileSystemStorage,524288,2,1049066,783838,546156
1779837374.892988,spill,FileSystemStorage,524288,2,1049066,767978,539994
1779837374.893475,spill,FileSystemStorage,524288,2,1049066,837663,593301
1779837374.893587,spill,FileSystemStorage,524288,1,524533,424369,270192
1779837374.894012,spill,FileSystemStorage,524288,2,1049066,766725,528388
1779837374.894200,spill,FileSystemStorage,524288,1,524533,467749,308312
1779837374.894281,spill,FileSystemStorage,524288,1,524533,423998,264263
1779837374.894622,spill,FileSystemStorage,524288,1,524533,375325,236385
1779837374.894905,spill,FileSystemStorage,524288,1,524533,451939,304932
1779837374.895078,spill,FileSystemStorage,524288,1,524533,487079,298348
1779837374.895598,spill,FileSystemStorage,524288,2,1049066,756373,557879
1779837374.895678,spill,FileSystemStorage,524288,1,524533,466062,314860
1779837374.895833,spill,FileSystemStorage,524288,1,524533,429989,272218
1779837374.896446,spill,FileSystemStorage,524288,1,524533,429810,295010
1779837374.896478,spill,FileSystemStorage,524288,1,524533,410731,265647
1779837374.897088,spill,FileSystemStorage,524288,2,1049066,751380,521013
1779837374.897159,spill,FileSystemStorage,524288,1,524533,455063,299199
1779837374.897180,spill,FileSystemStorage,524288,1,524533,412863,264547
1779837374.897782,spill,FileSystemStorage,524288,1,524533,421933,272042
1779837374.897979,spill,FileSystemStorage,524288,1,524533,442098,305530
1779837374.898155,spill,FileSystemStorage,524288,2,1049066,732250,517431
1779837374.898483,spill,FileSystemStorage,524288,1,524533,415567,257390
1779837374.898797,spill,FileSystemStorage,524288,1,524533,402099,256639
1779837374.899070,spill,FileSystemStorage,524288,2,1049066,866404,621264
1779837374.899224,spill,FileSystemStorage,524288,1,524533,454244,276573
1779837374.899497,spill,FileSystemStorage,524288,1,524533,397111,233740
1779837374.899894,spill,FileSystemStorage,524288,1,524533,423781,261935
1779837374.900156,spill,FileSystemStorage,524288,2,1049066,792931,549296
1779837374.900570,spill,FileSystemStorage,524288,2,1049066,724321,501526
1779837374.900932,spill,FileSystemStorage,524288,1,524533,439959,263043
1779837374.901099,spill,FileSystemStorage,524288,1,524533,468378,289836
1779837374.901566,spill,FileSystemStorage,524288,2,1049066,680667,485736
1779837374.902137,spill,FileSystemStorage,524288,2,1049066,796028,586421
1779837374.902290,spill,FileSystemStorage,524288,2,1049066,768321,555271
1779837374.902544,spill,FileSystemStorage,524288,2,1049066,738330,521508
1779837374.902868,spill,FileSystemStorage,524288,1,524533,473070,297105
1779837374.903028,spill,FileSystemStorage,524288,1,524533,438479,284649
1779837374.903327,spill,FileSystemStorage,524288,1,524533,432195,262318
1779837374.903691,spill,FileSystemStorage,524288,1,524533,422297,268557
1779837374.904034,spill,FileSystemStorage,524288,2,1049066,796561,573650
1779837374.904177,spill,FileSystemStorage,524288,1,524533,438633,262645
1779837374.904426,spill,FileSystemStorage,524288,1,524533,411987,253161
1779837374.904726,spill,FileSystemStorage,524288,1,524533,439628,289563
1779837374.904822,spill,FileSystemStorage,524288,1,524533,389950,261213
1779837374.905104,spill,FileSystemStorage,524288,1,524533,393338,251432
1779837374.905461,spill,FileSystemStorage,524288,1,524533,441377,283363
1779837374.905830,spill,FileSystemStorage,524288,1,524533,450463,284592
1779837374.905832,spill,FileSystemStorage,524288,2,1049066,770528,539841
1779837374.906511,spill,FileSystemStorage,524288,2,1049066,808440,563317
1779837374.906663,spill,FileSystemStorage,524288,1,524533,439770,272690
1779837374.906666,spill,FileSystemStorage,524288,1,524533,460277,295780
1779837374.907354,spill,FileSystemStorage,524288,1,524533,553301,282770
1779837374.907512,spill,FileSystemStorage,524288,1,524533,417089,262736
1779837374.907729,spill,FileSystemStorage,524288,2,1049066,796921,504495
1779837374.908578,spill,FileSystemStorage,524288,2,1049066,749206,506702
1779837374.908603,spill,FileSystemStorage,524288,1,524533,432391,283253
1779837374.909047,spill,FileSystemStorage,524288,2,1049066,666174,470767
1779837374.909516,spill,FileSystemStorage,524288,1,524533,391282,253470
1779837374.909895,spill,FileSystemStorage,524288,2,1049066,727653,514744
1779837374.910191,spill,FileSystemStorage,524288,1,524533,394662,237353
1779837374.910695,spill,FileSystemStorage,524288,1,524533,562436,261576
1779837374.911060,spill,FileSystemStorage,524288,2,1049066,768775,534258
1779837374.912274,spill,FileSystemStorage,524288,1,524533,747044,252745
1779837374.912295,spill,FileSystemStorage,524288,1,524533,755676,270880
1779837374.913038,spill,FileSystemStorage,524288,2,1049066,994713,508562
1779837374.913762,spill,FileSystemStorage,524288,1,524533,584780,261004
1779837374.914045,spill,FileSystemStorage,524288,2,1049066,1002235,496759
1779837374.914199,spill,FileSystemStorage,524288,1,524533,600131,272562
1779837374.914919,spill,FileSystemStorage,524288,1,524533,427144,272298
1779837374.915169,spill,FileSystemStorage,524288,1,524533,451238,296174
1779837374.915342,spill,FileSystemStorage,524288,2,1049066,794557,528647
1779837374.916649,spill,FileSystemStorage,524288,2,1049066,940715,492457
1779837374.916700,spill,FileSystemStorage,524288,2,1049066,864017,519938
1779837374.917922,spill,FileSystemStorage,524288,2,1049066,907955,543847
1779837374.918168,spill,FileSystemStorage,524288,4,2098132,1731126,1016040
1779837374.918283,spill,FileSystemStorage,524288,2,1049066,956194,552803
1779837374.919005,spill,FileSystemStorage,524288,2,1049066,821441,484787
1779837374.919288,spill,FileSystemStorage,524288,1,524533,473518,297347
1779837374.919592,spill,FileSystemStorage,524288,2,1049066,800816,509729
1779837374.920039,spill,FileSystemStorage,524288,1,524533,355572,228874
1779837374.920738,spill,FileSystemStorage,524288,1,524533,541306,292637
1779837374.921096,spill,FileSystemStorage,524288,2,1049066,762317,538984
1779837374.921164,spill,FileSystemStorage,524288,1,524533,394699,262756
1779837374.921823,spill,FileSystemStorage,524288,1,524533,368258,256952
1779837374.921962,spill,FileSystemStorage,524288,2,1049066,795607,535575
1779837374.922004,spill,FileSystemStorage,524288,1,524533,417296,265097
1779837374.922840,spill,FileSystemStorage,524288,1,524533,461367,277299
1779837374.922887,spill,FileSystemStorage,524288,2,1049066,736412,526950
1779837374.923760,spill,FileSystemStorage,524288,3,1573599,1101099,772295
1779837374.923805,spill,FileSystemStorage,524288,1,524533,479895,264745
1779837374.924429,spill,FileSystemStorage,524288,3,1573599,983117,722720
1779837374.925058,spill,FileSystemStorage,524288,2,1049066,711271,495098
1779837374.925113,spill,FileSystemStorage,524288,1,524533,582425,253286
1779837374.926659,spill,FileSystemStorage,524288,1,524533,1133693,386964
1779837374.926790,spill,FileSystemStorage,524288,1,524533,581156,332325
1779837374.927277,spill,FileSystemStorage,524288,1,524533,437620,258566
1779837374.928172,spill,FileSystemStorage,524288,2,1049066,963210,486136
1779837374.929639,spill,FileSystemStorage,524288,1,524533,671597,232145
1779837374.931494,spill,FileSystemStorage,524288,2,1049066,752402,522871
1779837374.931884,spill,FileSystemStorage,524288,2,1049066,750656,514575
1779837374.932974,spill,FileSystemStorage,524288,1,524533,486113,285725
1779837374.933052,spill,FileSystemStorage,524288,2,1049066,888804,648242
1779837374.933153,spill,FileSystemStorage,524288,1,524533,629222,355619
1779837374.933824,spill,FileSystemStorage,524288,1,524533,439088,267016
1779837374.933904,spill,FileSystemStorage,524288,1,524533,417179,252313
1779837374.934573,spill,FileSystemStorage,524288,1,524533,428158,265971
1779837374.934639,spill,FileSystemStorage,524288,1,524533,426914,288331
1779837374.935945,spill,FileSystemStorage,524288,1,524533,540792,272638
1779837374.935984,spill,FileSystemStorage,524288,3,1573599,1100858,757452
1779837374.936380,spill,FileSystemStorage,524288,1,524533,764076,251332
1779837374.937508,spill,FileSystemStorage,524288,1,524533,631887,253675
1779837374.937893,spill,FileSystemStorage,524288,2,1049066,873514,514142
1779837374.938278,spill,FileSystemStorage,524288,1,524533,417342,243853
1779837374.939026,spill,FileSystemStorage,524288,1,524533,411047,278034
1779837374.939321,spill,FileSystemStorage,524288,1,524533,545065,351898
1779837374.939570,spill,FileSystemStorage,524288,1,524533,462521,266679
1779837374.940688,spill,FileSystemStorage,524288,1,524533,502501,238367
1779837374.941836,spill,FileSystemStorage,524288,2,1049066,716527,478671
1779837374.942190,spill,FileSystemStorage,524288,1,524533,419911,254153
1779837374.942311,spill,FileSystemStorage,524288,1,524533,424299,259432
1779837374.943201,spill,FileSystemStorage,524288,1,524533,456819,295689
1779837374.943402,spill,FileSystemStorage,524288,1,524533,635046,311090
1779837374.943554,spill,FileSystemStorage,524288,2,1049066,843905,574328
1779837374.944314,spill,FileSystemStorage,524288,1,524533,368797,232302
1779837374.945260,spill,FileSystemStorage,524288,2,1049066,780159,518118
1779837374.945324,spill,FileSystemStorage,524288,2,1049066,738407,507357
1779837374.946016,spill,FileSystemStorage,524288,1,524533,620145,253763
1779837374.948236,spill,FileSystemStorage,524288,1,524533,474868,272132
1779837374.948327,spill,FileSystemStorage,524288,1,524533,466970,277841
1779837374.948941,spill,FileSystemStorage,524288,6,3147198,1921850,1464589
1779837374.949450,spill,FileSystemStorage,524288,2,1049066,769329,521847
1779837374.949499,spill,FileSystemStorage,524288,1,524533,435836,258307
1779837374.949786,spill,FileSystemStorage,524288,1,524533,428233,256276
1779837374.950604,spill,FileSystemStorage,524288,1,524533,789444,258207
1779837374.952147,spill,FileSystemStorage,524288,1,524533,700143,268039
1779837374.952276,spill,FileSystemStorage,524288,5,2622665,1592590,1213832
1779837374.952976,spill,FileSystemStorage,524288,1,524533,842010,245189
1779837374.953517,spill,FileSystemStorage,524288,1,524533,366892,230171
1779837374.954823,spill,FileSystemStorage,524288,2,1049066,883960,505216
1779837374.955273,spill,FileSystemStorage,524288,2,1049066,759691,568697
1779837374.955384,spill,FileSystemStorage,524288,1,524533,514945,279017
1779837374.956780,spill,FileSystemStorage,524288,1,524533,468793,282766
1779837374.956919,spill,FileSystemStorage,524288,3,1573599,994397,708410
1779837374.957320,spill,FileSystemStorage,524288,1,524533,492032,231241
1779837374.957904,spill,FileSystemStorage,524288,2,1049066,659921,448512
1779837374.958325,spill,FileSystemStorage,524288,1,524533,418857,259125
1779837374.958652,spill,FileSystemStorage,524288,2,1049066,732901,492727
1779837374.959133,spill,FileSystemStorage,524288,1,524533,450004,291905
1779837374.959151,spill,FileSystemStorage,524288,1,524533,441550,292222
1779837374.959454,spill,FileSystemStorage,524288,1,524533,418425,223962
1779837374.960108,spill,FileSystemStorage,524288,479,251251307,158003660,114362588
1779837374.960261,spill,FileSystemStorage,524288,1,524533,394950,247860
1779837374.960611,spill,FileSystemStorage,524288,1,524533,408319,249527
1779837374.960594,spill,FileSystemStorage,524288,2,1049066,683151,487770
1779837374.961292,spill,FileSystemStorage,524288,1,524533,362997,227187
1779837374.961677,spill,FileSystemStorage,524288,1,524533,375658,245579
1779837374.961914,spill,FileSystemStorage,524288,2,1049066,753665,494532
1779837374.962368,spill,FileSystemStorage,524288,1,524533,447356,221622
1779837374.965737,spill,FileSystemStorage,524288,1,524533,467004,222555
1779837374.966106,spill,FileSystemStorage,524288,1,524533,815740,251866
1779837375.148953,spill,FileSystemStorage,524288,2,1049066,1125805,474917
1779837375.150853,spill,FileSystemStorage,524288,1,524533,502275,286594
1779837375.151313,spill,FileSystemStorage,524288,1,524533,613059,275843
1779837375.151905,spill,FileSystemStorage,524288,4,2098132,1645565,1029971
1779837375.153110,spill,FileSystemStorage,524288,1,524533,804748,272259
1779837375.153360,spill,FileSystemStorage,524288,4,2098132,1753614,1011635
1779837375.153977,spill,FileSystemStorage,524288,1,524533,678535,260712
1779837375.155270,spill,FileSystemStorage,524288,2,1049066,1119344,580124
1779837375.155344,spill,FileSystemStorage,524288,1,524533,456521,254447
1779837375.156448,spill,FileSystemStorage,524288,1,524533,480243,283466
1779837375.156467,spill,FileSystemStorage,524288,2,1049066,821650,498055
1779837375.157380,spill,FileSystemStorage,524288,1,524533,452802,289648
1779837375.157420,spill,FileSystemStorage,524288,1,524533,453714,271630
1779837375.157973,spill,FileSystemStorage,524288,2,1049066,843040,527463
1779837375.158173,spill,FileSystemStorage,524288,1,524533,417103,255376
1779837375.158643,spill,FileSystemStorage,524288,2,1049066,732051,512903
1779837375.158814,spill,FileSystemStorage,524288,1,524533,472255,261728
1779837375.159006,spill,FileSystemStorage,524288,1,524533,456439,275681
1779837375.159445,spill,FileSystemStorage,524288,1,524533,414465,245034
1779837375.160670,spill,FileSystemStorage,524288,3,1573599,1089663,747111
1779837375.161104,spill,FileSystemStorage,524288,2,1049066,769892,570464
1779837375.161129,spill,FileSystemStorage,524288,1,524533,453179,257328
1779837375.161818,spill,FileSystemStorage,524288,2,1049066,696717,458270
1779837375.162641,spill,FileSystemStorage,524288,1,524533,412269,260900
1779837375.162906,spill,FileSystemStorage,524288,2,1049066,777620,509321
1779837375.163147,spill,FileSystemStorage,524288,1,524533,484565,277485
1779837375.163726,spill,FileSystemStorage,524288,2,1049066,681611,469412
1779837375.164126,spill,FileSystemStorage,524288,1,524533,709631,260953
1779837375.164404,spill,FileSystemStorage,524288,1,524533,425735,261278
1779837375.164659,spill,FileSystemStorage,524288,1,524533,392979,240540
1779837375.165299,spill,FileSystemStorage,524288,2,1049066,725113,473815
1779837375.166448,spill,FileSystemStorage,524288,3,1573599,973282,721193
1779837375.166915,spill,FileSystemStorage,524288,2,1049066,784448,526223
1779837375.167460,spill,FileSystemStorage,524288,2,1049066,775623,504112
1779837375.167707,spill,FileSystemStorage,524288,1,524533,633382,235828
1779837375.169058,spill,FileSystemStorage,524288,1,524533,389650,259861
1779837375.170302,spill,FileSystemStorage,524288,2,1049066,865035,554697
1779837375.170328,spill,FileSystemStorage,524288,1,524533,478071,281529
1779837375.170556,spill,FileSystemStorage,524288,3,1573599,1026485,770671
1779837375.171070,spill,FileSystemStorage,524288,1,524533,480356,301913
1779837375.171096,spill,FileSystemStorage,524288,1,524533,463500,298532
1779837375.171286,spill,FileSystemStorage,524288,1,524533,429083,259175
1779837375.171985,spill,FileSystemStorage,524288,1,524533,441311,248742
1779837375.173034,spill,FileSystemStorage,524288,3,1573599,1009076,742453
1779837375.173040,spill,FileSystemStorage,524288,1,524533,467133,284306
1779837375.173753,spill,FileSystemStorage,524288,2,1049066,827183,522113
1779837375.173852,spill,FileSystemStorage,524288,1,524533,471746,296411
1779837375.173908,spill,FileSystemStorage,524288,1,524533,403449,263890
1779837375.174556,spill,FileSystemStorage,524288,1,524533,495393,296694
1779837375.174638,spill,FileSystemStorage,524288,1,524533,486306,287761
1779837375.174873,spill,FileSystemStorage,524288,1,524533,425812,281087
1779837375.176342,spill,FileSystemStorage,524288,1,524533,417938,273175
1779837375.176407,spill,FileSystemStorage,524288,1,524533,449196,256207
1779837375.177327,spill,FileSystemStorage,524288,2,1049066,654841,469898
1779837375.177991,spill,FileSystemStorage,524288,2,1049066,811360,539850
1779837375.178047,spill,FileSystemStorage,524288,1,524533,524488,314905
1779837375.178204,spill,FileSystemStorage,524288,1,524533,411972,250674
1779837375.178736,spill,FileSystemStorage,524288,1,524533,472780,290416
1779837375.178883,spill,FileSystemStorage,524288,1,524533,490992,310812
1779837375.179078,spill,FileSystemStorage,524288,1,524533,411569,278745
1779837375.179528,spill,FileSystemStorage,524288,1,524533,463080,274795
1779837375.179977,spill,FileSystemStorage,524288,1,524533,390732,240995
1779837375.180337,spill,FileSystemStorage,524288,1,524533,463854,280085
1779837375.180562,spill,FileSystemStorage,524288,1,524533,484909,293791
1779837375.180629,spill,FileSystemStorage,524288,1,524533,395792,261408
1779837375.181329,spill,FileSystemStorage,524288,1,524533,413317,241345
1779837375.181567,spill,FileSystemStorage,524288,1,524533,412388,232812
1779837375.181821,spill,FileSystemStorage,524288,1,524533,362371,235437
1779837375.182234,spill,FileSystemStorage,524288,1,524533,418832,237254
1779837375.182564,spill,FileSystemStorage,524288,1,524533,431018,261088
1779837375.182921,spill,FileSystemStorage,524288,1,524533,394136,258360
1779837375.183359,spill,FileSystemStorage,524288,1,524533,413174,237573
1779837375.185122,spill,FileSystemStorage,524288,1,524533,512506,248482
1779837375.185712,spill,FileSystemStorage,524288,1,524533,470692,235839
1779837375.186512,spill,FileSystemStorage,524288,1,524533,532106,245284
1779837375.187210,spill,FileSystemStorage,524288,1,524533,427995,266489
1779837375.187635,spill,FileSystemStorage,524288,1,524533,511121,263029
1779837375.187849,spill,FileSystemStorage,524288,1,524533,459013,253773
1779837375.189402,spill,FileSystemStorage,524288,2,1049066,745419,496649
1779837375.189724,spill,FileSystemStorage,524288,1,524533,446140,244599
1779837375.190713,spill,FileSystemStorage,524288,1,524533,434891,267300
1779837375.190745,spill,FileSystemStorage,524288,1,524533,403375,261395
1779837375.191641,spill,FileSystemStorage,524288,2,1049066,945261,603815
1779837375.191851,spill,FileSystemStorage,524288,1,524533,443907,281145
1779837375.191867,spill,FileSystemStorage,524288,1,524533,451575,267652
1779837375.193357,spill,FileSystemStorage,524288,2,1049066,803198,496860
1779837375.193786,spill,FileSystemStorage,524288,2,1049066,775295,528092
1779837375.194004,spill,FileSystemStorage,524288,2,1049066,733983,531519
1779837375.195431,spill,FileSystemStorage,524288,1,524533,496434,294352
1779837375.195516,spill,FileSystemStorage,524288,2,1049066,799819,554008
1779837375.195694,spill,FileSystemStorage,524288,4,2098132,1463307,1048608
1779837375.196439,spill,FileSystemStorage,524288,1,524533,391222,252585
1779837375.196555,spill,FileSystemStorage,524288,1,524533,432392,269662
1779837375.197696,spill,FileSystemStorage,524288,3,1573599,1069170,734408
1779837375.197931,spill,FileSystemStorage,524288,2,1049066,752688,542468
1779837375.198998,spill,FileSystemStorage,524288,3,1573599,1155661,777335
1779837375.199094,spill,FileSystemStorage,524288,1,524533,498891,347454
1779837375.199158,spill,FileSystemStorage,524288,1,524533,447575,270771
1779837375.200339,spill,FileSystemStorage,524288,1,524533,447991,283996
1779837375.200457,spill,FileSystemStorage,524288,1,524533,445153,264085
1779837375.200541,spill,FileSystemStorage,524288,2,1049066,722184,511078
1779837375.201877,spill,FileSystemStorage,524288,2,1049066,823301,562394
1779837375.201894,spill,FileSystemStorage,524288,2,1049066,730088,529802
1779837375.201961,spill,FileSystemStorage,524288,1,524533,400170,266789
1779837375.202939,spill,FileSystemStorage,524288,1,524533,433588,257821
1779837375.203208,spill,FileSystemStorage,524288,1,524533,476771,284188
1779837375.203400,spill,FileSystemStorage,524288,2,1049066,786092,580636
1779837375.204066,spill,FileSystemStorage,524288,1,524533,480513,238689
1779837375.205162,spill,FileSystemStorage,524288,2,1049066,714938,524177
1779837375.205165,spill,FileSystemStorage,524288,1,524533,493784,308658
1779837375.205249,spill,FileSystemStorage,524288,3,1573599,1039446,752959
1779837375.206184,spill,FileSystemStorage,524288,1,524533,455256,284301
1779837375.206327,spill,FileSystemStorage,524288,1,524533,414582,271223
1779837375.206353,spill,FileSystemStorage,524288,1,524533,437987,266831
1779837375.207113,spill,FileSystemStorage,524288,1,524533,479292,325288
1779837375.207170,spill,FileSystemStorage,524288,1,524533,479392,304901
1779837375.207435,spill,FileSystemStorage,524288,2,1049066,799176,551859
1779837375.208292,spill,FileSystemStorage,524288,1,524533,403817,248150
1779837375.208562,spill,FileSystemStorage,524288,1,524533,415394,257715
1779837375.208573,spill,FileSystemStorage,524288,2,1049066,755315,539497
1779837375.209206,spill,FileSystemStorage,524288,1,524533,389230,254628
1779837375.209375,spill,FileSystemStorage,524288,2,1049066,709054,494395
1779837375.209806,spill,FileSystemStorage,524288,1,524533,398900,252902
1779837375.210104,spill,FileSystemStorage,524288,1,524533,380639,247263
1779837375.210216,spill,FileSystemStorage,524288,1,524533,398108,239448
1779837375.211215,spill,FileSystemStorage,524288,1,524533,457195,293134
1779837375.211270,spill,FileSystemStorage,524288,1,524533,484560,316867
1779837375.211337,spill,FileSystemStorage,524288,2,1049066,803204,544574
1779837375.212365,spill,FileSystemStorage,524288,1,524533,423382,264246
1779837375.212629,spill,FileSystemStorage,524288,2,1049066,729442,525294
1779837375.213140,spill,FileSystemStorage,524288,2,1049066,746341,497730
1779837375.213616,spill,FileSystemStorage,524288,1,524533,452566,274976
1779837375.213660,spill,FileSystemStorage,524288,2,1049066,737745,502415
1779837375.214178,spill,FileSystemStorage,524288,2,1049066,675613,482843
1779837375.215306,spill,FileSystemStorage,524288,2,1049066,948755,472258
1779837375.216210,spill,FileSystemStorage,524288,2,1049066,667144,459290
1779837375.216817,spill,FileSystemStorage,524288,2,1049066,703325,477352
1779837375.216951,spill,FileSystemStorage,524288,1,524533,495809,293828
1779837375.217109,spill,FileSystemStorage,524288,1,524533,420320,255377
1779837375.217540,spill,FileSystemStorage,524288,1,524533,385112,241164
1779837375.218552,spill,FileSystemStorage,524288,3,1573599,966983,691191
1779837375.219288,spill,FileSystemStorage,524288,1,524533,496725,307094
1779837375.219325,spill,FileSystemStorage,524288,2,1049066,742895,502837
1779837375.220195,spill,FileSystemStorage,524288,1,524533,499096,298563
1779837375.220386,spill,FileSystemStorage,524288,3,1573599,1033044,721078
1779837375.220632,spill,FileSystemStorage,524288,2,1049066,757840,540619
1779837375.221603,spill,FileSystemStorage,524288,1,524533,434831,282596
1779837375.221692,spill,FileSystemStorage,524288,1,524533,369839,243256
1779837375.222274,spill,FileSystemStorage,524288,1,524533,435523,270326
1779837375.222692,spill,FileSystemStorage,524288,1,524533,403599,260332
1779837375.223206,spill,FileSystemStorage,524288,1,524533,469861,306743
1779837375.223222,spill,FileSystemStorage,524288,3,1573599,1275984,859981
1779837375.223420,spill,FileSystemStorage,524288,1,524533,386693,245303
1779837375.224581,spill,FileSystemStorage,524288,1,524533,438031,279710
1779837375.224656,spill,FileSystemStorage,524288,1,524533,444242,286444
1779837375.225302,spill,FileSystemStorage,524288,1,524533,431514,288992
1779837375.225420,spill,FileSystemStorage,524288,1,524533,447979,274586
1779837375.225427,spill,FileSystemStorage,524288,3,1573599,1054441,744339
1779837375.226305,spill,FileSystemStorage,524288,2,1049066,734874,542207
1779837375.226550,spill,FileSystemStorage,524288,1,524533,472693,281607
1779837375.226686,spill,FileSystemStorage,524288,2,1049066,731722,522580
1779837375.227062,spill,FileSystemStorage,524288,1,524533,462776,304873
1779837375.227461,spill,FileSystemStorage,524288,1,524533,500971,293133
1779837375.227793,spill,FileSystemStorage,524288,2,1049066,740750,499093
1779837375.227985,spill,FileSystemStorage,524288,1,524533,459700,274412
1779837375.228852,spill,FileSystemStorage,524288,1,524533,411116,280607
1779837375.228893,spill,FileSystemStorage,524288,2,1049066,718275,491546
1779837375.229588,spill,FileSystemStorage,524288,2,1049066,804172,515806
1779837375.229765,spill,FileSystemStorage,524288,1,524533,385506,236180
1779837375.230020,spill,FileSystemStorage,524288,1,524533,381352,237986
1779837375.230351,spill,FileSystemStorage,524288,1,524533,386288,237602
1779837375.231129,spill,FileSystemStorage,524288,1,524533,450277,308507
1779837375.231152,spill,FileSystemStorage,524288,2,1049066,728616,535980
1779837375.231649,spill,FileSystemStorage,524288,1,524533,405746,238968
1779837375.231959,spill,FileSystemStorage,524288,1,524533,392058,233434
1779837375.232245,spill,FileSystemStorage,524288,1,524533,388654,252595
1779837375.232529,spill,FileSystemStorage,524288,1,524533,381557,237186
1779837375.233857,spill,FileSystemStorage,524288,2,1049066,689928,485619
1779837375.235197,spill,FileSystemStorage,524288,2,1049066,739845,546811
1779837375.235282,spill,FileSystemStorage,524288,1,524533,530210,316044
1779837375.235510,spill,FileSystemStorage,524288,1,524533,428248,242493
1779837375.236238,spill,FileSystemStorage,524288,1,524533,431998,249300
1779837375.236733,spill,FileSystemStorage,524288,1,524533,359217,228790
1779837375.237435,spill,FileSystemStorage,524288,1,524533,430323,241725
1779837375.237959,spill,FileSystemStorage,524288,2,1049066,648823,470665
1779837375.238084,spill,FileSystemStorage,524288,1,524533,458134,267926
1779837375.238902,spill,FileSystemStorage,524288,2,1049066,764772,513374
1779837375.239816,spill,FileSystemStorage,524288,4,2098132,1362773,1049437
1779837375.240103,spill,FileSystemStorage,524288,3,1573599,1048140,742594
1779837375.241244,spill,FileSystemStorage,524288,2,1049066,710810,508913
1779837375.241645,spill,FileSystemStorage,524288,2,1049066,670820,489882
1779837375.242117,spill,FileSystemStorage,524288,2,1049066,738510,488246
1779837375.242683,spill,FileSystemStorage,524288,2,1049066,754894,513578
1779837375.242850,spill,FileSystemStorage,524288,2,1049066,735675,523307
1779837375.244231,spill,FileSystemStorage,524288,1,524533,413653,263469
1779837375.244705,spill,FileSystemStorage,524288,4,2098132,1295149,960481
1779837375.245191,spill,FileSystemStorage,524288,2,1049066,812892,545781
1779837375.245357,spill,FileSystemStorage,524288,1,524533,410606,240265
1779837375.246297,spill,FileSystemStorage,524288,3,1573599,995004,716867
1779837375.246854,spill,FileSystemStorage,524288,2,1049066,690703,483592
1779837375.247395,spill,FileSystemStorage,524288,2,1049066,820767,575893
1779837375.247475,spill,FileSystemStorage,524288,2,1049066,750049,531919
1779837375.247753,spill,FileSystemStorage,524288,1,524533,410900,231014
1779837375.248326,spill,FileSystemStorage,524288,1,524533,495471,268980
1779837375.248625,spill,FileSystemStorage,524288,1,524533,376616,237978
1779837375.249610,spill,FileSystemStorage,524288,3,1573599,1024047,753908
1779837375.249915,spill,FileSystemStorage,524288,2,1049066,704130,486306
1779837375.250695,spill,FileSystemStorage,524288,1,524533,377207,238916
1779837375.252044,spill,FileSystemStorage,524288,3,1573599,991869,721418
1779837375.252414,spill,FileSystemStorage,524288,1,524533,504828,280176
1779837375.252872,spill,FileSystemStorage,524288,1,524533,477186,279144
1779837375.253149,spill,FileSystemStorage,524288,1,524533,374223,239546
1779837375.253564,spill,FileSystemStorage,524288,1,524533,372387,237835
1779837375.254010,spill,FileSystemStorage,524288,1,524533,390770,253905
1779837375.254110,spill,FileSystemStorage,524288,1,524533,462940,272498
1779837375.255094,spill,FileSystemStorage,524288,1,524533,504160,337431
1779837375.255386,spill,FileSystemStorage,524288,2,1049066,806970,555570
1779837375.255449,spill,FileSystemStorage,524288,3,1573599,1165581,807661
1779837375.256837,spill,FileSystemStorage,524288,2,1049066,812963,563616
1779837375.257189,spill,FileSystemStorage,524288,2,1049066,815385,535321
1779837375.257428,spill,FileSystemStorage,524288,2,1049066,828681,578240
1779837375.257898,spill,FileSystemStorage,524288,1,524533,402558,263076
1779837375.257990,spill,FileSystemStorage,524288,2,1049066,772494,531314
1779837375.258152,spill,FileSystemStorage,524288,1,524533,423612,280053
1779837375.258895,spill,FileSystemStorage,524288,1,524533,465372,310236
1779837375.259112,spill,FileSystemStorage,524288,2,1049066,771334,537712
1779837375.259727,spill,FileSystemStorage,524288,2,1049066,707536,487993
1779837375.261346,spill,FileSystemStorage,524288,2,1049066,660269,451512
1779837375.262578,spill,FileSystemStorage,524288,1,524533,607281,267374
1779837375.262824,spill,FileSystemStorage,524288,2,1049066,880146,489535
1779837375.264019,spill,FileSystemStorage,524288,1,524533,920339,305516
1779837375.264536,spill,FileSystemStorage,524288,1,524533,549211,228021
1779837375.265406,spill,FileSystemStorage,524288,1,524533,679423,236786
1779837375.265795,spill,FileSystemStorage,524288,1,524533,382983,235912
1779837375.266616,spill,FileSystemStorage,524288,1,524533,440544,278343
1779837375.267249,spill,FileSystemStorage,524288,1,524533,609195,340316
1779837375.267539,spill,FileSystemStorage,524288,1,524533,451066,285496
1779837375.267578,spill,FileSystemStorage,524288,3,1573599,1108532,825155
1779837375.268504,spill,FileSystemStorage,524288,1,524533,480496,273688
1779837375.268818,spill,FileSystemStorage,524288,2,1049066,755051,514238
1779837375.269516,spill,FileSystemStorage,524288,1,524533,392892,256651
1779837375.269586,spill,FileSystemStorage,524288,2,1049066,749630,508896
1779837375.270067,spill,FileSystemStorage,524288,2,1049066,659913,464605
1779837375.270657,spill,FileSystemStorage,524288,2,1049066,702270,491390
1779837375.270792,spill,FileSystemStorage,524288,1,524533,462446,276081
1779837375.271364,spill,FileSystemStorage,524288,2,1049066,770505,563867
1779837375.271944,spill,FileSystemStorage,524288,2,1049066,727499,497947
1779837375.272278,spill,FileSystemStorage,524288,1,524533,468974,283275
1779837375.272345,spill,FileSystemStorage,524288,1,524533,495381,296810
1779837375.272641,spill,FileSystemStorage,524288,1,524533,414657,244486
1779837375.273018,spill,FileSystemStorage,524288,1,524533,385865,247436
1779837375.273225,spill,FileSystemStorage,524288,1,524533,448363,281886
1779837375.273431,spill,FileSystemStorage,524288,1,524533,371184,242661
1779837375.274055,spill,FileSystemStorage,524288,1,524533,414468,279177
1779837375.274674,spill,FileSystemStorage,524288,2,1049066,729451,507044
1779837375.274963,spill,FileSystemStorage,524288,1,524533,441679,301656
1779837375.275012,spill,FileSystemStorage,524288,1,524533,470175,277631
1779837375.275913,spill,FileSystemStorage,524288,2,1049066,717139,498147
1779837375.276578,spill,FileSystemStorage,524288,2,1049066,737524,518859
1779837375.276608,spill,FileSystemStorage,524288,1,524533,403917,254910
1779837375.276868,spill,FileSystemStorage,524288,1,524533,404721,244760
1779837375.277429,spill,FileSystemStorage,524288,1,524533,367101,250378
1779837375.277751,spill,FileSystemStorage,524288,1,524533,397810,242200
1779837375.278160,spill,FileSystemStorage,524288,1,524533,390595,241400
1779837375.278744,spill,FileSystemStorage,524288,2,1049066,704948,513074
1779837375.278756,spill,FileSystemStorage,524288,1,524533,468348,296586
1779837375.279002,spill,FileSystemStorage,524288,1,524533,422293,262188
1779837375.279436,spill,FileSystemStorage,524288,1,524533,423966,262612
1779837375.279682,spill,FileSystemStorage,524288,1,524533,424546,285152
1779837375.279924,spill,FileSystemStorage,524288,1,524533,374929,239923
1779837375.280888,spill,FileSystemStorage,524288,1,524533,415348,262303
1779837375.280921,spill,FileSystemStorage,524288,2,1049066,752609,553660
1779837375.281211,spill,FileSystemStorage,524288,1,524533,417840,260229
1779837375.281495,spill,FileSystemStorage,524288,1,524533,381128,250663
1779837375.281771,spill,FileSystemStorage,524288,1,524533,393280,262213
1779837375.282222,spill,FileSystemStorage,524288,1,524533,407077,242607
1779837375.282605,spill,FileSystemStorage,524288,1,524533,398050,251052
1779837375.283023,spill,FileSystemStorage,524288,1,524533,439588,258070
1779837375.283346,spill,FileSystemStorage,524288,1,524533,446239,259767
1779837375.284677,spill,FileSystemStorage,524288,1,524533,415481,270325
1779837375.285613,spill,FileSystemStorage,524288,2,1049066,748450,520234
1779837375.285614,spill,FileSystemStorage,524288,1,524533,451997,272157
1779837375.285902,spill,FileSystemStorage,524288,2,1049066,761674,551989
1779837375.287392,spill,FileSystemStorage,524288,2,1049066,756518,533639
1779837375.287770,spill,FileSystemStorage,524288,1,524533,680189,257866
1779837375.288383,spill,FileSystemStorage,524288,3,1573599,1292269,741174
1779837375.288421,spill,FileSystemStorage,524288,1,524533,374163,253038
1779837375.288804,spill,FileSystemStorage,524288,1,524533,433973,251659
1779837375.289836,spill,FileSystemStorage,524288,1,524533,590423,258672
1779837375.290481,spill,FileSystemStorage,524288,1,524533,395999,263169
1779837375.290620,spill,FileSystemStorage,524288,1,524533,397736,259139
1779837375.291258,spill,FileSystemStorage,524288,2,1049066,895349,616639
1779837375.291372,spill,FileSystemStorage,524288,1,524533,482929,276813
1779837375.291395,spill,FileSystemStorage,524288,1,524533,386042,258963
1779837375.292320,spill,FileSystemStorage,524288,1,524533,416258,272515
1779837375.292996,spill,FileSystemStorage,524288,2,1049066,728629,494047
1779837375.293597,spill,FileSystemStorage,524288,2,1049066,721086,491989
1779837375.293834,spill,FileSystemStorage,524288,1,524533,404180,254242
1779837375.294160,spill,FileSystemStorage,524288,1,524533,393725,251593
1779837375.294918,spill,FileSystemStorage,524288,1,524533,437513,286982
1779837375.295332,spill,FileSystemStorage,524288,3,1573599,1084868,769869
1779837375.295766,spill,FileSystemStorage,524288,2,1049066,821829,547897
1779837375.295988,spill,FileSystemStorage,524288,1,524533,419591,273085
1779837375.297078,spill,FileSystemStorage,524288,2,1049066,766807,525080
1779837375.297909,spill,FileSystemStorage,524288,1,524533,422950,260887
1779837375.298445,spill,FileSystemStorage,524288,4,2098132,1290570,963312
1779837375.299386,spill,FileSystemStorage,524288,3,1573599,986322,714611
1779837375.299735,spill,FileSystemStorage,524288,2,1049066,692914,460871
1779837375.300022,spill,FileSystemStorage,524288,1,524533,475445,301778
1779837375.300348,spill,FileSystemStorage,524288,1,524533,353191,218667
1779837375.301146,spill,FileSystemStorage,524288,1,524533,514740,352814
1779837375.301176,spill,FileSystemStorage,524288,2,1049066,686516,476088
1779837375.301860,spill,FileSystemStorage,524288,2,1049066,645205,449402
1779837375.301936,spill,FileSystemStorage,524288,1,524533,379790,241567
1779837375.301960,spill,FileSystemStorage,524288,478,250726774,153408260,111878403
1779837375.302531,spill,FileSystemStorage,524288,1,524533,433293,265177
1779837375.303053,spill,FileSystemStorage,524288,2,1049066,668285,470796
1779837375.304138,spill,FileSystemStorage,524288,3,1573599,1016601,673502
1779837380.752113,restore,FileSystemStorage,524288,1,524533,1030340,944996
1779837380.755932,restore,FileSystemStorage,524288,1,524533,832194,758753
1779837380.759575,restore,FileSystemStorage,524288,1,524533,900367,835078
1779837380.764020,restore,FileSystemStorage,524288,1,524533,966284,892157
1779837380.766856,restore,FileSystemStorage,524288,1,524533,400301,343883
1779837380.770385,restore,FileSystemStorage,524288,1,524533,672339,627898
1779837380.773712,restore,FileSystemStorage,524288,1,524533,430783,357756
1779837380.776327,restore,FileSystemStorage,524288,1,524533,607069,557739
1779837380.778615,restore,FileSystemStorage,524288,1,524533,335365,301391
1779837380.780343,restore,FileSystemStorage,524288,1,524533,433645,360785
1779837380.781813,restore,FileSystemStorage,524288,1,524533,353459,311742
1779837380.784335,restore,FileSystemStorage,524288,1,524533,420112,345047
1779837380.786856,restore,FileSystemStorage,524288,1,524533,344418,304419
1779837380.789486,restore,FileSystemStorage,524288,1,524533,711152,638172
1779837380.792379,restore,FileSystemStorage,524288,1,524533,468556,374906
1779837380.794838,restore,FileSystemStorage,524288,1,524533,422410,374683
1779837380.798385,restore,FileSystemStorage,524288,1,524533,639291,589403
1779837380.801326,restore,FileSystemStorage,524288,1,524533,445240,368029
1779837380.804514,restore,FileSystemStorage,524288,1,524533,603546,527989
1779837380.807922,restore,FileSystemStorage,524288,1,524533,922700,859360
1779837380.810997,restore,FileSystemStorage,524288,1,524533,534672,476312
1779837380.814161,restore,FileSystemStorage,524288,1,524533,686605,611668
1779837380.817250,restore,FileSystemStorage,524288,1,524533,668170,617375
1779837380.820954,restore,FileSystemStorage,524288,1,524533,743084,666276
1779837380.824129,restore,FileSystemStorage,524288,1,524533,719195,638142
1779837380.827248,restore,FileSystemStorage,524288,1,524533,462338,396125
1779837380.831147,restore,FileSystemStorage,524288,1,524533,422441,376534
1779837380.835380,restore,FileSystemStorage,524288,1,524533,941005,886263
1779837380.839794,restore,FileSystemStorage,524288,1,524533,744169,658625
1779837380.842502,restore,FileSystemStorage,524288,1,524533,703752,628479
1779837380.845918,restore,FileSystemStorage,524288,1,524533,693889,617535
1779837380.849499,restore,FileSystemStorage,524288,1,524533,691707,644980
1779837380.853735,restore,FileSystemStorage,524288,1,524533,1081869,997702
1779837380.857145,restore,FileSystemStorage,524288,1,524533,881751,794151
1779837380.861405,restore,FileSystemStorage,524288,1,524533,782187,705047
1779837380.864337,restore,FileSystemStorage,524288,1,524533,907428,832750
1779837380.868695,restore,FileSystemStorage,524288,1,524533,683070,615687
1779837380.872648,restore,FileSystemStorage,524288,1,524533,783293,712943
1779837380.877964,restore,FileSystemStorage,524288,1,524533,1145843,1077111
1779837380.882546,restore,FileSystemStorage,524288,1,524533,388555,340363
1779837380.886784,restore,FileSystemStorage,524288,1,524533,1025846,951946
1779837380.890960,restore,FileSystemStorage,524288,1,524533,725393,652298
1779837380.895593,restore,FileSystemStorage,524288,1,524533,881165,802448
1779837380.900845,restore,FileSystemStorage,524288,1,524533,1058037,983721
1779837380.905841,restore,FileSystemStorage,524288,1,524533,667786,596842
1779837380.910219,restore,FileSystemStorage,524288,1,524533,735362,664645
1779837380.914778,restore,FileSystemStorage,524288,1,524533,547578,478611
1779837380.918844,restore,FileSystemStorage,524288,1,524533,596594,524690
1779837380.922464,restore,FileSystemStorage,524288,1,524533,763533,694530
1779837380.926153,restore,FileSystemStorage,524288,1,524533,693653,624255
1779837380.929365,restore,FileSystemStorage,524288,1,524533,671723,603779
1779837380.932461,restore,FileSystemStorage,524288,1,524533,435214,361989
1779837380.936736,restore,FileSystemStorage,524288,1,524533,731187,656587
1779837380.941010,restore,FileSystemStorage,524288,1,524533,774162,704878
1779837380.945705,restore,FileSystemStorage,524288,1,524533,740254,665416
1779837380.949946,restore,FileSystemStorage,524288,1,524533,671721,626355
1779837380.954090,restore,FileSystemStorage,524288,1,524533,754744,716361
1779837380.957688,restore,FileSystemStorage,524288,1,524533,662785,620849
1779837380.960742,restore,FileSystemStorage,524288,1,524533,823657,755658
1779837380.965360,restore,FileSystemStorage,524288,1,524533,588053,505614
1779837380.970230,restore,FileSystemStorage,524288,1,524533,719278,651160
1779837380.974858,restore,FileSystemStorage,524288,1,524533,571480,497846
1779837380.978871,restore,FileSystemStorage,524288,1,524533,622378,551450
1779837380.983096,restore,FileSystemStorage,524288,1,524533,454184,401414
1779837380.986879,restore,FileSystemStorage,524288,1,524533,534641,492724
1779837380.991684,restore,FileSystemStorage,524288,1,524533,1124481,1070072
1779837380.996085,restore,FileSystemStorage,524288,1,524533,1151099,1053042
1779837381.000885,restore,FileSystemStorage,524288,1,524533,1162008,1082735
1779837381.005392,restore,FileSystemStorage,524288,1,524533,992517,916883
1779837381.009439,restore,FileSystemStorage,524288,1,524533,719915,651849
1779837381.014337,restore,FileSystemStorage,524288,1,524533,864885,792850
1779837381.018730,restore,FileSystemStorage,524288,1,524533,562559,494061
1779837381.023590,restore,FileSystemStorage,524288,1,524533,939411,860627
1779837381.029178,restore,FileSystemStorage,524288,1,524533,1115158,1017368
1779837381.031614,restore,FileSystemStorage,524288,1,524533,812730,727851
1779837381.034731,restore,FileSystemStorage,524288,1,524533,378887,322208
1779837381.038192,restore,FileSystemStorage,524288,1,524533,371983,329330
1779837381.041498,restore,FileSystemStorage,524288,1,524533,694953,615006
1779837381.045130,restore,FileSystemStorage,524288,1,524533,729343,646027
1779837381.048193,restore,FileSystemStorage,524288,1,524533,1120177,1045374
1779837381.051545,restore,FileSystemStorage,524288,1,524533,801526,736453
1779837381.054657,restore,FileSystemStorage,524288,1,524533,394315,316900
1779837381.057925,restore,FileSystemStorage,524288,1,524533,431737,362008
1779837381.060538,restore,FileSystemStorage,524288,1,524533,503528,457035
1779837381.063476,restore,FileSystemStorage,524288,1,524533,393980,342375
1779837381.066188,restore,FileSystemStorage,524288,1,524533,336636,298950
1779837381.068307,restore,FileSystemStorage,524288,1,524533,363180,327492
1779837381.070923,restore,FileSystemStorage,524288,1,524533,371908,329750
1779837381.072988,restore,FileSystemStorage,524288,1,524533,388517,348680
1779837381.074509,restore,FileSystemStorage,524288,1,524533,343878,310192
1779837381.075594,restore,FileSystemStorage,524288,1,524533,333546,294883
1779837381.077172,restore,FileSystemStorage,524288,1,524533,343377,312542
1779837381.078735,restore,FileSystemStorage,524288,1,524533,298115,267002
1779837381.080685,restore,FileSystemStorage,524288,1,524533,356748,315092
1779837381.083380,restore,FileSystemStorage,524288,1,524533,335409,296308
1779837381.087437,restore,FileSystemStorage,524288,1,524533,547191,500846
1779837381.090224,restore,FileSystemStorage,524288,1,524533,308441,271315
1779837381.092618,restore,FileSystemStorage,524288,1,524533,422197,341361
1779837381.095448,restore,FileSystemStorage,524288,1,524533,575048,524260
1779837381.099037,restore,FileSystemStorage,524288,1,524533,602637,564021
1779837381.101846,restore,FileSystemStorage,524288,1,524533,512977,477854
1779837381.105062,restore,FileSystemStorage,524288,1,524533,765738,687275
1779837381.109199,restore,FileSystemStorage,524288,1,524533,782379,702713
1779837381.113621,restore,FileSystemStorage,524288,1,524533,718507,640382
1779837381.117043,restore,FileSystemStorage,524288,1,524533,748439,671701
1779837381.121079,restore,FileSystemStorage,524288,1,524533,723664,642232
1779837381.124495,restore,FileSystemStorage,524288,1,524533,707299,661977
1779837381.128328,restore,FileSystemStorage,524288,1,524533,852627,774208
1779837381.132951,restore,FileSystemStorage,524288,1,524533,730138,675699
1779837381.137842,restore,FileSystemStorage,524288,1,524533,692937,624386
1779837381.142596,restore,FileSystemStorage,524288,1,524533,435992,364429
1779837381.147528,restore,FileSystemStorage,524288,1,524533,1048557,974460
1779837381.152117,restore,FileSystemStorage,524288,1,524533,1194079,1089054
1779837381.156477,restore,FileSystemStorage,524288,1,524533,698674,624533
1779837381.161362,restore,FileSystemStorage,524288,1,524533,772442,703567
1779837381.165880,restore,FileSystemStorage,524288,1,524533,752480,682159
1779837381.170478,restore,FileSystemStorage,524288,1,524533,672070,603260
1779837381.174590,restore,FileSystemStorage,524288,1,524533,712529,642897
1779837381.178722,restore,FileSystemStorage,524288,1,524533,699312,628149
1779837381.182905,restore,FileSystemStorage,524288,1,524533,840101,768090
1779837381.186438,restore,FileSystemStorage,524288,1,524533,682385,637576
1779837381.190464,restore,FileSystemStorage,524288,1,524533,771012,700658
1779837381.194163,restore,FileSystemStorage,524288,1,524533,703126,634275
1779837381.197552,restore,FileSystemStorage,524288,1,524533,729462,655856
1779837381.201859,restore,FileSystemStorage,524288,1,524533,779160,707716
1779837381.205308,restore,FileSystemStorage,524288,1,524533,747485,676715
1779837381.208609,restore,FileSystemStorage,524288,1,524533,709403,636649
1779837381.212734,restore,FileSystemStorage,524288,1,524533,759194,672722
1779837381.217539,restore,FileSystemStorage,524288,1,524533,791407,722594
1779837381.222032,restore,FileSystemStorage,524288,1,524533,759087,689399
1779837381.226403,restore,FileSystemStorage,524288,1,524533,679393,637826
1779837381.230449,restore,FileSystemStorage,524288,1,524533,757920,687710
1779837381.234782,restore,FileSystemStorage,524288,1,524533,755636,685420
1779837381.239638,restore,FileSystemStorage,524288,1,524533,903218,827181
1779837381.243421,restore,FileSystemStorage,524288,1,524533,701594,626307
1779837381.248769,restore,FileSystemStorage,524288,1,524533,772708,696679
1779837381.252600,restore,FileSystemStorage,524288,1,524533,786218,712426
1779837381.256823,restore,FileSystemStorage,524288,1,524533,610667,539350
1779837381.260813,restore,FileSystemStorage,524288,1,524533,720843,650074
1779837381.265528,restore,FileSystemStorage,524288,1,524533,426227,354798
1779837381.269725,restore,FileSystemStorage,524288,1,524533,453389,378531
1779837381.274500,restore,FileSystemStorage,524288,1,524533,428064,358317
1779837381.278686,restore,FileSystemStorage,524288,1,524533,560658,489013
1779837381.282503,restore,FileSystemStorage,524288,1,524533,412190,340483
1779837381.286728,restore,FileSystemStorage,524288,1,524533,673683,599634
1779837381.289867,restore,FileSystemStorage,524288,1,524533,703203,627930
1779837381.294480,restore,FileSystemStorage,524288,1,524533,432854,361699
1779837381.299091,restore,FileSystemStorage,524288,1,524533,599101,520193
1779837381.300402,restore,FileSystemStorage,524288,1,524533,409541,351923
1779837381.302159,restore,FileSystemStorage,524288,1,524533,344473,303342
1779837381.304137,restore,FileSystemStorage,524288,1,524533,369332,329733
1779837381.306200,restore,FileSystemStorage,524288,1,524533,378906,346368
1779837381.309214,restore,FileSystemStorage,524288,1,524533,747263,675342
1779837381.313719,restore,FileSystemStorage,524288,1,524533,427586,356630
1779837381.318268,restore,FileSystemStorage,524288,1,524533,725450,650649
1779837381.322122,restore,FileSystemStorage,524288,1,524533,426080,356285
1779837381.325568,restore,FileSystemStorage,524288,1,524533,430459,360116
1779837381.328763,restore,FileSystemStorage,524288,1,524533,805439,731109
1779837381.333350,restore,FileSystemStorage,524288,1,524533,840691,772992
1779837381.338247,restore,FileSystemStorage,524288,1,524533,760344,689789
1779837381.342068,restore,FileSystemStorage,524288,1,524533,449121,374844
1779837381.344900,restore,FileSystemStorage,524288,1,524533,675281,605849
1779837381.349594,restore,FileSystemStorage,524288,1,524533,424493,355312
1779837381.354315,restore,FileSystemStorage,524288,1,524533,788811,714118
1779837385.707296,spill,FileSystemStorage,1048576,1,1048821,1339284,527206
1779837385.709898,spill,FileSystemStorage,1048576,1,1048821,1336128,531299
1779837385.710433,spill,FileSystemStorage,1048576,2,2097642,2234615,980669
1779837385.711645,spill,FileSystemStorage,1048576,1,1048821,1168430,523449
1779837385.711654,spill,FileSystemStorage,1048576,1,1048821,869975,549072
1779837385.712853,spill,FileSystemStorage,1048576,3,3146463,4443512,1474326
1779837385.713142,spill,FileSystemStorage,1048576,1,1048821,803206,516262
1779837385.713278,spill,FileSystemStorage,1048576,1,1048821,741963,489613
1779837385.714464,spill,FileSystemStorage,1048576,1,1048821,802196,537200
1779837385.714758,spill,FileSystemStorage,1048576,1,1048821,816630,569375
1779837385.715736,spill,FileSystemStorage,1048576,2,2097642,2001751,1102616
1779837385.715910,spill,FileSystemStorage,1048576,1,1048821,774915,523949
1779837385.716736,spill,FileSystemStorage,1048576,2,2097642,1933731,1055473
1779837385.718000,spill,FileSystemStorage,1048576,2,2097642,1502269,1065884
1779837385.718145,spill,FileSystemStorage,1048576,2,2097642,1608326,1096480
1779837385.718283,spill,FileSystemStorage,1048576,1,1048821,828247,554403
1779837385.719236,spill,FileSystemStorage,1048576,1,1048821,841153,576033
1779837385.719447,spill,FileSystemStorage,1048576,1,1048821,847645,566434
1779837385.720050,spill,FileSystemStorage,1048576,2,2097642,1560101,1101882
1779837385.720736,spill,FileSystemStorage,1048576,1,1048821,771745,526704
1779837385.721319,spill,FileSystemStorage,1048576,2,2097642,1476214,1039194
1779837385.721618,spill,FileSystemStorage,1048576,1,1048821,864407,599084
1779837385.721884,spill,FileSystemStorage,1048576,1,1048821,822357,502696
1779837385.723109,spill,FileSystemStorage,1048576,1,1048821,812077,569680
1779837385.723204,spill,FileSystemStorage,1048576,1,1048821,849440,564425
1779837385.724446,spill,FileSystemStorage,1048576,4,4195284,2830855,2021772
1779837385.724483,spill,FileSystemStorage,1048576,1,1048821,794460,533558
1779837385.725066,spill,FileSystemStorage,1048576,2,2097642,1494722,1030044
1779837385.725704,spill,FileSystemStorage,1048576,1,1048821,827966,559931
1779837385.725909,spill,FileSystemStorage,1048576,1,1048821,851233,533811
1779837385.726902,spill,FileSystemStorage,1048576,2,2097642,1480652,1053879
1779837385.727079,spill,FileSystemStorage,1048576,1,1048821,905482,618444
1779837385.727099,spill,FileSystemStorage,1048576,1,1048821,826253,572440
1779837385.728251,spill,FileSystemStorage,1048576,1,1048821,791069,538976
1779837385.728354,spill,FileSystemStorage,1048576,1,1048821,813298,536002
1779837385.729054,spill,FileSystemStorage,1048576,2,2097642,1566554,1103605
1779837385.729502,spill,FileSystemStorage,1048576,1,1048821,777909,511951
1779837385.730210,spill,FileSystemStorage,1048576,2,2097642,1474419,1046932
1779837385.730302,spill,FileSystemStorage,1048576,1,1048821,819155,543878
1779837385.730630,spill,FileSystemStorage,1048576,1,1048821,740991,504158
1779837385.731334,spill,FileSystemStorage,1048576,1,1048821,826658,550602
1779837385.731735,spill,FileSystemStorage,1048576,1,1048821,814097,501226
1779837385.732216,spill,FileSystemStorage,1048576,2,2097642,1570921,1115339
1779837385.732820,spill,FileSystemStorage,1048576,1,1048821,1059685,649629
1779837385.732863,spill,FileSystemStorage,1048576,1,1048821,780817,545031
1779837385.733269,spill,FileSystemStorage,1048576,1,1048821,729729,523629
1779837385.733959,spill,FileSystemStorage,1048576,1,1048821,731500,500409
1779837385.734056,spill,FileSystemStorage,1048576,1,1048821,774833,543383
1779837385.734539,spill,FileSystemStorage,1048576,1,1048821,733774,489356
1779837385.736090,spill,FileSystemStorage,1048576,2,2097642,1492757,1087090
1779837385.736311,spill,FileSystemStorage,1048576,2,2097642,1386274,1029766
1779837385.736625,spill,FileSystemStorage,1048576,3,3146463,2093412,1574501
1779837385.737119,spill,FileSystemStorage,1048576,1,1048821,694522,483746
1779837385.737772,spill,FileSystemStorage,1048576,1,1048821,754231,518239
1779837385.737771,spill,FileSystemStorage,1048576,1,1048821,797552,533862
1779837385.738833,spill,FileSystemStorage,1048576,1,1048821,777503,549870
1779837385.738944,spill,FileSystemStorage,1048576,2,2097642,1377251,1008786
1779837385.739004,spill,FileSystemStorage,1048576,1,1048821,835903,564903
1779837385.740192,spill,FileSystemStorage,1048576,1,1048821,733205,488758
1779837385.740658,spill,FileSystemStorage,1048576,1,1048821,765350,550204
1779837385.740718,spill,FileSystemStorage,1048576,1,1048821,727013,524765
1779837385.741931,spill,FileSystemStorage,1048576,1,1048821,836191,575887
1779837385.741956,spill,FileSystemStorage,1048576,2,2097642,1380235,1004795
1779837385.743127,spill,FileSystemStorage,1048576,2,2097642,1714648,1265819
1779837385.743143,spill,FileSystemStorage,1048576,1,1048821,844707,593596
1779837385.743900,spill,FileSystemStorage,1048576,2,2097642,1386012,1057103
1779837385.744427,spill,FileSystemStorage,1048576,1,1048821,698910,457838
1779837385.745047,spill,FileSystemStorage,1048576,1,1048821,891313,592691
1779837385.745645,spill,FileSystemStorage,1048576,1,1048821,726783,501732
1779837385.746001,spill,FileSystemStorage,1048576,2,2097642,1352044,994731
1779837385.747061,spill,FileSystemStorage,1048576,1,1048821,811703,556358
1779837385.747384,spill,FileSystemStorage,1048576,2,2097642,1782717,1291912
1779837385.747819,spill,FileSystemStorage,1048576,2,2097642,1434996,1024876
1779837385.748856,spill,FileSystemStorage,1048576,2,2097642,1373947,975273
1779837385.749053,spill,FileSystemStorage,1048576,1,1048821,875438,627930
1779837385.749874,spill,FileSystemStorage,1048576,2,2097642,1441238,1032484
1779837385.750682,spill,FileSystemStorage,1048576,2,2097642,1459353,1055529
1779837385.751051,spill,FileSystemStorage,1048576,1,1048821,812201,557947
1779837385.751499,spill,FileSystemStorage,1048576,2,2097642,1766013,1245343
1779837385.752125,spill,FileSystemStorage,1048576,1,1048821,691740,491792
1779837385.752930,spill,FileSystemStorage,1048576,1,1048821,817544,589856
1779837385.753070,spill,FileSystemStorage,1048576,3,3146463,1949695,1505235
1779837385.753969,spill,FileSystemStorage,1048576,2,2097642,1292808,978322
1779837385.754191,spill,FileSystemStorage,1048576,1,1048821,755166,519511
1779837385.755526,spill,FileSystemStorage,1048576,1,1048821,991754,604723
1779837385.755581,spill,FileSystemStorage,1048576,3,3146463,2097621,1529929
1779837385.755785,spill,FileSystemStorage,1048576,2,2097642,1472487,1071261
1779837385.757033,spill,FileSystemStorage,1048576,1,1048821,815794,561584
1779837385.757469,spill,FileSystemStorage,1048576,2,2097642,1450245,1082878
1779837385.757537,spill,FileSystemStorage,1048576,2,2097642,1459970,1082662
1779837385.758547,spill,FileSystemStorage,1048576,1,1048821,771503,516087
1779837385.758827,spill,FileSystemStorage,1048576,2,2097642,1418223,1002768
1779837385.759510,spill,FileSystemStorage,1048576,2,2097642,1420531,1078086
1779837385.759677,spill,FileSystemStorage,1048576,1,1048821,770992,531538
1779837385.760544,spill,FileSystemStorage,1048576,2,2097642,1339412,1013537
1779837385.760650,spill,FileSystemStorage,1048576,1,1048821,810204,546305
1779837385.761524,spill,FileSystemStorage,1048576,2,2097642,1340053,981131
1779837385.761862,spill,FileSystemStorage,1048576,1,1048821,722071,529903
1779837385.762205,spill,FileSystemStorage,1048576,1,1048821,679967,490204
1779837385.763068,spill,FileSystemStorage,1048576,1,1048821,756209,561059
1779837385.763228,spill,FileSystemStorage,1048576,2,2097642,1436071,1073781
1779837385.763911,spill,FileSystemStorage,1048576,2,2097642,1439783,1117053
1779837385.764342,spill,FileSystemStorage,1048576,1,1048821,753964,515425
1779837385.764732,spill,FileSystemStorage,1048576,2,2097642,1402016,1034619
1779837385.764868,spill,FileSystemStorage,1048576,1,1048821,672008,485186
1779837385.765618,spill,FileSystemStorage,1048576,1,1048821,692088,508537
1779837385.765924,spill,FileSystemStorage,1048576,1,1048821,697900,507793
1779837385.766819,spill,FileSystemStorage,1048576,2,2097642,1374766,1026262
1779837385.766925,spill,FileSystemStorage,1048576,1,1048821,748243,571281
1779837385.767277,spill,FileSystemStorage,1048576,2,2097642,1363959,1068409
1779837385.767989,spill,FileSystemStorage,1048576,1,1048821,729762,524189
1779837385.768464,spill,FileSystemStorage,1048576,2,2097642,1336933,1024803
1779837385.768871,spill,FileSystemStorage,1048576,2,2097642,1341146,1018300
1779837385.769145,spill,FileSystemStorage,1048576,1,1048821,686253,505397
1779837385.769513,spill,FileSystemStorage,1048576,1,1048821,696067,475367
1779837385.770243,spill,FileSystemStorage,1048576,1,1048821,710074,529997
1779837385.770515,spill,FileSystemStorage,1048576,1,1048821,726472,549414
1779837385.770811,spill,FileSystemStorage,1048576,2,2097642,1366755,1022903
1779837385.771186,spill,FileSystemStorage,1048576,1,1048821,708555,533477
1779837385.771565,spill,FileSystemStorage,1048576,1,1048821,699132,473125
1779837385.772442,spill,FileSystemStorage,1048576,1,1048821,834836,560386
1779837385.772671,spill,FileSystemStorage,1048576,1,1048821,702863,521878
1779837385.772734,spill,FileSystemStorage,1048576,2,2097642,1358304,1000957
1779837385.773536,spill,FileSystemStorage,1048576,1,1048821,724471,493700
1779837385.773794,spill,FileSystemStorage,1048576,1,1048821,746284,519134
1779837385.774539,spill,FileSystemStorage,1048576,2,2097642,1434788,1043372
1779837385.774558,spill,FileSystemStorage,1048576,1,1048821,765592,557302
1779837385.774870,spill,FileSystemStorage,1048576,1,1048821,728469,525397
1779837385.775647,spill,FileSystemStorage,1048576,1,1048821,743034,538046
1779837385.776652,spill,FileSystemStorage,1048576,2,2097642,1303465,1035130
1779837385.776790,spill,FileSystemStorage,1048576,1,1048821,718444,525664
1779837385.776870,spill,FileSystemStorage,1048576,3,3146463,2021340,1551735
1779837385.777979,spill,FileSystemStorage,1048576,1,1048821,733554,550975
1779837385.778038,spill,FileSystemStorage,1048576,1,1048821,745814,536832
1779837385.778513,spill,FileSystemStorage,1048576,2,2097642,1357543,1017032
1779837385.779029,spill,FileSystemStorage,1048576,1,1048821,758365,570231
1779837385.779135,spill,FileSystemStorage,1048576,1,1048821,757817,573478
1779837385.779589,spill,FileSystemStorage,1048576,1,1048821,732835,514545
1779837385.780233,spill,FileSystemStorage,1048576,1,1048821,729721,501746
1779837385.781191,spill,FileSystemStorage,1048576,1,1048821,705155,524265
1779837385.781581,spill,FileSystemStorage,1048576,2,2097642,1431407,1046540
1779837385.781734,spill,FileSystemStorage,1048576,2,2097642,1320065,1034763
1779837385.782569,spill,FileSystemStorage,1048576,1,1048821,707460,527371
1779837385.783024,spill,FileSystemStorage,1048576,2,2097642,1420514,1075767
1779837385.783398,spill,FileSystemStorage,1048576,2,2097642,1376600,1074327
1779837385.783614,spill,FileSystemStorage,1048576,1,1048821,746232,513608
1779837385.784266,spill,FileSystemStorage,1048576,1,1048821,789921,546923
1779837385.784641,spill,FileSystemStorage,1048576,1,1048821,709073,523116
1779837385.785042,spill,FileSystemStorage,1048576,2,2097642,1361976,1037458
1779837385.785294,spill,FileSystemStorage,1048576,1,1048821,737208,516797
1779837385.786407,spill,FileSystemStorage,1048576,1,1048821,778683,541779
1779837385.786614,spill,FileSystemStorage,1048576,2,2097642,1323617,988597
1779837385.787242,spill,FileSystemStorage,1048576,2,2097642,1620325,1122241
1779837385.787627,spill,FileSystemStorage,1048576,1,1048821,773493,553549
1779837385.788300,spill,FileSystemStorage,1048576,2,2097642,1374796,1035377
1779837385.788629,spill,FileSystemStorage,1048576,1,1048821,840250,567829
1779837385.789384,spill,FileSystemStorage,1048576,1,1048821,704853,521671
1779837385.789666,spill,FileSystemStorage,1048576,2,2097642,1354997,1045614
1779837385.789788,spill,FileSystemStorage,1048576,1,1048821,763536,545087
1779837385.790908,spill,FileSystemStorage,1048576,1,1048821,794721,590686
1779837385.791057,spill,FileSystemStorage,1048576,2,2097642,1409181,1111998
1779837385.791359,spill,FileSystemStorage,1048576,2,2097642,1427147,1126166
1779837385.792317,spill,FileSystemStorage,1048576,1,1048821,752852,531600
1779837385.792467,spill,FileSystemStorage,1048576,1,1048821,822521,605998
1779837385.792854,spill,FileSystemStorage,1048576,1,1048821,869658,650828
1779837385.793439,spill,FileSystemStorage,1048576,1,1048821,686499,509015
1779837385.793675,spill,FileSystemStorage,1048576,1,1048821,810202,551360
1779837385.794686,spill,FileSystemStorage,1048576,1,1048821,721458,539600
1779837385.794791,spill,FileSystemStorage,1048576,1,1048821,738694,569465
1779837385.794954,spill,FileSystemStorage,1048576,2,2097642,1636609,1247300
1779837385.795743,spill,FileSystemStorage,1048576,1,1048821,735366,510930
1779837385.795909,spill,FileSystemStorage,1048576,1,1048821,712050,520006
1779837385.796902,spill,FileSystemStorage,1048576,1,1048821,809894,535867
1779837385.797008,spill,FileSystemStorage,1048576,1,1048821,748791,563596
1779837385.797270,spill,FileSystemStorage,1048576,1,1048821,736019,550247
1779837385.797958,spill,FileSystemStorage,1048576,1,1048821,740954,542768
1779837385.798190,spill,FileSystemStorage,1048576,1,1048821,689817,516586
1779837385.798695,spill,FileSystemStorage,1048576,2,2097642,1369798,1070108
1779837385.799055,spill,FileSystemStorage,1048576,1,1048821,782434,567235
1779837385.799181,spill,FileSystemStorage,1048576,1,1048821,757945,578999
1779837385.800023,spill,FileSystemStorage,1048576,1,1048821,699627,527536
1779837385.800401,spill,FileSystemStorage,1048576,2,2097642,1370417,1035668
1779837385.800460,spill,FileSystemStorage,1048576,1,1048821,728580,539755
1779837385.801029,spill,FileSystemStorage,1048576,1,1048821,689509,482887
1779837385.801503,spill,FileSystemStorage,1048576,1,1048821,713742,526435
1779837385.801685,spill,FileSystemStorage,1048576,1,1048821,689201,510738
1779837385.802144,spill,FileSystemStorage,1048576,1,1048821,633336,463050
1779837385.802924,spill,FileSystemStorage,1048576,1,1048821,654102,480435
1779837385.803378,spill,FileSystemStorage,1048576,1,1048821,696968,507864
1779837385.804299,spill,FileSystemStorage,1048576,1,1048821,707147,523832
1779837385.804448,spill,FileSystemStorage,1048576,2,2097642,1301681,999226
1779837385.806142,spill,FileSystemStorage,1048576,2,2097642,1330085,997641
1779837385.806351,spill,FileSystemStorage,1048576,1,1048821,990316,548607
1779837385.807328,spill,FileSystemStorage,1048576,2,2097642,1356301,1062840
1779837385.807960,spill,FileSystemStorage,1048576,1,1048821,747196,521886
1779837385.808101,spill,FileSystemStorage,1048576,2,2097642,1357863,1076896
1779837385.809700,spill,FileSystemStorage,1048576,1,1048821,734576,548521
1779837385.809784,spill,FileSystemStorage,1048576,1,1048821,739926,553298
1779837385.809811,spill,FileSystemStorage,1048576,2,2097642,1346404,1034611
1779837385.810902,spill,FileSystemStorage,1048576,1,1048821,717895,528960
1779837385.811567,spill,FileSystemStorage,1048576,2,2097642,1351426,1029808
1779837385.811728,spill,FileSystemStorage,1048576,1,1048821,722345,532505
1779837385.812378,spill,FileSystemStorage,1048576,1,1048821,697149,500814
1779837385.813344,spill,FileSystemStorage,1048576,2,2097642,1331062,982527
1779837385.814087,spill,FileSystemStorage,1048576,2,2097642,1340853,1030307
1779837385.814699,spill,FileSystemStorage,1048576,1,1048821,693651,521250
1779837385.815265,spill,FileSystemStorage,1048576,2,2097642,1404227,1059476
1779837385.815480,spill,FileSystemStorage,1048576,1,1048821,737660,547778
1779837385.816441,spill,FileSystemStorage,1048576,2,2097642,1222710,948494
1779837385.817384,spill,FileSystemStorage,1048576,1,1048821,764123,541133
1779837385.817416,spill,FileSystemStorage,1048576,1,1048821,738108,527171
1779837385.818392,spill,FileSystemStorage,1048576,2,2097642,1339199,988360
1779837385.818391,spill,FileSystemStorage,1048576,1,1048821,707070,539161
1779837385.819131,spill,FileSystemStorage,1048576,1,1048821,795263,552287
1779837385.819549,spill,FileSystemStorage,1048576,1,1048821,778307,511303
1779837385.820543,spill,FileSystemStorage,1048576,2,2097642,1492879,922586
1779837385.821530,spill,FileSystemStorage,1048576,1,1048821,663667,464477
1779837385.822592,spill,FileSystemStorage,1048576,2,2097642,1467586,959455
1779837385.823406,spill,FileSystemStorage,1048576,1,1048821,705563,499414
1779837385.824198,spill,FileSystemStorage,1048576,1,1048821,770416,466440
1779837385.825155,spill,FileSystemStorage,1048576,1,1048821,703375,475172
1779837385.825655,spill,FileSystemStorage,1048576,1,1048821,663797,463371
1779837385.826539,spill,FileSystemStorage,1048576,1,1048821,755685,489753
1779837385.826929,spill,FileSystemStorage,1048576,1,1048821,688511,505975
1779837385.827486,spill,FileSystemStorage,1048576,1,1048821,672579,459545
1779837385.829392,spill,FileSystemStorage,1048576,1,1048821,770988,548991
1779837385.829813,spill,FileSystemStorage,1048576,3,3146463,1938507,1486200
1779837385.830622,spill,FileSystemStorage,1048576,1,1048821,685933,502415
1779837385.830819,spill,FileSystemStorage,1048576,3,3146463,1934394,1512206
1779837385.831299,spill,FileSystemStorage,1048576,1,1048821,779919,561915
1779837385.831711,spill,FileSystemStorage,1048576,1,1048821,768704,524388
1779837385.831873,spill,FileSystemStorage,1048576,1,1048821,691248,496624
1779837385.833544,spill,FileSystemStorage,1048576,1,1048821,692765,509775
1779837385.833858,spill,FileSystemStorage,1048576,2,2097642,1388260,994120
1779837385.834887,spill,FileSystemStorage,1048576,2,2097642,1395833,1087779
1779837385.835598,spill,FileSystemStorage,1048576,1,1048821,741737,508845
1779837385.836460,spill,FileSystemStorage,1048576,3,3146463,1934467,1539039
1779837385.836839,spill,FileSystemStorage,1048576,1,1048821,1060269,495769
1779837385.837563,spill,FileSystemStorage,1048576,1,1048821,934161,463311
1779837385.838038,spill,FileSystemStorage,1048576,1,1048821,701194,502190
1779837385.838528,spill,FileSystemStorage,1048576,1,1048821,673031,485735
1779837385.840126,spill,FileSystemStorage,1048576,2,2097642,1369249,1053146
1779837385.840149,spill,FileSystemStorage,1048576,1,1048821,1082178,549222
1779837385.842998,spill,FileSystemStorage,1048576,2,2097642,1574971,988890
1779837385.843925,spill,FileSystemStorage,1048576,2,2097642,1634984,1007990
1779837385.845172,spill,FileSystemStorage,1048576,1,1048821,1121387,516698
1779837385.845348,spill,FileSystemStorage,1048576,1,1048821,703385,523317
1779837385.846342,spill,FileSystemStorage,1048576,1,1048821,703888,478744
1779837385.846743,spill,FileSystemStorage,1048576,1,1048821,663706,491030
1779837385.847605,spill,FileSystemStorage,1048576,1,1048821,765182,532328
1779837385.847681,spill,FileSystemStorage,1048576,2,2097642,1444677,1069812
1779837385.848483,spill,FileSystemStorage,1048576,1,1048821,728742,498056
1779837385.850257,spill,FileSystemStorage,1048576,2,2097642,1537634,996117
1779837385.850631,spill,FileSystemStorage,1048576,2,2097642,1436264,960855
1779837385.851590,spill,FileSystemStorage,1048576,1,1048821,711931,480375
1779837385.852085,spill,FileSystemStorage,1048576,1,1048821,1129268,507313
1779837385.853137,spill,FileSystemStorage,1048576,1,1048821,664321,467067
1779837385.854205,spill,FileSystemStorage,1048576,1,1048821,1117565,476806
1779837385.855616,spill,FileSystemStorage,1048576,2,2097642,1385494,1018961
1779837385.856108,spill,FileSystemStorage,1048576,2,2097642,1406147,1061032
1779837385.856463,spill,FileSystemStorage,1048576,1,1048821,1047065,507400
1779837385.857909,spill,FileSystemStorage,1048576,1,1048821,769625,522281
1779837385.857937,spill,FileSystemStorage,1048576,1,1048821,737350,515135
1779837385.859856,spill,FileSystemStorage,1048576,2,2097642,1297845,1001440
1779837385.861024,spill,FileSystemStorage,1048576,1,1048821,866408,514586
1779837385.861413,spill,FileSystemStorage,1048576,1,1048821,886578,512082
1779837385.863168,spill,FileSystemStorage,1048576,2,2097642,1634256,1025389
1779837385.863454,spill,FileSystemStorage,1048576,1,1048821,717989,520631
1779837385.865343,spill,FileSystemStorage,1048576,2,2097642,1334395,935252
1779837385.866757,spill,FileSystemStorage,1048576,2,2097642,1386350,845245
1779837385.867003,spill,FileSystemStorage,1048576,239,250668219,161055882,117873282
1779837385.868794,spill,FileSystemStorage,1048576,3,3146463,1828612,1332081
1779837385.869046,spill,FileSystemStorage,1048576,1,1048821,682436,458461
1779837385.999983,spill,FileSystemStorage,1048576,1,1048821,874274,530004
1779837386.000040,spill,FileSystemStorage,1048576,1,1048821,974730,547554
1779837386.000619,spill,FileSystemStorage,1048576,1,1048821,1091950,472164
1779837386.003023,spill,FileSystemStorage,1048576,2,2097642,1574365,1070781
1779837386.003156,spill,FileSystemStorage,1048576,2,2097642,1620354,1185092
1779837386.003298,spill,FileSystemStorage,1048576,1,1048821,897760,594332
1779837386.005633,spill,FileSystemStorage,1048576,2,2097642,1680445,1033967
1779837386.005872,spill,FileSystemStorage,1048576,1,1048821,846327,560859
1779837386.006836,spill,FileSystemStorage,1048576,2,2097642,1489747,1025387
1779837386.007444,spill,FileSystemStorage,1048576,1,1048821,750218,522037
1779837386.007841,spill,FileSystemStorage,1048576,2,2097642,1480219,1061501
1779837386.008973,spill,FileSystemStorage,1048576,1,1048821,776463,501853
1779837386.009625,spill,FileSystemStorage,1048576,1,1048821,920836,531744
1779837386.010358,spill,FileSystemStorage,1048576,3,3146463,2050060,1553615
1779837386.010691,spill,FileSystemStorage,1048576,1,1048821,973991,492770
1779837386.011817,spill,FileSystemStorage,1048576,2,2097642,1402971,991021
1779837386.012345,spill,FileSystemStorage,1048576,1,1048821,1314323,530226
1779837386.013002,spill,FileSystemStorage,1048576,1,1048821,738376,490036
1779837386.013892,spill,FileSystemStorage,1048576,1,1048821,739708,535264
1779837386.014349,spill,FileSystemStorage,1048576,2,2097642,1415460,1018189
1779837386.014385,spill,FileSystemStorage,1048576,1,1048821,753137,516413
1779837386.015547,spill,FileSystemStorage,1048576,1,1048821,825210,568963
1779837386.015661,spill,FileSystemStorage,1048576,1,1048821,894419,589961
1779837386.016232,spill,FileSystemStorage,1048576,2,2097642,1374185,996861
1779837386.016869,spill,FileSystemStorage,1048576,1,1048821,997201,502879
1779837386.017371,spill,FileSystemStorage,1048576,1,1048821,1085678,517811
1779837386.018133,spill,FileSystemStorage,1048576,1,1048821,926213,514154
1779837386.018152,spill,FileSystemStorage,1048576,1,1048821,949073,511937
1779837386.019133,spill,FileSystemStorage,1048576,1,1048821,821200,556164
1779837386.020319,spill,FileSystemStorage,1048576,2,2097642,1372719,1027790
1779837386.021094,spill,FileSystemStorage,1048576,2,2097642,1564012,992524
1779837386.021990,spill,FileSystemStorage,1048576,1,1048821,872872,481854
1779837386.022941,spill,FileSystemStorage,1048576,1,1048821,1059589,414747
1779837386.023698,spill,FileSystemStorage,1048576,1,1048821,832901,561344
1779837386.024826,spill,FileSystemStorage,1048576,2,2097642,1413093,990168
1779837386.025696,spill,FileSystemStorage,1048576,1,1048821,842431,532269
1779837386.026097,spill,FileSystemStorage,1048576,1,1048821,757342,459471
1779837386.026958,spill,FileSystemStorage,1048576,1,1048821,920958,530792
1779837386.027338,spill,FileSystemStorage,1048576,1,1048821,778587,535958
1779837386.028204,spill,FileSystemStorage,1048576,1,1048821,763377,509701
1779837386.029491,spill,FileSystemStorage,1048576,2,2097642,1727400,963879
1779837386.030009,spill,FileSystemStorage,1048576,1,1048821,750649,518408
1779837386.030849,spill,FileSystemStorage,1048576,2,2097642,1440070,1045386
1779837386.031504,spill,FileSystemStorage,1048576,1,1048821,778505,558275
1779837386.031654,spill,FileSystemStorage,1048576,2,2097642,1436455,1116124
1779837386.033212,spill,FileSystemStorage,1048576,2,2097642,1682016,974260
1779837386.033670,spill,FileSystemStorage,1048576,1,1048821,777974,488786
1779837386.034356,spill,FileSystemStorage,1048576,1,1048821,813670,500482
1779837386.036652,spill,FileSystemStorage,1048576,1,1048821,856453,550825
1779837386.036858,spill,FileSystemStorage,1048576,3,3146463,1951811,1530103
1779837386.036965,spill,FileSystemStorage,1048576,1,1048821,968852,506420
1779837386.038173,spill,FileSystemStorage,1048576,1,1048821,737380,544203
1779837386.038246,spill,FileSystemStorage,1048576,1,1048821,783970,540799
1779837386.039659,spill,FileSystemStorage,1048576,2,2097642,1378547,995932
1779837386.039773,spill,FileSystemStorage,1048576,1,1048821,740448,497288
1779837386.040405,spill,FileSystemStorage,1048576,1,1048821,695392,498994
1779837386.041407,spill,FileSystemStorage,1048576,1,1048821,717047,462159
1779837386.042156,spill,FileSystemStorage,1048576,1,1048821,734322,507849
1779837386.042587,spill,FileSystemStorage,1048576,2,2097642,1382081,1051760
1779837386.042925,spill,FileSystemStorage,1048576,1,1048821,788108,530225
1779837386.043586,spill,FileSystemStorage,1048576,1,1048821,764189,510061
1779837386.043734,spill,FileSystemStorage,1048576,1,1048821,722356,523597
1779837386.044287,spill,FileSystemStorage,1048576,1,1048821,699304,508520
1779837386.044610,spill,FileSystemStorage,1048576,1,1048821,655885,466860
1779837386.045592,spill,FileSystemStorage,1048576,1,1048821,737315,511346
1779837386.045916,spill,FileSystemStorage,1048576,2,2097642,1283334,979977
1779837386.046900,spill,FileSystemStorage,1048576,1,1048821,773902,530827
1779837386.047336,spill,FileSystemStorage,1048576,2,2097642,1440073,1074884
1779837386.047459,spill,FileSystemStorage,1048576,1,1048821,795661,583686
1779837386.048255,spill,FileSystemStorage,1048576,1,1048821,774293,536351
1779837386.048498,spill,FileSystemStorage,1048576,1,1048821,719023,493061
1779837386.048836,spill,FileSystemStorage,1048576,1,1048821,702790,510416
1779837386.049520,spill,FileSystemStorage,1048576,1,1048821,780166,538303
1779837386.049752,spill,FileSystemStorage,1048576,1,1048821,741178,511790
1779837386.050208,spill,FileSystemStorage,1048576,1,1048821,714964,517619
1779837386.050613,spill,FileSystemStorage,1048576,1,1048821,776460,531011
1779837386.051363,spill,FileSystemStorage,1048576,2,2097642,1352580,1055772
1779837386.052267,spill,FileSystemStorage,1048576,1,1048821,774220,533443
1779837386.052268,spill,FileSystemStorage,1048576,2,2097642,1359559,1020088
1779837386.052956,spill,FileSystemStorage,1048576,1,1048821,682917,493745
1779837386.053748,spill,FileSystemStorage,1048576,1,1048821,739146,490377
1779837386.054125,spill,FileSystemStorage,1048576,1,1048821,755038,535698
1779837386.054175,spill,FileSystemStorage,1048576,1,1048821,726642,508739
1779837386.056046,spill,FileSystemStorage,1048576,2,2097642,1407695,1090498
1779837386.056141,spill,FileSystemStorage,1048576,1,1048821,775270,563088
1779837386.056311,spill,FileSystemStorage,1048576,2,2097642,1423785,1039693
1779837386.057422,spill,FileSystemStorage,1048576,1,1048821,729227,542454
1779837386.057518,spill,FileSystemStorage,1048576,1,1048821,813565,567139
1779837386.057600,spill,FileSystemStorage,1048576,1,1048821,775147,584885
1779837386.058529,spill,FileSystemStorage,1048576,1,1048821,776590,554627
1779837386.058573,spill,FileSystemStorage,1048576,1,1048821,786262,582631
1779837386.058624,spill,FileSystemStorage,1048576,1,1048821,738028,559603
1779837386.059658,spill,FileSystemStorage,1048576,1,1048821,783888,562321
1779837386.059805,spill,FileSystemStorage,1048576,1,1048821,801005,562859
1779837386.059951,spill,FileSystemStorage,1048576,1,1048821,765339,529048
1779837386.060803,spill,FileSystemStorage,1048576,1,1048821,735985,544734
1779837386.060805,spill,FileSystemStorage,1048576,1,1048821,750724,562461
1779837386.061147,spill,FileSystemStorage,1048576,1,1048821,664051,484435
1779837386.061798,spill,FileSystemStorage,1048576,1,1048821,749132,505917
1779837386.062221,spill,FileSystemStorage,1048576,1,1048821,729961,552089
1779837386.062443,spill,FileSystemStorage,1048576,1,1048821,734120,512634
1779837386.062847,spill,FileSystemStorage,1048576,1,1048821,725521,533262
1779837386.064523,spill,FileSystemStorage,1048576,2,2097642,1511667,963277
1779837386.065008,spill,FileSystemStorage,1048576,1,1048821,941221,485195
1779837386.066766,spill,FileSystemStorage,1048576,2,2097642,1469829,955609
1779837386.067286,spill,FileSystemStorage,1048576,1,1048821,764532,540113
1779837386.068236,spill,FileSystemStorage,1048576,2,2097642,1290785,945313
1779837386.068785,spill,FileSystemStorage,1048576,1,1048821,710783,493278
1779837386.069425,spill,FileSystemStorage,1048576,1,1048821,724326,479112
1779837386.070937,spill,FileSystemStorage,1048576,2,2097642,1537722,1053213
1779837386.071003,spill,FileSystemStorage,1048576,1,1048821,954722,562587
1779837386.072233,spill,FileSystemStorage,1048576,2,2097642,1383605,1021709
1779837386.072354,spill,FileSystemStorage,1048576,1,1048821,721212,524862
1779837386.072886,spill,FileSystemStorage,1048576,1,1048821,736126,487231
1779837386.073882,spill,FileSystemStorage,1048576,1,1048821,682646,491791
1779837386.074104,spill,FileSystemStorage,1048576,1,1048821,684803,509943
1779837386.076142,spill,FileSystemStorage,1048576,3,3146463,2027540,1560161
1779837386.076259,spill,FileSystemStorage,1048576,2,2097642,1346300,967076
1779837386.077192,spill,FileSystemStorage,1048576,1,1048821,731571,484725
1779837386.077568,spill,FileSystemStorage,1048576,1,1048821,733800,495711
1779837386.079418,spill,FileSystemStorage,1048576,1,1048821,794330,590816
1779837386.079424,spill,FileSystemStorage,1048576,1,1048821,826621,569712
1779837386.079775,spill,FileSystemStorage,1048576,3,3146463,1934659,1539107
1779837386.081085,spill,FileSystemStorage,1048576,1,1048821,888594,498570
1779837386.081537,spill,FileSystemStorage,1048576,1,1048821,797232,484440
1779837386.082237,spill,FileSystemStorage,1048576,1,1048821,758880,532926
1779837386.082273,spill,FileSystemStorage,1048576,1,1048821,748115,523804
1779837386.083139,spill,FileSystemStorage,1048576,1,1048821,704805,513035
1779837386.084689,spill,FileSystemStorage,1048576,1,1048821,727532,521624
1779837386.084730,spill,FileSystemStorage,1048576,2,2097642,1300237,1003821
1779837386.085279,spill,FileSystemStorage,1048576,1,1048821,710088,517903
1779837386.086069,spill,FileSystemStorage,1048576,1,1048821,698813,498366
1779837386.086331,spill,FileSystemStorage,1048576,1,1048821,711790,522071
1779837386.086858,spill,FileSystemStorage,1048576,1,1048821,907368,563055
1779837386.087425,spill,FileSystemStorage,1048576,1,1048821,738081,539578
1779837386.087813,spill,FileSystemStorage,1048576,2,2097642,1402111,1069621
1779837386.089033,spill,FileSystemStorage,1048576,2,2097642,1315802,1009759
1779837386.089321,spill,FileSystemStorage,1048576,1,1048821,781763,582153
1779837386.089581,spill,FileSystemStorage,1048576,2,2097642,1328068,1036979
1779837386.090048,spill,FileSystemStorage,1048576,1,1048821,730624,532008
1779837386.090372,spill,FileSystemStorage,1048576,1,1048821,765826,571933
1779837386.090583,spill,FileSystemStorage,1048576,1,1048821,707120,514422
1779837386.091066,spill,FileSystemStorage,1048576,1,1048821,752334,520918
1779837386.091471,spill,FileSystemStorage,1048576,1,1048821,791573,543283
1779837386.091631,spill,FileSystemStorage,1048576,1,1048821,729056,522084
1779837386.092581,spill,FileSystemStorage,1048576,1,1048821,671894,503034
1779837386.093796,spill,FileSystemStorage,1048576,2,2097642,1274681,969506
1779837386.093982,spill,FileSystemStorage,1048576,1,1048821,676355,497553
1779837386.094756,spill,FileSystemStorage,1048576,1,1048821,796388,554313
1779837386.094841,spill,FileSystemStorage,1048576,1,1048821,728452,540368
1779837386.095271,spill,FileSystemStorage,1048576,1,1048821,706083,526313
1779837386.096989,spill,FileSystemStorage,1048576,2,2097642,1377606,1027307
1779837386.097825,spill,FileSystemStorage,1048576,1,1048821,768846,510025
1779837386.098078,spill,FileSystemStorage,1048576,2,2097642,1514450,981329
1779837386.098629,spill,FileSystemStorage,1048576,1,1048821,939973,500545
1779837386.099310,spill,FileSystemStorage,1048576,1,1048821,694033,519912
1779837386.100298,spill,FileSystemStorage,1048576,2,2097642,1335004,965917
1779837386.101207,spill,FileSystemStorage,1048576,1,1048821,873576,478853
1779837386.101717,spill,FileSystemStorage,1048576,1,1048821,920662,498556
1779837386.103325,spill,FileSystemStorage,1048576,1,1048821,950744,590357
1779837386.103644,spill,FileSystemStorage,1048576,1,1048821,729817,499519
1779837386.104518,spill,FileSystemStorage,1048576,1,1048821,814833,518808
1779837386.104947,spill,FileSystemStorage,1048576,1,1048821,847140,521235
1779837386.105341,spill,FileSystemStorage,1048576,1,1048821,717600,475259
1779837386.106719,spill,FileSystemStorage,1048576,1,1048821,754266,521217
1779837386.107299,spill,FileSystemStorage,1048576,2,2097642,1490414,1113088
1779837386.107910,spill,FileSystemStorage,1048576,2,2097642,1306239,1000750
1779837386.109829,spill,FileSystemStorage,1048576,1,1048821,967631,540898
1779837386.109857,spill,FileSystemStorage,1048576,1,1048821,892890,549094
1779837386.109889,spill,FileSystemStorage,1048576,3,3146463,2390049,1523006
1779837386.112564,spill,FileSystemStorage,1048576,2,2097642,1479858,951891
1779837386.114147,spill,FileSystemStorage,1048576,1,1048821,948419,465821
1779837386.115675,spill,FileSystemStorage,1048576,2,2097642,1446037,1040107
1779837386.115762,spill,FileSystemStorage,1048576,1,1048821,821305,538506
1779837386.116364,spill,FileSystemStorage,1048576,2,2097642,1356971,1016552
1779837386.117162,spill,FileSystemStorage,1048576,1,1048821,672764,481796
1779837386.117535,spill,FileSystemStorage,1048576,1,1048821,768003,557307
1779837386.117751,spill,FileSystemStorage,1048576,1,1048821,686126,497392
1779837386.118497,spill,FileSystemStorage,1048576,1,1048821,650263,466604
1779837386.119067,spill,FileSystemStorage,1048576,1,1048821,790253,587964
1779837386.119787,spill,FileSystemStorage,1048576,1,1048821,738016,542163
1779837386.119880,spill,FileSystemStorage,1048576,2,2097642,1380047,1092145
1779837386.120973,spill,FileSystemStorage,1048576,1,1048821,714349,529495
1779837386.121469,spill,FileSystemStorage,1048576,1,1048821,735043,514701
1779837386.121566,spill,FileSystemStorage,1048576,2,2097642,1398945,1024724
1779837386.122315,spill,FileSystemStorage,1048576,1,1048821,852420,470050
1779837386.123342,spill,FileSystemStorage,1048576,1,1048821,768403,570885
1779837386.124144,spill,FileSystemStorage,1048576,2,2097642,1348138,1022207
1779837386.124403,spill,FileSystemStorage,1048576,1,1048821,748070,512907
1779837386.124883,spill,FileSystemStorage,1048576,1,1048821,704464,506873
1779837386.126113,spill,FileSystemStorage,1048576,2,2097642,1269484,956197
1779837386.126300,spill,FileSystemStorage,1048576,1,1048821,925688,502385
1779837386.127151,spill,FileSystemStorage,1048576,1,1048821,932102,574152
1779837386.128105,spill,FileSystemStorage,1048576,1,1048821,711561,510194
1779837386.128210,spill,FileSystemStorage,1048576,2,2097642,1424304,1027781
1779837386.128804,spill,FileSystemStorage,1048576,1,1048821,706440,495615
1779837386.129728,spill,FileSystemStorage,1048576,1,1048821,690080,512155
1779837386.130203,spill,FileSystemStorage,1048576,2,2097642,1287438,996663
1779837386.131022,spill,FileSystemStorage,1048576,1,1048821,779862,548287
1779837386.131872,spill,FileSystemStorage,1048576,2,2097642,1371531,1069124
1779837386.133125,spill,FileSystemStorage,1048576,3,3146463,2032771,1426667
1779837386.133601,spill,FileSystemStorage,1048576,1,1048821,660784,456344
1779837386.134131,spill,FileSystemStorage,1048576,1,1048821,753792,528144
1779837386.135279,spill,FileSystemStorage,1048576,2,2097642,1336100,1048525
1779837386.135733,spill,FileSystemStorage,1048576,1,1048821,720433,521921
1779837386.135742,spill,FileSystemStorage,1048576,1,1048821,787384,540342
1779837386.137455,spill,FileSystemStorage,1048576,2,2097642,1270236,931524
1779837386.139940,spill,FileSystemStorage,1048576,2,2097642,1370677,1073627
1779837386.140165,spill,FileSystemStorage,1048576,4,4195284,2649373,2013574
1779837386.141146,spill,FileSystemStorage,1048576,2,2097642,1564950,939656
1779837386.141811,spill,FileSystemStorage,1048576,1,1048821,919439,521297
1779837386.141851,spill,FileSystemStorage,1048576,1,1048821,966587,522136
1779837386.144029,spill,FileSystemStorage,1048576,2,2097642,1304136,977488
1779837386.144845,spill,FileSystemStorage,1048576,1,1048821,762575,530395
1779837386.145868,spill,FileSystemStorage,1048576,1,1048821,757862,520505
1779837386.146312,spill,FileSystemStorage,1048576,2,2097642,1336666,1046796
1779837386.147012,spill,FileSystemStorage,1048576,2,2097642,1451901,1102372
1779837386.147529,spill,FileSystemStorage,1048576,2,2097642,1313669,1007408
1779837386.148542,spill,FileSystemStorage,1048576,2,2097642,1471003,994399
1779837386.149534,spill,FileSystemStorage,1048576,1,1048821,834487,501839
1779837386.149944,spill,FileSystemStorage,1048576,1,1048821,750048,513196
1779837386.150164,spill,FileSystemStorage,1048576,1,1048821,735379,506492
1779837386.150677,spill,FileSystemStorage,1048576,1,1048821,679688,481541
1779837386.151826,spill,FileSystemStorage,1048576,1,1048821,735834,543077
1779837386.152050,spill,FileSystemStorage,1048576,2,2097642,1386777,1042984
1779837386.152275,spill,FileSystemStorage,1048576,1,1048821,721770,529487
1779837386.153464,spill,FileSystemStorage,1048576,1,1048821,710392,522738
1779837386.153754,spill,FileSystemStorage,1048576,2,2097642,1368170,1054866
1779837386.154203,spill,FileSystemStorage,1048576,1,1048821,904045,660555
1779837386.154486,spill,FileSystemStorage,1048576,1,1048821,665042,467755
1779837386.154661,spill,FileSystemStorage,1048576,239,250668219,155374293,115531766
1779837386.155361,spill,FileSystemStorage,1048576,1,1048821,682913,466201
1779837386.156365,spill,FileSystemStorage,1048576,1,1048821,650467,430682
1779837391.453511,restore,FileSystemStorage,1048576,1,1048821,1185155,1071592
1779837391.458702,restore,FileSystemStorage,1048576,1,1048821,1038401,955689
1779837391.463562,restore,FileSystemStorage,1048576,1,1048821,1255151,1169475
1779837391.468197,restore,FileSystemStorage,1048576,1,1048821,1147064,1067072
1779837391.471842,restore,FileSystemStorage,1048576,1,1048821,1001246,912241
1779837391.475671,restore,FileSystemStorage,1048576,1,1048821,824965,743062
1779837391.479034,restore,FileSystemStorage,1048576,1,1048821,647285,591250
1779837391.482679,restore,FileSystemStorage,1048576,1,1048821,579451,534093
1779837391.486354,restore,FileSystemStorage,1048576,1,1048821,571798,495307
1779837391.490560,restore,FileSystemStorage,1048576,1,1048821,942383,866122
1779837391.494890,restore,FileSystemStorage,1048576,1,1048821,940453,855490
1779837391.500279,restore,FileSystemStorage,1048576,1,1048821,1281535,1193676
1779837391.504638,restore,FileSystemStorage,1048576,1,1048821,1108567,1024602
1779837391.509235,restore,FileSystemStorage,1048576,1,1048821,1058448,977810
1779837391.514871,restore,FileSystemStorage,1048576,1,1048821,916073,819506
1779837391.520749,restore,FileSystemStorage,1048576,1,1048821,1357802,1274105
1779837391.525716,restore,FileSystemStorage,1048576,1,1048821,1062121,978283
1779837391.530169,restore,FileSystemStorage,1048576,1,1048821,953687,870415
1779837391.533601,restore,FileSystemStorage,1048576,1,1048821,988108,907553
1779837391.538174,restore,FileSystemStorage,1048576,1,1048821,952466,899761
1779837391.541280,restore,FileSystemStorage,1048576,1,1048821,905951,854031
1779837391.545642,restore,FileSystemStorage,1048576,1,1048821,966682,881588
1779837391.549564,restore,FileSystemStorage,1048576,1,1048821,940444,872797
1779837391.554663,restore,FileSystemStorage,1048576,1,1048821,968416,888121
1779837391.560400,restore,FileSystemStorage,1048576,1,1048821,1082793,995874
1779837391.565413,restore,FileSystemStorage,1048576,1,1048821,1089607,1008388
1779837391.571590,restore,FileSystemStorage,1048576,1,1048821,1121502,1031217
1779837391.576906,restore,FileSystemStorage,1048576,1,1048821,1285510,1194767
1779837391.581541,restore,FileSystemStorage,1048576,1,1048821,1121898,1038502
1779837391.586303,restore,FileSystemStorage,1048576,1,1048821,641738,562480
1779837391.591177,restore,FileSystemStorage,1048576,1,1048821,836539,772990
1779837391.595627,restore,FileSystemStorage,1048576,1,1048821,607969,523222
1779837391.599539,restore,FileSystemStorage,1048576,1,1048821,978462,914514
1779837391.604524,restore,FileSystemStorage,1048576,1,1048821,1111448,1023612
1779837391.609550,restore,FileSystemStorage,1048576,1,1048821,950862,870138
1779837391.614127,restore,FileSystemStorage,1048576,1,1048821,892208,843291
1779837391.618865,restore,FileSystemStorage,1048576,1,1048821,977569,936311
1779837391.624463,restore,FileSystemStorage,1048576,1,1048821,1496086,1390793
1779837391.628249,restore,FileSystemStorage,1048576,1,1048821,1181439,1107550
1779837391.633224,restore,FileSystemStorage,1048576,1,1048821,926877,851109
1779837391.637190,restore,FileSystemStorage,1048576,1,1048821,920951,846507
1779837391.641531,restore,FileSystemStorage,1048576,1,1048821,925343,851827
1779837391.645706,restore,FileSystemStorage,1048576,1,1048821,909219,836335
1779837391.650605,restore,FileSystemStorage,1048576,1,1048821,861115,810514
1779837391.654525,restore,FileSystemStorage,1048576,1,1048821,997564,921133
1779837391.657116,restore,FileSystemStorage,1048576,1,1048821,928820,856812
1779837391.658797,restore,FileSystemStorage,1048576,1,1048821,652704,602974
1779837391.661847,restore,FileSystemStorage,1048576,1,1048821,867113,820505
1779837391.666116,restore,FileSystemStorage,1048576,1,1048821,724167,679754
1779837391.670556,restore,FileSystemStorage,1048576,1,1048821,818289,773482
1779837391.674607,restore,FileSystemStorage,1048576,1,1048821,916188,872530
1779837391.678351,restore,FileSystemStorage,1048576,1,1048821,763828,720116
1779837391.682212,restore,FileSystemStorage,1048576,1,1048821,879253,836094
1779837391.685148,restore,FileSystemStorage,1048576,1,1048821,548278,500845
1779837391.689873,restore,FileSystemStorage,1048576,1,1048821,802005,711285
1779837391.694230,restore,FileSystemStorage,1048576,1,1048821,1000979,926707
1779837391.698819,restore,FileSystemStorage,1048576,1,1048821,995446,932462
1779837391.703409,restore,FileSystemStorage,1048576,1,1048821,1139831,1069224
1779837391.707939,restore,FileSystemStorage,1048576,1,1048821,1058205,990950
1779837391.712474,restore,FileSystemStorage,1048576,1,1048821,855392,775250
1779837391.716274,restore,FileSystemStorage,1048576,1,1048821,894318,815917
1779837391.719601,restore,FileSystemStorage,1048576,1,1048821,819631,749212
1779837391.722855,restore,FileSystemStorage,1048576,1,1048821,920259,871182
1779837391.727785,restore,FileSystemStorage,1048576,1,1048821,720603,617382
1779837391.730824,restore,FileSystemStorage,1048576,1,1048821,613317,536106
1779837391.733886,restore,FileSystemStorage,1048576,1,1048821,601098,513496
1779837391.737303,restore,FileSystemStorage,1048576,1,1048821,638074,561176
1779837391.740121,restore,FileSystemStorage,1048576,1,1048821,1177249,1088572
1779837391.743542,restore,FileSystemStorage,1048576,1,1048821,1078664,1012615
1779837391.747533,restore,FileSystemStorage,1048576,1,1048821,1053670,971677
1779837391.750614,restore,FileSystemStorage,1048576,1,1048821,607196,527700
1779837391.754075,restore,FileSystemStorage,1048576,1,1048821,571894,497375
1779837391.756422,restore,FileSystemStorage,1048576,1,1048821,783225,726638
1779837391.758488,restore,FileSystemStorage,1048576,1,1048821,618815,566898
1779837391.760598,restore,FileSystemStorage,1048576,1,1048821,689002,607103
1779837391.762917,restore,FileSystemStorage,1048576,1,1048821,606330,556338
1779837391.766032,restore,FileSystemStorage,1048576,1,1048821,571788,511868
1779837391.768675,restore,FileSystemStorage,1048576,1,1048821,724161,668634
1779837391.772322,restore,FileSystemStorage,1048576,1,1048821,936063,857497
1779837391.776725,restore,FileSystemStorage,1048576,1,1048821,948752,873926
1779837391.781075,restore,FileSystemStorage,1048576,1,1048821,1067164,988556
1779837391.784770,restore,FileSystemStorage,1048576,1,1048821,1054162,973121
1779837391.788813,restore,FileSystemStorage,1048576,1,1048821,951772,873066
1779837391.792525,restore,FileSystemStorage,1048576,1,1048821,1010539,955322
1779837391.795770,restore,FileSystemStorage,1048576,1,1048821,858753,798686
1779837391.799982,restore,FileSystemStorage,1048576,1,1048821,1029590,954424
1779837391.804891,restore,FileSystemStorage,1048576,1,1048821,921857,840686
1779837391.809967,restore,FileSystemStorage,1048576,1,1048821,989202,907714
1779837391.815648,restore,FileSystemStorage,1048576,1,1048821,1122031,1058862
1779837391.820496,restore,FileSystemStorage,1048576,1,1048821,892298,824750
1779837391.825238,restore,FileSystemStorage,1048576,1,1048821,935816,884099
1779837391.829966,restore,FileSystemStorage,1048576,1,1048821,885367,800640
1779837391.834989,restore,FileSystemStorage,1048576,1,1048821,967124,914317
1779837391.840235,restore,FileSystemStorage,1048576,1,1048821,1298085,1183516
1779837391.845130,restore,FileSystemStorage,1048576,1,1048821,1090917,1006500
1779837391.850303,restore,FileSystemStorage,1048576,1,1048821,917558,835113
1779837391.854957,restore,FileSystemStorage,1048576,1,1048821,873529,791534
1779837391.859430,restore,FileSystemStorage,1048576,1,1048821,1018872,960118
1779837391.864056,restore,FileSystemStorage,1048576,1,1048821,940424,869201
1779837391.869162,restore,FileSystemStorage,1048576,1,1048821,946788,875082
1779837391.874588,restore,FileSystemStorage,1048576,1,1048821,905096,834553
1779837391.879689,restore,FileSystemStorage,1048576,1,1048821,1211515,1134608
1779837391.885001,restore,FileSystemStorage,1048576,1,1048821,1035533,959524
1779837391.889611,restore,FileSystemStorage,1048576,1,1048821,771062,697967
1779837391.893418,restore,FileSystemStorage,1048576,1,1048821,872236,800178
1779837391.897892,restore,FileSystemStorage,1048576,1,1048821,1196353,1122786
1779837391.902542,restore,FileSystemStorage,1048576,1,1048821,929204,853850
1779837391.907532,restore,FileSystemStorage,1048576,1,1048821,1036677,957318
1779837391.912436,restore,FileSystemStorage,1048576,1,1048821,1486973,1379443
1779837391.917254,restore,FileSystemStorage,1048576,1,1048821,1145963,1058472
1779837391.922337,restore,FileSystemStorage,1048576,1,1048821,709263,636405
1779837391.926658,restore,FileSystemStorage,1048576,1,1048821,777746,704990
1779837391.930796,restore,FileSystemStorage,1048576,1,1048821,638621,565688
1779837391.935121,restore,FileSystemStorage,1048576,1,1048821,867345,789483
1779837391.939782,restore,FileSystemStorage,1048576,1,1048821,949765,859348
1779837391.944342,restore,FileSystemStorage,1048576,1,1048821,886055,813489
1779837391.949177,restore,FileSystemStorage,1048576,1,1048821,1141893,1069555
1779837391.954536,restore,FileSystemStorage,1048576,1,1048821,909845,831614
1779837391.959306,restore,FileSystemStorage,1048576,1,1048821,1038760,965717
1779837391.963680,restore,FileSystemStorage,1048576,1,1048821,850904,795333
1779837391.968279,restore,FileSystemStorage,1048576,1,1048821,958598,881696
1779837391.972496,restore,FileSystemStorage,1048576,1,1048821,866670,795477
1779837391.976358,restore,FileSystemStorage,1048576,1,1048821,623069,550890
1779837391.980614,restore,FileSystemStorage,1048576,1,1048821,1053776,979959
1779837391.984921,restore,FileSystemStorage,1048576,1,1048821,950195,873033
1779837391.989680,restore,FileSystemStorage,1048576,1,1048821,879819,808821
1779837391.993895,restore,FileSystemStorage,1048576,1,1048821,925108,853438
1779837391.998497,restore,FileSystemStorage,1048576,1,1048821,878992,806394
1779837392.002779,restore,FileSystemStorage,1048576,1,1048821,927991,852191
1779837392.006343,restore,FileSystemStorage,1048576,1,1048821,798357,726071
1779837392.008994,restore,FileSystemStorage,1048576,1,1048821,905238,831198
1779837392.012782,restore,FileSystemStorage,1048576,1,1048821,891104,830586
1779837392.017553,restore,FileSystemStorage,1048576,1,1048821,927332,854521
1779837392.022170,restore,FileSystemStorage,1048576,1,1048821,908086,836355
1779837392.026448,restore,FileSystemStorage,1048576,1,1048821,972043,928110
1779837392.030963,restore,FileSystemStorage,1048576,1,1048821,896070,823275
1779837392.035574,restore,FileSystemStorage,1048576,1,1048821,1175517,1097502
1779837392.039650,restore,FileSystemStorage,1048576,1,1048821,802108,719610
1779837392.043656,restore,FileSystemStorage,1048576,1,1048821,1013236,962443
1779837392.048342,restore,FileSystemStorage,1048576,1,1048821,1384117,1301424
1779837392.052635,restore,FileSystemStorage,1048576,1,1048821,1251560,1170021
1779837392.057399,restore,FileSystemStorage,1048576,1,1048821,1022404,945652
1779837392.062671,restore,FileSystemStorage,1048576,1,1048821,1010290,934298
1779837392.066357,restore,FileSystemStorage,1048576,1,1048821,624055,554215
1779837392.070120,restore,FileSystemStorage,1048576,1,1048821,587974,536509
1779837392.073461,restore,FileSystemStorage,1048576,1,1048821,954958,878571
1779837392.078219,restore,FileSystemStorage,1048576,1,1048821,942320,870619
1779837392.082876,restore,FileSystemStorage,1048576,1,1048821,978735,922440
1779837392.087619,restore,FileSystemStorage,1048576,1,1048821,962203,912364
1779837392.092072,restore,FileSystemStorage,1048576,1,1048821,1018934,942881
1779837392.095688,restore,FileSystemStorage,1048576,1,1048821,782280,733026
1779837392.101201,restore,FileSystemStorage,1048576,1,1048821,1009796,935763
1779837392.105942,restore,FileSystemStorage,1048576,1,1048821,1069610,997103
1779837392.110770,restore,FileSystemStorage,1048576,1,1048821,885731,841840
1779837392.116902,restore,FileSystemStorage,1048576,1,1048821,1235707,1159342
1779837392.120883,restore,FileSystemStorage,1048576,1,1048821,1015552,938525
1779837392.125673,restore,FileSystemStorage,1048576,1,1048821,961606,904036
1779837392.130050,restore,FileSystemStorage,1048576,1,1048821,877874,799810
1779837392.135578,restore,FileSystemStorage,1048576,1,1048821,1257735,1182177
1779837392.140473,restore,FileSystemStorage,1048576,1,1048821,1109513,1030676
1779837392.145043,restore,FileSystemStorage,1048576,1,1048821,1008497,940960
1779837392.150366,restore,FileSystemStorage,1048576,1,1048821,854321,786681
1779837392.155258,restore,FileSystemStorage,1048576,1,1048821,854919,779428
1779837392.159027,restore,FileSystemStorage,1048576,1,1048821,990582,915235
1779837392.164232,restore,FileSystemStorage,1048576,1,1048821,1286341,1186094
1779837392.169627,restore,FileSystemStorage,1048576,1,1048821,1109667,1032160
1779837392.174949,restore,FileSystemStorage,1048576,1,1048821,809863,729645
1779837392.179627,restore,FileSystemStorage,1048576,1,1048821,1003745,928612
1779837392.183622,restore,FileSystemStorage,1048576,1,1048821,606408,550103
1779837392.188005,restore,FileSystemStorage,1048576,1,1048821,1046847,979074
1779837392.192779,restore,FileSystemStorage,1048576,1,1048821,917822,844733
1779837392.197171,restore,FileSystemStorage,1048576,1,1048821,847792,789711
1779837392.202036,restore,FileSystemStorage,1048576,1,1048821,846753,773776
1779837392.204659,restore,FileSystemStorage,1048576,1,1048821,586376,534590
1779837392.206797,restore,FileSystemStorage,1048576,1,1048821,574168,530545
1779837392.210865,restore,FileSystemStorage,1048576,1,1048821,630102,551810
1779837392.215293,restore,FileSystemStorage,1048576,1,1048821,723089,647088
1779837392.220745,restore,FileSystemStorage,1048576,1,1048821,1263028,1175873
1779837396.472796,spill,FileSystemStorage,2097152,1,2097400,2658622,1174920
1779837396.474854,spill,FileSystemStorage,2097152,2,4194800,4738706,2090324
1779837396.475921,spill,FileSystemStorage,2097152,1,2097400,2275268,1177746
1779837396.478010,spill,FileSystemStorage,2097152,3,6292200,7929956,3324798
1779837396.478397,spill,FileSystemStorage,2097152,1,2097400,2238812,1116811
1779837396.478601,spill,FileSystemStorage,2097152,1,2097400,1484885,1047135
1779837396.480240,spill,FileSystemStorage,2097152,1,2097400,1618267,1130810
1779837396.480373,spill,FileSystemStorage,2097152,1,2097400,1581501,1121507
1779837396.480462,spill,FileSystemStorage,2097152,1,2097400,1525096,1069279
1779837396.482779,spill,FileSystemStorage,2097152,1,2097400,1495403,1083691
1779837396.483671,spill,FileSystemStorage,2097152,1,2097400,2198588,1487741
1779837396.483686,spill,FileSystemStorage,2097152,1,2097400,2200026,1476504
1779837396.485036,spill,FileSystemStorage,2097152,1,2097400,1505906,954706
1779837396.486173,spill,FileSystemStorage,2097152,1,2097400,1538181,1068015
1779837396.486590,spill,FileSystemStorage,2097152,1,2097400,1577652,1111698
1779837396.486876,spill,FileSystemStorage,2097152,1,2097400,1507117,1111255
1779837396.488005,spill,FileSystemStorage,2097152,1,2097400,1465905,1007116
1779837396.488888,spill,FileSystemStorage,2097152,1,2097400,1937716,1059434
1779837396.489346,spill,FileSystemStorage,2097152,1,2097400,1469596,1064789
1779837396.489851,spill,FileSystemStorage,2097152,1,2097400,1443435,1030582
1779837396.491056,spill,FileSystemStorage,2097152,1,2097400,1568070,1101953
1779837396.491434,spill,FileSystemStorage,2097152,1,2097400,1554353,1143322
1779837396.491842,spill,FileSystemStorage,2097152,1,2097400,1608292,1181728
1779837396.493547,spill,FileSystemStorage,2097152,1,2097400,1953027,1417269
1779837396.493577,spill,FileSystemStorage,2097152,1,2097400,1441186,1050925
1779837396.494314,spill,FileSystemStorage,2097152,1,2097400,1850135,1299620
1779837396.495295,spill,FileSystemStorage,2097152,1,2097400,1356886,1081966
1779837396.495872,spill,FileSystemStorage,2097152,1,2097400,1948652,1440305
1779837396.497375,spill,FileSystemStorage,2097152,1,2097400,1331022,981995
1779837396.498240,spill,FileSystemStorage,2097152,1,2097400,1968314,1463770
1779837396.498920,spill,FileSystemStorage,2097152,2,4194800,4240003,2567548
1779837396.499105,spill,FileSystemStorage,2097152,1,2097400,1430870,1071886
1779837396.500320,spill,FileSystemStorage,2097152,1,2097400,1555498,1077068
1779837396.500738,spill,FileSystemStorage,2097152,1,2097400,1434769,1062368
1779837396.501482,spill,FileSystemStorage,2097152,1,2097400,1455500,1061650
1779837396.502282,spill,FileSystemStorage,2097152,1,2097400,1540411,1143627
1779837396.502592,spill,FileSystemStorage,2097152,1,2097400,1504618,1127136
1779837396.503190,spill,FileSystemStorage,2097152,1,2097400,1377715,1114581
1779837396.504121,spill,FileSystemStorage,2097152,1,2097400,1511688,1142004
1779837396.504299,spill,FileSystemStorage,2097152,1,2097400,1396493,1091914
1779837396.504996,spill,FileSystemStorage,2097152,1,2097400,1335870,1006526
1779837396.506008,spill,FileSystemStorage,2097152,1,2097400,1412138,1093969
1779837396.506121,spill,FileSystemStorage,2097152,1,2097400,1443563,1089752
1779837396.506704,spill,FileSystemStorage,2097152,1,2097400,1411139,1054132
1779837396.507736,spill,FileSystemStorage,2097152,1,2097400,1415262,1075813
1779837396.507893,spill,FileSystemStorage,2097152,1,2097400,1442966,1069021
1779837396.508411,spill,FileSystemStorage,2097152,1,2097400,1403792,1035159
1779837396.510286,spill,FileSystemStorage,2097152,1,2097400,1970698,1388927
1779837396.510279,spill,FileSystemStorage,2097152,1,2097400,1929797,1448036
1779837396.510414,spill,FileSystemStorage,2097152,1,2097400,1492808,1050334
1779837396.512448,spill,FileSystemStorage,2097152,1,2097400,1511274,1069791
1779837396.512632,spill,FileSystemStorage,2097152,1,2097400,2042055,1446664
1779837396.512690,spill,FileSystemStorage,2097152,1,2097400,2048067,1399961
1779837396.514154,spill,FileSystemStorage,2097152,1,2097400,1396217,1002402
1779837396.515060,spill,FileSystemStorage,2097152,1,2097400,2030958,1537060
1779837396.515573,spill,FileSystemStorage,2097152,1,2097400,1905632,1284096
1779837396.515920,spill,FileSystemStorage,2097152,1,2097400,1454116,1018626
1779837396.517291,spill,FileSystemStorage,2097152,1,2097400,1413500,995862
1779837396.517842,spill,FileSystemStorage,2097152,1,2097400,1490340,1039152
1779837396.519274,spill,FileSystemStorage,2097152,1,2097400,2003299,1413724
1779837396.519815,spill,FileSystemStorage,2097152,1,2097400,1692237,1205132
1779837396.520434,spill,FileSystemStorage,2097152,1,2097400,1515725,1026747
1779837396.521413,spill,FileSystemStorage,2097152,1,2097400,1346859,956088
1779837396.522191,spill,FileSystemStorage,2097152,1,2097400,1404552,1009361
1779837396.523430,spill,FileSystemStorage,2097152,1,2097400,1743990,1362140
1779837396.524167,spill,FileSystemStorage,2097152,1,2097400,1712083,1118823
1779837396.524715,spill,FileSystemStorage,2097152,1,2097400,1404343,1037326
1779837396.525808,spill,FileSystemStorage,2097152,1,2097400,1650905,1294226
1779837396.526952,spill,FileSystemStorage,2097152,1,2097400,2011991,1429676
1779837396.527072,spill,FileSystemStorage,2097152,1,2097400,1540312,1103660
1779837396.528352,spill,FileSystemStorage,2097152,1,2097400,2066760,1369426
1779837396.529383,spill,FileSystemStorage,2097152,1,2097400,1432253,1055369
1779837396.529373,spill,FileSystemStorage,2097152,1,2097400,2026293,1471818
1779837396.530372,spill,FileSystemStorage,2097152,1,2097400,1667259,1045502
1779837396.531117,spill,FileSystemStorage,2097152,1,2097400,1472525,1065603
1779837396.532293,spill,FileSystemStorage,2097152,1,2097400,1981018,1455772
1779837396.532938,spill,FileSystemStorage,2097152,1,2097400,1784051,1191081
1779837396.533532,spill,FileSystemStorage,2097152,1,2097400,1466046,1058185
1779837396.534881,spill,FileSystemStorage,2097152,1,2097400,1979093,1475769
1779837396.535438,spill,FileSystemStorage,2097152,1,2097400,1807107,1279297
1779837396.535937,spill,FileSystemStorage,2097152,1,2097400,1532890,1066139
1779837396.536933,spill,FileSystemStorage,2097152,1,2097400,1565250,1025147
1779837396.537651,spill,FileSystemStorage,2097152,1,2097400,1411633,1031626
1779837396.538563,spill,FileSystemStorage,2097152,1,2097400,1429358,968916
1779837396.539548,spill,FileSystemStorage,2097152,1,2097400,1575116,1069318
1779837396.540142,spill,FileSystemStorage,2097152,1,2097400,1512383,1031597
1779837396.540969,spill,FileSystemStorage,2097152,1,2097400,1332056,1020746
1779837396.541798,spill,FileSystemStorage,2097152,1,2097400,1417169,1060989
1779837396.542510,spill,FileSystemStorage,2097152,1,2097400,1369077,955086
1779837396.543570,spill,FileSystemStorage,2097152,1,2097400,1619589,1066535
1779837396.544212,spill,FileSystemStorage,2097152,1,2097400,1439310,1038049
1779837396.545151,spill,FileSystemStorage,2097152,1,2097400,1336151,979829
1779837396.545897,spill,FileSystemStorage,2097152,1,2097400,1524362,1060488
1779837396.546694,spill,FileSystemStorage,2097152,1,2097400,1467338,1017361
1779837396.547682,spill,FileSystemStorage,2097152,1,2097400,1605895,1101263
1779837396.548327,spill,FileSystemStorage,2097152,1,2097400,1560262,1031398
1779837396.549076,spill,FileSystemStorage,2097152,1,2097400,1445780,1002430
1779837396.549994,spill,FileSystemStorage,2097152,1,2097400,1530420,1141328
1779837396.550793,spill,FileSystemStorage,2097152,1,2097400,1357076,990948
1779837396.551707,spill,FileSystemStorage,2097152,1,2097400,1402339,993127
1779837396.552909,spill,FileSystemStorage,2097152,1,2097400,1543759,1040373
1779837396.553605,spill,FileSystemStorage,2097152,1,2097400,1437504,1007880
1779837396.554563,spill,FileSystemStorage,2097152,1,2097400,1543075,1011691
1779837396.555356,spill,FileSystemStorage,2097152,1,2097400,1531199,1132173
1779837396.555999,spill,FileSystemStorage,2097152,1,2097400,1423870,1021568
1779837396.557181,spill,FileSystemStorage,2097152,1,2097400,1388996,1040493
1779837396.557792,spill,FileSystemStorage,2097152,1,2097400,1329183,1014706
1779837396.558714,spill,FileSystemStorage,2097152,1,2097400,1520368,1029191
1779837396.559498,spill,FileSystemStorage,2097152,1,2097400,1508006,1084950
1779837396.560089,spill,FileSystemStorage,2097152,1,2097400,1461863,1003057
1779837396.561023,spill,FileSystemStorage,2097152,1,2097400,1423557,975050
1779837396.561886,spill,FileSystemStorage,2097152,1,2097400,1360020,990716
1779837396.562911,spill,FileSystemStorage,2097152,1,2097400,1397622,1012657
1779837396.563549,spill,FileSystemStorage,2097152,1,2097400,1599126,1093862
1779837396.564153,spill,FileSystemStorage,2097152,1,2097400,1409515,985751
1779837396.565436,spill,FileSystemStorage,2097152,1,2097400,1373035,978106
1779837396.566104,spill,FileSystemStorage,2097152,1,2097400,1500719,1142702
1779837396.566878,spill,FileSystemStorage,2097152,1,2097400,1470943,1098302
1779837396.567654,spill,FileSystemStorage,2097152,1,2097400,1429020,1006219
1779837396.568459,spill,FileSystemStorage,2097152,1,2097400,1356655,995478
1779837396.569338,spill,FileSystemStorage,2097152,1,2097400,1404393,966186
1779837396.570309,spill,FileSystemStorage,2097152,1,2097400,1499747,986123
1779837396.571221,spill,FileSystemStorage,2097152,1,2097400,1522510,1045783
1779837396.571941,spill,FileSystemStorage,2097152,1,2097400,1528744,1039700
1779837396.572786,spill,FileSystemStorage,2097152,1,2097400,1520589,1042667
1779837396.573515,spill,FileSystemStorage,2097152,1,2097400,1497384,1014646
1779837396.574278,spill,FileSystemStorage,2097152,1,2097400,1450628,1003387
1779837396.575145,spill,FileSystemStorage,2097152,1,2097400,1529512,1059048
1779837396.575975,spill,FileSystemStorage,2097152,1,2097400,1569684,1039095
1779837396.576667,spill,FileSystemStorage,2097152,1,2097400,1408245,1009175
1779837396.577650,spill,FileSystemStorage,2097152,1,2097400,1477975,992218
1779837396.578461,spill,FileSystemStorage,2097152,1,2097400,1447789,972608
1779837396.579464,spill,FileSystemStorage,2097152,1,2097400,1512352,1056170
1779837396.580123,spill,FileSystemStorage,2097152,1,2097400,1388238,989935
1779837396.581058,spill,FileSystemStorage,2097152,1,2097400,1420560,1011463
1779837396.581788,spill,FileSystemStorage,2097152,1,2097400,1395187,1025757
1779837396.582495,spill,FileSystemStorage,2097152,1,2097400,1357668,984968
1779837396.583330,spill,FileSystemStorage,2097152,1,2097400,1464135,1048102
1779837396.584098,spill,FileSystemStorage,2097152,1,2097400,1441443,981107
1779837396.585452,spill,FileSystemStorage,2097152,1,2097400,1311551,977261
1779837396.585900,spill,FileSystemStorage,2097152,1,2097400,1389850,1026942
1779837396.586727,spill,FileSystemStorage,2097152,1,2097400,1403765,962586
1779837396.587542,spill,FileSystemStorage,2097152,1,2097400,1409248,1032395
1779837396.588398,spill,FileSystemStorage,2097152,1,2097400,1446163,1017240
1779837396.589158,spill,FileSystemStorage,2097152,1,2097400,1370646,992744
1779837396.589856,spill,FileSystemStorage,2097152,1,2097400,1385992,1013402
1779837396.590631,spill,FileSystemStorage,2097152,1,2097400,1423861,970117
1779837396.591513,spill,FileSystemStorage,2097152,1,2097400,1520092,1120844
1779837396.592083,spill,FileSystemStorage,2097152,1,2097400,1424146,1030853
1779837396.593196,spill,FileSystemStorage,2097152,1,2097400,1490830,997782
1779837396.593748,spill,FileSystemStorage,2097152,1,2097400,1426069,1072366
1779837396.594405,spill,FileSystemStorage,2097152,1,2097400,1414626,977654
1779837396.595314,spill,FileSystemStorage,2097152,1,2097400,1473188,1031399
1779837396.596140,spill,FileSystemStorage,2097152,1,2097400,1524233,1003524
1779837396.597079,spill,FileSystemStorage,2097152,1,2097400,1335243,1009256
1779837396.597604,spill,FileSystemStorage,2097152,1,2097400,1347530,1047354
1779837396.598476,spill,FileSystemStorage,2097152,1,2097400,1513837,997513
1779837396.599201,spill,FileSystemStorage,2097152,1,2097400,1489366,1060202
1779837396.600124,spill,FileSystemStorage,2097152,1,2097400,1470840,1025231
1779837396.600872,spill,FileSystemStorage,2097152,1,2097400,1349949,1012685
1779837396.601691,spill,FileSystemStorage,2097152,1,2097400,1406811,1062780
1779837396.602461,spill,FileSystemStorage,2097152,1,2097400,1412794,1005636
1779837396.603272,spill,FileSystemStorage,2097152,1,2097400,1489660,1077695
1779837396.603928,spill,FileSystemStorage,2097152,1,2097400,1412938,1030583
1779837396.604928,spill,FileSystemStorage,2097152,1,2097400,1377636,990138
1779837396.605667,spill,FileSystemStorage,2097152,1,2097400,1412861,1032745
1779837396.606336,spill,FileSystemStorage,2097152,1,2097400,1327726,964078
1779837396.607184,spill,FileSystemStorage,2097152,1,2097400,1454851,1058940
1779837396.607975,spill,FileSystemStorage,2097152,1,2097400,1422781,1013567
1779837396.608918,spill,FileSystemStorage,2097152,1,2097400,1441392,997067
1779837396.609603,spill,FileSystemStorage,2097152,1,2097400,1406497,1042498
1779837396.610279,spill,FileSystemStorage,2097152,1,2097400,1364014,996685
1779837396.611058,spill,FileSystemStorage,2097152,1,2097400,1459687,1078525
1779837396.611901,spill,FileSystemStorage,2097152,1,2097400,1543698,1031672
1779837396.612553,spill,FileSystemStorage,2097152,1,2097400,1398229,1054959
1779837396.613352,spill,FileSystemStorage,2097152,1,2097400,1462801,1019367
1779837396.614066,spill,FileSystemStorage,2097152,1,2097400,1387542,1028881
1779837396.614888,spill,FileSystemStorage,2097152,1,2097400,1514543,1065113
1779837396.615585,spill,FileSystemStorage,2097152,1,2097400,1432013,1024779
1779837396.616437,spill,FileSystemStorage,2097152,1,2097400,1400605,1020251
1779837396.617231,spill,FileSystemStorage,2097152,1,2097400,1362173,995502
1779837396.618071,spill,FileSystemStorage,2097152,1,2097400,1442460,1035947
1779837396.618826,spill,FileSystemStorage,2097152,1,2097400,1465380,1040964
1779837396.619568,spill,FileSystemStorage,2097152,1,2097400,1414187,993760
1779837396.620524,spill,FileSystemStorage,2097152,1,2097400,1463308,1051714
1779837396.621166,spill,FileSystemStorage,2097152,1,2097400,1371988,980626
1779837396.621945,spill,FileSystemStorage,2097152,1,2097400,1407344,1012993
1779837396.622710,spill,FileSystemStorage,2097152,1,2097400,1448769,1044686
1779837396.623447,spill,FileSystemStorage,2097152,1,2097400,1463018,1039499
1779837396.624247,spill,FileSystemStorage,2097152,1,2097400,1458038,1050568
1779837396.625002,spill,FileSystemStorage,2097152,1,2097400,1460693,1011492
1779837396.625708,spill,FileSystemStorage,2097152,1,2097400,1416012,1025907
1779837396.626423,spill,FileSystemStorage,2097152,1,2097400,1340316,952865
1779837396.627466,spill,FileSystemStorage,2097152,1,2097400,1588069,1089774
1779837396.628011,spill,FileSystemStorage,2097152,1,2097400,1440204,1022599
1779837396.628932,spill,FileSystemStorage,2097152,1,2097400,1428787,957918
1779837396.629876,spill,FileSystemStorage,2097152,1,2097400,1549955,1066769
1779837396.630501,spill,FileSystemStorage,2097152,1,2097400,1377572,1002752
1779837396.631246,spill,FileSystemStorage,2097152,1,2097400,1496743,1092701
1779837396.632033,spill,FileSystemStorage,2097152,1,2097400,1477109,1010419
1779837396.632804,spill,FileSystemStorage,2097152,1,2097400,1315322,995217
1779837396.633584,spill,FileSystemStorage,2097152,1,2097400,1362719,1044086
1779837396.634315,spill,FileSystemStorage,2097152,1,2097400,1389122,1023627
1779837396.635132,spill,FileSystemStorage,2097152,1,2097400,1422729,1073890
1779837396.635564,spill,FileSystemStorage,2097152,120,251688000,165335828,123462835
1779837396.635770,spill,FileSystemStorage,2097152,1,2097400,1361352,971870
1779837396.636696,spill,FileSystemStorage,2097152,1,2097400,1324002,985984
1779837396.637171,spill,FileSystemStorage,2097152,1,2097400,1239005,933072
1779837396.741389,spill,FileSystemStorage,2097152,1,2097400,1462623,1021272
1779837396.742583,spill,FileSystemStorage,2097152,2,4194800,3962915,2356676
1779837396.743550,spill,FileSystemStorage,2097152,1,2097400,1603145,1153568
1779837396.744645,spill,FileSystemStorage,2097152,2,4194800,3326388,2339920
1779837396.744695,spill,FileSystemStorage,2097152,1,2097400,1670101,1152621
1779837396.746168,spill,FileSystemStorage,2097152,1,2097400,1672588,1043445
1779837396.746648,spill,FileSystemStorage,2097152,1,2097400,1584981,1135517
1779837396.747133,spill,FileSystemStorage,2097152,1,2097400,1569382,1101605
1779837396.747989,spill,FileSystemStorage,2097152,1,2097400,1472228,1078789
1779837396.748722,spill,FileSystemStorage,2097152,1,2097400,1620530,1033914
1779837396.749519,spill,FileSystemStorage,2097152,1,2097400,1543130,1077004
1779837396.752090,spill,FileSystemStorage,2097152,1,2097400,1685167,1096037
1779837396.752465,spill,FileSystemStorage,2097152,2,4194800,2906370,2113815
1779837396.753579,spill,FileSystemStorage,2097152,1,2097400,1489203,1102746
1779837396.754040,spill,FileSystemStorage,2097152,1,2097400,1474880,1060972
1779837396.754827,spill,FileSystemStorage,2097152,1,2097400,1597299,1068806
1779837396.755562,spill,FileSystemStorage,2097152,1,2097400,1495796,1062704
1779837396.756431,spill,FileSystemStorage,2097152,1,2097400,1558101,992584
1779837396.757404,spill,FileSystemStorage,2097152,1,2097400,1517924,998412
1779837396.758296,spill,FileSystemStorage,2097152,1,2097400,1487380,1011271
1779837396.759126,spill,FileSystemStorage,2097152,1,2097400,1612971,1005860
1779837396.759909,spill,FileSystemStorage,2097152,1,2097400,1530688,1054926
1779837396.760944,spill,FileSystemStorage,2097152,1,2097400,1524498,1015245
1779837396.761558,spill,FileSystemStorage,2097152,1,2097400,1463821,980722
1779837396.762493,spill,FileSystemStorage,2097152,1,2097400,1550747,1052544
1779837396.763320,spill,FileSystemStorage,2097152,1,2097400,1507401,1028226
1779837396.764230,spill,FileSystemStorage,2097152,1,2097400,1575096,1007152
1779837396.765106,spill,FileSystemStorage,2097152,1,2097400,1451816,1033947
1779837396.765977,spill,FileSystemStorage,2097152,1,2097400,1396999,947558
1779837396.766875,spill,FileSystemStorage,2097152,1,2097400,1524137,984736
1779837396.767757,spill,FileSystemStorage,2097152,1,2097400,1578840,1087084
1779837396.768527,spill,FileSystemStorage,2097152,1,2097400,1455268,964951
1779837396.769506,spill,FileSystemStorage,2097152,1,2097400,1523314,996677
1779837396.770350,spill,FileSystemStorage,2097152,1,2097400,1536648,1055903
1779837396.771153,spill,FileSystemStorage,2097152,1,2097400,1470606,1011940
1779837396.772202,spill,FileSystemStorage,2097152,1,2097400,1631768,1061162
1779837396.773109,spill,FileSystemStorage,2097152,1,2097400,1527624,1060360
1779837396.773797,spill,FileSystemStorage,2097152,1,2097400,1429513,994317
1779837396.774705,spill,FileSystemStorage,2097152,1,2097400,1538133,993090
1779837396.775623,spill,FileSystemStorage,2097152,1,2097400,1637630,1065489
1779837396.776271,spill,FileSystemStorage,2097152,1,2097400,1499900,985652
1779837396.777349,spill,FileSystemStorage,2097152,1,2097400,1428683,989353
1779837396.778046,spill,FileSystemStorage,2097152,1,2097400,1423858,1015192
1779837396.778955,spill,FileSystemStorage,2097152,1,2097400,1520875,986756
1779837396.779902,spill,FileSystemStorage,2097152,1,2097400,1632895,1031263
1779837396.780658,spill,FileSystemStorage,2097152,1,2097400,1458529,1021462
1779837396.781344,spill,FileSystemStorage,2097152,1,2097400,1372583,962305
1779837396.782300,spill,FileSystemStorage,2097152,1,2097400,1553190,1058733
1779837396.783038,spill,FileSystemStorage,2097152,1,2097400,1458898,1038410
1779837396.784064,spill,FileSystemStorage,2097152,1,2097400,1614733,992842
1779837396.784901,spill,FileSystemStorage,2097152,1,2097400,1546797,992860
1779837396.785818,spill,FileSystemStorage,2097152,1,2097400,1433386,986377
1779837396.786731,spill,FileSystemStorage,2097152,1,2097400,1464987,991022
1779837396.787653,spill,FileSystemStorage,2097152,1,2097400,1508588,1012880
1779837396.788637,spill,FileSystemStorage,2097152,1,2097400,1437423,979875
1779837396.789674,spill,FileSystemStorage,2097152,1,2097400,1434177,1025520
1779837396.790178,spill,FileSystemStorage,2097152,1,2097400,1372020,999844
1779837396.791078,spill,FileSystemStorage,2097152,1,2097400,1485298,1060753
1779837396.792119,spill,FileSystemStorage,2097152,1,2097400,1724699,1199015
1779837396.792574,spill,FileSystemStorage,2097152,1,2097400,1381830,1024070
1779837396.793507,spill,FileSystemStorage,2097152,1,2097400,1463827,1037606
1779837396.794489,spill,FileSystemStorage,2097152,1,2097400,1610012,1107480
1779837396.795094,spill,FileSystemStorage,2097152,1,2097400,1507867,1105072
1779837396.795987,spill,FileSystemStorage,2097152,1,2097400,1578030,1054598
1779837396.796746,spill,FileSystemStorage,2097152,1,2097400,1495537,1058129
1779837396.797473,spill,FileSystemStorage,2097152,1,2097400,1437506,1052689
1779837396.798264,spill,FileSystemStorage,2097152,1,2097400,1485021,1020890
1779837396.799136,spill,FileSystemStorage,2097152,1,2097400,1582274,1082335
1779837396.799743,spill,FileSystemStorage,2097152,1,2097400,1401566,1035328
1779837396.800725,spill,FileSystemStorage,2097152,1,2097400,1553192,996316
1779837396.801711,spill,FileSystemStorage,2097152,1,2097400,1494735,1026359
1779837396.802603,spill,FileSystemStorage,2097152,1,2097400,1535188,1023172
1779837396.803629,spill,FileSystemStorage,2097152,1,2097400,1575178,984946
1779837396.804606,spill,FileSystemStorage,2097152,1,2097400,1596275,963057
1779837396.806003,spill,FileSystemStorage,2097152,1,2097400,1459494,1003068
1779837396.806646,spill,FileSystemStorage,2097152,1,2097400,1483786,1054099
1779837396.807686,spill,FileSystemStorage,2097152,1,2097400,1579846,1038038
1779837396.808419,spill,FileSystemStorage,2097152,1,2097400,1385664,994442
1779837396.809227,spill,FileSystemStorage,2097152,1,2097400,1438030,1010288
1779837396.809955,spill,FileSystemStorage,2097152,1,2097400,1399764,998301
1779837396.810738,spill,FileSystemStorage,2097152,1,2097400,1438177,1012073
1779837396.811506,spill,FileSystemStorage,2097152,1,2097400,1418945,1027731
1779837396.812361,spill,FileSystemStorage,2097152,1,2097400,1447567,1008724
1779837396.813091,spill,FileSystemStorage,2097152,1,2097400,1337147,1016500
1779837396.813815,spill,FileSystemStorage,2097152,1,2097400,1351372,966440
1779837396.814641,spill,FileSystemStorage,2097152,1,2097400,1397037,1015998
1779837396.815510,spill,FileSystemStorage,2097152,1,2097400,1445615,1025547
1779837396.816195,spill,FileSystemStorage,2097152,1,2097400,1366008,997402
1779837396.817134,spill,FileSystemStorage,2097152,1,2097400,1371720,1009011
1779837396.817809,spill,FileSystemStorage,2097152,1,2097400,1338488,954566
1779837396.818701,spill,FileSystemStorage,2097152,1,2097400,1465394,1013531
1779837396.819500,spill,FileSystemStorage,2097152,1,2097400,1487641,1022724
1779837396.820255,spill,FileSystemStorage,2097152,1,2097400,1402003,984513
1779837396.821231,spill,FileSystemStorage,2097152,1,2097400,1414245,1020870
1779837396.821917,spill,FileSystemStorage,2097152,1,2097400,1493559,995692
1779837396.822654,spill,FileSystemStorage,2097152,1,2097400,1471352,1037146
1779837396.823486,spill,FileSystemStorage,2097152,1,2097400,1491257,1017775
1779837396.824363,spill,FileSystemStorage,2097152,1,2097400,1567301,986414
1779837396.825189,spill,FileSystemStorage,2097152,1,2097400,1399305,1015888
1779837396.826037,spill,FileSystemStorage,2097152,1,2097400,1345362,995156
1779837396.826851,spill,FileSystemStorage,2097152,1,2097400,1584433,1075208
1779837396.827485,spill,FileSystemStorage,2097152,1,2097400,1452637,1066167
1779837396.828292,spill,FileSystemStorage,2097152,1,2097400,1415608,981459
1779837396.829433,spill,FileSystemStorage,2097152,1,2097400,1499232,1032379
1779837396.830076,spill,FileSystemStorage,2097152,1,2097400,1397684,1033287
1779837396.830835,spill,FileSystemStorage,2097152,1,2097400,1426236,1001649
1779837396.831713,spill,FileSystemStorage,2097152,1,2097400,1543670,1078153
1779837396.832382,spill,FileSystemStorage,2097152,1,2097400,1440342,986545
1779837396.833205,spill,FileSystemStorage,2097152,1,2097400,1442480,1048816
1779837396.833943,spill,FileSystemStorage,2097152,1,2097400,1434222,1002482
1779837396.834775,spill,FileSystemStorage,2097152,1,2097400,1433160,973662
1779837396.835676,spill,FileSystemStorage,2097152,1,2097400,1578361,1101663
1779837396.836314,spill,FileSystemStorage,2097152,1,2097400,1313449,969602
1779837396.837301,spill,FileSystemStorage,2097152,1,2097400,1476657,1005646
1779837396.838139,spill,FileSystemStorage,2097152,1,2097400,1510007,1077132
1779837396.838755,spill,FileSystemStorage,2097152,1,2097400,1347202,1012132
1779837396.839598,spill,FileSystemStorage,2097152,1,2097400,1456125,1069707
1779837396.840743,spill,FileSystemStorage,2097152,1,2097400,1804582,1025444
1779837396.841239,spill,FileSystemStorage,2097152,1,2097400,1326281,969094
1779837396.842032,spill,FileSystemStorage,2097152,1,2097400,1389202,1025211
1779837396.843685,spill,FileSystemStorage,2097152,1,2097400,2328472,1194008
1779837396.843721,spill,FileSystemStorage,2097152,1,2097400,1614664,1143503
1779837396.844326,spill,FileSystemStorage,2097152,1,2097400,1383368,1024061
1779837396.845487,spill,FileSystemStorage,2097152,1,2097400,1294012,1028663
1779837396.845926,spill,FileSystemStorage,2097152,1,2097400,1451681,1096277
1779837396.846702,spill,FileSystemStorage,2097152,1,2097400,1453731,960411
1779837396.847538,spill,FileSystemStorage,2097152,1,2097400,1509540,1070339
1779837396.848366,spill,FileSystemStorage,2097152,1,2097400,1508417,1037668
1779837396.849208,spill,FileSystemStorage,2097152,1,2097400,1373138,980263
1779837396.850055,spill,FileSystemStorage,2097152,1,2097400,1390685,1023770
1779837396.850998,spill,FileSystemStorage,2097152,1,2097400,1593438,1072113
1779837396.851549,spill,FileSystemStorage,2097152,1,2097400,1383902,1046136
1779837396.852328,spill,FileSystemStorage,2097152,1,2097400,1362477,1004516
1779837396.853310,spill,FileSystemStorage,2097152,1,2097400,1338207,977511
1779837396.854157,spill,FileSystemStorage,2097152,1,2097400,1421359,959093
1779837396.855058,spill,FileSystemStorage,2097152,1,2097400,1532705,1074792
1779837396.855627,spill,FileSystemStorage,2097152,1,2097400,1375976,1034604
1779837396.856514,spill,FileSystemStorage,2097152,1,2097400,1442221,986458
1779837396.857358,spill,FileSystemStorage,2097152,1,2097400,1439254,1040846
1779837396.858059,spill,FileSystemStorage,2097152,1,2097400,1364763,1003905
1779837396.859003,spill,FileSystemStorage,2097152,1,2097400,1529015,1028498
1779837396.859677,spill,FileSystemStorage,2097152,1,2097400,1438386,1015865
1779837396.860792,spill,FileSystemStorage,2097152,1,2097400,1448015,1065651
1779837396.861272,spill,FileSystemStorage,2097152,1,2097400,1337120,1028574
1779837396.862087,spill,FileSystemStorage,2097152,1,2097400,1375011,966176
1779837396.891780,spill,FileSystemStorage,2097152,120,251688000,154081062,117301959
1779837402.141176,restore,FileSystemStorage,2097152,1,2097400,1589594,1496428
1779837402.145326,restore,FileSystemStorage,2097152,1,2097400,1199360,1123741
1779837402.147907,restore,FileSystemStorage,2097152,1,2097400,1042765,989417
1779837402.150547,restore,FileSystemStorage,2097152,1,2097400,989868,936663
1779837402.153941,restore,FileSystemStorage,2097152,1,2097400,1001763,951923
1779837402.157710,restore,FileSystemStorage,2097152,1,2097400,1144088,1097481
1779837402.160901,restore,FileSystemStorage,2097152,1,2097400,1038404,960773
1779837402.164066,restore,FileSystemStorage,2097152,1,2097400,1198805,1145851
1779837402.167380,restore,FileSystemStorage,2097152,1,2097400,1313664,1266957
1779837402.172176,restore,FileSystemStorage,2097152,1,2097400,1509640,1456143
1779837402.175807,restore,FileSystemStorage,2097152,1,2097400,1291906,1229942
1779837402.179722,restore,FileSystemStorage,2097152,1,2097400,1392302,1309982
1779837402.183910,restore,FileSystemStorage,2097152,1,2097400,1427069,1344133
1779837402.187892,restore,FileSystemStorage,2097152,1,2097400,1300151,1215048
1779837402.191499,restore,FileSystemStorage,2097152,1,2097400,1359986,1274499
1779837402.195746,restore,FileSystemStorage,2097152,1,2097400,1270765,1199726
1779837402.199647,restore,FileSystemStorage,2097152,1,2097400,1431407,1371145
1779837402.203602,restore,FileSystemStorage,2097152,1,2097400,1467044,1397473
1779837402.206941,restore,FileSystemStorage,2097152,1,2097400,1353044,1276740
1779837402.211793,restore,FileSystemStorage,2097152,1,2097400,1435752,1358121
1779837402.216285,restore,FileSystemStorage,2097152,1,2097400,1588090,1508403
1779837402.221097,restore,FileSystemStorage,2097152,1,2097400,1722535,1638914
1779837402.225979,restore,FileSystemStorage,2097152,1,2097400,1324565,1238578
1779837402.230643,restore,FileSystemStorage,2097152,1,2097400,1239891,1183274
1779837402.235839,restore,FileSystemStorage,2097152,1,2097400,1467171,1408977
1779837402.241019,restore,FileSystemStorage,2097152,1,2097400,1590044,1501088
1779837402.245131,restore,FileSystemStorage,2097152,1,2097400,1529955,1451185
1779837402.249505,restore,FileSystemStorage,2097152,1,2097400,1466798,1380516
1779837402.254282,restore,FileSystemStorage,2097152,1,2097400,1318784,1239759
1779837402.258679,restore,FileSystemStorage,2097152,1,2097400,1378542,1317994
1779837402.262328,restore,FileSystemStorage,2097152,1,2097400,990687,936275
1779837402.266715,restore,FileSystemStorage,2097152,1,2097400,1315545,1264225
1779837402.271674,restore,FileSystemStorage,2097152,1,2097400,1547322,1488851
1779837402.276480,restore,FileSystemStorage,2097152,1,2097400,1534140,1436434
1779837402.281562,restore,FileSystemStorage,2097152,1,2097400,1328437,1246960
1779837402.287056,restore,FileSystemStorage,2097152,1,2097400,1431226,1359896
1779837402.291144,restore,FileSystemStorage,2097152,1,2097400,1045071,971623
1779837402.296442,restore,FileSystemStorage,2097152,1,2097400,1398445,1323796
1779837402.301201,restore,FileSystemStorage,2097152,1,2097400,1502985,1427768
1779837402.305086,restore,FileSystemStorage,2097152,1,2097400,1090815,1015661
1779837402.309751,restore,FileSystemStorage,2097152,1,2097400,1469609,1417793
1779837402.313971,restore,FileSystemStorage,2097152,1,2097400,1253079,1201348
1779837402.319477,restore,FileSystemStorage,2097152,1,2097400,1472255,1396849
1779837402.325050,restore,FileSystemStorage,2097152,1,2097400,1362037,1288624
1779837402.328571,restore,FileSystemStorage,2097152,1,2097400,1633857,1539478
1779837402.332482,restore,FileSystemStorage,2097152,1,2097400,1420778,1357605
1779837402.337258,restore,FileSystemStorage,2097152,1,2097400,1373641,1301501
1779837402.341114,restore,FileSystemStorage,2097152,1,2097400,1178334,1107219
1779837402.345981,restore,FileSystemStorage,2097152,1,2097400,1390948,1315937
1779837402.349517,restore,FileSystemStorage,2097152,1,2097400,1459723,1406496
1779837402.354500,restore,FileSystemStorage,2097152,1,2097400,1339709,1270223
1779837402.358666,restore,FileSystemStorage,2097152,1,2097400,1333775,1276118
1779837402.362696,restore,FileSystemStorage,2097152,1,2097400,1290837,1238618
1779837402.367508,restore,FileSystemStorage,2097152,1,2097400,1568839,1512684
1779837402.373542,restore,FileSystemStorage,2097152,1,2097400,1600072,1515926
1779837402.377777,restore,FileSystemStorage,2097152,1,2097400,1188634,1115578
1779837402.382268,restore,FileSystemStorage,2097152,1,2097400,1356402,1281450
1779837402.388053,restore,FileSystemStorage,2097152,1,2097400,1491070,1415348
1779837402.392763,restore,FileSystemStorage,2097152,1,2097400,1286920,1211751
1779837402.397773,restore,FileSystemStorage,2097152,1,2097400,1121096,1047612
1779837402.402137,restore,FileSystemStorage,2097152,1,2097400,1502739,1433773
1779837402.406664,restore,FileSystemStorage,2097152,1,2097400,998050,947834
1779837402.410703,restore,FileSystemStorage,2097152,1,2097400,1268696,1216889
1779837402.414632,restore,FileSystemStorage,2097152,1,2097400,1033127,982853
1779837402.418783,restore,FileSystemStorage,2097152,1,2097400,1040164,967279
1779837402.422580,restore,FileSystemStorage,2097152,1,2097400,1211319,1141082
1779837402.425965,restore,FileSystemStorage,2097152,1,2097400,1125585,1071615
1779837402.429886,restore,FileSystemStorage,2097152,1,2097400,1144138,1089464
1779837402.432689,restore,FileSystemStorage,2097152,1,2097400,1379618,1334408
1779837402.435666,restore,FileSystemStorage,2097152,1,2097400,1214113,1170553
1779837402.439440,restore,FileSystemStorage,2097152,1,2097400,1234397,1165513
1779837402.443786,restore,FileSystemStorage,2097152,1,2097400,1512995,1451130
1779837402.447110,restore,FileSystemStorage,2097152,1,2097400,1112253,1037298
1779837402.450709,restore,FileSystemStorage,2097152,1,2097400,1015769,971477
1779837402.453681,restore,FileSystemStorage,2097152,1,2097400,1149871,1067280
1779837402.459066,restore,FileSystemStorage,2097152,1,2097400,1425264,1361536
1779837402.464380,restore,FileSystemStorage,2097152,1,2097400,1377367,1321702
1779837402.469462,restore,FileSystemStorage,2097152,1,2097400,1390475,1318785
1779837402.475460,restore,FileSystemStorage,2097152,1,2097400,1443578,1367313
1779837402.480064,restore,FileSystemStorage,2097152,1,2097400,1542000,1484714
1779837402.485374,restore,FileSystemStorage,2097152,1,2097400,1470832,1398881
1779837402.491111,restore,FileSystemStorage,2097152,1,2097400,1317936,1242810
1779837402.494358,restore,FileSystemStorage,2097152,1,2097400,1032004,958520
1779837402.498103,restore,FileSystemStorage,2097152,1,2097400,1322468,1271527
1779837402.502961,restore,FileSystemStorage,2097152,1,2097400,1384527,1311371
1779837402.507782,restore,FileSystemStorage,2097152,1,2097400,1255712,1181940
1779837402.513537,restore,FileSystemStorage,2097152,1,2097400,1259720,1188406
1779837402.518327,restore,FileSystemStorage,2097152,1,2097400,1309527,1239492
1779837402.523926,restore,FileSystemStorage,2097152,1,2097400,1533831,1477146
1779837402.528084,restore,FileSystemStorage,2097152,1,2097400,1122287,1000784
1779837402.530449,restore,FileSystemStorage,2097152,1,2097400,1124269,1069400
1779837402.534693,restore,FileSystemStorage,2097152,1,2097400,1329818,1257638
1779837402.538458,restore,FileSystemStorage,2097152,1,2097400,1204443,1150383
1779837402.543617,restore,FileSystemStorage,2097152,1,2097400,1464689,1385812
1779837402.548674,restore,FileSystemStorage,2097152,1,2097400,1712983,1601570
1779837402.553594,restore,FileSystemStorage,2097152,1,2097400,1456898,1379834
1779837402.558192,restore,FileSystemStorage,2097152,1,2097400,1263708,1189032
1779837402.562769,restore,FileSystemStorage,2097152,1,2097400,1323267,1252270
1779837402.567454,restore,FileSystemStorage,2097152,1,2097400,1563976,1506533
1779837402.573105,restore,FileSystemStorage,2097152,1,2097400,1624248,1547156
1779837402.578424,restore,FileSystemStorage,2097152,1,2097400,1542826,1471715
1779837402.582789,restore,FileSystemStorage,2097152,1,2097400,1316862,1241510
1779837402.587415,restore,FileSystemStorage,2097152,1,2097400,1335051,1261199
1779837402.591680,restore,FileSystemStorage,2097152,1,2097400,1416195,1355706
1779837402.596871,restore,FileSystemStorage,2097152,1,2097400,1326318,1248372
1779837402.601033,restore,FileSystemStorage,2097152,1,2097400,1302623,1226489
1779837402.605504,restore,FileSystemStorage,2097152,1,2097400,1168697,1097370
1779837402.610067,restore,FileSystemStorage,2097152,1,2097400,1277905,1205847
1779837402.614948,restore,FileSystemStorage,2097152,1,2097400,1257938,1205687
1779837402.618796,restore,FileSystemStorage,2097152,1,2097400,1236954,1189842
1779837402.623400,restore,FileSystemStorage,2097152,1,2097400,1402048,1345799
1779837402.627545,restore,FileSystemStorage,2097152,1,2097400,1118364,1040834
1779837402.629486,restore,FileSystemStorage,2097152,1,2097400,1054200,1000949
1779837402.632007,restore,FileSystemStorage,2097152,1,2097400,1182860,1128379
1779837402.636000,restore,FileSystemStorage,2097152,1,2097400,1286659,1231837
1779837402.639625,restore,FileSystemStorage,2097152,1,2097400,1033015,987479
1779837402.643981,restore,FileSystemStorage,2097152,1,2097400,1216132,1175559
1779837402.648537,restore,FileSystemStorage,2097152,1,2097400,1611371,1515042
1779837402.653415,restore,FileSystemStorage,2097152,1,2097400,1357841,1283603
1779837402.658218,restore,FileSystemStorage,2097152,1,2097400,1235538,1158793
1779837402.662669,restore,FileSystemStorage,2097152,1,2097400,1050908,980116
1779837402.666858,restore,FileSystemStorage,2097152,1,2097400,1201486,1152390
1779837402.671439,restore,FileSystemStorage,2097152,1,2097400,1346575,1287636
1779837402.676419,restore,FileSystemStorage,2097152,1,2097400,1367084,1293006
1779837402.681921,restore,FileSystemStorage,2097152,1,2097400,1282782,1207619
1779837402.686656,restore,FileSystemStorage,2097152,1,2097400,1256452,1205727
1779837402.692148,restore,FileSystemStorage,2097152,1,2097400,1067003,1012897
1779837402.697561,restore,FileSystemStorage,2097152,1,2097400,1318888,1278235
1779837402.702839,restore,FileSystemStorage,2097152,1,2097400,1406699,1334233
1779837402.706795,restore,FileSystemStorage,2097152,1,2097400,1357296,1285869
1779837402.711612,restore,FileSystemStorage,2097152,1,2097400,1616562,1557594
1779837402.716512,restore,FileSystemStorage,2097152,1,2097400,1462584,1398195
1779837402.721564,restore,FileSystemStorage,2097152,1,2097400,1362644,1290088
1779837402.726960,restore,FileSystemStorage,2097152,1,2097400,1239328,1165800
1779837402.731818,restore,FileSystemStorage,2097152,1,2097400,1569576,1489583
1779837402.736915,restore,FileSystemStorage,2097152,1,2097400,1214041,1144657
1779837402.741997,restore,FileSystemStorage,2097152,1,2097400,1445637,1369194
1779837402.746599,restore,FileSystemStorage,2097152,1,2097400,1390571,1318370
1779837402.751017,restore,FileSystemStorage,2097152,1,2097400,1331140,1283204
1779837402.757002,restore,FileSystemStorage,2097152,1,2097400,1491750,1417119
1779837402.761477,restore,FileSystemStorage,2097152,1,2097400,854851,779248
1779837402.765857,restore,FileSystemStorage,2097152,1,2097400,847407,770487
1779837402.770999,restore,FileSystemStorage,2097152,1,2097400,886303,792510
1779837402.775663,restore,FileSystemStorage,2097152,1,2097400,795305,720179
1779837402.780350,restore,FileSystemStorage,2097152,1,2097400,1023262,950463
1779837402.785509,restore,FileSystemStorage,2097152,1,2097400,1304897,1232663
1779837402.790877,restore,FileSystemStorage,2097152,1,2097400,1330485,1257641
1779837402.796799,restore,FileSystemStorage,2097152,1,2097400,1604510,1527836
1779837402.801484,restore,FileSystemStorage,2097152,1,2097400,1375688,1300963
1779837402.807407,restore,FileSystemStorage,2097152,1,2097400,1516239,1438494
1779837402.811627,restore,FileSystemStorage,2097152,1,2097400,972828,898617
1779837402.815844,restore,FileSystemStorage,2097152,1,2097400,752503,676983
1779837402.820971,restore,FileSystemStorage,2097152,1,2097400,1007339,929196
1779837402.825822,restore,FileSystemStorage,2097152,1,2097400,836763,766591
1779837402.831007,restore,FileSystemStorage,2097152,1,2097400,909841,828925
1779837402.836298,restore,FileSystemStorage,2097152,1,2097400,1241510,1165151
1779837402.839894,restore,FileSystemStorage,2097152,1,2097400,964785,873906
1779837402.844620,restore,FileSystemStorage,2097152,1,2097400,1047272,974135
1779837402.849316,restore,FileSystemStorage,2097152,1,2097400,898087,826514
1779837402.854967,restore,FileSystemStorage,2097152,1,2097400,1245009,1170515
1779837402.859453,restore,FileSystemStorage,2097152,1,2097400,1207161,1132071
1779837402.864400,restore,FileSystemStorage,2097152,1,2097400,1049037,974169
1779837402.868126,restore,FileSystemStorage,2097152,1,2097400,1160938,1076393
1779837402.872892,restore,FileSystemStorage,2097152,1,2097400,923413,850311
1779837402.877339,restore,FileSystemStorage,2097152,1,2097400,895595,822426
1779837402.881871,restore,FileSystemStorage,2097152,1,2097400,890595,819050
1779837402.885041,restore,FileSystemStorage,2097152,1,2097400,934618,861112
1779837402.889645,restore,FileSystemStorage,2097152,1,2097400,904955,833562
1779837402.894874,restore,FileSystemStorage,2097152,1,2097400,742768,670181
1779837402.899429,restore,FileSystemStorage,2097152,1,2097400,1133420,1059116
1779837402.903646,restore,FileSystemStorage,2097152,1,2097400,1060267,986689
1779837402.908173,restore,FileSystemStorage,2097152,1,2097400,1105798,1016049
1779837402.913123,restore,FileSystemStorage,2097152,1,2097400,1012998,939036
1779837402.916774,restore,FileSystemStorage,2097152,1,2097400,864571,790739
1779837402.921106,restore,FileSystemStorage,2097152,1,2097400,844794,765937
1779837402.925878,restore,FileSystemStorage,2097152,1,2097400,846256,776073
1779837402.929850,restore,FileSystemStorage,2097152,1,2097400,865836,794882
1779837402.934954,restore,FileSystemStorage,2097152,1,2097400,767388,697553
1779837402.939397,restore,FileSystemStorage,2097152,1,2097400,797862,724611
1779837402.943572,restore,FileSystemStorage,2097152,1,2097400,1225660,1157201
1779837402.946813,restore,FileSystemStorage,2097152,1,2097400,845150,777001
1779837402.950902,restore,FileSystemStorage,2097152,1,2097400,747379,676996
1779837402.954340,restore,FileSystemStorage,2097152,1,2097400,876586,829983
1779837402.958525,restore,FileSystemStorage,2097152,1,2097400,855935,787386
1779837402.962570,restore,FileSystemStorage,2097152,1,2097400,919731,865544
1779837402.966729,restore,FileSystemStorage,2097152,1,2097400,917175,869953
1779837402.969348,restore,FileSystemStorage,2097152,1,2097400,576799,505825
1779837402.970706,restore,FileSystemStorage,2097152,1,2097400,539292,487996
1779837402.974197,restore,FileSystemStorage,2097152,1,2097400,831932,781116
1779837402.977403,restore,FileSystemStorage,2097152,1,2097400,911092,866002
1779837402.980299,restore,FileSystemStorage,2097152,1,2097400,940638,891337
1779837402.984347,restore,FileSystemStorage,2097152,1,2097400,885951,811398
1779837402.988359,restore,FileSystemStorage,2097152,1,2097400,610399,538816
1779837402.992746,restore,FileSystemStorage,2097152,1,2097400,1050438,973714
1779837402.995660,restore,FileSystemStorage,2097152,1,2097400,860313,778859
1779837402.998566,restore,FileSystemStorage,2097152,1,2097400,964919,908823
1779837403.001364,restore,FileSystemStorage,2097152,1,2097400,911243,863123
1779837403.004200,restore,FileSystemStorage,2097152,1,2097400,541072,496000
1779837407.487638,spill,FileSystemStorage,4194304,1,4194552,6828862,3202831
1779837407.487784,spill,FileSystemStorage,4194304,1,4194552,7551574,3125751
1779837407.490633,spill,FileSystemStorage,4194304,2,8389104,9699086,4605131
1779837407.513339,spill,FileSystemStorage,4194304,5,20972760,24384965,15310160
1779837407.513462,spill,FileSystemStorage,4194304,1,4194552,4964589,2498905
1779837407.513584,spill,FileSystemStorage,4194304,5,20972760,24573270,15253710
1779837407.519655,spill,FileSystemStorage,4194304,2,8389104,5609758,4436863
1779837407.527600,spill,FileSystemStorage,4194304,1,4194552,3406613,2639451
1779837407.530757,spill,FileSystemStorage,4194304,1,4194552,3335438,2558197
1779837407.535217,spill,FileSystemStorage,4194304,1,4194552,3350013,2601377
1779837407.535644,spill,FileSystemStorage,4194304,2,8389104,6116707,5119413
1779837407.536036,spill,FileSystemStorage,4194304,2,8389104,9834305,5177573
1779837407.539146,spill,FileSystemStorage,4194304,1,4194552,3347025,2626074
1779837407.539527,spill,FileSystemStorage,4194304,1,4194552,3231396,2653370
1779837407.539634,spill,FileSystemStorage,4194304,1,4194552,3182842,2620104
1779837407.542798,spill,FileSystemStorage,4194304,1,4194552,3287215,2533264
1779837407.543213,spill,FileSystemStorage,4194304,1,4194552,3141525,2515099
1779837407.543370,spill,FileSystemStorage,4194304,1,4194552,3410765,2668317
1779837407.546466,spill,FileSystemStorage,4194304,1,4194552,3275284,2513842
1779837407.546904,spill,FileSystemStorage,4194304,1,4194552,3169508,2643389
1779837407.546965,spill,FileSystemStorage,4194304,1,4194552,3258487,2620704
1779837407.550024,spill,FileSystemStorage,4194304,1,4194552,3191878,2497012
1779837407.550504,spill,FileSystemStorage,4194304,1,4194552,3119283,2560405
1779837407.550782,spill,FileSystemStorage,4194304,1,4194552,3321970,2601806
1779837407.553354,spill,FileSystemStorage,4194304,1,4194552,2996387,2485955
1779837407.553829,spill,FileSystemStorage,4194304,1,4194552,2989428,2492075
1779837407.554301,spill,FileSystemStorage,4194304,1,4194552,3107374,2447170
1779837407.557158,spill,FileSystemStorage,4194304,1,4194552,3160050,2509228
1779837407.557338,spill,FileSystemStorage,4194304,1,4194552,3202945,2549966
1779837407.557589,spill,FileSystemStorage,4194304,1,4194552,2988603,2443277
1779837407.561009,spill,FileSystemStorage,4194304,1,4194552,3224287,2543497
1779837407.561012,spill,FileSystemStorage,4194304,1,4194552,3000587,2587222
1779837407.561083,spill,FileSystemStorage,4194304,1,4194552,3237918,2570730
1779837407.564817,spill,FileSystemStorage,4194304,1,4194552,3208202,2595015
1779837407.564978,spill,FileSystemStorage,4194304,1,4194552,3301511,2623753
1779837407.565318,spill,FileSystemStorage,4194304,1,4194552,3172680,2575690
1779837407.568132,spill,FileSystemStorage,4194304,1,4194552,2953027,2536573
1779837407.568464,spill,FileSystemStorage,4194304,1,4194552,3112061,2636405
1779837407.568934,spill,FileSystemStorage,4194304,1,4194552,3261777,2605527
1779837407.571508,spill,FileSystemStorage,4194304,1,4194552,3026551,2545254
1779837407.571846,spill,FileSystemStorage,4194304,1,4194552,3045892,2576152
1779837407.572487,spill,FileSystemStorage,4194304,1,4194552,3220851,2591961
1779837407.575290,spill,FileSystemStorage,4194304,1,4194552,3226430,2586759
1779837407.575624,spill,FileSystemStorage,4194304,1,4194552,3280288,2639393
1779837407.576127,spill,FileSystemStorage,4194304,1,4194552,3044676,2614466
1779837407.578950,spill,FileSystemStorage,4194304,1,4194552,2986371,2540168
1779837407.579249,spill,FileSystemStorage,4194304,1,4194552,3130634,2643557
1779837407.579604,spill,FileSystemStorage,4194304,1,4194552,3153349,2535222
1779837407.582590,spill,FileSystemStorage,4194304,1,4194552,2872311,2433223
1779837407.582916,spill,FileSystemStorage,4194304,1,4194552,3105702,2559365
1779837407.583241,spill,FileSystemStorage,4194304,1,4194552,3183420,2681047
1779837407.585980,spill,FileSystemStorage,4194304,1,4194552,3062054,2556730
1779837407.586682,spill,FileSystemStorage,4194304,1,4194552,3023654,2592823
1779837407.586692,spill,FileSystemStorage,4194304,1,4194552,3101261,2642479
1779837407.589559,spill,FileSystemStorage,4194304,1,4194552,3231096,2739268
1779837407.590083,spill,FileSystemStorage,4194304,1,4194552,3064836,2583583
1779837407.590291,spill,FileSystemStorage,4194304,1,4194552,3129923,2630478
1779837407.592899,spill,FileSystemStorage,4194304,1,4194552,3013998,2549460
1779837407.593505,spill,FileSystemStorage,4194304,1,4194552,3098222,2594917
1779837407.593736,spill,FileSystemStorage,4194304,1,4194552,3112691,2635132
1779837407.596280,spill,FileSystemStorage,4194304,1,4194552,3058027,2607936
1779837407.597028,spill,FileSystemStorage,4194304,1,4194552,3105986,2646767
1779837407.597404,spill,FileSystemStorage,4194304,1,4194552,3258995,2659497
1779837407.599653,spill,FileSystemStorage,4194304,1,4194552,3026217,2526387
1779837407.600536,spill,FileSystemStorage,4194304,1,4194552,3204925,2574024
1779837407.600618,spill,FileSystemStorage,4194304,1,4194552,2894967,2430921
1779837407.603626,spill,FileSystemStorage,4194304,1,4194552,3075223,2496672
1779837407.604295,spill,FileSystemStorage,4194304,1,4194552,3221193,2586804
1779837407.604390,spill,FileSystemStorage,4194304,1,4194552,3125685,2669545
1779837407.607303,spill,FileSystemStorage,4194304,1,4194552,2988363,2527773
1779837407.608108,spill,FileSystemStorage,4194304,1,4194552,3048488,2606050
1779837407.608325,spill,FileSystemStorage,4194304,1,4194552,3118503,2667785
1779837407.611260,spill,FileSystemStorage,4194304,1,4194552,3148608,2653862
1779837407.611535,spill,FileSystemStorage,4194304,1,4194552,3064584,2583210
1779837407.611942,spill,FileSystemStorage,4194304,1,4194552,3019297,2585128
1779837407.615100,spill,FileSystemStorage,4194304,1,4194552,3094874,2617106
1779837407.615345,spill,FileSystemStorage,4194304,1,4194552,3012682,2592203
1779837407.615456,spill,FileSystemStorage,4194304,1,4194552,3023901,2590083
1779837407.618652,spill,FileSystemStorage,4194304,1,4194552,2997033,2526090
1779837407.619328,spill,FileSystemStorage,4194304,1,4194552,3113485,2655272
1779837407.619378,spill,FileSystemStorage,4194304,1,4194552,3337256,2837906
1779837407.622017,spill,FileSystemStorage,4194304,1,4194552,2999187,2505887
1779837407.622730,spill,FileSystemStorage,4194304,1,4194552,3045743,2573077
1779837407.623219,spill,FileSystemStorage,4194304,1,4194552,3276691,2777960
1779837407.625403,spill,FileSystemStorage,4194304,1,4194552,3037791,2528910
1779837407.626150,spill,FileSystemStorage,4194304,1,4194552,2988171,2497702
1779837407.627216,spill,FileSystemStorage,4194304,1,4194552,3302790,2818313
1779837407.628857,spill,FileSystemStorage,4194304,1,4194552,3068727,2592589
1779837407.629538,spill,FileSystemStorage,4194304,1,4194552,3074638,2592371
1779837407.631223,spill,FileSystemStorage,4194304,1,4194552,3262836,2808630
1779837407.632448,spill,FileSystemStorage,4194304,1,4194552,3093095,2624630
1779837407.632856,spill,FileSystemStorage,4194304,1,4194552,2992493,2555007
1779837407.635272,spill,FileSystemStorage,4194304,1,4194552,3300824,2774308
1779837407.635968,spill,FileSystemStorage,4194304,1,4194552,3070729,2625353
1779837407.636158,spill,FileSystemStorage,4194304,1,4194552,2973696,2528848
1779837407.638690,spill,FileSystemStorage,4194304,1,4194552,3004701,2497232
1779837407.639462,spill,FileSystemStorage,4194304,1,4194552,3090063,2619299
1779837407.639475,spill,FileSystemStorage,4194304,1,4194552,2922725,2447635
1779837407.642076,spill,FileSystemStorage,4194304,1,4194552,3010855,2536456
1779837407.642823,spill,FileSystemStorage,4194304,1,4194552,3047923,2586482
1779837407.642832,spill,FileSystemStorage,4194304,1,4194552,3004489,2535157
1779837407.645366,spill,FileSystemStorage,4194304,1,4194552,3002395,2563867
1779837407.646255,spill,FileSystemStorage,4194304,1,4194552,2879810,2469436
1779837407.646485,spill,FileSystemStorage,4194304,1,4194552,3040337,2601034
1779837407.648655,spill,FileSystemStorage,4194304,1,4194552,2949745,2520114
1779837407.649530,spill,FileSystemStorage,4194304,1,4194552,2870848,2422669
1779837407.649765,spill,FileSystemStorage,4194304,1,4194552,3000093,2517138
1779837407.652341,spill,FileSystemStorage,4194304,1,4194552,3029159,2572405
1779837407.652925,spill,FileSystemStorage,4194304,1,4194552,2971113,2525413
1779837407.653675,spill,FileSystemStorage,4194304,1,4194552,3118268,2594677
1779837407.655993,spill,FileSystemStorage,4194304,1,4194552,3026976,2593746
1779837407.656297,spill,FileSystemStorage,4194304,1,4194552,3031328,2576492
1779837407.657143,spill,FileSystemStorage,4194304,1,4194552,3141874,2660196
1779837407.659321,spill,FileSystemStorage,4194304,1,4194552,3037791,2615143
1779837407.659665,spill,FileSystemStorage,4194304,1,4194552,3026005,2568675
1779837407.660600,spill,FileSystemStorage,4194304,1,4194552,3126786,2690212
1779837407.662867,spill,FileSystemStorage,4194304,1,4194552,3198926,2720667
1779837407.663031,spill,FileSystemStorage,4194304,1,4194552,3037467,2553111
1779837407.663981,spill,FileSystemStorage,4194304,1,4194552,3039213,2600062
1779837407.666525,spill,FileSystemStorage,4194304,1,4194552,2997043,2564068
1779837407.666611,spill,FileSystemStorage,4194304,1,4194552,3298656,2828441
1779837407.667450,spill,FileSystemStorage,4194304,1,4194552,3083999,2629389
1779837407.669882,spill,FileSystemStorage,4194304,1,4194552,3014358,2518813
1779837407.670316,spill,FileSystemStorage,4194304,1,4194552,3312565,2838024
1779837407.670947,spill,FileSystemStorage,4194304,1,4194552,3146059,2694891
1779837407.672762,spill,FileSystemStorage,4194304,60,251673120,192472212,145704185
1779837407.673331,spill,FileSystemStorage,4194304,1,4194552,2988390,2548581
1779837407.674134,spill,FileSystemStorage,4194304,1,4194552,3464530,2931835
1779837407.674603,spill,FileSystemStorage,4194304,1,4194552,3082457,2644393
1779837407.676630,spill,FileSystemStorage,4194304,1,4194552,3199829,2542521
1779837407.677185,spill,FileSystemStorage,4194304,1,4194552,2970050,2528554
1779837407.677591,spill,FileSystemStorage,4194304,1,4194552,3029414,2555545
1779837407.678120,spill,FileSystemStorage,4194304,1,4194552,3182498,2668008
1779837407.680313,spill,FileSystemStorage,4194304,1,4194552,3260483,2568777
1779837407.680435,spill,FileSystemStorage,4194304,1,4194552,2912481,2459484
1779837407.733593,spill,FileSystemStorage,4194304,1,4194552,3278727,2570388
1779837407.734628,spill,FileSystemStorage,4194304,1,4194552,3571421,2698718
1779837407.735715,spill,FileSystemStorage,4194304,1,4194552,3618236,2835287
1779837407.737133,spill,FileSystemStorage,4194304,1,4194552,3108511,2510116
1779837407.738500,spill,FileSystemStorage,4194304,1,4194552,3375235,2626458
1779837407.739617,spill,FileSystemStorage,4194304,1,4194552,3456804,2829715
1779837407.740810,spill,FileSystemStorage,4194304,1,4194552,3257543,2581393
1779837407.742133,spill,FileSystemStorage,4194304,1,4194552,3270470,2701949
1779837407.743504,spill,FileSystemStorage,4194304,1,4194552,3503557,2833251
1779837407.744357,spill,FileSystemStorage,4194304,1,4194552,3126017,2596304
1779837407.745726,spill,FileSystemStorage,4194304,1,4194552,3211665,2586803
1779837407.747499,spill,FileSystemStorage,4194304,1,4194552,3473933,2864544
1779837407.748244,spill,FileSystemStorage,4194304,1,4194552,3385696,2648562
1779837407.749288,spill,FileSystemStorage,4194304,1,4194552,3204892,2658986
1779837407.751510,spill,FileSystemStorage,4194304,1,4194552,3608663,2878711
1779837407.751754,spill,FileSystemStorage,4194304,1,4194552,3091755,2612459
1779837407.753006,spill,FileSystemStorage,4194304,1,4194552,3373725,2715633
1779837407.755312,spill,FileSystemStorage,4194304,1,4194552,3170128,2654250
1779837407.755649,spill,FileSystemStorage,4194304,1,4194552,3583480,2871148
1779837407.756630,spill,FileSystemStorage,4194304,1,4194552,3229149,2693637
1779837407.759010,spill,FileSystemStorage,4194304,1,4194552,3129446,2615884
1779837407.759454,spill,FileSystemStorage,4194304,1,4194552,3238917,2738584
1779837407.760166,spill,FileSystemStorage,4194304,1,4194552,3171368,2661418
1779837407.762705,spill,FileSystemStorage,4194304,1,4194552,3040488,2520529
1779837407.763351,spill,FileSystemStorage,4194304,1,4194552,3217821,2685999
1779837407.763753,spill,FileSystemStorage,4194304,1,4194552,3176533,2654430
1779837407.766150,spill,FileSystemStorage,4194304,1,4194552,3095914,2426272
1779837407.766871,spill,FileSystemStorage,4194304,1,4194552,3040475,2565980
1779837407.767329,spill,FileSystemStorage,4194304,1,4194552,3020671,2555867
1779837407.769558,spill,FileSystemStorage,4194304,1,4194552,2901889,2421668
1779837407.770738,spill,FileSystemStorage,4194304,1,4194552,3042523,2538463
1779837407.771611,spill,FileSystemStorage,4194304,1,4194552,3176427,2569351
1779837407.772954,spill,FileSystemStorage,4194304,1,4194552,2839097,2391999
1779837407.894077,spill,FileSystemStorage,4194304,60,251673120,164524485,125844103
1779837413.035288,restore,FileSystemStorage,4194304,1,4194552,2269206,2175671
1779837413.040621,restore,FileSystemStorage,4194304,1,4194552,1949181,1891161
1779837413.044598,restore,FileSystemStorage,4194304,1,4194552,1965088,1915183
1779837413.049448,restore,FileSystemStorage,4194304,1,4194552,1927595,1845868
1779837413.052989,restore,FileSystemStorage,4194304,1,4194552,1871008,1813073
1779837413.058352,restore,FileSystemStorage,4194304,1,4194552,1914555,1836606
1779837413.064663,restore,FileSystemStorage,4194304,1,4194552,1950125,1900796
1779837413.070013,restore,FileSystemStorage,4194304,1,4194552,2196301,2111637
1779837413.074021,restore,FileSystemStorage,4194304,1,4194552,1701194,1641316
1779837413.079593,restore,FileSystemStorage,4194304,1,4194552,1756331,1706213
1779837413.083710,restore,FileSystemStorage,4194304,1,4194552,1992271,1942132
1779837413.089669,restore,FileSystemStorage,4194304,1,4194552,1944889,1863395
1779837413.094102,restore,FileSystemStorage,4194304,1,4194552,1691597,1614078
1779837413.098290,restore,FileSystemStorage,4194304,1,4194552,1628785,1577548
1779837413.104453,restore,FileSystemStorage,4194304,1,4194552,1936749,1880470
1779837413.109716,restore,FileSystemStorage,4194304,1,4194552,1976104,1915525
1779837413.114329,restore,FileSystemStorage,4194304,1,4194552,1957561,1873876
1779837413.120034,restore,FileSystemStorage,4194304,1,4194552,1907027,1852949
1779837413.125266,restore,FileSystemStorage,4194304,1,4194552,1908239,1854893
1779837413.129968,restore,FileSystemStorage,4194304,1,4194552,1817653,1768306
1779837413.134027,restore,FileSystemStorage,4194304,1,4194552,1876671,1820133
1779837413.138515,restore,FileSystemStorage,4194304,1,4194552,1927870,1877568
1779837413.142772,restore,FileSystemStorage,4194304,1,4194552,1809556,1758166
1779837413.148139,restore,FileSystemStorage,4194304,1,4194552,1855686,1806427
1779837413.154042,restore,FileSystemStorage,4194304,1,4194552,1911839,1828726
1779837413.159732,restore,FileSystemStorage,4194304,1,4194552,1972036,1911057
1779837413.165550,restore,FileSystemStorage,4194304,1,4194552,1875686,1789516
1779837413.170669,restore,FileSystemStorage,4194304,1,4194552,1857272,1799047
1779837413.176136,restore,FileSystemStorage,4194304,1,4194552,1926185,1873092
1779837413.181753,restore,FileSystemStorage,4194304,1,4194552,1928917,1841775
1779837413.187696,restore,FileSystemStorage,4194304,1,4194552,2021630,1956605
1779837413.192919,restore,FileSystemStorage,4194304,1,4194552,1906462,1850395
1779837413.197493,restore,FileSystemStorage,4194304,1,4194552,1879276,1822068
1779837413.203856,restore,FileSystemStorage,4194304,1,4194552,1997464,1909569
1779837413.208788,restore,FileSystemStorage,4194304,1,4194552,1905354,1848456
1779837413.214668,restore,FileSystemStorage,4194304,1,4194552,1670055,1597786
1779837413.220153,restore,FileSystemStorage,4194304,1,4194552,1969595,1918843
1779837413.225165,restore,FileSystemStorage,4194304,1,4194552,2160920,2106139
1779837413.230176,restore,FileSystemStorage,4194304,1,4194552,1944620,1869497
1779837413.234748,restore,FileSystemStorage,4194304,1,4194552,1905997,1853538
1779837413.240495,restore,FileSystemStorage,4194304,1,4194552,1637486,1583648
1779837413.246183,restore,FileSystemStorage,4194304,1,4194552,1953483,1881378
1779837413.251509,restore,FileSystemStorage,4194304,1,4194552,2092922,2042433
1779837413.255892,restore,FileSystemStorage,4194304,1,4194552,2083873,2036380
1779837413.261739,restore,FileSystemStorage,4194304,1,4194552,2344087,2267515
1779837413.268711,restore,FileSystemStorage,4194304,1,4194552,2444413,2366974
1779837413.273811,restore,FileSystemStorage,4194304,1,4194552,1980805,1919493
1779837413.278862,restore,FileSystemStorage,4194304,1,4194552,1884632,1810447
1779837413.284734,restore,FileSystemStorage,4194304,1,4194552,2076772,2002659
1779837413.290719,restore,FileSystemStorage,4194304,1,4194552,1977210,1930091
1779837413.296688,restore,FileSystemStorage,4194304,1,4194552,2050856,2005223
1779837413.303883,restore,FileSystemStorage,4194304,1,4194552,2251456,2174949
1779837413.310132,restore,FileSystemStorage,4194304,1,4194552,2031055,1958160
1779837413.313617,restore,FileSystemStorage,4194304,1,4194552,1537837,1481253
1779837413.318676,restore,FileSystemStorage,4194304,1,4194552,2002875,1928224
1779837413.323796,restore,FileSystemStorage,4194304,1,4194552,2064335,2011695
1779837413.328150,restore,FileSystemStorage,4194304,1,4194552,1862746,1814455
1779837413.332798,restore,FileSystemStorage,4194304,1,4194552,2007291,1951456
1779837413.336785,restore,FileSystemStorage,4194304,1,4194552,1769825,1725885
1779837413.341279,restore,FileSystemStorage,4194304,1,4194552,2282109,2235129
1779837413.346650,restore,FileSystemStorage,4194304,1,4194552,1988370,1914731
1779837413.351691,restore,FileSystemStorage,4194304,1,4194552,2032302,1957225
1779837413.356106,restore,FileSystemStorage,4194304,1,4194552,1919776,1873139
1779837413.361405,restore,FileSystemStorage,4194304,1,4194552,2412913,2360448
1779837413.365991,restore,FileSystemStorage,4194304,1,4194552,2158264,2081191
1779837413.371424,restore,FileSystemStorage,4194304,1,4194552,2045258,1996111
1779837413.376232,restore,FileSystemStorage,4194304,1,4194552,2047945,1987799
1779837413.382278,restore,FileSystemStorage,4194304,1,4194552,2101539,2023474
1779837413.387503,restore,FileSystemStorage,4194304,1,4194552,2103998,2054198
1779837413.392733,restore,FileSystemStorage,4194304,1,4194552,1892041,1831470
1779837413.398337,restore,FileSystemStorage,4194304,1,4194552,2260162,2184010
1779837413.404087,restore,FileSystemStorage,4194304,1,4194552,2173200,2095179
1779837413.409541,restore,FileSystemStorage,4194304,1,4194552,2195853,2119845
1779837413.415287,restore,FileSystemStorage,4194304,1,4194552,1740998,1660773
1779837413.421782,restore,FileSystemStorage,4194304,1,4194552,2272283,2188573
1779837413.427244,restore,FileSystemStorage,4194304,1,4194552,2420948,2336864
1779837413.433141,restore,FileSystemStorage,4194304,1,4194552,2101084,2013697
1779837413.438316,restore,FileSystemStorage,4194304,1,4194552,2337996,2252185
1779837413.444026,restore,FileSystemStorage,4194304,1,4194552,2277213,2194318
1779837413.450459,restore,FileSystemStorage,4194304,1,4194552,2371865,2286700
1779837413.455773,restore,FileSystemStorage,4194304,1,4194552,2285929,2196928
1779837413.461200,restore,FileSystemStorage,4194304,1,4194552,2148548,2080558
1779837413.466842,restore,FileSystemStorage,4194304,1,4194552,2143576,2057868
1779837413.472818,restore,FileSystemStorage,4194304,1,4194552,1992810,1933093
1779837413.477630,restore,FileSystemStorage,4194304,1,4194552,2068983,1986919
1779837413.483361,restore,FileSystemStorage,4194304,1,4194552,2114952,2031609
1779837413.489983,restore,FileSystemStorage,4194304,1,4194552,2153667,2075484
1779837413.495642,restore,FileSystemStorage,4194304,1,4194552,1942436,1890746
1779837413.501475,restore,FileSystemStorage,4194304,1,4194552,2067700,2020152
1779837413.505471,restore,FileSystemStorage,4194304,1,4194552,2177728,2129496
1779837413.511449,restore,FileSystemStorage,4194304,1,4194552,2461153,2383726
1779837413.517428,restore,FileSystemStorage,4194304,1,4194552,2057915,2001588
1779837413.523580,restore,FileSystemStorage,4194304,1,4194552,2141056,2066298
1779837413.528286,restore,FileSystemStorage,4194304,1,4194552,2042066,1991554
1779837413.533544,restore,FileSystemStorage,4194304,1,4194552,1987117,1911659
1779837413.538315,restore,FileSystemStorage,4194304,1,4194552,2102766,2032269
1779837413.543987,restore,FileSystemStorage,4194304,1,4194552,2117401,2063952
1779837413.549713,restore,FileSystemStorage,4194304,1,4194552,2175971,2105178
1779837413.555469,restore,FileSystemStorage,4194304,1,4194552,1907142,1830068
1779837413.559395,restore,FileSystemStorage,4194304,1,4194552,1965092,1911056
1779837413.564291,restore,FileSystemStorage,4194304,1,4194552,1736780,1690184
1779837413.568914,restore,FileSystemStorage,4194304,1,4194552,2088550,2035451
1779837413.574255,restore,FileSystemStorage,4194304,1,4194552,1576608,1514161
1779837413.578702,restore,FileSystemStorage,4194304,1,4194552,1866404,1793976
1779837413.584582,restore,FileSystemStorage,4194304,1,4194552,2407158,2328502
1779837413.589926,restore,FileSystemStorage,4194304,1,4194552,2273670,2196729
1779837413.595911,restore,FileSystemStorage,4194304,1,4194552,2224186,2164566
1779837413.601509,restore,FileSystemStorage,4194304,1,4194552,1962565,1893869
1779837413.607753,restore,FileSystemStorage,4194304,1,4194552,2121736,2059448
1779837413.614232,restore,FileSystemStorage,4194304,1,4194552,2364801,2290832
1779837413.620491,restore,FileSystemStorage,4194304,1,4194552,2405394,2330485
1779837413.626593,restore,FileSystemStorage,4194304,1,4194552,2509315,2421807
1779837413.631478,restore,FileSystemStorage,4194304,1,4194552,2480489,2404656
1779837413.636697,restore,FileSystemStorage,4194304,1,4194552,1972699,1900202
1779837413.641962,restore,FileSystemStorage,4194304,1,4194552,2108081,2034834
1779837413.647586,restore,FileSystemStorage,4194304,1,4194552,2099646,2049846
1779837413.652774,restore,FileSystemStorage,4194304,1,4194552,1758135,1710700
1779837413.657322,restore,FileSystemStorage,4194304,1,4194552,1812199,1769880
1779837413.660575,restore,FileSystemStorage,4194304,1,4194552,2018745,1974607
1779837413.665609,restore,FileSystemStorage,4194304,1,4194552,2101015,2027314
1779837413.670599,restore,FileSystemStorage,4194304,1,4194552,2056576,2005501
1779837413.675585,restore,FileSystemStorage,4194304,1,4194552,2036201,1991117
1779837413.681158,restore,FileSystemStorage,4194304,1,4194552,2083273,2037439
1779837413.687837,restore,FileSystemStorage,4194304,1,4194552,2241290,2171228
1779837413.692678,restore,FileSystemStorage,4194304,1,4194552,1852179,1796149
1779837413.697895,restore,FileSystemStorage,4194304,1,4194552,1240002,1166493
1779837413.702476,restore,FileSystemStorage,4194304,1,4194552,1206551,1133487
1779837413.707544,restore,FileSystemStorage,4194304,1,4194552,1213685,1142150
1779837413.711996,restore,FileSystemStorage,4194304,1,4194552,1046053,948405
1779837413.714995,restore,FileSystemStorage,4194304,1,4194552,939769,872359
1779837413.718904,restore,FileSystemStorage,4194304,1,4194552,1267465,1222820
1779837413.723120,restore,FileSystemStorage,4194304,1,4194552,1021204,948509
1779837413.726910,restore,FileSystemStorage,4194304,1,4194552,1061837,1016566
1779837413.730937,restore,FileSystemStorage,4194304,1,4194552,1177991,1136148
1779837413.734046,restore,FileSystemStorage,4194304,1,4194552,1149226,1111061
1779837413.736867,restore,FileSystemStorage,4194304,1,4194552,1028724,977956
1779837413.741532,restore,FileSystemStorage,4194304,1,4194552,1458536,1383453
1779837413.746139,restore,FileSystemStorage,4194304,1,4194552,1256326,1186897
1779837413.750422,restore,FileSystemStorage,4194304,1,4194552,1237931,1167667
1779837413.754413,restore,FileSystemStorage,4194304,1,4194552,1150339,1102403
1779837413.758329,restore,FileSystemStorage,4194304,1,4194552,1238666,1169041
1779837413.763532,restore,FileSystemStorage,4194304,1,4194552,1525437,1476058
1779837413.768703,restore,FileSystemStorage,4194304,1,4194552,1633705,1559221
1779837413.774357,restore,FileSystemStorage,4194304,1,4194552,1201731,1132278
1779837413.779659,restore,FileSystemStorage,4194304,1,4194552,1182326,1110147
1779837413.785432,restore,FileSystemStorage,4194304,1,4194552,1267384,1196013
1779837413.790961,restore,FileSystemStorage,4194304,1,4194552,1215890,1137252
1779837413.796019,restore,FileSystemStorage,4194304,1,4194552,1358122,1286434
1779837413.801539,restore,FileSystemStorage,4194304,1,4194552,1472034,1399816
1779837413.806569,restore,FileSystemStorage,4194304,1,4194552,1226084,1153536
1779837413.810955,restore,FileSystemStorage,4194304,1,4194552,1281000,1232616
1779837413.816133,restore,FileSystemStorage,4194304,1,4194552,1625844,1552941
1779837413.821538,restore,FileSystemStorage,4194304,1,4194552,1330441,1258885
1779837413.825858,restore,FileSystemStorage,4194304,1,4194552,941258,871272
1779837413.829193,restore,FileSystemStorage,4194304,1,4194552,923285,851587
1779837413.833529,restore,FileSystemStorage,4194304,1,4194552,1227567,1159070
1779837413.838071,restore,FileSystemStorage,4194304,1,4194552,1227519,1158426
1779837413.844003,restore,FileSystemStorage,4194304,1,4194552,1144652,1093019
1779837413.849329,restore,FileSystemStorage,4194304,1,4194552,1257941,1185575
1779837413.855103,restore,FileSystemStorage,4194304,1,4194552,1182451,1107202
1779837413.860771,restore,FileSystemStorage,4194304,1,4194552,1441910,1366153
1779837413.866144,restore,FileSystemStorage,4194304,1,4194552,1186925,1118820
1779837413.870959,restore,FileSystemStorage,4194304,1,4194552,1166917,1091742
1779837413.875869,restore,FileSystemStorage,4194304,1,4194552,928428,868188
1779837413.880676,restore,FileSystemStorage,4194304,1,4194552,1321851,1275797
1779837413.886185,restore,FileSystemStorage,4194304,1,4194552,1277217,1203371
1779837413.891561,restore,FileSystemStorage,4194304,1,4194552,1395724,1316941
1779837413.896381,restore,FileSystemStorage,4194304,1,4194552,1435663,1338456
1779837413.901268,restore,FileSystemStorage,4194304,1,4194552,1225190,1170195
1779837413.907006,restore,FileSystemStorage,4194304,1,4194552,1227467,1131708
1779837413.910646,restore,FileSystemStorage,4194304,1,4194552,1236301,1183393
1779837413.915913,restore,FileSystemStorage,4194304,1,4194552,1399606,1344726
1779837413.921316,restore,FileSystemStorage,4194304,1,4194552,1346938,1272834
1779837413.926622,restore,FileSystemStorage,4194304,1,4194552,1310091,1240034
1779837413.931469,restore,FileSystemStorage,4194304,1,4194552,1488539,1417455
1779837413.936700,restore,FileSystemStorage,4194304,1,4194552,1673336,1598266
1779837413.941847,restore,FileSystemStorage,4194304,1,4194552,1214934,1144612
1779837413.946610,restore,FileSystemStorage,4194304,1,4194552,1277961,1207560
1779837413.951890,restore,FileSystemStorage,4194304,1,4194552,1408470,1335777
1779837413.957259,restore,FileSystemStorage,4194304,1,4194552,1362398,1292226
1779837413.961990,restore,FileSystemStorage,4194304,1,4194552,1339462,1269618
1779837413.966162,restore,FileSystemStorage,4194304,1,4194552,1208537,1162510
1779837413.969891,restore,FileSystemStorage,4194304,1,4194552,1155939,1111004
1779837413.974452,restore,FileSystemStorage,4194304,1,4194552,1067099,994260
1779837413.978633,restore,FileSystemStorage,4194304,1,4194552,1071831,1016347
1779837413.980833,restore,FileSystemStorage,4194304,1,4194552,1151051,1102265
1779837413.985656,restore,FileSystemStorage,4194304,1,4194552,1194240,1122489
1779837413.990099,restore,FileSystemStorage,4194304,1,4194552,1193454,1120104
1779837413.995073,restore,FileSystemStorage,4194304,1,4194552,1123543,1073027
1779837413.998023,restore,FileSystemStorage,4194304,1,4194552,1101165,1056493
1779837414.001187,restore,FileSystemStorage,4194304,1,4194552,1144041,1104277
1779837414.005218,restore,FileSystemStorage,4194304,1,4194552,1206682,1134249
1779837414.009678,restore,FileSystemStorage,4194304,1,4194552,1228274,1157607
1779837414.014956,restore,FileSystemStorage,4194304,1,4194552,1177788,1102411
1779837414.019719,restore,FileSystemStorage,4194304,1,4194552,1255251,1209845
1779837414.024089,restore,FileSystemStorage,4194304,1,4194552,1024968,950535
1779837414.027929,restore,FileSystemStorage,4194304,1,4194552,1548438,1499540
1779837414.031766,restore,FileSystemStorage,4194304,1,4194552,1176205,1116304
1779837414.035399,restore,FileSystemStorage,4194304,1,4194552,1442336,1371089
1779837414.039827,restore,FileSystemStorage,4194304,1,4194552,1412620,1339967
1779837414.043928,restore,FileSystemStorage,4194304,1,4194552,1426791,1354700
1779837414.047547,restore,FileSystemStorage,4194304,1,4194552,1271040,1199728
1779837414.052701,restore,FileSystemStorage,4194304,1,4194552,1657752,1581867
1779837414.057099,restore,FileSystemStorage,4194304,1,4194552,1236724,1165194
1779837414.061800,restore,FileSystemStorage,4194304,1,4194552,1268912,1197969
1779837414.066236,restore,FileSystemStorage,4194304,1,4194552,1267795,1198141
1779837414.070914,restore,FileSystemStorage,4194304,1,4194552,941085,888247
1779837414.074780,restore,FileSystemStorage,4194304,1,4194552,903061,859152
1779837414.078143,restore,FileSystemStorage,4194304,1,4194552,857642,814883
1779837414.080255,restore,FileSystemStorage,4194304,1,4194552,944844,899040
1779837414.084961,restore,FileSystemStorage,4194304,1,4194552,1310175,1270901
1779837414.089344,restore,FileSystemStorage,4194304,1,4194552,1226277,1156437
1779837414.094205,restore,FileSystemStorage,4194304,1,4194552,1280989,1206469
1779837414.098538,restore,FileSystemStorage,4194304,1,4194552,1087535,1013094
1779837414.103393,restore,FileSystemStorage,4194304,1,4194552,1312124,1240985
1779837414.108545,restore,FileSystemStorage,4194304,1,4194552,1496499,1429038
1779837414.113778,restore,FileSystemStorage,4194304,1,4194552,1388267,1312300
1779837414.118349,restore,FileSystemStorage,4194304,1,4194552,1066929,994646
1779837414.123577,restore,FileSystemStorage,4194304,1,4194552,1482085,1408024
1779837414.127762,restore,FileSystemStorage,4194304,1,4194552,1259242,1184615
1779837414.132615,restore,FileSystemStorage,4194304,1,4194552,1644804,1544414
1779837414.137163,restore,FileSystemStorage,4194304,1,4194552,1221865,1148914
1779837414.142469,restore,FileSystemStorage,4194304,1,4194552,1206061,1136851
1779837414.148080,restore,FileSystemStorage,4194304,1,4194552,1243764,1165520
1779837414.153349,restore,FileSystemStorage,4194304,1,4194552,1095151,1021703
1779837414.158395,restore,FileSystemStorage,4194304,1,4194552,1268246,1200258
1779837414.162742,restore,FileSystemStorage,4194304,1,4194552,917517,866301
1779837414.168411,restore,FileSystemStorage,4194304,1,4194552,1500957,1439688
1779837414.172868,restore,FileSystemStorage,4194304,1,4194552,1071837,1034352
1779837414.179035,restore,FileSystemStorage,4194304,1,4194552,1183715,1112242
1779837414.184382,restore,FileSystemStorage,4194304,1,4194552,1329413,1256209
1779837414.189790,restore,FileSystemStorage,4194304,1,4194552,1254150,1179139
1779837414.195724,restore,FileSystemStorage,4194304,1,4194552,1435898,1363066
1779837414.201008,restore,FileSystemStorage,4194304,1,4194552,1435360,1360308
1779837414.206675,restore,FileSystemStorage,4194304,1,4194552,1221366,1152307
1779837414.211709,restore,FileSystemStorage,4194304,1,4194552,1458320,1385013
1779837414.217566,restore,FileSystemStorage,4194304,1,4194552,1379894,1302554
1779837414.222494,restore,FileSystemStorage,4194304,1,4194552,1205637,1135276
1779837414.228441,restore,FileSystemStorage,4194304,1,4194552,1602809,1526015
1779837414.233225,restore,FileSystemStorage,4194304,1,4194552,1507819,1432314
1779837414.237748,restore,FileSystemStorage,4194304,1,4194552,1335227,1281231
1779837414.243115,restore,FileSystemStorage,4194304,1,4194552,1233774,1162155
1779837414.249065,restore,FileSystemStorage,4194304,1,4194552,1518383,1443391
1779837414.254890,restore,FileSystemStorage,4194304,1,4194552,1211829,1140977
1779837414.259570,restore,FileSystemStorage,4194304,1,4194552,1453121,1395720
1779837414.264701,restore,FileSystemStorage,4194304,1,4194552,1548418,1475179
1779837414.269970,restore,FileSystemStorage,4194304,1,4194552,1294342,1212051
1779837414.276139,restore,FileSystemStorage,4194304,1,4194552,1304755,1252115
1779837414.281150,restore,FileSystemStorage,4194304,1,4194552,1248156,1191537
1779837414.285749,restore,FileSystemStorage,4194304,1,4194552,1214161,1139092
1779837414.290995,restore,FileSystemStorage,4194304,1,4194552,1236148,1137310
1779837414.296613,restore,FileSystemStorage,4194304,1,4194552,1668795,1564476
1779837414.300709,restore,FileSystemStorage,4194304,1,4194552,1262750,1204574
1779837414.305638,restore,FileSystemStorage,4194304,1,4194552,1260626,1212943
1779837414.308849,restore,FileSystemStorage,4194304,1,4194552,959212,905751
1779837414.313930,restore,FileSystemStorage,4194304,1,4194552,1360213,1288248
1779837414.319018,restore,FileSystemStorage,4194304,1,4194552,1019505,941769
1779837414.323713,restore,FileSystemStorage,4194304,1,4194552,1375893,1303570
1779837414.328252,restore,FileSystemStorage,4194304,1,4194552,1222586,1145451
1779837414.332289,restore,FileSystemStorage,4194304,1,4194552,1247162,1173514
1779837414.336016,restore,FileSystemStorage,4194304,1,4194552,1273619,1211945
1779837414.339460,restore,FileSystemStorage,4194304,1,4194552,992546,931393
1779837414.344501,restore,FileSystemStorage,4194304,1,4194552,1475074,1399766
1779837414.350176,restore,FileSystemStorage,4194304,1,4194552,986628,915916
1779837414.355520,restore,FileSystemStorage,4194304,1,4194552,1539685,1468829
1779837414.359031,restore,FileSystemStorage,4194304,1,4194552,1032857,964636
1779837414.363453,restore,FileSystemStorage,4194304,1,4194552,1433132,1356092
1779837414.368287,restore,FileSystemStorage,4194304,1,4194552,1348384,1248466
1779837414.373650,restore,FileSystemStorage,4194304,1,4194552,1311842,1240944
1779837414.378500,restore,FileSystemStorage,4194304,1,4194552,1109392,1036554
1779837414.383559,restore,FileSystemStorage,4194304,1,4194552,1480261,1405858
1779837414.389404,restore,FileSystemStorage,4194304,1,4194552,1199506,1122484
1779837414.394968,restore,FileSystemStorage,4194304,1,4194552,1419599,1344015
1779837414.399941,restore,FileSystemStorage,4194304,1,4194552,1342203,1267622
1779837414.404546,restore,FileSystemStorage,4194304,1,4194552,1544538,1490451
1779837414.409495,restore,FileSystemStorage,4194304,1,4194552,1224026,1150986
1779837414.414558,restore,FileSystemStorage,4194304,1,4194552,1311078,1240042
1779837414.420560,restore,FileSystemStorage,4194304,1,4194552,1672965,1598574
1779837414.425673,restore,FileSystemStorage,4194304,1,4194552,1365436,1294702
1779837414.431670,restore,FileSystemStorage,4194304,1,4194552,1343081,1269064
1779837414.437187,restore,FileSystemStorage,4194304,1,4194552,1256474,1183741
1779837414.442952,restore,FileSystemStorage,4194304,1,4194552,1248056,1177243
1779837414.448591,restore,FileSystemStorage,4194304,1,4194552,1547521,1473246
1779837414.453745,restore,FileSystemStorage,4194304,1,4194552,1214062,1141193
1779837414.459611,restore,FileSystemStorage,4194304,1,4194552,1164996,1093247
1779837414.464594,restore,FileSystemStorage,4194304,1,4194552,1545437,1468640
1779837414.469808,restore,FileSystemStorage,4194304,1,4194552,1252143,1173538
1779837414.475400,restore,FileSystemStorage,4194304,1,4194552,1440049,1367152
1779837414.480968,restore,FileSystemStorage,4194304,1,4194552,1536462,1460103
1779837414.486100,restore,FileSystemStorage,4194304,1,4194552,1274716,1201817
1779837414.491633,restore,FileSystemStorage,4194304,1,4194552,1427996,1350522
1779837414.496604,restore,FileSystemStorage,4194304,1,4194552,1675153,1575253
1779837414.501460,restore,FileSystemStorage,4194304,1,4194552,1212006,1142133
1779837414.506725,restore,FileSystemStorage,4194304,1,4194552,1305431,1237488
1779837414.511574,restore,FileSystemStorage,4194304,1,4194552,1644292,1592087
1779837414.517353,restore,FileSystemStorage,4194304,1,4194552,1190216,1116120
1779837414.522350,restore,FileSystemStorage,4194304,1,4194552,1263832,1192863
1779837414.528366,restore,FileSystemStorage,4194304,1,4194552,1466446,1413565
1779837414.532919,restore,FileSystemStorage,4194304,1,4194552,1297806,1226840
1779837418.761340,spill,FileSystemStorage,8388608,1,8388856,9941239,4828394
1779837418.781222,spill,FileSystemStorage,8388608,1,8388856,8522027,4410479
1779837418.799979,spill,FileSystemStorage,8388608,1,8388856,5405130,4563629
1779837418.801326,spill,FileSystemStorage,8388608,6,50333136,49860205,28192140
1779837418.814489,spill,FileSystemStorage,8388608,1,8388856,6501467,5098604
1779837418.816106,spill,FileSystemStorage,8388608,1,8388856,6345466,4961697
1779837418.821147,spill,FileSystemStorage,8388608,1,8388856,6080044,4957928
1779837418.822031,spill,FileSystemStorage,8388608,1,8388856,10053532,4820337
1779837418.823568,spill,FileSystemStorage,8388608,1,8388856,6185976,4876345
1779837418.827617,spill,FileSystemStorage,8388608,1,8388856,5686949,4629835
1779837418.830116,spill,FileSystemStorage,8388608,1,8388856,5573680,4810130
1779837418.831983,spill,FileSystemStorage,8388608,1,8388856,9327318,4716040
1779837418.834334,spill,FileSystemStorage,8388608,1,8388856,5956512,5138001
1779837418.838991,spill,FileSystemStorage,8388608,1,8388856,6394527,5031108
1779837418.839774,spill,FileSystemStorage,8388608,1,8388856,6039466,4939934
1779837418.841394,spill,FileSystemStorage,8388608,1,8388856,6437703,5231360
1779837418.845887,spill,FileSystemStorage,8388608,1,8388856,6100052,4890862
1779837418.846195,spill,FileSystemStorage,8388608,1,8388856,5883197,4854362
1779837418.847658,spill,FileSystemStorage,8388608,1,8388856,5713946,4924384
1779837418.852380,spill,FileSystemStorage,8388608,1,8388856,5803578,4582433
1779837418.857613,spill,FileSystemStorage,8388608,1,8388856,5964002,5182353
1779837418.858785,spill,FileSystemStorage,8388608,1,8388856,5932553,4927665
1779837418.859612,spill,FileSystemStorage,8388608,1,8388856,5884735,5110645
1779837418.864068,spill,FileSystemStorage,8388608,1,8388856,6009408,5062693
1779837418.865531,spill,FileSystemStorage,8388608,1,8388856,6072171,4864997
1779837418.866549,spill,FileSystemStorage,8388608,1,8388856,6136468,5005012
1779837418.870627,spill,FileSystemStorage,8388608,1,8388856,5733982,4855778
1779837418.871735,spill,FileSystemStorage,8388608,1,8388856,5688340,4909528
1779837418.873081,spill,FileSystemStorage,8388608,1,8388856,5639281,4726021
1779837418.877638,spill,FileSystemStorage,8388608,1,8388856,5868330,5018121
1779837418.880620,spill,FileSystemStorage,8388608,1,8388856,6058949,4894437
1779837418.882212,spill,FileSystemStorage,8388608,1,8388856,5778012,4950346
1779837418.884313,spill,FileSystemStorage,8388608,1,8388856,6273137,5354671
1779837418.887094,spill,FileSystemStorage,8388608,1,8388856,5855947,5045866
1779837418.888427,spill,FileSystemStorage,8388608,1,8388856,5809570,4969059
1779837418.890969,spill,FileSystemStorage,8388608,1,8388856,5812697,4994094
1779837418.893597,spill,FileSystemStorage,8388608,1,8388856,5706277,4908556
1779837418.894687,spill,FileSystemStorage,8388608,1,8388856,5526677,4770228
1779837418.901241,spill,FileSystemStorage,8388608,1,8388856,5518670,4595030
1779837418.905683,spill,FileSystemStorage,8388608,1,8388856,5985839,5156269
1779837418.907809,spill,FileSystemStorage,8388608,1,8388856,6100533,4989170
1779837418.912242,spill,FileSystemStorage,8388608,1,8388856,5993463,5049208
1779837418.912565,spill,FileSystemStorage,8388608,2,16777712,14455149,9566717
1779837418.914117,spill,FileSystemStorage,8388608,1,8388856,5573783,4824111
1779837418.920303,spill,FileSystemStorage,8388608,1,8388856,5664530,4838888
1779837418.921809,spill,FileSystemStorage,8388608,1,8388856,5823920,5002630
1779837418.923404,spill,FileSystemStorage,8388608,1,8388856,5979349,5183605
1779837418.926688,spill,FileSystemStorage,8388608,1,8388856,5748978,4950066
1779837418.928067,spill,FileSystemStorage,8388608,1,8388856,5815853,4951333
1779837418.930180,spill,FileSystemStorage,8388608,1,8388856,6046923,4949516
1779837418.932728,spill,FileSystemStorage,8388608,1,8388856,5631684,4814019
1779837418.934762,spill,FileSystemStorage,8388608,1,8388856,5956247,4798515
1779837418.936534,spill,FileSystemStorage,8388608,1,8388856,5925887,4949440
1779837418.939156,spill,FileSystemStorage,8388608,1,8388856,5351193,4636092
1779837418.943829,spill,FileSystemStorage,8388608,1,8388856,5795387,4946376
1779837418.944772,spill,FileSystemStorage,8388608,30,251665680,193671479,141273309
1779837418.945707,spill,FileSystemStorage,8388608,1,8388856,5749658,4971924
1779837418.946629,spill,FileSystemStorage,8388608,1,8388856,5692280,4915256
1779837418.951116,spill,FileSystemStorage,8388608,1,8388856,6374060,5362699
1779837418.951958,spill,FileSystemStorage,8388608,1,8388856,6460749,5254927
1779837418.952112,spill,FileSystemStorage,8388608,1,8388856,5924148,5111296
1779837418.992465,spill,FileSystemStorage,8388608,1,8388856,6416357,5287894
1779837418.994480,spill,FileSystemStorage,8388608,1,8388856,6700374,5337027
1779837418.994897,spill,FileSystemStorage,8388608,1,8388856,6260527,5247015
1779837418.999489,spill,FileSystemStorage,8388608,1,8388856,6375516,5054965
1779837419.000990,spill,FileSystemStorage,8388608,1,8388856,6044347,5047641
1779837419.001791,spill,FileSystemStorage,8388608,1,8388856,6019999,5037565
1779837419.006015,spill,FileSystemStorage,8388608,1,8388856,5823688,4846083
1779837419.007784,spill,FileSystemStorage,8388608,1,8388856,6067341,4892189
1779837419.013535,spill,FileSystemStorage,8388608,1,8388856,6058705,5095680
1779837419.014794,spill,FileSystemStorage,8388608,1,8388856,6101272,5207657
1779837419.015805,spill,FileSystemStorage,8388608,1,8388856,5868573,4831029
1779837419.019921,spill,FileSystemStorage,8388608,1,8388856,5854509,4941247
1779837419.021969,spill,FileSystemStorage,8388608,1,8388856,6056226,5055052
1779837419.022661,spill,FileSystemStorage,8388608,1,8388856,6312232,5081581
1779837419.026513,spill,FileSystemStorage,8388608,1,8388856,5672588,4749140
1779837419.028232,spill,FileSystemStorage,8388608,1,8388856,5755580,4793063
1779837419.028951,spill,FileSystemStorage,8388608,1,8388856,5918336,4778007
1779837419.033032,spill,FileSystemStorage,8388608,1,8388856,5973909,4749755
1779837419.036577,spill,FileSystemStorage,8388608,1,8388856,5737676,4931444
1779837419.039119,spill,FileSystemStorage,8388608,1,8388856,6041304,5191356
1779837419.040052,spill,FileSystemStorage,8388608,1,8388856,6277146,5094487
1779837419.042794,spill,FileSystemStorage,8388608,1,8388856,5675840,4800289
1779837419.046020,spill,FileSystemStorage,8388608,1,8388856,5606527,4684786
1779837419.148189,spill,FileSystemStorage,8388608,30,251665680,162887979,127368466
1779837424.314077,restore,FileSystemStorage,8388608,1,8388856,4148690,4060508
1779837424.320158,restore,FileSystemStorage,8388608,1,8388856,3855930,3789951
1779837424.326968,restore,FileSystemStorage,8388608,1,8388856,4024950,3952589
1779837424.334848,restore,FileSystemStorage,8388608,1,8388856,3775014,3691089
1779837424.341791,restore,FileSystemStorage,8388608,1,8388856,3742256,3674234
1779837424.349045,restore,FileSystemStorage,8388608,1,8388856,3907692,3827199
1779837424.356065,restore,FileSystemStorage,8388608,1,8388856,3858519,3779638
1779837424.362545,restore,FileSystemStorage,8388608,1,8388856,3781932,3717081
1779837424.371028,restore,FileSystemStorage,8388608,1,8388856,4085105,3984962
1779837424.378404,restore,FileSystemStorage,8388608,1,8388856,4066823,3990979
1779837424.386142,restore,FileSystemStorage,8388608,1,8388856,3895123,3823032
1779837424.393969,restore,FileSystemStorage,8388608,1,8388856,3838947,3766668
1779837424.401809,restore,FileSystemStorage,8388608,1,8388856,3910820,3834009
1779837424.409759,restore,FileSystemStorage,8388608,1,8388856,3989475,3912981
1779837424.415946,restore,FileSystemStorage,8388608,1,8388856,3822158,3732301
1779837424.424014,restore,FileSystemStorage,8388608,1,8388856,4234917,4151721
1779837424.431483,restore,FileSystemStorage,8388608,1,8388856,4080093,3990371
1779837424.439559,restore,FileSystemStorage,8388608,1,8388856,4132470,4050499
1779837424.447967,restore,FileSystemStorage,8388608,1,8388856,4182170,4099673
1779837424.456109,restore,FileSystemStorage,8388608,1,8388856,3981647,3899559
1779837424.464243,restore,FileSystemStorage,8388608,1,8388856,3939220,3858749
1779837424.472461,restore,FileSystemStorage,8388608,1,8388856,4015020,3931674
1779837424.479022,restore,FileSystemStorage,8388608,1,8388856,3477349,3395105
1779837424.486397,restore,FileSystemStorage,8388608,1,8388856,3637459,3561872
1779837424.494520,restore,FileSystemStorage,8388608,1,8388856,3928666,3848791
1779837424.503010,restore,FileSystemStorage,8388608,1,8388856,3962022,3880344
1779837424.510439,restore,FileSystemStorage,8388608,1,8388856,3803290,3721359
1779837424.516974,restore,FileSystemStorage,8388608,1,8388856,3388001,3308844
1779837424.525033,restore,FileSystemStorage,8388608,1,8388856,3827905,3747169
1779837424.532535,restore,FileSystemStorage,8388608,1,8388856,3905086,3824457
1779837424.540002,restore,FileSystemStorage,8388608,1,8388856,3883236,3822611
1779837424.547475,restore,FileSystemStorage,8388608,1,8388856,3936938,3857449
1779837424.555527,restore,FileSystemStorage,8388608,1,8388856,4006968,3920672
1779837424.562103,restore,FileSystemStorage,8388608,1,8388856,3308575,3224980
1779837424.569437,restore,FileSystemStorage,8388608,1,8388856,4021431,3935252
1779837424.576719,restore,FileSystemStorage,8388608,1,8388856,3951618,3873929
1779837424.584822,restore,FileSystemStorage,8388608,1,8388856,4277886,4175664
1779837424.590899,restore,FileSystemStorage,8388608,1,8388856,3825026,3748062
1779837424.597945,restore,FileSystemStorage,8388608,1,8388856,3756397,3675875
1779837424.604921,restore,FileSystemStorage,8388608,1,8388856,3775414,3695480
1779837424.610839,restore,FileSystemStorage,8388608,1,8388856,3841674,3778460
1779837424.616794,restore,FileSystemStorage,8388608,1,8388856,3572479,3500160
1779837424.624416,restore,FileSystemStorage,8388608,1,8388856,3924000,3842045
1779837424.631636,restore,FileSystemStorage,8388608,1,8388856,3740135,3656713
1779837424.638044,restore,FileSystemStorage,8388608,1,8388856,3765500,3711208
1779837424.644869,restore,FileSystemStorage,8388608,1,8388856,3726380,3680541
1779837424.651940,restore,FileSystemStorage,8388608,1,8388856,3748414,3698166
1779837424.658790,restore,FileSystemStorage,8388608,1,8388856,3715862,3650960
1779837424.666098,restore,FileSystemStorage,8388608,1,8388856,3711326,3657531
1779837424.673642,restore,FileSystemStorage,8388608,1,8388856,3906890,3823479
1779837424.681722,restore,FileSystemStorage,8388608,1,8388856,3918960,3829317
1779837424.689925,restore,FileSystemStorage,8388608,1,8388856,3826956,3748011
1779837424.698138,restore,FileSystemStorage,8388608,1,8388856,3711988,3639344
1779837424.706457,restore,FileSystemStorage,8388608,1,8388856,3830225,3752265
1779837424.713441,restore,FileSystemStorage,8388608,1,8388856,3698094,3617803
1779837424.721187,restore,FileSystemStorage,8388608,1,8388856,3868946,3790289
1779837424.728740,restore,FileSystemStorage,8388608,1,8388856,3177440,3096957
1779837424.736750,restore,FileSystemStorage,8388608,1,8388856,3845974,3763141
1779837424.743051,restore,FileSystemStorage,8388608,1,8388856,3529562,3441911
1779837424.750879,restore,FileSystemStorage,8388608,1,8388856,3932317,3814380
1779837424.758370,restore,FileSystemStorage,8388608,1,8388856,3684624,3600215
1779837424.766418,restore,FileSystemStorage,8388608,1,8388856,3633042,3540573
1779837424.773929,restore,FileSystemStorage,8388608,1,8388856,3541592,3460656
1779837424.781395,restore,FileSystemStorage,8388608,1,8388856,3832298,3748202
1779837424.790117,restore,FileSystemStorage,8388608,1,8388856,3972544,3885367
1779837424.798249,restore,FileSystemStorage,8388608,1,8388856,3834037,3753097
1779837424.806252,restore,FileSystemStorage,8388608,1,8388856,3800087,3722439
1779837424.812783,restore,FileSystemStorage,8388608,1,8388856,3844279,3757058
1779837424.819487,restore,FileSystemStorage,8388608,1,8388856,2308296,2220578
1779837424.827928,restore,FileSystemStorage,8388608,1,8388856,4235914,4151156
1779837424.835652,restore,FileSystemStorage,8388608,1,8388856,3695720,3612733
1779837424.840975,restore,FileSystemStorage,8388608,1,8388856,3225436,3170628
1779837424.847712,restore,FileSystemStorage,8388608,1,8388856,3300701,3223086
1779837424.853222,restore,FileSystemStorage,8388608,1,8388856,2216054,2162989
1779837424.859838,restore,FileSystemStorage,8388608,1,8388856,1800405,1725266
1779837424.865635,restore,FileSystemStorage,8388608,1,8388856,2208406,2131124
1779837424.871569,restore,FileSystemStorage,8388608,1,8388856,2235500,2158192
1779837424.878170,restore,FileSystemStorage,8388608,1,8388856,1958336,1887620
1779837424.884587,restore,FileSystemStorage,8388608,1,8388856,2190591,2128700
1779837424.889830,restore,FileSystemStorage,8388608,1,8388856,2101475,2028367
1779837424.896359,restore,FileSystemStorage,8388608,1,8388856,2070651,1990219
1779837424.902587,restore,FileSystemStorage,8388608,1,8388856,2049528,1984306
1779837424.907617,restore,FileSystemStorage,8388608,1,8388856,1994285,1938872
1779837424.912418,restore,FileSystemStorage,8388608,1,8388856,1966253,1918036
1779837424.917816,restore,FileSystemStorage,8388608,1,8388856,2178778,2102618
1779837424.923476,restore,FileSystemStorage,8388608,1,8388856,2226148,2148808
1779837424.930209,restore,FileSystemStorage,8388608,1,8388856,2231854,2155252
1779837424.935918,restore,FileSystemStorage,8388608,1,8388856,1909699,1834012
1779837424.939708,restore,FileSystemStorage,8388608,1,8388856,1925848,1872091
1779837424.945036,restore,FileSystemStorage,8388608,1,8388856,1874078,1823129
1779837424.951404,restore,FileSystemStorage,8388608,1,8388856,2330359,2229260
1779837424.957445,restore,FileSystemStorage,8388608,1,8388856,1983250,1922235
1779837424.963618,restore,FileSystemStorage,8388608,1,8388856,2036052,1962022
1779837424.969062,restore,FileSystemStorage,8388608,1,8388856,2061193,2002989
1779837424.974331,restore,FileSystemStorage,8388608,1,8388856,1759300,1687751
1779837424.979786,restore,FileSystemStorage,8388608,1,8388856,1930716,1879430
1779837424.986071,restore,FileSystemStorage,8388608,1,8388856,2081002,2006982
1779837424.992702,restore,FileSystemStorage,8388608,1,8388856,2390646,2310536
1779837424.998643,restore,FileSystemStorage,8388608,1,8388856,1956181,1883527
1779837425.004335,restore,FileSystemStorage,8388608,1,8388856,2042070,1964094
1779837425.010385,restore,FileSystemStorage,8388608,1,8388856,2022099,1963440
1779837425.016331,restore,FileSystemStorage,8388608,1,8388856,2391729,2341268
1779837425.023493,restore,FileSystemStorage,8388608,1,8388856,2259392,2181813
1779837425.029343,restore,FileSystemStorage,8388608,1,8388856,2345119,2274159
1779837425.034891,restore,FileSystemStorage,8388608,1,8388856,2103764,2023136
1779837425.040841,restore,FileSystemStorage,8388608,1,8388856,1951480,1901597
1779837425.047029,restore,FileSystemStorage,8388608,1,8388856,1995322,1916492
1779837425.053133,restore,FileSystemStorage,8388608,1,8388856,2021126,1946770
1779837425.059743,restore,FileSystemStorage,8388608,1,8388856,2060744,1988356
1779837425.066351,restore,FileSystemStorage,8388608,1,8388856,1971578,1919843
1779837425.070953,restore,FileSystemStorage,8388608,1,8388856,1956220,1904066
1779837425.076969,restore,FileSystemStorage,8388608,1,8388856,2283164,2231159
1779837425.082331,restore,FileSystemStorage,8388608,1,8388856,1826043,1769932
1779837425.088593,restore,FileSystemStorage,8388608,1,8388856,2255319,2180031
1779837425.093525,restore,FileSystemStorage,8388608,1,8388856,2075570,2013471
1779837425.099870,restore,FileSystemStorage,8388608,1,8388856,2165010,2088898
1779837425.105642,restore,FileSystemStorage,8388608,1,8388856,2028698,1957000
1779837425.111044,restore,FileSystemStorage,8388608,1,8388856,1970258,1896328
1779837425.116698,restore,FileSystemStorage,8388608,1,8388856,1905008,1848915
1779837425.122936,restore,FileSystemStorage,8388608,1,8388856,2095650,2016144
1779837425.129254,restore,FileSystemStorage,8388608,1,8388856,2186008,2111342
1779837425.135865,restore,FileSystemStorage,8388608,1,8388856,2074422,1999304
1779837425.140483,restore,FileSystemStorage,8388608,1,8388856,1839604,1793561
1779837425.146079,restore,FileSystemStorage,8388608,1,8388856,2034081,1963691
1779837425.152092,restore,FileSystemStorage,8388608,1,8388856,2005055,1947170
1779837425.158515,restore,FileSystemStorage,8388608,1,8388856,2003894,1932183
1779837425.164177,restore,FileSystemStorage,8388608,1,8388856,2192349,2138430
1779837425.170246,restore,FileSystemStorage,8388608,1,8388856,2212993,2138150
1779837425.176966,restore,FileSystemStorage,8388608,1,8388856,2212482,2117114
1779837425.182688,restore,FileSystemStorage,8388608,1,8388856,2020635,1946869
1779837425.188723,restore,FileSystemStorage,8388608,1,8388856,2203136,2118581
1779837425.194998,restore,FileSystemStorage,8388608,1,8388856,1985043,1883751
1779837425.201598,restore,FileSystemStorage,8388608,1,8388856,2092842,2013507
1779837425.208290,restore,FileSystemStorage,8388608,1,8388856,2297776,2221357
1779837425.213600,restore,FileSystemStorage,8388608,1,8388856,2250925,2175916
1779837425.220619,restore,FileSystemStorage,8388608,1,8388856,2399415,2322485
1779837425.226993,restore,FileSystemStorage,8388608,1,8388856,2258997,2162956
1779837425.232242,restore,FileSystemStorage,8388608,1,8388856,2301348,2220163
1779837425.238343,restore,FileSystemStorage,8388608,1,8388856,2265693,2192693
1779837425.244221,restore,FileSystemStorage,8388608,1,8388856,2202745,2126234
1779837425.249719,restore,FileSystemStorage,8388608,1,8388856,1931220,1850829
1779837425.253188,restore,FileSystemStorage,8388608,1,8388856,1991539,1929701
1779837425.259699,restore,FileSystemStorage,8388608,1,8388856,2199848,2124496
1779837425.266307,restore,FileSystemStorage,8388608,1,8388856,2017700,1944868
1779837425.272497,restore,FileSystemStorage,8388608,1,8388856,2263774,2211522
1779837425.277809,restore,FileSystemStorage,8388608,1,8388856,1943659,1880241
1779837425.284772,restore,FileSystemStorage,8388608,1,8388856,2111237,2035215
1779837425.290768,restore,FileSystemStorage,8388608,1,8388856,2034640,1958693
1779837425.297773,restore,FileSystemStorage,8388608,1,8388856,2267316,2188031
1779837429.580339,spill,FileSystemStorage,16777216,3,50332392,55482135,27232515
1779837429.614711,spill,FileSystemStorage,16777216,1,16777464,11218158,9070476
1779837429.627427,spill,FileSystemStorage,16777216,1,16777464,11443716,9567949
1779837429.630076,spill,FileSystemStorage,16777216,1,16777464,19574457,9744245
1779837429.639445,spill,FileSystemStorage,16777216,1,16777464,10561083,8777156
1779837429.652675,spill,FileSystemStorage,16777216,1,16777464,11071226,9278551
1779837429.657181,spill,FileSystemStorage,16777216,1,16777464,18343054,9704159
1779837429.664386,spill,FileSystemStorage,16777216,1,16777464,10932125,9200539
1779837429.677255,spill,FileSystemStorage,16777216,1,16777464,10999598,9257584
1779837429.681660,spill,FileSystemStorage,16777216,1,16777464,12145841,9721571
1779837429.692541,spill,FileSystemStorage,16777216,1,16777464,11256591,9444549
1779837429.697605,spill,FileSystemStorage,16777216,1,16777464,10987578,9200394
1779837429.704196,spill,FileSystemStorage,16777216,1,16777464,11004651,9394403
1779837429.716572,spill,FileSystemStorage,16777216,1,16777464,11227976,9445723
1779837429.719097,spill,FileSystemStorage,16777216,1,16777464,10989213,9289748
1779837429.727926,spill,FileSystemStorage,16777216,15,251661960,202918945,138513897
1779837429.728360,spill,FileSystemStorage,16777216,1,16777464,11248333,9584831
1779837429.733280,spill,FileSystemStorage,16777216,1,16777464,11193706,8931301
1779837429.740175,spill,FileSystemStorage,16777216,1,16777464,11014962,8678872
1779837429.784521,spill,FileSystemStorage,16777216,1,16777464,12188464,9687298
1779837429.785713,spill,FileSystemStorage,16777216,1,16777464,11513196,9689187
1779837429.797173,spill,FileSystemStorage,16777216,1,16777464,11428024,9440752
1779837429.801040,spill,FileSystemStorage,16777216,1,16777464,11515131,9821666
1779837429.813615,spill,FileSystemStorage,16777216,1,16777464,12264312,9686277
1779837429.815326,spill,FileSystemStorage,16777216,1,16777464,11424191,9610975
1779837429.828086,spill,FileSystemStorage,16777216,1,16777464,11836207,9718193
1779837429.829393,spill,FileSystemStorage,16777216,1,16777464,11442755,9792157
1779837429.839451,spill,FileSystemStorage,16777216,1,16777464,19282220,9689834
1779837429.844370,spill,FileSystemStorage,16777216,1,16777464,11324388,9741544
1779837429.845896,spill,FileSystemStorage,16777216,1,16777464,11626974,9891853
1779837429.858960,spill,FileSystemStorage,16777216,1,16777464,11161290,9464950
1779837429.860689,spill,FileSystemStorage,16777216,1,16777464,11225460,9684007
1779837429.868989,spill,FileSystemStorage,16777216,1,16777464,18197692,9239494
1779837429.875836,spill,FileSystemStorage,16777216,1,16777464,11629994,9960834
1779837429.876607,spill,FileSystemStorage,16777216,1,16777464,11355554,9885420
1779837429.889112,spill,FileSystemStorage,16777216,1,16777464,11067268,9451032
1779837429.892409,spill,FileSystemStorage,16777216,1,16777464,11238103,9762735
1779837429.893735,spill,FileSystemStorage,16777216,1,16777464,11470205,9755229
1779837429.905800,spill,FileSystemStorage,16777216,1,16777464,11071947,9479316
1779837429.908609,spill,FileSystemStorage,16777216,1,16777464,11514365,9987419
1779837429.909911,spill,FileSystemStorage,16777216,1,16777464,11313229,9655590
1779837429.922828,spill,FileSystemStorage,16777216,1,16777464,11413349,9691342
1779837429.924998,spill,FileSystemStorage,16777216,1,16777464,11442205,9745517
1779837429.950420,spill,FileSystemStorage,16777216,15,251661960,180416196,136695551
1779837435.195678,restore,FileSystemStorage,16777216,1,16777464,6494751,6392057
1779837435.206504,restore,FileSystemStorage,16777216,1,16777464,7496634,7415623
1779837435.217813,restore,FileSystemStorage,16777216,1,16777464,7457205,7374966
1779837435.226848,restore,FileSystemStorage,16777216,1,16777464,6076905,6005157
1779837435.237456,restore,FileSystemStorage,16777216,1,16777464,7038876,6949083
1779837435.248338,restore,FileSystemStorage,16777216,1,16777464,7490189,7407473
1779837435.260469,restore,FileSystemStorage,16777216,1,16777464,7509077,7425003
1779837435.270912,restore,FileSystemStorage,16777216,1,16777464,6987143,6908441
1779837435.281962,restore,FileSystemStorage,16777216,1,16777464,7012796,6907320
1779837435.291627,restore,FileSystemStorage,16777216,1,16777464,6547181,6491341
1779837435.302857,restore,FileSystemStorage,16777216,1,16777464,6901101,6847193
1779837435.312183,restore,FileSystemStorage,16777216,1,16777464,6784345,6727568
1779837435.322447,restore,FileSystemStorage,16777216,1,16777464,7141594,7058257
1779837435.333531,restore,FileSystemStorage,16777216,1,16777464,7078252,6997831
1779837435.344546,restore,FileSystemStorage,16777216,1,16777464,7380851,7288348
1779837435.356114,restore,FileSystemStorage,16777216,1,16777464,7459286,7376536
1779837435.366460,restore,FileSystemStorage,16777216,1,16777464,7020610,6937773
1779837435.373357,restore,FileSystemStorage,16777216,1,16777464,3435034,3354638
1779837435.378895,restore,FileSystemStorage,16777216,1,16777464,3552941,3469983
1779837435.386008,restore,FileSystemStorage,16777216,1,16777464,3269234,3203231
1779837435.393854,restore,FileSystemStorage,16777216,1,16777464,3520229,3440878
1779837435.401577,restore,FileSystemStorage,16777216,1,16777464,3486358,3404523
1779837435.409740,restore,FileSystemStorage,16777216,1,16777464,3507005,3424499
1779837435.416844,restore,FileSystemStorage,16777216,1,16777464,3362932,3279367
1779837435.424293,restore,FileSystemStorage,16777216,1,16777464,3693902,3611652
1779837435.431604,restore,FileSystemStorage,16777216,1,16777464,3746230,3683269
1779837435.439899,restore,FileSystemStorage,16777216,1,16777464,3718903,3627085
1779837435.446685,restore,FileSystemStorage,16777216,1,16777464,3738967,3651463
1779837435.453171,restore,FileSystemStorage,16777216,1,16777464,3641843,3563692
1779837435.464512,restore,FileSystemStorage,16777216,1,16777464,7595874,7486489
1779837435.473273,restore,FileSystemStorage,16777216,1,16777464,6860638,6781913
1779837435.483531,restore,FileSystemStorage,16777216,1,16777464,7469268,7389704
1779837435.492778,restore,FileSystemStorage,16777216,1,16777464,6380493,6293317
1779837435.503695,restore,FileSystemStorage,16777216,1,16777464,7626790,7542211
1779837435.513179,restore,FileSystemStorage,16777216,1,16777464,7159535,7094331
1779837435.523711,restore,FileSystemStorage,16777216,1,16777464,6374751,6290317
1779837435.533974,restore,FileSystemStorage,16777216,1,16777464,7086104,7013356
1779837435.544409,restore,FileSystemStorage,16777216,1,16777464,7062764,7000047
1779837435.553982,restore,FileSystemStorage,16777216,1,16777464,7068426,7007359
1779837435.565829,restore,FileSystemStorage,16777216,1,16777464,7203555,7121589
1779837435.577441,restore,FileSystemStorage,16777216,1,16777464,7111173,7033164
1779837435.588826,restore,FileSystemStorage,16777216,1,16777464,7398236,7319458
1779837435.599395,restore,FileSystemStorage,16777216,1,16777464,7170290,7092785
1779837435.607410,restore,FileSystemStorage,16777216,1,16777464,7044400,6974288
1779837435.617215,restore,FileSystemStorage,16777216,1,16777464,6975388,6928117
1779837435.624434,restore,FileSystemStorage,16777216,1,16777464,3443038,3365659
1779837435.631490,restore,FileSystemStorage,16777216,1,16777464,3729979,3648345
1779837435.641752,restore,FileSystemStorage,16777216,1,16777464,6953516,6888771
1779837435.649364,restore,FileSystemStorage,16777216,1,16777464,3652751,3574446
1779837435.657392,restore,FileSystemStorage,16777216,1,16777464,3523277,3441567
1779837435.664932,restore,FileSystemStorage,16777216,1,16777464,3616091,3533913
1779837435.672140,restore,FileSystemStorage,16777216,1,16777464,3543205,3464519
1779837435.679516,restore,FileSystemStorage,16777216,1,16777464,3897604,3812079
1779837435.687433,restore,FileSystemStorage,16777216,1,16777464,3838786,3753217
1779837435.695133,restore,FileSystemStorage,16777216,1,16777464,3654238,3567237
1779837435.702342,restore,FileSystemStorage,16777216,1,16777464,3620385,3535712
1779837435.707162,restore,FileSystemStorage,16777216,1,16777464,3247789,3159530
1779837435.714015,restore,FileSystemStorage,16777216,1,16777464,3731148,3672025
1779837435.721965,restore,FileSystemStorage,16777216,1,16777464,3696219,3614541
1779837435.729698,restore,FileSystemStorage,16777216,1,16777464,3690585,3610264
1779837435.737318,restore,FileSystemStorage,16777216,1,16777464,3697300,3616078
1779837435.744657,restore,FileSystemStorage,16777216,1,16777464,3515288,3428820
1779837435.752954,restore,FileSystemStorage,16777216,1,16777464,3586584,3506318
1779837435.759655,restore,FileSystemStorage,16777216,1,16777464,3333529,3274734
1779837435.768049,restore,FileSystemStorage,16777216,1,16777464,3978358,3901396
1779837435.775497,restore,FileSystemStorage,16777216,1,16777464,3930139,3851005
1779837435.781802,restore,FileSystemStorage,16777216,1,16777464,3319472,3246652
1779837435.789249,restore,FileSystemStorage,16777216,1,16777464,3602450,3529951
1779837435.797764,restore,FileSystemStorage,16777216,1,16777464,3536461,3462620
1779837435.805769,restore,FileSystemStorage,16777216,1,16777464,3654953,3581757
1779837435.813388,restore,FileSystemStorage,16777216,1,16777464,3470280,3397429
1779837435.821188,restore,FileSystemStorage,16777216,1,16777464,3522834,3450304
1779837435.828419,restore,FileSystemStorage,16777216,1,16777464,3471877,3400495
1779837435.836191,restore,FileSystemStorage,16777216,1,16777464,3654397,3577677
1779837440.099658,spill,FileSystemStorage,33554432,1,33554680,38446808,18991734
1779837440.161750,spill,FileSystemStorage,33554432,1,33554680,35439938,17693051
1779837440.214187,spill,FileSystemStorage,33554432,1,33554680,35661262,17776936
1779837440.265007,spill,FileSystemStorage,33554432,1,33554680,34652377,17107760
1779837440.318261,spill,FileSystemStorage,33554432,1,33554680,35862789,18052846
1779837440.348953,spill,FileSystemStorage,33554432,8,268437440,288050624,137537154
1779837440.368940,spill,FileSystemStorage,33554432,1,33554680,34327057,16427067
1779837440.482262,spill,FileSystemStorage,33554432,1,33554680,36737743,17800166
1779837440.532120,spill,FileSystemStorage,33554432,1,33554680,34738575,17142731
1779837440.584849,spill,FileSystemStorage,33554432,1,33554680,35971325,18421783
1779837440.635981,spill,FileSystemStorage,33554432,1,33554680,34614199,16882738
1779837440.689199,spill,FileSystemStorage,33554432,1,33554680,36189547,18611100
1779837440.722664,spill,FileSystemStorage,33554432,8,268437440,285720820,136090566
1779837440.739027,spill,FileSystemStorage,33554432,1,33554680,34154970,16647843
1779837441.066870,spill,FileSystemStorage,33554432,8,268437440,259827198,124507481
1779837446.097626,restore,FileSystemStorage,33554432,1,33554680,14718776,14588243
1779837446.113343,restore,FileSystemStorage,33554432,1,33554680,13811944,13718419
1779837446.130761,restore,FileSystemStorage,33554432,1,33554680,14195011,14098928
1779837446.146647,restore,FileSystemStorage,33554432,1,33554680,11746576,11672995
1779837446.164884,restore,FileSystemStorage,33554432,1,33554680,14140778,14064581
1779837446.182396,restore,FileSystemStorage,33554432,1,33554680,13710964,13607318
1779837446.200364,restore,FileSystemStorage,33554432,1,33554680,13921291,13817557
1779837446.218075,restore,FileSystemStorage,33554432,1,33554680,14028926,13922777
1779837446.229078,restore,FileSystemStorage,33554432,1,33554680,6668314,6577677
1779837446.239843,restore,FileSystemStorage,33554432,1,33554680,6572833,6479299
1779837446.250036,restore,FileSystemStorage,33554432,1,33554680,6689984,6620253
1779837446.260917,restore,FileSystemStorage,33554432,1,33554680,6544690,6460908
1779837446.271435,restore,FileSystemStorage,33554432,1,33554680,6903500,6814759
1779837446.281645,restore,FileSystemStorage,33554432,1,33554680,6892286,6830357
1779837446.292070,restore,FileSystemStorage,33554432,1,33554680,6779283,6688564
1779837446.302281,restore,FileSystemStorage,33554432,1,33554680,6936327,6843618
1779837446.312905,restore,FileSystemStorage,33554432,1,33554680,6667423,6575435
1779837446.322905,restore,FileSystemStorage,33554432,1,33554680,7010363,6934415
1779837446.332902,restore,FileSystemStorage,33554432,1,33554680,6458283,6363783
1779837446.342591,restore,FileSystemStorage,33554432,1,33554680,6779175,6687453
1779837446.352493,restore,FileSystemStorage,33554432,1,33554680,6871101,6776432
1779837446.370426,restore,FileSystemStorage,33554432,1,33554680,14176207,14063360
1779837446.388165,restore,FileSystemStorage,33554432,1,33554680,13897480,13803583
1779837446.404987,restore,FileSystemStorage,33554432,1,33554680,13948900,13849702
1779837446.421581,restore,FileSystemStorage,33554432,1,33554680,13809167,13711050
1779837446.439492,restore,FileSystemStorage,33554432,1,33554680,14270730,14176576
1779837446.455016,restore,FileSystemStorage,33554432,1,33554680,12432976,12354704
1779837446.472214,restore,FileSystemStorage,33554432,1,33554680,13492893,13419690
1779837446.489538,restore,FileSystemStorage,33554432,1,33554680,13816784,13720128
1779837446.500905,restore,FileSystemStorage,33554432,1,33554680,6735797,6643557
1779837446.510765,restore,FileSystemStorage,33554432,1,33554680,6343699,6254890
1779837446.520860,restore,FileSystemStorage,33554432,1,33554680,6464097,6398805
1779837446.532128,restore,FileSystemStorage,33554432,1,33554680,6770797,6689117
1779837446.542765,restore,FileSystemStorage,33554432,1,33554680,6563909,6483283
1779837446.553546,restore,FileSystemStorage,33554432,1,33554680,6746546,6679090
1779837446.563920,restore,FileSystemStorage,33554432,1,33554680,6661752,6566406
