spill,65536,2000,131574000,138868083
spill,65536,1,65787,27960247
spill,65536,1656,108943272,157159735
spill,65536,2000,131574000,171425803
spill,65536,2000,131574000,194580082
spill,65536,3,197361,46203262
spill,65536,4,263148,45329551
spill,65536,1,65787,34531626
spill,65536,10,657870,25943723
spill,65536,10,657870,13469109
spill,65536,1,65787,12216043
spill,65536,2,131574,11763233
spill,65536,3,197361,4836037
spill,65536,2,131574,4249079
spill,65536,4,263148,4065920
spill,65536,1,65787,4231153
spill,65536,2,131574,3652927
spill,65536,2,131574,4270874
spill,65536,2,131574,4564481
spill,65536,3,197361,4843398
spill,65536,3,197361,4330007
spill,65536,2,131574,3048266
spill,65536,1,65787,3319915
spill,65536,5,328935,3192139
spill,65536,2,131574,2993134
spill,65536,5,328935,3383924
spill,65536,2,131574,3601460
spill,65536,1,65787,3456813
spill,65536,3,197361,3192704
spill,65536,4,263148,2706177
spill,65536,2,131574,2984678
spill,65536,4,263148,3353979
spill,65536,2,131574,3555733
spill,65536,1,65787,3625435
spill,65536,2,131574,3316930
spill,65536,1,65787,2860701
spill,65536,2,131574,3256861
spill,65536,1,65787,2531338
spill,65536,2,131574,2525549
spill,65536,2,131574,2703956
spill,65536,2,131574,2805376
spill,65536,1,65787,2586683
spill,65536,3,197361,2785248
spill,65536,2,131574,2608961
spill,65536,1,65787,2609616
spill,65536,1,65787,2498593
spill,65536,1,65787,2408353
spill,65536,1,65787,2392179
spill,65536,5,328935,3051200
spill,65536,2,131574,2649891
spill,65536,3,197361,3075449
spill,65536,3,197361,3137935
spill,65536,2,131574,2733628
spill,65536,1,65787,3018065
spill,65536,2,131574,2854108
spill,65536,2,131574,2678156
spill,65536,2,131574,2702023
spill,65536,1,65787,2804521
spill,65536,1,65787,2531668
spill,65536,1,65787,2443478
spill,65536,2,131574,1871305
spill,65536,2,131574,1069923
spill,65536,1,65787,1272574
spill,65536,1,65787,1115324
spill,65536,1,65787,673864
spill,65536,1,65787,743261
spill,65536,2,131574,740819
spill,65536,2,131574,726457
spill,65536,1,65787,533481
spill,65536,5,328935,762781
spill,65536,7,460509,1043261
spill,65536,2,131574,992482
spill,65536,2,131574,561993
spill,65536,6,394722,1249319
spill,65536,2,131574,464692
spill,65536,1,65787,1180888
spill,65536,2,131574,1329362
spill,65536,1,65787,947587
spill,65536,2,131574,810022
spill,65536,4,263148,620405
spill,65536,1,65787,896706
spill,65536,1,65787,997591
spill,65536,1,65787,920121
spill,65536,2,131574,475515
spill,65536,1,65787,679342
spill,65536,2,131574,717002
spill,65536,1,65787,406806
spill,65536,2,131574,510618
spill,65536,4,263148,1378040
spill,65536,1,65787,748321
spill,65536,2,131574,534100
spill,65536,2,131574,1074251
spill,65536,5,328935,993218
spill,65536,1,65787,1647457
spill,65536,1,65787,1240305
spill,65536,3,197361,516329
spill,65536,1,65787,518930
spill,65536,3,197361,783884
spill,65536,1,65787,618735
spill,65536,1,65787,739632
spill,65536,1,65787,713419
spill,65536,4,263148,950492
spill,65536,2,131574,963458
spill,65536,1,65787,658493
spill,65536,6,394722,1064517
spill,65536,2,131574,747512
spill,65536,3,197361,1112623
spill,65536,2,131574,1106327
spill,65536,1,65787,1302213
spill,65536,2,131574,1451624
spill,65536,3,197361,1382785
spill,65536,2,131574,1102701
spill,65536,1,65787,790547
spill,65536,2,131574,895202
spill,65536,1,65787,1375915
spill,65536,1,65787,697027
spill,65536,2,131574,1209138
spill,65536,1,65787,519546
spill,65536,1,65787,553825
spill,65536,1,65787,442667
spill,65536,1,65787,458485
spill,65536,1,65787,412539
spill,65536,1,65787,420752
spill,65536,1,65787,634211
spill,65536,1,65787,505268
spill,65536,1,65787,1601772
spill,65536,1,65787,1439670
spill,65536,1,65787,1330840
spill,65536,1,65787,1744410
spill,65536,2,131574,1016166
spill,65536,2,131574,1107146
spill,65536,1,65787,1197022
spill,65536,1,65787,927269
spill,65536,1,65787,823607
spill,65536,2,131574,964766
spill,65536,2,131574,661195
spill,65536,3,197361,1089230
spill,65536,1,65787,603282
spill,65536,1,65787,795945
spill,65536,4,263148,1107526
spill,65536,2,131574,1238231
spill,65536,3,197361,1058396
spill,65536,1,65787,861011
spill,65536,2,131574,874134
spill,65536,1,65787,972111
spill,65536,2,131574,891878
spill,65536,1,65787,915928
spill,65536,1,65787,750128
spill,65536,1,65787,943784
spill,65536,2,131574,975742
spill,65536,1,65787,819765
spill,65536,1,65787,726387
spill,65536,2,131574,1093701
spill,65536,1,65787,857839
spill,65536,3,197361,738925
spill,65536,2,131574,745052
spill,65536,2,131574,582669
spill,65536,1,65787,401744
spill,65536,2,131574,1016046
spill,65536,3,197361,907233
spill,65536,1,65787,868654
spill,65536,4,263148,780802
spill,65536,3,197361,572159
spill,65536,1,65787,648754
spill,65536,3,197361,818521
spill,65536,2,131574,898610
spill,65536,1,65787,724147
spill,65536,1,65787,407101
spill,65536,3,197361,746563
spill,65536,4,263148,857445
spill,65536,1,65787,619649
spill,65536,2,131574,474618
spill,65536,3,197361,691626
spill,65536,1,65787,399525
spill,65536,1,65787,426458
spill,65536,1,65787,622422
spill,65536,1,65787,648288
spill,65536,6,394722,1315451
spill,65536,2,131574,542951
spill,65536,2,131574,755085
spill,65536,1,65787,711319
spill,65536,2,131574,684919
spill,65536,2,131574,879529
spill,65536,2,131574,460424
spill,65536,3,197361,460436
spill,65536,2,131574,672735
spill,65536,1,65787,606019
spill,65536,1,65787,845268
spill,65536,3,197361,763086
spill,65536,3,197361,566083
spill,65536,1,65787,677693
spill,65536,1,65787,919036
spill,65536,4,263148,776395
spill,65536,5,328935,773253
spill,65536,2,131574,611339
spill,65536,2,131574,574227
spill,65536,1,65787,696665
spill,65536,3,197361,820873
spill,65536,1,65787,682481
spill,65536,2,131574,616115
spill,65536,1,65787,502363
spill,65536,1,65787,524586
spill,65536,3,197361,975069
spill,65536,1,65787,481343
spill,65536,1,65787,825066
spill,65536,1,65787,544679
spill,65536,1,65787,522845
spill,65536,1,65787,571104
spill,65536,1,65787,553216
spill,65536,1,65787,701055
spill,65536,1,65787,700553
spill,65536,2,131574,561948
spill,65536,2,131574,506870
spill,65536,1,65787,500081
spill,65536,1,65787,527694
spill,65536,1,65787,986458
spill,65536,2,131574,912762
spill,65536,2,131574,683020
spill,65536,2,131574,570220
spill,65536,2,131574,929070
spill,65536,3,197361,930464
spill,65536,1,65787,499493
spill,65536,2,131574,676578
spill,65536,1,65787,466247
spill,65536,1,65787,627473
spill,65536,1,65787,479747
spill,65536,1,65787,457232
spill,65536,1,65787,491147
spill,65536,1,65787,761765
spill,65536,1,65787,627490
spill,65536,4,263148,1207085
spill,65536,1,65787,1156285
spill,65536,2,131574,619014
spill,65536,1,65787,1032677
spill,65536,2,131574,659689
spill,65536,1,65787,1213912
spill,65536,1,65787,1143733
spill,65536,2,131574,957319
spill,65536,1,65787,452402
spill,65536,1,65787,979501
spill,65536,4,263148,1051808
spill,65536,1,65787,966718
spill,65536,1,65787,958004
spill,65536,3,197361,990758
spill,65536,1,65787,748851
spill,65536,2,131574,976996
spill,65536,2,131574,913239
spill,65536,2,131574,1298840
spill,65536,1,65787,831408
spill,65536,2,131574,933649
spill,65536,2,131574,1240201
spill,65536,1,65787,1130904
spill,65536,1,65787,806986
spill,65536,1,65787,993023
spill,65536,3,197361,695042
spill,65536,1,65787,430161
spill,65536,1,65787,688414
spill,65536,1,65787,490793
spill,65536,1,65787,438662
spill,65536,3,197361,720779
spill,65536,1,65787,537920
spill,65536,1,65787,609402
spill,65536,1,65787,609294
spill,65536,3,197361,643075
spill,65536,3,197361,750627
spill,65536,1,65787,815399
spill,65536,4,263148,910346
spill,65536,1,65787,807605
spill,65536,1,65787,1070661
spill,65536,2,131574,904043
spill,65536,2,131574,834227
spill,65536,1,65787,939788
spill,65536,1,65787,1038860
spill,65536,1,65787,1443750
spill,65536,2,131574,1203978
spill,65536,3,197361,1208224
spill,65536,1,65787,943206
spill,65536,1,65787,1005568
spill,65536,4,263148,1072737
spill,65536,1,65787,1089009
spill,65536,1,65787,519613
spill,65536,2,131574,529293
spill,65536,2,131574,523631
spill,65536,2,131574,798628
spill,65536,2,131574,1013256
spill,65536,2,131574,974381
spill,65536,6,394722,1368271
spill,65536,1,65787,1348995
spill,65536,1,65787,645920
spill,65536,1,65787,852971
spill,65536,1,65787,408015
spill,65536,3,197361,1129968
spill,65536,1,65787,879004
spill,65536,4,263148,1530478
spill,65536,2,131574,1505783
spill,65536,2,131574,614306
spill,65536,2,131574,805740
spill,65536,1,65787,706680
spill,65536,2,131574,750578
spill,65536,2,131574,759746
spill,65536,1,65787,938443
spill,65536,1,65787,1025779
spill,65536,1,65787,902532
spill,65536,4,263148,908281
spill,65536,1,65787,613961
spill,65536,1,65787,982695
spill,65536,1,65787,803090
spill,65536,3,197361,1529490
spill,65536,2,131574,1397312
spill,65536,6,394722,1213205
spill,65536,1,65787,1274591
spill,65536,1,65787,1181189
spill,65536,1,65787,787893
spill,65536,1,65787,1054928
spill,65536,4,263148,799365
spill,65536,3,197361,838230
spill,65536,1,65787,823696
spill,65536,1,65787,483976
spill,65536,2,131574,594817
spill,65536,1,65787,854376
spill,65536,1,65787,732047
spill,65536,6,394722,1012932
spill,65536,1,65787,442351
spill,65536,1,65787,762432
spill,65536,1,65787,976964
spill,65536,2,131574,624407
spill,65536,1,65787,1261319
spill,65536,4,263148,688968
spill,65536,1,65787,594668
spill,65536,1,65787,579303
spill,65536,3,197361,663897
spill,65536,1,65787,450977
spill,65536,4,263148,619015
spill,65536,4,263148,557233
spill,65536,3,197361,637588
spill,65536,3,197361,632747
spill,65536,3,197361,663569
spill,65536,3,197361,866104
spill,65536,4,263148,854929
spill,65536,1,65787,661900
spill,65536,3,197361,582071
spill,65536,1,65787,479633
spill,65536,6,394722,724759
spill,65536,1,65787,544840
spill,65536,1,65787,509740
spill,65536,1,65787,532114
spill,65536,1,65787,603201
spill,65536,1,65787,553703
spill,65536,2,131574,612691
spill,65536,1,65787,644835
spill,65536,1,65787,670841
spill,65536,2,131574,665130
spill,65536,1,65787,651057
spill,65536,1,65787,520485
spill,65536,1,65787,457685
spill,65536,2,131574,420727
spill,65536,3,197361,821433
spill,65536,2,131574,577321
spill,65536,3,197361,519589
spill,65536,3,197361,520744
spill,65536,2,131574,513036
spill,65536,1,65787,543030
spill,65536,1,65787,835190
spill,65536,1,65787,635324
spill,65536,2,131574,812808
spill,65536,1,65787,426810
spill,65536,1,65787,911684
spill,65536,2,131574,525325
spill,65536,3,197361,1261860
spill,65536,2,131574,745795
spill,65536,4,263148,972393
spill,65536,5,328935,963927
spill,65536,1,65787,636392
spill,65536,2,131574,578457
spill,65536,1,65787,1044335
spill,65536,1,65787,538980
spill,65536,3,197361,1436148
spill,65536,1,65787,990474
spill,65536,1,65787,501009
spill,65536,2,131574,752967
spill,65536,1,65787,497631
spill,65536,1,65787,601541
spill,65536,1,65787,516110
spill,65536,1,65787,534074
spill,65536,2,131574,615491
spill,65536,2,131574,670531
spill,65536,2,131574,723571
spill,65536,1,65787,681993
spill,65536,1,65787,391043
spill,65536,1,65787,628629
spill,65536,2,131574,783840
spill,65536,1,65787,549859
spill,65536,2,131574,433123
spill,65536,4,263148,1473664
spill,65536,4,263148,958365
spill,65536,1,65787,525835
spill,65536,1,65787,1101574
spill,65536,2,131574,670971
spill,65536,2,131574,604245
spill,65536,1,65787,608002
spill,65536,3,197361,742665
spill,65536,2,131574,414090
spill,65536,1,65787,518790
spill,65536,1,65787,578020
spill,65536,3,197361,850521
spill,65536,4,263148,649402
spill,65536,1,65787,1068038
spill,65536,1,65787,951747
spill,65536,1,65787,553698
spill,65536,2,131574,1146493
spill,65536,2,131574,1100503
spill,65536,1,65787,1321057
spill,65536,2,131574,1329917
spill,65536,2,131574,1016884
spill,65536,2,131574,642350
spill,65536,1,65787,611651
spill,65536,1,65787,461224
spill,65536,2,131574,796266
spill,65536,1,65787,525168
spill,65536,1,65787,505344
spill,65536,1,65787,456306
spill,65536,1,65787,832584
spill,65536,2,131574,556408
spill,65536,2,131574,450560
spill,65536,1,65787,479408
spill,65536,1,65787,945694
spill,65536,2,131574,860491
spill,65536,1,65787,971223
spill,65536,2,131574,1065480
spill,65536,1,65787,949328
spill,65536,1,65787,1048590
spill,65536,3,197361,1265020
spill,65536,1,65787,1066447
spill,65536,3,197361,819345
spill,65536,2,131574,916572
spill,65536,3,197361,815931
spill,65536,3,197361,1477626
spill,65536,1,65787,857882
spill,65536,4,263148,1272922
spill,65536,1,65787,1303548
spill,65536,4,263148,685896
spill,65536,1,65787,733164
spill,65536,1,65787,723294
spill,65536,2,131574,766519
spill,65536,3,197361,1317034
spill,65536,2,131574,1023000
spill,65536,1,65787,1032336
spill,65536,1,65787,1244268
spill,65536,1,65787,929854
spill,65536,5,328935,1053972
spill,65536,1,65787,785601
spill,65536,1,65787,875767
spill,65536,3,197361,513817
spill,65536,2,131574,501629
spill,65536,1,65787,596615
spill,65536,4,263148,1180494
spill,65536,2,131574,1211436
spill,65536,2,131574,1278457
spill,65536,2,131574,848979
spill,65536,1,65787,971970
spill,65536,2,131574,940529
spill,65536,2,131574,718626
spill,65536,4,263148,999701
spill,65536,2,131574,498155
spill,65536,1,65787,1034684
spill,65536,2,131574,855100
spill,65536,1,65787,1227017
spill,65536,3,197361,748457
spill,65536,1,65787,574386
spill,65536,2,131574,563187
spill,65536,2,131574,635949
spill,65536,1,65787,647108
spill,65536,1,65787,505280
spill,65536,2,131574,721138
spill,65536,2,131574,655300
spill,65536,1,65787,579375
spill,65536,1,65787,550161
spill,65536,1,65787,449128
spill,65536,3,197361,583153
spill,65536,1,65787,478935
spill,65536,2,131574,590659
spill,65536,1,65787,732312
spill,65536,1,65787,783722
spill,65536,2,131574,644351
spill,65536,3,197361,993446
spill,65536,2,131574,560397
spill,65536,2,131574,594721
spill,65536,1,65787,605820
spill,65536,2,131574,1003570
spill,65536,2,131574,883647
spill,65536,2,131574,956216
spill,65536,1,65787,1072389
spill,65536,2,131574,730608
spill,65536,2,131574,672692
spill,65536,1,65787,536319
spill,65536,1,65787,436871
spill,65536,2,131574,530237
spill,65536,3,197361,890825
spill,65536,1,65787,456197
spill,65536,2,131574,410305
spill,65536,1,65787,418253
spill,65536,1,65787,429728
spill,65536,2,131574,465694
spill,65536,3,197361,525495
spill,65536,2,131574,539179
spill,65536,4,263148,827748
spill,65536,1,65787,749828
spill,65536,1,65787,844789
spill,65536,2,131574,964949
spill,65536,1,65787,548205
spill,65536,4,263148,715137
spill,65536,1,65787,594292
spill,65536,2,131574,778783
spill,65536,3,197361,604659
spill,65536,1,65787,786221
spill,65536,1,65787,438239
spill,65536,3,197361,434052
spill,65536,1,65787,348543
spill,65536,1,65787,459462
spill,65536,3,197361,835718
spill,65536,1,65787,382901
spill,65536,1,65787,583674
spill,65536,1,65787,504088
spill,65536,2,131574,557581
spill,65536,1,65787,383476
spill,65536,3,197361,589232
spill,65536,1,65787,455845
spill,65536,2,131574,444394
spill,65536,1,65787,354343
spill,65536,1,65787,605057
spill,65536,1,65787,492011
spill,65536,1,65787,402326
spill,65536,2,131574,551165
spill,65536,2,131574,630822
spill,65536,2,131574,519463
spill,65536,3,197361,492079
spill,65536,1,65787,739295
spill,65536,1,65787,673276
spill,65536,2,131574,852858
spill,65536,1,65787,857571
spill,65536,1,65787,461843
spill,65536,2,131574,613069
spill,65536,2,131574,400942
spill,65536,1,65787,688040
spill,65536,1,65787,624109
spill,65536,1,65787,581576
spill,65536,1,65787,624615
spill,65536,1,65787,448891
spill,65536,1,65787,668065
spill,65536,1,65787,639868
spill,65536,1,65787,489870
spill,65536,1,65787,434277
spill,65536,1,65787,441855
spill,65536,1,65787,539401
spill,65536,1,65787,668678
spill,65536,3,197361,599171
spill,65536,2,131574,468262
spill,65536,1,65787,516166
spill,65536,3,197361,683305
spill,65536,2,131574,594430
spill,65536,2,131574,541264
spill,65536,1,65787,532776
spill,65536,1,65787,731340
spill,65536,1,65787,524218
spill,65536,1,65787,470240
spill,65536,1,65787,435004
spill,65536,1,65787,598230
spill,65536,1,65787,491673
spill,65536,1,65787,369740
spill,65536,2,131574,504859
spill,65536,1,65787,439484
spill,65536,1,65787,594272
spill,65536,1,65787,428879
spill,65536,1,65787,466285
spill,65536,3,197361,556066
spill,65536,2,131574,581343
spill,65536,4,263148,542878
spill,65536,2,131574,578733
spill,65536,2,131574,394884
spill,65536,1,65787,367307
spill,65536,1,65787,468447
spill,65536,1,65787,346855
spill,65536,1,65787,554833
spill,65536,1,65787,412599
spill,65536,1,65787,444025
spill,65536,1,65787,328053
spill,65536,2,131574,366879
spill,65536,1,65787,589200
spill,65536,1,65787,501784
spill,65536,2,131574,485445
spill,65536,1,65787,466618
spill,65536,1,65787,426368
spill,65536,2,131574,595089
spill,65536,2,131574,552975
spill,65536,1,65787,468161
spill,65536,1,65787,429220
spill,65536,1,65787,467208
spill,65536,1,65787,463585
spill,65536,1,65787,492650
spill,65536,2,131574,481425
spill,65536,2,131574,442097
spill,65536,2,131574,471032
spill,65536,1,65787,478331
spill,65536,2,131574,502293
spill,65536,1,65787,477579
spill,65536,3,197361,501857
spill,65536,3,197361,542145
spill,65536,1,65787,392444
spill,65536,1,65787,361353
spill,65536,4,263148,611319
spill,65536,1,65787,347822
spill,65536,2,131574,490827
spill,65536,2,131574,766290
spill,65536,1,65787,788010
spill,65536,1,65787,719348
spill,65536,4,263148,694229
spill,65536,2,131574,508491
spill,65536,2,131574,439494
spill,65536,2,131574,442081
spill,65536,3,197361,739165
spill,65536,1,65787,340217
spill,65536,2,131574,472674
spill,65536,1,65787,469139
spill,65536,2,131574,571321
spill,65536,1,65787,467743
spill,65536,3,197361,485484
spill,65536,2,131574,560892
spill,65536,1,65787,460191
spill,65536,1,65787,452680
spill,65536,2,131574,437422
spill,65536,2,131574,467040
spill,65536,1,65787,469669
spill,65536,1,65787,485935
spill,65536,1,65787,547193
spill,65536,2,131574,474878
spill,65536,2,131574,472654
spill,65536,1,65787,470260
spill,65536,1,65787,371073
spill,65536,1,65787,428820
spill,65536,1,65787,450766
spill,65536,2,131574,443277
spill,65536,1,65787,391274
spill,65536,1,65787,356805
spill,65536,2,131574,386569
spill,65536,1,65787,418594
spill,65536,1,65787,406160
spill,65536,1,65787,343345
spill,65536,3,197361,431111
spill,65536,1,65787,389395
spill,65536,1,65787,362589
spill,65536,1,65787,357688
spill,65536,1,65787,380003
spill,65536,1,65787,359515
spill,65536,1,65787,396824
spill,65536,1,65787,475133
spill,65536,1,65787,340278
spill,65536,1,65787,568346
spill,65536,1,65787,614657
spill,65536,2,131574,855958
spill,65536,1,65787,765198
spill,65536,2,131574,789431
spill,65536,1,65787,726077
spill,65536,1,65787,559096
spill,65536,1,65787,541081
spill,65536,1,65787,487890
spill,65536,1,65787,397707
spill,65536,1,65787,426040
spill,65536,2,131574,437162
spill,65536,1,65787,329614
spill,65536,1,65787,426527
spill,65536,1,65787,428612
spill,65536,2,131574,530366
spill,65536,2,131574,798628
spill,65536,1,65787,401489
spill,65536,1,65787,391955
spill,65536,1,65787,479359
spill,65536,1,65787,483621
spill,65536,1,65787,447530
spill,65536,1,65787,476849
spill,65536,1,65787,340790
spill,65536,1,65787,453896
spill,65536,1,65787,417044
spill,65536,2,131574,527500
spill,65536,1,65787,393608
spill,65536,1,65787,370321
spill,65536,1,65787,448288
spill,65536,1,65787,445838
spill,65536,1,65787,721693
spill,65536,1,65787,411771
spill,65536,1,65787,399973
spill,65536,2,131574,483554
spill,65536,2,131574,708694
spill,65536,1,65787,626107
spill,65536,1,65787,1046897
spill,65536,2,131574,682913
spill,65536,1,65787,601551
spill,65536,1,65787,775238
spill,65536,1,65787,863715
spill,65536,1,65787,952125
spill,65536,3,197361,782777
spill,65536,1,65787,524569
spill,65536,2,131574,756142
spill,65536,2,131574,767511
spill,65536,1,65787,483443
spill,65536,1,65787,456570
spill,65536,1,65787,397686
spill,65536,2,131574,621462
spill,65536,1,65787,806082
spill,65536,1,65787,918628
spill,65536,4,263148,503196
spill,65536,1,65787,472623
spill,65536,1,65787,474548
spill,65536,1,65787,323391
spill,65536,1,65787,519226
spill,65536,1,65787,418671
spill,65536,1,65787,532344
spill,65536,1,65787,515229
spill,65536,1,65787,721235
spill,65536,1,65787,361011
spill,65536,1,65787,329673
spill,65536,4,263148,513430
spill,65536,1,65787,476496
spill,65536,1,65787,362949
spill,65536,2,131574,502332
spill,65536,1,65787,799189
spill,65536,1,65787,631378
spill,65536,2,131574,540716
spill,65536,1,65787,481114
spill,65536,1,65787,455640
spill,65536,1,65787,472935
spill,65536,1,65787,415857
spill,65536,1,65787,673602
spill,65536,2,131574,490939
spill,65536,1,65787,325766
spill,65536,4,263148,547554
spill,65536,2,131574,561994
spill,65536,1,65787,374542
spill,65536,1,65787,393337
spill,65536,1,65787,376014
spill,65536,1,65787,682372
spill,65536,2,131574,537311
spill,65536,1,65787,464514
spill,65536,1,65787,452674
spill,65536,1,65787,522854
spill,65536,1,65787,511646
spill,65536,1,65787,431254
spill,65536,2,131574,533577
spill,65536,1,65787,541550
spill,65536,1,65787,526624
spill,65536,1,65787,393542
spill,65536,1,65787,371184
spill,65536,1,65787,310006
spill,65536,2,131574,407058
spill,65536,2,131574,527165
spill,65536,2,131574,658405
spill,65536,2,131574,405421
spill,65536,1,65787,386499
spill,65536,1,65787,519128
spill,65536,1,65787,491884
spill,65536,1,65787,411449
spill,65536,2,131574,612483
spill,65536,1,65787,745440
spill,65536,1,65787,523245
spill,65536,1,65787,694533
spill,65536,3,197361,491092
spill,65536,2,131574,634299
spill,65536,1,65787,577018
spill,65536,3,197361,802959
spill,65536,1,65787,311957
spill,65536,1,65787,597635
spill,65536,1,65787,464038
spill,65536,1,65787,817820
spill,65536,2,131574,846998
spill,65536,1,65787,457017
spill,65536,2,131574,660289
spill,65536,1,65787,733690
spill,65536,1,65787,684595
spill,65536,2,131574,664438
spill,65536,5,328935,1096573
spill,65536,1,65787,682213
spill,65536,1,65787,791437
spill,65536,1,65787,656537
spill,65536,1,65787,575949
spill,65536,2,131574,689224
spill,65536,1,65787,619590
spill,65536,2,131574,613213
spill,65536,1,65787,624129
spill,65536,1,65787,590964
spill,65536,1,65787,749567
spill,65536,1,65787,719445
spill,65536,1,65787,382394
spill,65536,2,131574,419178
spill,65536,1,65787,424290
spill,65536,1,65787,480010
spill,65536,1,65787,386580
spill,65536,1,65787,347894
spill,65536,1,65787,526450
spill,65536,1,65787,450143
spill,65536,1,65787,311726
spill,65536,1,65787,509538
spill,65536,2,131574,452333
spill,65536,1,65787,404182
spill,65536,1,65787,607460
spill,65536,2,131574,485361
spill,65536,1,65787,433196
spill,65536,2,131574,505767
spill,65536,1,65787,408427
spill,65536,1,65787,426607
spill,65536,2,131574,704258
spill,65536,1,65787,348138
spill,65536,1,65787,383304
spill,65536,1,65787,358084
spill,65536,1,65787,507249
spill,65536,1,65787,626518
spill,65536,1,65787,310891
spill,65536,2,131574,585388
spill,65536,2,131574,455736
spill,65536,1,65787,677895
spill,65536,2,131574,468591
spill,65536,1,65787,569887
spill,65536,2,131574,415815
spill,65536,1,65787,354767
spill,65536,1,65787,494675
spill,65536,2,131574,426768
spill,65536,1,65787,407731
spill,65536,1,65787,363623
spill,65536,1,65787,353108
spill,65536,1,65787,311559
spill,65536,1,65787,510719
spill,65536,1,65787,370001
spill,65536,2,131574,423790
spill,65536,2,131574,440351
spill,65536,1,65787,327512
spill,65536,2,131574,617793
spill,65536,1,65787,341162
spill,65536,1,65787,450749
spill,65536,2,131574,457746
spill,65536,1,65787,385525
spill,65536,2,131574,448037
spill,65536,3,197361,743543
spill,65536,1,65787,396091
spill,65536,1,65787,645060
spill,65536,1,65787,536937
spill,65536,2,131574,439899
spill,65536,1,65787,619455
spill,65536,2,131574,505548
spill,65536,2,131574,414433
spill,65536,1,65787,423382
spill,65536,1,65787,324230
spill,65536,3,197361,624133
spill,65536,2,131574,389666
spill,65536,1,65787,433901
spill,65536,1,65787,389037
spill,65536,1,65787,330112
spill,65536,1,65787,356741
spill,65536,1,65787,570889
spill,65536,2,131574,460071
spill,65536,1,65787,363473
spill,65536,2,131574,612320
spill,65536,1,65787,486423
spill,65536,2,131574,501184
spill,65536,1,65787,407123
spill,65536,1,65787,608426
spill,65536,1,65787,469354
spill,65536,1,65787,395158
spill,65536,1,65787,339495
spill,65536,1,65787,457387
spill,65536,1,65787,470840
spill,65536,1,65787,388708
spill,65536,1,65787,765435
spill,65536,2,131574,474826
spill,65536,1,65787,574827
spill,65536,3,197361,686561
spill,65536,1,65787,596399
spill,65536,1,65787,617997
spill,65536,1,65787,643536
spill,65536,1,65787,484100
spill,65536,1,65787,509972
spill,65536,2,131574,606522
spill,65536,1,65787,549492
spill,65536,1,65787,558269
spill,65536,2,131574,608745
spill,65536,1,65787,523629
spill,65536,1,65787,446313
spill,65536,1,65787,611027
spill,65536,2,131574,484680
spill,65536,2,131574,459103
spill,65536,1,65787,368130
spill,65536,1,65787,504288
spill,65536,1,65787,436693
spill,65536,1,65787,408090
spill,65536,1,65787,425712
spill,65536,2,131574,435567
spill,65536,1,65787,563724
spill,65536,2,131574,451970
spill,65536,1,65787,404728
spill,65536,3,197361,454408
spill,65536,1,65787,455277
spill,65536,2,131574,625685
spill,65536,2,131574,770950
spill,65536,2,131574,499314
spill,65536,1,65787,425480
spill,65536,1,65787,439033
spill,65536,1,65787,509147
spill,65536,1,65787,465950
spill,65536,1,65787,453808
spill,65536,1,65787,363058
spill,65536,1,65787,368225
spill,65536,1,65787,376263
spill,65536,1,65787,362510
spill,65536,1,65787,654205
spill,65536,2,131574,409841
spill,65536,2,131574,631363
spill,65536,2,131574,664450
spill,65536,1,65787,581755
spill,65536,1,65787,381137
spill,65536,1,65787,387997
spill,65536,3,197361,489182
spill,65536,1,65787,565775
spill,65536,1,65787,390924
spill,65536,1,65787,575713
spill,65536,1,65787,383760
spill,65536,1,65787,478472
spill,65536,1,65787,402150
spill,65536,2,131574,480583
spill,65536,1,65787,455611
spill,65536,2,131574,397759
spill,65536,2,131574,493078
spill,65536,1,65787,403947
spill,65536,3,197361,684089
spill,65536,1,65787,352177
spill,65536,1,65787,344042
spill,65536,1,65787,400520
spill,65536,1,65787,747311
spill,65536,1,65787,694873
spill,65536,1,65787,668934
spill,65536,1,65787,926106
spill,65536,1,65787,456391
spill,65536,1,65787,407605
spill,65536,1,65787,824858
spill,65536,1,65787,602609
spill,65536,2,131574,468676
spill,65536,1,65787,493585
spill,65536,1,65787,368964
spill,65536,1,65787,570235
spill,65536,1,65787,750985
spill,65536,1,65787,477290
spill,65536,1,65787,421477
spill,65536,2,131574,666852
spill,65536,2,131574,683018
spill,65536,1,65787,410801
spill,65536,1,65787,538199
spill,65536,1,65787,482095
spill,65536,2,131574,804124
spill,65536,1,65787,587001
spill,65536,1,65787,525050
spill,65536,1,65787,566920
spill,65536,1,65787,462327
spill,65536,1,65787,471404
spill,65536,1,65787,382657
spill,65536,2,131574,697874
spill,65536,1,65787,669403
spill,65536,1,65787,950129
spill,65536,1,65787,569383
spill,65536,3,197361,876771
spill,65536,1,65787,543441
spill,65536,1,65787,738640
spill,65536,2,131574,652615
spill,65536,1,65787,491939
spill,65536,1,65787,751267
spill,65536,2,131574,582292
spill,65536,1,65787,418839
spill,65536,2,131574,689664
spill,65536,1,65787,530119
spill,65536,1,65787,439572
spill,65536,1,65787,583923
spill,65536,1,65787,441780
spill,65536,1,65787,569721
spill,65536,1,65787,364236
spill,65536,1,65787,478896
spill,65536,1,65787,369782
spill,65536,1,65787,530519
spill,65536,2,131574,460805
spill,65536,1,65787,424846
spill,65536,2,131574,759185
spill,65536,1,65787,496232
spill,65536,2,131574,428901
spill,65536,1,65787,450763
spill,65536,1,65787,692498
spill,65536,1,65787,1003288
spill,65536,2,131574,745723
spill,65536,3,197361,898942
spill,65536,1,65787,548948
spill,65536,1,65787,619994
spill,65536,1,65787,566286
spill,65536,1,65787,673625
spill,65536,2,131574,571371
spill,65536,1,65787,346480
spill,65536,1,65787,444980
spill,65536,3,197361,709941
spill,65536,1,65787,514001
spill,65536,1,65787,743541
spill,65536,1,65787,584066
spill,65536,2,131574,608164
spill,65536,2,131574,514255
spill,65536,1,65787,526968
spill,65536,3,197361,619334
spill,65536,2,131574,972876
spill,65536,2,131574,719799
spill,65536,1,65787,741460
spill,65536,1,65787,594017
spill,65536,2,131574,449035
spill,65536,3,197361,580522
spill,65536,1,65787,441032
spill,65536,1,65787,593913
spill,65536,4,263148,863719
spill,65536,2,131574,668130
spill,65536,2,131574,983579
spill,65536,1,65787,838247
spill,65536,2,131574,432122
spill,65536,1,65787,394349
spill,65536,2,131574,761015
spill,65536,1652,108680124,106184933
spill,65536,3,197361,31746273
spill,65536,2000,131574000,148466221
spill,65536,2000,131574000,160809974
spill,65536,2000,131574000,174005118
spill,65536,1,65787,45135148
spill,65536,4,263148,44183766
spill,65536,1,65787,31430017
spill,65536,2,131574,17237962
spill,65536,1,65787,5591285
spill,65536,1,65787,4813274
spill,65536,1,65787,4074019
spill,65536,5,328935,5043143
spill,65536,4,263148,5115294
spill,65536,1,65787,4946793
spill,65536,1,65787,4233548
spill,65536,5,328935,3278976
spill,65536,6,394722,3285510
spill,65536,5,328935,4631605
spill,65536,1,65787,5003659
spill,65536,6,394722,4653473
spill,65536,8,526296,3762732
spill,65536,2,131574,2972755
spill,65536,7,460509,3165755
spill,65536,1,65787,2914366
spill,65536,4,263148,3208433
spill,65536,1,65787,3708659
spill,65536,2,131574,3765942
spill,65536,4,263148,3558063
spill,65536,11,723657,4020438
spill,65536,3,197361,3748762
spill,65536,2,131574,3589726
spill,65536,1,65787,3324212
spill,65536,6,394722,3783665
spill,65536,1,65787,3242476
spill,65536,3,197361,3769604
spill,65536,4,263148,3966331
spill,65536,1,65787,3716619
spill,65536,1,65787,2885242
spill,65536,5,328935,3337061
spill,65536,1,65787,3175595
spill,65536,2,131574,3043533
spill,65536,1,65787,2955674
spill,65536,2,131574,2756425
spill,65536,1,65787,2925611
spill,65536,1,65787,3025647
spill,65536,3,197361,3429103
spill,65536,1,65787,3634887
spill,65536,1,65787,3445440
spill,65536,3,197361,3627584
spill,65536,1,65787,2972513
spill,65536,1,65787,2679755
spill,65536,1,65787,3075965
spill,65536,1,65787,2329229
spill,65536,1,65787,2869107
spill,65536,1,65787,2260015
spill,65536,1,65787,2794132
spill,65536,7,460509,2967037
spill,65536,8,526296,2989907
spill,65536,2,131574,2695061
spill,65536,3,197361,3022509
spill,65536,2,131574,2810945
spill,65536,7,460509,2820633
spill,65536,3,197361,3106636
spill,65536,1,65787,2972546
spill,65536,3,197361,2624406
spill,65536,1,65787,2819652
spill,65536,2,131574,2414588
spill,65536,3,197361,2737982
spill,65536,3,197361,2440206
spill,65536,3,197361,2548250
spill,65536,2,131574,2252958
spill,65536,4,263148,2329852
spill,65536,1,65787,2023050
spill,65536,1,65787,1545150
spill,65536,1,65787,1013314
spill,65536,2,131574,928949
spill,65536,1,65787,715904
spill,65536,1,65787,674403
spill,65536,1,65787,1070496
spill,65536,3,197361,714107
spill,65536,1,65787,977311
spill,65536,1,65787,499565
spill,65536,1,65787,604775
spill,65536,1,65787,616491
spill,65536,3,197361,583646
spill,65536,1,65787,755082
spill,65536,8,526296,1414405
spill,65536,1,65787,1063975
spill,65536,1,65787,737834
spill,65536,1,65787,473317
spill,65536,1,65787,659256
spill,65536,2,131574,540067
spill,65536,1,65787,453969
spill,65536,1,65787,1076832
spill,65536,1,65787,585294
spill,65536,1,65787,508128
spill,65536,1,65787,609595
spill,65536,1,65787,791473
spill,65536,4,263148,722432
spill,65536,1,65787,728708
spill,65536,4,263148,897261
spill,65536,3,197361,784972
spill,65536,3,197361,1014517
spill,65536,3,197361,935554
spill,65536,8,526296,1150361
spill,65536,3,197361,914338
spill,65536,4,263148,973899
spill,65536,3,197361,965678
spill,65536,5,328935,1004557
spill,65536,2,131574,591779
spill,65536,3,197361,761575
spill,65536,1,65787,629857
spill,65536,4,263148,1136451
spill,65536,1,65787,574991
spill,65536,2,131574,626826
spill,65536,3,197361,765032
spill,65536,1,65787,642264
spill,65536,5,328935,632343
spill,65536,1,65787,687504
spill,65536,3,197361,825255
spill,65536,1,65787,710803
spill,65536,2,131574,648723
spill,65536,1,65787,404994
spill,65536,1,65787,528319
spill,65536,1,65787,494766
spill,65536,1,65787,837598
spill,65536,1,65787,593720
spill,65536,2,131574,554427
spill,65536,1,65787,753146
spill,65536,2,131574,778395
spill,65536,1,65787,983778
spill,65536,1,65787,878308
spill,65536,4,263148,635554
spill,65536,2,131574,784094
spill,65536,1,65787,702176
spill,65536,2,131574,611042
spill,65536,1,65787,370521
spill,65536,1,65787,428052
spill,65536,1,65787,419901
spill,65536,3,197361,587467
spill,65536,3,197361,474817
spill,65536,1,65787,340711
spill,65536,3,197361,572930
spill,65536,1,65787,551915
spill,65536,1,65787,451335
spill,65536,7,460509,692462
spill,65536,4,263148,614620
spill,65536,4,263148,646435
spill,65536,7,460509,931478
spill,65536,1,65787,575310
spill,65536,1,65787,556689
spill,65536,5,328935,649145
spill,65536,4,263148,666569
spill,65536,2,131574,471575
spill,65536,4,263148,734775
spill,65536,2,131574,718813
spill,65536,1,65787,710404
spill,65536,1,65787,486638
spill,65536,3,197361,622918
spill,65536,2,131574,447891
spill,65536,1,65787,666269
spill,65536,1,65787,617639
spill,65536,5,328935,789633
spill,65536,2,131574,580801
spill,65536,1,65787,486278
spill,65536,1,65787,403125
spill,65536,1,65787,369129
spill,65536,7,460509,751469
spill,65536,3,197361,556516
spill,65536,1,65787,403987
spill,65536,2,131574,401154
spill,65536,1,65787,311758
spill,65536,2,131574,503277
spill,65536,4,263148,637157
spill,65536,1,65787,447136
spill,65536,1,65787,408793
spill,65536,1,65787,448879
spill,65536,4,263148,574076
spill,65536,1,65787,459787
spill,65536,2,131574,631378
spill,65536,1,65787,518597
spill,65536,2,131574,521249
spill,65536,1,65787,566717
spill,65536,1,65787,514825
spill,65536,3,197361,735541
spill,65536,4,263148,623475
spill,65536,1,65787,413801
spill,65536,4,263148,742566
spill,65536,2,131574,585782
spill,65536,1,65787,485401
spill,65536,1,65787,445032
spill,65536,1,65787,414546
spill,65536,3,197361,601422
spill,65536,1,65787,546555
spill,65536,1,65787,428679
spill,65536,1,65787,383342
spill,65536,1,65787,397834
spill,65536,2,131574,439089
spill,65536,3,197361,525850
spill,65536,1,65787,481867
spill,65536,1,65787,436037
spill,65536,1,65787,469101
spill,65536,1,65787,484403
spill,65536,2,131574,443429
spill,65536,3,197361,588787
spill,65536,2,131574,522970
spill,65536,1,65787,424587
spill,65536,1,65787,406828
spill,65536,2,131574,514032
spill,65536,1,65787,478727
spill,65536,2,131574,522191
spill,65536,1,65787,624326
spill,65536,2,131574,526790
spill,65536,2,131574,527182
spill,65536,2,131574,529903
spill,65536,1,65787,421613
spill,65536,1,65787,367298
spill,65536,3,197361,613401
spill,65536,1,65787,450038
spill,65536,1,65787,390580
spill,65536,3,197361,617403
spill,65536,2,131574,447524
spill,65536,1,65787,399784
spill,65536,3,197361,800077
spill,65536,1,65787,636647
spill,65536,3,197361,816351
spill,65536,2,131574,763291
spill,65536,1,65787,772998
spill,65536,1,65787,531938
spill,65536,4,263148,655300
spill,65536,1,65787,500206
spill,65536,1,65787,421148
spill,65536,4,263148,764781
spill,65536,1,65787,504340
spill,65536,1,65787,502231
spill,65536,1,65787,421713
spill,65536,1,65787,338943
spill,65536,2,131574,552481
spill,65536,1,65787,429343
spill,65536,2,131574,861611
spill,65536,1,65787,688616
spill,65536,2,131574,716180
spill,65536,1,65787,548239
spill,65536,5,328935,789356
spill,65536,5,328935,1416917
spill,65536,2,131574,757530
spill,65536,3,197361,803822
spill,65536,4,263148,704183
spill,65536,2,131574,832956
spill,65536,3,197361,532745
spill,65536,3,197361,801886
spill,65536,3,197361,582185
spill,65536,1,65787,442144
spill,65536,2,131574,512412
spill,65536,6,394722,924093
spill,65536,2,131574,528656
spill,65536,2,131574,789953
spill,65536,2,131574,577014
spill,65536,1,65787,555499
spill,65536,2,131574,550269
spill,65536,1,65787,564884
spill,65536,2,131574,621520
spill,65536,1,65787,553745
spill,65536,2,131574,665425
spill,65536,3,197361,1044043
spill,65536,1,65787,485753
spill,65536,2,131574,462558
spill,65536,3,197361,548937
spill,65536,2,131574,874774
spill,65536,2,131574,773253
spill,65536,1,65787,655570
spill,65536,1651,108614337,103134796
spill,65536,3,197361,33307695
spill,65536,2000,131574000,148376454
spill,65536,2000,131574000,159249979
spill,65536,3,197361,33877948
spill,65536,2000,131574000,175058200
spill,65536,2,131574,42843409
spill,65536,1,65787,31835498
spill,65536,1,65787,19374216
spill,65536,3,197361,19036524
spill,65536,1,65787,6185010
spill,65536,3,197361,4721422
spill,65536,1,65787,4381983
spill,65536,2,131574,4573695
spill,65536,2,131574,3871982
spill,65536,2,131574,3288421
spill,65536,2,131574,2767211
spill,65536,9,592083,2982980
spill,65536,3,197361,3754949
spill,65536,1,65787,3327148
spill,65536,1,65787,3264284
spill,65536,1,65787,3246944
spill,65536,1,65787,3369993
spill,65536,2,131574,2726290
spill,65536,1,65787,2773686
spill,65536,1,65787,3279308
spill,65536,1,65787,3411334
spill,65536,1,65787,3277567
spill,65536,1,65787,3273075
spill,65536,1,65787,4648497
spill,65536,1,65787,4908214
spill,65536,1,65787,5152257
spill,65536,1,65787,4940046
spill,65536,1,65787,4321454
spill,65536,1,65787,3398406
spill,65536,1,65787,3318822
spill,65536,2,131574,3824348
spill,65536,2,131574,3299485
spill,65536,1,65787,2422628
spill,65536,1,65787,2832872
spill,65536,1,65787,3508041
spill,65536,1,65787,2664130
spill,65536,3,197361,2971565
spill,65536,1,65787,2981297
spill,65536,4,263148,3526919
spill,65536,1,65787,3142366
spill,65536,3,197361,3645066
spill,65536,3,197361,3189136
spill,65536,1,65787,3299634
spill,65536,2,131574,2935385
spill,65536,1,65787,3289270
spill,65536,1,65787,3156630
spill,65536,3,197361,3320563
spill,65536,2,131574,3402632
spill,65536,1,65787,2716557
spill,65536,1,65787,2600324
spill,65536,1,65787,2845962
spill,65536,1,65787,2564049
spill,65536,1,65787,2677171
spill,65536,1,65787,2560322
spill,65536,2,131574,2451565
spill,65536,1,65787,2653503
spill,65536,1,65787,2409258
spill,65536,1,65787,2639733
spill,65536,4,263148,3067337
spill,65536,5,328935,3554130
spill,65536,2,131574,3034089
spill,65536,4,263148,3240888
spill,65536,1,65787,2515112
spill,65536,4,263148,2761235
spill,65536,1,65787,2520932
spill,65536,2,131574,7561659
spill,65536,1,65787,7257173
spill,65536,1,65787,6800975
spill,65536,1,65787,6834391
spill,65536,1,65787,10246823
spill,65536,1,65787,9867074
spill,65536,1,65787,10247402
spill,65536,2,131574,9671723
spill,65536,3,197361,2994875
spill,65536,1,65787,2870391
spill,65536,1,65787,3164302
spill,65536,1,65787,3391971
spill,65536,1,65787,2516260
spill,65536,2,131574,2789197
spill,65536,2,131574,2690047
spill,65536,4,263148,2975714
spill,65536,2,131574,1256993
spill,65536,2,131574,1286088
spill,65536,3,197361,1048821
spill,65536,2,131574,1210610
spill,65536,3,197361,894475
spill,65536,2,131574,693885
spill,65536,2,131574,739852
spill,65536,2,131574,1058192
spill,65536,1,65787,781570
spill,65536,1,65787,768241
spill,65536,1,65787,707848
spill,65536,2,131574,716127
spill,65536,1,65787,420947
spill,65536,1,65787,577907
spill,65536,2,131574,704650
spill,65536,4,263148,620652
spill,65536,1,65787,713280
spill,65536,1,65787,754196
spill,65536,1,65787,1248557
spill,65536,1,65787,780351
spill,65536,1,65787,733066
spill,65536,2,131574,823807
spill,65536,2,131574,623846
spill,65536,2,131574,508587
spill,65536,1,65787,1087184
spill,65536,2,131574,549006
spill,65536,1,65787,401821
spill,65536,1,65787,435504
spill,65536,4,263148,625930
spill,65536,1,65787,523900
spill,65536,3,197361,685372
spill,65536,2,131574,520971
spill,65536,1,65787,724673
spill,65536,1,65787,581809
spill,65536,1,65787,509866
spill,65536,2,131574,591827
spill,65536,1,65787,526853
spill,65536,2,131574,486240
spill,65536,4,263148,1186920
spill,65536,3,197361,599841
spill,65536,4,263148,1006271
spill,65536,2,131574,444110
spill,65536,1,65787,959234
spill,65536,4,263148,1350117
spill,65536,2,131574,713878
spill,65536,1,65787,582332
spill,65536,1,65787,474308
spill,65536,1,65787,561253
spill,65536,3,197361,683960
spill,65536,3,197361,794730
spill,65536,2,131574,547771
spill,65536,2,131574,440621
spill,65536,1,65787,386034
spill,65536,2,131574,673003
spill,65536,1,65787,387463
spill,65536,3,197361,636564
spill,65536,1,65787,457803
spill,65536,1,65787,506944
spill,65536,3,197361,510704
spill,65536,3,197361,554267
spill,65536,2,131574,598650
spill,65536,5,328935,1068020
spill,65536,2,131574,996590
spill,65536,2,131574,1044691
spill,65536,2,131574,813130
spill,65536,1,65787,536118
spill,65536,1,65787,445877
spill,65536,1,65787,450095
spill,65536,1,65787,393984
spill,65536,3,197361,635948
spill,65536,1,65787,537887
spill,65536,3,197361,455981
spill,65536,2,131574,425316
spill,65536,2,131574,381809
spill,65536,3,197361,827176
spill,65536,2,131574,546902
spill,65536,2,131574,869372
spill,65536,3,197361,442014
spill,65536,3,197361,470490
spill,65536,2,131574,604680
spill,65536,3,197361,669032
spill,65536,3,197361,468102
spill,65536,1,65787,427705
spill,65536,1,65787,400628
spill,65536,1,65787,360037
spill,65536,5,328935,699962
spill,65536,1,65787,499288
spill,65536,3,197361,756829
spill,65536,2,131574,531651
spill,65536,2,131574,809709
spill,65536,1,65787,768153
spill,65536,1,65787,357406
spill,65536,2,131574,486755
spill,65536,6,394722,693483
spill,65536,2,131574,801776
spill,65536,2,131574,562231
spill,65536,1,65787,576097
spill,65536,1,65787,630972
spill,65536,2,131574,592685
spill,65536,1,65787,417917
spill,65536,3,197361,684736
spill,65536,1,65787,913477
spill,65536,1,65787,497042
spill,65536,1,65787,512910
spill,65536,1,65787,499805
spill,65536,4,263148,605791
spill,65536,1,65787,559733
spill,65536,1,65787,796435
spill,65536,3,197361,776895
spill,65536,1,65787,672075
spill,65536,1,65787,412830
spill,65536,1,65787,563950
spill,65536,1,65787,432105
spill,65536,4,263148,553155
spill,65536,3,197361,702321
spill,65536,2,131574,749262
spill,65536,3,197361,718633
spill,65536,1,65787,762856
spill,65536,1,65787,460004
spill,65536,3,197361,705114
spill,65536,1,65787,815445
spill,65536,1,65787,435785
spill,65536,2,131574,751833
spill,65536,2,131574,560782
spill,65536,2,131574,494965
spill,65536,1,65787,359801
spill,65536,1,65787,397018
spill,65536,2,131574,366574
spill,65536,1,65787,424220
spill,65536,3,197361,630332
spill,65536,3,197361,854205
spill,65536,1,65787,559320
spill,65536,1,65787,448285
spill,65536,5,328935,678017
spill,65536,3,197361,675355
spill,65536,1,65787,550755
spill,65536,1,65787,389328
spill,65536,5,328935,624232
spill,65536,2,131574,628030
spill,65536,1,65787,419198
spill,65536,4,263148,689693
spill,65536,4,263148,668139
spill,65536,1,65787,404236
spill,65536,1,65787,404633
spill,65536,1,65787,721357
spill,65536,2,131574,671592
spill,65536,1,65787,719736
spill,65536,2,131574,713081
spill,65536,4,263148,1031838
spill,65536,1,65787,631710
spill,65536,2,131574,513456
spill,65536,1,65787,632374
spill,65536,2,131574,685710
spill,65536,4,263148,984904
spill,65536,2,131574,626094
spill,65536,1,65787,595164
spill,65536,1,65787,457913
spill,65536,3,197361,489297
spill,65536,2,131574,638943
spill,65536,1,65787,452100
spill,65536,2,131574,518354
spill,65536,1,65787,380792
spill,65536,5,328935,652663
spill,65536,2,131574,658519
spill,65536,1,65787,627685
spill,65536,3,197361,653666
spill,65536,1,65787,531906
spill,65536,3,197361,651438
spill,65536,1,65787,721714
spill,65536,1,65787,710026
spill,65536,2,131574,875545
spill,65536,1,65787,472884
spill,65536,3,197361,714598
spill,65536,1,65787,589271
spill,65536,2,131574,454231
spill,65536,2,131574,486920
spill,65536,1,65787,510087
spill,65536,5,328935,724971
spill,65536,2,131574,581324
spill,65536,2,131574,523346
spill,65536,1,65787,424015
spill,65536,1,65787,494672
spill,65536,3,197361,538065
spill,65536,3,197361,540172
spill,65536,1,65787,428423
spill,65536,3,197361,635273
spill,65536,2,131574,502665
spill,65536,2,131574,523237
spill,65536,1,65787,422747
spill,65536,1,65787,422317
spill,65536,2,131574,674490
spill,65536,1,65787,423235
spill,65536,2,131574,496957
spill,65536,1651,108614337,108321008
spill,65536,2,131574,36135653
spill,65536,2000,131574000,153809611
spill,65536,2000,131574000,170979795
spill,65536,2000,131574000,184867047
spill,65536,2,131574,58249901
spill,65536,2,131574,58866571
spill,65536,1,65787,40543436
spill,65536,3,197361,25312656
spill,65536,2,131574,6927830
spill,65536,1,65787,3776596
spill,65536,1,65787,4009065
spill,65536,3,197361,4692809
spill,65536,1,65787,4293111
spill,65536,1,65787,4309740
spill,65536,10,657870,4187064
spill,65536,1,65787,3204619
spill,65536,3,197361,3087715
spill,65536,6,394722,3063788
spill,65536,3,197361,3664999
spill,65536,7,460509,3620398
spill,65536,3,197361,3537330
spill,65536,1,65787,2968957
spill,65536,4,263148,2811156
spill,65536,6,394722,3436947
spill,65536,2,131574,2733203
spill,65536,2,131574,2650004
spill,65536,2,131574,3180877
spill,65536,1,65787,4120207
spill,65536,1,65787,3158456
spill,65536,4,263148,3151774
spill,65536,1,65787,2813220
spill,65536,1,65787,3082026
spill,65536,1,65787,2488676
spill,65536,3,197361,2639338
spill,65536,2,131574,4210522
spill,65536,2,131574,4239122
spill,65536,1,65787,4143367
spill,65536,4,263148,4392628
spill,65536,1,65787,2934755
spill,65536,2,131574,2943819
spill,65536,2,131574,3251372
spill,65536,2,131574,4031944
spill,65536,6,394722,3736571
spill,65536,3,197361,4509030
spill,65536,4,263148,4879736
spill,65536,3,197361,5042635
spill,65536,1,65787,3258516
spill,65536,1,65787,2689105
spill,65536,2,131574,3312112
spill,65536,3,197361,3041623
spill,65536,2,131574,3790641
spill,65536,4,263148,3678707
spill,65536,1,65787,4015648
spill,65536,2,131574,3571637
spill,65536,2,131574,3382464
spill,65536,3,197361,4272801
spill,65536,3,197361,3102070
spill,65536,2,131574,3216960
spill,65536,1,65787,2695439
spill,65536,1,65787,2562984
spill,65536,2,131574,2349333
spill,65536,2,131574,2438366
spill,65536,1,65787,2376768
spill,65536,2,131574,3001617
spill,65536,3,197361,2618405
spill,65536,3,197361,2664127
spill,65536,2,131574,2907767
spill,65536,1,65787,3039920
spill,65536,5,328935,3666547
spill,65536,1,65787,3521128
spill,65536,3,197361,3003433
spill,65536,1,65787,2922442
spill,65536,1,65787,3007118
spill,65536,1,65787,2979617
spill,65536,2,131574,3035122
spill,65536,6,394722,2636671
spill,65536,3,197361,2794353
spill,65536,3,197361,2550947
spill,65536,1,65787,2334018
spill,65536,2,131574,2226779
spill,65536,1,65787,1605662
spill,65536,2,131574,1850524
spill,65536,3,197361,1808181
spill,65536,5,328935,1032027
spill,65536,5,328935,939076
spill,65536,1,65787,717880
spill,65536,3,197361,1032744
spill,65536,1,65787,680622
spill,65536,2,131574,737562
spill,65536,2,131574,761909
spill,65536,2,131574,913216
spill,65536,2,131574,863697
spill,65536,1,65787,684275
spill,65536,2,131574,689097
spill,65536,2,131574,641970
spill,65536,1,65787,555595
spill,65536,3,197361,534601
spill,65536,4,263148,682830
spill,65536,1,65787,616378
spill,65536,1,65787,398709
spill,65536,1,65787,476887
spill,65536,1,65787,847511
spill,65536,2,131574,536770
spill,65536,2,131574,695069
spill,65536,4,263148,631906
spill,65536,1,65787,515873
spill,65536,6,394722,823846
spill,65536,3,197361,583664
spill,65536,2,131574,807176
spill,65536,1,65787,588251
spill,65536,2,131574,705989
spill,65536,2,131574,505290
spill,65536,1,65787,616315
spill,65536,1,65787,613534
spill,65536,2,131574,829914
spill,65536,3,197361,780630
spill,65536,1,65787,761949
spill,65536,1,65787,791102
spill,65536,3,197361,781451
spill,65536,1,65787,552470
spill,65536,1,65787,480313
spill,65536,2,131574,594012
spill,65536,2,131574,559974
spill,65536,2,131574,519951
spill,65536,6,394722,626891
spill,65536,1,65787,643727
spill,65536,4,263148,730446
spill,65536,1,65787,628719
spill,65536,3,197361,593725
spill,65536,1,65787,499073
spill,65536,1,65787,464429
spill,65536,2,131574,600777
spill,65536,5,328935,576091
spill,65536,1,65787,610339
spill,65536,2,131574,566214
spill,65536,4,263148,684175
spill,65536,2,131574,492110
spill,65536,1,65787,581956
spill,65536,4,263148,538741
spill,65536,1,65787,789250
spill,65536,4,263148,782234
spill,65536,1,65787,567991
spill,65536,4,263148,502644
spill,65536,1,65787,578746
spill,65536,3,197361,693235
spill,65536,3,197361,669108
spill,65536,2,131574,530881
spill,65536,2,131574,565512
spill,65536,1,65787,565271
spill,65536,2,131574,506931
spill,65536,2,131574,454285
spill,65536,2,131574,520473
spill,65536,1,65787,525974
spill,65536,2,131574,515263
spill,65536,5,328935,709440
spill,65536,2,131574,577383
spill,65536,1,65787,574562
spill,65536,3,197361,594978
spill,65536,1,65787,573916
spill,65536,1,65787,574353
spill,65536,3,197361,644643
spill,65536,1,65787,634479
spill,65536,2,131574,572086
spill,65536,1,65787,591435
spill,65536,1,65787,560450
spill,65536,1,65787,442916
spill,65536,2,131574,471187
spill,65536,1,65787,365925
spill,65536,1,65787,338826
spill,65536,1,65787,822908
spill,65536,1,65787,378710
spill,65536,2,131574,887780
spill,65536,1,65787,535600
spill,65536,1,65787,463315
spill,65536,1,65787,516508
spill,65536,2,131574,513236
spill,65536,1,65787,514628
spill,65536,1,65787,377389
spill,65536,1,65787,286225
spill,65536,1,65787,472453
spill,65536,1,65787,439619
spill,65536,2,131574,728340
spill,65536,2,131574,764255
spill,65536,2,131574,667230
spill,65536,1,65787,581332
spill,65536,1,65787,590840
spill,65536,1,65787,520762
spill,65536,2,131574,662356
spill,65536,1,65787,658822
spill,65536,1,65787,565017
spill,65536,1,65787,774497
spill,65536,1,65787,391009
spill,65536,2,131574,531931
spill,65536,1,65787,574305
spill,65536,1,65787,664924
spill,65536,1,65787,379741
spill,65536,1,65787,613584
spill,65536,1,65787,968833
spill,65536,1,65787,659201
spill,65536,1,65787,703734
spill,65536,1,65787,510336
spill,65536,1,65787,445832
spill,65536,1,65787,690044
spill,65536,1,65787,672571
spill,65536,1,65787,482134
spill,65536,1,65787,392306
spill,65536,2,131574,825400
spill,65536,1,65787,451307
spill,65536,2,131574,697313
spill,65536,2,131574,758027
spill,65536,1,65787,455248
spill,65536,1,65787,512275
spill,65536,3,197361,713216
spill,65536,2,131574,731366
spill,65536,3,197361,641349
spill,65536,1,65787,509100
spill,65536,2,131574,499596
spill,65536,1,65787,565053
spill,65536,2,131574,817340
spill,65536,1,65787,764794
spill,65536,4,263148,998760
spill,65536,1,65787,677275
spill,65536,4,263148,1150834
spill,65536,1,65787,878458
spill,65536,3,197361,709731
spill,65536,1,65787,537309
spill,65536,2,131574,782676
spill,65536,1,65787,816209
spill,65536,2,131574,662403
spill,65536,1,65787,911682
spill,65536,3,197361,708259
spill,65536,4,263148,943912
spill,65536,1,65787,523180
spill,65536,1,65787,1004919
spill,65536,1,65787,462864
spill,65536,4,263148,648906
spill,65536,2,131574,820563
spill,65536,3,197361,1014151
spill,65536,2,131574,620608
spill,65536,1,65787,809319
spill,65536,2,131574,1002015
spill,65536,1,65787,991917
spill,65536,4,263148,1024626
spill,65536,4,263148,1189850
spill,65536,7,460509,1204680
spill,65536,3,197361,994116
spill,65536,2,131574,1480177
spill,65536,1,65787,495473
spill,65536,2,131574,517501
spill,65536,1,65787,841076
spill,65536,1,65787,698833
spill,65536,1,65787,601053
spill,65536,2,131574,808800
spill,65536,1,65787,599070
spill,65536,5,328935,762734
spill,65536,1,65787,684718
spill,65536,1,65787,623770
spill,65536,1,65787,566513
spill,65536,1,65787,737600
spill,65536,1,65787,675790
spill,65536,2,131574,745159
spill,65536,1,65787,741240
spill,65536,1,65787,514524
spill,65536,1,65787,834607
spill,65536,3,197361,944383
spill,65536,2,131574,729282
spill,65536,3,197361,1018523
spill,65536,1,65787,639043
spill,65536,2,131574,523586
spill,65536,3,197361,1016651
spill,65536,1,65787,424213
spill,65536,1,65787,913289
spill,65536,4,263148,671128
spill,65536,1,65787,687108
spill,65536,1,65787,471788
spill,65536,1,65787,485847
spill,65536,1,65787,449288
spill,65536,1,65787,703492
spill,65536,3,197361,698833
spill,65536,1,65787,465898
spill,65536,3,197361,923291
spill,65536,3,197361,939352
spill,65536,1,65787,904721
spill,65536,3,197361,959367
spill,65536,2,131574,623582
spill,65536,1,65787,623511
spill,65536,3,197361,913721
spill,65536,2,131574,506336
spill,65536,2,131574,439812
spill,65536,1,65787,558906
spill,65536,1,65787,401807
spill,65536,4,263148,786156
spill,65536,1,65787,579163
spill,65536,1,65787,591840
spill,65536,1,65787,388051
spill,65536,1,65787,752503
spill,65536,3,197361,637523
spill,65536,1,65787,605704
spill,65536,1,65787,436705
spill,65536,2,131574,673233
spill,65536,1,65787,570218
spill,65536,3,197361,603757
spill,65536,1,65787,393047
spill,65536,2,131574,460749
spill,65536,3,197361,746215
spill,131072,1,131323,1133172
spill,131072,2,262646,719534
spill,131072,4,525292,771341
spill,131072,1,131323,417238
spill,131072,2,262646,570194
spill,131072,3,393969,596145
spill,131072,2,262646,1549257
spill,131072,2,262646,505621
spill,131072,11,1444553,1650464
spill,131072,1,131323,499039
spill,131072,7,919261,988564
spill,131072,4,525292,761344
spill,131072,3,393969,2816761
spill,131072,2,262646,594513
spill,131072,1,131323,605281
spill,131072,1,131323,445042
spill,131072,2,262646,622426
spill,131072,1,131323,447464
spill,131072,2,262646,636027
spill,131072,2,262646,548534
spill,131072,1,131323,487320
spill,131072,1,131323,431517
spill,131072,1,131323,419373
spill,131072,1,131323,587556
spill,131072,2,262646,486255
spill,131072,1,131323,455222
spill,131072,2,262646,563454
spill,131072,1,131323,378266
spill,131072,2,262646,496259
spill,131072,1,131323,441773
spill,131072,1,131323,421776
spill,131072,1,131323,339547
spill,131072,1,131323,434960
spill,131072,2,262646,488194
spill,131072,2,262646,599746
spill,131072,2,262646,556855
spill,131072,2,262646,538451
spill,131072,1,131323,372794
spill,131072,1,131323,395495
spill,131072,2,262646,419945
spill,131072,1,131323,377041
spill,131072,1,131323,354004
spill,131072,1,131323,373129
spill,131072,3,393969,576754
spill,131072,2,262646,486568
spill,131072,1,131323,422181
spill,131072,1,131323,466518
spill,131072,1,131323,383360
spill,131072,2,262646,514964
spill,131072,1,131323,370779
spill,131072,1,131323,428350
spill,131072,3,393969,670016
spill,131072,1,131323,479789
spill,131072,3,393969,640677
spill,131072,1,131323,394322
spill,131072,1,131323,417242
spill,131072,1,131323,436842
spill,131072,1,131323,432238
spill,131072,1,131323,350074
spill,131072,2,262646,450800
spill,131072,2,262646,483851
spill,131072,2,262646,440649
spill,131072,1,131323,432478
spill,131072,2,262646,625367
spill,131072,1,131323,376991
spill,131072,2,262646,475598
spill,131072,1,131323,398961
spill,131072,2,262646,516471
spill,131072,1,131323,388726
spill,131072,2,262646,514986
spill,131072,1,131323,353144
spill,131072,2,262646,489471
spill,131072,1,131323,424268
spill,131072,1,131323,372108
spill,131072,1,131323,317038
spill,131072,1,131323,373272
spill,131072,1,131323,362810
spill,131072,1,131323,341651
spill,131072,1,131323,416911
spill,131072,1,131323,342158
spill,131072,1,131323,353078
spill,131072,1,131323,341518
spill,131072,1,131323,455438
spill,131072,1,131323,614280
spill,131072,2,262646,443388
spill,131072,2,262646,502118
spill,131072,3,393969,711484
spill,131072,1,131323,481878
spill,131072,2,262646,597996
spill,131072,1,131323,397895
spill,131072,1,131323,385534
spill,131072,1,131323,376895
spill,131072,1,131323,445396
spill,131072,1,131323,361993
spill,131072,1,131323,403958
spill,131072,1,131323,465580
spill,131072,1,131323,395755
spill,131072,2,262646,490976
spill,131072,1,131323,336263
spill,131072,1,131323,415838
spill,131072,1,131323,426973
spill,131072,1,131323,383512
spill,131072,1,131323,402174
spill,131072,1,131323,379520
spill,131072,1,131323,453898
spill,131072,1,131323,375407
spill,131072,1,131323,390336
spill,131072,1,131323,408516
spill,131072,1,131323,348205
spill,131072,2,262646,620660
spill,131072,2,262646,486766
spill,131072,1,131323,782387
spill,131072,2,262646,473123
spill,131072,1,131323,533728
spill,131072,3,393969,604534
spill,131072,1,131323,537374
spill,131072,2,262646,562405
spill,131072,1,131323,583373
spill,131072,1,131323,462515
spill,131072,1,131323,417359
spill,131072,3,393969,844639
spill,131072,1,131323,349753
spill,131072,1,131323,578354
spill,131072,3,393969,655461
spill,131072,1,131323,343732
spill,131072,3,393969,781228
spill,131072,2,262646,428480
spill,131072,1,131323,482957
spill,131072,2,262646,504052
spill,131072,3,393969,585112
spill,131072,1,131323,432454
spill,131072,1,131323,355058
spill,131072,2,262646,550108
spill,131072,1,131323,438910
spill,131072,1,131323,442126
spill,131072,1,131323,436503
spill,131072,2,262646,583950
spill,131072,2,262646,432334
spill,131072,1,131323,403286
spill,131072,1,131323,365553
spill,131072,1,131323,402860
spill,131072,1,131323,409194
spill,131072,2,262646,720336
spill,131072,1,131323,436261
spill,131072,1,131323,436707
spill,131072,1,131323,411165
spill,131072,1,131323,448496
spill,131072,1,131323,380201
spill,131072,1,131323,383209
spill,131072,2,262646,533731
spill,131072,1,131323,433349
spill,131072,1,131323,487054
spill,131072,1,131323,518118
spill,131072,1,131323,420470
spill,131072,1,131323,388385
spill,131072,4,525292,802233
spill,131072,1,131323,462577
spill,131072,1,131323,507444
spill,131072,2,262646,546199
spill,131072,7,919261,1049858
spill,131072,1,131323,479707
spill,131072,1,131323,461314
spill,131072,4,525292,746474
spill,131072,2,262646,511915
spill,131072,5,656615,893719
spill,131072,2,262646,589887
spill,131072,1,131323,527393
spill,131072,2,262646,554926
spill,131072,2,262646,521632
spill,131072,1,131323,393607
spill,131072,1,131323,406370
spill,131072,1,131323,386661
spill,131072,5,656615,797248
spill,131072,3,393969,570761
spill,131072,1,131323,420355
spill,131072,2,262646,538566
spill,131072,3,393969,560402
spill,131072,2,262646,462787
spill,131072,3,393969,588022
spill,131072,3,393969,561804
spill,131072,1,131323,461981
spill,131072,2,262646,568375
spill,131072,2,262646,510477
spill,131072,1,131323,400208
spill,131072,2,262646,470510
spill,131072,2,262646,481057
spill,131072,1,131323,457245
spill,131072,1,131323,373052
spill,131072,3,393969,730348
spill,131072,1,131323,429975
spill,131072,1,131323,411483
spill,131072,1,131323,332057
spill,131072,1,131323,399679
spill,131072,1,131323,445939
spill,131072,1,131323,364940
spill,131072,1,131323,352835
spill,131072,1,131323,409579
spill,131072,2,262646,544869
spill,131072,1,131323,445890
spill,131072,1,131323,410808
spill,131072,3,393969,636220
spill,131072,4,525292,713309
spill,131072,2,262646,510921
spill,131072,1,131323,436813
spill,131072,1,131323,484637
spill,131072,1,131323,430585
spill,131072,1,131323,671495
spill,131072,1,131323,378513
spill,131072,1,131323,565949
spill,131072,2,262646,490288
spill,131072,2,262646,506380
spill,131072,2,262646,770825
spill,131072,1,131323,405545
spill,131072,2,262646,721220
spill,131072,1,131323,448122
spill,131072,1,131323,357182
spill,131072,1,131323,598038
spill,131072,1,131323,381174
spill,131072,1,131323,356765
spill,131072,5,656615,1075401
spill,131072,2,262646,567999
spill,131072,1,131323,346570
spill,131072,1,131323,569769
spill,131072,1,131323,437015
spill,131072,2,262646,597948
spill,131072,1,131323,547352
spill,131072,2,262646,656384
spill,131072,1,131323,474289
spill,131072,1,131323,585087
spill,131072,2,262646,570987
spill,131072,4,525292,699655
spill,131072,3,393969,897470
spill,131072,2,262646,511433
spill,131072,2,262646,644803
spill,131072,1,131323,497631
spill,131072,1,131323,525379
spill,131072,1,131323,590272
spill,131072,1,131323,518611
spill,131072,1,131323,477460
spill,131072,2,262646,633152
spill,131072,2,262646,585003
spill,131072,2,262646,683916
spill,131072,3,393969,645165
spill,131072,1,131323,581737
spill,131072,1,131323,441788
spill,131072,1,131323,388488
spill,131072,1,131323,511973
spill,131072,1,131323,383143
spill,131072,2,262646,636786
spill,131072,1,131323,439129
spill,131072,2,262646,455893
spill,131072,4,525292,971400
spill,131072,3,393969,601820
spill,131072,1,131323,460990
spill,131072,2,262646,464423
spill,131072,1,131323,639410
spill,131072,1,131323,478346
spill,131072,1,131323,419781
spill,131072,1,131323,433897
spill,131072,2,262646,479880
spill,131072,2,262646,518947
spill,131072,2,262646,502688
spill,131072,2,262646,454202
spill,131072,1,131323,391951
spill,131072,1,131323,476351
spill,131072,1,131323,384812
spill,131072,1,131323,394541
spill,131072,1,131323,457664
spill,131072,1,131323,433436
spill,131072,1,131323,351748
spill,131072,1,131323,518407
spill,131072,1,131323,367385
spill,131072,1,131323,523805
spill,131072,2,262646,501824
spill,131072,1,131323,497774
spill,131072,2,262646,508745
spill,131072,1,131323,446272
spill,131072,2,262646,512347
spill,131072,1,131323,417152
spill,131072,2,262646,439563
spill,131072,2,262646,563092
spill,131072,1,131323,635814
spill,131072,1,131323,457125
spill,131072,1,131323,434363
spill,131072,1,131323,414992
spill,131072,2,262646,672463
spill,131072,1,131323,367458
spill,131072,1,131323,460168
spill,131072,1,131323,381117
spill,131072,1,131323,419686
spill,131072,1,131323,426105
spill,131072,2,262646,548930
spill,131072,1,131323,344938
spill,131072,2,262646,469660
spill,131072,2,262646,598341
spill,131072,2,262646,471487
spill,131072,2,262646,514041
spill,131072,1,131323,340661
spill,131072,2,262646,425800
spill,131072,3,393969,711971
spill,131072,1,131323,411605
spill,131072,1,131323,430098
spill,131072,1,131323,404304
spill,131072,2,262646,516799
spill,131072,1,131323,419218
spill,131072,3,393969,783395
spill,131072,1,131323,571847
spill,131072,1,131323,435167
spill,131072,3,393969,821532
spill,131072,2,262646,660391
spill,131072,2,262646,492613
spill,131072,2,262646,537828
spill,131072,1,131323,449766
spill,131072,1,131323,427804
spill,131072,1,131323,406409
spill,131072,3,393969,594097
spill,131072,1,131323,398771
spill,131072,1,131323,346060
spill,131072,3,393969,618939
spill,131072,2,262646,503153
spill,131072,1,131323,498990
spill,131072,1,131323,399663
spill,131072,1,131323,1794127
spill,131072,1,131323,1799391
spill,131072,1,131323,3482809
spill,131072,1,131323,4002946
spill,131072,1,131323,1358936
spill,131072,1,131323,1103116
spill,131072,1,131323,575332
spill,131072,2,262646,498766
spill,131072,1,131323,479106
spill,131072,1,131323,500482
spill,131072,1,131323,457082
spill,131072,1,131323,802573
spill,131072,1,131323,333719
spill,131072,1,131323,514396
spill,131072,1,131323,400941
spill,131072,1,131323,484860
spill,131072,2,262646,521396
spill,131072,2,262646,540435
spill,131072,1,131323,486618
spill,131072,1,131323,373642
spill,131072,1,131323,357963
spill,131072,1,131323,407700
spill,131072,4,525292,641599
spill,131072,4,525292,671691
spill,131072,2,262646,593851
spill,131072,1,131323,491626
spill,131072,1,131323,389980
spill,131072,1,131323,381270
spill,131072,2,262646,564299
spill,131072,1,131323,321050
spill,131072,3,393969,605117
spill,131072,1,131323,384545
spill,131072,1,131323,364654
spill,131072,2,262646,614880
spill,131072,3,393969,561222
spill,131072,1,131323,522093
spill,131072,2,262646,625204
spill,131072,2,262646,538996
spill,131072,1,131323,388800
spill,131072,4,525292,765747
spill,131072,2,262646,673261
spill,131072,1,131323,561205
spill,131072,2,262646,733762
spill,131072,1,131323,577913
spill,131072,3,393969,595558
spill,131072,2,262646,782339
spill,131072,1,131323,442083
spill,131072,2,262646,540704
spill,131072,2,262646,511296
spill,131072,2,262646,556465
spill,131072,1,131323,367836
spill,131072,1,131323,444506
spill,131072,1,131323,383497
spill,131072,1,131323,400570
spill,131072,1,131323,416175
spill,131072,1,131323,471219
spill,131072,1,131323,459646
spill,131072,2,262646,483811
spill,131072,1,131323,652781
spill,131072,1,131323,434435
spill,131072,1,131323,439851
spill,131072,1,131323,381587
spill,131072,2,262646,558369
spill,131072,1,131323,389332
spill,131072,1,131323,395489
spill,131072,1,131323,394502
spill,131072,2,262646,526168
spill,131072,2,262646,483240
spill,131072,1,131323,332073
spill,131072,2,262646,574278
spill,131072,1,131323,407934
spill,131072,2,262646,623581
spill,131072,1,131323,820598
spill,131072,2,262646,601102
spill,131072,1,131323,490994
spill,131072,1,131323,477887
spill,131072,1,131323,572805
spill,131072,1,131323,456422
spill,131072,1,131323,406048
spill,131072,1,131323,406815
spill,131072,1,131323,362195
spill,131072,1,131323,426257
spill,131072,1,131323,417465
spill,131072,1,131323,370008
spill,131072,1,131323,421586
spill,131072,1,131323,428646
spill,131072,1,131323,403178
spill,131072,1,131323,382749
spill,131072,1,131323,441504
spill,131072,1,131323,616502
spill,131072,2,262646,496995
spill,131072,1,131323,486025
spill,131072,2,262646,600960
spill,131072,1,131323,609742
spill,131072,2,262646,729311
spill,131072,1,131323,680979
spill,131072,1,131323,466204
spill,131072,1,131323,595849
spill,131072,1,131323,362591
spill,131072,1,131323,415400
spill,131072,2,262646,460874
spill,131072,1,131323,459067
spill,131072,1,131323,433458
spill,131072,1,131323,423744
spill,131072,2,262646,680642
spill,131072,1,131323,675810
spill,131072,1,131323,407970
spill,131072,1,131323,488997
spill,131072,2,262646,507271
spill,131072,1,131323,477516
spill,131072,1,131323,510391
spill,131072,2,262646,650673
spill,131072,1,131323,461573
spill,131072,2,262646,904596
spill,131072,1,131323,543295
spill,131072,1,131323,499384
spill,131072,2,262646,439206
spill,131072,1,131323,705616
spill,131072,1,131323,463093
spill,131072,1,131323,587652
spill,131072,1,131323,669687
spill,131072,1,131323,687745
spill,131072,1,131323,506689
spill,131072,1,131323,685775
spill,131072,2,262646,650799
spill,131072,1,131323,515459
spill,131072,1,131323,442422
spill,131072,2,262646,619050
spill,131072,1,131323,609653
spill,131072,2,262646,562835
spill,131072,1,131323,554322
spill,131072,1,131323,517373
spill,131072,1,131323,596268
spill,131072,1,131323,426650
spill,131072,1,131323,418053
spill,131072,1,131323,442686
spill,131072,2,262646,854992
spill,131072,1,131323,692676
spill,131072,1,131323,461892
spill,131072,1,131323,721380
spill,131072,2,262646,709691
spill,131072,1,131323,627617
spill,131072,1,131323,485857
spill,131072,2,262646,487115
spill,131072,1,131323,545787
spill,131072,1,131323,444903
spill,131072,1,131323,435809
spill,131072,2,262646,635402
spill,131072,1,131323,455109
spill,131072,1,131323,490863
spill,131072,1,131323,484021
spill,131072,1,131323,471340
spill,131072,2,262646,642438
spill,131072,2,262646,546865
spill,131072,1,131323,720448
spill,131072,1,131323,448597
spill,131072,1,131323,860217
spill,131072,2,262646,1149215
spill,131072,1,131323,607263
spill,131072,2,262646,783825
spill,131072,1,131323,931442
spill,131072,1,131323,491350
spill,131072,1,131323,568536
spill,131072,1,131323,842581
spill,131072,1,131323,422007
spill,131072,2,262646,697870
spill,131072,1,131323,493215
spill,131072,2,262646,628869
spill,131072,1,131323,832393
spill,131072,1,131323,453954
spill,131072,1,131323,511050
spill,131072,2,262646,695735
spill,131072,2,262646,843025
spill,131072,1,131323,533083
spill,131072,1,131323,485566
spill,131072,1,131323,704315
spill,131072,2,262646,741814
spill,131072,1,131323,442537
spill,131072,1,131323,449960
spill,131072,2,262646,703711
spill,131072,1,131323,530797
spill,131072,1,131323,453710
spill,131072,1,131323,455050
spill,131072,1,131323,436265
spill,131072,1,131323,631142
spill,131072,2,262646,532959
spill,131072,1,131323,534394
spill,131072,1,131323,422362
spill,131072,1,131323,384341
spill,131072,1,131323,770388
spill,131072,1,131323,422886
spill,131072,2,262646,557545
spill,131072,1,131323,483215
spill,131072,2,262646,526046
spill,131072,1,131323,418662
spill,131072,2,262646,634100
spill,131072,2,262646,502765
spill,131072,1,131323,507383
spill,131072,1,131323,422701
spill,131072,2,262646,580855
spill,131072,1,131323,461909
spill,131072,1,131323,478142
spill,131072,1,131323,404956
spill,131072,2,262646,636693
spill,131072,1,131323,656699
spill,131072,1,131323,616139
spill,131072,2,262646,594750
spill,131072,2,262646,542353
spill,131072,1,131323,985217
spill,131072,1,131323,480456
spill,131072,2,262646,696108
spill,131072,2,262646,587047
spill,131072,2,262646,714521
spill,131072,2,262646,724315
spill,131072,1,131323,836493
spill,131072,1,131323,826554
spill,131072,1,131323,697244
spill,131072,2,262646,797653
spill,131072,2,262646,558996
spill,131072,1,131323,588111
spill,131072,1,131323,416136
spill,131072,2,262646,607496
spill,131072,2,262646,461086
spill,131072,1,131323,574938
spill,131072,1,131323,434267
spill,131072,1,131323,432268
spill,131072,1,131323,427584
spill,131072,1,131323,385736
spill,131072,1,131323,668260
spill,131072,2,262646,919647
spill,131072,1,131323,924428
spill,131072,1,131323,550537
spill,131072,1,131323,661035
spill,131072,1,131323,725148
spill,131072,2,262646,1166548
spill,131072,1,131323,508154
spill,131072,1,131323,1043480
spill,131072,2,262646,1250520
spill,131072,1,131323,1101769
spill,131072,1,131323,1511947
spill,131072,2,262646,850346
spill,131072,1,131323,799400
spill,131072,1,131323,595917
spill,131072,1,131323,630544
spill,131072,2,262646,585201
spill,131072,1,131323,1351078
spill,131072,1,131323,1307044
spill,131072,1,131323,1118456
spill,131072,1,131323,1105725
spill,131072,1,131323,488379
spill,131072,2,262646,538164
spill,131072,1,131323,417981
spill,131072,2,262646,795235
spill,131072,1,131323,620411
spill,131072,1,131323,519933
spill,131072,1,131323,519939
spill,131072,1,131323,779969
spill,131072,1,131323,1232589
spill,131072,1,131323,599389
spill,131072,1,131323,430029
spill,131072,1,131323,380077
spill,131072,1,131323,1039053
spill,131072,1,131323,454572
spill,131072,1,131323,386210
spill,131072,2,262646,910447
spill,131072,1,131323,400367
spill,131072,2,262646,758184
spill,131072,1,131323,871268
spill,131072,1,131323,657061
spill,131072,2,262646,732809
spill,131072,2,262646,912636
spill,131072,1,131323,607690
spill,131072,1,131323,750718
spill,131072,2,262646,741829
spill,131072,1,131323,457484
spill,131072,2,262646,528274
spill,131072,1,131323,448815
spill,131072,2,262646,439028
spill,131072,2,262646,762506
spill,131072,1,131323,731243
spill,131072,1,131323,792843
spill,131072,1,131323,915337
spill,131072,1,131323,420825
spill,131072,1,131323,610201
spill,131072,2,262646,573904
spill,131072,2,262646,451709
spill,131072,1,131323,349906
spill,131072,1,131323,395345
spill,131072,2,262646,560139
spill,131072,1,131323,452319
spill,131072,2,262646,546422
spill,131072,1,131323,795983
spill,131072,1,131323,673561
spill,131072,2,262646,939276
spill,131072,1,131323,993346
spill,131072,1,131323,734519
spill,131072,2,262646,844553
spill,131072,1,131323,840430
spill,131072,2,262646,727811
spill,131072,1,131323,889611
spill,131072,1,131323,684941
spill,131072,2,262646,591067
spill,131072,1,131323,533702
spill,131072,1,131323,584325
spill,131072,1,131323,632561
spill,131072,1,131323,452285
spill,131072,2,262646,782703
spill,131072,1,131323,404022
spill,131072,2,262646,816314
spill,131072,2,262646,598256
spill,131072,1,131323,462660
spill,131072,2,262646,754433
spill,131072,1,131323,518633
spill,131072,1,131323,571897
spill,131072,1,131323,434414
spill,131072,1,131323,959021
spill,131072,2,262646,1170041
spill,131072,1,131323,1261396
spill,131072,1,131323,930839
spill,131072,1,131323,768735
spill,131072,1,131323,1114935
spill,131072,2,262646,738830
spill,131072,1,131323,733408
spill,131072,1,131323,508710
spill,131072,1,131323,890528
spill,131072,1,131323,974593
spill,131072,1,131323,860806
spill,131072,2,262646,821560
spill,131072,1,131323,888703
spill,131072,1,131323,684463
spill,131072,1,131323,526236
spill,131072,2,262646,781035
spill,131072,1,131323,499796
spill,131072,1,131323,459980
spill,131072,2,262646,736574
spill,131072,7,919261,1626878
spill,131072,6,787938,1928772
spill,131072,1,131323,1001224
spill,131072,1833,240715059,199647703
spill,131072,1,131323,15211844
spill,131072,1,131323,15207495
spill,131072,1,131323,15066756
spill,131072,2000,262646000,227276774
spill,131072,1,131323,22173202
spill,131072,2,262646,22442442
spill,131072,2,262646,21839625
spill,131072,1,131323,19671010
spill,131072,2,262646,5729069
spill,131072,2,262646,5658372
spill,131072,1,131323,5442280
spill,131072,1,131323,4681682
spill,131072,1,131323,3332927
spill,131072,1,131323,3273007
spill,131072,2,262646,3266857
spill,131072,2,262646,3708830
spill,131072,1,131323,2448595
spill,131072,2,262646,2702838
spill,131072,1,131323,3335998
spill,131072,1,131323,3410320
spill,131072,2,262646,2746251
spill,131072,1,131323,2579097
spill,131072,1,131323,2467004
spill,131072,1,131323,2703659
spill,131072,3,393969,2397430
spill,131072,1,131323,2421966
spill,131072,1,131323,2174653
spill,131072,1,131323,1780446
spill,131072,1,131323,1128749
spill,131072,1,131323,1008494
spill,131072,2,262646,1192540
spill,131072,2,262646,1262767
spill,131072,1,131323,611043
spill,131072,1,131323,875667
spill,131072,2,262646,680124
spill,131072,1,131323,528245
spill,131072,1,131323,660865
spill,131072,1,131323,632848
spill,131072,2,262646,798240
spill,131072,2,262646,705686
spill,131072,2,262646,574712
spill,131072,2,262646,591491
spill,131072,1,131323,523828
spill,131072,1,131323,585982
spill,131072,1,131323,467092
spill,131072,1,131323,523281
spill,131072,3,393969,944259
spill,131072,1,131323,663494
spill,131072,1,131323,675650
spill,131072,1,131323,699964
spill,131072,1,131323,585828
spill,131072,1,131323,781009
spill,131072,2,262646,869573
spill,131072,1,131323,770985
spill,131072,1,131323,1158781
spill,131072,1,131323,739563
spill,131072,1,131323,810230
spill,131072,1,131323,731105
spill,131072,1,131323,832064
spill,131072,1,131323,871434
spill,131072,2,262646,898857
spill,131072,1,131323,598847
spill,131072,1,131323,967098
spill,131072,2,262646,869981
spill,131072,4,525292,944249
spill,131072,1,131323,730828
spill,131072,1,131323,674652
spill,131072,1,131323,918280
spill,131072,2,262646,851175
spill,131072,1,131323,730776
spill,131072,1,131323,864293
spill,131072,1,131323,700006
spill,131072,1,131323,629090
spill,131072,1,131323,514993
spill,131072,1,131323,670414
spill,131072,1,131323,698647
spill,131072,1,131323,625161
spill,131072,1,131323,1145751
spill,131072,1,131323,718576
spill,131072,2,262646,624844
spill,131072,1,131323,444009
spill,131072,1,131323,668339
spill,131072,3,393969,726118
spill,131072,1,131323,619044
spill,131072,1,131323,450692
spill,131072,1,131323,582251
spill,131072,1,131323,796502
spill,131072,1,131323,626139
spill,131072,1,131323,997620
spill,131072,1,131323,902850
spill,131072,3,393969,893640
spill,131072,1,131323,882747
spill,131072,1,131323,962169
spill,131072,5,656615,1406978
spill,131072,2,262646,1023081
spill,131072,2,262646,756587
spill,131072,1,131323,847392
spill,131072,1,131323,602500
spill,131072,1,131323,878022
spill,131072,1,131323,827712
spill,131072,1,131323,622232
spill,131072,2,262646,874274
spill,131072,1,131323,426828
spill,131072,2,262646,595329
spill,131072,1,131323,597615
spill,131072,1,131323,603142
spill,131072,1,131323,429308
spill,131072,2,262646,593132
spill,131072,1,131323,761425
spill,131072,1,131323,626304
spill,131072,2,262646,1165244
spill,131072,1,131323,724362
spill,131072,1,131323,507679
spill,131072,1,131323,908999
spill,131072,1,131323,686455
spill,131072,1,131323,690996
spill,131072,2,262646,1021213
spill,131072,1,131323,750875
spill,131072,1,131323,925511
spill,131072,1,131323,1052975
spill,131072,1,131323,738907
spill,131072,2,262646,903656
spill,131072,1,131323,494730
spill,131072,2,262646,619721
spill,131072,1,131323,562942
spill,131072,1,131323,573010
spill,131072,1,131323,572892
spill,131072,3,393969,876360
spill,131072,1,131323,663397
spill,131072,1,131323,851802
spill,131072,2,262646,1063646
spill,131072,1,131323,574955
spill,131072,1,131323,760082
spill,131072,1,131323,696851
spill,131072,1,131323,479290
spill,131072,1,131323,666820
spill,131072,1,131323,466637
spill,131072,2,262646,1167482
spill,131072,1,131323,591433
spill,131072,1,131323,925010
spill,131072,1,131323,684229
spill,131072,1,131323,722336
spill,131072,2,262646,929100
spill,131072,2,262646,477053
spill,131072,1,131323,560393
spill,131072,1,131323,627623
spill,131072,1,131323,882098
spill,131072,1,131323,613771
spill,131072,1,131323,551910
spill,131072,1,131323,668373
spill,131072,1,131323,658761
spill,131072,2,262646,962465
spill,131072,1,131323,876232
spill,131072,1,131323,638264
spill,131072,1,131323,497008
spill,131072,1,131323,1068094
spill,131072,1,131323,836477
spill,131072,1,131323,944750
spill,131072,1,131323,1167880
spill,131072,1,131323,1058484
spill,131072,1,131323,816733
spill,131072,2,262646,1019690
spill,131072,1,131323,635942
spill,131072,2,262646,923222
spill,131072,2,262646,1077838
spill,131072,1,131323,755679
spill,131072,1,131323,567126
spill,131072,1,131323,595696
spill,131072,1,131323,736756
spill,131072,1,131323,982272
spill,131072,2,262646,905464
spill,131072,1,131323,984471
spill,131072,1,131323,883523
spill,131072,1,131323,687202
spill,131072,1,131323,1061704
spill,131072,2,262646,785993
spill,131072,1,131323,1188229
spill,131072,2,262646,1063443
spill,131072,1,131323,732789
spill,131072,2,262646,1008641
spill,131072,2,262646,857162
spill,131072,1,131323,627541
spill,131072,2,262646,603012
spill,131072,2,262646,863973
spill,131072,1,131323,506054
spill,131072,2,262646,731681
spill,131072,1,131323,1094668
spill,131072,2,262646,792581
spill,131072,1,131323,978572
spill,131072,1,131323,1083107
spill,131072,1,131323,867516
spill,131072,1,131323,858174
spill,131072,1,131323,1134483
spill,131072,1,131323,928524
spill,131072,1,131323,844897
spill,131072,1,131323,855466
spill,131072,2,262646,876999
spill,131072,1,131323,634742
spill,131072,1,131323,633662
spill,131072,1,131323,862620
spill,131072,1,131323,930401
spill,131072,2,262646,1403536
spill,131072,1,131323,917720
spill,131072,2,262646,782535
spill,131072,1,131323,796532
spill,131072,1,131323,822486
spill,131072,1,131323,1126685
spill,131072,1,131323,836695
spill,131072,1,131323,1161667
spill,131072,1,131323,801812
spill,131072,1,131323,773657
spill,131072,1,131323,1031395
spill,131072,1,131323,887062
spill,131072,1,131323,1212363
spill,131072,1,131323,505271
spill,131072,2,262646,702925
spill,131072,1,131323,1019898
spill,131072,1,131323,454056
spill,131072,1,131323,918360
spill,131072,1,131323,662015
spill,131072,1,131323,624207
spill,131072,1,131323,698196
spill,131072,4,525292,1140824
spill,131072,1,131323,1060272
spill,131072,1,131323,1109773
spill,131072,1,131323,1478465
spill,131072,2,262646,1845351
spill,131072,1,131323,1872996
spill,131072,1,131323,1652089
spill,131072,3,393969,1417988
spill,131072,1,131323,1248027
spill,131072,3,393969,1506243
spill,131072,2,262646,1501284
spill,131072,1,131323,1371800
spill,131072,2,262646,1644246
spill,131072,1,131323,1442628
spill,131072,3,393969,1832854
spill,131072,1,131323,1177526
spill,131072,1,131323,1181928
spill,131072,3,393969,1192346
spill,131072,1,131323,1102301
spill,131072,3,393969,1300079
spill,131072,1,131323,809786
spill,131072,4,525292,1115445
spill,131072,1,131323,1140238
spill,131072,2,262646,928243
spill,131072,2,262646,977515
spill,131072,4,525292,1443040
spill,131072,2,262646,1193655
spill,131072,1,131323,1236705
spill,131072,4,525292,1212529
spill,131072,1,131323,942892
spill,131072,1,131323,821573
spill,131072,3,393969,1271514
spill,131072,3,393969,894166
spill,131072,3,393969,1002003
spill,131072,2,262646,1363997
spill,131072,1,131323,1122849
spill,131072,2,262646,663198
spill,131072,2,262646,749922
spill,131072,2,262646,983250
spill,131072,2,262646,1267026
spill,131072,2,262646,1286846
spill,131072,1,131323,1123069
spill,131072,1,131323,789065
spill,131072,1,131323,1228292
spill,131072,2,262646,667850
spill,131072,1,131323,1150657
spill,131072,1,131323,470229
spill,131072,1,131323,851355
spill,131072,1,131323,1009357
spill,131072,1,131323,506525
spill,131072,3,393969,699942
spill,131072,1,131323,767225
spill,131072,3,393969,911795
spill,131072,2,262646,786533
spill,131072,2,262646,787946
spill,131072,2,262646,775043
spill,131072,2,262646,737698
spill,131072,2,262646,778982
spill,131072,4,525292,1419537
spill,131072,2,262646,757338
spill,131072,2,262646,1008688
spill,131072,1,131323,763360
spill,131072,2,262646,1722592
spill,131072,1,131323,616468
spill,131072,1,131323,899292
spill,131072,1,131323,585922
spill,131072,1,131323,765119
spill,131072,1,131323,761390
spill,131072,1,131323,833791
spill,131072,1,131323,1102503
spill,131072,1,131323,987621
spill,131072,1,131323,824280
spill,131072,1,131323,738480
spill,131072,1,131323,549995
spill,131072,3,393969,1160020
spill,131072,1,131323,1039495
spill,131072,2,262646,815468
spill,131072,1,131323,620237
spill,131072,1,131323,520576
spill,131072,1,131323,828199
spill,131072,1,131323,549933
spill,131072,3,393969,980230
spill,131072,1,131323,733768
spill,131072,1,131323,661025
spill,131072,2,262646,1076123
spill,131072,4,525292,1070873
spill,131072,3,393969,750138
spill,131072,1,131323,640571
spill,131072,1,131323,597385
spill,131072,2,262646,752983
spill,131072,1,131323,574592
spill,131072,2,262646,604205
spill,131072,1,131323,615886
spill,131072,1,131323,617838
spill,131072,5,656615,858960
spill,131072,4,525292,764660
spill,131072,1,131323,482232
spill,131072,2,262646,865006
spill,131072,1,131323,427531
spill,131072,2,262646,496605
spill,131072,4,525292,755750
spill,131072,2,262646,690843
spill,131072,2,262646,858400
spill,131072,3,393969,632924
spill,131072,1,131323,2968448
spill,131072,2,262646,3148301
spill,131072,3,393969,1618271
spill,131072,1,131323,2931771
spill,131072,3,393969,1428071
spill,131072,3,393969,1945482
spill,131072,1,131323,2689130
spill,131072,1,131323,1768964
spill,131072,1,131323,1270335
spill,131072,1,131323,663841
spill,131072,1,131323,956051
spill,131072,1,131323,1057847
spill,131072,3,393969,897261
spill,131072,1,131323,1131098
spill,131072,1,131323,932347
spill,131072,2,262646,989889
spill,131072,1,131323,1036563
spill,131072,1,131323,827691
spill,131072,2,262646,1401373
spill,131072,2,262646,747636
spill,131072,1,131323,544376
spill,131072,1,131323,805115
spill,131072,1,131323,826031
spill,131072,2,262646,1046237
spill,131072,2,262646,1015627
spill,131072,3,393969,1068355
spill,131072,3,393969,935052
spill,131072,2,262646,831066
spill,131072,2,262646,837850
spill,131072,1,131323,632638
spill,131072,1,131323,447364
spill,131072,1,131323,677436
spill,131072,1,131323,469640
spill,131072,1,131323,429849
spill,131072,2,262646,551332
spill,131072,1,131323,459933
spill,131072,3,393969,726707
spill,131072,1,131323,415962
spill,131072,1,131323,540709
spill,131072,2,262646,568071
spill,131072,1,131323,558019
spill,131072,1,131323,609841
spill,131072,3,393969,860249
spill,131072,1,131323,438341
spill,131072,1,131323,666552
spill,131072,1,131323,757473
spill,131072,1,131323,799827
spill,131072,1,131323,518350
spill,131072,1,131323,719055
spill,131072,2,262646,816452
spill,131072,2,262646,727960
spill,131072,1,131323,724169
spill,131072,2,262646,760951
spill,131072,2,262646,527746
spill,131072,3,393969,778649
spill,131072,1,131323,624742
spill,131072,1,131323,541199
spill,131072,1,131323,747105
spill,131072,1,131323,405655
spill,131072,4,525292,784758
spill,131072,1,131323,521561
spill,131072,1,131323,401537
spill,131072,1,131323,388876
spill,131072,1,131323,540820
spill,131072,2,262646,928030
spill,131072,1,131323,494242
spill,131072,2,262646,870772
spill,131072,2,262646,927083
spill,131072,1,131323,655479
spill,131072,1,131323,657279
spill,131072,1,131323,614353
spill,131072,1,131323,457802
spill,131072,1,131323,715431
spill,131072,2,262646,787007
spill,131072,1,131323,782842
spill,131072,1,131323,662302
spill,131072,2,262646,770573
spill,131072,1,131323,504291
spill,131072,1,131323,548278
spill,131072,1,131323,484540
spill,131072,1,131323,693793
spill,131072,2,262646,571757
spill,131072,1,131323,768642
spill,131072,3,393969,633931
spill,131072,1,131323,830439
spill,131072,2,262646,708995
spill,131072,1,131323,681790
spill,131072,1,131323,579238
spill,131072,1,131323,499018
spill,131072,2,262646,695949
spill,131072,2,262646,523486
spill,131072,1,131323,614651
spill,131072,2,262646,818625
spill,131072,2,262646,976707
spill,131072,2,262646,745495
spill,131072,1,131323,571538
spill,131072,2,262646,528920
spill,131072,1,131323,610790
spill,131072,2,262646,1122322
spill,131072,1,131323,693053
spill,131072,1,131323,740724
spill,131072,1,131323,562240
spill,131072,2,262646,912821
spill,131072,1,131323,647845
spill,131072,1,131323,927931
spill,131072,1,131323,919250
spill,131072,2,262646,644499
spill,131072,2,262646,849711
spill,131072,1,131323,445744
spill,131072,3,393969,996118
spill,131072,1,131323,720063
spill,131072,1,131323,751870
spill,131072,1,131323,1024068
spill,131072,2,262646,645906
spill,131072,1,131323,617608
spill,131072,2,262646,896441
spill,131072,1,131323,1317296
spill,131072,2,262646,891199
spill,131072,1,131323,818026
spill,131072,2,262646,1137991
spill,131072,2,262646,959307
spill,131072,2,262646,540781
spill,131072,1,131323,764946
spill,131072,1,131323,848768
spill,131072,3,393969,925132
spill,131072,1,131323,834162
spill,131072,1,131323,789834
spill,131072,2,262646,1048214
spill,131072,2,262646,845693
spill,131072,1,131323,904083
spill,131072,1,131323,480491
spill,131072,1,131323,533998
spill,131072,1,131323,722031
spill,131072,1,131323,974278
spill,131072,2,262646,1407688
spill,131072,5,656615,1830470
spill,131072,2,262646,1376316
spill,131072,2,262646,1120994
spill,131072,1,131323,896294
spill,131072,1,131323,1427029
spill,131072,2,262646,1322333
spill,131072,1,131323,521347
spill,131072,2,262646,1175497
spill,131072,1,131323,735278
spill,131072,1,131323,570073
spill,131072,4,525292,1069990
spill,131072,2,262646,1063101
spill,131072,1,131323,527253
spill,131072,2,262646,699801
spill,131072,1,131323,1138500
spill,131072,1,131323,1087673
spill,131072,1,131323,685257
spill,131072,1,131323,751556
spill,131072,1,131323,635978
spill,131072,1,131323,440690
spill,131072,1,131323,595492
spill,131072,1,131323,1543218
spill,131072,1,131323,771400
spill,131072,1,131323,1702676
spill,131072,2,262646,860784
spill,131072,1,131323,590794
spill,131072,2,262646,841850
spill,131072,2,262646,540020
spill,131072,2,262646,859818
spill,131072,1,131323,453910
spill,131072,1,131323,450892
spill,131072,2,262646,816283
spill,131072,2,262646,633437
spill,131072,1,131323,606587
spill,131072,1,131323,701804
spill,131072,2,262646,732754
spill,131072,3,393969,863776
spill,131072,2,262646,848665
spill,131072,3,393969,559943
spill,131072,2,262646,757224
spill,131072,3,393969,853175
spill,131072,1,131323,923552
spill,131072,1,131323,507501
spill,131072,2,262646,659470
spill,131072,1,131323,952587
spill,131072,1,131323,683304
spill,131072,1,131323,452283
spill,131072,3,393969,1031440
spill,131072,3,393969,1290194
spill,131072,1,131323,810336
spill,131072,1,131323,1104929
spill,131072,4,525292,1145449
spill,131072,4,525292,1102214
spill,131072,1,131323,497401
spill,131072,2,262646,890630
spill,131072,2,262646,1141142
spill,131072,1,131323,552887
spill,131072,1,131323,633687
spill,131072,1,131323,842595
spill,131072,2,262646,686765
spill,131072,2,262646,825366
spill,131072,1,131323,986486
spill,131072,1,131323,851378
spill,131072,1,131323,516660
spill,131072,1,131323,707817
spill,131072,1,131323,658896
spill,131072,3,393969,647636
spill,131072,1,131323,532475
spill,131072,2,262646,756725
spill,131072,2,262646,674922
spill,131072,1,131323,432285
spill,131072,2,262646,756992
spill,131072,1,131323,723824
spill,131072,1,131323,671553
spill,131072,1,131323,1095015
spill,131072,1,131323,903628
spill,131072,2,262646,866763
spill,131072,1,131323,665319
spill,131072,1,131323,671602
spill,131072,1,131323,553326
spill,131072,1,131323,823712
spill,131072,1,131323,493586
spill,131072,2,262646,657640
spill,131072,1,131323,750777
spill,131072,1,131323,789586
spill,131072,1,131323,905483
spill,131072,1,131323,762286
spill,131072,1,131323,432608
spill,131072,1,131323,807940
spill,131072,2,262646,694598
spill,131072,2,262646,679182
spill,131072,1,131323,469760
spill,131072,2,262646,809533
spill,131072,1,131323,587445
spill,131072,1,131323,618050
spill,131072,2,262646,839361
spill,131072,1,131323,1214020
spill,131072,1,131323,1232742
spill,131072,1,131323,438800
spill,131072,2,262646,961880
spill,131072,1,131323,527596
spill,131072,1,131323,698587
spill,131072,2,262646,691839
spill,131072,2,262646,1224804
spill,131072,3,393969,1331516
spill,131072,1,131323,519037
spill,131072,1,131323,1192871
spill,131072,1,131323,509816
spill,131072,1,131323,369302
spill,131072,3,393969,850525
spill,131072,3,393969,593028
spill,131072,1,131323,911088
spill,131072,2,262646,587898
spill,131072,2,262646,606476
spill,131072,1,131323,761579
spill,131072,2,262646,718711
spill,131072,1,131323,933545
spill,131072,1,131323,568016
spill,131072,1,131323,934615
spill,131072,1,131323,562529
spill,131072,1,131323,1063764
spill,131072,1,131323,501828
spill,131072,3,393969,712929
spill,131072,3,393969,848390
spill,131072,2,262646,970132
spill,131072,3,393969,1063835
spill,131072,2,262646,1096603
spill,131072,2,262646,1058854
spill,131072,1,131323,564855
spill,131072,2,262646,759074
spill,131072,1,131323,1259386
spill,131072,1,131323,421350
spill,131072,1,131323,714015
spill,131072,1,131323,914620
spill,131072,2,262646,880436
spill,131072,1,131323,568473
spill,131072,1,131323,983089
spill,131072,1,131323,775526
spill,131072,1,131323,865124
spill,131072,2,262646,863329
spill,131072,1,131323,744534
spill,131072,1,131323,853803
spill,131072,1,131323,460629
spill,131072,1,131323,596692
spill,131072,1,131323,452616
spill,131072,2,262646,728670
spill,131072,1,131323,642769
spill,131072,1,131323,408424
spill,131072,1,131323,660619
spill,131072,1,131323,512009
spill,131072,1,131323,583277
spill,131072,1,131323,567348
spill,131072,2,262646,708631
spill,131072,1,131323,407406
spill,131072,1,131323,483448
spill,131072,2,262646,701540
spill,131072,2,262646,867663
spill,131072,2,262646,821227
spill,131072,2,262646,766129
spill,131072,1,131323,707079
spill,131072,1,131323,543475
spill,131072,1,131323,513542
spill,131072,2,262646,918436
spill,131072,1,131323,462328
spill,131072,1,131323,497163
spill,131072,3,393969,581654
spill,131072,3,393969,806363
spill,131072,1,131323,534964
spill,131072,2,262646,628621
spill,131072,1,131323,720428
spill,131072,1,131323,662025
spill,131072,1,131323,798690
spill,131072,2,262646,854882
spill,131072,1,131323,550890
spill,131072,5,656615,922102
spill,131072,1,131323,534293
spill,131072,2,262646,835886
spill,131072,1,131323,498750
spill,131072,1,131323,514900
spill,131072,2,262646,491483
spill,131072,1,131323,688803
spill,131072,1,131323,763006
spill,131072,1,131323,920714
spill,131072,1,131323,540775
spill,131072,1,131323,319589
spill,131072,1,131323,625491
spill,131072,1,131323,492441
spill,131072,2,262646,527523
spill,131072,3,393969,872309
spill,131072,1,131323,377129
spill,131072,1,131323,855122
spill,131072,1,131323,619231
spill,131072,2,262646,676109
spill,131072,2,262646,931826
spill,131072,2,262646,783076
spill,131072,1,131323,589650
spill,131072,1,131323,587355
spill,131072,5,656615,1084528
spill,131072,3,393969,859867
spill,131072,3,393969,793454
spill,131072,1,131323,434125
spill,131072,1,131323,560062
spill,131072,3,393969,762926
spill,131072,1,131323,621533
spill,131072,3,393969,774258
spill,131072,1,131323,739992
spill,131072,2,262646,698096
spill,131072,2,262646,697105
spill,131072,1,131323,447696
spill,131072,2,262646,636640
spill,131072,2,262646,525569
spill,131072,1,131323,484158
spill,131072,3,393969,590752
spill,131072,1,131323,698467
spill,131072,2,262646,637066
spill,131072,1,131323,450792
spill,131072,1,131323,414344
spill,131072,1,131323,411286
spill,131072,1,131323,645089
spill,131072,2,262646,934712
spill,131072,3,393969,811267
spill,131072,1,131323,546641
spill,131072,1,131323,708366
spill,131072,1,131323,770414
spill,131072,1,131323,933567
spill,131072,2,262646,575111
spill,131072,2,262646,605070
spill,131072,1,131323,2473566
spill,131072,1,131323,2679775
spill,131072,1,131323,5305322
spill,131072,1,131323,5091992
spill,131072,1,131323,2307999
spill,131072,1,131323,2324455
spill,131072,1,131323,1037142
spill,131072,1,131323,1316711
spill,131072,1,131323,653140
spill,131072,1,131323,574051
spill,131072,1,131323,428764
spill,131072,1,131323,527290
spill,131072,2,262646,676042
spill,131072,2,262646,973240
spill,131072,1,131323,1051071
spill,131072,1,131323,1167585
spill,131072,1,131323,1209246
spill,131072,2,262646,1122698
spill,131072,2,262646,875794
spill,131072,1,131323,921370
spill,131072,1,131323,706953
spill,131072,2,262646,1005331
spill,131072,1,131323,1140442
spill,131072,3,393969,1301740
spill,131072,1,131323,660110
spill,131072,1,131323,585385
spill,131072,2,262646,863808
spill,131072,2,262646,693342
spill,131072,1,131323,591648
spill,131072,1,131323,493010
spill,131072,1,131323,502529
spill,131072,1,131323,676844
spill,131072,1,131323,965027
spill,131072,2,262646,886082
spill,131072,1,131323,729953
spill,131072,2,262646,1162594
spill,131072,1,131323,841659
spill,131072,1,131323,535561
spill,131072,1,131323,685717
spill,131072,1,131323,669877
spill,131072,3,393969,660936
spill,131072,2,262646,1232020
spill,131072,1,131323,1033078
spill,131072,1,131323,598220
spill,131072,2,262646,1087366
spill,131072,3,393969,608565
spill,131072,2,262646,779293
spill,131072,2,262646,1023474
spill,131072,1,131323,556823
spill,131072,1,131323,565282
spill,131072,1,131323,475602
spill,131072,2,262646,1183574
spill,131072,2,262646,748549
spill,131072,1,131323,792053
spill,131072,2,262646,730008
spill,131072,1,131323,808036
spill,131072,2,262646,1012105
spill,131072,1,131323,433697
spill,131072,1,131323,555168
spill,131072,1,131323,438970
spill,131072,1,131323,489635
spill,131072,1,131323,430762
spill,131072,1,131323,493857
spill,131072,1,131323,653580
spill,131072,1,131323,608420
spill,131072,1,131323,625977
spill,131072,2,262646,578738
spill,131072,1,131323,569205
spill,131072,1,131323,615108
spill,131072,2,262646,620102
spill,131072,1,131323,508987
spill,131072,2,262646,1032629
spill,131072,1,131323,624526
spill,131072,1,131323,434941
spill,131072,3,393969,791174
spill,131072,1,131323,522945
spill,131072,1,131323,401875
spill,131072,1,131323,754658
spill,131072,2,262646,644519
spill,131072,4,525292,828880
spill,131072,1,131323,519684
spill,131072,1,131323,456419
spill,131072,1,131323,566420
spill,131072,1,131323,455419
spill,131072,2,262646,940928
spill,131072,1,131323,874144
spill,131072,1,131323,503473
spill,131072,3,393969,1313341
spill,131072,1,131323,1204944
spill,131072,2,262646,1090305
spill,131072,1,131323,687052
spill,131072,10,1313230,1435029
spill,131072,1,131323,451267
spill,131072,2,262646,589326
spill,131072,1,131323,482745
spill,131072,1,131323,754289
spill,131072,6,787938,1266161
spill,131072,2,262646,972130
spill,131072,6,787938,1333334
spill,131072,1,131323,680168
spill,131072,1,131323,437213
spill,131072,3,393969,623812
spill,131072,1,131323,575691
spill,131072,1,131323,577942
spill,131072,2,262646,918521
spill,131072,1,131323,524040
spill,131072,1,131323,640535
spill,131072,4,525292,802155
spill,131072,1,131323,575703
spill,131072,1,131323,898585
spill,131072,1,131323,541021
spill,131072,4,525292,1537293
spill,131072,1,131323,1008415
spill,131072,2000,262646000,198107459
spill,131072,1,131323,16041666
spill,131072,2,262646,16057124
spill,131072,5,656615,16601435
spill,131072,1833,240715059,215200763
spill,131072,3,393969,15358387
spill,131072,3,393969,16088336
spill,131072,1,131323,15185885
spill,131072,4,525292,14555573
spill,131072,2,262646,4300968
spill,131072,1,131323,4637907
spill,131072,2,262646,4942456
spill,131072,1,131323,4050306
spill,131072,1,131323,3510096
spill,131072,2,262646,3676641
spill,131072,2,262646,3554790
spill,131072,3,393969,4195876
spill,131072,1,131323,4350269
spill,131072,1,131323,4343427
spill,131072,1,131323,3678622
spill,131072,1,131323,3796443
spill,131072,2,262646,2817679
spill,131072,1,131323,2375508
spill,131072,2,262646,2559043
spill,131072,1,131323,3025331
spill,131072,1,131323,2081929
spill,131072,1,131323,1850953
spill,131072,4,525292,1728420
spill,131072,5,656615,1414630
spill,131072,1,131323,1096146
spill,131072,3,393969,1324543
spill,131072,1,131323,1120941
spill,131072,1,131323,1332055
spill,131072,3,393969,1150076
spill,131072,1,131323,1042188
spill,131072,1,131323,853752
spill,131072,1,131323,1003649
spill,131072,2,262646,1464140
spill,131072,1,131323,716915
spill,131072,1,131323,851241
spill,131072,3,393969,1317327
spill,131072,3,393969,1065798
spill,131072,1,131323,719500
spill,131072,2,262646,1135743
spill,131072,1,131323,1056691
spill,131072,4,525292,1123831
spill,131072,1,131323,953646
spill,131072,3,393969,801107
spill,131072,2,262646,1171810
spill,131072,5,656615,1080478
spill,131072,1,131323,805153
spill,131072,2,262646,733807
spill,131072,1,131323,579744
spill,131072,1,131323,517543
spill,131072,3,393969,742967
spill,131072,4,525292,1122950
spill,131072,2,262646,651127
spill,131072,2,262646,619404
spill,131072,1,131323,590493
spill,131072,1,131323,689321
spill,131072,1,131323,533443
spill,131072,2,262646,663093
spill,131072,1,131323,564121
spill,131072,1,131323,708643
spill,131072,3,393969,907778
spill,131072,1,131323,717268
spill,131072,2,262646,942863
spill,131072,1,131323,974286
spill,131072,2,262646,896603
spill,131072,3,393969,1159321
spill,131072,1,131323,555469
spill,131072,1,131323,820760
spill,131072,1,131323,1038486
spill,131072,1,131323,1246353
spill,131072,1,131323,818895
spill,131072,1,131323,909012
spill,131072,1,131323,865231
spill,131072,2,262646,864363
spill,131072,4,525292,969809
spill,131072,1,131323,745114
spill,131072,2,262646,791061
spill,131072,1,131323,677890
spill,131072,1,131323,1037285
spill,131072,1,131323,800033
spill,131072,2,262646,974621
spill,131072,2,262646,734808
spill,131072,2,262646,558408
spill,131072,2,262646,708875
spill,131072,1,131323,542459
spill,131072,1,131323,473260
spill,131072,1,131323,588477
spill,131072,1,131323,686649
spill,131072,1,131323,524465
spill,131072,3,393969,802694
spill,131072,1,131323,948857
spill,131072,1,131323,4105918
spill,131072,3,393969,3736436
spill,131072,1,131323,1155399
spill,131072,2,262646,1598330
spill,131072,2,262646,1026070
spill,131072,2,262646,1186261
spill,131072,1,131323,885685
spill,131072,7,919261,1702223
spill,131072,4,525292,867937
spill,131072,2,262646,711181
spill,131072,1,131323,621441
spill,131072,4,525292,1211747
spill,131072,1,131323,1024081
spill,131072,1,131323,885305
spill,131072,5,656615,1644334
spill,131072,1,131323,1014725
spill,131072,1,131323,982223
spill,131072,2,262646,762156
spill,131072,3,393969,824645
spill,131072,1,131323,1543296
spill,131072,2,262646,1477009
spill,131072,2,262646,1106463
spill,131072,2,262646,1286690
spill,131072,1,131323,920696
spill,131072,1,131323,840175
spill,131072,1,131323,1044523
spill,131072,1,131323,1402786
spill,131072,1,131323,453285
spill,131072,1,131323,1175261
spill,131072,1,131323,785070
spill,131072,4,525292,907630
spill,131072,5,656615,994241
spill,131072,1,131323,732311
spill,131072,1,131323,908335
spill,131072,1,131323,806333
spill,131072,4,525292,1445766
spill,131072,7,919261,1350117
spill,131072,2,262646,667540
spill,131072,1,131323,962117
spill,131072,1,131323,739973
spill,131072,3,393969,1023263
spill,131072,1,131323,743390
spill,131072,2,262646,815422
spill,131072,5,656615,1098675
spill,131072,9,1181907,1878945
spill,131072,2,262646,878994
spill,131072,1,131323,1008491
spill,131072,6,787938,1075125
spill,131072,3,393969,1282740
spill,131072,2,262646,1068652
spill,131072,3,393969,748222
spill,131072,2,262646,714471
spill,131072,2,262646,1481108
spill,131072,1,131323,605369
spill,131072,2,262646,687449
spill,131072,1,131323,538795
spill,131072,4,525292,708078
spill,131072,2,262646,581162
spill,131072,3,393969,904154
spill,131072,2,262646,979958
spill,131072,3,393969,1065368
spill,131072,3,393969,1354474
spill,131072,2,262646,691146
spill,131072,1,131323,811337
spill,131072,1,131323,880064
spill,131072,2,262646,808154
spill,131072,2,262646,1402737
spill,131072,1,131323,764687
spill,131072,1,131323,868422
spill,131072,1,131323,988292
spill,131072,2,262646,636161
spill,131072,2,262646,676168
spill,131072,2,262646,558740
spill,131072,1,131323,873251
spill,131072,2,262646,569456
spill,131072,2,262646,531791
spill,131072,3,393969,763041
spill,131072,2,262646,1184878
spill,131072,2,262646,630871
spill,131072,2,262646,670219
spill,131072,1,131323,472230
spill,131072,3,393969,712637
spill,131072,2,262646,1025824
spill,131072,2,262646,607337
spill,131072,2,262646,683942
spill,131072,1,131323,444143
spill,131072,1,131323,475566
spill,131072,5,656615,1235626
spill,131072,3,393969,758820
spill,131072,4,525292,1322582
spill,131072,3,393969,648684
spill,131072,2,262646,1183766
spill,131072,1,131323,1282766
spill,131072,2,262646,891542
spill,131072,1,131323,858798
spill,131072,2,262646,1176075
spill,131072,2,262646,994443
spill,131072,1,131323,734840
spill,131072,3,393969,868782
spill,131072,1,131323,840300
spill,131072,1,131323,691672
spill,131072,2,262646,1050517
spill,131072,3,393969,900784
spill,131072,2,262646,693092
spill,131072,1,131323,720696
spill,131072,1,131323,688331
spill,131072,1,131323,589735
spill,131072,2,262646,860763
spill,131072,5,656615,895612
spill,131072,3,393969,753748
spill,131072,1,131323,427044
spill,131072,3,393969,798876
spill,131072,2,262646,646548
spill,131072,1,131323,524972
spill,131072,3,393969,769484
spill,131072,1,131323,433651
spill,131072,1,131323,567120
spill,131072,4,525292,813273
spill,131072,1,131323,546097
spill,131072,1,131323,484630
spill,131072,4,525292,1004231
spill,131072,3,393969,980966
spill,131072,2,262646,726219
spill,131072,1,131323,911769
spill,131072,1,131323,651600
spill,131072,3,393969,778842
spill,131072,2,262646,550822
spill,131072,1,131323,681893
spill,131072,1,131323,1282522
spill,131072,2,262646,1073571
spill,131072,3,393969,710420
spill,131072,1,131323,487279
spill,131072,1,131323,596909
spill,131072,1,131323,608559
spill,131072,1,131323,678753
spill,131072,1,131323,357868
spill,131072,1,131323,714920
spill,131072,2,262646,785671
spill,131072,2,262646,623239
spill,131072,1,131323,595915
spill,131072,2,262646,669099
spill,131072,3,393969,1027696
spill,131072,1,131323,437450
spill,131072,3,393969,726051
spill,131072,1,131323,656613
spill,131072,2,262646,858852
spill,131072,2,262646,1127313
spill,131072,1,131323,589322
spill,131072,2,262646,1069288
spill,131072,2,262646,1002127
spill,131072,1,131323,971549
spill,131072,2,262646,939027
spill,131072,1,131323,783197
spill,131072,2,262646,846054
spill,131072,2,262646,1199230
spill,131072,2,262646,1174322
spill,131072,2,262646,753420
spill,131072,1,131323,846666
spill,131072,1,131323,1143054
spill,131072,2,262646,699101
spill,131072,1,131323,472072
spill,131072,1,131323,579900
spill,131072,1,131323,933648
spill,131072,1,131323,750436
spill,131072,1,131323,568935
spill,131072,1,131323,632934
spill,131072,1,131323,400252
spill,131072,2,262646,740345
spill,131072,1,131323,554010
spill,131072,1,131323,534393
spill,131072,1,131323,719367
spill,131072,2,262646,1151603
spill,131072,2,262646,692741
spill,131072,1,131323,779459
spill,131072,1,131323,781976
spill,131072,1,131323,903092
spill,131072,1,131323,1005308
spill,131072,1,131323,454716
spill,131072,1,131323,507581
spill,131072,1,131323,421077
spill,131072,2,262646,1024149
spill,131072,1,131323,1069382
spill,131072,1,131323,802471
spill,131072,2,262646,1208881
spill,131072,1,131323,1311082
spill,131072,2,262646,929456
spill,131072,1,131323,579122
spill,131072,2,262646,993243
spill,131072,1,131323,910025
spill,131072,1,131323,597546
spill,131072,1,131323,713921
spill,131072,1,131323,409835
spill,131072,2,262646,673287
spill,131072,1,131323,1020790
spill,131072,1,131323,560958
spill,131072,2,262646,752976
spill,131072,1,131323,457554
spill,131072,1,131323,688144
spill,131072,2,262646,506579
spill,131072,1,131323,623469
spill,131072,2,262646,1086793
spill,131072,2,262646,859238
spill,131072,2,262646,707277
spill,131072,1,131323,738797
spill,131072,2,262646,769163
spill,131072,2,262646,995917
spill,131072,2,262646,570963
spill,131072,1,131323,477006
spill,131072,5,656615,858342
spill,131072,2,262646,590075
spill,131072,4,525292,945781
spill,131072,1,131323,671098
spill,131072,1,131323,451254
spill,131072,3,393969,771151
spill,131072,2,262646,738267
spill,131072,1,131323,719996
spill,131072,3,393969,689075
spill,131072,2,262646,852681
spill,131072,2,262646,633831
spill,131072,3,393969,652353
spill,131072,2,262646,699919
spill,131072,2,262646,989967
spill,131072,1,131323,807798
spill,131072,1,131323,1259381
spill,131072,1,131323,621354
spill,131072,2,262646,611665
spill,131072,1,131323,410068
spill,131072,2,262646,510356
spill,131072,1,131323,352943
spill,131072,2,262646,486395
spill,131072,1,131323,373568
spill,131072,1,131323,457387
spill,131072,1,131323,574279
spill,131072,1,131323,694745
spill,131072,1,131323,1052706
spill,131072,3,393969,952755
spill,131072,1,131323,852118
spill,131072,2,262646,519030
spill,131072,1,131323,776470
spill,131072,1,131323,368688
spill,131072,2,262646,444255
spill,131072,1,131323,490006
spill,131072,1,131323,407485
spill,131072,1,131323,349257
spill,131072,2,262646,438383
spill,131072,2,262646,429533
spill,131072,1,131323,534802
spill,131072,1,131323,4824865
spill,131072,1,131323,4787769
spill,131072,1,131323,1775323
spill,131072,2,262646,1925603
spill,131072,1,131323,616737
spill,131072,1,131323,711060
spill,131072,1,131323,366418
spill,131072,2,262646,744087
spill,131072,2,262646,1039178
spill,131072,1,131323,1356476
spill,131072,1,131323,687688
spill,131072,1,131323,397304
spill,131072,2,262646,556417
spill,131072,2,262646,966994
spill,131072,1,131323,405590
spill,131072,2,262646,698352
spill,131072,1,131323,393175
spill,131072,7,919261,1203551
spill,131072,1,131323,1170050
spill,131072,17,2232491,2580632
spill,131072,1,131323,593101
spill,131072,1,131323,365969
spill,131072,3,393969,1363400
spill,131072,3,393969,719546
spill,131072,3,393969,691420
spill,131072,2,262646,616018
spill,131072,1,131323,653714
spill,131072,3,393969,1056981
spill,131072,1,131323,490367
spill,131072,1,131323,684116
spill,131072,1,131323,522267
spill,131072,1,131323,405426
spill,131072,1,131323,582419
spill,131072,2,262646,545918
spill,131072,1,131323,603385
spill,131072,1,131323,379993
spill,131072,1,131323,386665
spill,131072,1,131323,634958
spill,131072,2,262646,573849
spill,131072,4,525292,921163
spill,131072,1,131323,756886
spill,131072,2,262646,687326
spill,131072,1,131323,445894
spill,131072,3,393969,892961
spill,131072,1,131323,394945
spill,131072,1,131323,489341
spill,131072,1,131323,401528
spill,131072,1,131323,412347
spill,131072,1,131323,394508
spill,131072,2,262646,555073
spill,131072,2,262646,576510
spill,131072,1,131323,392102
spill,131072,2,262646,534214
spill,131072,1,131323,890660
spill,131072,1,131323,902399
spill,131072,2,262646,715059
spill,131072,1,131323,821102
spill,131072,1,131323,432389
spill,131072,2,262646,655957
spill,131072,3,393969,620431
spill,131072,1,131323,421739
spill,131072,1,131323,438234
spill,131072,1,131323,487495
spill,131072,1,131323,402511
spill,131072,1,131323,375280
spill,131072,1,131323,346916
spill,131072,1,131323,422684
spill,131072,3,393969,671966
spill,131072,1,131323,866259
spill,131072,1,131323,6016165
spill,131072,1,131323,6467902
spill,131072,1,131323,898029
spill,131072,1,131323,889689
spill,131072,1,131323,868133
spill,131072,1,131323,931051
spill,131072,3,393969,1232615
spill,131072,1,131323,1178255
spill,131072,2,262646,580877
spill,131072,3,393969,809567
spill,131072,2,262646,551153
spill,131072,1,131323,703767
spill,131072,1,131323,469413
spill,131072,1,131323,398323
spill,131072,1,131323,621710
spill,131072,2,262646,688997
spill,131072,1,131323,612037
spill,131072,1,131323,484946
spill,131072,1,131323,909745
spill,131072,2,262646,645341
spill,131072,1,131323,533018
spill,131072,4,525292,987402
spill,131072,13,1707199,1794001
spill,131072,1,131323,576436
spill,131072,2,262646,676581
spill,131072,1,131323,597357
spill,131072,1,131323,668671
spill,131072,2,262646,1040670
spill,131072,2,262646,713087
spill,131072,2,262646,619640
spill,131072,2,262646,914261
spill,131072,1,131323,601953
spill,131072,1,131323,706785
spill,131072,1,131323,598082
spill,131072,3,393969,770343
spill,131072,5,656615,1130205
spill,131072,2,262646,1068050
spill,131072,1,131323,726649
spill,131072,4,525292,1022161
spill,131072,1,131323,653076
spill,131072,3,393969,1134436
spill,131072,3,393969,803713
spill,131072,3,393969,720300
spill,131072,1,131323,421980
spill,131072,1,131323,508475
spill,131072,1,131323,558688
spill,131072,1,131323,534138
spill,131072,1,131323,399379
spill,131072,1,131323,872169
spill,131072,1,131323,830544
spill,131072,1,131323,640151
spill,131072,2,262646,786151
spill,131072,1,131323,607932
spill,131072,2,262646,939065
spill,131072,3,393969,650387
spill,131072,1,131323,472927
spill,131072,1,131323,477037
spill,131072,1,131323,516548
spill,131072,1,131323,909559
spill,131072,1,131323,1171885
spill,131072,1,131323,890258
spill,131072,3,393969,1071590
spill,131072,1,131323,846640
spill,131072,1,131323,612269
spill,131072,3,393969,867669
spill,131072,2,262646,684256
spill,131072,1,131323,448229
spill,131072,1,131323,840720
spill,131072,5,656615,908226
spill,131072,1,131323,451560
spill,131072,2,262646,718702
spill,131072,2,262646,596738
spill,131072,2,262646,1005238
spill,131072,1,131323,597319
spill,131072,3,393969,670869
spill,131072,1,131323,595634
spill,131072,4,525292,1069449
spill,131072,2,262646,630112
spill,131072,4,525292,793166
spill,131072,1,131323,607459
spill,131072,1,131323,789079
spill,131072,1,131323,406875
spill,131072,1,131323,438923
spill,131072,2,262646,523473
spill,131072,3,393969,819074
spill,131072,2,262646,621545
spill,131072,1,131323,488675
spill,131072,3,393969,645805
spill,131072,1,131323,508973
spill,131072,1,131323,491114
spill,131072,1,131323,358627
spill,131072,3,393969,1118764
spill,131072,2,262646,629912
spill,131072,1,131323,542973
spill,131072,1,131323,653919
spill,131072,1,131323,461695
spill,131072,2,262646,587153
spill,131072,2,262646,481950
spill,131072,1,131323,603214
spill,131072,2,262646,490966
spill,131072,1,131323,487381
spill,131072,1836,241109028,177674601
spill,131072,2,262646,22020979
spill,131072,1,131323,21888905
spill,131072,2,262646,21980420
spill,131072,3,393969,4502539
spill,131072,1,131323,4869231
spill,131072,2,262646,4582627
spill,131072,2000,262646000,206926131
spill,131072,2,262646,18399519
spill,131072,1,131323,18703262
spill,131072,1,131323,18879327
spill,131072,1,131323,17861784
spill,131072,2,262646,3739391
spill,131072,1,131323,3569237
spill,131072,1,131323,3924924
spill,131072,1,131323,4196721
spill,131072,1,131323,2524800
spill,131072,3,393969,2696133
spill,131072,1,131323,2437536
spill,131072,1,131323,2580829
spill,131072,1,131323,2947731
spill,131072,1,131323,2888898
spill,131072,1,131323,2837705
spill,131072,1,131323,2984283
spill,131072,1,131323,2500776
spill,131072,1,131323,2347801
spill,131072,4,525292,2940294
spill,131072,2,262646,2472522
spill,131072,1,131323,2343476
spill,131072,1,131323,2247700
spill,131072,1,131323,2317030
spill,131072,1,131323,2246260
spill,131072,1,131323,1912389
spill,131072,2,262646,1680282
spill,131072,1,131323,5099724
spill,131072,4,525292,2489363
spill,131072,2,262646,1546721
spill,131072,5,656615,2274019
spill,131072,3,393969,919394
spill,131072,1,131323,885949
spill,131072,9,1181907,2404531
spill,131072,5,656615,1170958
spill,131072,2,262646,1290109
spill,131072,1,131323,1691306
spill,131072,3,393969,1058850
spill,131072,1,131323,1081931
spill,131072,1,131323,868352
spill,131072,2,262646,926434
spill,131072,1,131323,1215850
spill,131072,2,262646,1210884
spill,131072,4,525292,1268282
spill,131072,1,131323,1235403
spill,131072,1,131323,871409
spill,131072,4,525292,971006
spill,131072,2,262646,947659
spill,131072,1,131323,936404
spill,131072,1,131323,1343841
spill,131072,1,131323,1034169
spill,131072,6,787938,1195537
spill,131072,5,656615,1946438
spill,131072,1,131323,1308986
spill,131072,4,525292,1230617
spill,131072,2,262646,1116085
spill,131072,2,262646,725689
spill,131072,2,262646,1050857
spill,131072,2,262646,909009
spill,131072,2,262646,911810
spill,131072,4,525292,1041912
spill,131072,1,131323,613938
spill,131072,2,262646,758842
spill,131072,2,262646,1139850
spill,131072,6,787938,1110773
spill,131072,2,262646,775069
spill,131072,4,525292,755066
spill,131072,1,131323,805462
spill,131072,1,131323,614976
spill,131072,3,393969,1169130
spill,131072,1,131323,530881
spill,131072,4,525292,1577604
spill,131072,4,525292,1491393
spill,131072,3,393969,1268289
spill,131072,1,131323,948289
spill,131072,1,131323,646123
spill,131072,2,262646,601885
spill,131072,5,656615,1247509
spill,131072,6,787938,2277656
spill,131072,1,131323,1400547
spill,131072,2,262646,1242988
spill,131072,2,262646,1133822
spill,131072,1,131323,924994
spill,131072,2,262646,730203
spill,131072,3,393969,993529
spill,131072,1,131323,937755
spill,131072,2,262646,793521
spill,131072,1,131323,1000983
spill,131072,2,262646,899451
spill,131072,1,131323,797716
spill,131072,1,131323,423974
spill,131072,1,131323,894855
spill,131072,4,525292,896701
spill,131072,1,131323,443440
spill,131072,2,262646,837104
spill,131072,5,656615,1385565
spill,131072,3,393969,739419
spill,131072,1,131323,580825
spill,131072,1,131323,550972
spill,131072,1,131323,689406
spill,131072,4,525292,1410603
spill,131072,2,262646,900228
spill,131072,1,131323,452809
spill,131072,3,393969,1313640
spill,131072,5,656615,1267011
spill,131072,1,131323,545913
spill,131072,2,262646,1265885
spill,131072,1,131323,932084
spill,131072,1,131323,464074
spill,131072,2,262646,1063607
spill,131072,1,131323,630614
spill,131072,1,131323,561586
spill,131072,2,262646,788953
spill,131072,1,131323,496623
spill,131072,1,131323,773646
spill,131072,4,525292,911791
spill,131072,4,525292,833388
spill,131072,3,393969,880447
spill,131072,1,131323,717920
spill,131072,3,393969,571553
spill,131072,2,262646,967660
spill,131072,1,131323,719400
spill,131072,2,262646,772854
spill,131072,2,262646,1082142
spill,131072,1,131323,586212
spill,131072,1,131323,526762
spill,131072,1,131323,665099
spill,131072,4,525292,887472
spill,131072,2,262646,679235
spill,131072,2,262646,715458
spill,131072,1,131323,418174
spill,131072,2,262646,503889
spill,131072,1,131323,683760
spill,131072,1,131323,633456
spill,131072,1,131323,426322
spill,131072,1,131323,694585
spill,131072,2,262646,681294
spill,131072,2,262646,540549
spill,131072,1,131323,791428
spill,131072,1,131323,646631
spill,131072,2,262646,520173
spill,131072,3,393969,804455
spill,131072,1,131323,388543
spill,131072,1,131323,590412
spill,131072,1,131323,449150
spill,131072,2,262646,707674
spill,131072,1,131323,411310
spill,131072,1,131323,429384
spill,131072,1,131323,690572
spill,131072,3,393969,986896
spill,131072,2,262646,852296
spill,131072,1,131323,735220
spill,131072,1,131323,596703
spill,131072,2,262646,614584
spill,131072,2,262646,574144
spill,131072,2,262646,729140
spill,131072,1,131323,561161
spill,131072,1,131323,575336
spill,131072,1,131323,468640
spill,131072,1,131323,495278
spill,131072,1,131323,461984
spill,131072,2,262646,588890
spill,131072,1,131323,677540
spill,131072,1,131323,580980
spill,131072,1,131323,386500
spill,131072,1,131323,704352
spill,131072,3,393969,640110
spill,131072,1,131323,395759
spill,131072,1,131323,462683
spill,131072,1,131323,454875
spill,131072,1,131323,388033
spill,131072,1,131323,388734
spill,131072,2,262646,799001
spill,131072,1,131323,452774
spill,131072,1,131323,403126
spill,131072,2,262646,620071
spill,131072,1,131323,511051
spill,131072,1,131323,540775
spill,131072,1,131323,450221
spill,131072,1,131323,594041
spill,131072,1,131323,349772
spill,131072,1,131323,389089
spill,131072,3,393969,618211
spill,131072,1,131323,398348
spill,131072,3,393969,661190
spill,131072,1,131323,448341
spill,131072,1,131323,457445
spill,131072,2,262646,582748
spill,131072,3,393969,694539
spill,131072,1,131323,479805
spill,131072,1,131323,449721
spill,131072,1,131323,465313
spill,131072,1,131323,693744
spill,131072,1,131323,460077
spill,131072,2,262646,529327
spill,131072,1,131323,384596
spill,131072,3,393969,810746
spill,131072,1,131323,489130
spill,131072,2,262646,504113
spill,131072,2,262646,761027
spill,131072,2,262646,515665
spill,131072,1,131323,539847
spill,131072,2,262646,561054
spill,131072,1,131323,545644
spill,131072,1,131323,879819
spill,131072,2,262646,862858
spill,131072,1,131323,714552
spill,131072,2,262646,711620
spill,131072,1,131323,530967
spill,131072,3,393969,796356
spill,131072,1,131323,706433
spill,131072,2,262646,840782
spill,131072,1,131323,628418
spill,131072,2,262646,702825
spill,131072,3,393969,995357
spill,131072,1,131323,625086
spill,131072,1,131323,575702
spill,131072,2,262646,711351
spill,131072,1,131323,973021
spill,131072,1,131323,643828
spill,131072,2,262646,774652
spill,131072,2,262646,941440
spill,131072,1,131323,784250
spill,131072,2,262646,799682
spill,131072,4,525292,797560
spill,131072,2,262646,793022
spill,131072,1,131323,591732
spill,131072,1,131323,726558
spill,131072,2,262646,836595
spill,131072,1,131323,598299
spill,131072,2,262646,631908
spill,131072,1,131323,776342
spill,131072,2,262646,721367
spill,131072,1,131323,582413
spill,131072,2,262646,766224
spill,131072,3,393969,1255215
spill,131072,1,131323,805913
spill,131072,1,131323,1145174
spill,131072,1,131323,565480
spill,131072,2,262646,707950
spill,131072,1,131323,674924
spill,131072,1,131323,572463
spill,131072,3,393969,823713
spill,131072,1,131323,466179
spill,131072,1,131323,684446
spill,131072,1,131323,487869
spill,131072,1,131323,801523
spill,131072,2,262646,847410
spill,131072,1,131323,935185
spill,131072,1,131323,786983
spill,131072,1,131323,976213
spill,131072,1,131323,609286
spill,131072,1,131323,663688
spill,131072,1,131323,880543
spill,131072,1,131323,585591
spill,131072,2,262646,829022
spill,131072,1,131323,492876
spill,131072,2,262646,783507
spill,131072,1,131323,718184
spill,131072,1,131323,473606
spill,131072,1,131323,913755
spill,131072,1,131323,638741
spill,131072,2,262646,644575
spill,131072,2,262646,886461
spill,131072,1,131323,455991
spill,131072,3,393969,733755
spill,131072,1,131323,525246
spill,131072,3,393969,1000597
spill,131072,3,393969,901667
spill,131072,1,131323,412438
spill,131072,3,393969,713898
spill,131072,1,131323,563574
spill,131072,2,262646,531212
spill,131072,3,393969,1107168
spill,131072,1,131323,460291
spill,131072,3,393969,874270
spill,131072,1,131323,371056
spill,131072,1,131323,714690
spill,131072,2,262646,505888
spill,131072,1,131323,401065
spill,131072,1,131323,396546
spill,131072,1,131323,525540
spill,131072,1,131323,431083
spill,131072,1,131323,360649
spill,131072,3,393969,915284
spill,131072,2,262646,605810
spill,131072,2,262646,796723
spill,131072,1,131323,539175
spill,131072,1,131323,443535
spill,131072,2,262646,913077
spill,131072,1,131323,729167
spill,131072,1,131323,454129
spill,131072,4,525292,781671
spill,131072,3,393969,960396
spill,131072,2,262646,934572
spill,131072,1,131323,637873
spill,131072,1,131323,900321
spill,131072,2,262646,738605
spill,131072,2,262646,641324
spill,131072,1,131323,468839
spill,131072,2,262646,598238
spill,131072,2,262646,495340
spill,131072,1,131323,771293
spill,131072,2,262646,1299284
spill,131072,2,262646,1041967
spill,131072,5,656615,1171020
spill,131072,2,262646,1267427
spill,131072,1,131323,1220653
spill,131072,1,131323,693913
spill,131072,1,131323,671550
spill,131072,1,131323,799020
spill,131072,1,131323,955029
spill,131072,1,131323,559305
spill,131072,2,262646,805616
spill,131072,2,262646,780683
spill,131072,1,131323,578495
spill,131072,1,131323,789632
spill,131072,1,131323,576443
spill,131072,1,131323,617665
spill,131072,2,262646,753072
spill,131072,1,131323,648892
spill,131072,1,131323,523635
spill,131072,1,131323,632315
spill,131072,1,131323,528119
spill,131072,2,262646,641964
spill,131072,1,131323,652851
spill,131072,1,131323,990845
spill,131072,5,656615,878050
spill,131072,1,131323,729441
spill,131072,1,131323,442834
spill,131072,2,262646,587791
spill,131072,1,131323,444092
spill,131072,1,131323,452313
spill,131072,1,131323,425766
spill,131072,2,262646,548050
spill,131072,1,131323,434752
spill,131072,1,131323,477752
spill,131072,1,131323,475472
spill,131072,1,131323,643615
spill,131072,1,131323,655529
spill,131072,1,131323,511407
spill,131072,4,525292,1029367
spill,131072,3,393969,746382
spill,131072,1,131323,496581
spill,131072,1,131323,494064
spill,131072,1,131323,369822
spill,131072,1,131323,362879
spill,131072,5,656615,885187
spill,131072,2,262646,581913
spill,131072,2,262646,588522
spill,131072,1,131323,436607
spill,131072,1,131323,485743
spill,131072,4,525292,798470
spill,131072,1,131323,735026
spill,131072,5,656615,882398
spill,131072,4,525292,842327
spill,131072,2,262646,770577
spill,131072,3,393969,819827
spill,131072,1,131323,675380
spill,131072,1,131323,432859
spill,131072,2,262646,597333
spill,131072,2,262646,519749
spill,131072,2,262646,829984
spill,131072,3,393969,1244889
spill,131072,1,131323,640096
spill,131072,2,262646,1274000
spill,131072,1,131323,864984
spill,131072,2,262646,618594
spill,131072,1,131323,634905
spill,131072,1,131323,613457
spill,131072,2,262646,1199691
spill,131072,4,525292,1114051
spill,131072,1,131323,799030
spill,131072,1,131323,460543
spill,131072,1,131323,507332
spill,131072,2,262646,878897
spill,131072,1,131323,666536
spill,131072,1,131323,802555
spill,131072,1,131323,514419
spill,131072,1,131323,717376
spill,131072,1,131323,593100
spill,131072,1,131323,539060
spill,131072,1,131323,441212
spill,131072,1,131323,601204
spill,131072,1,131323,718342
spill,131072,1,131323,1108255
spill,131072,1,131323,953616
spill,131072,2,262646,1190640
spill,131072,1,131323,784037
spill,131072,1,131323,778646
spill,131072,2,262646,783726
spill,131072,1,131323,598092
spill,131072,1,131323,716258
spill,131072,1,131323,787113
spill,131072,1,131323,944848
spill,131072,1,131323,1207130
spill,131072,2,262646,1172324
spill,131072,1,131323,1221794
spill,131072,1,131323,1230354
spill,131072,1,131323,611058
spill,131072,1,131323,714869
spill,131072,1,131323,757663
spill,131072,1,131323,856425
spill,131072,1,131323,824466
spill,131072,1,131323,1421936
spill,131072,1,131323,491073
spill,131072,1,131323,611911
spill,131072,1,131323,623911
spill,131072,1,131323,371544
spill,131072,2,262646,464200
spill,131072,1,131323,542767
spill,131072,1,131323,473690
spill,131072,1,131323,430335
spill,131072,2,262646,902169
spill,131072,1,131323,1078594
spill,131072,2,262646,868054
spill,131072,1,131323,616266
spill,131072,1,131323,679987
spill,131072,1,131323,593302
spill,131072,1,131323,964343
spill,131072,1,131323,458625
spill,131072,2,262646,665585
spill,131072,4,525292,1128857
spill,131072,1,131323,763159
spill,131072,2,262646,983036
spill,131072,1,131323,629165
spill,131072,3,393969,1301216
spill,131072,3,393969,800245
spill,131072,1,131323,684590
spill,131072,1,131323,692185
spill,131072,1833,240715059,168779695
spill,131072,2000,262646000,190339526
spill,262144,2,524790,1887354
spill,262144,2,524790,2002431
spill,262144,6,1574370,2264364
spill,262144,1,262395,1164060
spill,262144,4,1049580,1471890
spill,262144,6,1574370,1380492
spill,262144,1,262395,877227
spill,262144,3,787185,986170
spill,262144,2,524790,2246027
spill,262144,2,524790,2064535
spill,262144,1,262395,2454460
spill,262144,2,524790,1053099
spill,262144,1,262395,1086264
spill,262144,1,262395,987678
spill,262144,4,1049580,1516603
spill,262144,1,262395,1105438
spill,262144,1,262395,642024
spill,262144,2,524790,797087
spill,262144,1,262395,846605
spill,262144,1,262395,574251
spill,262144,1,262395,590817
spill,262144,2,524790,840119
spill,262144,2,524790,802797
spill,262144,1,262395,627714
spill,262144,1,262395,563340
spill,262144,3,787185,1257174
spill,262144,1,262395,500610
spill,262144,4,1049580,1124063
spill,262144,1,262395,633985
spill,262144,2,524790,739993
spill,262144,1,262395,575817
spill,262144,2,524790,754113
spill,262144,2,524790,689775
spill,262144,1,262395,609158
spill,262144,3,787185,939165
spill,262144,1,262395,755004
spill,262144,2,524790,1135188
spill,262144,2,524790,937077
spill,262144,2,524790,901974
spill,262144,1,262395,668933
spill,262144,1,262395,583707
spill,262144,1,262395,590682
spill,262144,1,262395,588588
spill,262144,1,262395,887889
spill,262144,2,524790,842150
spill,262144,1,262395,538596
spill,262144,1,262395,486551
spill,262144,1,262395,488873
spill,262144,2,524790,910291
spill,262144,2,524790,788071
spill,262144,1,262395,531784
spill,262144,1,262395,639813
spill,262144,2,524790,899785
spill,262144,3,787185,1093835
spill,262144,1,262395,558586
spill,262144,1,262395,982834
spill,262144,1,262395,581460
spill,262144,2,524790,687125
spill,262144,1,262395,675990
spill,262144,1,262395,502407
spill,262144,2,524790,801445
spill,262144,1,262395,528587
spill,262144,2,524790,653218
spill,262144,1,262395,503741
spill,262144,2,524790,751238
spill,262144,1,262395,481110
spill,262144,1,262395,486512
spill,262144,2,524790,721974
spill,262144,1,262395,481416
spill,262144,2,524790,769620
spill,262144,1,262395,577928
spill,262144,1,262395,677617
spill,262144,1,262395,555475
spill,262144,1,262395,644652
spill,262144,2,524790,742017
spill,262144,1,262395,531712
spill,262144,1,262395,531818
spill,262144,2,524790,723270
spill,262144,1,262395,503029
spill,262144,2,524790,782597
spill,262144,1,262395,593565
spill,262144,2,524790,860677
spill,262144,2,524790,822322
spill,262144,1,262395,624581
spill,262144,2,524790,1028649
spill,262144,1,262395,549241
spill,262144,1,262395,536440
spill,262144,1,262395,546006
spill,262144,1,262395,591861
spill,262144,2,524790,844795
spill,262144,1,262395,640746
spill,262144,1,262395,458790
spill,262144,1,262395,554323
spill,262144,2,524790,718067
spill,262144,1,262395,479633
spill,262144,1,262395,706223
spill,262144,1,262395,671038
spill,262144,1,262395,492234
spill,262144,1,262395,465938
spill,262144,1,262395,527891
spill,262144,2,524790,733695
spill,262144,1,262395,682122
spill,262144,1,262395,554300
spill,262144,3,787185,894262
spill,262144,3,787185,896884
spill,262144,3,787185,988049
spill,262144,2,524790,766164
spill,262144,1,262395,554894
spill,262144,1,262395,692140
spill,262144,1,262395,492368
spill,262144,2,524790,783153
spill,262144,1,262395,481453
spill,262144,1,262395,559493
spill,262144,2,524790,773785
spill,262144,1,262395,498298
spill,262144,1,262395,457030
spill,262144,3,787185,885600
spill,262144,4,1049580,1010316
spill,262144,2,524790,715752
spill,262144,1,262395,613426
spill,262144,2,524790,696817
spill,262144,1,262395,502762
spill,262144,1,262395,459868
spill,262144,2,524790,686845
spill,262144,2,524790,780712
spill,262144,1,262395,676479
spill,262144,2,524790,757534
spill,262144,1,262395,520755
spill,262144,1,262395,552149
spill,262144,1,262395,501018
spill,262144,1,262395,427131
spill,262144,1,262395,609055
spill,262144,1,262395,512099
spill,262144,1,262395,438615
spill,262144,1,262395,580241
spill,262144,1,262395,531313
spill,262144,1,262395,443738
spill,262144,1,262395,647521
spill,262144,1,262395,494633
spill,262144,1,262395,710888
spill,262144,1,262395,471878
spill,262144,1,262395,557963
spill,262144,2,524790,804295
spill,262144,1,262395,512691
spill,262144,2,524790,944836
spill,262144,1,262395,760433
spill,262144,1,262395,948676
spill,262144,1,262395,864820
spill,262144,2,524790,1161465
spill,262144,1,262395,600903
spill,262144,1,262395,700190
spill,262144,1,262395,552831
spill,262144,1,262395,885901
spill,262144,1,262395,1265424
spill,262144,1,262395,1299758
spill,262144,2,524790,928549
spill,262144,1,262395,587883
spill,262144,1,262395,654430
spill,262144,2,524790,930287
spill,262144,1,262395,777491
spill,262144,1,262395,843292
spill,262144,5,1311975,1228138
spill,262144,1,262395,587469
spill,262144,1,262395,724680
spill,262144,2,524790,823244
spill,262144,1,262395,601435
spill,262144,1,262395,509172
spill,262144,1,262395,503212
spill,262144,2,524790,747452
spill,262144,1,262395,588652
spill,262144,2,524790,663250
spill,262144,1,262395,520751
spill,262144,2,524790,730690
spill,262144,2,524790,755547
spill,262144,2,524790,982830
spill,262144,1,262395,520302
spill,262144,3,787185,1017711
spill,262144,1,262395,479435
spill,262144,1,262395,785871
spill,262144,1,262395,682993
spill,262144,1,262395,516961
spill,262144,1,262395,557205
spill,262144,1,262395,487399
spill,262144,3,787185,929719
spill,262144,1,262395,605720
spill,262144,2,524790,698444
spill,262144,2,524790,763566
spill,262144,2,524790,738582
spill,262144,2,524790,766143
spill,262144,2,524790,731246
spill,262144,1,262395,562307
spill,262144,1,262395,525908
spill,262144,1,262395,583000
spill,262144,3,787185,1044953
spill,262144,1,262395,699261
spill,262144,1,262395,577546
spill,262144,1,262395,489910
spill,262144,2,524790,813206
spill,262144,1,262395,487960
spill,262144,2,524790,757081
spill,262144,1,262395,507860
spill,262144,1,262395,514015
spill,262144,2,524790,797320
spill,262144,2,524790,1109784
spill,262144,3,787185,880936
spill,262144,1,262395,484589
spill,262144,1,262395,599015
spill,262144,1,262395,505519
spill,262144,2,524790,735851
spill,262144,2,524790,961075
spill,262144,1,262395,671738
spill,262144,2,524790,1023952
spill,262144,2,524790,979676
spill,262144,1,262395,521132
spill,262144,5,1311975,1279630
spill,262144,1,262395,766650
spill,262144,2,524790,852595
spill,262144,2,524790,732212
spill,262144,1,262395,517824
spill,262144,2,524790,746587
spill,262144,1,262395,679421
spill,262144,2,524790,673816
spill,262144,1,262395,553284
spill,262144,2,524790,922965
spill,262144,2,524790,942161
spill,262144,1,262395,820772
spill,262144,3,787185,1182705
spill,262144,3,787185,1138316
spill,262144,1,262395,844824
spill,262144,1,262395,703992
spill,262144,2,524790,703111
spill,262144,2,524790,896249
spill,262144,5,1311975,1516885
spill,262144,1,262395,685599
spill,262144,1,262395,640755
spill,262144,1,262395,913099
spill,262144,2,524790,820318
spill,262144,2,524790,902841
spill,262144,1,262395,864191
spill,262144,1,262395,679707
spill,262144,2,524790,1150529
spill,262144,2,524790,1069723
spill,262144,1,262395,665466
spill,262144,1,262395,590007
spill,262144,2,524790,1878075
spill,262144,1,262395,1801419
spill,262144,1,262395,1805145
spill,262144,1,262395,1686993
spill,262144,1,262395,1519724
spill,262144,4,1049580,1664840
spill,262144,1,262395,773239
spill,262144,1,262395,906473
spill,262144,2,524790,1351808
spill,262144,3,787185,1084124
spill,262144,1,262395,774282
spill,262144,2,524790,1108629
spill,262144,2,524790,911408
spill,262144,1,262395,944918
spill,262144,1,262395,952435
spill,262144,2,524790,1270088
spill,262144,1,262395,1393820
spill,262144,1,262395,819238
spill,262144,1,262395,1187859
spill,262144,1,262395,1196329
spill,262144,3,787185,1393166
spill,262144,1,262395,856965
spill,262144,2,524790,851923
spill,262144,1,262395,803120
spill,262144,1,262395,769413
spill,262144,1,262395,1157610
spill,262144,2,524790,1239218
spill,262144,1,262395,1315942
spill,262144,1,262395,1519845
spill,262144,1,262395,1178280
spill,262144,1,262395,899693
spill,262144,1,262395,1333937
spill,262144,1,262395,1258024
spill,262144,4,1049580,1488804
spill,262144,1,262395,702603
spill,262144,1,262395,1095493
spill,262144,1,262395,1283063
spill,262144,1,262395,1197964
spill,262144,2,524790,1126178
spill,262144,2,524790,1213990
spill,262144,2,524790,871536
spill,262144,2,524790,1008051
spill,262144,1,262395,739225
spill,262144,1,262395,1304400
spill,262144,1,262395,892156
spill,262144,2,524790,1452769
spill,262144,1,262395,697237
spill,262144,1,262395,592899
spill,262144,1,262395,811850
spill,262144,1,262395,1279232
spill,262144,1,262395,1492300
spill,262144,1,262395,612610
spill,262144,1,262395,622327
spill,262144,1,262395,745190
spill,262144,1,262395,748610
spill,262144,1,262395,537235
spill,262144,3,787185,976542
spill,262144,1,262395,961977
spill,262144,2,524790,769156
spill,262144,1,262395,1230452
spill,262144,1,262395,1159871
spill,262144,1,262395,874280
spill,262144,1,262395,877720
spill,262144,2,524790,1484971
spill,262144,2,524790,887103
spill,262144,1,262395,990845
spill,262144,2,524790,1240204
spill,262144,1,262395,720609
spill,262144,1,262395,751862
spill,262144,1,262395,546471
spill,262144,1,262395,527268
spill,262144,1,262395,695531
spill,262144,2,524790,819299
spill,262144,4,1049580,1159993
spill,262144,1,262395,585975
spill,262144,2,524790,1150733
spill,262144,1,262395,789131
spill,262144,1,262395,566105
spill,262144,3,787185,951356
spill,262144,2,524790,944833
spill,262144,1,262395,502051
spill,262144,1,262395,694181
spill,262144,1,262395,582434
spill,262144,2,524790,1222502
spill,262144,1,262395,656845
spill,262144,1,262395,501670
spill,262144,1,262395,511399
spill,262144,1,262395,617419
spill,262144,1,262395,640991
spill,262144,2,524790,1366079
spill,262144,3,787185,866293
spill,262144,1,262395,640870
spill,262144,1,262395,1314947
spill,262144,2,524790,995274
spill,262144,1,262395,903795
spill,262144,1,262395,467656
spill,262144,1,262395,513818
spill,262144,1,262395,588118
spill,262144,2,524790,1299555
spill,262144,1,262395,707970
spill,262144,1,262395,740076
spill,262144,1,262395,821264
spill,262144,3,787185,1180684
spill,262144,1,262395,820451
spill,262144,1,262395,563229
spill,262144,2,524790,1086745
spill,262144,2,524790,718923
spill,262144,1,262395,720101
spill,262144,1,262395,534675
spill,262144,1,262395,884767
spill,262144,1,262395,501533
spill,262144,2,524790,651609
spill,262144,1,262395,540220
spill,262144,1,262395,502134
spill,262144,1,262395,1140753
spill,262144,1,262395,532739
spill,262144,2,524790,1018508
spill,262144,1,262395,1687635
spill,262144,2,524790,2442492
spill,262144,1,262395,1893484
spill,262144,2,524790,1120994
spill,262144,1,262395,1088306
spill,262144,1,262395,998899
spill,262144,1,262395,928770
spill,262144,1,262395,908429
spill,262144,1,262395,1338534
spill,262144,1,262395,1608422
spill,262144,2,524790,1512243
spill,262144,1,262395,1850988
spill,262144,2,524790,1469870
spill,262144,1,262395,1436574
spill,262144,2,524790,951328
spill,262144,1,262395,893870
spill,262144,1,262395,1046177
spill,262144,2,524790,996070
spill,262144,1,262395,1068393
spill,262144,1,262395,1009974
spill,262144,1,262395,1191878
spill,262144,1,262395,842345
spill,262144,1,262395,1755370
spill,262144,2,524790,1614163
spill,262144,1,262395,1690809
spill,262144,1,262395,1053430
spill,262144,2,524790,1233321
spill,262144,1,262395,1204579
spill,262144,1,262395,1221214
spill,262144,1,262395,1577196
spill,262144,1,262395,1348555
spill,262144,1,262395,1567054
spill,262144,1,262395,745496
spill,262144,2,524790,1211526
spill,262144,1,262395,922330
spill,262144,1,262395,781151
spill,262144,1,262395,665564
spill,262144,2,524790,1018325
spill,262144,1,262395,894788
spill,262144,1,262395,923165
spill,262144,2,524790,1196751
spill,262144,2,524790,1073365
spill,262144,1,262395,964358
spill,262144,1,262395,1292569
spill,262144,1,262395,732512
spill,262144,1,262395,948471
spill,262144,1,262395,1192521
spill,262144,2,524790,1036126
spill,262144,3,787185,1504081
spill,262144,3,787185,1487514
spill,262144,3,787185,1665702
spill,262144,1,262395,697871
spill,262144,2,524790,1687986
spill,262144,2,524790,1363121
spill,262144,1,262395,1091393
spill,262144,1,262395,734958
spill,262144,1,262395,696006
spill,262144,1,262395,1179773
spill,262144,1,262395,1116827
spill,262144,2,524790,1297453
spill,262144,1,262395,1153095
spill,262144,1,262395,1218868
spill,262144,2,524790,1505906
spill,262144,2,524790,914335
spill,262144,1,262395,1001392
spill,262144,2,524790,1378594
spill,262144,1,262395,926506
spill,262144,1,262395,887659
spill,262144,1,262395,688057
spill,262144,2,524790,657452
spill,262144,2,524790,1234479
spill,262144,2,524790,1059820
spill,262144,1,262395,1225075
spill,262144,1,262395,1496993
spill,262144,1,262395,1859813
spill,262144,1,262395,1864045
spill,262144,2,524790,1092244
spill,262144,1,262395,992165
spill,262144,1,262395,865274
spill,262144,1,262395,835254
spill,262144,1,262395,905379
spill,262144,1,262395,1175813
spill,262144,2,524790,993045
spill,262144,3,787185,1749860
spill,262144,2,524790,1314714
spill,262144,2,524790,1033286
spill,262144,1,262395,915818
spill,262144,2,524790,1369693
spill,262144,1,262395,578935
spill,262144,1,262395,773153
spill,262144,1,262395,789776
spill,262144,2,524790,765263
spill,262144,2,524790,964430
spill,262144,2,524790,1022423
spill,262144,1,262395,1395431
spill,262144,2,524790,1061661
spill,262144,1,262395,921416
spill,262144,1,262395,1190707
spill,262144,2,524790,1716625
spill,262144,1,262395,1311747
spill,262144,2,524790,1235251
spill,262144,1,262395,2271706
spill,262144,1,262395,1784764
spill,262144,1,262395,2104366
spill,262144,1,262395,1112800
spill,262144,1,262395,1206912
spill,262144,2,524790,1622402
spill,262144,1,262395,1057841
spill,262144,2,524790,1296200
spill,262144,1,262395,882469
spill,262144,1,262395,666083
spill,262144,1,262395,1159510
spill,262144,1,262395,1250594
spill,262144,2,524790,1672402
spill,262144,2,524790,1209527
spill,262144,1,262395,788627
spill,262144,2,524790,890411
spill,262144,1,262395,1631526
spill,262144,1,262395,1444422
spill,262144,2,524790,1791269
spill,262144,1,262395,1813670
spill,262144,1,262395,1950984
spill,262144,1,262395,1762633
spill,262144,2,524790,1424360
spill,262144,1,262395,1485265
spill,262144,5,1311975,1673820
spill,262144,1,262395,966008
spill,262144,1,262395,1042310
spill,262144,2,524790,1444309
spill,262144,1,262395,1213303
spill,262144,1,262395,1145266
spill,262144,2,524790,1357566
spill,262144,1,262395,982341
spill,262144,1,262395,1173016
spill,262144,1,262395,1337470
spill,262144,1,262395,833952
spill,262144,3,787185,1455517
spill,262144,1,262395,1250781
spill,262144,2,524790,1283807
spill,262144,1,262395,565355
spill,262144,1,262395,788614
spill,262144,2,524790,1315266
spill,262144,1,262395,991495
spill,262144,3,787185,1503105
spill,262144,1,262395,699654
spill,262144,1,262395,1219426
spill,262144,2,524790,755008
spill,262144,2,524790,811783
spill,262144,1,262395,1160423
spill,262144,2,524790,990708
spill,262144,3,787185,1148813
spill,262144,1,262395,745078
spill,262144,1,262395,890662
spill,262144,1,262395,754079
spill,262144,3,787185,1004719
spill,262144,2,524790,1012599
spill,262144,2,524790,965574
spill,262144,1,262395,804844
spill,262144,2,524790,1044163
spill,262144,1,262395,835785
spill,262144,1,262395,823825
spill,262144,2,524790,1220134
spill,262144,4,1049580,1649306
spill,262144,2,524790,1196516
spill,262144,4,1049580,1934965
spill,262144,1,262395,749483
spill,262144,1,262395,640840
spill,262144,2,524790,924160
spill,262144,2,524790,1257358
spill,262144,1,262395,930331
spill,262144,1,262395,978334
spill,262144,1,262395,842987
spill,262144,1,262395,974742
spill,262144,1,262395,944148
spill,262144,1,262395,1379479
spill,262144,1,262395,930943
spill,262144,4,1049580,1749712
spill,262144,3,787185,1223665
spill,262144,1,262395,777880
spill,262144,1,262395,778316
spill,262144,2,524790,1034466
spill,262144,1,262395,856820
spill,262144,2,524790,879169
spill,262144,1,262395,848520
spill,262144,3,787185,1224045
spill,262144,2,524790,1036288
spill,262144,1,262395,1333208
spill,262144,1,262395,1299846
spill,262144,2,524790,1225619
spill,262144,2,524790,1344047
spill,262144,2,524790,1484344
spill,262144,1,262395,1459691
spill,262144,1,262395,1038876
spill,262144,2,524790,1176374
spill,262144,2,524790,1150645
spill,262144,1,262395,567338
spill,262144,2,524790,894046
spill,262144,1,262395,760641
spill,262144,1,262395,756611
spill,262144,2,524790,1135265
spill,262144,2,524790,1086337
spill,262144,1,262395,491984
spill,262144,2,524790,758399
spill,262144,1,262395,791396
spill,262144,1,262395,715017
spill,262144,1,262395,612562
spill,262144,3,787185,1164964
spill,262144,1,262395,719076
spill,262144,3,787185,1398510
spill,262144,1,262395,729596
spill,262144,1,262395,630827
spill,262144,1,262395,683438
spill,262144,1,262395,689230
spill,262144,2,524790,898758
spill,262144,2,524790,838072
spill,262144,1,262395,894566
spill,262144,1,262395,707840
spill,262144,1,262395,761435
spill,262144,1,262395,576453
spill,262144,2,524790,871920
spill,262144,2,524790,999307
spill,262144,1,262395,888488
spill,262144,1,262395,691105
spill,262144,1,262395,660113
spill,262144,2,524790,783678
spill,262144,2,524790,1199836
spill,262144,1,262395,515898
spill,262144,4,1049580,1328985
spill,262144,3,787185,1061455
spill,262144,2,524790,843098
spill,262144,2,524790,1021966
spill,262144,1,262395,764278
spill,262144,3,787185,937675
spill,262144,1,262395,888528
spill,262144,2,524790,918217
spill,262144,1,262395,1175286
spill,262144,1,262395,2113506
spill,262144,2,524790,1708161
spill,262144,2,524790,2618534
spill,262144,1,262395,914554
spill,262144,1,262395,927447
spill,262144,3,787185,1324025
spill,262144,2,524790,1078552
spill,262144,1,262395,907477
spill,262144,1,262395,1152807
spill,262144,1,262395,783660
spill,262144,2,524790,988835
spill,262144,2,524790,1005891
spill,262144,2,524790,700419
spill,262144,1,262395,817340
spill,262144,2,524790,947589
spill,262144,1,262395,862975
spill,262144,1,262395,705611
spill,262144,4,1049580,1168997
spill,262144,1,262395,806902
spill,262144,3,787185,1269767
spill,262144,2,524790,1089541
spill,262144,1,262395,967827
spill,262144,1,262395,843743
spill,262144,2,524790,1352989
spill,262144,2,524790,1233286
spill,262144,4,1049580,1438252
spill,262144,1,262395,934645
spill,262144,2,524790,989560
spill,262144,2,524790,1255041
spill,262144,1,262395,811972
spill,262144,2,524790,913496
spill,262144,1,262395,1078323
spill,262144,3,787185,1240041
spill,262144,3,787185,1196772
spill,262144,5,1311975,1784425
spill,262144,1,262395,740106
spill,262144,2,524790,968821
spill,262144,1,262395,832693
spill,262144,1,262395,782035
spill,262144,4,1049580,1196292
spill,262144,4,1049580,1196586
spill,262144,1,262395,648610
spill,262144,1,262395,776681
spill,262144,1,262395,578053
spill,262144,7,1836765,1613879
spill,262144,1,262395,646382
spill,262144,2,524790,951627
spill,262144,3,787185,970412
spill,262144,4,1049580,1085430
spill,262144,1,262395,648003
spill,262144,4,1049580,1159021
spill,262144,1,262395,711195
spill,262144,2,524790,738558
spill,262144,1,262395,660764
spill,262144,1,262395,814709
spill,262144,1,262395,683654
spill,262144,2,524790,1050635
spill,262144,1,262395,824583
spill,262144,1,262395,561922
spill,262144,1,262395,633535
spill,262144,4,1049580,1071418
spill,262144,2,524790,1017431
spill,262144,5,1311975,1200420
spill,262144,1,262395,525722
spill,262144,2,524790,896861
spill,262144,3,787185,1003067
spill,262144,1,262395,487292
spill,262144,2,524790,801954
spill,262144,2,524790,1168829
spill,262144,1,262395,870263
spill,262144,2,524790,1332185
spill,262144,2,524790,711652
spill,262144,1,262395,582212
spill,262144,2,524790,854024
spill,262144,1,262395,650162
spill,262144,1,262395,567154
spill,262144,2,524790,960590
spill,262144,1,262395,564899
spill,262144,3,787185,854761
spill,262144,2,524790,820418
spill,262144,1,262395,688456
spill,262144,1,262395,708302
spill,262144,3,787185,1080217
spill,262144,3,787185,1008127
spill,262144,2,524790,1014659
spill,262144,5,1311975,1343840
spill,262144,2,524790,729137
spill,262144,2,524790,937243
spill,262144,1,262395,606640
spill,262144,2,524790,985582
spill,262144,2,524790,654620
spill,262144,1,262395,714231
spill,262144,2,524790,948947
spill,262144,1,262395,501672
spill,262144,2,524790,703849
spill,262144,1,262395,536068
spill,262144,1,262395,543273
spill,262144,3,787185,932805
spill,262144,1,262395,819054
spill,262144,5,1311975,1547253
spill,262144,1,262395,716428
spill,262144,1,262395,613840
spill,262144,2,524790,729237
spill,262144,3,787185,1009510
spill,262144,2,524790,816604
spill,262144,2,524790,733535
spill,262144,2,524790,937168
spill,262144,2,524790,889489
spill,262144,1,262395,582767
spill,262144,1,262395,567019
spill,262144,1,262395,487295
spill,262144,1,262395,501116
spill,262144,2,524790,862619
spill,262144,1,262395,492603
spill,262144,2,524790,779853
spill,262144,1,262395,795575
spill,262144,2,524790,796274
spill,262144,3,787185,901513
spill,262144,1,262395,513027
spill,262144,2,524790,707393
spill,262144,1,262395,818545
spill,262144,1,262395,655917
spill,262144,1,262395,520887
spill,262144,1,262395,695813
spill,262144,1,262395,631125
spill,262144,2,524790,1065009
spill,262144,1,262395,662374
spill,262144,3,787185,957343
spill,262144,1,262395,605952
spill,262144,2,524790,785083
spill,262144,2,524790,894485
spill,262144,1,262395,745250
spill,262144,1,262395,661740
spill,262144,1,262395,740245
spill,262144,1,262395,1057142
spill,262144,2,524790,1331923
spill,262144,1,262395,728190
spill,262144,2,524790,1003320
spill,262144,1,262395,914596
spill,262144,3,787185,937094
spill,262144,1,262395,716618
spill,262144,1,262395,919598
spill,262144,1,262395,1181945
spill,262144,2,524790,1160482
spill,262144,1,262395,627660
spill,262144,1,262395,753883
spill,262144,2,524790,839973
spill,262144,1,262395,789484
spill,262144,1,262395,1074909
spill,262144,1,262395,783211
spill,262144,2,524790,1596718
spill,262144,3,787185,1151754
spill,262144,2,524790,770218
spill,262144,3,787185,879877
spill,262144,1,262395,596262
spill,262144,1,262395,866237
spill,262144,3,787185,1864221
spill,262144,3,787185,2594551
spill,262144,1,262395,2508590
spill,262144,2,524790,1997099
spill,262144,1,262395,1146725
spill,262144,1,262395,784391
spill,262144,3,787185,1476371
spill,262144,1,262395,1309095
spill,262144,3,787185,1244318
spill,262144,1,262395,1008400
spill,262144,2,524790,1008826
spill,262144,1,262395,591546
spill,262144,2,524790,1151097
spill,262144,1,262395,551015
spill,262144,2,524790,899733
spill,262144,1,262395,681523
spill,262144,1,262395,636614
spill,262144,1,262395,643384
spill,262144,1,262395,524199
spill,262144,1,262395,600411
spill,262144,1,262395,678944
spill,262144,1,262395,623857
spill,262144,1,262395,677854
spill,262144,1,262395,846033
spill,262144,1,262395,969980
spill,262144,1,262395,745747
spill,262144,1,262395,507120
spill,262144,2,524790,658543
spill,262144,3,787185,1148304
spill,262144,3,787185,896313
spill,262144,3,787185,991536
spill,262144,1,262395,793324
spill,262144,1,262395,636568
spill,262144,1,262395,499858
spill,262144,1,262395,1166089
spill,262144,2,524790,1266412
spill,262144,1,262395,1019905
spill,262144,2,524790,968194
spill,262144,5,1311975,1267387
spill,262144,2,524790,1734067
spill,262144,1,262395,626362
spill,262144,2,524790,928718
spill,262144,1,262395,523985
spill,262144,1,262395,564775
spill,262144,2,524790,767973
spill,262144,1,262395,569702
spill,262144,1,262395,680717
spill,262144,1,262395,626134
spill,262144,1,262395,515115
spill,262144,1,262395,597303
spill,262144,2,524790,920921
spill,262144,1,262395,563303
spill,262144,2,524790,962190
spill,262144,1,262395,743713
spill,262144,2,524790,936104
spill,262144,3,787185,925138
spill,262144,1,262395,561489
spill,262144,1,262395,554289
spill,262144,2,524790,754472
spill,262144,1,262395,768606
spill,262144,1,262395,668723
spill,262144,1,262395,650359
spill,262144,1,262395,721875
spill,262144,2,524790,1128900
spill,262144,2,524790,1248134
spill,262144,1,262395,771839
spill,262144,1,262395,889655
spill,262144,1,262395,1009727
spill,262144,2,524790,1083161
spill,262144,1,262395,949936
spill,262144,1,262395,866012
spill,262144,1,262395,969398
spill,262144,2,524790,1002245
spill,262144,1,262395,1369436
spill,262144,3,787185,1168176
spill,262144,1,262395,589124
spill,262144,1,262395,980887
spill,262144,1,262395,964859
spill,262144,1,262395,967666
spill,262144,1,262395,1128510
spill,262144,2,524790,1276894
spill,262144,2,524790,1004695
spill,262144,1,262395,939941
spill,262144,1,262395,794556
spill,262144,2,524790,762066
spill,262144,1,262395,546795
spill,262144,1,262395,728953
spill,262144,1,262395,656907
spill,262144,3,787185,1325674
spill,262144,1,262395,654807
spill,262144,1,262395,798589
spill,262144,1,262395,832511
spill,262144,2,524790,801411
spill,262144,1,262395,805427
spill,262144,1,262395,507506
spill,262144,2,524790,700419
spill,262144,2,524790,939278
spill,262144,1,262395,561044
spill,262144,1,262395,492771
spill,262144,1,262395,706773
spill,262144,1,262395,697687
spill,262144,4,1049580,1629702
spill,262144,1,262395,564373
spill,262144,1,262395,528622
spill,262144,1,262395,661784
spill,262144,1,262395,867808
spill,262144,2,524790,872371
spill,262144,1,262395,849859
spill,262144,1,262395,855526
spill,262144,1,262395,848710
spill,262144,1,262395,813499
spill,262144,1,262395,887023
spill,262144,1,262395,713746
spill,262144,3,787185,991868
spill,262144,1,262395,510201
spill,262144,1,262395,874392
spill,262144,2,524790,894756
spill,262144,1,262395,636354
spill,262144,1,262395,851832
spill,262144,1,262395,746867
spill,262144,2,524790,1120904
spill,262144,2,524790,733165
spill,262144,2,524790,957873
spill,262144,2,524790,1216207
spill,262144,1,262395,638532
spill,262144,1,262395,794406
spill,262144,1,262395,625602
spill,262144,2,524790,954912
spill,262144,2,524790,692282
spill,262144,1,262395,690200
spill,262144,1,262395,616820
spill,262144,1,262395,955001
spill,262144,2,524790,886718
spill,262144,2,524790,1012337
spill,262144,1,262395,945453
spill,262144,1,262395,960505
spill,262144,1,262395,912152
spill,262144,5,1311975,1748381
spill,262144,3,787185,1386323
spill,262144,2,524790,1012629
spill,262144,2,524790,935326
spill,262144,1,262395,994064
spill,262144,5,1311975,1280793
spill,262144,2,524790,916033
spill,262144,1,262395,842161
spill,262144,2,524790,917356
spill,262144,1,262395,922587
spill,262144,2,524790,1069056
spill,262144,1,262395,994780
spill,262144,2,524790,845762
spill,262144,1,262395,771712
spill,262144,1,262395,798308
spill,262144,3,787185,1184903
spill,262144,2,524790,887203
spill,262144,1,262395,475689
spill,262144,1,262395,581030
spill,262144,3,787185,932018
spill,262144,1,262395,654508
spill,262144,1,262395,639855
spill,262144,2,524790,709114
spill,262144,4,1049580,1055559
spill,262144,1,262395,691065
spill,262144,2,524790,836564
spill,262144,1,262395,990139
spill,262144,2,524790,994582
spill,262144,1,262395,685343
spill,262144,1,262395,609636
spill,262144,1,262395,598536
spill,262144,1,262395,737102
spill,262144,1,262395,526115
spill,262144,1,262395,734343
spill,262144,2,524790,872507
spill,262144,2,524790,900885
spill,262144,1,262395,617355
spill,262144,1,262395,767841
spill,262144,2,524790,788801
spill,262144,2,524790,757654
spill,262144,1,262395,758835
spill,262144,2,524790,739135
spill,262144,1,262395,602513
spill,262144,1,262395,727546
spill,262144,1,262395,537623
spill,262144,2,524790,760715
spill,262144,1,262395,686205
spill,262144,1,262395,590159
spill,262144,3,787185,843056
spill,262144,2,524790,814555
spill,262144,4,1049580,1337505
spill,262144,1,262395,971608
spill,262144,2,524790,1282814
spill,262144,1,262395,921411
spill,262144,1,262395,736424
spill,262144,4,1049580,1139667
spill,262144,2,524790,898812
spill,262144,1,262395,540902
spill,262144,1,262395,580922
spill,262144,5,1311975,1313566
spill,262144,2,524790,776680
spill,262144,2,524790,698612
spill,262144,1,262395,564186
spill,262144,1,262395,510705
spill,262144,2,524790,673638
spill,262144,2,524790,678794
spill,262144,2,524790,715561
spill,262144,1,262395,565751
spill,262144,1,262395,521723
spill,262144,1,262395,500182
spill,262144,2,524790,744545
spill,262144,1,262395,561254
spill,262144,1,262395,518003
spill,262144,3,787185,866217
spill,262144,1,262395,724340
spill,262144,1,262395,517297
spill,262144,1,262395,616828
spill,262144,3,787185,980530
spill,262144,1,262395,532066
spill,262144,1,262395,497591
spill,262144,1,262395,606451
spill,262144,1,262395,511325
spill,262144,2,524790,921693
spill,262144,1,262395,594218
spill,262144,1,262395,659955
spill,262144,1,262395,684770
spill,262144,1,262395,877239
spill,262144,2,524790,789579
spill,262144,1,262395,745627
spill,262144,1,262395,765407
spill,262144,2,524790,812710
spill,262144,1,262395,704550
spill,262144,1,262395,755734
spill,262144,2,524790,775209
spill,262144,1,262395,692372
spill,262144,1,262395,763439
spill,262144,1,262395,564623
spill,262144,1,262395,751238
spill,262144,1,262395,700796
spill,262144,1,262395,693104
spill,262144,2,524790,1080732
spill,262144,1,262395,834745
spill,262144,1,262395,1011817
spill,262144,1,262395,1111869
spill,262144,2,524790,703048
spill,262144,1,262395,1743228
spill,262144,2,524790,2249309
spill,262144,1,262395,3613860
spill,262144,2,524790,2371128
spill,262144,3,787185,1984946
spill,262144,1,262395,1648228
spill,262144,1,262395,2146027
spill,262144,1,262395,1901767
spill,262144,1,262395,1036063
spill,262144,1,262395,1007667
spill,262144,2,524790,1715551
spill,262144,2,524790,1361232
spill,262144,1,262395,1411783
spill,262144,1,262395,1384879
spill,262144,2,524790,1137549
spill,262144,1,262395,1090141
spill,262144,1,262395,547842
spill,262144,1,262395,852497
spill,262144,1,262395,647703
spill,262144,2,524790,1002530
spill,262144,1,262395,475563
spill,262144,2,524790,994797
spill,262144,1,262395,1041015
spill,262144,1917,503011215,320003764
spill,262144,1,262395,12808419
spill,262144,1,262395,14239315
spill,262144,2,524790,13773263
spill,262144,1,262395,13052573
spill,262144,1,262395,3377966
spill,262144,1,262395,3413964
spill,262144,1,262395,3427222
spill,262144,2,524790,3582521
spill,262144,2,524790,3290091
spill,262144,1,262395,2751311
spill,262144,1,262395,2747573
spill,262144,1,262395,2282968
spill,262144,1,262395,1118688
spill,262144,1,262395,824889
spill,262144,2,524790,866834
spill,262144,1,262395,1223451
spill,262144,1,262395,678249
spill,262144,1,262395,884278
spill,262144,1,262395,764411
spill,262144,2,524790,1278342
spill,262144,1,262395,707308
spill,262144,1,262395,508080
spill,262144,2,524790,1071698
spill,262144,1,262395,938040
spill,262144,2,524790,930956
spill,262144,1,262395,878592
spill,262144,2,524790,1355003
spill,262144,1,262395,1291442
spill,262144,1,262395,1287472
spill,262144,2,524790,1083693
spill,262144,1,262395,942519
spill,262144,1,262395,1132958
spill,262144,1,262395,1075465
spill,262144,1,262395,1181545
spill,262144,1,262395,724214
spill,262144,1,262395,904652
spill,262144,1,262395,800800
spill,262144,2,524790,1288016
spill,262144,1,262395,509285
spill,262144,1,262395,969059
spill,262144,1,262395,936034
spill,262144,1,262395,994476
spill,262144,1,262395,822484
spill,262144,1,262395,831631
spill,262144,1,262395,1455345
spill,262144,2,524790,984293
spill,262144,1,262395,870441
spill,262144,2,524790,1073023
spill,262144,1,262395,1309376
spill,262144,1,262395,643935
spill,262144,1,262395,1047789
spill,262144,2,524790,1310528
spill,262144,2,524790,1178198
spill,262144,2,524790,903521
spill,262144,1,262395,963326
spill,262144,3,787185,1821086
spill,262144,1,262395,1529366
spill,262144,3,787185,1844142
spill,262144,1,262395,1208014
spill,262144,2,524790,958542
spill,262144,1,262395,1393499
spill,262144,1,262395,988186
spill,262144,6,1574370,1867355
spill,262144,2,524790,1697176
spill,262144,1,262395,1391589
spill,262144,5,1311975,1650604
spill,262144,1,262395,1108211
spill,262144,1,262395,767981
spill,262144,1,262395,1007226
spill,262144,3,787185,1066932
spill,262144,2,524790,1013656
spill,262144,1,262395,739807
spill,262144,2,524790,1310672
spill,262144,2,524790,945404
spill,262144,1,262395,1179047
spill,262144,1,262395,952405
spill,262144,1,262395,621970
spill,262144,2,524790,980707
spill,262144,2,524790,2176375
spill,262144,3,787185,1836768
spill,262144,3,787185,1723479
spill,262144,3,787185,1189135
spill,262144,2,524790,1525327
spill,262144,4,1049580,3203353
spill,262144,1,262395,2865543
spill,262144,5,1311975,1859975
spill,262144,1,262395,605280
spill,262144,1,262395,1296515
spill,262144,2,524790,1775023
spill,262144,1,262395,1495451
spill,262144,2,524790,1401672
spill,262144,1,262395,756649
spill,262144,4,1049580,2047780
spill,262144,1,262395,1721461
spill,262144,2,524790,811365
spill,262144,1,262395,748205
spill,262144,1,262395,842195
spill,262144,2,524790,1161365
spill,262144,1,262395,878674
spill,262144,1,262395,804799
spill,262144,6,1574370,2110913
spill,262144,1,262395,1135643
spill,262144,3,787185,1472630
spill,262144,2,524790,818605
spill,262144,3,787185,1224159
spill,262144,1,262395,530374
spill,262144,1,262395,641741
spill,262144,1,262395,813007
spill,262144,1,262395,666744
spill,262144,1,262395,529356
spill,262144,1,262395,526319
spill,262144,3,787185,1627980
spill,262144,1,262395,847449
spill,262144,2,524790,1107471
spill,262144,1,262395,982950
spill,262144,2,524790,1039429
spill,262144,1,262395,955772
spill,262144,1,262395,574993
spill,262144,2,524790,691976
spill,262144,2,524790,1697310
spill,262144,1,262395,1286609
spill,262144,2,524790,1594027
spill,262144,1,262395,817962
spill,262144,1,262395,806149
spill,262144,1,262395,971005
spill,262144,1,262395,1179807
spill,262144,1,262395,747245
spill,262144,2,524790,844778
spill,262144,2,524790,680183
spill,262144,1,262395,629627
spill,262144,2,524790,1491628
spill,262144,2,524790,1035434
spill,262144,2,524790,856663
spill,262144,1,262395,882908
spill,262144,1,262395,647751
spill,262144,1,262395,998326
spill,262144,3,787185,1050453
spill,262144,1,262395,896669
spill,262144,1,262395,1007849
spill,262144,1,262395,824526
spill,262144,3,787185,1092882
spill,262144,1,262395,893584
spill,262144,1,262395,949809
spill,262144,1,262395,1130722
spill,262144,1,262395,1185133
spill,262144,1,262395,733950
spill,262144,1,262395,963968
spill,262144,1,262395,1510079
spill,262144,2,524790,740343
spill,262144,1,262395,754138
spill,262144,3,787185,1314606
spill,262144,2,524790,738928
spill,262144,1,262395,752624
spill,262144,2,524790,778925
spill,262144,1,262395,718616
spill,262144,1,262395,756685
spill,262144,4,1049580,1640118
spill,262144,2,524790,1153630
spill,262144,2,524790,1101646
spill,262144,1,262395,1024039
spill,262144,1,262395,600227
spill,262144,2,524790,1205289
spill,262144,4,1049580,1570656
spill,262144,3,787185,1192950
spill,262144,2,524790,912750
spill,262144,1,262395,700632
spill,262144,1,262395,1289820
spill,262144,1,262395,837383
spill,262144,1,262395,755871
spill,262144,1,262395,745287
spill,262144,2,524790,1463431
spill,262144,1,262395,825798
spill,262144,2,524790,1332345
spill,262144,4,1049580,2040630
spill,262144,1,262395,1428673
spill,262144,1,262395,1006958
spill,262144,1,262395,1560978
spill,262144,2,524790,2080448
spill,262144,1,262395,1015821
spill,262144,1,262395,1053534
spill,262144,1,262395,821238
spill,262144,3,787185,1219913
spill,262144,1,262395,656865
spill,262144,1,262395,547584
spill,262144,1,262395,851985
spill,262144,1,262395,738310
spill,262144,3,787185,1610082
spill,262144,2,524790,1219312
spill,262144,1,262395,973068
spill,262144,1,262395,638339
spill,262144,1,262395,890270
spill,262144,2,524790,878069
spill,262144,1,262395,606560
spill,262144,1,262395,727201
spill,262144,2,524790,815747
spill,262144,1,262395,526194
spill,262144,1,262395,765466
spill,262144,3,787185,1011139
spill,262144,1,262395,1182896
spill,262144,1,262395,860160
spill,262144,2,524790,1015555
spill,262144,1,262395,768211
spill,262144,2,524790,856468
spill,262144,3,787185,1002076
spill,262144,1,262395,820871
spill,262144,1,262395,841274
spill,262144,1,262395,902065
spill,262144,2,524790,941884
spill,262144,1,262395,833817
spill,262144,1,262395,745136
spill,262144,1,262395,816001
spill,262144,1,262395,658931
spill,262144,2,524790,1038648
spill,262144,1,262395,703896
spill,262144,1,262395,826181
spill,262144,1,262395,829163
spill,262144,2,524790,1191971
spill,262144,3,787185,1113158
spill,262144,1,262395,527110
spill,262144,1,262395,732308
spill,262144,2,524790,789522
spill,262144,2,524790,996933
spill,262144,1,262395,854683
spill,262144,2,524790,808366
spill,262144,2,524790,902230
spill,262144,1,262395,865812
spill,262144,1,262395,712178
spill,262144,2,524790,917729
spill,262144,2,524790,1294228
spill,262144,1,262395,1308214
spill,262144,1,262395,1540871
spill,262144,2,524790,807880
spill,262144,1,262395,855895
spill,262144,1,262395,1227292
spill,262144,1,262395,1100305
spill,262144,4,1049580,1331888
spill,262144,1,262395,726116
spill,262144,1,262395,531949
spill,262144,1,262395,504838
spill,262144,1,262395,1012966
spill,262144,2,524790,702030
spill,262144,4,1049580,1053616
spill,262144,1,262395,698697
spill,262144,2,524790,1108640
spill,262144,1,262395,1035796
spill,262144,1,262395,1111915
spill,262144,2,524790,1583987
spill,262144,1,262395,835523
spill,262144,1,262395,1126825
spill,262144,1,262395,704934
spill,262144,2,524790,778288
spill,262144,1,262395,756559
spill,262144,1,262395,620020
spill,262144,4,1049580,1191823
spill,262144,1,262395,598410
spill,262144,2,524790,749803
spill,262144,2,524790,759783
spill,262144,1,262395,586700
spill,262144,1,262395,566614
spill,262144,2,524790,854588
spill,262144,1,262395,510820
spill,262144,2,524790,860871
spill,262144,1,262395,492332
spill,262144,1,262395,592523
spill,262144,1,262395,486225
spill,262144,1,262395,560105
spill,262144,1,262395,580780
spill,262144,1,262395,509437
spill,262144,2,524790,778945
spill,262144,1,262395,612240
spill,262144,1,262395,538806
spill,262144,1,262395,557978
spill,262144,2,524790,749808
spill,262144,1,262395,611146
spill,262144,1,262395,624416
spill,262144,1,262395,704279
spill,262144,1,262395,670063
spill,262144,1,262395,776167
spill,262144,1,262395,609844
spill,262144,1,262395,536397
spill,262144,1,262395,606330
spill,262144,1,262395,576260
spill,262144,1,262395,534880
spill,262144,1,262395,493643
spill,262144,2,524790,662216
spill,262144,1,262395,461716
spill,262144,2,524790,727784
spill,262144,1,262395,585672
spill,262144,1,262395,551328
spill,262144,1,262395,555322
spill,262144,1,262395,529525
spill,262144,1,262395,555554
spill,262144,1,262395,605378
spill,262144,1,262395,2051204
spill,262144,1,262395,4307369
spill,262144,2,524790,1408726
spill,262144,2,524790,1106584
spill,262144,2,524790,917526
spill,262144,1,262395,585036
spill,262144,1,262395,589137
spill,262144,2,524790,710068
spill,262144,4,1049580,1236223
spill,262144,1,262395,879631
spill,262144,1,262395,682752
spill,262144,2,524790,958630
spill,262144,1,262395,817324
spill,262144,2,524790,701899
spill,262144,2,524790,738224
spill,262144,1,262395,632505
spill,262144,1,262395,1110808
spill,262144,1,262395,708065
spill,262144,2,524790,694861
spill,262144,1,262395,499863
spill,262144,1,262395,552616
spill,262144,3,787185,888407
spill,262144,1,262395,929094
spill,262144,1,262395,1205051
spill,262144,1,262395,985223
spill,262144,1,262395,731922
spill,262144,1,262395,781550
spill,262144,3,787185,836425
spill,262144,2,524790,728269
spill,262144,1,262395,570887
spill,262144,1,262395,684156
spill,262144,1,262395,576770
spill,262144,1,262395,1035077
spill,262144,1,262395,486409
spill,262144,4,1049580,1228370
spill,262144,3,787185,1211781
spill,262144,1,262395,731300
spill,262144,2,524790,685667
spill,262144,1,262395,678099
spill,262144,1,262395,740590
spill,262144,4,1049580,1299064
spill,262144,2,524790,924782
spill,262144,1,262395,590450
spill,262144,2,524790,864041
spill,262144,1,262395,661212
spill,262144,2,524790,708470
spill,262144,2,524790,703771
spill,262144,1,262395,456816
spill,262144,1,262395,712185
spill,262144,1,262395,563683
spill,262144,1,262395,630099
spill,262144,1,262395,615591
spill,262144,1,262395,565166
spill,262144,1,262395,557850
spill,262144,1,262395,525611
spill,262144,2,524790,638454
spill,262144,1,262395,477121
spill,262144,1,262395,668388
spill,262144,1,262395,488308
spill,262144,1,262395,475355
spill,262144,2,524790,644582
spill,262144,1,262395,479727
spill,262144,1,262395,540768
spill,262144,1,262395,528030
spill,262144,1,262395,454411
spill,262144,1,262395,587358
spill,262144,2,524790,787568
spill,262144,1,262395,612302
spill,262144,2,524790,759629
spill,262144,2,524790,606884
spill,262144,1,262395,576424
spill,262144,2,524790,614490
spill,262144,1,262395,644443
spill,262144,1,262395,530466
spill,262144,3,787185,881537
spill,262144,1,262395,610637
spill,262144,1,262395,711952
spill,262144,1,262395,558357
spill,262144,1,262395,549286
spill,262144,1,262395,604120
spill,262144,1,262395,564177
spill,262144,1,262395,949801
spill,262144,1,262395,686910
spill,262144,1,262395,984534
spill,262144,1,262395,601033
spill,262144,1,262395,1301883
spill,262144,1,262395,1017089
spill,262144,1,262395,792939
spill,262144,1,262395,702384
spill,262144,2,524790,859160
spill,262144,2,524790,635579
spill,262144,1,262395,550407
spill,262144,1,262395,507932
spill,262144,3,787185,1202958
spill,262144,1,262395,1428323
spill,262144,1,262395,831335
spill,262144,1,262395,1326882
spill,262144,3,787185,908250
spill,262144,2,524790,1156063
spill,262144,1,262395,733910
spill,262144,5,1311975,1172603
spill,262144,2,524790,852380
spill,262144,1,262395,869663
spill,262144,2,524790,1354710
spill,262144,1,262395,816453
spill,262144,2,524790,676640
spill,262144,1,262395,999348
spill,262144,1,262395,579308
spill,262144,3,787185,1276197
spill,262144,1,262395,952379
spill,262144,1,262395,660206
spill,262144,2,524790,932788
spill,262144,3,787185,1090417
spill,262144,1,262395,918214
spill,262144,3,787185,1335767
spill,262144,1,262395,737380
spill,262144,1,262395,623000
spill,262144,1,262395,542045
spill,262144,2,524790,811223
spill,262144,2,524790,683122
spill,262144,1,262395,550606
spill,262144,1,262395,554759
spill,262144,1,262395,656040
spill,262144,1,262395,571607
spill,262144,1,262395,891323
spill,262144,1,262395,826515
spill,262144,1,262395,563282
spill,262144,1,262395,530953
spill,262144,1,262395,479595
spill,262144,2,524790,749940
spill,262144,1,262395,499008
spill,262144,1,262395,537603
spill,262144,1,262395,562766
spill,262144,1,262395,456625
spill,262144,1,262395,434900
spill,262144,2,524790,888091
spill,262144,1,262395,557715
spill,262144,2,524790,745442
spill,262144,1,262395,636851
spill,262144,1,262395,544162
spill,262144,1,262395,612435
spill,262144,2,524790,725341
spill,262144,1,262395,585446
spill,262144,1,262395,655712
spill,262144,1,262395,617758
spill,262144,3,787185,998697
spill,262144,1,262395,674981
spill,262144,2,524790,728379
spill,262144,1,262395,611688
spill,262144,2,524790,756203
spill,262144,1,262395,651802
spill,262144,1,262395,532403
spill,262144,1,262395,544331
spill,262144,2,524790,945103
spill,262144,1,262395,968591
spill,262144,1,262395,813042
spill,262144,1,262395,867786
spill,262144,3,787185,861795
spill,262144,2,524790,703775
spill,262144,1,262395,503469
spill,262144,1,262395,508075
spill,262144,1,262395,932746
spill,262144,5,1311975,1585850
spill,262144,1,262395,1169998
spill,262144,2,524790,891230
spill,262144,1,262395,569457
spill,262144,1,262395,623581
spill,262144,1,262395,590257
spill,262144,1,262395,531852
spill,262144,1,262395,475897
spill,262144,1,262395,542124
spill,262144,3,787185,1266459
spill,262144,1,262395,597639
spill,262144,1,262395,553514
spill,262144,1,262395,828580
spill,262144,1,262395,795493
spill,262144,1,262395,797536
spill,262144,1,262395,664271
spill,262144,1,262395,821021
spill,262144,2,524790,807199
spill,262144,1,262395,663029
spill,262144,1,262395,497403
spill,262144,2,524790,857881
spill,262144,2,524790,831203
spill,262144,1,262395,643914
spill,262144,1,262395,532300
spill,262144,1,262395,573200
spill,262144,1,262395,515200
spill,262144,1,262395,514050
spill,262144,1,262395,473586
spill,262144,1,262395,513690
spill,262144,1,262395,726073
spill,262144,1,262395,789515
spill,262144,1,262395,567372
spill,262144,1,262395,557639
spill,262144,2,524790,694752
spill,262144,1,262395,535081
spill,262144,1,262395,837891
spill,262144,3,787185,856884
spill,262144,1,262395,508104
spill,262144,1,262395,854446
spill,262144,1,262395,577856
spill,262144,1,262395,510876
spill,262144,1,262395,899621
spill,262144,1,262395,693988
spill,262144,2,524790,1039599
spill,262144,1,262395,916958
spill,262144,1,262395,587228
spill,262144,1,262395,786269
spill,262144,1,262395,760094
spill,262144,1,262395,568821
spill,262144,1,262395,944869
spill,262144,1,262395,509381
spill,262144,2,524790,833825
spill,262144,1,262395,685213
spill,262144,1,262395,421033
spill,262144,1,262395,559396
spill,262144,1,262395,673368
spill,262144,1,262395,583092
spill,262144,1,262395,798391
spill,262144,2,524790,953429
spill,262144,2,524790,760682
spill,262144,2,524790,684671
spill,262144,1,262395,608086
spill,262144,1,262395,556844
spill,262144,1,262395,827774
spill,262144,1,262395,544086
spill,262144,1,262395,546861
spill,262144,1,262395,576628
spill,262144,2,524790,911717
spill,262144,1,262395,489867
spill,262144,1,262395,594165
spill,262144,1,262395,605934
spill,262144,1,262395,681702
spill,262144,1,262395,577019
spill,262144,1,262395,671665
spill,262144,1,262395,625598
spill,262144,1,262395,720767
spill,262144,2,524790,741968
spill,262144,1,262395,599732
spill,262144,1,262395,516618
spill,262144,1,262395,519133
spill,262144,2,524790,662258
spill,262144,1,262395,523633
spill,262144,1,262395,594874
spill,262144,1,262395,514279
spill,262144,1,262395,471615
spill,262144,1,262395,527389
spill,262144,1,262395,572057
spill,262144,1,262395,619906
spill,262144,1,262395,651611
spill,262144,1,262395,591094
spill,262144,1,262395,713466
spill,262144,2,524790,743478
spill,262144,1,262395,657585
spill,262144,2,524790,701084
spill,262144,1,262395,590881
spill,262144,1,262395,620964
spill,262144,1,262395,494768
spill,262144,2,524790,678175
spill,262144,2,524790,657117
spill,262144,1,262395,628670
spill,262144,1,262395,628053
spill,262144,1,262395,699473
spill,262144,1,262395,551959
spill,262144,1,262395,586408
spill,262144,1,262395,527380
spill,262144,2,524790,725409
spill,262144,1,262395,529811
spill,262144,1,262395,494733
spill,262144,1,262395,500681
spill,262144,1,262395,520320
spill,262144,1,262395,553284
spill,262144,2,524790,718175
spill,262144,1,262395,507911
spill,262144,1,262395,667023
spill,262144,1,262395,659164
spill,262144,1,262395,598519
spill,262144,1,262395,539394
spill,262144,1,262395,510868
spill,262144,1,262395,596983
spill,262144,2,524790,778855
spill,262144,2,524790,706446
spill,262144,2,524790,651724
spill,262144,1,262395,689643
spill,262144,1,262395,558481
spill,262144,1,262395,499237
spill,262144,1,262395,640201
spill,262144,2,524790,656586
spill,262144,1,262395,636206
spill,262144,1,262395,663021
spill,262144,2,524790,700093
spill,262144,2,524790,718470
spill,262144,1,262395,536247
spill,262144,1,262395,658244
spill,262144,1,262395,603921
spill,262144,1,262395,551546
spill,262144,1,262395,500863
spill,262144,1,262395,539431
spill,262144,1,262395,471267
spill,262144,1,262395,518655
spill,262144,2,524790,726209
spill,262144,1,262395,575480
spill,262144,1,262395,594078
spill,262144,1,262395,524520
spill,262144,1,262395,639569
spill,262144,1,262395,538982
spill,262144,1,262395,562492
spill,262144,1,262395,576729
spill,262144,1,262395,514138
spill,262144,1,262395,503845
spill,262144,2,524790,702343
spill,262144,1,262395,511788
spill,262144,1,262395,587463
spill,262144,1,262395,537594
spill,262144,1,262395,520723
spill,262144,1,262395,583964
spill,262144,1,262395,728593
spill,262144,1,262395,722735
spill,262144,1,262395,775848
spill,262144,2,524790,755982
spill,262144,1,262395,666746
spill,262144,2,524790,817748
spill,262144,2,524790,764715
spill,262144,1,262395,507535
spill,262144,1,262395,529107
spill,262144,1,262395,542597
spill,262144,1,262395,682986
spill,262144,2,524790,696023
spill,262144,1,262395,525024
spill,262144,2,524790,821512
spill,262144,1,262395,574928
spill,262144,1,262395,863247
spill,262144,1,262395,630252
spill,262144,2,524790,720271
spill,262144,2,524790,847994
spill,262144,1,262395,555387
spill,262144,1,262395,1059203
spill,262144,1,262395,950750
spill,262144,1,262395,547960
spill,262144,3,787185,836981
spill,262144,2,524790,1387952
spill,262144,1,262395,1237467
spill,262144,2,524790,1110851
spill,262144,1,262395,855313
spill,262144,2,524790,1930235
spill,262144,2,524790,1039360
spill,262144,2,524790,1141724
spill,262144,1,262395,641596
spill,262144,1,262395,733721
spill,262144,2,524790,1671676
spill,262144,1,262395,1156467
spill,262144,1,262395,850771
spill,262144,1,262395,4377280
spill,262144,3,787185,1432870
spill,262144,2,524790,852364
spill,262144,1,262395,1022298
spill,262144,2,524790,1010583
spill,262144,1,262395,750561
spill,262144,1,262395,719918
spill,262144,1,262395,1086094
spill,262144,1,262395,1226856
spill,262144,8,2099160,2344279
spill,262144,1,262395,680125
spill,262144,2,524790,994407
spill,262144,1,262395,679905
spill,262144,2,524790,738135
spill,262144,1,262395,810804
spill,262144,1,262395,803713
spill,262144,1,262395,1188987
spill,262144,2,524790,935967
spill,262144,1,262395,684932
spill,262144,2,524790,1116073
spill,262144,3,787185,1236916
spill,262144,3,787185,1285013
spill,262144,2,524790,1136923
spill,262144,1,262395,807824
spill,262144,3,787185,1097018
spill,262144,1,262395,835675
spill,262144,2,524790,968221
spill,262144,1,262395,816288
spill,262144,2,524790,965363
spill,262144,3,787185,989757
spill,262144,1,262395,814650
spill,262144,2,524790,1357918
spill,262144,1,262395,811718
spill,262144,2,524790,759988
spill,262144,1,262395,695927
spill,262144,2,524790,882623
spill,262144,1,262395,743131
spill,262144,1,262395,549046
spill,262144,2,524790,741238
spill,262144,1,262395,579115
spill,262144,1,262395,628368
spill,262144,2,524790,789032
spill,262144,1,262395,802785
spill,262144,1,262395,569455
spill,262144,1,262395,971780
spill,262144,1,262395,768704
spill,262144,1,262395,852724
spill,262144,2,524790,892025
spill,262144,1,262395,657309
spill,262144,1,262395,777364
spill,262144,1,262395,695372
spill,262144,1,262395,800873
spill,262144,3,787185,1227355
spill,262144,1,262395,868622
spill,262144,1,262395,1007551
spill,262144,2,524790,858356
spill,262144,2,524790,695176
spill,262144,1,262395,829429
spill,262144,2,524790,1076698
spill,262144,1,262395,800394
spill,262144,1,262395,577255
spill,262144,2,524790,719898
spill,262144,1,262395,598329
spill,262144,2,524790,897343
spill,262144,2,524790,800443
spill,262144,2,524790,759587
spill,262144,1,262395,699934
spill,262144,3,787185,1226848
spill,262144,1,262395,794186
spill,262144,2,524790,894287
spill,262144,1,262395,556388
spill,262144,5,1311975,1468125
spill,262144,2,524790,937267
spill,262144,3,787185,913228
spill,262144,1,262395,576580
spill,262144,2,524790,831961
spill,262144,1,262395,654147
spill,262144,1,262395,703248
spill,262144,2,524790,880557
spill,262144,2,524790,757074
spill,262144,1,262395,640614
spill,262144,1,262395,550676
spill,262144,2,524790,715226
spill,262144,1,262395,1001046
spill,262144,1,262395,788937
spill,262144,1,262395,660185
spill,262144,1,262395,757322
spill,262144,2,524790,1174516
spill,262144,1,262395,755311
spill,262144,2,524790,901776
spill,262144,1,262395,821062
spill,262144,1,262395,708724
spill,262144,3,787185,1228297
spill,262144,1,262395,661125
spill,262144,1,262395,910092
spill,262144,2,524790,1068107
spill,262144,1,262395,753802
spill,262144,2,524790,691492
spill,262144,1,262395,563965
spill,262144,2,524790,974910
spill,262144,1,262395,590689
spill,262144,1,262395,446022
spill,262144,1,262395,517839
spill,262144,1,262395,840039
spill,262144,1,262395,637671
spill,262144,1,262395,524705
spill,262144,2,524790,723971
spill,262144,1,262395,559295
spill,262144,2,524790,891600
spill,262144,2,524790,783415
spill,262144,1,262395,618484
spill,262144,1,262395,524009
spill,262144,1,262395,575633
spill,262144,2,524790,720370
spill,262144,1,262395,592807
spill,262144,1,262395,519281
spill,262144,1,262395,524807
spill,262144,1,262395,789194
spill,262144,1,262395,630694
spill,262144,1,262395,506100
spill,262144,1,262395,512875
spill,262144,2,524790,815288
spill,262144,1,262395,721555
spill,262144,1,262395,550672
spill,262144,1,262395,800272
spill,262144,1,262395,881250
spill,262144,2,524790,818158
spill,262144,2,524790,646680
spill,262144,2,524790,913981
spill,262144,2,524790,816406
spill,262144,1,262395,877545
spill,262144,2,524790,994888
spill,262144,1,262395,743815
spill,262144,1,262395,765918
spill,262144,2,524790,939898
spill,262144,2,524790,942040
spill,262144,1,262395,766635
spill,262144,1,262395,837234
spill,262144,1,262395,719136
spill,262144,3,787185,1013180
spill,262144,2,524790,1040932
spill,262144,1,262395,572416
spill,262144,1,262395,1077122
spill,262144,1,262395,534599
spill,262144,1,262395,706873
spill,262144,1,262395,622228
spill,262144,2,524790,1125899
spill,262144,1,262395,905794
spill,262144,3,787185,1291341
spill,262144,1,262395,653003
spill,262144,1,262395,826740
spill,262144,1,262395,1228310
spill,262144,1,262395,523691
spill,262144,1,262395,1148477
spill,262144,1,262395,889969
spill,262144,3,787185,863731
spill,262144,1,262395,768881
spill,262144,3,787185,1285849
spill,262144,2,524790,1451624
spill,262144,2,524790,1278769
spill,262144,1,262395,1123391
spill,262144,1,262395,722836
spill,262144,1,262395,1108449
spill,262144,1,262395,881740
spill,262144,3,787185,911448
spill,262144,2,524790,808465
spill,262144,1,262395,832753
spill,262144,1,262395,564205
spill,262144,1,262395,612592
spill,262144,2,524790,1373529
spill,262144,3,787185,1027922
spill,262144,1,262395,990405
spill,262144,1,262395,620801
spill,262144,1,262395,801601
spill,262144,1,262395,1108958
spill,262144,3,787185,1046947
spill,262144,2,524790,855317
spill,262144,1,262395,755214
spill,262144,2,524790,773600
spill,262144,2,524790,871208
spill,262144,1,262395,660890
spill,262144,1,262395,793663
spill,262144,1,262395,785707
spill,262144,2,524790,1083567
spill,262144,1,262395,609295
spill,262144,3,787185,933960
spill,262144,3,787185,1065580
spill,262144,2,524790,908588
spill,262144,1,262395,726091
spill,262144,1,262395,537541
spill,262144,2,524790,1238224
spill,262144,1,262395,847767
spill,262144,1,262395,929742
spill,262144,1,262395,869572
spill,262144,1,262395,926083
spill,262144,1,262395,617380
spill,262144,2,524790,750652
spill,262144,1,262395,938822
spill,262144,2,524790,704200
spill,262144,1,262395,646074
spill,262144,1,262395,510287
spill,262144,1,262395,610176
spill,262144,1,262395,761341
spill,262144,1,262395,670305
spill,262144,1,262395,538026
spill,262144,2,524790,894395
spill,262144,1,262395,494048
spill,262144,2,524790,695416
spill,262144,1,262395,654134
spill,262144,1,262395,681965
spill,262144,1,262395,506149
spill,262144,2,524790,678120
spill,262144,1,262395,492022
spill,262144,1,262395,669759
spill,262144,1,262395,620413
spill,262144,1,262395,562205
spill,262144,1,262395,498927
spill,262144,2,524790,778733
spill,262144,2,524790,671021
spill,262144,1,262395,531411
spill,262144,1,262395,561193
spill,262144,1,262395,608408
spill,262144,1,262395,528805
spill,262144,2,524790,746889
spill,262144,1,262395,562274
spill,262144,3,787185,1009477
spill,262144,2,524790,1106749
spill,262144,2,524790,732373
spill,262144,2,524790,1106879
spill,262144,1,262395,628987
spill,262144,1,262395,534454
spill,262144,1,262395,1019556
spill,262144,1,262395,548020
spill,262144,2,524790,1167013
spill,262144,1,262395,743468
spill,262144,2,524790,1006627
spill,262144,1,262395,554699
spill,262144,1,262395,661307
spill,262144,1,262395,522924
spill,262144,2,524790,943002
spill,262144,1,262395,682322
spill,262144,1,262395,1024438
spill,262144,1,262395,551052
spill,262144,1,262395,607654
spill,262144,1,262395,710635
spill,262144,3,787185,1015867
spill,262144,1,262395,983623
spill,262144,1,262395,612580
spill,262144,4,1049580,1166661
spill,262144,1,262395,526222
spill,262144,1,262395,872860
spill,262144,1,262395,714535
spill,262144,2,524790,869563
spill,262144,1,262395,928155
spill,262144,1,262395,784902
spill,262144,1,262395,685853
spill,262144,3,787185,877341
spill,262144,1,262395,631216
spill,262144,1,262395,782517
spill,262144,1,262395,859212
spill,262144,1,262395,751872
spill,262144,3,787185,963403
spill,262144,1,262395,544910
spill,262144,1,262395,699996
spill,262144,1,262395,798998
spill,262144,2,524790,882244
spill,262144,1,262395,778098
spill,262144,1,262395,743904
spill,262144,1,262395,635561
spill,262144,6,1574370,1335664
spill,262144,2,524790,760140
spill,262144,2,524790,888685
spill,262144,2,524790,1260287
spill,262144,3,787185,1256057
spill,262144,1,262395,1297966
spill,262144,2,524790,1006837
spill,262144,2,524790,1673348
spill,262144,2,524790,1237405
spill,262144,1,262395,883521
spill,262144,1,262395,1172383
spill,262144,3,787185,1517098
spill,262144,1,262395,671743
spill,262144,1,262395,737977
spill,262144,2,524790,1042412
spill,262144,3,787185,1006031
spill,262144,2,524790,1351400
spill,262144,1,262395,584171
spill,262144,2,524790,1250092
spill,262144,1,262395,575867
spill,262144,4,1049580,1153239
spill,262144,2,524790,946686
spill,262144,1,262395,582629
spill,262144,1,262395,548799
spill,262144,2,524790,979325
spill,262144,1,262395,769512
spill,262144,1,262395,700523
spill,262144,2,524790,986045
spill,262144,1,262395,520746
spill,262144,5,1311975,1141141
spill,262144,1,262395,966618
spill,262144,1,262395,691084
spill,262144,3,787185,1075302
spill,262144,2,524790,880272
spill,262144,2,524790,1034450
spill,262144,1,262395,772626
spill,262144,1,262395,1009709
spill,262144,1,262395,5892336
spill,262144,3,787185,5799306
spill,262144,2,524790,2150957
spill,262144,1918,503273610,320583254
spill,262144,1,262395,13880706
spill,262144,1,262395,13959994
spill,262144,1,262395,13528858
spill,262144,2,524790,13286220
spill,262144,1,262395,3710799
spill,262144,3,787185,3977981
spill,262144,1,262395,3682828
spill,262144,1,262395,4132194
spill,262144,2,524790,3103892
spill,262144,5,1311975,3499163
spill,262144,3,787185,2592317
spill,262144,2,524790,2679311
spill,262144,1,262395,1849203
spill,262144,1,262395,1736726
spill,262144,1,262395,1252315
spill,262144,1,262395,1588219
spill,262144,2,524790,2124420
spill,262144,3,787185,2035408
spill,262144,2,524790,1601321
spill,262144,2,524790,1490718
spill,262144,2,524790,2086848
spill,262144,1,262395,1500321
spill,262144,2,524790,1249869
spill,262144,3,787185,1329729
spill,262144,1,262395,755458
spill,262144,2,524790,1258349
spill,262144,1,262395,677807
spill,262144,3,787185,1494372
spill,262144,1,262395,1547195
spill,262144,1,262395,1128950
spill,262144,1,262395,743129
spill,262144,1,262395,1035106
spill,262144,2,524790,1281843
spill,262144,2,524790,1341400
spill,262144,1,262395,962690
spill,262144,1,262395,1037761
spill,262144,3,787185,1066852
spill,262144,1,262395,961808
spill,262144,1,262395,841350
spill,262144,3,787185,1139413
spill,262144,2,524790,1321715
spill,262144,1,262395,1396719
spill,262144,3,787185,1491760
spill,262144,1,262395,991929
spill,262144,1,262395,628160
spill,262144,2,524790,1549472
spill,262144,3,787185,894491
spill,262144,1,262395,1034366
spill,262144,1,262395,681500
spill,262144,1,262395,1360739
spill,262144,1,262395,908506
spill,262144,1,262395,1195026
spill,262144,2,524790,1272376
spill,262144,3,787185,1395116
spill,262144,2,524790,1483754
spill,262144,1,262395,1232065
spill,262144,1,262395,952808
spill,262144,3,787185,1090141
spill,262144,1,262395,772892
spill,262144,1,262395,954631
spill,262144,1,262395,1404520
spill,262144,2,524790,1538429
spill,262144,2,524790,1240230
spill,262144,1,262395,1196798
spill,262144,1,262395,1476079
spill,262144,1,262395,964505
spill,262144,1,262395,870917
spill,262144,1,262395,908412
spill,262144,1,262395,1117837
spill,262144,1,262395,856750
spill,262144,1,262395,1580989
spill,262144,3,787185,2323837
spill,262144,1,262395,1130009
spill,262144,1,262395,563019
spill,262144,1,262395,1345603
spill,262144,2,524790,1347011
spill,262144,3,787185,1038658
spill,262144,1,262395,1092051
spill,262144,1,262395,1096269
spill,262144,2,524790,1358531
spill,262144,1,262395,1172532
spill,262144,1,262395,770821
spill,262144,1,262395,645586
spill,262144,1,262395,950158
spill,262144,1,262395,724722
spill,262144,3,787185,998570
spill,262144,3,787185,1510624
spill,262144,2,524790,1145495
spill,262144,3,787185,1247322
spill,262144,3,787185,1354831
spill,262144,2,524790,1434973
spill,262144,2,524790,1977620
spill,262144,1,262395,1507143
spill,262144,2,524790,1214361
spill,262144,1,262395,762004
spill,262144,2,524790,979256
spill,262144,1,262395,634951
spill,262144,1,262395,950446
spill,262144,2,524790,751114
spill,262144,2,524790,1448687
spill,262144,2,524790,1469717
spill,262144,1,262395,914920
spill,262144,2,524790,1224415
spill,262144,1,262395,919565
spill,262144,1,262395,567594
spill,262144,4,1049580,1129412
spill,262144,1,262395,1078827
spill,262144,3,787185,1233474
spill,262144,2,524790,1359502
spill,262144,2,524790,1450664
spill,262144,3,787185,1297170
spill,262144,2,524790,1502370
spill,262144,2,524790,1452623
spill,262144,2,524790,1062730
spill,262144,1,262395,861197
spill,262144,3,787185,1161932
spill,262144,2,524790,1617563
spill,262144,2,524790,1663859
spill,262144,3,787185,1304029
spill,262144,1,262395,701254
spill,262144,1,262395,1019260
spill,262144,3,787185,1000004
spill,262144,1,262395,944800
spill,262144,1,262395,607330
spill,262144,2,524790,852616
spill,262144,3,787185,1054072
spill,262144,1,262395,747283
spill,262144,1,262395,697856
spill,262144,1,262395,1008910
spill,262144,2,524790,1320217
spill,262144,1,262395,1023953
spill,262144,2,524790,1407370
spill,262144,1,262395,1413128
spill,262144,1,262395,1210703
spill,262144,2,524790,1004760
spill,262144,1,262395,1251996
spill,262144,2,524790,1438026
spill,262144,2,524790,913408
spill,262144,1,262395,946672
spill,262144,3,787185,2067640
spill,262144,3,787185,962915
spill,262144,1,262395,1016971
spill,262144,2,524790,1160279
spill,262144,1,262395,593620
spill,262144,1,262395,762382
spill,262144,2,524790,987118
spill,262144,1,262395,780595
spill,262144,1,262395,545687
spill,262144,2,524790,1291376
spill,262144,1,262395,781950
spill,262144,2,524790,840686
spill,262144,2,524790,1306217
spill,262144,2,524790,1255517
spill,262144,1,262395,1330507
spill,262144,1,262395,708652
spill,262144,3,787185,1628398
spill,262144,3,787185,1138930
spill,262144,1,262395,1119466
spill,262144,2,524790,999352
spill,262144,3,787185,1373322
spill,262144,1,262395,1117354
spill,262144,1,262395,1242432
spill,262144,1,262395,1276483
spill,262144,1,262395,634949
spill,262144,2,524790,1345545
spill,262144,1,262395,635217
spill,262144,2,524790,1075687
spill,262144,1,262395,554329
spill,262144,2,524790,1316571
spill,262144,3,787185,1425265
spill,262144,1,262395,953479
spill,262144,1,262395,684371
spill,262144,1,262395,934403
spill,262144,1,262395,773043
spill,262144,2,524790,1130567
spill,262144,1,262395,1170576
spill,262144,2,524790,798965
spill,262144,1,262395,716822
spill,262144,1,262395,552770
spill,262144,2,524790,942549
spill,262144,1,262395,1036348
spill,262144,1,262395,828601
spill,262144,4,1049580,1590837
spill,262144,3,787185,1080999
spill,262144,2,524790,919064
spill,262144,1,262395,519369
spill,262144,1,262395,820501
spill,262144,1,262395,505742
spill,262144,2,524790,1705997
spill,262144,3,787185,1369336
spill,262144,1,262395,1423217
spill,262144,1,262395,694907
spill,262144,1,262395,1282900
spill,262144,1,262395,1048605
spill,262144,4,1049580,1896672
spill,262144,1,262395,1673581
spill,262144,2,524790,1356587
spill,262144,1,262395,731909
spill,262144,1,262395,1035745
spill,262144,1,262395,766185
spill,262144,3,787185,1086379
spill,262144,1,262395,812567
spill,262144,2,524790,760962
spill,262144,2,524790,1206398
spill,262144,1,262395,656270
spill,262144,2,524790,1038904
spill,262144,1,262395,580797
spill,262144,1,262395,629566
spill,262144,2,524790,983685
spill,262144,1,262395,753030
spill,262144,1,262395,1091201
spill,262144,1,262395,813787
spill,262144,1,262395,1136173
spill,262144,1,262395,937452
spill,262144,1,262395,541545
spill,262144,2,524790,1219959
spill,262144,1,262395,699056
spill,262144,2,524790,817535
spill,262144,1,262395,595720
spill,262144,1,262395,1195215
spill,262144,1,262395,815576
spill,262144,1,262395,705355
spill,262144,1,262395,852607
spill,262144,1,262395,1108634
spill,262144,1,262395,762465
spill,262144,1,262395,604272
spill,262144,2,524790,782354
spill,262144,1,262395,490233
spill,262144,2,524790,701804
spill,262144,1,262395,559967
spill,262144,1,262395,596603
spill,262144,1,262395,655604
spill,262144,1,262395,457543
spill,262144,2,524790,769476
spill,262144,1,262395,632903
spill,262144,1,262395,617445
spill,262144,1,262395,591128
spill,262144,1,262395,661580
spill,262144,3,787185,926825
spill,262144,1,262395,518299
spill,262144,1,262395,643278
spill,262144,1,262395,498276
spill,262144,1,262395,449385
spill,262144,2,524790,694807
spill,262144,1,262395,640359
spill,262144,2,524790,790200
spill,262144,1,262395,535769
spill,262144,1,262395,744768
spill,262144,1,262395,495245
spill,262144,1,262395,663249
spill,262144,2,524790,686391
spill,262144,2,524790,1048480
spill,262144,1,262395,560890
spill,262144,1,262395,599509
spill,262144,3,787185,773626
spill,262144,1,262395,569940
spill,262144,1,262395,721860
spill,262144,1,262395,860385
spill,262144,1,262395,474127
spill,262144,2,524790,1037304
spill,262144,1,262395,530007
spill,262144,1,262395,555411
spill,262144,1,262395,540446
spill,262144,1,262395,521228
spill,262144,1,262395,469782
spill,262144,1,262395,553118
spill,262144,2,524790,652313
spill,262144,1,262395,631696
spill,262144,1,262395,445854
spill,262144,2,524790,752865
spill,262144,2,524790,1028508
spill,262144,1,262395,989775
spill,262144,3,787185,798867
spill,262144,1,262395,936450
spill,262144,1,262395,586238
spill,262144,2,524790,1245010
spill,262144,4,1049580,1245691
spill,262144,1,262395,854573
spill,262144,4,1049580,1513909
spill,262144,1,262395,1038041
spill,262144,1,262395,1017586
spill,262144,1,262395,572591
spill,262144,2,524790,969323
spill,262144,2,524790,1090672
spill,262144,1,262395,588435
spill,262144,3,787185,1197649
spill,262144,1,262395,1112594
spill,262144,3,787185,1429338
spill,262144,1,262395,953404
spill,262144,1,262395,852560
spill,262144,1,262395,994559
spill,262144,2,524790,1520191
spill,262144,1,262395,2550211
spill,262144,3,787185,2710347
spill,262144,1,262395,4027538
spill,262144,2,524790,2882254
spill,262144,1,262395,2178066
spill,262144,3,787185,1533061
spill,262144,3,787185,1226908
spill,262144,3,787185,1089216
spill,262144,2,524790,1188649
spill,262144,3,787185,1356188
spill,262144,1,262395,989360
spill,262144,4,1049580,1910409
spill,262144,2,524790,829541
spill,262144,1,262395,784483
spill,262144,1,262395,947293
spill,262144,2,524790,1482383
spill,262144,3,787185,1972117
spill,262144,3,787185,1716262
spill,262144,1,262395,948370
spill,262144,1,262395,1088858
spill,262144,2,524790,1158461
spill,262144,1,262395,951575
spill,262144,1,262395,895356
spill,262144,2,524790,1096262
spill,262144,3,787185,1017148
spill,262144,1,262395,910915
spill,262144,1,262395,889559
spill,262144,2,524790,1300466
spill,262144,1,262395,1368584
spill,262144,2,524790,1042832
spill,262144,1,262395,989571
spill,262144,2,524790,1303298
spill,262144,1,262395,926710
spill,262144,3,787185,1226597
spill,262144,1,262395,575370
spill,262144,1,262395,769219
spill,262144,1,262395,764102
spill,262144,1,262395,1139183
spill,262144,2,524790,1544639
spill,262144,2,524790,1819112
spill,262144,2,524790,892565
spill,262144,1,262395,598593
spill,262144,1,262395,983625
spill,262144,2,524790,969322
spill,262144,2,524790,823545
spill,262144,1,262395,648251
spill,262144,1,262395,507736
spill,262144,1,262395,1157910
spill,262144,1,262395,717485
spill,262144,2,524790,1192795
spill,262144,1,262395,772402
spill,262144,1,262395,1061549
spill,262144,1,262395,846884
spill,262144,1,262395,818236
spill,262144,1,262395,835824
spill,262144,2,524790,810998
spill,262144,1,262395,755209
spill,262144,1,262395,760846
spill,262144,1,262395,1479383
spill,262144,1,262395,1320494
spill,262144,1,262395,1295624
spill,262144,1,262395,535130
spill,262144,1,262395,1012969
spill,262144,1,262395,963316
spill,262144,1,262395,879269
spill,262144,4,1049580,1677519
spill,262144,2,524790,1249306
spill,262144,1,262395,950181
spill,262144,1,262395,1131647
spill,262144,1,262395,925637
spill,262144,1,262395,973754
spill,262144,2,524790,914508
spill,262144,3,787185,1739248
spill,262144,1,262395,890091
spill,262144,1,262395,689855
spill,262144,2,524790,770535
spill,262144,1,262395,835170
spill,262144,1,262395,638210
spill,262144,1,262395,823775
spill,262144,1,262395,688738
spill,262144,1,262395,571586
spill,262144,1,262395,775911
spill,262144,1,262395,1055670
spill,262144,3,787185,1017334
spill,262144,1,262395,684266
spill,262144,3,787185,1142356
spill,262144,2,524790,1075642
spill,262144,1,262395,1134083
spill,262144,1,262395,1223418
spill,262144,1,262395,839821
spill,262144,1,262395,889236
spill,262144,3,787185,1303194
spill,262144,2,524790,1122477
spill,262144,1,262395,788956
spill,262144,3,787185,1073493
spill,262144,1,262395,957422
spill,262144,1,262395,587271
spill,262144,1,262395,720172
spill,262144,4,1049580,1424647
spill,262144,2,524790,961398
spill,262144,4,1049580,1090244
spill,262144,1,262395,882970
spill,262144,2,524790,803103
spill,262144,2,524790,768548
spill,262144,2,524790,774253
spill,262144,1,262395,714904
spill,262144,2,524790,852990
spill,262144,1,262395,825756
spill,262144,1,262395,666734
spill,262144,1,262395,683084
spill,262144,2,524790,1027197
spill,262144,1,262395,644607
spill,262144,1,262395,555150
spill,262144,2,524790,718115
spill,262144,1,262395,578904
spill,262144,1,262395,964269
spill,262144,2,524790,788465
spill,262144,1,262395,552578
spill,262144,1,262395,706990
spill,262144,1,262395,704558
spill,262144,1,262395,707640
spill,262144,1,262395,601197
spill,262144,1,262395,719688
spill,262144,1,262395,545986
spill,262144,1,262395,610704
spill,262144,1,262395,682565
spill,262144,1,262395,1037152
spill,262144,3,787185,816553
spill,262144,1,262395,551857
spill,262144,1,262395,907490
spill,262144,1,262395,506177
spill,262144,2,524790,767873
spill,262144,1,262395,552612
spill,262144,2,524790,1100577
spill,262144,1,262395,818117
spill,262144,1,262395,500695
spill,262144,2,524790,787880
spill,262144,2,524790,714647
spill,262144,1,262395,785031
spill,262144,1,262395,790318
spill,262144,1,262395,578396
spill,262144,2,524790,890831
spill,262144,1,262395,631417
spill,262144,1,262395,593793
spill,262144,1,262395,549112
spill,262144,1,262395,572431
spill,262144,1,262395,733421
spill,262144,1,262395,594049
spill,262144,1,262395,444931
spill,262144,1,262395,751775
spill,262144,2,524790,683487
spill,262144,1,262395,672655
spill,262144,1,262395,454481
spill,262144,1,262395,592556
spill,262144,3,787185,898518
spill,262144,1,262395,759596
spill,262144,1,262395,795419
spill,262144,2,524790,737941
spill,262144,1,262395,624874
spill,262144,1,262395,667702
spill,262144,1,262395,891697
spill,262144,2,524790,672904
spill,262144,2,524790,993384
spill,262144,1,262395,971974
spill,262144,1,262395,666580
spill,262144,2,524790,930703
spill,262144,1,262395,685550
spill,262144,1,262395,965122
spill,262144,1,262395,565774
spill,262144,1,262395,541322
spill,262144,1,262395,736286
spill,262144,3,787185,906682
spill,262144,1,262395,620078
spill,262144,2,524790,862408
spill,262144,1,262395,773188
spill,262144,1,262395,585366
spill,262144,2,524790,682786
spill,262144,2,524790,679919
spill,262144,1,262395,776844
spill,262144,1,262395,843651
spill,262144,1,262395,673187
spill,262144,1,262395,569500
spill,262144,2,524790,638908
spill,262144,1,262395,505844
spill,262144,3,787185,839373
spill,262144,2,524790,857795
spill,262144,2,524790,753181
spill,262144,2,524790,752067
spill,262144,1,262395,642345
spill,262144,1,262395,696959
spill,262144,1,262395,743684
spill,262144,2,524790,981862
spill,262144,1,262395,507248
spill,262144,2,524790,685446
spill,262144,2,524790,729058
spill,262144,1,262395,618623
spill,262144,1,262395,594490
spill,262144,1,262395,458336
spill,262144,1,262395,576504
spill,262144,1,262395,521912
spill,262144,3,787185,847030
spill,262144,1,262395,657744
spill,262144,1,262395,699247
spill,262144,1,262395,539154
spill,262144,1,262395,554125
spill,262144,1,262395,649512
spill,262144,2,524790,841882
spill,262144,1,262395,699049
spill,262144,1,262395,659908
spill,262144,2,524790,743695
spill,262144,1,262395,584958
spill,262144,2,524790,788573
spill,262144,2,524790,838985
spill,262144,1,262395,1058911
spill,262144,1,262395,782115
spill,262144,1,262395,647840
spill,262144,2,524790,715515
spill,262144,2,524790,801140
spill,262144,2,524790,889691
spill,262144,1,262395,495135
spill,262144,1,262395,537531
spill,262144,3,787185,952427
spill,262144,2,524790,777856
spill,262144,1,262395,657924
spill,262144,2,524790,882356
spill,262144,1,262395,790350
spill,262144,3,787185,874554
spill,262144,1,262395,542571
spill,262144,1,262395,481600
spill,262144,1,262395,724637
spill,262144,3,787185,961484
spill,262144,1,262395,605357
spill,262144,1,262395,758015
spill,262144,1,262395,586700
spill,262144,2,524790,852375
spill,262144,2,524790,717581
spill,262144,1,262395,538223
spill,262144,1,262395,715569
spill,262144,1,262395,541834
spill,262144,1,262395,535533
spill,262144,1,262395,604106
spill,262144,1,262395,533707
spill,262144,1,262395,737816
spill,262144,1,262395,491074
spill,262144,2,524790,674227
spill,262144,1,262395,990185
spill,262144,1,262395,731366
spill,262144,1,262395,919753
spill,262144,1,262395,922375
spill,262144,1,262395,808255
spill,262144,1,262395,1087391
spill,262144,1,262395,892665
spill,262144,1,262395,749615
spill,262144,2,524790,1113601
spill,262144,2,524790,705389
spill,262144,2,524790,853606
spill,262144,1,262395,739126
spill,262144,1,262395,909362
spill,262144,1,262395,752249
spill,262144,2,524790,782489
spill,262144,1,262395,760759
spill,262144,1,262395,602256
spill,262144,3,787185,984692
spill,262144,1,262395,923722
spill,262144,2,524790,1327053
spill,262144,1,262395,950308
spill,262144,3,787185,1266652
spill,262144,1,262395,1332726
spill,262144,2,524790,1160166
spill,262144,3,787185,1217690
spill,262144,1918,503273610,299647222
spill,524288,1,524539,3010555
spill,524288,1,524539,3039767
spill,524288,2,1049078,1538524
spill,524288,2,1049078,1476265
spill,524288,1,524539,1017282
spill,524288,3,1573617,1943325
spill,524288,1,524539,1714579
spill,524288,1,524539,1315545
spill,524288,2,1049078,1197060
spill,524288,1,524539,1695376
spill,524288,2,1049078,1137959
spill,524288,1,524539,1003875
spill,524288,1,524539,1376763
spill,524288,2,1049078,1590112
spill,524288,1,524539,953764
spill,524288,1,524539,1117999
spill,524288,1,524539,1028587
spill,524288,2,1049078,1056200
spill,524288,1,524539,864264
spill,524288,2,1049078,1011385
spill,524288,3,1573617,1360323
spill,524288,1,524539,617077
spill,524288,1,524539,714539
spill,524288,1,524539,975478
spill,524288,1,524539,874898
spill,524288,1,524539,914997
spill,524288,2,1049078,1249701
spill,524288,1,524539,1134038
spill,524288,1,524539,755812
spill,524288,1,524539,1076562
spill,524288,2,1049078,1148747
spill,524288,1,524539,951021
spill,524288,2,1049078,1071191
spill,524288,2,1049078,993920
spill,524288,1,524539,755752
spill,524288,2,1049078,1355124
spill,524288,1,524539,1070149
spill,524288,1,524539,854748
spill,524288,1,524539,789737
spill,524288,2,1049078,1083754
spill,524288,1,524539,1016614
spill,524288,2,1049078,1691301
spill,524288,2,1049078,1046130
spill,524288,1,524539,928473
spill,524288,2,1049078,1394400
spill,524288,1,524539,815046
spill,524288,2,1049078,1148528
spill,524288,1,524539,1012481
spill,524288,3,1573617,2021274
spill,524288,2,1049078,1836771
spill,524288,1,524539,818999
spill,524288,1,524539,975815
spill,524288,1,524539,972864
spill,524288,2,1049078,1194726
spill,524288,1,524539,736201
spill,524288,1,524539,852712
spill,524288,1,524539,892637
spill,524288,1,524539,806145
spill,524288,1,524539,746510
spill,524288,1,524539,1000077
spill,524288,2,1049078,1050104
spill,524288,1,524539,1000015
spill,524288,1,524539,710198
spill,524288,1,524539,742194
spill,524288,1,524539,852152
spill,524288,2,1049078,1151381
spill,524288,1,524539,663648
spill,524288,1,524539,763198
spill,524288,1,524539,665928
spill,524288,2,1049078,1085756
spill,524288,1,524539,1007199
spill,524288,1,524539,1039322
spill,524288,1,524539,1119057
spill,524288,1,524539,755802
spill,524288,1,524539,690996
spill,524288,1,524539,1001141
spill,524288,1,524539,699485
spill,524288,1,524539,679061
spill,524288,1,524539,924043
spill,524288,1,524539,641516
spill,524288,1,524539,773871
spill,524288,3,1573617,1377682
spill,524288,1,524539,853443
spill,524288,2,1049078,1292254
spill,524288,2,1049078,1043268
spill,524288,1,524539,703781
spill,524288,1,524539,703880
spill,524288,1,524539,674502
spill,524288,2,1049078,1496294
spill,524288,1,524539,687730
spill,524288,1,524539,728479
spill,524288,2,1049078,1206530
spill,524288,1,524539,917796
spill,524288,1,524539,691039
spill,524288,2,1049078,1093080
spill,524288,1,524539,887028
spill,524288,2,1049078,1396460
spill,524288,1,524539,734014
spill,524288,1,524539,723572
spill,524288,1,524539,762756
spill,524288,1,524539,653419
spill,524288,1,524539,772280
spill,524288,2,1049078,1032520
spill,524288,1,524539,694576
spill,524288,1,524539,663136
spill,524288,2,1049078,1071996
spill,524288,2,1049078,1040598
spill,524288,1,524539,625876
spill,524288,1,524539,791238
spill,524288,1,524539,782969
spill,524288,1,524539,680038
spill,524288,1,524539,792194
spill,524288,1,524539,695822
spill,524288,1,524539,804292
spill,524288,1,524539,761346
spill,524288,1,524539,680358
spill,524288,1,524539,694541
spill,524288,1,524539,668860
spill,524288,1,524539,769097
spill,524288,2,1049078,1058969
spill,524288,1,524539,642023
spill,524288,1,524539,665139
spill,524288,2,1049078,1159046
spill,524288,1,524539,709968
spill,524288,1,524539,726084
spill,524288,1,524539,820090
spill,524288,1,524539,1096496
spill,524288,1,524539,1028972
spill,524288,2,1049078,1333827
spill,524288,2,1049078,1091682
spill,524288,1,524539,713786
spill,524288,1,524539,780633
spill,524288,1,524539,651563
spill,524288,1,524539,850979
spill,524288,1,524539,685971
spill,524288,1,524539,728263
spill,524288,1,524539,923343
spill,524288,1,524539,640769
spill,524288,1,524539,634001
spill,524288,1,524539,798929
spill,524288,1,524539,783207
spill,524288,1,524539,706426
spill,524288,1,524539,719244
spill,524288,1,524539,655279
spill,524288,2,1049078,1043683
spill,524288,1,524539,710149
spill,524288,2,1049078,1028436
spill,524288,1,524539,1021648
spill,524288,1,524539,918717
spill,524288,1,524539,671912
spill,524288,1,524539,688595
spill,524288,2,1049078,1210718
spill,524288,2,1049078,1331395
spill,524288,1,524539,784291
spill,524288,2,1049078,1115070
spill,524288,1,524539,972793
spill,524288,1,524539,689067
spill,524288,1,524539,756891
spill,524288,1,524539,717806
spill,524288,1,524539,671014
spill,524288,2,1049078,1222333
spill,524288,1,524539,888332
spill,524288,1,524539,759745
spill,524288,1,524539,639730
spill,524288,2,1049078,1321728
spill,524288,2,1049078,1142000
spill,524288,3,1573617,1438547
spill,524288,2,1049078,1172969
spill,524288,2,1049078,1336979
spill,524288,1,524539,782811
spill,524288,1,524539,753789
spill,524288,2,1049078,1066949
spill,524288,2,1049078,1389859
spill,524288,2,1049078,1053348
spill,524288,1,524539,714699
spill,524288,1,524539,782447
spill,524288,1,524539,685050
spill,524288,1,524539,909910
spill,524288,2,1049078,1415234
spill,524288,2,1049078,1059748
spill,524288,1,524539,693230
spill,524288,2,1049078,1056204
spill,524288,1,524539,699276
spill,524288,2,1049078,1091340
spill,524288,1,524539,766047
spill,524288,2,1049078,1007654
spill,524288,1,524539,715152
spill,524288,2,1049078,1089095
spill,524288,2,1049078,1130391
spill,524288,1,524539,670647
spill,524288,1,524539,706602
spill,524288,1,524539,787250
spill,524288,1,524539,742588
spill,524288,1,524539,668786
spill,524288,1,524539,872697
spill,524288,2,1049078,1513070
spill,524288,1,524539,820751
spill,524288,1,524539,1075989
spill,524288,2,1049078,1440172
spill,524288,2,1049078,1048580
spill,524288,1,524539,864437
spill,524288,1,524539,874348
spill,524288,1,524539,1013415
spill,524288,1,524539,727190
spill,524288,2,1049078,1102047
spill,524288,1,524539,792260
spill,524288,1,524539,824770
spill,524288,1,524539,749586
spill,524288,2,1049078,1074319
spill,524288,1,524539,815045
spill,524288,1,524539,627531
spill,524288,2,1049078,1058285
spill,524288,1,524539,645868
spill,524288,2,1049078,1085356
spill,524288,1,524539,1031959
spill,524288,1,524539,1082322
spill,524288,1,524539,981936
spill,524288,2,1049078,1940357
spill,524288,2,1049078,1152476
spill,524288,1,524539,707548
spill,524288,1,524539,1021598
spill,524288,2,1049078,1377788
spill,524288,1,524539,954416
spill,524288,1,524539,1215466
spill,524288,1,524539,918571
spill,524288,2,1049078,1361226
spill,524288,1,524539,893954
spill,524288,1,524539,894601
spill,524288,2,1049078,1331046
spill,524288,1,524539,1062844
spill,524288,1,524539,691098
spill,524288,2,1049078,1754672
spill,524288,2,1049078,1071129
spill,524288,2,1049078,1468819
spill,524288,1,524539,1246496
spill,524288,2,1049078,996855
spill,524288,2,1049078,1198952
spill,524288,2,1049078,1209502
spill,524288,2,1049078,1240129
spill,524288,1,524539,1039261
spill,524288,1,524539,681664
spill,524288,2,1049078,1322867
spill,524288,1,524539,911907
spill,524288,1,524539,723390
spill,524288,1,524539,678449
spill,524288,1,524539,757234
spill,524288,2,1049078,1103496
spill,524288,2,1049078,1147629
spill,524288,2,1049078,1122981
spill,524288,1,524539,768673
spill,524288,1,524539,721954
spill,524288,1,524539,1198472
spill,524288,1,524539,774267
spill,524288,1,524539,829158
spill,524288,1,524539,673924
spill,524288,1,524539,1047334
spill,524288,2,1049078,1000002
spill,524288,1,524539,855822
spill,524288,2,1049078,1091607
spill,524288,2,1049078,1036430
spill,524288,1,524539,785142
spill,524288,1,524539,840455
spill,524288,1,524539,1045968
spill,524288,1,524539,935940
spill,524288,1,524539,1127493
spill,524288,1,524539,950742
spill,524288,2,1049078,1475439
spill,524288,2,1049078,1161976
spill,524288,1,524539,994774
spill,524288,1,524539,1368590
spill,524288,1,524539,949248
spill,524288,1,524539,762664
spill,524288,2,1049078,1035264
spill,524288,1,524539,1201021
spill,524288,2,1049078,1538140
spill,524288,1,524539,1354648
spill,524288,1,524539,687605
spill,524288,1,524539,875205
spill,524288,1,524539,732037
spill,524288,2,1049078,1136925
spill,524288,1,524539,946085
spill,524288,1,524539,878557
spill,524288,2,1049078,1128211
spill,524288,1,524539,636013
spill,524288,1,524539,756657
spill,524288,2,1049078,1231624
spill,524288,1,524539,733594
spill,524288,2,1049078,1133715
spill,524288,1,524539,680925
spill,524288,1,524539,944819
spill,524288,1,524539,667906
spill,524288,1,524539,657558
spill,524288,1,524539,902271
spill,524288,1,524539,768341
spill,524288,1,524539,693397
spill,524288,1,524539,965165
spill,524288,1,524539,638440
spill,524288,1,524539,732081
spill,524288,1,524539,726778
spill,524288,1,524539,1000262
spill,524288,2,1049078,1369951
spill,524288,1,524539,974532
spill,524288,1,524539,970191
spill,524288,1,524539,934134
spill,524288,2,1049078,1338846
spill,524288,1,524539,902067
spill,524288,1,524539,1209141
spill,524288,3,1573617,2009657
spill,524288,1,524539,803276
spill,524288,1,524539,1379700
spill,524288,2,1049078,1733164
spill,524288,2,1049078,1528725
spill,524288,1,524539,943255
spill,524288,1,524539,875738
spill,524288,1,524539,811970
spill,524288,2,1049078,1640023
spill,524288,2,1049078,1431242
spill,524288,1,524539,1140205
spill,524288,2,1049078,1547064
spill,524288,1,524539,1361037
spill,524288,1,524539,1518277
spill,524288,1,524539,1023412
spill,524288,1,524539,1608928
spill,524288,2,1049078,1348331
spill,524288,1,524539,854180
spill,524288,1,524539,1111245
spill,524288,2,1049078,1354109
spill,524288,1,524539,970140
spill,524288,1,524539,1101339
spill,524288,1,524539,1745965
spill,524288,1,524539,1820834
spill,524288,1,524539,1002276
spill,524288,2,1049078,1304286
spill,524288,1,524539,791238
spill,524288,1,524539,772381
spill,524288,1,524539,1085978
spill,524288,3,1573617,1658288
spill,524288,1,524539,1144010
spill,524288,2,1049078,1518676
spill,524288,1,524539,1634043
spill,524288,1,524539,977404
spill,524288,1,524539,1312779
spill,524288,3,1573617,1893838
spill,524288,1,524539,1471756
spill,524288,1,524539,912798
spill,524288,1,524539,1479417
spill,524288,1,524539,1010655
spill,524288,3,1573617,2505729
spill,524288,1,524539,1006484
spill,524288,1,524539,1248941
spill,524288,2,1049078,1423964
spill,524288,2,1049078,1604035
spill,524288,3,1573617,1724758
spill,524288,1,524539,971540
spill,524288,1,524539,978411
spill,524288,1,524539,1126811
spill,524288,3,1573617,1846103
spill,524288,1,524539,1220693
spill,524288,1,524539,1797139
spill,524288,2,1049078,1890946
spill,524288,2,1049078,1707085
spill,524288,1,524539,1290648
spill,524288,1,524539,1114006
spill,524288,1,524539,1220170
spill,524288,2,1049078,1193065
spill,524288,1,524539,1180877
spill,524288,1,524539,1742128
spill,524288,1,524539,1630628
spill,524288,1,524539,1231785
spill,524288,2,1049078,1964334
spill,524288,3,1573617,2308625
spill,524288,2,1049078,1195965
spill,524288,1,524539,1142867
spill,524288,3,1573617,1971705
spill,524288,1,524539,2135142
spill,524288,1,524539,1469023
spill,524288,2,1049078,1831172
spill,524288,1,524539,990073
spill,524288,1,524539,785058
spill,524288,2,1049078,1433924
spill,524288,2,1049078,1911782
spill,524288,1,524539,1461001
spill,524288,1,524539,863299
spill,524288,1,524539,838706
spill,524288,1,524539,925761
spill,524288,2,1049078,1239668
spill,524288,1,524539,955868
spill,524288,2,1049078,985305
spill,524288,1,524539,667669
spill,524288,1,524539,820955
spill,524288,1,524539,813389
spill,524288,1,524539,825422
spill,524288,1,524539,1164493
spill,524288,1,524539,959780
spill,524288,4,2098156,2265314
spill,524288,1,524539,894305
spill,524288,1,524539,952588
spill,524288,1,524539,893862
spill,524288,1,524539,631075
spill,524288,1,524539,1132001
spill,524288,1,524539,1355926
spill,524288,6,3147234,3353911
spill,524288,1,524539,1317531
spill,524288,1,524539,1201980
spill,524288,2,1049078,1608156
spill,524288,2,1049078,1195324
spill,524288,1,524539,1109139
spill,524288,1,524539,729420
spill,524288,1,524539,1259515
spill,524288,1,524539,1360864
spill,524288,1,524539,1267423
spill,524288,1,524539,1389544
spill,524288,1,524539,1162119
spill,524288,1,524539,897260
spill,524288,1,524539,1266762
spill,524288,2,1049078,1367986
spill,524288,2,1049078,1326173
spill,524288,1,524539,829670
spill,524288,1,524539,991761
spill,524288,1,524539,1048184
spill,524288,3,1573617,1888586
spill,524288,1,524539,1390952
spill,524288,1,524539,1398324
spill,524288,2,1049078,1458763
spill,524288,1,524539,875515
spill,524288,2,1049078,1269198
spill,524288,1,524539,684005
spill,524288,1,524539,1022603
spill,524288,2,1049078,1387818
spill,524288,2,1049078,1327276
spill,524288,2,1049078,1219893
spill,524288,1,524539,746053
spill,524288,2,1049078,1095602
spill,524288,1,524539,717846
spill,524288,1,524539,726817
spill,524288,1,524539,692470
spill,524288,2,1049078,1038733
spill,524288,1,524539,751354
spill,524288,1,524539,805425
spill,524288,1,524539,727872
spill,524288,3,1573617,1513356
spill,524288,4,2098156,1883770
spill,524288,3,1573617,1317964
spill,524288,1,524539,736486
spill,524288,2,1049078,1209245
spill,524288,4,2098156,1993978
spill,524288,3,1573617,1614599
spill,524288,1,524539,894669
spill,524288,1,524539,1104723
spill,524288,1,524539,697572
spill,524288,1,524539,962077
spill,524288,2,1049078,1206223
spill,524288,1,524539,1471362
spill,524288,1,524539,895370
spill,524288,1,524539,1069178
spill,524288,1,524539,711817
spill,524288,1,524539,642344
spill,524288,2,1049078,1102225
spill,524288,1,524539,746021
spill,524288,2,1049078,1407611
spill,524288,2,1049078,1009163
spill,524288,1,524539,675722
spill,524288,1,524539,797566
spill,524288,1,524539,782813
spill,524288,1,524539,742251
spill,524288,1,524539,607049
spill,524288,1,524539,788980
spill,524288,2,1049078,1048402
spill,524288,1,524539,746415
spill,524288,2,1049078,1047397
spill,524288,1,524539,843746
spill,524288,2,1049078,1078905
spill,524288,1,524539,799150
spill,524288,1,524539,885117
spill,524288,1,524539,1238578
spill,524288,2,1049078,1416169
spill,524288,1,524539,1184842
spill,524288,1,524539,1469571
spill,524288,2,1049078,2043258
spill,524288,1,524539,655745
spill,524288,2,1049078,1681304
spill,524288,1,524539,1306439
spill,524288,2,1049078,1889546
spill,524288,1,524539,787770
spill,524288,2,1049078,1417675
spill,524288,2,1049078,1187976
spill,524288,1,524539,1133652
spill,524288,1,524539,1066499
spill,524288,2,1049078,1409584
spill,524288,1,524539,967964
spill,524288,2,1049078,1723893
spill,524288,1,524539,1232026
spill,524288,1,524539,1090932
spill,524288,1,524539,918220
spill,524288,3,1573617,2100931
spill,524288,1,524539,1442749
spill,524288,1,524539,1461273
spill,524288,1,524539,1195214
spill,524288,2,1049078,1453885
spill,524288,3,1573617,1619870
spill,524288,1,524539,893480
spill,524288,1,524539,1068037
spill,524288,2,1049078,1238700
spill,524288,1,524539,1143738
spill,524288,1,524539,1231280
spill,524288,1,524539,794615
spill,524288,1,524539,860452
spill,524288,1,524539,1113242
spill,524288,1,524539,896034
spill,524288,2,1049078,1238883
spill,524288,1,524539,947786
spill,524288,1,524539,1151241
spill,524288,1,524539,959255
spill,524288,2,1049078,1435430
spill,524288,1,524539,1253203
spill,524288,3,1573617,1816876
spill,524288,1,524539,1110436
spill,524288,1,524539,1576608
spill,524288,2,1049078,1277946
spill,524288,1,524539,1136780
spill,524288,2,1049078,1445142
spill,524288,1,524539,1400896
spill,524288,2,1049078,1384254
spill,524288,1,524539,1237681
spill,524288,2,1049078,1403124
spill,524288,1,524539,1284657
spill,524288,1,524539,1713206
spill,524288,2,1049078,1751668
spill,524288,2,1049078,1167096
spill,524288,2,1049078,1452501
spill,524288,2,1049078,1828010
spill,524288,1,524539,1117854
spill,524288,2,1049078,1371527
spill,524288,1,524539,1480596
spill,524288,1,524539,1599341
spill,524288,1,524539,1507008
spill,524288,1,524539,1058927
spill,524288,2,1049078,1332444
spill,524288,1,524539,894277
spill,524288,1,524539,964604
spill,524288,1,524539,1696362
spill,524288,3,1573617,2191608
spill,524288,1,524539,1666821
spill,524288,1,524539,861802
spill,524288,2,1049078,1263572
spill,524288,2,1049078,1547782
spill,524288,2,1049078,1742658
spill,524288,2,1049078,1579116
spill,524288,1,524539,1296786
spill,524288,1,524539,1057160
spill,524288,1,524539,1090187
spill,524288,1,524539,1436523
spill,524288,1,524539,1139429
spill,524288,1,524539,814143
spill,524288,2,1049078,1668100
spill,524288,1,524539,921981
spill,524288,1,524539,1062447
spill,524288,1,524539,1167211
spill,524288,2,1049078,1252843
spill,524288,1,524539,1254008
spill,524288,1,524539,1067884
spill,524288,1,524539,924144
spill,524288,2,1049078,1859886
spill,524288,1,524539,927735
spill,524288,2,1049078,1268019
spill,524288,1,524539,923291
spill,524288,1,524539,972719
spill,524288,3,1573617,1913843
spill,524288,3,1573617,2276304
spill,524288,1,524539,1233069
spill,524288,2,1049078,1465896
spill,524288,1,524539,1526129
spill,524288,3,1573617,1928864
spill,524288,1,524539,717987
spill,524288,1,524539,1321296
spill,524288,1,524539,1439186
spill,524288,1,524539,1053059
spill,524288,1,524539,1288368
spill,524288,1,524539,1417829
spill,524288,1,524539,1782217
spill,524288,1,524539,901899
spill,524288,1,524539,1042223
spill,524288,2,1049078,1653251
spill,524288,1,524539,1048078
spill,524288,1,524539,1316499
spill,524288,2,1049078,1334129
spill,524288,2,1049078,1414296
spill,524288,1,524539,1056905
spill,524288,2,1049078,1301905
spill,524288,1,524539,959444
spill,524288,2,1049078,1176365
spill,524288,2,1049078,1449147
spill,524288,3,1573617,2154553
spill,524288,1,524539,851880
spill,524288,1,524539,1255748
spill,524288,1,524539,1016804
spill,524288,2,1049078,1844676
spill,524288,1,524539,1141743
spill,524288,1,524539,1169777
spill,524288,1,524539,1863478
spill,524288,1,524539,1250266
spill,524288,3,1573617,2341422
spill,524288,2,1049078,1507590
spill,524288,1,524539,1144468
spill,524288,4,2098156,1936949
spill,524288,1,524539,1949615
spill,524288,2,1049078,1535824
spill,524288,1,524539,1469236
spill,524288,1,524539,1135130
spill,524288,1,524539,1730311
spill,524288,1,524539,995886
spill,524288,1,524539,1548265
spill,524288,1,524539,1268705
spill,524288,1,524539,1276142
spill,524288,1,524539,1037420
spill,524288,2,1049078,1464547
spill,524288,1,524539,933369
spill,524288,1,524539,823501
spill,524288,1,524539,1230195
spill,524288,1,524539,1241580
spill,524288,2,1049078,1155972
spill,524288,2,1049078,1426004
spill,524288,1,524539,861522
spill,524288,1,524539,807106
spill,524288,1,524539,1166940
spill,524288,1,524539,1132566
spill,524288,1,524539,1129638
spill,524288,2,1049078,1249551
spill,524288,1,524539,841256
spill,524288,2,1049078,1269301
spill,524288,1,524539,1179822
spill,524288,1,524539,899556
spill,524288,2,1049078,1094638
spill,524288,1,524539,1058895
spill,524288,1,524539,1079640
spill,524288,3,1573617,2031215
spill,524288,1,524539,1493463
spill,524288,1,524539,1286840
spill,524288,1,524539,1378427
spill,524288,1,524539,841014
spill,524288,1,524539,2737024
spill,524288,1,524539,2685807
spill,524288,2,1049078,1296044
spill,524288,3,1573617,2396779
spill,524288,6,3147234,3136837
spill,524288,1,524539,1721282
spill,524288,1,524539,1162121
spill,524288,2,1049078,1652273
spill,524288,2,1049078,1738628
spill,524288,1,524539,1536880
spill,524288,2,1049078,1897731
spill,524288,1,524539,1628369
spill,524288,1,524539,1125357
spill,524288,1,524539,1035356
spill,524288,1,524539,931966
spill,524288,2,1049078,1309808
spill,524288,1,524539,1320800
spill,524288,1,524539,1398117
spill,524288,3,1573617,1886537
spill,524288,1,524539,1170303
spill,524288,1,524539,1290790
spill,524288,1,524539,1675194
spill,524288,2,1049078,2156060
spill,524288,1,524539,1636432
spill,524288,1,524539,1544628
spill,524288,1,524539,1219346
spill,524288,1,524539,2276862
spill,524288,1,524539,941853
spill,524288,1,524539,852289
spill,524288,1,524539,940983
spill,524288,1,524539,1075514
spill,524288,1,524539,955493
spill,524288,1,524539,1089882
spill,524288,1,524539,859311
spill,524288,1,524539,675091
spill,524288,1,524539,827310
spill,524288,3,1573617,1483586
spill,524288,1,524539,735340
spill,524288,1,524539,1249070
spill,524288,1,524539,1175756
spill,524288,2,1049078,1675837
spill,524288,1,524539,1131066
spill,524288,2,1049078,1196031
spill,524288,1,524539,949961
spill,524288,1,524539,1024827
spill,524288,1,524539,844756
spill,524288,1,524539,1864729
spill,524288,2,1049078,1163571
spill,524288,1,524539,905760
spill,524288,1,524539,1529318
spill,524288,1,524539,1241668
spill,524288,1,524539,1464307
spill,524288,1,524539,1924497
spill,524288,2,1049078,1663139
spill,524288,1,524539,1294138
spill,524288,1,524539,1961133
spill,524288,1,524539,1142778
spill,524288,1,524539,2079932
spill,524288,1,524539,1784559
spill,524288,1,524539,1288808
spill,524288,1,524539,674959
spill,524288,1,524539,1159096
spill,524288,2,1049078,1533951
spill,524288,2,1049078,1478867
spill,524288,1,524539,1376435
spill,524288,1,524539,1694935
spill,524288,1,524539,936717
spill,524288,1,524539,1314548
spill,524288,1,524539,683312
spill,524288,2,1049078,1344492
spill,524288,1,524539,1368918
spill,524288,1,524539,1219063
spill,524288,1,524539,1761122
spill,524288,1,524539,1141068
spill,524288,1,524539,756420
spill,524288,2,1049078,1192098
spill,524288,1,524539,1308261
spill,524288,1,524539,777980
spill,524288,2,1049078,1053549
spill,524288,1,524539,905009
spill,524288,1,524539,911300
spill,524288,1,524539,869519
spill,524288,1,524539,706946
spill,524288,3,1573617,1380228
spill,524288,1,524539,691544
spill,524288,1,524539,706287
spill,524288,1,524539,968186
spill,524288,2,1049078,1051396
spill,524288,1,524539,989320
spill,524288,2,1049078,1220126
spill,524288,2,1049078,1260195
spill,524288,1,524539,851133
spill,524288,2,1049078,1008192
spill,524288,2,1049078,1260208
spill,524288,1,524539,1183794
spill,524288,1,524539,1149881
spill,524288,2,1049078,1168058
spill,524288,1,524539,725118
spill,524288,1,524539,838856
spill,524288,1,524539,930907
spill,524288,1,524539,692765
spill,524288,1,524539,812249
spill,524288,3,1573617,1561472
spill,524288,1,524539,640497
spill,524288,1,524539,749417
spill,524288,1,524539,1150518
spill,524288,1,524539,1072452
spill,524288,1,524539,942408
spill,524288,959,503032901,315775152
spill,524288,1,524539,6943243
spill,524288,2,1049078,6341014
spill,524288,2,1049078,6623132
spill,524288,1,524539,1914717
spill,524288,1,524539,2273474
spill,524288,3,1573617,2904642
spill,524288,2,1049078,1984538
spill,524288,1,524539,1700650
spill,524288,1,524539,1771464
spill,524288,1,524539,1246645
spill,524288,3,1573617,2284906
spill,524288,3,1573617,2057997
spill,524288,2,1049078,1443876
spill,524288,1,524539,1324381
spill,524288,2,1049078,1937236
spill,524288,2,1049078,2145523
spill,524288,1,524539,902002
spill,524288,1,524539,1099295
spill,524288,2,1049078,1280184
spill,524288,1,524539,1406570
spill,524288,2,1049078,1410057
spill,524288,1,524539,1033147
spill,524288,4,2098156,2002905
spill,524288,1,524539,1585667
spill,524288,1,524539,971335
spill,524288,1,524539,858791
spill,524288,1,524539,1050337
spill,524288,2,1049078,1217222
spill,524288,2,1049078,1264885
spill,524288,1,524539,945301
spill,524288,1,524539,886829
spill,524288,2,1049078,1404551
spill,524288,3,1573617,1696821
spill,524288,1,524539,1097996
spill,524288,1,524539,896129
spill,524288,2,1049078,1184785
spill,524288,1,524539,1021822
spill,524288,1,524539,729060
spill,524288,1,524539,1603762
spill,524288,2,1049078,1306377
spill,524288,2,1049078,1841428
spill,524288,1,524539,1313548
spill,524288,1,524539,940847
spill,524288,1,524539,734173
spill,524288,1,524539,854350
spill,524288,1,524539,943322
spill,524288,1,524539,662669
spill,524288,1,524539,801947
spill,524288,1,524539,664842
spill,524288,1,524539,643370
spill,524288,1,524539,1019502
spill,524288,2,1049078,1610844
spill,524288,1,524539,1326577
spill,524288,2,1049078,1532657
spill,524288,1,524539,1015405
spill,524288,1,524539,1231523
spill,524288,2,1049078,1113232
spill,524288,1,524539,1136983
spill,524288,2,1049078,1184294
spill,524288,2,1049078,2226216
spill,524288,1,524539,2327840
spill,524288,2,1049078,2441843
spill,524288,2,1049078,1416644
spill,524288,1,524539,913088
spill,524288,1,524539,1194834
spill,524288,3,1573617,1604865
spill,524288,5,2622695,2418807
spill,524288,1,524539,1079117
spill,524288,1,524539,1451654
spill,524288,1,524539,1299521
spill,524288,2,1049078,1103108
spill,524288,1,524539,765410
spill,524288,1,524539,895797
spill,524288,1,524539,869646
spill,524288,2,1049078,1532703
spill,524288,1,524539,943616
spill,524288,3,1573617,1700504
spill,524288,2,1049078,1426492
spill,524288,2,1049078,1052088
spill,524288,1,524539,673118
spill,524288,1,524539,690973
spill,524288,3,1573617,1441128
spill,524288,1,524539,882705
spill,524288,1,524539,1179182
spill,524288,2,1049078,1264186
spill,524288,1,524539,942043
spill,524288,1,524539,1252452
spill,524288,1,524539,889128
spill,524288,3,1573617,1320935
spill,524288,1,524539,980087
spill,524288,1,524539,669102
spill,524288,2,1049078,1148837
spill,524288,1,524539,1213433
spill,524288,3,1573617,1692618
spill,524288,2,1049078,1311625
spill,524288,1,524539,1014188
spill,524288,2,1049078,1439410
spill,524288,1,524539,925593
spill,524288,2,1049078,1320437
spill,524288,1,524539,701933
spill,524288,1,524539,769919
spill,524288,3,1573617,1612383
spill,524288,1,524539,801660
spill,524288,1,524539,810237
spill,524288,3,1573617,1315337
spill,524288,1,524539,909105
spill,524288,2,1049078,1109375
spill,524288,2,1049078,1567862
spill,524288,1,524539,1127218
spill,524288,1,524539,727953
spill,524288,1,524539,769352
spill,524288,1,524539,818478
spill,524288,1,524539,1031473
spill,524288,1,524539,976107
spill,524288,1,524539,921202
spill,524288,3,1573617,1895659
spill,524288,1,524539,999230
spill,524288,1,524539,1064555
spill,524288,2,1049078,1342251
spill,524288,1,524539,881735
spill,524288,1,524539,962131
spill,524288,1,524539,851444
spill,524288,1,524539,729282
spill,524288,1,524539,906915
spill,524288,2,1049078,1221835
spill,524288,1,524539,675998
spill,524288,1,524539,804383
spill,524288,1,524539,745839
spill,524288,2,1049078,1160392
spill,524288,1,524539,860173
spill,524288,1,524539,1167297
spill,524288,2,1049078,1080817
spill,524288,1,524539,838912
spill,524288,1,524539,914371
spill,524288,1,524539,676093
spill,524288,2,1049078,1034954
spill,524288,1,524539,858973
spill,524288,2,1049078,1722493
spill,524288,1,524539,1106730
spill,524288,2,1049078,1522463
spill,524288,1,524539,1088993
spill,524288,1,524539,792327
spill,524288,1,524539,792890
spill,524288,1,524539,1067185
spill,524288,1,524539,1646138
spill,524288,4,2098156,2644043
spill,524288,3,1573617,2211155
spill,524288,1,524539,1083747
spill,524288,2,1049078,1684243
spill,524288,1,524539,902713
spill,524288,2,1049078,1508683
spill,524288,5,2622695,2687244
spill,524288,2,1049078,1516744
spill,524288,1,524539,1129777
spill,524288,2,1049078,1393162
spill,524288,2,1049078,1102501
spill,524288,1,524539,985358
spill,524288,1,524539,741141
spill,524288,1,524539,811110
spill,524288,1,524539,931653
spill,524288,2,1049078,1664399
spill,524288,1,524539,1250280
spill,524288,1,524539,1710180
spill,524288,1,524539,1434030
spill,524288,1,524539,1130020
spill,524288,1,524539,882006
spill,524288,2,1049078,1258500
spill,524288,1,524539,926197
spill,524288,1,524539,871828
spill,524288,1,524539,1111797
spill,524288,1,524539,1068702
spill,524288,2,1049078,1551487
spill,524288,1,524539,1227205
spill,524288,2,1049078,1106178
spill,524288,2,1049078,1178365
spill,524288,2,1049078,1004523
spill,524288,2,1049078,1184771
spill,524288,1,524539,1071606
spill,524288,1,524539,1159502
spill,524288,1,524539,1156126
spill,524288,1,524539,957711
spill,524288,2,1049078,1129234
spill,524288,1,524539,742123
spill,524288,1,524539,1067436
spill,524288,4,2098156,2073079
spill,524288,2,1049078,1718817
spill,524288,1,524539,1665487
spill,524288,1,524539,1353872
spill,524288,2,1049078,1313456
spill,524288,2,1049078,1240845
spill,524288,1,524539,939360
spill,524288,1,524539,977845
spill,524288,2,1049078,1227438
spill,524288,1,524539,1834280
spill,524288,1,524539,1567042
spill,524288,2,1049078,1352186
spill,524288,1,524539,730143
spill,524288,1,524539,962870
spill,524288,1,524539,1009967
spill,524288,1,524539,1108924
spill,524288,2,1049078,1323678
spill,524288,1,524539,981812
spill,524288,1,524539,1030145
spill,524288,1,524539,863394
spill,524288,2,1049078,1509826
spill,524288,2,1049078,1023756
spill,524288,3,1573617,1556136
spill,524288,2,1049078,1227427
spill,524288,1,524539,711081
spill,524288,1,524539,852750
spill,524288,2,1049078,1482753
spill,524288,1,524539,1087762
spill,524288,2,1049078,1118759
spill,524288,1,524539,1056569
spill,524288,1,524539,1507731
spill,524288,1,524539,1887895
spill,524288,2,1049078,2252510
spill,524288,1,524539,1091926
spill,524288,1,524539,975471
spill,524288,1,524539,1250892
spill,524288,1,524539,750142
spill,524288,3,1573617,1859978
spill,524288,4,2098156,2584394
spill,524288,2,1049078,1633584
spill,524288,2,1049078,1574878
spill,524288,1,524539,864152
spill,524288,1,524539,968559
spill,524288,2,1049078,1251447
spill,524288,1,524539,716210
spill,524288,1,524539,713538
spill,524288,1,524539,655503
spill,524288,3,1573617,1375748
spill,524288,2,1049078,1387321
spill,524288,1,524539,895921
spill,524288,2,1049078,1256062
spill,524288,1,524539,1037321
spill,524288,1,524539,753752
spill,524288,2,1049078,1143771
spill,524288,1,524539,865103
spill,524288,2,1049078,1104124
spill,524288,1,524539,1431917
spill,524288,1,524539,1149191
spill,524288,2,1049078,1263838
spill,524288,1,524539,1041838
spill,524288,1,524539,615387
spill,524288,1,524539,879162
spill,524288,6,3147234,2296175
spill,524288,2,1049078,1419683
spill,524288,1,524539,1344155
spill,524288,1,524539,960801
spill,524288,2,1049078,1421759
spill,524288,1,524539,1268967
spill,524288,3,1573617,1596173
spill,524288,1,524539,1240716
spill,524288,1,524539,1003269
spill,524288,3,1573617,1680513
spill,524288,3,1573617,1644993
spill,524288,1,524539,917495
spill,524288,1,524539,1328742
spill,524288,1,524539,1271786
spill,524288,3,1573617,1624450
spill,524288,1,524539,905393
spill,524288,5,2622695,2672142
spill,524288,1,524539,1255860
spill,524288,2,1049078,1977285
spill,524288,1,524539,1013457
spill,524288,2,1049078,1366916
spill,524288,2,1049078,1119556
spill,524288,1,524539,1083390
spill,524288,1,524539,1081120
spill,524288,3,1573617,1661220
spill,524288,1,524539,931567
spill,524288,2,1049078,989375
spill,524288,1,524539,684802
spill,524288,2,1049078,1592462
spill,524288,1,524539,863781
spill,524288,1,524539,1235702
spill,524288,2,1049078,1213465
spill,524288,1,524539,839125
spill,524288,4,2098156,2561762
spill,524288,4,2098156,1678817
spill,524288,2,1049078,1567444
spill,524288,2,1049078,1036275
spill,524288,2,1049078,1299390
spill,524288,1,524539,1008977
spill,524288,1,524539,1038544
spill,524288,1,524539,1179202
spill,524288,1,524539,1479708
spill,524288,2,1049078,1934487
spill,524288,1,524539,630102
spill,524288,1,524539,686942
spill,524288,2,1049078,1577417
spill,524288,2,1049078,1465326
spill,524288,5,2622695,2274079
spill,524288,1,524539,1471793
spill,524288,1,524539,1100270
spill,524288,1,524539,1143758
spill,524288,1,524539,878834
spill,524288,2,1049078,1469311
spill,524288,1,524539,1250300
spill,524288,3,1573617,1606136
spill,524288,3,1573617,1593169
spill,524288,1,524539,866686
spill,524288,1,524539,867538
spill,524288,3,1573617,1942938
spill,524288,1,524539,940375
spill,524288,1,524539,884250
spill,524288,1,524539,1403504
spill,524288,1,524539,1156886
spill,524288,1,524539,1456186
spill,524288,1,524539,931041
spill,524288,1,524539,1109962
spill,524288,1,524539,985054
spill,524288,1,524539,796977
spill,524288,1,524539,733595
spill,524288,1,524539,725123
spill,524288,2,1049078,1118221
spill,524288,5,2622695,2280918
spill,524288,1,524539,1053578
spill,524288,1,524539,1653636
spill,524288,2,1049078,1870099
spill,524288,1,524539,1119179
spill,524288,2,1049078,1337720
spill,524288,2,1049078,1489770
spill,524288,2,1049078,1067123
spill,524288,3,1573617,1656333
spill,524288,4,2098156,2705599
spill,524288,1,524539,967598
spill,524288,1,524539,1006174
spill,524288,1,524539,1225452
spill,524288,2,1049078,1753540
spill,524288,2,1049078,1650595
spill,524288,1,524539,1453541
spill,524288,1,524539,1593320
spill,524288,1,524539,1295295
spill,524288,1,524539,1150535
spill,524288,1,524539,1018598
spill,524288,2,1049078,1530874
spill,524288,1,524539,1253260
spill,524288,2,1049078,1799190
spill,524288,1,524539,1277182
spill,524288,1,524539,1079215
spill,524288,1,524539,1342770
spill,524288,2,1049078,1645777
spill,524288,1,524539,1052889
spill,524288,1,524539,739574
spill,524288,1,524539,793605
spill,524288,1,524539,782368
spill,524288,2,1049078,1091931
spill,524288,1,524539,823095
spill,524288,1,524539,1249546
spill,524288,1,524539,1095442
spill,524288,1,524539,988233
spill,524288,1,524539,1351659
spill,524288,1,524539,1063870
spill,524288,1,524539,782336
spill,524288,1,524539,1145655
spill,524288,2,1049078,2083773
spill,524288,3,1573617,2339177
spill,524288,2,1049078,2544432
spill,524288,2,1049078,1223613
spill,524288,1,524539,995576
spill,524288,2,1049078,1044104
spill,524288,1,524539,697950
spill,524288,2,1049078,1374465
spill,524288,1,524539,1277824
spill,524288,4,2098156,2355935
spill,524288,2,1049078,1633089
spill,524288,1,524539,1700753
spill,524288,1,524539,1172697
spill,524288,2,1049078,1162952
spill,524288,1,524539,784907
spill,524288,1,524539,1012821
spill,524288,1,524539,1203015
spill,524288,1,524539,1088939
spill,524288,1,524539,1078817
spill,524288,2,1049078,1334239
spill,524288,1,524539,935459
spill,524288,1,524539,746970
spill,524288,4,2098156,2053704
spill,524288,1,524539,828515
spill,524288,3,1573617,1652952
spill,524288,1,524539,834068
spill,524288,1,524539,1125307
spill,524288,3,1573617,1725787
spill,524288,2,1049078,1218355
spill,524288,1,524539,1262020
spill,524288,1,524539,1512522
spill,524288,1,524539,902182
spill,524288,2,1049078,1065978
spill,524288,1,524539,1180735
spill,524288,2,1049078,2174670
spill,524288,2,1049078,1405079
spill,524288,2,1049078,1018253
spill,524288,1,524539,836675
spill,524288,1,524539,723809
spill,524288,1,524539,1003966
spill,524288,5,2622695,2006549
spill,524288,1,524539,975917
spill,524288,1,524539,872549
spill,524288,1,524539,742145
spill,524288,2,1049078,1216422
spill,524288,1,524539,780960
spill,524288,1,524539,647238
spill,524288,1,524539,749182
spill,524288,1,524539,856009
spill,524288,2,1049078,1174336
spill,524288,1,524539,1646378
spill,524288,1,524539,1390850
spill,524288,2,1049078,1572900
spill,524288,2,1049078,1274172
spill,524288,2,1049078,1290090
spill,524288,1,524539,904495
spill,524288,3,1573617,1622754
spill,524288,1,524539,814159
spill,524288,2,1049078,1166683
spill,524288,3,1573617,1807998
spill,524288,1,524539,834851
spill,524288,2,1049078,1092417
spill,524288,1,524539,675456
spill,524288,1,524539,650470
spill,524288,1,524539,779179
spill,524288,2,1049078,1223051
spill,524288,1,524539,1084422
spill,524288,2,1049078,1089623
spill,524288,1,524539,1191153
spill,524288,1,524539,958797
spill,524288,1,524539,913000
spill,524288,4,2098156,1686075
spill,524288,1,524539,774099
spill,524288,1,524539,896122
spill,524288,4,2098156,1768380
spill,524288,1,524539,1130866
spill,524288,1,524539,671933
spill,524288,1,524539,1061091
spill,524288,1,524539,779473
spill,524288,2,1049078,1068174
spill,524288,1,524539,595534
spill,524288,2,1049078,1369895
spill,524288,1,524539,833316
spill,524288,1,524539,872825
spill,524288,1,524539,1559536
spill,524288,1,524539,1043936
spill,524288,1,524539,757343
spill,524288,4,2098156,1966479
spill,524288,1,524539,949041
spill,524288,2,1049078,1405853
spill,524288,1,524539,952244
spill,524288,1,524539,722175
spill,524288,1,524539,843317
spill,524288,3,1573617,1803184
spill,524288,2,1049078,1090498
spill,524288,1,524539,891403
spill,524288,1,524539,786755
spill,524288,1,524539,2040608
spill,524288,1,524539,1193979
spill,524288,2,1049078,1520699
spill,524288,1,524539,1027694
spill,524288,1,524539,965147
spill,524288,1,524539,1658961
spill,524288,2,1049078,2481486
spill,524288,1,524539,1096899
spill,524288,1,524539,1431620
spill,524288,1,524539,1964394
spill,524288,1,524539,1174070
spill,524288,1,524539,1285056
spill,524288,1,524539,1673353
spill,524288,1,524539,1155470
spill,524288,1,524539,1082984
spill,524288,1,524539,1628522
spill,524288,1,524539,1229033
spill,524288,1,524539,2002528
spill,524288,1,524539,1188581
spill,524288,1,524539,1097340
spill,524288,1,524539,1001760
spill,524288,2,1049078,1400798
spill,524288,2,1049078,1519849
spill,524288,1,524539,1171473
spill,524288,1,524539,1232255
spill,524288,1,524539,829967
spill,524288,1,524539,966088
spill,524288,1,524539,872127
spill,524288,4,2098156,2286748
spill,524288,2,1049078,1469430
spill,524288,1,524539,991499
spill,524288,2,1049078,1199060
spill,524288,1,524539,1176051
spill,524288,1,524539,962105
spill,524288,1,524539,887949
spill,524288,1,524539,1087180
spill,524288,2,1049078,1231596
spill,524288,1,524539,954550
spill,524288,1,524539,890301
spill,524288,1,524539,1006563
spill,524288,2,1049078,1075651
spill,524288,1,524539,1342182
spill,524288,1,524539,819747
spill,524288,3,1573617,1427349
spill,524288,1,524539,875504
spill,524288,1,524539,713092
spill,524288,1,524539,815496
spill,524288,1,524539,712014
spill,524288,2,1049078,1459855
spill,524288,1,524539,658143
spill,524288,1,524539,852117
spill,524288,1,524539,738772
spill,524288,3,1573617,1255387
spill,524288,2,1049078,1180541
spill,524288,3,1573617,1349824
spill,524288,1,524539,827016
spill,524288,1,524539,694339
spill,524288,1,524539,907312
spill,524288,1,524539,1047595
spill,524288,1,524539,846736
spill,524288,1,524539,668944
spill,524288,1,524539,1862460
spill,524288,2,1049078,2422733
spill,524288,2,1049078,1432808
spill,524288,1,524539,839142
spill,524288,1,524539,1060961
spill,524288,3,1573617,1554989
spill,524288,2,1049078,1138309
spill,524288,1,524539,824552
spill,524288,2,1049078,1145085
spill,524288,1,524539,1022607
spill,524288,1,524539,976922
spill,524288,1,524539,976872
spill,524288,1,524539,703021
spill,524288,1,524539,714181
spill,524288,3,1573617,1704769
spill,524288,2,1049078,1253449
spill,524288,1,524539,730448
spill,524288,2,1049078,1634204
spill,524288,2,1049078,1260460
spill,524288,1,524539,1106114
spill,524288,1,524539,1079090
spill,524288,1,524539,828842
spill,524288,3,1573617,1417001
spill,524288,2,1049078,1017037
spill,524288,1,524539,742506
spill,524288,1,524539,728868
spill,524288,1,524539,771961
spill,524288,2,1049078,1098988
spill,524288,1,524539,736747
spill,524288,1,524539,676519
spill,524288,1,524539,695611
spill,524288,1,524539,708220
spill,524288,1,524539,649873
spill,524288,1,524539,669772
spill,524288,1,524539,668527
spill,524288,1,524539,712549
spill,524288,1,524539,772487
spill,524288,1,524539,609951
spill,524288,1,524539,951643
spill,524288,2,1049078,1051899
spill,524288,1,524539,722357
spill,524288,1,524539,722996
spill,524288,2,1049078,1147119
spill,524288,1,524539,650956
spill,524288,1,524539,580579
spill,524288,1,524539,623212
spill,524288,2,1049078,1080844
spill,524288,1,524539,713128
spill,524288,1,524539,670215
spill,524288,1,524539,872295
spill,524288,2,1049078,962415
spill,524288,1,524539,961960
spill,524288,1,524539,798796
spill,524288,1,524539,723913
spill,524288,1,524539,879894
spill,524288,2,1049078,1262557
spill,524288,1,524539,920118
spill,524288,1,524539,718797
spill,524288,1,524539,682988
spill,524288,1,524539,741720
spill,524288,2,1049078,1076647
spill,524288,1,524539,781403
spill,524288,1,524539,724950
spill,524288,1,524539,876040
spill,524288,2,1049078,1000314
spill,524288,1,524539,709454
spill,524288,1,524539,742968
spill,524288,1,524539,715856
spill,524288,1,524539,720717
spill,524288,1,524539,861421
spill,524288,2,1049078,1144722
spill,524288,1,524539,845059
spill,524288,1,524539,702401
spill,524288,1,524539,868031
spill,524288,1,524539,752794
spill,524288,1,524539,868753
spill,524288,1,524539,937608
spill,524288,1,524539,797630
spill,524288,2,1049078,1041851
spill,524288,1,524539,788385
spill,524288,1,524539,898189
spill,524288,1,524539,793494
spill,524288,1,524539,829517
spill,524288,1,524539,675659
spill,524288,2,1049078,1013905
spill,524288,1,524539,866995
spill,524288,1,524539,771098
spill,524288,2,1049078,967948
spill,524288,2,1049078,997744
spill,524288,1,524539,791952
spill,524288,1,524539,636490
spill,524288,1,524539,811164
spill,524288,1,524539,808708
spill,524288,2,1049078,964650
spill,524288,1,524539,574202
spill,524288,1,524539,634402
spill,524288,2,1049078,996492
spill,524288,1,524539,747388
spill,524288,1,524539,704383
spill,524288,2,1049078,925465
spill,524288,1,524539,733214
spill,524288,2,1049078,1007369
spill,524288,1,524539,634039
spill,524288,1,524539,666909
spill,524288,1,524539,819524
spill,524288,2,1049078,1220849
spill,524288,1,524539,667884
spill,524288,2,1049078,996605
spill,524288,2,1049078,1055121
spill,524288,960,503557440,312338991
spill,524288,2,1049078,7077149
spill,524288,1,524539,6616825
spill,524288,1,524539,6698161
spill,1048576,1,1048827,2459902
spill,1048576,2,2097654,3252061
spill,1048576,2,2097654,3318975
spill,1048576,1,1048827,1660853
spill,1048576,1,1048827,1567485
spill,1048576,3,3146481,3368634
spill,1048576,1,1048827,1650762
spill,1048576,1,1048827,1048161
spill,1048576,2,2097654,2526600
spill,1048576,1,1048827,1149151
spill,1048576,1,1048827,1225392
spill,1048576,1,1048827,1475648
spill,1048576,2,2097654,2100853
spill,1048576,2,2097654,2154237
spill,1048576,1,1048827,1092324
spill,1048576,1,1048827,1353938
spill,1048576,1,1048827,1223858
spill,1048576,1,1048827,1122966
spill,1048576,2,2097654,2374463
spill,1048576,2,2097654,1728728
spill,1048576,1,1048827,1303682
spill,1048576,2,2097654,2070493
spill,1048576,1,1048827,1389461
spill,1048576,1,1048827,1141783
spill,1048576,1,1048827,999975
spill,1048576,2,2097654,1889374
spill,1048576,1,1048827,1001462
spill,1048576,2,2097654,1775135
spill,1048576,1,1048827,1160533
spill,1048576,2,2097654,1733098
spill,1048576,1,1048827,1394875
spill,1048576,2,2097654,1853474
spill,1048576,1,1048827,946882
spill,1048576,1,1048827,973385
spill,1048576,2,2097654,2023385
spill,1048576,2,2097654,2040431
spill,1048576,1,1048827,921424
spill,1048576,1,1048827,1245929
spill,1048576,1,1048827,1124213
spill,1048576,1,1048827,1120857
spill,1048576,2,2097654,2607893
spill,1048576,2,2097654,1826284
spill,1048576,1,1048827,1183826
spill,1048576,1,1048827,1153247
spill,1048576,2,2097654,1767178
spill,1048576,1,1048827,1377208
spill,1048576,1,1048827,1189887
spill,1048576,1,1048827,1321716
spill,1048576,1,1048827,1078810
spill,1048576,1,1048827,1257778
spill,1048576,1,1048827,1123003
spill,1048576,1,1048827,1060385
spill,1048576,1,1048827,1018500
spill,1048576,1,1048827,1030523
spill,1048576,2,2097654,2067849
spill,1048576,1,1048827,1067647
spill,1048576,1,1048827,1502682
spill,1048576,2,2097654,1963201
spill,1048576,2,2097654,1826140
spill,1048576,1,1048827,1064077
spill,1048576,1,1048827,1009001
spill,1048576,2,2097654,1978982
spill,1048576,1,1048827,999190
spill,1048576,1,1048827,1407058
spill,1048576,1,1048827,1159978
spill,1048576,2,2097654,2066423
spill,1048576,1,1048827,1159440
spill,1048576,1,1048827,1082716
spill,1048576,1,1048827,1077301
spill,1048576,1,1048827,1284998
spill,1048576,1,1048827,1168487
spill,1048576,1,1048827,1252195
spill,1048576,1,1048827,1161125
spill,1048576,2,2097654,1921367
spill,1048576,1,1048827,1310070
spill,1048576,1,1048827,1126259
spill,1048576,1,1048827,1203123
spill,1048576,1,1048827,1061408
spill,1048576,2,2097654,1893952
spill,1048576,2,2097654,1909859
spill,1048576,1,1048827,1224759
spill,1048576,2,2097654,1796543
spill,1048576,1,1048827,1445763
spill,1048576,1,1048827,1103149
spill,1048576,1,1048827,1364733
spill,1048576,1,1048827,1360831
spill,1048576,1,1048827,1028476
spill,1048576,1,1048827,1037806
spill,1048576,2,2097654,1946149
spill,1048576,1,1048827,1355101
spill,1048576,2,2097654,1796945
spill,1048576,1,1048827,1163936
spill,1048576,1,1048827,1036709
spill,1048576,1,1048827,1162997
spill,1048576,1,1048827,1090155
spill,1048576,2,2097654,1771333
spill,1048576,1,1048827,1112020
spill,1048576,1,1048827,1293700
spill,1048576,3,3146481,2857857
spill,1048576,1,1048827,1772683
spill,1048576,1,1048827,1289554
spill,1048576,1,1048827,1495690
spill,1048576,1,1048827,1342525
spill,1048576,1,1048827,1020420
spill,1048576,1,1048827,1082553
spill,1048576,1,1048827,1125071
spill,1048576,1,1048827,1071375
spill,1048576,1,1048827,1338993
spill,1048576,1,1048827,1107539
spill,1048576,1,1048827,1491635
spill,1048576,1,1048827,1082208
spill,1048576,1,1048827,1385722
spill,1048576,1,1048827,1094981
spill,1048576,2,2097654,1789508
spill,1048576,1,1048827,1255615
spill,1048576,1,1048827,980885
spill,1048576,1,1048827,1587450
spill,1048576,2,2097654,1937509
spill,1048576,1,1048827,1677928
spill,1048576,1,1048827,1109389
spill,1048576,1,1048827,1160208
spill,1048576,1,1048827,967807
spill,1048576,1,1048827,1169177
spill,1048576,2,2097654,2123755
spill,1048576,2,2097654,2565237
spill,1048576,1,1048827,1248599
spill,1048576,1,1048827,1608012
spill,1048576,1,1048827,1391239
spill,1048576,2,2097654,1966512
spill,1048576,1,1048827,1131282
spill,1048576,1,1048827,1103730
spill,1048576,2,2097654,2250342
spill,1048576,2,2097654,2222798
spill,1048576,1,1048827,1063447
spill,1048576,1,1048827,1592209
spill,1048576,1,1048827,1265243
spill,1048576,1,1048827,1054343
spill,1048576,1,1048827,1032877
spill,1048576,1,1048827,999886
spill,1048576,1,1048827,1109941
spill,1048576,1,1048827,1324253
spill,1048576,1,1048827,1081736
spill,1048576,2,2097654,1783605
spill,1048576,1,1048827,1042353
spill,1048576,1,1048827,1260775
spill,1048576,1,1048827,953098
spill,1048576,1,1048827,1215296
spill,1048576,2,2097654,1740093
spill,1048576,1,1048827,998528
spill,1048576,1,1048827,1141211
spill,1048576,1,1048827,1104101
spill,1048576,1,1048827,1229275
spill,1048576,1,1048827,1100589
spill,1048576,1,1048827,1065014
spill,1048576,1,1048827,1015954
spill,1048576,1,1048827,1022622
spill,1048576,1,1048827,1186280
spill,1048576,1,1048827,1054846
spill,1048576,1,1048827,1025340
spill,1048576,1,1048827,971309
spill,1048576,1,1048827,992575
spill,1048576,1,1048827,1499452
spill,1048576,1,1048827,1078084
spill,1048576,1,1048827,1290574
spill,1048576,1,1048827,982950
spill,1048576,1,1048827,1085434
spill,1048576,1,1048827,1052119
spill,1048576,2,2097654,1703961
spill,1048576,1,1048827,1112898
spill,1048576,1,1048827,1101266
spill,1048576,1,1048827,1247652
spill,1048576,2,2097654,1782878
spill,1048576,1,1048827,965289
spill,1048576,1,1048827,1113541
spill,1048576,1,1048827,1091862
spill,1048576,1,1048827,1032890
spill,1048576,1,1048827,1013437
spill,1048576,2,2097654,1771740
spill,1048576,2,2097654,1821980
spill,1048576,1,1048827,1606583
spill,1048576,2,2097654,2010870
spill,1048576,2,2097654,2006488
spill,1048576,1,1048827,1029942
spill,1048576,1,1048827,1054273
spill,1048576,2,2097654,1736254
spill,1048576,1,1048827,998055
spill,1048576,1,1048827,1025172
spill,1048576,1,1048827,1091928
spill,1048576,2,2097654,2071592
spill,1048576,1,1048827,1041249
spill,1048576,1,1048827,1034544
spill,1048576,1,1048827,1379123
spill,1048576,1,1048827,1258060
spill,1048576,2,2097654,1823459
spill,1048576,1,1048827,1168303
spill,1048576,1,1048827,1189661
spill,1048576,1,1048827,1213790
spill,1048576,2,2097654,1788954
spill,1048576,1,1048827,1334174
spill,1048576,2,2097654,1988242
spill,1048576,1,1048827,1116811
spill,1048576,2,2097654,1754635
spill,1048576,1,1048827,1063606
spill,1048576,2,2097654,1755303
spill,1048576,2,2097654,1803759
spill,1048576,1,1048827,1306271
spill,1048576,1,1048827,1302842
spill,1048576,1,1048827,986332
spill,1048576,1,1048827,1120745
spill,1048576,1,1048827,1110485
spill,1048576,2,2097654,1904023
spill,1048576,1,1048827,1025868
spill,1048576,1,1048827,1141083
spill,1048576,1,1048827,1117307
spill,1048576,2,2097654,1851690
spill,1048576,1,1048827,1382594
spill,1048576,1,1048827,1018351
spill,1048576,1,1048827,1207158
spill,1048576,1,1048827,1149472
spill,1048576,2,2097654,1858282
spill,1048576,1,1048827,918031
spill,1048576,1,1048827,1082659
spill,1048576,1,1048827,1041741
spill,1048576,1,1048827,1032226
spill,1048576,1,1048827,1093136
spill,1048576,1,1048827,1138104
spill,1048576,1,1048827,1019888
spill,1048576,1,1048827,1081415
spill,1048576,1,1048827,1118023
spill,1048576,1,1048827,1042210
spill,1048576,1,1048827,1020304
spill,1048576,1,1048827,996868
spill,1048576,1,1048827,965619
spill,1048576,1,1048827,1051610
spill,1048576,1,1048827,1014394
spill,1048576,1,1048827,1061598
spill,1048576,1,1048827,1062465
spill,1048576,1,1048827,1323457
spill,1048576,2,2097654,1753553
spill,1048576,1,1048827,1015668
spill,1048576,1,1048827,1184188
spill,1048576,1,1048827,1004924
spill,1048576,1,1048827,1033029
spill,1048576,1,1048827,1024114
spill,1048576,1,1048827,1089019
spill,1048576,1,1048827,1072750
spill,1048576,2,2097654,1964289
spill,1048576,1,1048827,1038662
spill,1048576,1,1048827,1069828
spill,1048576,2,2097654,1778226
spill,1048576,1,1048827,981036
spill,1048576,1,1048827,1018585
spill,1048576,1,1048827,984250
spill,1048576,1,1048827,1040182
spill,1048576,1,1048827,1174005
spill,1048576,1,1048827,1159400
spill,1048576,1,1048827,1231805
spill,1048576,1,1048827,1265749
spill,1048576,1,1048827,1069673
spill,1048576,1,1048827,1159456
spill,1048576,1,1048827,1055793
spill,1048576,1,1048827,1017197
spill,1048576,1,1048827,1157636
spill,1048576,2,2097654,1710251
spill,1048576,1,1048827,1075131
spill,1048576,1,1048827,1038677
spill,1048576,1,1048827,1094795
spill,1048576,1,1048827,1280011
spill,1048576,1,1048827,1048794
spill,1048576,1,1048827,1064119
spill,1048576,1,1048827,996010
spill,1048576,1,1048827,1033486
spill,1048576,1,1048827,1063238
spill,1048576,1,1048827,1079298
spill,1048576,1,1048827,1058531
spill,1048576,1,1048827,1011576
spill,1048576,1,1048827,1039333
spill,1048576,1,1048827,1065275
spill,1048576,1,1048827,1149860
spill,1048576,1,1048827,1054066
spill,1048576,1,1048827,1074343
spill,1048576,1,1048827,988898
spill,1048576,1,1048827,1026830
spill,1048576,1,1048827,1093250
spill,1048576,2,2097654,1796451
spill,1048576,1,1048827,1105245
spill,1048576,1,1048827,993771
spill,1048576,1,1048827,1047148
spill,1048576,1,1048827,1065416
spill,1048576,1,1048827,1113306
spill,1048576,1,1048827,1082445
spill,1048576,1,1048827,1112138
spill,1048576,2,2097654,1835256
spill,1048576,1,1048827,1071520
spill,1048576,1,1048827,1027857
spill,1048576,1,1048827,1172487
spill,1048576,1,1048827,1176866
spill,1048576,1,1048827,1134141
spill,1048576,1,1048827,1231998
spill,1048576,1,1048827,1184678
spill,1048576,2,2097654,1729761
spill,1048576,1,1048827,1045279
spill,1048576,1,1048827,1011142
spill,1048576,2,2097654,1822418
spill,1048576,1,1048827,943486
spill,1048576,1,1048827,941588
spill,1048576,1,1048827,1173605
spill,1048576,1,1048827,1057775
spill,1048576,1,1048827,1092907
spill,1048576,1,1048827,1132924
spill,1048576,2,2097654,1746529
spill,1048576,1,1048827,1297809
spill,1048576,1,1048827,1242616
spill,1048576,1,1048827,1177824
spill,1048576,1,1048827,1006815
spill,1048576,1,1048827,1023476
spill,1048576,1,1048827,1184725
spill,1048576,1,1048827,1154317
spill,1048576,1,1048827,1361970
spill,1048576,1,1048827,1110979
spill,1048576,1,1048827,1033600
spill,1048576,1,1048827,1083756
spill,1048576,2,2097654,1753435
spill,1048576,1,1048827,1051536
spill,1048576,1,1048827,1248077
spill,1048576,1,1048827,1020899
spill,1048576,1,1048827,1150199
spill,1048576,1,1048827,1154470
spill,1048576,1,1048827,1216552
spill,1048576,1,1048827,1180076
spill,1048576,1,1048827,1402125
spill,1048576,1,1048827,1314529
spill,1048576,1,1048827,1424897
spill,1048576,1,1048827,1416142
spill,1048576,1,1048827,976003
spill,1048576,1,1048827,1003785
spill,1048576,1,1048827,1219271
spill,1048576,1,1048827,1352188
spill,1048576,1,1048827,1029810
spill,1048576,1,1048827,1022099
spill,1048576,1,1048827,1107784
spill,1048576,1,1048827,1048742
spill,1048576,1,1048827,967632
spill,1048576,1,1048827,1022996
spill,1048576,1,1048827,980720
spill,1048576,1,1048827,1004739
spill,1048576,1,1048827,1051868
spill,1048576,1,1048827,1112574
spill,1048576,1,1048827,1359343
spill,1048576,1,1048827,1161322
spill,1048576,1,1048827,1505283
spill,1048576,1,1048827,1045278
spill,1048576,2,2097654,1756147
spill,1048576,1,1048827,1127465
spill,1048576,1,1048827,989738
spill,1048576,1,1048827,1065794
spill,1048576,1,1048827,1238690
spill,1048576,1,1048827,1159649
spill,1048576,1,1048827,1094203
spill,1048576,1,1048827,1188320
spill,1048576,1,1048827,1206320
spill,1048576,1,1048827,1069119
spill,1048576,2,2097654,1886826
spill,1048576,1,1048827,1034399
spill,1048576,2,2097654,1724010
spill,1048576,1,1048827,1052673
spill,1048576,1,1048827,1319122
spill,1048576,1,1048827,1139873
spill,1048576,2,2097654,1890736
spill,1048576,1,1048827,1461633
spill,1048576,1,1048827,1085733
spill,1048576,1,1048827,1044469
spill,1048576,1,1048827,1063991
spill,1048576,1,1048827,1057004
spill,1048576,1,1048827,1096196
spill,1048576,1,1048827,1127173
spill,1048576,2,2097654,1948328
spill,1048576,1,1048827,1306840
spill,1048576,1,1048827,1024291
spill,1048576,1,1048827,1567122
spill,1048576,1,1048827,1102570
spill,1048576,1,1048827,1105539
spill,1048576,2,2097654,1713247
spill,1048576,1,1048827,981385
spill,1048576,1,1048827,1674762
spill,1048576,2,2097654,2544748
spill,1048576,1,1048827,2209546
spill,1048576,1,1048827,1105158
spill,1048576,1,1048827,1084647
spill,1048576,1,1048827,1315378
spill,1048576,1,1048827,1081497
spill,1048576,1,1048827,1553556
spill,1048576,2,2097654,2245258
spill,1048576,1,1048827,1152941
spill,1048576,1,1048827,1344924
spill,1048576,1,1048827,1574937
spill,1048576,1,1048827,1866607
spill,1048576,1,1048827,1185732
spill,1048576,1,1048827,1339692
spill,1048576,2,2097654,1698103
spill,1048576,1,1048827,1590515
spill,1048576,1,1048827,1370687
spill,1048576,1,1048827,1284727
spill,1048576,1,1048827,1012104
spill,1048576,1,1048827,1735381
spill,1048576,1,1048827,999039
spill,1048576,3,3146481,2380970
spill,1048576,1,1048827,1251191
spill,1048576,1,1048827,1257087
spill,1048576,2,2097654,2498877
spill,1048576,1,1048827,1377451
spill,1048576,2,2097654,2079842
spill,1048576,1,1048827,1182401
spill,1048576,1,1048827,1155086
spill,1048576,3,3146481,2559597
spill,1048576,3,3146481,2917384
spill,1048576,2,2097654,2186051
spill,1048576,1,1048827,1164794
spill,1048576,1,1048827,1284040
spill,1048576,1,1048827,1030306
spill,1048576,1,1048827,1127984
spill,1048576,1,1048827,1006107
spill,1048576,1,1048827,1124102
spill,1048576,1,1048827,1022787
spill,1048576,1,1048827,1286966
spill,1048576,1,1048827,1086530
spill,1048576,1,1048827,1109280
spill,1048576,2,2097654,1940693
spill,1048576,2,2097654,1684190
spill,1048576,3,3146481,2746720
spill,1048576,2,2097654,1690837
spill,1048576,1,1048827,1077567
spill,1048576,1,1048827,1073453
spill,1048576,1,1048827,1274798
spill,1048576,2,2097654,1648338
spill,1048576,1,1048827,1082036
spill,1048576,3,3146481,2416484
spill,1048576,1,1048827,1040137
spill,1048576,1,1048827,1124453
spill,1048576,1,1048827,1090884
spill,1048576,1,1048827,1067616
spill,1048576,1,1048827,1503172
spill,1048576,1,1048827,1314672
spill,1048576,2,2097654,1701380
spill,1048576,1,1048827,1329865
spill,1048576,1,1048827,942044
spill,1048576,1,1048827,1066455
spill,1048576,1,1048827,1091529
spill,1048576,1,1048827,1143283
spill,1048576,1,1048827,1407912
spill,1048576,2,2097654,2055668
spill,1048576,2,2097654,1850088
spill,1048576,1,1048827,1065846
spill,1048576,2,2097654,1680768
spill,1048576,1,1048827,1277888
spill,1048576,2,2097654,1884796
spill,1048576,1,1048827,1033296
spill,1048576,2,2097654,1980500
spill,1048576,2,2097654,2078208
spill,1048576,2,2097654,2014278
spill,1048576,1,1048827,1368755
spill,1048576,1,1048827,1201290
spill,1048576,1,1048827,1132868
spill,1048576,1,1048827,1078759
spill,1048576,1,1048827,1239651
spill,1048576,1,1048827,1854523
spill,1048576,2,2097654,2032383
spill,1048576,1,1048827,1014150
spill,1048576,1,1048827,1464100
spill,1048576,2,2097654,1789804
spill,1048576,2,2097654,1780514
spill,1048576,1,1048827,1189504
spill,1048576,1,1048827,1076601
spill,1048576,1,1048827,1066948
spill,1048576,1,1048827,1067852
spill,1048576,1,1048827,1048587
spill,1048576,1,1048827,956672
spill,1048576,1,1048827,986322
spill,1048576,1,1048827,998545
spill,1048576,1,1048827,1011760
spill,1048576,2,2097654,1624348
spill,1048576,1,1048827,1013224
spill,1048576,1,1048827,1039247
spill,1048576,1,1048827,1150441
spill,1048576,1,1048827,1118734
spill,1048576,1,1048827,1208035
spill,1048576,1,1048827,1033484
spill,1048576,1,1048827,1266272
spill,1048576,1,1048827,1130869
spill,1048576,2,2097654,1599720
spill,1048576,1,1048827,1190595
spill,1048576,2,2097654,2044841
spill,1048576,1,1048827,1249916
spill,1048576,1,1048827,1057460
spill,1048576,1,1048827,1049847
spill,1048576,1,1048827,1206563
spill,1048576,1,1048827,1178697
spill,1048576,2,2097654,1665557
spill,1048576,1,1048827,1058247
spill,1048576,1,1048827,1215445
spill,1048576,1,1048827,1612952
spill,1048576,2,2097654,2200274
spill,1048576,2,2097654,2167892
spill,1048576,1,1048827,1375523
spill,1048576,1,1048827,1362219
spill,1048576,2,2097654,1812731
spill,1048576,1,1048827,1493872
spill,1048576,2,2097654,2036086
spill,1048576,2,2097654,2412970
spill,1048576,2,2097654,2033715
spill,1048576,2,2097654,1693958
spill,1048576,1,1048827,1859551
spill,1048576,1,1048827,1416705
spill,1048576,2,2097654,1714997
spill,1048576,2,2097654,2289195
spill,1048576,2,2097654,2179885
spill,1048576,2,2097654,2173616
spill,1048576,1,1048827,1714050
spill,1048576,2,2097654,2199493
spill,1048576,2,2097654,2191293
spill,1048576,1,1048827,1655996
spill,1048576,3,3146481,3107127
spill,1048576,1,1048827,1481800
spill,1048576,2,2097654,1988172
spill,1048576,1,1048827,1333682
spill,1048576,1,1048827,1120691
spill,1048576,1,1048827,1799195
spill,1048576,1,1048827,1504498
spill,1048576,1,1048827,1346846
spill,1048576,1,1048827,1010052
spill,1048576,4,4195308,3401544
spill,1048576,1,1048827,1135307
spill,1048576,1,1048827,1076479
spill,1048576,1,1048827,1623255
spill,1048576,1,1048827,1569178
spill,1048576,1,1048827,1314310
spill,1048576,1,1048827,1378463
spill,1048576,1,1048827,1217027
spill,1048576,3,3146481,2510125
spill,1048576,2,2097654,2055873
spill,1048576,3,3146481,2498594
spill,1048576,1,1048827,1706322
spill,1048576,1,1048827,1322616
spill,1048576,1,1048827,961901
spill,1048576,1,1048827,1085954
spill,1048576,1,1048827,1570369
spill,1048576,1,1048827,1202506
spill,1048576,1,1048827,1350877
spill,1048576,1,1048827,1698519
spill,1048576,2,2097654,2607585
spill,1048576,1,1048827,1516346
spill,1048576,1,1048827,1666309
spill,1048576,2,2097654,2229279
spill,1048576,1,1048827,1526869
spill,1048576,2,2097654,1836078
spill,1048576,1,1048827,1530308
spill,1048576,2,2097654,2261343
spill,1048576,1,1048827,1485268
spill,1048576,1,1048827,1249651
spill,1048576,3,3146481,3538025
spill,1048576,1,1048827,1349921
spill,1048576,1,1048827,1574401
spill,1048576,1,1048827,1127013
spill,1048576,1,1048827,1220893
spill,1048576,2,2097654,2132099
spill,1048576,2,2097654,1925304
spill,1048576,2,2097654,2274012
spill,1048576,1,1048827,1600338
spill,1048576,2,2097654,1694780
spill,1048576,1,1048827,1126370
spill,1048576,1,1048827,970543
spill,1048576,1,1048827,1017152
spill,1048576,1,1048827,1196726
spill,1048576,3,3146481,2375445
spill,1048576,1,1048827,1529548
spill,1048576,2,2097654,1774810
spill,1048576,2,2097654,2273208
spill,1048576,1,1048827,1377674
spill,1048576,3,3146481,3279816
spill,1048576,1,1048827,1585810
spill,1048576,1,1048827,964720
spill,1048576,1,1048827,1651653
spill,1048576,1,1048827,1363872
spill,1048576,1,1048827,2112664
spill,1048576,1,1048827,1245127
spill,1048576,1,1048827,1118792
spill,1048576,1,1048827,1093931
spill,1048576,1,1048827,1089675
spill,1048576,2,2097654,2060642
spill,1048576,1,1048827,1335072
spill,1048576,1,1048827,1186097
spill,1048576,1,1048827,1073366
spill,1048576,4,4195308,3202532
spill,1048576,2,2097654,2116987
spill,1048576,1,1048827,1319696
spill,1048576,1,1048827,1235310
spill,1048576,2,2097654,1847707
spill,1048576,1,1048827,978206
spill,1048576,1,1048827,1249254
spill,1048576,1,1048827,1036968
spill,1048576,1,1048827,1443104
spill,1048576,1,1048827,1175651
spill,1048576,1,1048827,1154735
spill,1048576,2,2097654,1925663
spill,1048576,1,1048827,1035571
spill,1048576,1,1048827,939553
spill,1048576,1,1048827,1108165
spill,1048576,1,1048827,1099716
spill,1048576,1,1048827,967279
spill,1048576,1,1048827,1021982
spill,1048576,2,2097654,1864334
spill,1048576,2,2097654,1574847
spill,1048576,1,1048827,1107813
spill,1048576,1,1048827,1465879
spill,1048576,2,2097654,2122962
spill,1048576,1,1048827,1701613
spill,1048576,1,1048827,1410749
spill,1048576,1,1048827,1044513
spill,1048576,1,1048827,1798403
spill,1048576,2,2097654,1852026
spill,1048576,2,2097654,1619623
spill,1048576,1,1048827,1555185
spill,1048576,1,1048827,1352072
spill,1048576,1,1048827,979087
spill,1048576,1,1048827,1202038
spill,1048576,2,2097654,2079605
spill,1048576,1,1048827,1123546
spill,1048576,1,1048827,1288560
spill,1048576,2,2097654,1934294
spill,1048576,1,1048827,1065130
spill,1048576,1,1048827,1257499
spill,1048576,2,2097654,2059743
spill,1048576,2,2097654,1531120
spill,1048576,1,1048827,1033091
spill,1048576,1,1048827,1068044
spill,1048576,2,2097654,2037843
spill,1048576,1,1048827,1096238
spill,1048576,1,1048827,911551
spill,1048576,1,1048827,1126796
spill,1048576,1,1048827,1004402
spill,1048576,1,1048827,898908
spill,1048576,1,1048827,916722
spill,1048576,1,1048827,1313673
spill,1048576,1,1048827,1155265
spill,1048576,1,1048827,1434768
spill,1048576,1,1048827,1146889
spill,1048576,2,2097654,1795645
spill,1048576,1,1048827,1230356
spill,1048576,2,2097654,1778799
spill,1048576,1,1048827,984026
spill,1048576,2,2097654,1516157
spill,1048576,479,502388133,324137441
spill,1048576,1,1048827,4021150
spill,1048576,2,2097654,4503110
spill,1048576,1,1048827,3609572
spill,1048576,1,1048827,2214130
spill,1048576,1,1048827,2747331
spill,1048576,3,3146481,3371838
spill,1048576,4,4195308,4263943
spill,1048576,2,2097654,2542145
spill,1048576,1,1048827,1815085
spill,1048576,3,3146481,4059008
spill,1048576,2,2097654,2349439
spill,1048576,1,1048827,1922313
spill,1048576,1,1048827,1773256
spill,1048576,1,1048827,1581379
spill,1048576,1,1048827,1206718
spill,1048576,2,2097654,2055794
spill,1048576,1,1048827,1499175
spill,1048576,1,1048827,1464584
spill,1048576,1,1048827,1595935
spill,1048576,2,2097654,1707852
spill,1048576,3,3146481,2798121
spill,1048576,3,3146481,3410780
spill,1048576,2,2097654,2561659
spill,1048576,2,2097654,1954148
spill,1048576,1,1048827,1434875
spill,1048576,2,2097654,2059410
spill,1048576,1,1048827,1287207
spill,1048576,2,2097654,2649432
spill,1048576,1,1048827,1415226
spill,1048576,2,2097654,2348804
spill,1048576,1,1048827,1300408
spill,1048576,2,2097654,2089099
spill,1048576,2,2097654,2248550
spill,1048576,2,2097654,2250614
spill,1048576,1,1048827,1339294
spill,1048576,1,1048827,1576277
spill,1048576,1,1048827,1599386
spill,1048576,1,1048827,1688274
spill,1048576,2,2097654,2358669
spill,1048576,1,1048827,1140382
spill,1048576,1,1048827,1530391
spill,1048576,2,2097654,2125632
spill,1048576,1,1048827,1578306
spill,1048576,1,1048827,1415224
spill,1048576,2,2097654,2061824
spill,1048576,1,1048827,1323442
spill,1048576,1,1048827,1055564
spill,1048576,1,1048827,1155229
spill,1048576,2,2097654,2049891
spill,1048576,2,2097654,1846442
spill,1048576,1,1048827,1481795
spill,1048576,1,1048827,1112088
spill,1048576,1,1048827,1274848
spill,1048576,1,1048827,1155146
spill,1048576,1,1048827,1347589
spill,1048576,1,1048827,1499029
spill,1048576,2,2097654,1872018
spill,1048576,1,1048827,1284623
spill,1048576,1,1048827,1550501
spill,1048576,1,1048827,1551965
spill,1048576,1,1048827,1173261
spill,1048576,1,1048827,1280665
spill,1048576,1,1048827,1377986
spill,1048576,1,1048827,1491468
spill,1048576,2,2097654,1863508
spill,1048576,1,1048827,1627366
spill,1048576,1,1048827,1260746
spill,1048576,2,2097654,1915038
spill,1048576,2,2097654,2123621
spill,1048576,3,3146481,2818659
spill,1048576,1,1048827,1344810
spill,1048576,1,1048827,1267124
spill,1048576,1,1048827,1183718
spill,1048576,1,1048827,1262861
spill,1048576,2,2097654,1913926
spill,1048576,2,2097654,2156093
spill,1048576,2,2097654,2232268
spill,1048576,1,1048827,1482981
spill,1048576,1,1048827,1468968
spill,1048576,1,1048827,1241492
spill,1048576,1,1048827,1153453
spill,1048576,1,1048827,1234233
spill,1048576,1,1048827,1433315
spill,1048576,1,1048827,1715717
spill,1048576,1,1048827,1149093
spill,1048576,2,2097654,2425887
spill,1048576,1,1048827,1277743
spill,1048576,1,1048827,1486682
spill,1048576,3,3146481,3890522
spill,1048576,1,1048827,1355347
spill,1048576,1,1048827,1158391
spill,1048576,1,1048827,1145191
spill,1048576,1,1048827,1470972
spill,1048576,1,1048827,1520080
spill,1048576,1,1048827,1177999
spill,1048576,2,2097654,1865259
spill,1048576,1,1048827,1496473
spill,1048576,1,1048827,1727231
spill,1048576,1,1048827,1086188
spill,1048576,1,1048827,1354504
spill,1048576,1,1048827,1316933
spill,1048576,2,2097654,1704142
spill,1048576,1,1048827,1283783
spill,1048576,2,2097654,2000813
spill,1048576,1,1048827,1365269
spill,1048576,2,2097654,1993815
spill,1048576,2,2097654,2056338
spill,1048576,1,1048827,1341638
spill,1048576,2,2097654,1766092
spill,1048576,1,1048827,1188532
spill,1048576,2,2097654,2008526
spill,1048576,1,1048827,1160993
spill,1048576,2,2097654,1885246
spill,1048576,3,3146481,3548526
spill,1048576,2,2097654,1886912
spill,1048576,1,1048827,1232639
spill,1048576,1,1048827,1058478
spill,1048576,2,2097654,2376802
spill,1048576,1,1048827,1330841
spill,1048576,2,2097654,2278771
spill,1048576,2,2097654,2191669
spill,1048576,1,1048827,1270753
spill,1048576,1,1048827,1104702
spill,1048576,1,1048827,1075518
spill,1048576,2,2097654,2166676
spill,1048576,2,2097654,2036549
spill,1048576,1,1048827,1480807
spill,1048576,2,2097654,1730610
spill,1048576,1,1048827,1344942
spill,1048576,2,2097654,1963673
spill,1048576,1,1048827,1201809
spill,1048576,1,1048827,1468592
spill,1048576,2,2097654,2141796
spill,1048576,1,1048827,1416026
spill,1048576,1,1048827,1284770
spill,1048576,1,1048827,1171854
spill,1048576,2,2097654,2171871
spill,1048576,2,2097654,2041699
spill,1048576,1,1048827,1303324
spill,1048576,1,1048827,1290866
spill,1048576,1,1048827,1344333
spill,1048576,1,1048827,1871337
spill,1048576,1,1048827,1344519
spill,1048576,1,1048827,1153470
spill,1048576,1,1048827,1129082
spill,1048576,2,2097654,1818420
spill,1048576,1,1048827,1579528
spill,1048576,1,1048827,1319938
spill,1048576,1,1048827,1249815
spill,1048576,2,2097654,2067289
spill,1048576,1,1048827,999276
spill,1048576,3,3146481,2413049
spill,1048576,1,1048827,1157613
spill,1048576,2,2097654,1787867
spill,1048576,1,1048827,1209839
spill,1048576,1,1048827,990346
spill,1048576,2,2097654,1735026
spill,1048576,1,1048827,1103949
spill,1048576,1,1048827,923151
spill,1048576,1,1048827,940115
spill,1048576,1,1048827,1236642
spill,1048576,1,1048827,1385802
spill,1048576,1,1048827,1521414
spill,1048576,1,1048827,1291281
spill,1048576,1,1048827,1461367
spill,1048576,1,1048827,1338265
spill,1048576,1,1048827,1179230
spill,1048576,1,1048827,1024890
spill,1048576,1,1048827,977085
spill,1048576,1,1048827,1578958
spill,1048576,2,2097654,1944827
spill,1048576,1,1048827,1390050
spill,1048576,1,1048827,1098516
spill,1048576,2,2097654,2567445
spill,1048576,1,1048827,1623297
spill,1048576,2,2097654,1970698
spill,1048576,1,1048827,1682573
spill,1048576,1,1048827,1523577
spill,1048576,2,2097654,2221591
spill,1048576,1,1048827,1301637
spill,1048576,1,1048827,1392757
spill,1048576,3,3146481,2636808
spill,1048576,1,1048827,1916655
spill,1048576,2,2097654,1718784
spill,1048576,2,2097654,1601982
spill,1048576,1,1048827,1243087
spill,1048576,3,3146481,3357470
spill,1048576,2,2097654,2080390
spill,1048576,2,2097654,1792335
spill,1048576,1,1048827,1515526
spill,1048576,2,2097654,2440002
spill,1048576,2,2097654,1932179
spill,1048576,2,2097654,2221859
spill,1048576,1,1048827,1413436
spill,1048576,1,1048827,1223822
spill,1048576,2,2097654,2147858
spill,1048576,1,1048827,1440307
spill,1048576,2,2097654,2274628
spill,1048576,1,1048827,1425446
spill,1048576,1,1048827,1438523
spill,1048576,1,1048827,1466180
spill,1048576,2,2097654,2094221
spill,1048576,1,1048827,1165586
spill,1048576,1,1048827,1420854
spill,1048576,1,1048827,1585473
spill,1048576,2,2097654,2184561
spill,1048576,1,1048827,1468997
spill,1048576,2,2097654,2361566
spill,1048576,1,1048827,1276160
spill,1048576,1,1048827,982887
spill,1048576,1,1048827,1713977
spill,1048576,1,1048827,1437116
spill,1048576,2,2097654,2059782
spill,1048576,2,2097654,2099745
spill,1048576,1,1048827,1183881
spill,1048576,1,1048827,1157820
spill,1048576,3,3146481,2723029
spill,1048576,1,1048827,1926106
spill,1048576,1,1048827,1552445
spill,1048576,2,2097654,2030402
spill,1048576,1,1048827,1395646
spill,1048576,1,1048827,1269160
spill,1048576,1,1048827,1182578
spill,1048576,1,1048827,1186448
spill,1048576,2,2097654,2224479
spill,1048576,1,1048827,1736498
spill,1048576,2,2097654,1982494
spill,1048576,1,1048827,1390182
spill,1048576,1,1048827,1196624
spill,1048576,1,1048827,1359181
spill,1048576,1,1048827,1117016
spill,1048576,2,2097654,2066538
spill,1048576,2,2097654,2006611
spill,1048576,2,2097654,2150093
spill,1048576,1,1048827,1377234
spill,1048576,1,1048827,1666838
spill,1048576,1,1048827,1402922
spill,1048576,2,2097654,2213009
spill,1048576,1,1048827,1383695
spill,1048576,3,3146481,2658772
spill,1048576,1,1048827,1806427
spill,1048576,1,1048827,1631950
spill,1048576,1,1048827,1678779
spill,1048576,3,3146481,3209167
spill,1048576,2,2097654,2485598
spill,1048576,1,1048827,2349033
spill,1048576,1,1048827,2039867
spill,1048576,1,1048827,2075524
spill,1048576,1,1048827,1321520
spill,1048576,2,2097654,2106264
spill,1048576,2,2097654,2589094
spill,1048576,2,2097654,2400596
spill,1048576,2,2097654,1804152
spill,1048576,2,2097654,2419276
spill,1048576,1,1048827,1531028
spill,1048576,1,1048827,1697693
spill,1048576,1,1048827,1503828
spill,1048576,1,1048827,1362171
spill,1048576,2,2097654,2131741
spill,1048576,1,1048827,1680446
spill,1048576,2,2097654,2172881
spill,1048576,2,2097654,2583740
spill,1048576,1,1048827,1467889
spill,1048576,1,1048827,1282545
spill,1048576,1,1048827,1522677
spill,1048576,2,2097654,1722503
spill,1048576,2,2097654,2086954
spill,1048576,1,1048827,1391238
spill,1048576,1,1048827,1692540
spill,1048576,1,1048827,1242238
spill,1048576,3,3146481,2453791
spill,1048576,1,1048827,1362884
spill,1048576,2,2097654,1735518
spill,1048576,1,1048827,1316496
spill,1048576,1,1048827,1239929
spill,1048576,2,2097654,1948137
spill,1048576,1,1048827,1458210
spill,1048576,1,1048827,1063577
spill,1048576,1,1048827,1071990
spill,1048576,2,2097654,1724154
spill,1048576,1,1048827,1038091
spill,1048576,2,2097654,1595370
spill,1048576,1,1048827,1188634
spill,1048576,1,1048827,1094950
spill,1048576,1,1048827,1434678
spill,1048576,1,1048827,1472558
spill,1048576,2,2097654,1873589
spill,1048576,1,1048827,1529321
spill,1048576,1,1048827,1635405
spill,1048576,1,1048827,2000617
spill,1048576,2,2097654,2302241
spill,1048576,1,1048827,1648796
spill,1048576,2,2097654,1758816
spill,1048576,1,1048827,1420616
spill,1048576,1,1048827,1530688
spill,1048576,1,1048827,1282045
spill,1048576,1,1048827,1236322
spill,1048576,2,2097654,1863553
spill,1048576,3,3146481,2420587
spill,1048576,2,2097654,1999187
spill,1048576,1,1048827,1600708
spill,1048576,1,1048827,1272752
spill,1048576,2,2097654,2239494
spill,1048576,1,1048827,1340354
spill,1048576,2,2097654,1931298
spill,1048576,1,1048827,1425495
spill,1048576,2,2097654,2443241
spill,1048576,1,1048827,1509559
spill,1048576,2,2097654,1955951
spill,1048576,2,2097654,1835280
spill,1048576,1,1048827,1280414
spill,1048576,1,1048827,1455240
spill,1048576,1,1048827,1006285
spill,1048576,1,1048827,1404705
spill,1048576,1,1048827,1241797
spill,1048576,1,1048827,1013468
spill,1048576,1,1048827,1239700
spill,1048576,1,1048827,1458974
spill,1048576,2,2097654,1966477
spill,1048576,1,1048827,1513623
spill,1048576,1,1048827,1268752
spill,1048576,2,2097654,1908316
spill,1048576,1,1048827,1493724
spill,1048576,2,2097654,2923391
spill,1048576,1,1048827,1686981
spill,1048576,2,2097654,1758522
spill,1048576,1,1048827,1394417
spill,1048576,1,1048827,1681197
spill,1048576,2,2097654,2920890
spill,1048576,1,1048827,1784706
spill,1048576,2,2097654,2289837
spill,1048576,1,1048827,1149648
spill,1048576,1,1048827,1627840
spill,1048576,1,1048827,1525669
spill,1048576,2,2097654,2286166
spill,1048576,3,3146481,3311229
spill,1048576,1,1048827,1287981
spill,1048576,2,2097654,1935596
spill,1048576,2,2097654,2380619
spill,1048576,1,1048827,2075822
spill,1048576,1,1048827,1250619
spill,1048576,1,1048827,1408519
spill,1048576,1,1048827,1446606
spill,1048576,2,2097654,2608264
spill,1048576,1,1048827,1772257
spill,1048576,1,1048827,2036794
spill,1048576,1,1048827,1754124
spill,1048576,3,3146481,3206286
spill,1048576,1,1048827,1745601
spill,1048576,2,2097654,2808959
spill,1048576,1,1048827,1188407
spill,1048576,2,2097654,2109584
spill,1048576,1,1048827,1517076
spill,1048576,2,2097654,2281094
spill,1048576,2,2097654,2504267
spill,1048576,1,1048827,1803955
spill,1048576,1,1048827,1219489
spill,1048576,1,1048827,1514277
spill,1048576,1,1048827,1354786
spill,1048576,1,1048827,1774024
spill,1048576,1,1048827,1368800
spill,1048576,1,1048827,1438045
spill,1048576,2,2097654,2109199
spill,1048576,2,2097654,2232701
spill,1048576,2,2097654,1923285
spill,1048576,1,1048827,1614247
spill,1048576,3,3146481,2792656
spill,1048576,2,2097654,2011061
spill,1048576,1,1048827,1337762
spill,1048576,1,1048827,1229775
spill,1048576,1,1048827,1257450
spill,1048576,3,3146481,2837875
spill,1048576,1,1048827,1552288
spill,1048576,1,1048827,1159660
spill,1048576,1,1048827,1229671
spill,1048576,4,4195308,3209403
spill,1048576,1,1048827,1003132
spill,1048576,2,2097654,2382808
spill,1048576,2,2097654,1853985
spill,1048576,1,1048827,1533111
spill,1048576,1,1048827,1036478
spill,1048576,1,1048827,1426088
spill,1048576,2,2097654,2136693
spill,1048576,2,2097654,1669887
spill,1048576,1,1048827,1346880
spill,1048576,1,1048827,1220299
spill,1048576,1,1048827,1342875
spill,1048576,2,2097654,1903186
spill,1048576,1,1048827,1335396
spill,1048576,1,1048827,1138755
spill,1048576,1,1048827,1020714
spill,1048576,1,1048827,1157174
spill,1048576,1,1048827,1040153
spill,1048576,1,1048827,1653388
spill,1048576,1,1048827,1260116
spill,1048576,2,2097654,1935825
spill,1048576,1,1048827,1341639
spill,1048576,2,2097654,1983197
spill,1048576,2,2097654,2206344
spill,1048576,2,2097654,2020287
spill,1048576,2,2097654,1675845
spill,1048576,1,1048827,1158751
spill,1048576,1,1048827,1206777
spill,1048576,1,1048827,1069413
spill,1048576,1,1048827,1479928
spill,1048576,1,1048827,1145589
spill,1048576,1,1048827,1342302
spill,1048576,2,2097654,2395689
spill,1048576,1,1048827,1879343
spill,1048576,2,2097654,1932151
spill,1048576,1,1048827,1239963
spill,1048576,1,1048827,1306980
spill,1048576,1,1048827,1146726
spill,1048576,1,1048827,1550869
spill,1048576,3,3146481,2703267
spill,1048576,2,2097654,1964118
spill,1048576,1,1048827,1036087
spill,1048576,2,2097654,1929361
spill,1048576,1,1048827,1011535
spill,1048576,2,2097654,1867722
spill,1048576,1,1048827,1209813
spill,1048576,1,1048827,1301376
spill,1048576,1,1048827,1580791
spill,1048576,1,1048827,1093237
spill,1048576,2,2097654,1597400
spill,1048576,1,1048827,1185018
spill,1048576,1,1048827,1063772
spill,1048576,1,1048827,1052979
spill,1048576,1,1048827,1133000
spill,1048576,1,1048827,1479803
spill,1048576,1,1048827,976534
spill,1048576,1,1048827,1496593
spill,1048576,1,1048827,1075414
spill,1048576,2,2097654,1796108
spill,1048576,1,1048827,1387896
spill,1048576,3,3146481,2165871
spill,1048576,479,502388133,327023138
spill,2097152,2,4194812,6111279
spill,2097152,2,4194812,6317814
spill,2097152,1,2097406,2778226
spill,2097152,3,6292218,8988472
spill,2097152,1,2097406,2822049
spill,2097152,1,2097406,2300260
spill,2097152,1,2097406,1891958
spill,2097152,1,2097406,2119527
spill,2097152,1,2097406,2044816
spill,2097152,1,2097406,2046188
spill,2097152,1,2097406,2121498
spill,2097152,1,2097406,2029173
spill,2097152,1,2097406,1854051
spill,2097152,1,2097406,2056483
spill,2097152,1,2097406,2073297
spill,2097152,1,2097406,2499586
spill,2097152,1,2097406,1867001
spill,2097152,1,2097406,2075674
spill,2097152,1,2097406,2227796
spill,2097152,1,2097406,2233650
spill,2097152,1,2097406,1906897
spill,2097152,1,2097406,2237568
spill,2097152,1,2097406,2677488
spill,2097152,1,2097406,2217120
spill,2097152,1,2097406,1850491
spill,2097152,1,2097406,2060428
spill,2097152,1,2097406,2043593
spill,2097152,1,2097406,2291782
spill,2097152,1,2097406,2018538
spill,2097152,1,2097406,2350236
spill,2097152,1,2097406,1936587
spill,2097152,1,2097406,1975196
spill,2097152,1,2097406,2061480
spill,2097152,1,2097406,1859276
spill,2097152,1,2097406,1770441
spill,2097152,1,2097406,2033466
spill,2097152,1,2097406,2252451
spill,2097152,1,2097406,2100641
spill,2097152,1,2097406,2046938
spill,2097152,1,2097406,1946867
spill,2097152,1,2097406,2014062
spill,2097152,1,2097406,2094043
spill,2097152,1,2097406,1862833
spill,2097152,1,2097406,1877784
spill,2097152,1,2097406,1912240
spill,2097152,1,2097406,1742951
spill,2097152,1,2097406,1853356
spill,2097152,1,2097406,1859317
spill,2097152,1,2097406,1807159
spill,2097152,1,2097406,1768239
spill,2097152,1,2097406,1839185
spill,2097152,1,2097406,1863787
spill,2097152,1,2097406,1748530
spill,2097152,1,2097406,1795034
spill,2097152,1,2097406,1841696
spill,2097152,1,2097406,1947699
spill,2097152,1,2097406,1819458
spill,2097152,1,2097406,1844743
spill,2097152,1,2097406,1734592
spill,2097152,1,2097406,1866257
spill,2097152,1,2097406,1990044
spill,2097152,2,4194812,4177703
spill,2097152,1,2097406,1717613
spill,2097152,1,2097406,1773200
spill,2097152,1,2097406,1803659
spill,2097152,2,4194812,4144851
spill,2097152,1,2097406,1846354
spill,2097152,1,2097406,1753490
spill,2097152,1,2097406,1961902
spill,2097152,1,2097406,1776006
spill,2097152,1,2097406,1641710
spill,2097152,1,2097406,2086762
spill,2097152,1,2097406,2064348
spill,2097152,1,2097406,1723460
spill,2097152,1,2097406,1829174
spill,2097152,1,2097406,1818343
spill,2097152,1,2097406,1716280
spill,2097152,1,2097406,2121744
spill,2097152,1,2097406,2045570
spill,2097152,1,2097406,1894400
spill,2097152,1,2097406,1982218
spill,2097152,1,2097406,1862030
spill,2097152,1,2097406,1704710
spill,2097152,1,2097406,2015845
spill,2097152,1,2097406,1892813
spill,2097152,1,2097406,2203294
spill,2097152,1,2097406,1761776
spill,2097152,1,2097406,1787841
spill,2097152,1,2097406,1887221
spill,2097152,1,2097406,2088651
spill,2097152,1,2097406,2143295
spill,2097152,1,2097406,2135832
spill,2097152,1,2097406,1762356
spill,2097152,1,2097406,1779887
spill,2097152,1,2097406,1964026
spill,2097152,1,2097406,1753500
spill,2097152,1,2097406,1749237
spill,2097152,1,2097406,1838427
spill,2097152,1,2097406,1764065
spill,2097152,1,2097406,1854315
spill,2097152,1,2097406,1730754
spill,2097152,1,2097406,1662548
spill,2097152,1,2097406,1685668
spill,2097152,1,2097406,1693173
spill,2097152,1,2097406,1672605
spill,2097152,1,2097406,1828539
spill,2097152,1,2097406,1817043
spill,2097152,1,2097406,1723335
spill,2097152,1,2097406,1690389
spill,2097152,1,2097406,1727328
spill,2097152,1,2097406,1829282
spill,2097152,1,2097406,1848658
spill,2097152,1,2097406,1946793
spill,2097152,1,2097406,1747606
spill,2097152,1,2097406,1620123
spill,2097152,1,2097406,1675203
spill,2097152,1,2097406,1870272
spill,2097152,1,2097406,1681337
spill,2097152,1,2097406,1729285
spill,2097152,1,2097406,1874667
spill,2097152,1,2097406,1788118
spill,2097152,1,2097406,1801091
spill,2097152,1,2097406,1640528
spill,2097152,1,2097406,1871061
spill,2097152,1,2097406,1801062
spill,2097152,1,2097406,1773863
spill,2097152,1,2097406,1737947
spill,2097152,1,2097406,2211711
spill,2097152,1,2097406,1599525
spill,2097152,1,2097406,1721002
spill,2097152,1,2097406,1918628
spill,2097152,1,2097406,1796003
spill,2097152,1,2097406,1727212
spill,2097152,1,2097406,1837125
spill,2097152,1,2097406,1721579
spill,2097152,1,2097406,1722416
spill,2097152,1,2097406,1936181
spill,2097152,1,2097406,1915026
spill,2097152,1,2097406,1758864
spill,2097152,1,2097406,2091116
spill,2097152,1,2097406,1791370
spill,2097152,1,2097406,1668995
spill,2097152,1,2097406,1793470
spill,2097152,1,2097406,1935431
spill,2097152,1,2097406,2022230
spill,2097152,1,2097406,2060380
spill,2097152,1,2097406,1881462
spill,2097152,1,2097406,1843591
spill,2097152,1,2097406,1806303
spill,2097152,1,2097406,1742646
spill,2097152,1,2097406,1750628
spill,2097152,1,2097406,1963016
spill,2097152,1,2097406,1696589
spill,2097152,1,2097406,1839085
spill,2097152,1,2097406,1834875
spill,2097152,1,2097406,1813263
spill,2097152,1,2097406,1951749
spill,2097152,1,2097406,1953111
spill,2097152,1,2097406,1900215
spill,2097152,1,2097406,1748209
spill,2097152,1,2097406,1956857
spill,2097152,1,2097406,1779922
spill,2097152,1,2097406,1837255
spill,2097152,1,2097406,1728253
spill,2097152,1,2097406,1797602
spill,2097152,1,2097406,1748525
spill,2097152,1,2097406,2275988
spill,2097152,1,2097406,2011440
spill,2097152,1,2097406,1695328
spill,2097152,1,2097406,1833417
spill,2097152,1,2097406,1718955
spill,2097152,1,2097406,1892400
spill,2097152,1,2097406,1865693
spill,2097152,1,2097406,1612727
spill,2097152,1,2097406,1856218
spill,2097152,1,2097406,2000801
spill,2097152,1,2097406,1759780
spill,2097152,1,2097406,1837666
spill,2097152,1,2097406,1834261
spill,2097152,1,2097406,1708611
spill,2097152,1,2097406,2067452
spill,2097152,1,2097406,1716630
spill,2097152,1,2097406,1835537
spill,2097152,1,2097406,1751720
spill,2097152,1,2097406,1842844
spill,2097152,1,2097406,1944762
spill,2097152,1,2097406,1874077
spill,2097152,1,2097406,2054233
spill,2097152,1,2097406,1809955
spill,2097152,1,2097406,1735779
spill,2097152,1,2097406,2090708
spill,2097152,1,2097406,1769223
spill,2097152,1,2097406,1827901
spill,2097152,1,2097406,1908674
spill,2097152,1,2097406,1863544
spill,2097152,1,2097406,1740455
spill,2097152,1,2097406,2118067
spill,2097152,1,2097406,1808687
spill,2097152,1,2097406,1898479
spill,2097152,1,2097406,2053375
spill,2097152,1,2097406,1656527
spill,2097152,1,2097406,1803288
spill,2097152,1,2097406,1826478
spill,2097152,1,2097406,1911477
spill,2097152,1,2097406,1691794
spill,2097152,1,2097406,1769597
spill,2097152,1,2097406,1794802
spill,2097152,1,2097406,1885983
spill,2097152,1,2097406,1711847
spill,2097152,1,2097406,1853471
spill,2097152,1,2097406,1880875
spill,2097152,1,2097406,1801421
spill,2097152,1,2097406,1892665
spill,2097152,1,2097406,1715721
spill,2097152,1,2097406,2036786
spill,2097152,1,2097406,2044368
spill,2097152,1,2097406,1809439
spill,2097152,1,2097406,1804665
spill,2097152,1,2097406,1973463
spill,2097152,1,2097406,1768610
spill,2097152,1,2097406,1794521
spill,2097152,1,2097406,2030658
spill,2097152,1,2097406,1853356
spill,2097152,1,2097406,2148631
spill,2097152,1,2097406,1726541
spill,2097152,1,2097406,2017787
spill,2097152,1,2097406,1883948
spill,2097152,1,2097406,1821005
spill,2097152,1,2097406,1936987
spill,2097152,1,2097406,1724167
spill,2097152,1,2097406,1694855
spill,2097152,1,2097406,2085156
spill,2097152,1,2097406,1730720
spill,2097152,1,2097406,1719575
spill,2097152,1,2097406,2027388
spill,2097152,1,2097406,1697144
spill,2097152,1,2097406,1857476
spill,2097152,1,2097406,1927571
spill,2097152,1,2097406,1747576
spill,2097152,1,2097406,1695375
spill,2097152,1,2097406,2026270
spill,2097152,1,2097406,1881193
spill,2097152,1,2097406,1733499
spill,2097152,1,2097406,1811570
spill,2097152,1,2097406,1760593
spill,2097152,1,2097406,1672122
spill,2097152,1,2097406,1863142
spill,2097152,1,2097406,1773290
spill,2097152,1,2097406,1884315
spill,2097152,1,2097406,1789609
spill,2097152,1,2097406,1733073
spill,2097152,1,2097406,1854950
spill,2097152,1,2097406,1751554
spill,2097152,1,2097406,1755694
spill,2097152,1,2097406,1714697
spill,2097152,1,2097406,1714082
spill,2097152,1,2097406,1779161
spill,2097152,1,2097406,1837584
spill,2097152,1,2097406,1795377
spill,2097152,1,2097406,1678161
spill,2097152,1,2097406,1749913
spill,2097152,1,2097406,1787589
spill,2097152,1,2097406,1880396
spill,2097152,1,2097406,1773571
spill,2097152,1,2097406,1845587
spill,2097152,1,2097406,1663636
spill,2097152,1,2097406,1729550
spill,2097152,1,2097406,1759257
spill,2097152,1,2097406,1769687
spill,2097152,1,2097406,1709824
spill,2097152,1,2097406,1859131
spill,2097152,1,2097406,1688968
spill,2097152,1,2097406,1938711
spill,2097152,1,2097406,2005532
spill,2097152,1,2097406,1737885
spill,2097152,1,2097406,1782112
spill,2097152,1,2097406,1979241
spill,2097152,1,2097406,1893184
spill,2097152,1,2097406,2163617
spill,2097152,1,2097406,2023971
spill,2097152,1,2097406,1533603
spill,2097152,1,2097406,1780144
spill,2097152,1,2097406,1944827
spill,2097152,1,2097406,1680427
spill,2097152,1,2097406,1832023
spill,2097152,1,2097406,1774297
spill,2097152,1,2097406,1778256
spill,2097152,1,2097406,1961354
spill,2097152,1,2097406,1756175
spill,2097152,1,2097406,1749549
spill,2097152,1,2097406,1872865
spill,2097152,1,2097406,1719115
spill,2097152,1,2097406,2035768
spill,2097152,1,2097406,2034211
spill,2097152,1,2097406,1713666
spill,2097152,1,2097406,1660918
spill,2097152,1,2097406,1796183
spill,2097152,1,2097406,1780932
spill,2097152,1,2097406,1733038
spill,2097152,1,2097406,1715551
spill,2097152,1,2097406,1657295
spill,2097152,1,2097406,2118610
spill,2097152,1,2097406,1811435
spill,2097152,1,2097406,1767896
spill,2097152,1,2097406,1937006
spill,2097152,1,2097406,1780864
spill,2097152,1,2097406,1924774
spill,2097152,1,2097406,1975356
spill,2097152,1,2097406,1753750
spill,2097152,1,2097406,1757446
spill,2097152,1,2097406,1866546
spill,2097152,1,2097406,1954720
spill,2097152,1,2097406,1975793
spill,2097152,1,2097406,1856176
spill,2097152,1,2097406,1846222
spill,2097152,1,2097406,1912353
spill,2097152,1,2097406,1907431
spill,2097152,1,2097406,1823535
spill,2097152,1,2097406,1852294
spill,2097152,1,2097406,1814897
spill,2097152,1,2097406,1822440
spill,2097152,1,2097406,1955955
spill,2097152,1,2097406,1880685
spill,2097152,1,2097406,1644401
spill,2097152,1,2097406,1705570
spill,2097152,1,2097406,1903074
spill,2097152,1,2097406,1975645
spill,2097152,1,2097406,1868722
spill,2097152,1,2097406,1701485
spill,2097152,1,2097406,1750174
spill,2097152,1,2097406,2038916
spill,2097152,1,2097406,1842708
spill,2097152,1,2097406,1835688
spill,2097152,1,2097406,1955850
spill,2097152,1,2097406,1875356
spill,2097152,1,2097406,1755813
spill,2097152,1,2097406,2056117
spill,2097152,1,2097406,1739879
spill,2097152,1,2097406,1816559
spill,2097152,1,2097406,1938007
spill,2097152,1,2097406,1779532
spill,2097152,1,2097406,1875418
spill,2097152,1,2097406,1879867
spill,2097152,1,2097406,1712701
spill,2097152,1,2097406,1719588
spill,2097152,1,2097406,2256690
spill,2097152,1,2097406,1856861
spill,2097152,1,2097406,1810876
spill,2097152,1,2097406,1806153
spill,2097152,1,2097406,1707890
spill,2097152,1,2097406,1871538
spill,2097152,1,2097406,2067312
spill,2097152,1,2097406,1708860
spill,2097152,1,2097406,1692010
spill,2097152,1,2097406,1930689
spill,2097152,1,2097406,1890483
spill,2097152,1,2097406,1839543
spill,2097152,1,2097406,1821576
spill,2097152,1,2097406,1805893
spill,2097152,1,2097406,1740471
spill,2097152,1,2097406,1981819
spill,2097152,1,2097406,1735197
spill,2097152,1,2097406,1768693
spill,2097152,1,2097406,1852724
spill,2097152,1,2097406,1862612
spill,2097152,1,2097406,1708189
spill,2097152,1,2097406,2174996
spill,2097152,1,2097406,1898817
spill,2097152,1,2097406,1862739
spill,2097152,1,2097406,1747925
spill,2097152,1,2097406,1828299
spill,2097152,1,2097406,1969259
spill,2097152,1,2097406,1803476
spill,2097152,1,2097406,1761044
spill,2097152,1,2097406,1916455
spill,2097152,1,2097406,1854749
spill,2097152,1,2097406,1749932
spill,2097152,1,2097406,2096297
spill,2097152,1,2097406,1830126
spill,2097152,1,2097406,1707619
spill,2097152,1,2097406,1979564
spill,2097152,1,2097406,1884348
spill,2097152,1,2097406,1761960
spill,2097152,1,2097406,1924727
spill,2097152,1,2097406,1808226
spill,2097152,1,2097406,1920354
spill,2097152,1,2097406,2014241
spill,2097152,1,2097406,1954578
spill,2097152,1,2097406,1776394
spill,2097152,1,2097406,1794264
spill,2097152,1,2097406,1947598
spill,2097152,1,2097406,1877918
spill,2097152,1,2097406,1745554
spill,2097152,1,2097406,1735646
spill,2097152,1,2097406,1814478
spill,2097152,1,2097406,1877639
spill,2097152,1,2097406,1827490
spill,2097152,1,2097406,1734099
spill,2097152,1,2097406,1715060
spill,2097152,1,2097406,1854863
spill,2097152,1,2097406,1737135
spill,2097152,1,2097406,1692125
spill,2097152,1,2097406,1822251
spill,2097152,1,2097406,1749570
spill,2097152,1,2097406,2008031
spill,2097152,1,2097406,1792581
spill,2097152,1,2097406,1859433
spill,2097152,1,2097406,1962677
spill,2097152,1,2097406,1626606
spill,2097152,1,2097406,1817947
spill,2097152,1,2097406,2048987
spill,2097152,1,2097406,1777063
spill,2097152,1,2097406,1779958
spill,2097152,1,2097406,1950922
spill,2097152,1,2097406,1823062
spill,2097152,1,2097406,1879448
spill,2097152,1,2097406,1921410
spill,2097152,1,2097406,1647391
spill,2097152,1,2097406,1727208
spill,2097152,240,503377440,320196884
spill,2097152,1,2097406,3493547
spill,2097152,1,2097406,2718782
spill,2097152,1,2097406,2369150
spill,2097152,1,2097406,2297703
spill,2097152,1,2097406,2380415
spill,2097152,1,2097406,1955526
spill,2097152,1,2097406,1977092
spill,2097152,1,2097406,1957038
spill,2097152,1,2097406,1970372
spill,2097152,1,2097406,1816022
spill,2097152,1,2097406,1914762
spill,2097152,1,2097406,2195941
spill,2097152,1,2097406,1918511
spill,2097152,1,2097406,1867840
spill,2097152,1,2097406,1950996
spill,2097152,1,2097406,1880409
spill,2097152,1,2097406,1896650
spill,2097152,1,2097406,1952892
spill,2097152,1,2097406,1763008
spill,2097152,1,2097406,1809678
spill,2097152,1,2097406,1887203
spill,2097152,1,2097406,2167579
spill,2097152,1,2097406,2038160
spill,2097152,1,2097406,1977674
spill,2097152,1,2097406,1833906
spill,2097152,1,2097406,1995088
spill,2097152,1,2097406,1916494
spill,2097152,1,2097406,2059923
spill,2097152,1,2097406,2136817
spill,2097152,1,2097406,1715318
spill,2097152,1,2097406,1950626
spill,2097152,1,2097406,1885370
spill,2097152,1,2097406,1825127
spill,2097152,1,2097406,2009036
spill,2097152,1,2097406,2215267
spill,2097152,1,2097406,1855621
spill,2097152,1,2097406,1883968
spill,2097152,1,2097406,1888165
spill,2097152,1,2097406,1748611
spill,2097152,1,2097406,1771582
spill,2097152,1,2097406,1924131
spill,2097152,1,2097406,1786564
spill,2097152,1,2097406,1904197
spill,2097152,1,2097406,1931474
spill,2097152,1,2097406,1877495
spill,2097152,1,2097406,1806093
spill,2097152,1,2097406,1800452
spill,2097152,1,2097406,1638286
spill,2097152,1,2097406,1684656
spill,2097152,1,2097406,2179954
spill,2097152,1,2097406,1767048
spill,2097152,1,2097406,1765930
spill,2097152,1,2097406,1962928
spill,2097152,1,2097406,1732011
spill,2097152,1,2097406,1955619
spill,2097152,1,2097406,1842128
spill,2097152,1,2097406,1749175
spill,2097152,1,2097406,1750782
spill,2097152,1,2097406,1727607
spill,2097152,1,2097406,1713099
spill,2097152,1,2097406,1740053
spill,2097152,1,2097406,1742461
spill,2097152,1,2097406,1706100
spill,2097152,1,2097406,1665031
spill,2097152,1,2097406,1850060
spill,2097152,1,2097406,2075873
spill,2097152,1,2097406,1813787
spill,2097152,1,2097406,1774377
spill,2097152,1,2097406,1728635
spill,2097152,1,2097406,1781316
spill,2097152,1,2097406,1893165
spill,2097152,1,2097406,1863992
spill,2097152,1,2097406,1825541
spill,2097152,1,2097406,1811929
spill,2097152,1,2097406,1676035
spill,2097152,1,2097406,1809028
spill,2097152,1,2097406,1811666
spill,2097152,1,2097406,1708987
spill,2097152,1,2097406,1776675
spill,2097152,1,2097406,1760026
spill,2097152,1,2097406,1782997
spill,2097152,1,2097406,1847208
spill,2097152,1,2097406,1727985
spill,2097152,1,2097406,1740214
spill,2097152,1,2097406,1734717
spill,2097152,1,2097406,1787535
spill,2097152,1,2097406,1861567
spill,2097152,1,2097406,1693708
spill,2097152,1,2097406,1796956
spill,2097152,1,2097406,2001540
spill,2097152,1,2097406,1824774
spill,2097152,1,2097406,1995261
spill,2097152,1,2097406,1754058
spill,2097152,1,2097406,1717883
spill,2097152,1,2097406,1856599
spill,2097152,1,2097406,1766105
spill,2097152,1,2097406,1769994
spill,2097152,1,2097406,1962006
spill,2097152,1,2097406,1704331
spill,2097152,1,2097406,1815846
spill,2097152,1,2097406,1971674
spill,2097152,1,2097406,1909460
spill,2097152,1,2097406,1976721
spill,2097152,1,2097406,1857962
spill,2097152,1,2097406,1810876
spill,2097152,1,2097406,1862261
spill,2097152,1,2097406,1870235
spill,2097152,1,2097406,1721401
spill,2097152,1,2097406,1952236
spill,2097152,1,2097406,1834589
spill,2097152,1,2097406,1882855
spill,2097152,1,2097406,1756199
spill,2097152,1,2097406,1689495
spill,2097152,1,2097406,1679836
spill,2097152,1,2097406,1817299
spill,2097152,1,2097406,1794158
spill,2097152,1,2097406,1689093
spill,2097152,1,2097406,1824898
spill,2097152,1,2097406,1751185
spill,2097152,1,2097406,1702995
spill,2097152,1,2097406,1796771
spill,2097152,1,2097406,1891307
spill,2097152,1,2097406,1754031
spill,2097152,1,2097406,1771445
spill,2097152,1,2097406,1689187
spill,2097152,1,2097406,1734065
spill,2097152,1,2097406,1897236
spill,2097152,1,2097406,1794532
spill,2097152,1,2097406,1695208
spill,2097152,1,2097406,1755657
spill,2097152,1,2097406,1881888
spill,2097152,1,2097406,1694097
spill,2097152,1,2097406,1706562
spill,2097152,1,2097406,1869052
spill,2097152,1,2097406,1611517
spill,2097152,1,2097406,1801765
spill,2097152,1,2097406,1786747
spill,2097152,1,2097406,1949079
spill,2097152,1,2097406,1719464
spill,2097152,1,2097406,1721838
spill,2097152,1,2097406,1775166
spill,2097152,1,2097406,1761977
spill,2097152,1,2097406,1869807
spill,2097152,1,2097406,1794018
spill,2097152,1,2097406,2030480
spill,2097152,1,2097406,1838514
spill,2097152,1,2097406,1855414
spill,2097152,1,2097406,1662851
spill,2097152,1,2097406,1618415
spill,2097152,1,2097406,1847600
spill,2097152,1,2097406,1685873
spill,2097152,1,2097406,1724470
spill,2097152,1,2097406,1933722
spill,2097152,1,2097406,1789795
spill,2097152,1,2097406,1684355
spill,2097152,1,2097406,1825748
spill,2097152,1,2097406,1799186
spill,2097152,1,2097406,1792876
spill,2097152,1,2097406,1696431
spill,2097152,1,2097406,1921857
spill,2097152,1,2097406,1790387
spill,2097152,1,2097406,1748349
spill,2097152,1,2097406,1679100
spill,2097152,1,2097406,1748105
spill,2097152,1,2097406,1981261
spill,2097152,1,2097406,1883718
spill,2097152,1,2097406,1653105
spill,2097152,1,2097406,1761533
spill,2097152,1,2097406,1917114
spill,2097152,1,2097406,1829983
spill,2097152,1,2097406,1886348
spill,2097152,1,2097406,1825844
spill,2097152,1,2097406,1665767
spill,2097152,1,2097406,1786423
spill,2097152,1,2097406,1748707
spill,2097152,1,2097406,1779707
spill,2097152,1,2097406,1813193
spill,2097152,1,2097406,1675702
spill,2097152,1,2097406,1760560
spill,2097152,1,2097406,1875417
spill,2097152,1,2097406,1737133
spill,2097152,1,2097406,1711744
spill,2097152,1,2097406,1697978
spill,2097152,1,2097406,1812456
spill,2097152,1,2097406,1894305
spill,2097152,1,2097406,1740601
spill,2097152,1,2097406,2063551
spill,2097152,1,2097406,1795511
spill,2097152,1,2097406,1828993
spill,2097152,1,2097406,1945461
spill,2097152,1,2097406,1852138
spill,2097152,1,2097406,1693329
spill,2097152,1,2097406,1752818
spill,2097152,1,2097406,1758662
spill,2097152,1,2097406,1827390
spill,2097152,1,2097406,1867784
spill,2097152,1,2097406,1942221
spill,2097152,1,2097406,1660231
spill,2097152,1,2097406,1753408
spill,2097152,1,2097406,1906859
spill,2097152,1,2097406,1847480
spill,2097152,1,2097406,1921311
spill,2097152,1,2097406,1682775
spill,2097152,1,2097406,1643017
spill,2097152,1,2097406,1786056
spill,2097152,1,2097406,1687952
spill,2097152,1,2097406,1863588
spill,2097152,1,2097406,2035129
spill,2097152,1,2097406,1690837
spill,2097152,1,2097406,1731278
spill,2097152,1,2097406,1931743
spill,2097152,1,2097406,1633391
spill,2097152,1,2097406,1708151
spill,2097152,1,2097406,1599665
spill,2097152,1,2097406,1835842
spill,2097152,1,2097406,1782309
spill,2097152,1,2097406,1792088
spill,2097152,1,2097406,1793197
spill,2097152,1,2097406,1708008
spill,2097152,1,2097406,1776402
spill,2097152,1,2097406,1821683
spill,2097152,1,2097406,1646328
spill,2097152,1,2097406,1595394
spill,2097152,1,2097406,1776371
spill,2097152,1,2097406,1667800
spill,2097152,1,2097406,1715487
spill,2097152,1,2097406,1808419
spill,2097152,1,2097406,1685947
spill,2097152,1,2097406,1605610
spill,2097152,1,2097406,1886486
spill,2097152,1,2097406,1660411
spill,2097152,1,2097406,1604768
spill,2097152,1,2097406,1589030
spill,2097152,1,2097406,1649138
spill,2097152,1,2097406,1908305
spill,2097152,1,2097406,1699576
spill,2097152,1,2097406,1621862
spill,2097152,1,2097406,1953134
spill,2097152,1,2097406,1706196
spill,2097152,1,2097406,1946863
spill,2097152,1,2097406,1790045
spill,2097152,1,2097406,1698408
spill,2097152,1,2097406,1806291
spill,2097152,1,2097406,1623730
spill,2097152,1,2097406,1598263
spill,2097152,1,2097406,1916953
spill,2097152,1,2097406,1656159
spill,2097152,1,2097406,1833508
spill,2097152,1,2097406,1831389
spill,2097152,1,2097406,1664072
spill,2097152,1,2097406,1777273
spill,2097152,1,2097406,1835504
spill,2097152,1,2097406,1674666
spill,2097152,1,2097406,1866157
spill,2097152,1,2097406,1873487
spill,2097152,1,2097406,1659868
spill,2097152,1,2097406,1734830
spill,2097152,1,2097406,1668410
spill,2097152,1,2097406,1635300
spill,2097152,1,2097406,2127553
spill,2097152,1,2097406,1607639
spill,2097152,1,2097406,1671630
spill,2097152,1,2097406,1698345
spill,2097152,1,2097406,1754369
spill,2097152,1,2097406,1829750
spill,2097152,1,2097406,1799902
spill,2097152,1,2097406,1723917
spill,2097152,1,2097406,1774601
spill,2097152,1,2097406,1997837
spill,2097152,1,2097406,1858891
spill,2097152,1,2097406,1745595
spill,2097152,1,2097406,1744753
spill,2097152,1,2097406,1782058
spill,2097152,1,2097406,1935221
spill,2097152,1,2097406,1908196
spill,2097152,1,2097406,1702996
spill,2097152,1,2097406,1933723
spill,2097152,1,2097406,1668160
spill,2097152,1,2097406,1942946
spill,2097152,1,2097406,1791302
spill,2097152,1,2097406,1863299
spill,2097152,1,2097406,1802396
spill,2097152,1,2097406,1811311
spill,2097152,1,2097406,1908782
spill,2097152,1,2097406,1757336
spill,2097152,1,2097406,1806562
spill,2097152,1,2097406,1717852
spill,2097152,1,2097406,1707983
spill,2097152,1,2097406,1775780
spill,2097152,1,2097406,1689292
spill,2097152,1,2097406,1787660
spill,2097152,1,2097406,1654108
spill,2097152,1,2097406,1826757
spill,2097152,1,2097406,2142662
spill,2097152,240,503377440,311049527
spill,4194304,2,8389116,12181049
spill,4194304,1,4194558,7359967
spill,4194304,1,4194558,5838106
spill,4194304,1,4194558,5708058
spill,4194304,3,12583674,16313915
spill,4194304,1,4194558,3963013
spill,4194304,1,4194558,4964533
spill,4194304,1,4194558,4261741
spill,4194304,1,4194558,3764932
spill,4194304,1,4194558,3925929
spill,4194304,1,4194558,3934392
spill,4194304,1,4194558,3675230
spill,4194304,1,4194558,3878507
spill,4194304,1,4194558,3828880
spill,4194304,1,4194558,3689157
spill,4194304,1,4194558,3808570
spill,4194304,1,4194558,3803812
spill,4194304,1,4194558,3587743
spill,4194304,1,4194558,3577481
spill,4194304,1,4194558,3722853
spill,4194304,1,4194558,3648680
spill,4194304,1,4194558,3710201
spill,4194304,1,4194558,3932649
spill,4194304,1,4194558,3578495
spill,4194304,1,4194558,3587898
spill,4194304,1,4194558,3444041
spill,4194304,1,4194558,3911021
spill,4194304,1,4194558,3598510
spill,4194304,1,4194558,3859517
spill,4194304,1,4194558,3434584
spill,4194304,1,4194558,4199505
spill,4194304,2,8389116,8605708
spill,4194304,1,4194558,3601897
spill,4194304,1,4194558,4211170
spill,4194304,1,4194558,3900894
spill,4194304,1,4194558,3459679
spill,4194304,1,4194558,3843083
spill,4194304,1,4194558,4412430
spill,4194304,1,4194558,3717201
spill,4194304,1,4194558,3446023
spill,4194304,1,4194558,3886960
spill,4194304,1,4194558,3505851
spill,4194304,1,4194558,3555286
spill,4194304,1,4194558,3786795
spill,4194304,1,4194558,3660082
spill,4194304,1,4194558,3633543
spill,4194304,1,4194558,3606712
spill,4194304,1,4194558,3887532
spill,4194304,1,4194558,3429179
spill,4194304,1,4194558,3711782
spill,4194304,1,4194558,3655049
spill,4194304,1,4194558,3458519
spill,4194304,1,4194558,3494054
spill,4194304,1,4194558,3956559
spill,4194304,1,4194558,3629470
spill,4194304,1,4194558,3452859
spill,4194304,1,4194558,4149318
spill,4194304,1,4194558,3475368
spill,4194304,1,4194558,3442748
spill,4194304,1,4194558,3746873
spill,4194304,1,4194558,3444869
spill,4194304,1,4194558,3534919
spill,4194304,1,4194558,3852440
spill,4194304,1,4194558,3651770
spill,4194304,1,4194558,3369548
spill,4194304,1,4194558,3684747
spill,4194304,1,4194558,3547098
spill,4194304,1,4194558,3640034
spill,4194304,1,4194558,4224642
spill,4194304,1,4194558,3990937
spill,4194304,1,4194558,3628104
spill,4194304,1,4194558,3424103
spill,4194304,1,4194558,4130003
spill,4194304,1,4194558,3963557
spill,4194304,1,4194558,3547482
spill,4194304,1,4194558,4216975
spill,4194304,1,4194558,3824309
spill,4194304,1,4194558,3550574
spill,4194304,1,4194558,3970304
spill,4194304,1,4194558,3713998
spill,4194304,1,4194558,3417244
spill,4194304,1,4194558,3775306
spill,4194304,1,4194558,4015681
spill,4194304,1,4194558,3468044
spill,4194304,1,4194558,3756140
spill,4194304,1,4194558,4040081
spill,4194304,1,4194558,3400029
spill,4194304,1,4194558,3755507
spill,4194304,1,4194558,3709650
spill,4194304,1,4194558,3632523
spill,4194304,1,4194558,3728189
spill,4194304,1,4194558,3794254
spill,4194304,1,4194558,3405627
spill,4194304,1,4194558,3643919
spill,4194304,1,4194558,3886550
spill,4194304,1,4194558,4437754
spill,4194304,1,4194558,3490928
spill,4194304,1,4194558,3440534
spill,4194304,1,4194558,3916441
spill,4194304,1,4194558,3358372
spill,4194304,1,4194558,3608090
spill,4194304,1,4194558,4050382
spill,4194304,1,4194558,3790934
spill,4194304,1,4194558,3554139
spill,4194304,1,4194558,4248892
spill,4194304,1,4194558,3503270
spill,4194304,1,4194558,3715569
spill,4194304,1,4194558,4070250
spill,4194304,1,4194558,3500677
spill,4194304,1,4194558,3625352
spill,4194304,1,4194558,4047732
spill,4194304,1,4194558,3664614
spill,4194304,1,4194558,3616698
spill,4194304,1,4194558,3496197
spill,4194304,1,4194558,3950123
spill,4194304,1,4194558,3554938
spill,4194304,1,4194558,3618999
spill,4194304,1,4194558,3749226
spill,4194304,1,4194558,3413795
spill,4194304,1,4194558,3446539
spill,4194304,1,4194558,3548640
spill,4194304,1,4194558,3570711
spill,4194304,1,4194558,3500368
spill,4194304,1,4194558,3560447
spill,4194304,1,4194558,3338347
spill,4194304,1,4194558,3530058
spill,4194304,1,4194558,3565777
spill,4194304,1,4194558,3530327
spill,4194304,1,4194558,3449025
spill,4194304,1,4194558,3675334
spill,4194304,1,4194558,3661539
spill,4194304,1,4194558,3617389
spill,4194304,1,4194558,3664597
spill,4194304,1,4194558,3520608
spill,4194304,1,4194558,3396166
spill,4194304,1,4194558,3664105
spill,4194304,1,4194558,3749071
spill,4194304,1,4194558,3718310
spill,4194304,1,4194558,3775501
spill,4194304,1,4194558,3756631
spill,4194304,2,8389116,8497898
spill,4194304,1,4194558,3745845
spill,4194304,1,4194558,3510076
spill,4194304,1,4194558,3771435
spill,4194304,1,4194558,3962451
spill,4194304,1,4194558,3790678
spill,4194304,1,4194558,3606991
spill,4194304,1,4194558,3649771
spill,4194304,1,4194558,3600782
spill,4194304,1,4194558,3614499
spill,4194304,1,4194558,3672616
spill,4194304,1,4194558,3538358
spill,4194304,1,4194558,3530998
spill,4194304,1,4194558,3867919
spill,4194304,1,4194558,3447048
spill,4194304,1,4194558,3688260
spill,4194304,1,4194558,3557079
spill,4194304,1,4194558,3369915
spill,4194304,1,4194558,3566257
spill,4194304,1,4194558,3533796
spill,4194304,1,4194558,3484621
spill,4194304,1,4194558,3621712
spill,4194304,1,4194558,3615193
spill,4194304,1,4194558,3459960
spill,4194304,2,8389116,8371394
spill,4194304,1,4194558,3449509
spill,4194304,1,4194558,3637791
spill,4194304,1,4194558,3524565
spill,4194304,1,4194558,3521893
spill,4194304,1,4194558,3504204
spill,4194304,1,4194558,3497995
spill,4194304,1,4194558,3537270
spill,4194304,1,4194558,3370892
spill,4194304,1,4194558,3434110
spill,4194304,1,4194558,3547506
spill,4194304,1,4194558,3504167
spill,4194304,1,4194558,3362127
spill,4194304,1,4194558,3623919
spill,4194304,1,4194558,4037980
spill,4194304,1,4194558,3202366
spill,4194304,1,4194558,3650465
spill,4194304,1,4194558,4225439
spill,4194304,1,4194558,3780435
spill,4194304,1,4194558,3467155
spill,4194304,1,4194558,3661498
spill,4194304,1,4194558,3484735
spill,4194304,1,4194558,3302787
spill,4194304,1,4194558,3914273
spill,4194304,1,4194558,3643349
spill,4194304,1,4194558,3322487
spill,4194304,1,4194558,3439323
spill,4194304,1,4194558,3733501
spill,4194304,1,4194558,3385551
spill,4194304,1,4194558,3488839
spill,4194304,1,4194558,3766076
spill,4194304,1,4194558,3835382
spill,4194304,1,4194558,3433040
spill,4194304,1,4194558,3413579
spill,4194304,1,4194558,3698038
spill,4194304,1,4194558,3407340
spill,4194304,1,4194558,3424812
spill,4194304,1,4194558,3472137
spill,4194304,1,4194558,3453739
spill,4194304,1,4194558,3486402
spill,4194304,1,4194558,3651495
spill,4194304,1,4194558,3762282
spill,4194304,1,4194558,3660857
spill,4194304,1,4194558,3266491
spill,4194304,1,4194558,3353561
spill,4194304,1,4194558,3708334
spill,4194304,1,4194558,3362272
spill,4194304,1,4194558,3432921
spill,4194304,1,4194558,3548641
spill,4194304,1,4194558,3426588
spill,4194304,1,4194558,3520942
spill,4194304,1,4194558,3701065
spill,4194304,1,4194558,3531169
spill,4194304,1,4194558,3841375
spill,4194304,1,4194558,3631859
spill,4194304,1,4194558,3341442
spill,4194304,1,4194558,3438369
spill,4194304,1,4194558,3371528
spill,4194304,1,4194558,3862949
spill,4194304,1,4194558,3345708
spill,4194304,1,4194558,3355159
spill,4194304,1,4194558,4131422
spill,4194304,1,4194558,3442133
spill,4194304,1,4194558,3791931
spill,4194304,1,4194558,3816091
spill,4194304,1,4194558,3532110
spill,4194304,1,4194558,3614346
spill,4194304,1,4194558,3508415
spill,4194304,1,4194558,3646648
spill,4194304,1,4194558,3531921
spill,4194304,1,4194558,3635238
spill,4194304,1,4194558,3435716
spill,4194304,1,4194558,3617495
spill,4194304,1,4194558,4009416
spill,4194304,1,4194558,3757851
spill,4194304,1,4194558,3727203
spill,4194304,1,4194558,3746948
spill,4194304,1,4194558,3580250
spill,4194304,1,4194558,3674069
spill,4194304,1,4194558,3498906
spill,4194304,1,4194558,3703537
spill,4194304,1,4194558,3732662
spill,4194304,1,4194558,3734102
spill,4194304,1,4194558,3480388
spill,4194304,1,4194558,3634639
spill,4194304,1,4194558,3476598
spill,4194304,1,4194558,3421888
spill,4194304,1,4194558,3562449
spill,4194304,1,4194558,3620976
spill,4194304,1,4194558,3717675
spill,4194304,1,4194558,3680827
spill,4194304,1,4194558,3666191
spill,4194304,1,4194558,3569022
spill,4194304,1,4194558,3665578
spill,4194304,1,4194558,3575976
spill,4194304,1,4194558,3668213
spill,4194304,1,4194558,3538037
spill,4194304,1,4194558,3940668
spill,4194304,1,4194558,3961506
spill,4194304,1,4194558,3873729
spill,4194304,1,4194558,4029927
spill,4194304,1,4194558,3955777
spill,4194304,1,4194558,3950667
spill,4194304,1,4194558,3476963
spill,4194304,1,4194558,3592205
spill,4194304,1,4194558,3675077
spill,4194304,1,4194558,3685822
spill,4194304,1,4194558,3647347
spill,4194304,1,4194558,3617858
spill,4194304,1,4194558,3527984
spill,4194304,1,4194558,3561986
spill,4194304,1,4194558,3594919
spill,4194304,1,4194558,3726110
spill,4194304,1,4194558,3686793
spill,4194304,1,4194558,4079578
spill,4194304,1,4194558,3925592
spill,4194304,1,4194558,3929777
spill,4194304,1,4194558,3845458
spill,4194304,1,4194558,3482434
spill,4194304,1,4194558,3696473
spill,4194304,1,4194558,3712876
spill,4194304,1,4194558,3426800
spill,4194304,1,4194558,4050531
spill,4194304,1,4194558,3988017
spill,4194304,1,4194558,3409266
spill,4194304,1,4194558,3427295
spill,4194304,1,4194558,3550543
spill,4194304,120,503346960,377849128
spill,4194304,1,4194558,4065034
spill,4194304,1,4194558,3474425
spill,4194304,1,4194558,3502652
spill,4194304,1,4194558,3724560
spill,4194304,1,4194558,3580700
spill,4194304,1,4194558,3819826
spill,4194304,1,4194558,3694591
spill,4194304,1,4194558,3637182
spill,4194304,1,4194558,3606209
spill,4194304,1,4194558,3515238
spill,4194304,1,4194558,3571639
spill,4194304,1,4194558,3655327
spill,4194304,1,4194558,3535464
spill,4194304,1,4194558,3554083
spill,4194304,1,4194558,3577089
spill,4194304,1,4194558,3652652
spill,4194304,1,4194558,3467718
spill,4194304,1,4194558,3563608
spill,4194304,1,4194558,3531996
spill,4194304,1,4194558,3673629
spill,4194304,1,4194558,3415041
spill,4194304,1,4194558,3521394
spill,4194304,1,4194558,3603856
spill,4194304,1,4194558,3587155
spill,4194304,1,4194558,3846057
spill,4194304,1,4194558,3407626
spill,4194304,1,4194558,3788761
spill,4194304,1,4194558,4005481
spill,4194304,1,4194558,4268524
spill,4194304,1,4194558,3799874
spill,4194304,1,4194558,3579719
spill,4194304,1,4194558,3591301
spill,4194304,1,4194558,3739017
spill,4194304,1,4194558,3547288
spill,4194304,1,4194558,3609059
spill,4194304,1,4194558,3694337
spill,4194304,1,4194558,3516770
spill,4194304,1,4194558,3712112
spill,4194304,1,4194558,3824692
spill,4194304,1,4194558,3516673
spill,4194304,1,4194558,3544336
spill,4194304,1,4194558,3633798
spill,4194304,1,4194558,3529739
spill,4194304,1,4194558,3432413
spill,4194304,1,4194558,3548403
spill,4194304,1,4194558,3717762
spill,4194304,1,4194558,3404093
spill,4194304,1,4194558,3422573
spill,4194304,1,4194558,3587446
spill,4194304,1,4194558,3441516
spill,4194304,1,4194558,3360775
spill,4194304,1,4194558,3588056
spill,4194304,1,4194558,3423076
spill,4194304,1,4194558,3472945
spill,4194304,1,4194558,3560415
spill,4194304,1,4194558,3524338
spill,4194304,1,4194558,3702432
spill,4194304,1,4194558,3369862
spill,4194304,1,4194558,3612196
spill,4194304,1,4194558,4176317
spill,4194304,1,4194558,4090683
spill,4194304,1,4194558,3515004
spill,4194304,120,503346960,318421929
spill,8388608,1,8388862,11924336
spill,8388608,2,16777724,21107455
spill,8388608,2,16777724,22385210
spill,8388608,1,8388862,10008068
spill,8388608,1,8388862,10130063
spill,8388608,1,8388862,7275720
spill,8388608,1,8388862,11123600
spill,8388608,1,8388862,7396504
spill,8388608,1,8388862,7168887
spill,8388608,1,8388862,7122164
spill,8388608,1,8388862,7161929
spill,8388608,1,8388862,7165495
spill,8388608,1,8388862,6892253
spill,8388608,1,8388862,6803318
spill,8388608,1,8388862,6740654
spill,8388608,1,8388862,7213427
spill,8388608,1,8388862,6962604
spill,8388608,1,8388862,7467201
spill,8388608,1,8388862,6685310
spill,8388608,1,8388862,6987302
spill,8388608,1,8388862,6697801
spill,8388608,1,8388862,6765983
spill,8388608,1,8388862,7168233
spill,8388608,1,8388862,6846035
spill,8388608,1,8388862,6702255
spill,8388608,1,8388862,6826577
spill,8388608,1,8388862,6396562
spill,8388608,1,8388862,7046381
spill,8388608,1,8388862,6966578
spill,8388608,1,8388862,6912969
spill,8388608,1,8388862,6655104
spill,8388608,1,8388862,7063963
spill,8388608,1,8388862,6962716
spill,8388608,1,8388862,6586872
spill,8388608,1,8388862,7291392
spill,8388608,1,8388862,7548468
spill,8388608,1,8388862,6750553
spill,8388608,1,8388862,7147321
spill,8388608,1,8388862,6886718
spill,8388608,1,8388862,7659923
spill,8388608,1,8388862,7106377
spill,8388608,1,8388862,7336557
spill,8388608,1,8388862,6905834
spill,8388608,1,8388862,7046671
spill,8388608,1,8388862,6756429
spill,8388608,1,8388862,6972316
spill,8388608,1,8388862,6670957
spill,8388608,1,8388862,6797224
spill,8388608,1,8388862,6969228
spill,8388608,1,8388862,6415860
spill,8388608,1,8388862,6577834
spill,8388608,1,8388862,7105680
spill,8388608,1,8388862,6897299
spill,8388608,1,8388862,6811148
spill,8388608,1,8388862,7001833
spill,8388608,1,8388862,6986724
spill,8388608,1,8388862,6760776
spill,8388608,1,8388862,6562367
spill,8388608,1,8388862,7379595
spill,8388608,1,8388862,7614984
spill,8388608,1,8388862,6998020
spill,8388608,1,8388862,7238436
spill,8388608,1,8388862,7165191
spill,8388608,1,8388862,6988692
spill,8388608,1,8388862,6523038
spill,8388608,1,8388862,6728955
spill,8388608,1,8388862,6994642
spill,8388608,1,8388862,6634244
spill,8388608,1,8388862,6785655
spill,8388608,1,8388862,6915214
spill,8388608,1,8388862,6993353
spill,8388608,1,8388862,6845131
spill,8388608,1,8388862,7021623
spill,8388608,1,8388862,6507303
spill,8388608,1,8388862,6736768
spill,8388608,1,8388862,6533643
spill,8388608,1,8388862,7048680
spill,8388608,1,8388862,7053043
spill,8388608,1,8388862,6844979
spill,8388608,1,8388862,6802896
spill,8388608,1,8388862,7114084
spill,8388608,1,8388862,7111720
spill,8388608,1,8388862,6801934
spill,8388608,1,8388862,7348808
spill,8388608,1,8388862,7466781
spill,8388608,1,8388862,6562170
spill,8388608,1,8388862,6792819
spill,8388608,1,8388862,6940620
spill,8388608,1,8388862,6733017
spill,8388608,1,8388862,6554546
spill,8388608,1,8388862,6813112
spill,8388608,1,8388862,6779445
spill,8388608,1,8388862,7112248
spill,8388608,1,8388862,7102890
spill,8388608,1,8388862,7117953
spill,8388608,1,8388862,7148798
spill,8388608,1,8388862,7382968
spill,8388608,1,8388862,6460392
spill,8388608,1,8388862,6933825
spill,8388608,1,8388862,7170380
spill,8388608,1,8388862,6541868
spill,8388608,1,8388862,6766300
spill,8388608,1,8388862,6635106
spill,8388608,1,8388862,6565166
spill,8388608,1,8388862,7161681
spill,8388608,1,8388862,7105687
spill,8388608,1,8388862,6981414
spill,8388608,1,8388862,7292444
spill,8388608,1,8388862,7601963
spill,8388608,1,8388862,7126147
spill,8388608,1,8388862,7097004
spill,8388608,1,8388862,7568099
spill,8388608,1,8388862,6716752
spill,8388608,1,8388862,7168226
spill,8388608,1,8388862,6764757
spill,8388608,1,8388862,6756857
spill,8388608,1,8388862,6793307
spill,8388608,1,8388862,6961469
spill,8388608,1,8388862,6898965
spill,8388608,1,8388862,7357979
spill,8388608,1,8388862,7104889
spill,8388608,1,8388862,6869398
spill,8388608,1,8388862,7457211
spill,8388608,1,8388862,7018940
spill,8388608,1,8388862,7158668
spill,8388608,1,8388862,6449293
spill,8388608,1,8388862,6751448
spill,8388608,1,8388862,6472693
spill,8388608,1,8388862,6912470
spill,8388608,1,8388862,7186569
spill,8388608,1,8388862,7020494
spill,8388608,1,8388862,6749858
spill,8388608,1,8388862,6851320
spill,8388608,1,8388862,6824693
spill,8388608,1,8388862,6607461
spill,8388608,1,8388862,6833016
spill,8388608,1,8388862,6516783
spill,8388608,1,8388862,6915939
spill,8388608,1,8388862,6734421
spill,8388608,1,8388862,7491446
spill,8388608,1,8388862,6686860
spill,8388608,1,8388862,6916747
spill,8388608,1,8388862,6674354
spill,8388608,1,8388862,7268531
spill,8388608,1,8388862,7005717
spill,8388608,1,8388862,6578426
spill,8388608,1,8388862,6796729
spill,8388608,1,8388862,6763441
spill,8388608,1,8388862,6501427
spill,8388608,1,8388862,6791664
spill,8388608,1,8388862,7026753
spill,8388608,1,8388862,7223633
spill,8388608,1,8388862,6827468
spill,8388608,1,8388862,6962690
spill,8388608,1,8388862,6670634
spill,8388608,1,8388862,7088269
spill,8388608,1,8388862,7165723
spill,8388608,1,8388862,6441624
spill,8388608,1,8388862,6776610
spill,8388608,1,8388862,6665472
spill,8388608,1,8388862,6443710
spill,8388608,60,503331720,399109122
spill,8388608,1,8388862,6953802
spill,8388608,1,8388862,6837073
spill,8388608,1,8388862,6913277
spill,8388608,1,8388862,7451816
spill,8388608,1,8388862,7269282
spill,8388608,1,8388862,7267640
spill,8388608,1,8388862,6750629
spill,8388608,1,8388862,6647281
spill,8388608,1,8388862,7491442
spill,8388608,1,8388862,7369042
spill,8388608,1,8388862,7420927
spill,8388608,1,8388862,6693350
spill,8388608,1,8388862,7355710
spill,8388608,3,25166586,22714843
spill,8388608,60,503331720,297850939
spill,16777216,1,16777470,21783367
spill,16777216,1,16777470,22474098
spill,16777216,1,16777470,22478049
spill,16777216,1,16777470,20570595
spill,16777216,1,16777470,19485538
spill,16777216,1,16777470,19683387
spill,16777216,1,16777470,13374253
spill,16777216,1,16777470,13593555
spill,16777216,1,16777470,13034763
spill,16777216,1,16777470,13553748
spill,16777216,1,16777470,13691531
spill,16777216,1,16777470,12893397
spill,16777216,1,16777470,12515192
spill,16777216,1,16777470,13201836
spill,16777216,1,16777470,13043546
spill,16777216,1,16777470,12785910
spill,16777216,1,16777470,13544240
spill,16777216,1,16777470,13308281
spill,16777216,1,16777470,12278997
spill,16777216,1,16777470,13055719
spill,16777216,1,16777470,12478499
spill,16777216,1,16777470,12455603
spill,16777216,1,16777470,13388389
spill,16777216,1,16777470,12235089
spill,16777216,1,16777470,13541549
spill,16777216,1,16777470,12955021
spill,16777216,1,16777470,12087666
spill,16777216,1,16777470,13015592
spill,16777216,1,16777470,12964162
spill,16777216,1,16777470,11996781
spill,16777216,1,16777470,12889059
spill,16777216,1,16777470,12635336
spill,16777216,1,16777470,13198619
spill,16777216,1,16777470,12042067
spill,16777216,1,16777470,13362637
spill,16777216,1,16777470,12113427
spill,16777216,1,16777470,12983602
spill,16777216,1,16777470,13172410
spill,16777216,1,16777470,12327569
spill,16777216,1,16777470,12118581
spill,16777216,1,16777470,12398036
spill,16777216,1,16777470,12264590
spill,16777216,1,16777470,13496880
spill,16777216,1,16777470,12358388
spill,16777216,1,16777470,12733011
spill,16777216,1,16777470,12604517
spill,16777216,1,16777470,12699904
spill,16777216,1,16777470,12744862
spill,16777216,1,16777470,12723804
spill,16777216,1,16777470,13558273
spill,16777216,1,16777470,13578481
spill,16777216,1,16777470,13210952
spill,16777216,1,16777470,12650397
spill,16777216,1,16777470,13118831
spill,16777216,1,16777470,12717541
spill,16777216,1,16777470,12434508
spill,16777216,1,16777470,12040169
spill,16777216,1,16777470,13193802
spill,16777216,1,16777470,12494720
spill,16777216,1,16777470,12885583
spill,16777216,1,16777470,12093175
spill,16777216,1,16777470,12576753
spill,16777216,1,16777470,13631692
spill,16777216,1,16777470,12628913
spill,16777216,1,16777470,12743094
spill,16777216,1,16777470,12630011
spill,16777216,1,16777470,13213885
spill,16777216,1,16777470,13288588
spill,16777216,1,16777470,12482374
spill,16777216,1,16777470,13025023
spill,16777216,1,16777470,12782761
spill,16777216,1,16777470,12364654
spill,16777216,1,16777470,12604293
spill,16777216,1,16777470,13301087
spill,16777216,1,16777470,13154814
spill,16777216,1,16777470,12647879
spill,16777216,1,16777470,12853304
spill,16777216,1,16777470,13025510
spill,16777216,1,16777470,13122451
spill,16777216,1,16777470,13200266
spill,16777216,1,16777470,12732419
spill,16777216,1,16777470,13047412
spill,16777216,1,16777470,13214906
spill,16777216,1,16777470,12537447
spill,16777216,30,503324100,388708791
spill,16777216,1,16777470,12553028
spill,16777216,1,16777470,11659119
spill,16777216,1,16777470,12443212
spill,16777216,1,16777470,11678909
spill,16777216,1,16777470,12943264
spill,16777216,1,16777470,12739656
spill,16777216,30,503324100,295097253
spill,33554432,1,33554686,40054424
spill,33554432,1,33554686,41566187
spill,33554432,1,33554686,40150928
spill,33554432,1,33554686,39095587
spill,33554432,1,33554686,39876914
spill,33554432,1,33554686,39813715
spill,33554432,1,33554686,38581401
spill,33554432,1,33554686,38861806
spill,33554432,1,33554686,38535885
spill,33554432,1,33554686,38709756
spill,33554432,1,33554686,39926013
spill,33554432,1,33554686,39710113
spill,33554432,1,33554686,38689436
spill,33554432,1,33554686,38865531
spill,33554432,1,33554686,38181781
spill,33554432,1,33554686,36864784
spill,33554432,1,33554686,38761162
spill,33554432,1,33554686,39198809
spill,33554432,1,33554686,39079048
spill,33554432,1,33554686,39736350
spill,33554432,1,33554686,37690672
spill,33554432,1,33554686,38658364
spill,33554432,1,33554686,38791016
spill,33554432,1,33554686,39759787
spill,33554432,1,33554686,38952174
spill,33554432,1,33554686,38814127
spill,33554432,1,33554686,37642390
spill,33554432,15,503320290,557594904
spill,33554432,1,33554686,39104620
spill,33554432,1,33554686,39670008
spill,33554432,1,33554686,37918712
spill,33554432,1,33554686,39780326
spill,33554432,1,33554686,46807184
spill,33554432,1,33554686,39903174
spill,33554432,1,33554686,38006922
spill,33554432,1,33554686,39269269
spill,33554432,1,33554686,39143562
spill,33554432,1,33554686,38869841
spill,33554432,1,33554686,38284964
spill,33554432,1,33554686,39345723
spill,33554432,1,33554686,37310797
spill,33554432,1,33554686,38048012
spill,33554432,1,33554686,37681829
spill,33554432,1,33554686,37729023
spill,33554432,1,33554686,36055681
spill,33554432,15,503320290,538273868
spill,67108864,1,67109118,75447390
spill,67108864,1,67109118,71200566
spill,67108864,1,67109118,73299244
spill,67108864,1,67109118,69977087
spill,67108864,1,67109118,72082389
spill,67108864,8,536872944,575198300
spill,67108864,1,67109118,70247918
spill,67108864,1,67109118,74779506
spill,67108864,1,67109118,72208061
spill,67108864,1,67109118,74123892
spill,67108864,1,67109118,72175027
spill,67108864,1,67109118,74136713
spill,67108864,8,536872944,570317723
spill,67108864,1,67109118,69684780
spill,67108864,8,536872944,527572657
spill,134217728,4,536871928,545538402
spill,134217728,4,536871928,523364573
spill,134217728,4,536871928,526142981
spill,134217728,4,536871928,525425510
