1779838568.662689,spill,FileSystemStorage,65536,2000,131562000,129314037,68575194
1779838568.667822,spill,FileSystemStorage,65536,1,65781,300743,47045
1779838568.680045,spill,FileSystemStorage,65536,1656,108933336,135365574,69718190
1779838568.687269,spill,FileSystemStorage,65536,2000,131562000,144818980,72511063
1779838568.689086,spill,FileSystemStorage,65536,2000,131562000,151992600,76587076
1779838568.696044,spill,FileSystemStorage,65536,3,197343,334003,95522
1779838568.698354,spill,FileSystemStorage,65536,4,263124,385654,126588
1779838568.709655,spill,FileSystemStorage,65536,1,65781,264511,49923
1779838568.727495,spill,FileSystemStorage,65536,10,657810,688585,271837
1779838568.742491,spill,FileSystemStorage,65536,10,657810,646529,277618
1779838568.744146,spill,FileSystemStorage,65536,1,65781,549855,50785
1779838568.744266,spill,FileSystemStorage,65536,2,131562,337387,84462
1779838568.752923,spill,FileSystemStorage,65536,3,197343,338137,99383
1779838568.755925,spill,FileSystemStorage,65536,2,131562,303110,82900
1779838568.756056,spill,FileSystemStorage,65536,1,65781,257262,59044
1779838568.756070,spill,FileSystemStorage,65536,4,263124,477230,189250
1779838568.757459,spill,FileSystemStorage,65536,2,131562,253479,71769
1779838568.759713,spill,FileSystemStorage,65536,2,131562,318762,92296
1779838568.759898,spill,FileSystemStorage,65536,2,131562,252237,70341
1779838568.760485,spill,FileSystemStorage,65536,3,197343,304953,95820
1779838568.761457,spill,FileSystemStorage,65536,3,197343,320010,103809
1779838568.764063,spill,FileSystemStorage,65536,1,65781,225483,55350
1779838568.764238,spill,FileSystemStorage,65536,2,131562,231833,70080
1779838568.764776,spill,FileSystemStorage,65536,5,328905,416262,177648
1779838568.765526,spill,FileSystemStorage,65536,2,131562,271640,69764
1779838568.767190,spill,FileSystemStorage,65536,2,131562,252526,65406
1779838568.767528,spill,FileSystemStorage,65536,5,328905,491740,197940
1779838568.767911,spill,FileSystemStorage,65536,1,65781,191716,39508
1779838568.768416,spill,FileSystemStorage,65536,3,197343,326409,113143
1779838568.770838,spill,FileSystemStorage,65536,4,263124,413734,166339
1779838568.770906,spill,FileSystemStorage,65536,2,131562,245070,81626
1779838568.771361,spill,FileSystemStorage,65536,4,263124,324685,125363
1779838568.771584,spill,FileSystemStorage,65536,2,131562,307682,91586
1779838568.773356,spill,FileSystemStorage,65536,1,65781,220994,55898
1779838568.773915,spill,FileSystemStorage,65536,2,131562,239255,68539
1779838568.774476,spill,FileSystemStorage,65536,1,65781,154624,37802
1779838568.775088,spill,FileSystemStorage,65536,2,131562,274582,94194
1779838568.777015,spill,FileSystemStorage,65536,1,65781,221754,52714
1779838568.777074,spill,FileSystemStorage,65536,2,131562,236886,66725
1779838568.777428,spill,FileSystemStorage,65536,2,131562,216205,65957
1779838568.778305,spill,FileSystemStorage,65536,2,131562,227067,68121
1779838568.779521,spill,FileSystemStorage,65536,1,65781,193075,41757
1779838568.779669,spill,FileSystemStorage,65536,3,197343,273083,95250
1779838568.780276,spill,FileSystemStorage,65536,2,131562,307801,80578
1779838568.781118,spill,FileSystemStorage,65536,1,65781,196438,47853
1779838568.782146,spill,FileSystemStorage,65536,1,65781,238156,51898
1779838568.782338,spill,FileSystemStorage,65536,1,65781,183795,50052
1779838568.782686,spill,FileSystemStorage,65536,1,65781,174514,41117
1779838568.784090,spill,FileSystemStorage,65536,5,328905,397807,166233
1779838568.784720,spill,FileSystemStorage,65536,2,131562,286395,94067
1779838568.784867,spill,FileSystemStorage,65536,3,197343,289187,107367
1779838568.785208,spill,FileSystemStorage,65536,3,197343,281881,98786
1779838568.786821,spill,FileSystemStorage,65536,2,131562,228434,82545
1779838568.787339,spill,FileSystemStorage,65536,1,65781,227311,60199
1779838568.787951,spill,FileSystemStorage,65536,2,131562,258714,75201
1779838568.788321,spill,FileSystemStorage,65536,2,131562,238696,68748
1779838568.789617,spill,FileSystemStorage,65536,2,131562,231987,69762
1779838568.790342,spill,FileSystemStorage,65536,1,65781,229819,61721
1779838568.790703,spill,FileSystemStorage,65536,1,65781,184483,39145
1779838568.791049,spill,FileSystemStorage,65536,1,65781,240203,66486
1779838568.792546,spill,FileSystemStorage,65536,2,131562,230564,68383
1779838568.793147,spill,FileSystemStorage,65536,1,65781,226779,56591
1779838568.793409,spill,FileSystemStorage,65536,2,131562,218852,71321
1779838568.793577,spill,FileSystemStorage,65536,1,65781,178315,43775
1779838568.794105,spill,FileSystemStorage,65536,1,65781,164949,38680
1779838568.794482,spill,FileSystemStorage,65536,2,131562,274818,89615
1779838568.794503,spill,FileSystemStorage,65536,1,65781,162347,40422
1779838568.794660,spill,FileSystemStorage,65536,2,131562,294783,78909
1779838568.794805,spill,FileSystemStorage,65536,1,65781,162328,36249
1779838568.795254,spill,FileSystemStorage,65536,5,328905,354934,150935
1779838568.795576,spill,FileSystemStorage,65536,2,131562,192223,66414
1779838568.795574,spill,FileSystemStorage,65536,7,460467,629338,291714
1779838568.795825,spill,FileSystemStorage,65536,6,394686,396805,191312
1779838568.795962,spill,FileSystemStorage,65536,2,131562,192154,70334
1779838568.796386,spill,FileSystemStorage,65536,2,131562,179066,64129
1779838568.796432,spill,FileSystemStorage,65536,2,131562,282681,94572
1779838568.796690,spill,FileSystemStorage,65536,1,65781,233807,46329
1779838568.796730,spill,FileSystemStorage,65536,1,65781,171086,36559
1779838568.796836,spill,FileSystemStorage,65536,2,131562,182076,60255
1779838568.797549,spill,FileSystemStorage,65536,1,65781,127729,35190
1779838568.797588,spill,FileSystemStorage,65536,1,65781,235627,53695
1779838568.797766,spill,FileSystemStorage,65536,4,263124,262950,124434
1779838568.797759,spill,FileSystemStorage,65536,1,65781,161536,44393
1779838568.798496,spill,FileSystemStorage,65536,1,65781,133277,41315
1779838568.798502,spill,FileSystemStorage,65536,2,131562,248706,76034
1779838568.798516,spill,FileSystemStorage,65536,2,131562,297265,102625
1779838568.798937,spill,FileSystemStorage,65536,1,65781,144790,40565
1779838568.798941,spill,FileSystemStorage,65536,2,131562,190295,73523
1779838568.799019,spill,FileSystemStorage,65536,4,263124,320256,161333
1779838568.799198,spill,FileSystemStorage,65536,1,65781,231972,55511
1779838568.799561,spill,FileSystemStorage,65536,2,131562,279951,65168
1779838568.799977,spill,FileSystemStorage,65536,1,65781,512543,36712
1779838568.800018,spill,FileSystemStorage,65536,1,65781,333534,45991
1779838568.800081,spill,FileSystemStorage,65536,2,131562,200563,66687
1779838568.800385,spill,FileSystemStorage,65536,5,328905,326534,154937
1779838568.801009,spill,FileSystemStorage,65536,1,65781,133286,37305
1779838568.801069,spill,FileSystemStorage,65536,3,197343,252582,95954
1779838568.801146,spill,FileSystemStorage,65536,3,197343,263476,113913
1779838568.801166,spill,FileSystemStorage,65536,1,65781,220392,62426
1779838568.801472,spill,FileSystemStorage,65536,1,65781,145778,35430
1779838568.801521,spill,FileSystemStorage,65536,1,65781,129438,34807
1779838568.801766,spill,FileSystemStorage,65536,4,263124,280598,122898
1779838568.801844,spill,FileSystemStorage,65536,2,131562,283100,97225
1779838568.802466,spill,FileSystemStorage,65536,1,65781,127010,33802
1779838568.802745,spill,FileSystemStorage,65536,6,394686,393620,196443
1779838568.802798,spill,FileSystemStorage,65536,2,131562,283874,94327
1779838568.803001,spill,FileSystemStorage,65536,2,131562,215420,89051
1779838568.803009,spill,FileSystemStorage,65536,3,197343,312537,135718
1779838568.803701,spill,FileSystemStorage,65536,1,65781,232824,50206
1779838568.804010,spill,FileSystemStorage,65536,2,131562,226339,72059
1779838568.804068,spill,FileSystemStorage,65536,3,197343,275376,93414
1779838568.804346,spill,FileSystemStorage,65536,2,131562,177192,59714
1779838568.804789,spill,FileSystemStorage,65536,1,65781,151399,33471
1779838568.804841,spill,FileSystemStorage,65536,1,65781,231263,56394
1779838568.805176,spill,FileSystemStorage,65536,2,131562,195909,64104
1779838568.805450,spill,FileSystemStorage,65536,2,131562,182728,62693
1779838568.805541,spill,FileSystemStorage,65536,1,65781,114639,31925
1779838568.806013,spill,FileSystemStorage,65536,1,65781,123068,31710
1779838568.806234,spill,FileSystemStorage,65536,1,65781,231766,52200
1779838568.806266,spill,FileSystemStorage,65536,1,65781,135261,35706
1779838568.806400,spill,FileSystemStorage,65536,1,65781,158718,37260
1779838568.806524,spill,FileSystemStorage,65536,1,65781,122488,34932
1779838568.806744,spill,FileSystemStorage,65536,1,65781,163238,37824
1779838568.806773,spill,FileSystemStorage,65536,1,65781,220012,55212
1779838568.806818,spill,FileSystemStorage,65536,1,65781,111024,31160
1779838568.807021,spill,FileSystemStorage,65536,1,65781,196151,67558
1779838568.807181,spill,FileSystemStorage,65536,1,65781,129754,34250
1779838568.807400,spill,FileSystemStorage,65536,1,65781,208040,53855
1779838568.807875,spill,FileSystemStorage,65536,1,65781,470670,35897
1779838568.808930,spill,FileSystemStorage,65536,2,131562,452562,64118
1779838568.808965,spill,FileSystemStorage,65536,1,65781,159916,43582
1779838568.809012,spill,FileSystemStorage,65536,2,131562,292539,91607
1779838568.809381,spill,FileSystemStorage,65536,1,65781,163035,28598
1779838568.809863,spill,FileSystemStorage,65536,1,65781,289338,34192
1779838568.810071,spill,FileSystemStorage,65536,2,131562,281391,89163
1779838568.810327,spill,FileSystemStorage,65536,2,131562,415424,60948
1779838568.810434,spill,FileSystemStorage,65536,3,197343,346923,100620
1779838568.810742,spill,FileSystemStorage,65536,1,65781,114353,32692
1779838568.810904,spill,FileSystemStorage,65536,1,65781,187115,55259
1779838568.810947,spill,FileSystemStorage,65536,2,131562,293755,106193
1779838568.811076,spill,FileSystemStorage,65536,4,263124,360555,148761
1779838568.811607,spill,FileSystemStorage,65536,3,197343,527294,90131
1779838568.811960,spill,FileSystemStorage,65536,1,65781,204362,35892
1779838568.812025,spill,FileSystemStorage,65536,1,65781,264546,50604
1779838568.812096,spill,FileSystemStorage,65536,2,131562,188238,59948
1779838568.812565,spill,FileSystemStorage,65536,2,131562,209681,78990
1779838568.812658,spill,FileSystemStorage,65536,1,65781,140932,34112
1779838568.812962,spill,FileSystemStorage,65536,1,65781,165271,40071
1779838568.812994,spill,FileSystemStorage,65536,1,65781,228991,59215
1779838568.813435,spill,FileSystemStorage,65536,2,131562,213026,64981
1779838568.813837,spill,FileSystemStorage,65536,1,65781,366023,31979
1779838568.813904,spill,FileSystemStorage,65536,1,65781,328515,38472
1779838568.813992,spill,FileSystemStorage,65536,2,131562,486850,87911
1779838568.814481,spill,FileSystemStorage,65536,1,65781,308361,48180
1779838568.814528,spill,FileSystemStorage,65536,2,131562,260096,71080
1779838568.814548,spill,FileSystemStorage,65536,3,197343,397117,97685
1779838568.814900,spill,FileSystemStorage,65536,2,131562,282392,90765
1779838568.815077,spill,FileSystemStorage,65536,1,65781,169963,37514
1779838568.815115,spill,FileSystemStorage,65536,2,131562,271084,111205
1779838568.815283,spill,FileSystemStorage,65536,3,197343,247354,91512
1779838568.815622,spill,FileSystemStorage,65536,1,65781,221128,60094
1779838568.815718,spill,FileSystemStorage,65536,4,263124,256965,120575
1779838568.816132,spill,FileSystemStorage,65536,3,197343,258749,89938
1779838568.816443,spill,FileSystemStorage,65536,3,197343,241653,100595
1779838568.816451,spill,FileSystemStorage,65536,1,65781,234083,60387
1779838568.816764,spill,FileSystemStorage,65536,2,131562,166758,60215
1779838568.816787,spill,FileSystemStorage,65536,1,65781,143150,41499
1779838568.817119,spill,FileSystemStorage,65536,1,65781,119501,38616
1779838568.817190,spill,FileSystemStorage,65536,3,197343,240194,100361
1779838568.817199,spill,FileSystemStorage,65536,4,263124,456137,178591
1779838568.817579,spill,FileSystemStorage,65536,1,65781,178651,35333
1779838568.817723,spill,FileSystemStorage,65536,2,131562,205689,74414
1779838568.817886,spill,FileSystemStorage,65536,3,197343,217461,88994
1779838568.817956,spill,FileSystemStorage,65536,1,65781,144789,40610
1779838568.818163,spill,FileSystemStorage,65536,1,65781,132257,36629
1779838568.818265,spill,FileSystemStorage,65536,1,65781,142043,43721
1779838568.818356,spill,FileSystemStorage,65536,1,65781,137049,42175
1779838568.818424,spill,FileSystemStorage,65536,6,394686,577267,254854
1779838568.818607,spill,FileSystemStorage,65536,2,131562,178086,63116
1779838568.818929,spill,FileSystemStorage,65536,2,131562,183223,62064
1779838568.819080,spill,FileSystemStorage,65536,1,65781,201064,55257
1779838568.819217,spill,FileSystemStorage,65536,2,131562,195548,67946
1779838568.819263,spill,FileSystemStorage,65536,2,131562,304550,97125
1779838568.819743,spill,FileSystemStorage,65536,2,131562,197047,65906
1779838568.819818,spill,FileSystemStorage,65536,3,197343,230366,93196
1779838568.820049,spill,FileSystemStorage,65536,2,131562,175550,65206
1779838568.820035,spill,FileSystemStorage,65536,1,65781,227337,60969
1779838568.820274,spill,FileSystemStorage,65536,1,65781,137259,39419
1779838568.820288,spill,FileSystemStorage,65536,3,197343,227966,97448
1779838568.820621,spill,FileSystemStorage,65536,3,197343,233116,94007
1779838568.820920,spill,FileSystemStorage,65536,1,65781,143406,38164
1779838568.820909,spill,FileSystemStorage,65536,1,65781,222612,52976
1779838568.821155,spill,FileSystemStorage,65536,4,263124,310969,135197
1779838568.821332,spill,FileSystemStorage,65536,5,328905,349159,154063
1779838568.821460,spill,FileSystemStorage,65536,2,131562,162358,57698
1779838568.821829,spill,FileSystemStorage,65536,2,131562,210626,65099
1779838568.821866,spill,FileSystemStorage,65536,1,65781,258075,55497
1779838568.821983,spill,FileSystemStorage,65536,3,197343,262154,100696
1779838568.822077,spill,FileSystemStorage,65536,1,65781,178510,44664
1779838568.822501,spill,FileSystemStorage,65536,2,131562,266697,67455
1779838568.822731,spill,FileSystemStorage,65536,1,65781,163780,39432
1779838568.822744,spill,FileSystemStorage,65536,1,65781,144583,36970
1779838568.822842,spill,FileSystemStorage,65536,3,197343,346921,130293
1779838568.822997,spill,FileSystemStorage,65536,1,65781,190216,42509
1779838568.823246,spill,FileSystemStorage,65536,1,65781,153030,35885
1779838568.823275,spill,FileSystemStorage,65536,1,65781,134846,35009
1779838568.823492,spill,FileSystemStorage,65536,1,65781,212247,56184
1779838568.823688,spill,FileSystemStorage,65536,1,65781,152749,35702
1779838568.823828,spill,FileSystemStorage,65536,1,65781,127936,36123
1779838568.823959,spill,FileSystemStorage,65536,1,65781,154206,34971
1779838568.824020,spill,FileSystemStorage,65536,1,65781,221590,57668
1779838568.824324,spill,FileSystemStorage,65536,2,131562,195536,63654
1779838568.824407,spill,FileSystemStorage,65536,2,131562,162873,63560
1779838568.824736,spill,FileSystemStorage,65536,1,65781,160057,44381
1779838568.824851,spill,FileSystemStorage,65536,1,65781,136913,31731
1779838568.824880,spill,FileSystemStorage,65536,1,65781,142748,31241
1779838568.825004,spill,FileSystemStorage,65536,2,131562,296726,94978
1779838568.825577,spill,FileSystemStorage,65536,2,131562,183738,71935
1779838568.825708,spill,FileSystemStorage,65536,2,131562,285959,90852
1779838568.825852,spill,FileSystemStorage,65536,3,197343,260669,93179
1779838568.825881,spill,FileSystemStorage,65536,2,131562,215602,78668
1779838568.826105,spill,FileSystemStorage,65536,2,131562,194908,60939
1779838568.826231,spill,FileSystemStorage,65536,1,65781,208105,52505
1779838568.826349,spill,FileSystemStorage,65536,1,65781,129390,34593
1779838568.826592,spill,FileSystemStorage,65536,1,65781,165099,42928
1779838568.826720,spill,FileSystemStorage,65536,1,65781,140094,36577
1779838568.826724,spill,FileSystemStorage,65536,1,65781,208137,56555
1779838568.826828,spill,FileSystemStorage,65536,1,65781,142313,45609
1779838568.827234,spill,FileSystemStorage,65536,1,65781,212003,55245
1779838568.827268,spill,FileSystemStorage,65536,1,65781,203277,50101
1779838568.827337,spill,FileSystemStorage,65536,4,263124,390702,170777
1779838568.827354,spill,FileSystemStorage,65536,1,65781,153221,39901
1779838568.827999,spill,FileSystemStorage,65536,2,131562,168980,57384
1779838568.828173,spill,FileSystemStorage,65536,1,65781,211416,53595
1779838568.828444,spill,FileSystemStorage,65536,2,131562,242919,91884
1779838568.828477,spill,FileSystemStorage,65536,1,65781,181820,43554
1779838568.828585,spill,FileSystemStorage,65536,1,65781,137589,41094
1779838568.829247,spill,FileSystemStorage,65536,1,65781,134890,33986
1779838568.829387,spill,FileSystemStorage,65536,2,131562,285160,91454
1779838568.829492,spill,FileSystemStorage,65536,1,65781,135362,33998
1779838568.829918,spill,FileSystemStorage,65536,1,65781,117113,37326
1779838568.829941,spill,FileSystemStorage,65536,4,263124,302254,128677
1779838568.830025,spill,FileSystemStorage,65536,1,65781,209555,52233
1779838568.830334,spill,FileSystemStorage,65536,3,197343,235203,89993
1779838568.830963,spill,FileSystemStorage,65536,2,131562,244200,85955
1779838568.831033,spill,FileSystemStorage,65536,1,65781,182211,64334
1779838568.831267,spill,FileSystemStorage,65536,2,131562,223313,71319
1779838568.831288,spill,FileSystemStorage,65536,2,131562,324783,115439
1779838568.832000,spill,FileSystemStorage,65536,1,65781,181454,36869
1779838568.832047,spill,FileSystemStorage,65536,2,131562,228941,71972
1779838568.832209,spill,FileSystemStorage,65536,2,131562,187628,61505
1779838568.832684,spill,FileSystemStorage,65536,1,65781,252381,50759
1779838568.832991,spill,FileSystemStorage,65536,1,65781,160675,44034
1779838568.833006,spill,FileSystemStorage,65536,1,65781,176421,47286
1779838568.833196,spill,FileSystemStorage,65536,3,197343,232895,87097
1779838568.833413,spill,FileSystemStorage,65536,1,65781,115025,31955
1779838568.833615,spill,FileSystemStorage,65536,1,65781,213377,53432
1779838568.833847,spill,FileSystemStorage,65536,1,65781,167487,48366
1779838568.833865,spill,FileSystemStorage,65536,3,197343,289779,129434
1779838568.833881,spill,FileSystemStorage,65536,1,65781,127052,33029
1779838568.834127,spill,FileSystemStorage,65536,1,65781,212054,54160
1779838568.834290,spill,FileSystemStorage,65536,1,65781,134997,40921
1779838568.834312,spill,FileSystemStorage,65536,1,65781,121195,34895
1779838568.834582,spill,FileSystemStorage,65536,3,197343,289285,100261
1779838568.834784,spill,FileSystemStorage,65536,3,197343,339307,130271
1779838568.835010,spill,FileSystemStorage,65536,1,65781,187553,43213
1779838568.835168,spill,FileSystemStorage,65536,1,65781,209306,48131
1779838568.835184,spill,FileSystemStorage,65536,4,263124,393625,169430
1779838568.835588,spill,FileSystemStorage,65536,1,65781,233728,74746
1779838568.835852,spill,FileSystemStorage,65536,2,131562,199125,82461
1779838568.835849,spill,FileSystemStorage,65536,1,65781,168624,52009
1779838568.835982,spill,FileSystemStorage,65536,2,131562,238017,78314
1779838568.836694,spill,FileSystemStorage,65536,1,65781,221778,58321
1779838568.836772,spill,FileSystemStorage,65536,1,65781,145708,34217
1779838568.836997,spill,FileSystemStorage,65536,2,131562,203707,74696
1779838568.837056,spill,FileSystemStorage,65536,3,197343,241909,93562
1779838568.837854,spill,FileSystemStorage,65536,1,65781,150245,34367
1779838568.838136,spill,FileSystemStorage,65536,4,263124,296483,119220
1779838568.838166,spill,FileSystemStorage,65536,1,65781,223016,52746
1779838568.838246,spill,FileSystemStorage,65536,1,65781,145655,32780
1779838568.838789,spill,FileSystemStorage,65536,1,65781,133126,31580
1779838568.839101,spill,FileSystemStorage,65536,2,131562,253474,69761
1779838568.839107,spill,FileSystemStorage,65536,2,131562,324186,123496
1779838568.839144,spill,FileSystemStorage,65536,2,131562,230037,71587
1779838568.839672,spill,FileSystemStorage,65536,2,131562,269165,98880
1779838568.839705,spill,FileSystemStorage,65536,2,131562,202095,72249
1779838568.839888,spill,FileSystemStorage,65536,6,394686,443152,213639
1779838568.840303,spill,FileSystemStorage,65536,1,65781,234485,55653
1779838568.840324,spill,FileSystemStorage,65536,1,65781,150278,32430
1779838568.840530,spill,FileSystemStorage,65536,1,65781,162586,35502
1779838568.841135,spill,FileSystemStorage,65536,1,65781,129346,33326
1779838568.841403,spill,FileSystemStorage,65536,2,131562,316240,102655
1779838568.841408,spill,FileSystemStorage,65536,3,197343,353528,155858
1779838568.841495,spill,FileSystemStorage,65536,4,263124,429320,175454
1779838568.841530,spill,FileSystemStorage,65536,1,65781,129148,35707
1779838568.842457,spill,FileSystemStorage,65536,2,131562,250987,82230
1779838568.842512,spill,FileSystemStorage,65536,2,131562,197943,73328
1779838568.842534,spill,FileSystemStorage,65536,1,65781,176383,48007
1779838568.842658,spill,FileSystemStorage,65536,2,131562,229921,71162
1779838568.843176,spill,FileSystemStorage,65536,2,131562,211691,64757
1779838568.843203,spill,FileSystemStorage,65536,1,65781,151749,35680
1779838568.843321,spill,FileSystemStorage,65536,1,65781,154637,42072
1779838568.843501,spill,FileSystemStorage,65536,1,65781,158017,35610
1779838568.843999,spill,FileSystemStorage,65536,4,263124,269600,117028
1779838568.844320,spill,FileSystemStorage,65536,1,65781,156080,35027
1779838568.844374,spill,FileSystemStorage,65536,1,65781,148899,31700
1779838568.844778,spill,FileSystemStorage,65536,1,65781,142625,35135
1779838568.844871,spill,FileSystemStorage,65536,3,197343,304447,102998
1779838568.845073,spill,FileSystemStorage,65536,2,131562,185217,62105
1779838568.845394,spill,FileSystemStorage,65536,6,394686,367647,168941
1779838568.845803,spill,FileSystemStorage,65536,1,65781,373391,38470
1779838568.845842,spill,FileSystemStorage,65536,1,65781,263557,35744
1779838568.846263,spill,FileSystemStorage,65536,1,65781,116714,33102
1779838568.846680,spill,FileSystemStorage,65536,1,65781,153498,35338
1779838568.847061,spill,FileSystemStorage,65536,1,65781,152425,44036
1779838568.847072,spill,FileSystemStorage,65536,4,263124,344585,175101
1779838568.847097,spill,FileSystemStorage,65536,3,197343,339051,133903
1779838568.847461,spill,FileSystemStorage,65536,1,65781,157370,40517
1779838568.847912,spill,FileSystemStorage,65536,1,65781,143419,46827
1779838568.847918,spill,FileSystemStorage,65536,2,131562,201189,61855
1779838568.848030,spill,FileSystemStorage,65536,1,65781,193123,38101
1779838568.848215,spill,FileSystemStorage,65536,6,394686,386261,175310
1779838568.848611,spill,FileSystemStorage,65536,1,65781,135971,34102
1779838568.848715,spill,FileSystemStorage,65536,1,65781,155258,36161
1779838568.848778,spill,FileSystemStorage,65536,1,65781,124506,31781
1779838568.848905,spill,FileSystemStorage,65536,1,65781,169372,40816
1779838568.849158,spill,FileSystemStorage,65536,2,131562,211631,61412
1779838568.849662,spill,FileSystemStorage,65536,4,263124,307199,131548
1779838568.849686,spill,FileSystemStorage,65536,1,65781,178857,52278
1779838568.849817,spill,FileSystemStorage,65536,1,65781,103581,33705
1779838568.849820,spill,FileSystemStorage,65536,3,197343,258917,105972
1779838568.850296,spill,FileSystemStorage,65536,1,65781,190497,52137
1779838568.850334,spill,FileSystemStorage,65536,4,263124,281633,125126
1779838568.850441,spill,FileSystemStorage,65536,4,263124,266038,128903
1779838568.850510,spill,FileSystemStorage,65536,3,197343,264917,104160
1779838568.850853,spill,FileSystemStorage,65536,3,197343,266311,99419
1779838568.850951,spill,FileSystemStorage,65536,3,197343,271078,116616
1779838568.851028,spill,FileSystemStorage,65536,3,197343,273375,131785
1779838568.851233,spill,FileSystemStorage,65536,4,263124,323508,121796
1779838568.851402,spill,FileSystemStorage,65536,1,65781,164975,36160
1779838568.851681,spill,FileSystemStorage,65536,3,197343,243763,102299
1779838568.851908,spill,FileSystemStorage,65536,1,65781,164338,45844
1779838568.851957,spill,FileSystemStorage,65536,6,394686,405428,196883
1779838568.852061,spill,FileSystemStorage,65536,1,65781,155034,33951
1779838568.852119,spill,FileSystemStorage,65536,1,65781,127991,40761
1779838568.852357,spill,FileSystemStorage,65536,1,65781,135719,31968
1779838568.852397,spill,FileSystemStorage,65536,1,65781,134248,34070
1779838568.852561,spill,FileSystemStorage,65536,1,65781,135463,35104
1779838568.852697,spill,FileSystemStorage,65536,2,131562,166327,56397
1779838568.852892,spill,FileSystemStorage,65536,1,65781,126697,33009
1779838568.853008,spill,FileSystemStorage,65536,1,65781,145177,37547
1779838568.853169,spill,FileSystemStorage,65536,2,131562,176254,57362
1779838568.853354,spill,FileSystemStorage,65536,1,65781,141898,35839
1779838568.853586,spill,FileSystemStorage,65536,1,65781,165432,32747
1779838568.853801,spill,FileSystemStorage,65536,1,65781,134226,32498
1779838568.853962,spill,FileSystemStorage,65536,3,197343,291091,112016
1779838568.853988,spill,FileSystemStorage,65536,2,131562,178022,64257
1779838568.854241,spill,FileSystemStorage,65536,2,131562,302332,79634
1779838568.854398,spill,FileSystemStorage,65536,3,197343,231754,98394
1779838568.854461,spill,FileSystemStorage,65536,3,197343,229642,109527
1779838568.854629,spill,FileSystemStorage,65536,2,131562,223292,65767
1779838568.854711,spill,FileSystemStorage,65536,1,65781,173141,38431
1779838568.854995,spill,FileSystemStorage,65536,1,65781,202007,38469
1779838568.855001,spill,FileSystemStorage,65536,2,131562,225469,66340
1779838568.855118,spill,FileSystemStorage,65536,1,65781,189114,47139
1779838568.855656,spill,FileSystemStorage,65536,1,65781,144564,35480
1779838568.855682,spill,FileSystemStorage,65536,1,65781,155995,36493
1779838568.855796,spill,FileSystemStorage,65536,2,131562,209073,78538
1779838568.856293,spill,FileSystemStorage,65536,3,197343,336936,105991
1779838568.856422,spill,FileSystemStorage,65536,2,131562,281467,103369
1779838568.856426,spill,FileSystemStorage,65536,4,263124,407758,146871
1779838568.856512,spill,FileSystemStorage,65536,5,328905,307887,154437
1779838568.857192,spill,FileSystemStorage,65536,1,65781,361948,39955
1779838568.857239,spill,FileSystemStorage,65536,2,131562,328910,67282
1779838568.857352,spill,FileSystemStorage,65536,1,65781,212391,54243
1779838568.857811,spill,FileSystemStorage,65536,1,65781,349350,40176
1779838568.857818,spill,FileSystemStorage,65536,1,65781,308395,41182
1779838568.857898,spill,FileSystemStorage,65536,3,197343,461747,97650
1779838568.858305,spill,FileSystemStorage,65536,1,65781,269727,32269
1779838568.858402,spill,FileSystemStorage,65536,2,131562,481750,91931
1779838568.858665,spill,FileSystemStorage,65536,1,65781,155971,39977
1779838568.858683,spill,FileSystemStorage,65536,1,65781,135418,33622
1779838568.858673,spill,FileSystemStorage,65536,1,65781,200412,48104
1779838568.858916,spill,FileSystemStorage,65536,1,65781,232760,62551
1779838568.859277,spill,FileSystemStorage,65536,2,131562,232510,72034
1779838568.859375,spill,FileSystemStorage,65536,2,131562,291004,95690
1779838568.859427,spill,FileSystemStorage,65536,2,131562,284111,85161
1779838568.859455,spill,FileSystemStorage,65536,1,65781,203219,56302
1779838568.859722,spill,FileSystemStorage,65536,1,65781,135566,33412
1779838568.859944,spill,FileSystemStorage,65536,2,131562,226487,82718
1779838568.859991,spill,FileSystemStorage,65536,1,65781,171717,43454
1779838568.860100,spill,FileSystemStorage,65536,1,65781,130050,41113
1779838568.860723,spill,FileSystemStorage,65536,2,131562,198548,72638
1779838568.860807,spill,FileSystemStorage,65536,4,263124,297998,133890
1779838568.860926,spill,FileSystemStorage,65536,4,263124,403594,176934
1779838568.861193,spill,FileSystemStorage,65536,1,65781,393240,38940
1779838568.861198,spill,FileSystemStorage,65536,1,65781,237682,38839
1779838568.861701,spill,FileSystemStorage,65536,2,131562,180918,74864
1779838568.861698,spill,FileSystemStorage,65536,2,131562,273577,91481
1779838568.861746,spill,FileSystemStorage,65536,1,65781,183995,53088
1779838568.861786,spill,FileSystemStorage,65536,3,197343,310492,133846
1779838568.862315,spill,FileSystemStorage,65536,2,131562,203153,65394
1779838568.862315,spill,FileSystemStorage,65536,1,65781,221363,64166
1779838568.862494,spill,FileSystemStorage,65536,1,65781,174017,50844
1779838568.862617,spill,FileSystemStorage,65536,3,197343,263475,107052
1779838568.862777,spill,FileSystemStorage,65536,4,263124,240931,112203
1779838568.862822,spill,FileSystemStorage,65536,1,65781,204919,54141
1779838568.862894,spill,FileSystemStorage,65536,1,65781,153352,49842
1779838568.863509,spill,FileSystemStorage,65536,1,65781,290497,39223
1779838568.863640,spill,FileSystemStorage,65536,2,131562,239177,62314
1779838568.864165,spill,FileSystemStorage,65536,2,131562,405965,73952
1779838568.864163,spill,FileSystemStorage,65536,2,131562,444941,70746
1779838568.864743,spill,FileSystemStorage,65536,1,65781,535406,50551
1779838568.864769,spill,FileSystemStorage,65536,2,131562,531051,66322
1779838568.865310,spill,FileSystemStorage,65536,2,131562,456938,61809
1779838568.865379,spill,FileSystemStorage,65536,1,65781,253525,44752
1779838568.865457,spill,FileSystemStorage,65536,1,65781,185196,46779
1779838568.865538,spill,FileSystemStorage,65536,2,131562,269238,96604
1779838568.865841,spill,FileSystemStorage,65536,1,65781,282448,33770
1779838568.865896,spill,FileSystemStorage,65536,1,65781,243564,50499
1779838568.865954,spill,FileSystemStorage,65536,1,65781,172806,41844
1779838568.865995,spill,FileSystemStorage,65536,1,65781,194491,46046
1779838568.866405,spill,FileSystemStorage,65536,2,131562,259697,65848
1779838568.866450,spill,FileSystemStorage,65536,2,131562,223356,76137
1779838568.866470,spill,FileSystemStorage,65536,1,65781,194496,53799
1779838568.866885,spill,FileSystemStorage,65536,1,65781,385997,35891
1779838568.867024,spill,FileSystemStorage,65536,1,65781,304472,73463
1779838568.867043,spill,FileSystemStorage,65536,2,131562,421691,108087
1779838568.867149,spill,FileSystemStorage,65536,2,131562,403336,148834
1779838568.867925,spill,FileSystemStorage,65536,1,65781,246168,36415
1779838568.867968,spill,FileSystemStorage,65536,1,65781,296165,48191
1779838568.867990,spill,FileSystemStorage,65536,3,197343,525216,103383
1779838568.868418,spill,FileSystemStorage,65536,1,65781,445120,31789
1779838568.869006,spill,FileSystemStorage,65536,3,197343,307646,119061
1779838568.869029,spill,FileSystemStorage,65536,3,197343,271263,105923
1779838568.869060,spill,FileSystemStorage,65536,2,131562,224916,81656
1779838568.869548,spill,FileSystemStorage,65536,3,197343,548648,92703
1779838568.870054,spill,FileSystemStorage,65536,1,65781,410452,44094
1779838568.870070,spill,FileSystemStorage,65536,1,65781,473222,44532
1779838568.870192,spill,FileSystemStorage,65536,4,263124,654537,137781
1779838568.870558,spill,FileSystemStorage,65536,4,263124,307080,128398
1779838568.870700,spill,FileSystemStorage,65536,1,65781,241242,43956
1779838568.871016,spill,FileSystemStorage,65536,1,65781,210247,64673
1779838568.871264,spill,FileSystemStorage,65536,3,197343,357051,114066
1779838568.871266,spill,FileSystemStorage,65536,2,131562,341973,93892
1779838568.871619,spill,FileSystemStorage,65536,2,131562,211981,62411
1779838568.872078,spill,FileSystemStorage,65536,1,65781,399059,38504
1779838568.872083,spill,FileSystemStorage,65536,1,65781,350567,38477
1779838568.872559,spill,FileSystemStorage,65536,1,65781,313538,35548
1779838568.872745,spill,FileSystemStorage,65536,5,328905,540717,149782
1779838568.872910,spill,FileSystemStorage,65536,1,65781,145166,40509
1779838568.873192,spill,FileSystemStorage,65536,1,65781,211236,43789
1779838568.873413,spill,FileSystemStorage,65536,3,197343,242297,104745
1779838568.873462,spill,FileSystemStorage,65536,2,131562,200087,63362
1779838568.873830,spill,FileSystemStorage,65536,2,131562,205915,65926
1779838568.874023,spill,FileSystemStorage,65536,1,65781,146539,40994
1779838568.874024,spill,FileSystemStorage,65536,4,263124,402836,128850
1779838568.874138,spill,FileSystemStorage,65536,2,131562,168602,59446
1779838568.874620,spill,FileSystemStorage,65536,2,131562,176540,57829
1779838568.874947,spill,FileSystemStorage,65536,1,65781,179287,37588
1779838568.875094,spill,FileSystemStorage,65536,2,131562,263727,92659
1779838568.875396,spill,FileSystemStorage,65536,2,131562,224150,73701
1779838568.875410,spill,FileSystemStorage,65536,4,263124,303302,131297
1779838568.875922,spill,FileSystemStorage,65536,1,65781,137561,34342
1779838568.876067,spill,FileSystemStorage,65536,2,131562,191171,71128
1779838568.876182,spill,FileSystemStorage,65536,1,65781,183449,43469
1779838568.876231,spill,FileSystemStorage,65536,2,131562,167304,60538
1779838568.876585,spill,FileSystemStorage,65536,3,197343,207679,84370
1779838568.876968,spill,FileSystemStorage,65536,1,65781,147803,36168
1779838568.877089,spill,FileSystemStorage,65536,2,131562,167377,61192
1779838568.877175,spill,FileSystemStorage,65536,2,131562,205626,71124
1779838568.877401,spill,FileSystemStorage,65536,1,65781,234965,54222
1779838568.877508,spill,FileSystemStorage,65536,1,65781,131620,34900
1779838568.877774,spill,FileSystemStorage,65536,2,131562,242141,68451
1779838568.877931,spill,FileSystemStorage,65536,2,131562,271661,81269
1779838568.878009,spill,FileSystemStorage,65536,1,65781,189460,37446
1779838568.878039,spill,FileSystemStorage,65536,1,65781,125954,31943
1779838568.878451,spill,FileSystemStorage,65536,1,65781,183855,44578
1779838568.878520,spill,FileSystemStorage,65536,3,197343,275179,102924
1779838568.878556,spill,FileSystemStorage,65536,1,65781,149594,43302
1779838568.878672,spill,FileSystemStorage,65536,2,131562,203904,67860
1779838568.878885,spill,FileSystemStorage,65536,1,65781,158429,39983
1779838568.879105,spill,FileSystemStorage,65536,3,197343,279492,112233
1779838568.879137,spill,FileSystemStorage,65536,1,65781,227065,45473
1779838568.879258,spill,FileSystemStorage,65536,2,131562,179859,62799
1779838568.879693,spill,FileSystemStorage,65536,2,131562,203008,70110
1779838568.879837,spill,FileSystemStorage,65536,1,65781,138349,34523
1779838568.879910,spill,FileSystemStorage,65536,2,131562,236121,73597
1779838568.880147,spill,FileSystemStorage,65536,2,131562,278887,72138
1779838568.880264,spill,FileSystemStorage,65536,2,131562,204072,67039
1779838568.880664,spill,FileSystemStorage,65536,1,65781,394876,38074
1779838568.880713,spill,FileSystemStorage,65536,2,131562,383264,66938
1779838568.881229,spill,FileSystemStorage,65536,2,131562,291030,74634
1779838568.881227,spill,FileSystemStorage,65536,2,131562,400881,76354
1779838568.881570,spill,FileSystemStorage,65536,1,65781,144878,38575
1779838568.881723,spill,FileSystemStorage,65536,3,197343,248119,102210
1779838568.881755,spill,FileSystemStorage,65536,1,65781,139468,35294
1779838568.881773,spill,FileSystemStorage,65536,2,131562,209625,78308
1779838568.882061,spill,FileSystemStorage,65536,1,65781,152591,39556
1779838568.882236,spill,FileSystemStorage,65536,2,131562,187941,72683
1779838568.882256,spill,FileSystemStorage,65536,1,65781,152127,36857
1779838568.882353,spill,FileSystemStorage,65536,1,65781,169769,34953
1779838568.882547,spill,FileSystemStorage,65536,2,131562,198735,62252
1779838568.882736,spill,FileSystemStorage,65536,3,197343,247762,106261
1779838568.882743,spill,FileSystemStorage,65536,2,131562,234863,87285
1779838568.882918,spill,FileSystemStorage,65536,4,263124,288633,137932
1779838568.883238,spill,FileSystemStorage,65536,1,65781,272665,46720
1779838568.883334,spill,FileSystemStorage,65536,2,131562,265260,70893
1779838568.883462,spill,FileSystemStorage,65536,1,65781,164097,46624
1779838568.883767,spill,FileSystemStorage,65536,4,263124,280035,119813
1779838568.883779,spill,FileSystemStorage,65536,1,65781,131704,34630
1779838568.884135,spill,FileSystemStorage,65536,2,131562,202139,74628
1779838568.884308,spill,FileSystemStorage,65536,1,65781,170310,38999
1779838568.884367,spill,FileSystemStorage,65536,3,197343,223153,91049
1779838568.884633,spill,FileSystemStorage,65536,1,65781,134070,32912
1779838568.884714,spill,FileSystemStorage,65536,1,65781,127092,31740
1779838568.884971,spill,FileSystemStorage,65536,3,197343,208152,85384
1779838568.885111,spill,FileSystemStorage,65536,1,65781,138159,39346
1779838568.885217,spill,FileSystemStorage,65536,3,197343,268600,94678
1779838568.885252,spill,FileSystemStorage,65536,1,65781,206876,45113
1779838568.885427,spill,FileSystemStorage,65536,1,65781,118742,33110
1779838568.885466,spill,FileSystemStorage,65536,1,65781,119153,39439
1779838568.885706,spill,FileSystemStorage,65536,1,65781,176520,42680
1779838568.885810,spill,FileSystemStorage,65536,2,131562,224366,69425
1779838568.885892,spill,FileSystemStorage,65536,1,65781,112609,35501
1779838568.885946,spill,FileSystemStorage,65536,3,197343,215043,98047
1779838568.886153,spill,FileSystemStorage,65536,1,65781,142185,34013
1779838568.886253,spill,FileSystemStorage,65536,1,65781,136296,38170
1779838568.886335,spill,FileSystemStorage,65536,2,131562,159319,60907
1779838568.886421,spill,FileSystemStorage,65536,1,65781,117600,32460
1779838568.886610,spill,FileSystemStorage,65536,1,65781,142484,47359
1779838568.886749,spill,FileSystemStorage,65536,1,65781,107982,31662
1779838568.886841,spill,FileSystemStorage,65536,2,131562,168608,61493
1779838568.887005,spill,FileSystemStorage,65536,2,131562,265205,69056
1779838568.887264,spill,FileSystemStorage,65536,2,131562,243571,73127
1779838568.887292,spill,FileSystemStorage,65536,3,197343,226038,97557
1779838568.887418,spill,FileSystemStorage,65536,1,65781,167596,47944
1779838568.887774,spill,FileSystemStorage,65536,1,65781,389621,39978
1779838568.887785,spill,FileSystemStorage,65536,1,65781,258202,38375
1779838568.887841,spill,FileSystemStorage,65536,2,131562,337272,73046
1779838568.888264,spill,FileSystemStorage,65536,1,65781,173070,31826
1779838568.888370,spill,FileSystemStorage,65536,2,131562,195517,58830
1779838568.888551,spill,FileSystemStorage,65536,2,131562,199126,73247
1779838568.888735,spill,FileSystemStorage,65536,1,65781,120413,31165
1779838568.888771,spill,FileSystemStorage,65536,1,65781,125145,33972
1779838568.888822,spill,FileSystemStorage,65536,1,65781,159977,39807
1779838568.889018,spill,FileSystemStorage,65536,1,65781,220221,39483
1779838568.889369,spill,FileSystemStorage,65536,1,65781,241966,31654
1779838568.889446,spill,FileSystemStorage,65536,1,65781,352832,49010
1779838568.889540,spill,FileSystemStorage,65536,1,65781,140248,39099
1779838568.889555,spill,FileSystemStorage,65536,1,65781,144425,39373
1779838568.889702,spill,FileSystemStorage,65536,1,65781,119959,34186
1779838568.889985,spill,FileSystemStorage,65536,1,65781,137694,37050
1779838568.890003,spill,FileSystemStorage,65536,1,65781,133898,36311
1779838568.890000,spill,FileSystemStorage,65536,1,65781,204792,48161
1779838568.890284,spill,FileSystemStorage,65536,3,197343,243556,105608
1779838568.890598,spill,FileSystemStorage,65536,2,131562,199194,70108
1779838568.890638,spill,FileSystemStorage,65536,1,65781,165515,48086
1779838568.890654,spill,FileSystemStorage,65536,3,197343,267539,107911
1779838568.890837,spill,FileSystemStorage,65536,2,131562,187042,59709
1779838568.891077,spill,FileSystemStorage,65536,1,65781,182383,37590
1779838568.891223,spill,FileSystemStorage,65536,2,131562,205662,64950
1779838568.891256,spill,FileSystemStorage,65536,1,65781,182164,43331
1779838568.891388,spill,FileSystemStorage,65536,1,65781,145304,35346
1779838568.891655,spill,FileSystemStorage,65536,1,65781,138659,36588
1779838568.891721,spill,FileSystemStorage,65536,1,65781,112960,31800
1779838568.891866,spill,FileSystemStorage,65536,1,65781,241394,43074
1779838568.891963,spill,FileSystemStorage,65536,1,65781,137764,41890
1779838568.892158,spill,FileSystemStorage,65536,1,65781,107352,35341
1779838568.892204,spill,FileSystemStorage,65536,2,131562,185541,65140
1779838568.892426,spill,FileSystemStorage,65536,1,65781,157757,46177
1779838568.892482,spill,FileSystemStorage,65536,1,65781,154570,38979
1779838568.892596,spill,FileSystemStorage,65536,1,65781,150210,34258
1779838568.892718,spill,FileSystemStorage,65536,1,65781,138364,40108
1779838568.892960,spill,FileSystemStorage,65536,3,197343,221847,95456
1779838568.893036,spill,FileSystemStorage,65536,2,131562,233882,78603
1779838568.893139,spill,FileSystemStorage,65536,4,263124,257848,115918
1779838568.893234,spill,FileSystemStorage,65536,2,131562,237222,61411
1779838568.893473,spill,FileSystemStorage,65536,2,131562,184735,72635
1779838568.893528,spill,FileSystemStorage,65536,1,65781,155352,34815
1779838568.893548,spill,FileSystemStorage,65536,1,65781,141291,41834
1779838568.893831,spill,FileSystemStorage,65536,1,65781,143419,37391
1779838568.893835,spill,FileSystemStorage,65536,1,65781,149909,45432
1779838568.893898,spill,FileSystemStorage,65536,1,65781,118790,32537
1779838568.893984,spill,FileSystemStorage,65536,1,65781,147108,35971
1779838568.894171,spill,FileSystemStorage,65536,1,65781,136182,41735
1779838568.894373,spill,FileSystemStorage,65536,2,131562,166832,60395
1779838568.894427,spill,FileSystemStorage,65536,1,65781,161543,40306
1779838568.894440,spill,FileSystemStorage,65536,1,65781,167070,47489
1779838568.894553,spill,FileSystemStorage,65536,2,131562,173434,60141
1779838568.894712,spill,FileSystemStorage,65536,1,65781,126145,35282
1779838568.894994,spill,FileSystemStorage,65536,1,65781,191551,46655
1779838568.895000,spill,FileSystemStorage,65536,2,131562,255509,88012
1779838568.895108,spill,FileSystemStorage,65536,2,131562,213512,70706
1779838568.895208,spill,FileSystemStorage,65536,1,65781,130438,32427
1779838568.895388,spill,FileSystemStorage,65536,1,65781,144563,39537
1779838568.895499,spill,FileSystemStorage,65536,1,65781,164311,33538
1779838568.895587,spill,FileSystemStorage,65536,1,65781,139855,39791
1779838568.895766,spill,FileSystemStorage,65536,1,65781,199577,34881
1779838568.895867,spill,FileSystemStorage,65536,2,131562,203121,82312
1779838568.895978,spill,FileSystemStorage,65536,2,131562,181542,61294
1779838568.896086,spill,FileSystemStorage,65536,2,131562,180872,64090
1779838568.896180,spill,FileSystemStorage,65536,1,65781,145129,35464
1779838568.896360,spill,FileSystemStorage,65536,2,131562,197018,77548
1779838568.896383,spill,FileSystemStorage,65536,1,65781,136367,35532
1779838568.896622,spill,FileSystemStorage,65536,3,197343,238613,94749
1779838568.896796,spill,FileSystemStorage,65536,3,197343,235008,86505
1779838568.896855,spill,FileSystemStorage,65536,1,65781,130694,39013
1779838568.896991,spill,FileSystemStorage,65536,4,263124,311923,151834
1779838568.897009,spill,FileSystemStorage,65536,1,65781,128600,38840
1779838568.897255,spill,FileSystemStorage,65536,1,65781,125942,45762
1779838568.897268,spill,FileSystemStorage,65536,2,131562,183382,72564
1779838568.897416,spill,FileSystemStorage,65536,1,65781,130093,35881
1779838568.897429,spill,FileSystemStorage,65536,2,131562,165695,61780
1779838568.897895,spill,FileSystemStorage,65536,1,65781,397079,34709
1779838568.898037,spill,FileSystemStorage,65536,4,263124,446513,120556
1779838568.898331,spill,FileSystemStorage,65536,2,131562,220282,89652
1779838568.898412,spill,FileSystemStorage,65536,2,131562,194930,69306
1779838568.898464,spill,FileSystemStorage,65536,2,131562,195119,64717
1779838568.898463,spill,FileSystemStorage,65536,3,197343,373343,112986
1779838568.898743,spill,FileSystemStorage,65536,1,65781,136574,42868
1779838568.898830,spill,FileSystemStorage,65536,2,131562,176184,62339
1779838568.898862,spill,FileSystemStorage,65536,1,65781,137648,37263
1779838568.899025,spill,FileSystemStorage,65536,2,131562,248367,89331
1779838568.899148,spill,FileSystemStorage,65536,1,65781,150901,41386
1779838568.899384,spill,FileSystemStorage,65536,2,131562,188005,67313
1779838568.899398,spill,FileSystemStorage,65536,3,197343,236821,98189
1779838568.899545,spill,FileSystemStorage,65536,1,65781,195242,49731
1779838568.899555,spill,FileSystemStorage,65536,1,65781,126231,43489
1779838568.899830,spill,FileSystemStorage,65536,2,131562,178775,60635
1779838568.899953,spill,FileSystemStorage,65536,2,131562,185065,69268
1779838568.899971,spill,FileSystemStorage,65536,1,65781,138194,35662
1779838568.900027,spill,FileSystemStorage,65536,1,65781,142710,42088
1779838568.900363,spill,FileSystemStorage,65536,1,65781,224837,48769
1779838568.900430,spill,FileSystemStorage,65536,2,131562,174890,67852
1779838568.900481,spill,FileSystemStorage,65536,2,131562,187490,70931
1779838568.900502,spill,FileSystemStorage,65536,1,65781,123854,44876
1779838568.900777,spill,FileSystemStorage,65536,1,65781,136461,31780
1779838568.900835,spill,FileSystemStorage,65536,1,65781,119615,35433
1779838568.900898,spill,FileSystemStorage,65536,1,65781,114884,33124
1779838568.901068,spill,FileSystemStorage,65536,2,131562,200242,79247
1779838568.901168,spill,FileSystemStorage,65536,1,65781,137180,34852
1779838568.901269,spill,FileSystemStorage,65536,1,65781,122913,36460
1779838568.901384,spill,FileSystemStorage,65536,2,131562,159249,61895
1779838568.901443,spill,FileSystemStorage,65536,1,65781,144022,41936
1779838568.901556,spill,FileSystemStorage,65536,1,65781,140638,37040
1779838568.901620,spill,FileSystemStorage,65536,1,65781,109767,31256
1779838568.901842,spill,FileSystemStorage,65536,3,197343,220370,90868
1779838568.901869,spill,FileSystemStorage,65536,1,65781,141875,45748
1779838568.901940,spill,FileSystemStorage,65536,1,65781,123259,37019
1779838568.901957,spill,FileSystemStorage,65536,1,65781,101275,32962
1779838568.902222,spill,FileSystemStorage,65536,1,65781,149731,40935
1779838568.902252,spill,FileSystemStorage,65536,1,65781,132800,39342
1779838568.902355,spill,FileSystemStorage,65536,1,65781,135615,37655
1779838568.902362,spill,FileSystemStorage,65536,1,65781,174895,48053
1779838568.902616,spill,FileSystemStorage,65536,1,65781,123969,44591
1779838568.902699,spill,FileSystemStorage,65536,1,65781,213068,46617
1779838568.902777,spill,FileSystemStorage,65536,1,65781,128613,36541
1779838568.902928,spill,FileSystemStorage,65536,2,131562,252766,95705
1779838568.903005,spill,FileSystemStorage,65536,1,65781,163378,40853
1779838568.903275,spill,FileSystemStorage,65536,2,131562,200902,68080
1779838568.903448,spill,FileSystemStorage,65536,1,65781,124693,31979
1779838568.903744,spill,FileSystemStorage,65536,1,65781,172311,42443
1779838568.903752,spill,FileSystemStorage,65536,1,65781,138285,48291
1779838568.904008,spill,FileSystemStorage,65536,1,65781,156435,34206
1779838568.904166,spill,FileSystemStorage,65536,1,65781,140481,37367
1779838568.904262,spill,FileSystemStorage,65536,1,65781,143594,34637
1779838568.904345,spill,FileSystemStorage,65536,2,131562,189638,77233
1779838568.904435,spill,FileSystemStorage,65536,1,65781,132120,36137
1779838568.904620,spill,FileSystemStorage,65536,2,131562,170547,59568
1779838568.904730,spill,FileSystemStorage,65536,1,65781,156698,38265
1779838568.904747,spill,FileSystemStorage,65536,1,65781,150015,46134
1779838568.904828,spill,FileSystemStorage,65536,2,131562,170997,62719
1779838568.905133,spill,FileSystemStorage,65536,1,65781,136311,39905
1779838568.905156,spill,FileSystemStorage,65536,1,65781,134718,50730
1779838568.905330,spill,FileSystemStorage,65536,1,65781,142794,35320
1779838568.905362,spill,FileSystemStorage,65536,1,65781,131014,37206
1779838568.905512,spill,FileSystemStorage,65536,1,65781,129818,43144
1779838568.905566,spill,FileSystemStorage,65536,1,65781,122443,39348
1779838568.905797,spill,FileSystemStorage,65536,1,65781,115369,38600
1779838568.905876,spill,FileSystemStorage,65536,1,65781,152045,45735
1779838568.906039,spill,FileSystemStorage,65536,1,65781,129484,45287
1779838568.906060,spill,FileSystemStorage,65536,2,131562,215373,79408
1779838568.906158,spill,FileSystemStorage,65536,1,65781,134232,43375
1779838568.906501,spill,FileSystemStorage,65536,1,65781,160417,46073
1779838568.906512,spill,FileSystemStorage,65536,1,65781,125964,35095
1779838568.906502,spill,FileSystemStorage,65536,1,65781,268007,66842
1779838568.906545,spill,FileSystemStorage,65536,1,65781,129757,32063
1779838568.906836,spill,FileSystemStorage,65536,1,65781,118275,40121
1779838568.907042,spill,FileSystemStorage,65536,1,65781,179276,59027
1779838568.907072,spill,FileSystemStorage,65536,2,131562,227760,86899
1779838568.907424,spill,FileSystemStorage,65536,1,65781,472865,48466
1779838568.907452,spill,FileSystemStorage,65536,2,131562,301244,71180
1779838568.907457,spill,FileSystemStorage,65536,1,65781,140364,38585
1779838568.907520,spill,FileSystemStorage,65536,2,131562,185413,62843
1779838568.908249,spill,FileSystemStorage,65536,1,65781,390360,35414
1779838568.908268,spill,FileSystemStorage,65536,1,65781,251967,39069
1779838568.908271,spill,FileSystemStorage,65536,1,65781,271654,38739
1779838568.908315,spill,FileSystemStorage,65536,1,65781,162525,34774
1779838568.908799,spill,FileSystemStorage,65536,3,197343,328758,86347
1779838568.909050,spill,FileSystemStorage,65536,1,65781,236776,37407
1779838568.909122,spill,FileSystemStorage,65536,2,131562,274315,68320
1779838568.909183,spill,FileSystemStorage,65536,2,131562,230852,72497
1779838568.909461,spill,FileSystemStorage,65536,1,65781,223398,33059
1779838568.909483,spill,FileSystemStorage,65536,1,65781,166999,32902
1779838568.909906,spill,FileSystemStorage,65536,1,65781,161997,35276
1779838568.909997,spill,FileSystemStorage,65536,2,131562,211757,67922
1779838568.909979,spill,FileSystemStorage,65536,1,65781,387780,66196
1779838568.910000,spill,FileSystemStorage,65536,1,65781,193753,49643
1779838568.910451,spill,FileSystemStorage,65536,4,263124,298390,112103
1779838568.910649,spill,FileSystemStorage,65536,1,65781,241643,34370
1779838568.910720,spill,FileSystemStorage,65536,1,65781,175008,45692
1779838568.910720,spill,FileSystemStorage,65536,1,65781,192798,51624
1779838568.910785,spill,FileSystemStorage,65536,1,65781,125113,31483
1779838568.911055,spill,FileSystemStorage,65536,1,65781,161566,36596
1779838568.911113,spill,FileSystemStorage,65536,1,65781,163061,34973
1779838568.911148,spill,FileSystemStorage,65536,1,65781,135857,32188
1779838568.911215,spill,FileSystemStorage,65536,1,65781,145841,34522
1779838568.911618,spill,FileSystemStorage,65536,1,65781,141601,42513
1779838568.911687,spill,FileSystemStorage,65536,1,65781,118556,37540
1779838568.911699,spill,FileSystemStorage,65536,4,263124,248620,124925
1779838568.911748,spill,FileSystemStorage,65536,1,65781,136288,37186
1779838568.911952,spill,FileSystemStorage,65536,1,65781,136463,44433
1779838568.912051,spill,FileSystemStorage,65536,1,65781,148905,46937
1779838568.912120,spill,FileSystemStorage,65536,2,131562,163774,59444
1779838568.912214,spill,FileSystemStorage,65536,1,65781,123129,30858
1779838568.912449,spill,FileSystemStorage,65536,2,131562,175872,59401
1779838568.912581,spill,FileSystemStorage,65536,1,65781,123957,30281
1779838568.912795,spill,FileSystemStorage,65536,1,65781,141441,43472
1779838568.912872,spill,FileSystemStorage,65536,1,65781,137778,38948
1779838568.912951,spill,FileSystemStorage,65536,1,65781,135096,44812
1779838568.913054,spill,FileSystemStorage,65536,1,65781,123261,31915
1779838568.913269,spill,FileSystemStorage,65536,2,131562,167157,65824
1779838568.913542,spill,FileSystemStorage,65536,1,65781,120092,37241
1779838568.913638,spill,FileSystemStorage,65536,4,263124,305995,137587
1779838568.913672,spill,FileSystemStorage,65536,2,131562,175663,74018
1779838568.913741,spill,FileSystemStorage,65536,1,65781,136576,44652
1779838568.914040,spill,FileSystemStorage,65536,1,65781,149601,37203
1779838568.914043,spill,FileSystemStorage,65536,1,65781,126438,35322
1779838568.914031,spill,FileSystemStorage,65536,1,65781,216492,45678
1779838568.914209,spill,FileSystemStorage,65536,2,131562,209050,69006
1779838568.914433,spill,FileSystemStorage,65536,1,65781,154391,36178
1779838568.914440,spill,FileSystemStorage,65536,1,65781,117352,35214
1779838568.914642,spill,FileSystemStorage,65536,1,65781,169846,44809
1779838568.914658,spill,FileSystemStorage,65536,1,65781,125498,34227
1779838568.914924,spill,FileSystemStorage,65536,1,65781,147868,51708
1779838568.914926,spill,FileSystemStorage,65536,2,131562,200589,80715
1779838568.915258,spill,FileSystemStorage,65536,1,65781,190900,48615
1779838568.915275,spill,FileSystemStorage,65536,1,65781,201110,50845
1779838568.915349,spill,FileSystemStorage,65536,1,65781,121191,32167
1779838568.915429,spill,FileSystemStorage,65536,1,65781,134423,34767
1779838568.915724,spill,FileSystemStorage,65536,1,65781,125564,34607
1779838568.915821,spill,FileSystemStorage,65536,2,131562,214947,78004
1779838568.915834,spill,FileSystemStorage,65536,2,131562,163257,67582
1779838568.915824,spill,FileSystemStorage,65536,2,131562,269386,99323
1779838568.916091,spill,FileSystemStorage,65536,2,131562,153485,60931
1779838568.916182,spill,FileSystemStorage,65536,1,65781,117497,34080
1779838568.916252,spill,FileSystemStorage,65536,1,65781,134271,31299
1779838568.916440,spill,FileSystemStorage,65536,1,65781,207795,52250
1779838568.916493,spill,FileSystemStorage,65536,1,65781,136338,45581
1779838568.916774,spill,FileSystemStorage,65536,2,131562,175006,62517
1779838568.916800,spill,FileSystemStorage,65536,1,65781,229990,45798
1779838568.916917,spill,FileSystemStorage,65536,1,65781,142924,41411
1779838568.916935,spill,FileSystemStorage,65536,1,65781,203571,56152
1779838568.917421,spill,FileSystemStorage,65536,2,131562,195435,71676
1779838568.917522,spill,FileSystemStorage,65536,3,197343,232353,92164
1779838568.917657,spill,FileSystemStorage,65536,1,65781,238456,65296
1779838568.917735,spill,FileSystemStorage,65536,3,197343,330375,133614
1779838568.917901,spill,FileSystemStorage,65536,1,65781,118243,32607
1779838568.917977,spill,FileSystemStorage,65536,1,65781,133753,38603
1779838568.918330,spill,FileSystemStorage,65536,1,65781,222071,35229
1779838568.918326,spill,FileSystemStorage,65536,1,65781,337013,56405
1779838568.918469,spill,FileSystemStorage,65536,2,131562,254401,75467
1779838568.918747,spill,FileSystemStorage,65536,1,65781,161991,36019
1779838568.918746,spill,FileSystemStorage,65536,2,131562,299916,66686
1779838568.919077,spill,FileSystemStorage,65536,1,65781,238576,51864
1779838568.919148,spill,FileSystemStorage,65536,1,65781,195442,45922
1779838568.919495,spill,FileSystemStorage,65536,2,131562,414141,66398
1779838568.919732,spill,FileSystemStorage,65536,5,328905,543710,168312
1779838568.919821,spill,FileSystemStorage,65536,1,65781,152197,43872
1779838568.919817,spill,FileSystemStorage,65536,1,65781,257549,55391
1779838568.920105,spill,FileSystemStorage,65536,1,65781,363732,34237
1779838568.920468,spill,FileSystemStorage,65536,1,65781,130875,36330
1779838568.920518,spill,FileSystemStorage,65536,2,131562,273618,82718
1779838568.920560,spill,FileSystemStorage,65536,2,131562,178739,65777
1779838568.920550,spill,FileSystemStorage,65536,1,65781,197295,59223
1779838568.921119,spill,FileSystemStorage,65536,1,65781,188603,36117
1779838568.921162,spill,FileSystemStorage,65536,1,65781,165881,39004
1779838568.921168,spill,FileSystemStorage,65536,1,65781,176864,44844
1779838568.921187,spill,FileSystemStorage,65536,1,65781,211270,55107
1779838568.921715,spill,FileSystemStorage,65536,1,65781,153671,36375
1779838568.921772,spill,FileSystemStorage,65536,2,131562,183732,63549
1779838568.921788,spill,FileSystemStorage,65536,1,65781,121030,32263
1779838568.921918,spill,FileSystemStorage,65536,1,65781,203470,54518
1779838568.922083,spill,FileSystemStorage,65536,1,65781,138575,41769
1779838568.922200,spill,FileSystemStorage,65536,1,65781,123586,37888
1779838568.922280,spill,FileSystemStorage,65536,1,65781,218709,46642
1779838568.922391,spill,FileSystemStorage,65536,1,65781,196518,55027
1779838568.922494,spill,FileSystemStorage,65536,1,65781,141406,34731
1779838568.922538,spill,FileSystemStorage,65536,1,65781,120658,30210
1779838568.922777,spill,FileSystemStorage,65536,2,131562,194944,62625
1779838568.922862,spill,FileSystemStorage,65536,1,65781,116241,36518
1779838568.922879,spill,FileSystemStorage,65536,1,65781,222272,58897
1779838568.923092,spill,FileSystemStorage,65536,2,131562,212142,93358
1779838568.923191,spill,FileSystemStorage,65536,1,65781,156305,36769
1779838568.923375,spill,FileSystemStorage,65536,2,131562,187537,64103
1779838568.923509,spill,FileSystemStorage,65536,1,65781,142349,39883
1779838568.923580,spill,FileSystemStorage,65536,1,65781,122647,34763
1779838568.923582,spill,FileSystemStorage,65536,2,131562,270472,98141
1779838568.923786,spill,FileSystemStorage,65536,1,65781,120619,31511
1779838568.923909,spill,FileSystemStorage,65536,1,65781,149858,33737
1779838568.924181,spill,FileSystemStorage,65536,1,65781,148186,33571
1779838568.924232,spill,FileSystemStorage,65536,1,65781,230084,60206
1779838568.924242,spill,FileSystemStorage,65536,1,65781,191416,45028
1779838568.924477,spill,FileSystemStorage,65536,2,131562,265156,82375
1779838568.924498,spill,FileSystemStorage,65536,1,65781,107456,34536
1779838568.924763,spill,FileSystemStorage,65536,2,131562,218523,72755
1779838568.924841,spill,FileSystemStorage,65536,1,65781,193350,50581
1779838568.924951,spill,FileSystemStorage,65536,2,131562,191111,62948
1779838568.924973,spill,FileSystemStorage,65536,1,65781,112872,31616
1779838568.925170,spill,FileSystemStorage,65536,2,131562,170950,58467
1779838568.925365,spill,FileSystemStorage,65536,1,65781,141426,34631
1779838568.925406,spill,FileSystemStorage,65536,1,65781,209629,53943
1779838568.925463,spill,FileSystemStorage,65536,2,131562,172144,59502
1779838568.925549,spill,FileSystemStorage,65536,1,65781,129423,34110
1779838568.925738,spill,FileSystemStorage,65536,1,65781,144579,38396
1779838568.925887,spill,FileSystemStorage,65536,1,65781,157963,45439
1779838568.925916,spill,FileSystemStorage,65536,1,65781,208835,55332
1779838568.925943,spill,FileSystemStorage,65536,1,65781,122577,42937
1779838568.926095,spill,FileSystemStorage,65536,1,65781,142262,40422
1779838568.926240,spill,FileSystemStorage,65536,2,131562,167967,58059
1779838568.926310,spill,FileSystemStorage,65536,2,131562,163842,60095
1779838568.926450,spill,FileSystemStorage,65536,1,65781,132346,42078
1779838568.926503,spill,FileSystemStorage,65536,2,131562,276195,96488
1779838568.926619,spill,FileSystemStorage,65536,1,65781,117939,36218
1779838568.926733,spill,FileSystemStorage,65536,1,65781,150995,32317
1779838568.926836,spill,FileSystemStorage,65536,2,131562,180187,64856
1779838568.927023,spill,FileSystemStorage,65536,1,65781,174792,61090
1779838568.927225,spill,FileSystemStorage,65536,3,197343,368100,127879
1779838568.927259,spill,FileSystemStorage,65536,2,131562,182052,67337
1779838568.927372,spill,FileSystemStorage,65536,1,65781,129073,36912
1779838568.927533,spill,FileSystemStorage,65536,1,65781,173631,38360
1779838568.927672,spill,FileSystemStorage,65536,1,65781,132118,32696
1779838568.927782,spill,FileSystemStorage,65536,1,65781,209820,57740
1779838568.927825,spill,FileSystemStorage,65536,2,131562,175427,69308
1779838568.927993,spill,FileSystemStorage,65536,2,131562,191345,73827
1779838568.928244,spill,FileSystemStorage,65536,2,131562,187042,61453
1779838568.928269,spill,FileSystemStorage,65536,1,65781,154686,50286
1779838568.928419,spill,FileSystemStorage,65536,1,65781,125576,37066
1779838568.928565,spill,FileSystemStorage,65536,3,197343,349253,132721
1779838568.928651,spill,FileSystemStorage,65536,2,131562,172783,62452
1779838568.928663,spill,FileSystemStorage,65536,1,65781,140596,33412
1779838568.928743,spill,FileSystemStorage,65536,1,65781,127285,37832
1779838568.929000,spill,FileSystemStorage,65536,1,65781,131301,33682
1779838568.929093,spill,FileSystemStorage,65536,1,65781,129997,37174
1779838568.929111,spill,FileSystemStorage,65536,1,65781,218198,58206
1779838568.929208,spill,FileSystemStorage,65536,2,131562,176829,59948
1779838568.929474,spill,FileSystemStorage,65536,1,65781,135128,40184
1779838568.929542,spill,FileSystemStorage,65536,2,131562,283424,76994
1779838568.929605,spill,FileSystemStorage,65536,1,65781,198781,48740
1779838568.929722,spill,FileSystemStorage,65536,2,131562,222508,70452
1779838568.929977,spill,FileSystemStorage,65536,1,65781,141845,34652
1779838568.930069,spill,FileSystemStorage,65536,1,65781,252594,54584
1779838568.930098,spill,FileSystemStorage,65536,1,65781,201367,55945
1779838568.930137,spill,FileSystemStorage,65536,1,65781,125568,37945
1779838568.930377,spill,FileSystemStorage,65536,1,65781,123965,33740
1779838568.930487,spill,FileSystemStorage,65536,1,65781,161948,34168
1779838568.930569,spill,FileSystemStorage,65536,1,65781,191312,51964
1779838568.930706,spill,FileSystemStorage,65536,1,65781,121768,33680
1779838568.930695,spill,FileSystemStorage,65536,1,65781,232333,51675
1779838568.931037,spill,FileSystemStorage,65536,2,131562,243005,57666
1779838568.931096,spill,FileSystemStorage,65536,1,65781,241354,50159
1779838568.931373,spill,FileSystemStorage,65536,3,197343,290384,97931
1779838568.931389,spill,FileSystemStorage,65536,1,65781,181178,41281
1779838568.931561,spill,FileSystemStorage,65536,1,65781,241216,48310
1779838568.931672,spill,FileSystemStorage,65536,1,65781,223597,47866
1779838568.931886,spill,FileSystemStorage,65536,1,65781,161351,35448
1779838568.931955,spill,FileSystemStorage,65536,1,65781,161849,35441
1779838568.932129,spill,FileSystemStorage,65536,2,131562,216748,72380
1779838568.932337,spill,FileSystemStorage,65536,1,65781,141628,36439
1779838568.932346,spill,FileSystemStorage,65536,1,65781,215753,57551
1779838568.932525,spill,FileSystemStorage,65536,2,131562,202656,63681
1779838568.932693,spill,FileSystemStorage,65536,1,65781,162977,39228
1779838568.932893,spill,FileSystemStorage,65536,1,65781,125320,47726
1779838568.932902,spill,FileSystemStorage,65536,1,65781,214912,57382
1779838568.933148,spill,FileSystemStorage,65536,2,131562,199493,63682
1779838568.933259,spill,FileSystemStorage,65536,2,131562,200621,68529
1779838568.933342,spill,FileSystemStorage,65536,1,65781,112922,33128
1779838568.933497,spill,FileSystemStorage,65536,1,65781,212772,53231
1779838568.933547,spill,FileSystemStorage,65536,1,65781,130204,32559
1779838568.933652,spill,FileSystemStorage,65536,1,65781,135878,41737
1779838568.933726,spill,FileSystemStorage,65536,1,65781,137530,32035
1779838568.934017,spill,FileSystemStorage,65536,1,65781,219030,55028
1779838568.934039,spill,FileSystemStorage,65536,2,131562,177162,65928
1779838568.934117,spill,FileSystemStorage,65536,2,131562,189123,66028
1779838568.934134,spill,FileSystemStorage,65536,1,65781,120659,37607
1779838568.934517,spill,FileSystemStorage,65536,3,197343,219782,86023
1779838568.934562,spill,FileSystemStorage,65536,1,65781,140922,40903
1779838568.934629,spill,FileSystemStorage,65536,2,131562,243480,81333
1779838568.934650,spill,FileSystemStorage,65536,2,131562,278612,97872
1779838568.934948,spill,FileSystemStorage,65536,2,131562,188069,77996
1779838568.935037,spill,FileSystemStorage,65536,1,65781,149240,33416
1779838568.935215,spill,FileSystemStorage,65536,1,65781,167510,38811
1779838568.935381,spill,FileSystemStorage,65536,1,65781,221117,53922
1779838568.935436,spill,FileSystemStorage,65536,1,65781,170600,42977
1779838568.935470,spill,FileSystemStorage,65536,1,65781,138316,38265
1779838568.935605,spill,FileSystemStorage,65536,1,65781,149416,38829
1779838568.935887,spill,FileSystemStorage,65536,1,65781,133010,34778
1779838568.935925,spill,FileSystemStorage,65536,1,65781,150311,39043
1779838568.935955,spill,FileSystemStorage,65536,1,65781,131669,33098
1779838568.935940,spill,FileSystemStorage,65536,1,65781,222945,58126
1779838568.936397,spill,FileSystemStorage,65536,2,131562,195932,71456
1779838568.936410,spill,FileSystemStorage,65536,2,131562,253952,76164
1779838568.936468,spill,FileSystemStorage,65536,2,131562,269084,80330
1779838568.936535,spill,FileSystemStorage,65536,1,65781,213424,55807
1779838568.936733,spill,FileSystemStorage,65536,1,65781,133513,34861
1779838568.936882,spill,FileSystemStorage,65536,1,65781,134736,37932
1779838568.937105,spill,FileSystemStorage,65536,3,197343,243220,91462
1779838568.937150,spill,FileSystemStorage,65536,1,65781,125892,33636
1779838568.937146,spill,FileSystemStorage,65536,1,65781,227074,56884
1779838568.937267,spill,FileSystemStorage,65536,1,65781,116261,31561
1779838568.937465,spill,FileSystemStorage,65536,1,65781,143790,38043
1779838568.937717,spill,FileSystemStorage,65536,1,65781,206751,56261
1779838568.937744,spill,FileSystemStorage,65536,2,131562,183857,70108
1779838568.937758,spill,FileSystemStorage,65536,1,65781,146889,40468
1779838568.937863,spill,FileSystemStorage,65536,1,65781,138068,40587
1779838568.938195,spill,FileSystemStorage,65536,2,131562,197793,72835
1779838568.938203,spill,FileSystemStorage,65536,2,131562,177167,65873
1779838568.938293,spill,FileSystemStorage,65536,3,197343,331591,132618
1779838568.938343,spill,FileSystemStorage,65536,1,65781,156221,42242
1779838568.938559,spill,FileSystemStorage,65536,1,65781,109661,32742
1779838568.938628,spill,FileSystemStorage,65536,1,65781,138423,35729
1779838568.938721,spill,FileSystemStorage,65536,1,65781,125119,36695
1779838568.938875,spill,FileSystemStorage,65536,1,65781,208030,53887
1779838568.938924,spill,FileSystemStorage,65536,1,65781,129614,34105
1779838568.939028,spill,FileSystemStorage,65536,1,65781,191048,64249
1779838568.939196,spill,FileSystemStorage,65536,1,65781,168977,44387
1779838568.939622,spill,FileSystemStorage,65536,1,65781,122170,31396
1779838568.939897,spill,FileSystemStorage,65536,1,65781,233865,64366
1779838568.939908,spill,FileSystemStorage,65536,1,65781,202499,55147
1779838568.939931,spill,FileSystemStorage,65536,1,65781,128395,36799
1779838568.940173,spill,FileSystemStorage,65536,2,131562,174543,60835
1779838568.940473,spill,FileSystemStorage,65536,1,65781,207466,51282
1779838568.940557,spill,FileSystemStorage,65536,1,65781,118661,31434
1779838568.940609,spill,FileSystemStorage,65536,1,65781,177631,38165
1779838568.940647,spill,FileSystemStorage,65536,1,65781,153607,36323
1779838568.940960,spill,FileSystemStorage,65536,1,65781,143948,31536
1779838568.941082,spill,FileSystemStorage,65536,2,131562,289266,97417
1779838568.941113,spill,FileSystemStorage,65536,1,65781,141209,36189
1779838568.941153,spill,FileSystemStorage,65536,2,131562,249386,96293
1779838568.941439,spill,FileSystemStorage,65536,1,65781,128626,34093
1779838568.941678,spill,FileSystemStorage,65536,1,65781,234113,52587
1779838568.941752,spill,FileSystemStorage,65536,2,131562,176969,65037
1779838568.941777,spill,FileSystemStorage,65536,1,65781,212719,52640
1779838568.941983,spill,FileSystemStorage,65536,1,65781,213970,42133
1779838568.942228,spill,FileSystemStorage,65536,1,65781,224699,52053
1779838568.942267,spill,FileSystemStorage,65536,1,65781,198468,49650
1779838568.942373,spill,FileSystemStorage,65536,1,65781,152951,45524
1779838568.942479,spill,FileSystemStorage,65536,1,65781,127245,32578
1779838568.942788,spill,FileSystemStorage,65536,1,65781,126241,35650
1779838568.942821,spill,FileSystemStorage,65536,2,131562,279541,94156
1779838568.942960,spill,FileSystemStorage,65536,1,65781,145671,37118
1779838568.943029,spill,FileSystemStorage,65536,1,65781,264654,77260
1779838568.943474,spill,FileSystemStorage,65536,1,65781,219815,60516
1779838568.943618,spill,FileSystemStorage,65536,3,197343,281268,102910
1779838568.943801,spill,FileSystemStorage,65536,1,65781,124958,34885
1779838568.944053,spill,FileSystemStorage,65536,1,65781,203347,52877
1779838568.944095,spill,FileSystemStorage,65536,2,131562,273896,94388
1779838568.944226,spill,FileSystemStorage,65536,1,65781,129001,32794
1779838568.944402,spill,FileSystemStorage,65536,1,65781,173514,37111
1779838568.944634,spill,FileSystemStorage,65536,2,131562,263082,88361
1779838568.944683,spill,FileSystemStorage,65536,1,65781,114061,33708
1779838568.944789,spill,FileSystemStorage,65536,2,131562,284447,93457
1779838568.944873,spill,FileSystemStorage,65536,1,65781,131783,34184
1779838568.945094,spill,FileSystemStorage,65536,1,65781,130645,30903
1779838568.945148,spill,FileSystemStorage,65536,1,65781,208209,52481
1779838568.945428,spill,FileSystemStorage,65536,1,65781,146952,40484
1779838568.945419,spill,FileSystemStorage,65536,1,65781,213352,50757
1779838568.945523,spill,FileSystemStorage,65536,1,65781,108557,38994
1779838568.945761,spill,FileSystemStorage,65536,1,65781,216091,40216
1779838568.945837,spill,FileSystemStorage,65536,1,65781,122541,32601
1779838568.945986,spill,FileSystemStorage,65536,1,65781,205669,53381
1779838568.946197,spill,FileSystemStorage,65536,2,131562,192190,67774
1779838568.946208,spill,FileSystemStorage,65536,1,65781,137234,40282
1779838568.946230,spill,FileSystemStorage,65536,2,131562,193072,71060
1779838568.946516,spill,FileSystemStorage,65536,1,65781,209025,54396
1779838568.946658,spill,FileSystemStorage,65536,2,131562,193078,67998
1779838568.946671,spill,FileSystemStorage,65536,1,65781,136637,39307
1779838568.946919,spill,FileSystemStorage,65536,1,65781,184625,49987
1779838568.947062,spill,FileSystemStorage,65536,1,65781,245484,74753
1779838568.947188,spill,FileSystemStorage,65536,3,197343,270835,90105
1779838568.947260,spill,FileSystemStorage,65536,2,131562,229128,72526
1779838568.947776,spill,FileSystemStorage,65536,1,65781,218761,55316
1779838568.947917,spill,FileSystemStorage,65536,1,65781,188450,49812
1779838568.947990,spill,FileSystemStorage,65536,1,65781,150435,36828
1779838568.948043,spill,FileSystemStorage,65536,1,65781,149579,43304
1779838568.948351,spill,FileSystemStorage,65536,2,131562,272701,96622
1779838568.948495,spill,FileSystemStorage,65536,1,65781,124840,39251
1779838568.948570,spill,FileSystemStorage,65536,1,65781,139943,39732
1779838568.948581,spill,FileSystemStorage,65536,3,197343,230338,96848
1779838568.948874,spill,FileSystemStorage,65536,1,65781,215550,51160
1779838568.948899,spill,FileSystemStorage,65536,1,65781,136908,33332
1779838568.949011,spill,FileSystemStorage,65536,1,65781,120953,33000
1779838568.949081,spill,FileSystemStorage,65536,2,131562,162836,65360
1779838568.949433,spill,FileSystemStorage,65536,2,131562,163055,63239
1779838568.949648,spill,FileSystemStorage,65536,1,65781,208720,52426
1779838568.949800,spill,FileSystemStorage,65536,3,197343,258743,94420
1779838568.949832,spill,FileSystemStorage,65536,2,131562,215537,78432
1779838568.949943,spill,FileSystemStorage,65536,2,131562,163484,67219
1779838568.950160,spill,FileSystemStorage,65536,1,65781,209586,52305
1779838568.950443,spill,FileSystemStorage,65536,1,65781,194063,37471
1779838568.950711,spill,FileSystemStorage,65536,2,131562,192047,76045
1779838568.950723,spill,FileSystemStorage,65536,3,197343,244872,107529
1779838568.950941,spill,FileSystemStorage,65536,1,65781,159946,36466
1779838568.950939,spill,FileSystemStorage,65536,1,65781,231487,68729
1779838568.951299,spill,FileSystemStorage,65536,2,131562,212210,75274
1779838568.951375,spill,FileSystemStorage,65536,4,263124,321531,131394
1779838568.951463,spill,FileSystemStorage,65536,2,131562,216438,76818
1779838568.951520,spill,FileSystemStorage,65536,1,65781,216871,49680
1779838568.952048,spill,FileSystemStorage,65536,1,65781,141541,35967
1779838568.952055,spill,FileSystemStorage,65536,2,131562,198869,70636
1779838568.952343,spill,FileSystemStorage,65536,2,131562,186218,60681
1779838570.475040,spill,FileSystemStorage,65536,1652,108670212,99700400,58125132
1779838570.479113,spill,FileSystemStorage,65536,3,197343,433453,125385
1779838570.498223,spill,FileSystemStorage,65536,2000,131562000,130096657,66209695
1779838570.507827,spill,FileSystemStorage,65536,2000,131562000,137876365,72474009
1779838570.508326,spill,FileSystemStorage,65536,2000,131562000,136085651,70795091
1779838570.510937,spill,FileSystemStorage,65536,1,65781,315082,75108
1779838570.514230,spill,FileSystemStorage,65536,4,263124,408757,139260
1779838570.528322,spill,FileSystemStorage,65536,1,65781,266948,48314
1779838570.544009,spill,FileSystemStorage,65536,2,131562,356177,74305
1779838570.556673,spill,FileSystemStorage,65536,1,65781,548803,52696
1779838570.558106,spill,FileSystemStorage,65536,1,65781,278769,45483
1779838570.560020,spill,FileSystemStorage,65536,1,65781,585346,51501
1779838570.561126,spill,FileSystemStorage,65536,5,328905,459570,157602
1779838570.561810,spill,FileSystemStorage,65536,4,263124,388853,131753
1779838570.562926,spill,FileSystemStorage,65536,1,65781,242978,60434
1779838570.563926,spill,FileSystemStorage,65536,1,65781,249476,46454
1779838570.566226,spill,FileSystemStorage,65536,5,328905,397265,153503
1779838570.567018,spill,FileSystemStorage,65536,6,394686,587340,241648
1779838570.568136,spill,FileSystemStorage,65536,5,328905,402994,153448
1779838570.568216,spill,FileSystemStorage,65536,1,65781,514149,51195
1779838570.569513,spill,FileSystemStorage,65536,6,394686,436637,181575
1779838570.570234,spill,FileSystemStorage,65536,8,526248,488344,223190
1779838570.572331,spill,FileSystemStorage,65536,2,131562,237837,70585
1779838570.573260,spill,FileSystemStorage,65536,7,460467,535772,212957
1779838570.573518,spill,FileSystemStorage,65536,1,65781,219881,47110
1779838570.574051,spill,FileSystemStorage,65536,4,263124,358322,125692
1779838570.575170,spill,FileSystemStorage,65536,1,65781,258283,47679
1779838570.576339,spill,FileSystemStorage,65536,2,131562,246458,71976
1779838570.576776,spill,FileSystemStorage,65536,4,263124,338596,124088
1779838570.577600,spill,FileSystemStorage,65536,11,723591,680258,306082
1779838570.579136,spill,FileSystemStorage,65536,3,197343,306144,120837
1779838570.579828,spill,FileSystemStorage,65536,2,131562,281370,75356
1779838570.579983,spill,FileSystemStorage,65536,1,65781,205660,40427
1779838570.581396,spill,FileSystemStorage,65536,6,394686,492225,202074
1779838570.582603,spill,FileSystemStorage,65536,1,65781,160813,39103
1779838570.583363,spill,FileSystemStorage,65536,3,197343,309606,96970
1779838570.583898,spill,FileSystemStorage,65536,4,263124,353887,124732
1779838570.585109,spill,FileSystemStorage,65536,1,65781,237168,48485
1779838570.586049,spill,FileSystemStorage,65536,1,65781,188257,41458
1779838570.587239,spill,FileSystemStorage,65536,5,328905,410624,149274
1779838570.587672,spill,FileSystemStorage,65536,1,65781,212883,49957
1779838570.588883,spill,FileSystemStorage,65536,2,131562,590019,80943
1779838570.589174,spill,FileSystemStorage,65536,1,65781,224290,43755
1779838570.590422,spill,FileSystemStorage,65536,2,131562,242028,69952
1779838570.590820,spill,FileSystemStorage,65536,1,65781,250781,48469
1779838570.591798,spill,FileSystemStorage,65536,1,65781,222719,45156
1779838570.591925,spill,FileSystemStorage,65536,3,197343,370700,120684
1779838570.593452,spill,FileSystemStorage,65536,1,65781,254849,54445
1779838570.593796,spill,FileSystemStorage,65536,1,65781,247230,45980
1779838570.595036,spill,FileSystemStorage,65536,3,197343,373254,143985
1779838570.595186,spill,FileSystemStorage,65536,1,65781,176398,40643
1779838570.596770,spill,FileSystemStorage,65536,1,65781,198415,43597
1779838570.597215,spill,FileSystemStorage,65536,1,65781,243232,43446
1779838570.598125,spill,FileSystemStorage,65536,1,65781,183888,51970
1779838570.598391,spill,FileSystemStorage,65536,1,65781,219571,44324
1779838570.599865,spill,FileSystemStorage,65536,1,65781,200635,40939
1779838570.600088,spill,FileSystemStorage,65536,1,65781,237469,55622
1779838570.601144,spill,FileSystemStorage,65536,7,460467,494433,213582
1779838570.601482,spill,FileSystemStorage,65536,8,526248,562287,242165
1779838570.602270,spill,FileSystemStorage,65536,2,131562,269035,80577
1779838570.602513,spill,FileSystemStorage,65536,3,197343,268205,103610
1779838570.603712,spill,FileSystemStorage,65536,2,131562,251144,70491
1779838570.604457,spill,FileSystemStorage,65536,7,460467,522072,214422
1779838570.605401,spill,FileSystemStorage,65536,3,197343,318877,103935
1779838570.605485,spill,FileSystemStorage,65536,1,65781,192258,40721
1779838570.606428,spill,FileSystemStorage,65536,3,197343,300769,112221
1779838570.606919,spill,FileSystemStorage,65536,1,65781,190721,50674
1779838570.608394,spill,FileSystemStorage,65536,2,131562,276887,84131
1779838570.608453,spill,FileSystemStorage,65536,3,197343,316135,101484
1779838570.609132,spill,FileSystemStorage,65536,3,197343,266119,99273
1779838570.609760,spill,FileSystemStorage,65536,3,197343,306921,98688
1779838570.610795,spill,FileSystemStorage,65536,2,131562,271550,77236
1779838570.610927,spill,FileSystemStorage,65536,4,263124,377672,160673
1779838570.612128,spill,FileSystemStorage,65536,1,65781,591781,63487
1779838570.612634,spill,FileSystemStorage,65536,1,65781,229755,45612
1779838570.613159,spill,FileSystemStorage,65536,1,65781,207697,43240
1779838570.613168,spill,FileSystemStorage,65536,2,131562,254546,70374
1779838570.613406,spill,FileSystemStorage,65536,1,65781,163703,40930
1779838570.613949,spill,FileSystemStorage,65536,1,65781,159875,36600
1779838570.614139,spill,FileSystemStorage,65536,1,65781,154607,39471
1779838570.614148,spill,FileSystemStorage,65536,1,65781,212367,50331
1779838570.614189,spill,FileSystemStorage,65536,3,197343,253879,100676
1779838570.614660,spill,FileSystemStorage,65536,1,65781,132821,35077
1779838570.614726,spill,FileSystemStorage,65536,1,65781,134296,32202
1779838570.614781,spill,FileSystemStorage,65536,1,65781,144929,39208
1779838570.615321,spill,FileSystemStorage,65536,3,197343,251569,103879
1779838570.615430,spill,FileSystemStorage,65536,1,65781,144679,39197
1779838570.615418,spill,FileSystemStorage,65536,8,526248,631080,258616
1779838570.615742,spill,FileSystemStorage,65536,1,65781,200593,41609
1779838570.615964,spill,FileSystemStorage,65536,1,65781,129259,30532
1779838570.616151,spill,FileSystemStorage,65536,1,65781,130473,36137
1779838570.616408,spill,FileSystemStorage,65536,1,65781,211966,40836
1779838570.616570,spill,FileSystemStorage,65536,2,131562,198293,70521
1779838570.616629,spill,FileSystemStorage,65536,1,65781,135960,34756
1779838570.616941,spill,FileSystemStorage,65536,1,65781,217602,48252
1779838570.617007,spill,FileSystemStorage,65536,1,65781,149857,35463
1779838570.617033,spill,FileSystemStorage,65536,1,65781,113631,37602
1779838570.617056,spill,FileSystemStorage,65536,1,65781,108501,34802
1779838570.617667,spill,FileSystemStorage,65536,1,65781,199305,34931
1779838570.617769,spill,FileSystemStorage,65536,4,263124,284748,131376
1779838570.617802,spill,FileSystemStorage,65536,1,65781,220406,44509
1779838570.618010,spill,FileSystemStorage,65536,4,263124,319373,128891
1779838570.618545,spill,FileSystemStorage,65536,3,197343,260576,102678
1779838570.618649,spill,FileSystemStorage,65536,3,197343,270532,110117
1779838570.618691,spill,FileSystemStorage,65536,3,197343,289880,123699
1779838570.618718,spill,FileSystemStorage,65536,8,526248,497453,269482
1779838570.619603,spill,FileSystemStorage,65536,3,197343,248317,100247
1779838570.619694,spill,FileSystemStorage,65536,4,263124,335128,142426
1779838570.619741,spill,FileSystemStorage,65536,3,197343,257316,107799
1779838570.619766,spill,FileSystemStorage,65536,5,328905,365497,171462
1779838570.620492,spill,FileSystemStorage,65536,2,131562,210779,80365
1779838570.620536,spill,FileSystemStorage,65536,1,65781,149453,41781
1779838570.620612,spill,FileSystemStorage,65536,3,197343,270856,123565
1779838570.620641,spill,FileSystemStorage,65536,4,263124,297593,147357
1779838570.621028,spill,FileSystemStorage,65536,1,65781,159869,38750
1779838570.621202,spill,FileSystemStorage,65536,3,197343,230710,94414
1779838570.621204,spill,FileSystemStorage,65536,2,131562,178266,67875
1779838570.621371,spill,FileSystemStorage,65536,1,65781,172258,41336
1779838570.621820,spill,FileSystemStorage,65536,5,328905,358008,148882
1779838570.621881,spill,FileSystemStorage,65536,1,65781,153252,40803
1779838570.621926,spill,FileSystemStorage,65536,3,197343,265626,111810
1779838570.621997,spill,FileSystemStorage,65536,1,65781,154707,37574
1779838570.622505,spill,FileSystemStorage,65536,2,131562,212062,75095
1779838570.622573,spill,FileSystemStorage,65536,1,65781,128692,32749
1779838570.622669,spill,FileSystemStorage,65536,1,65781,149936,34395
1779838570.622925,spill,FileSystemStorage,65536,1,65781,156989,52821
1779838570.622946,spill,FileSystemStorage,65536,1,65781,169972,45703
1779838570.622962,spill,FileSystemStorage,65536,1,65781,134975,34282
1779838570.623279,spill,FileSystemStorage,65536,2,131562,203403,63953
1779838570.623468,spill,FileSystemStorage,65536,1,65781,128665,37507
1779838570.623545,spill,FileSystemStorage,65536,1,65781,145055,36658
1779838570.623624,spill,FileSystemStorage,65536,2,131562,193596,65319
1779838570.623732,spill,FileSystemStorage,65536,1,65781,143733,37801
1779838570.624495,spill,FileSystemStorage,65536,4,263124,266071,116254
1779838570.624586,spill,FileSystemStorage,65536,2,131562,186240,61510
1779838570.624644,spill,FileSystemStorage,65536,1,65781,160829,42194
1779838570.624699,spill,FileSystemStorage,65536,2,131562,207903,64829
1779838570.625002,spill,FileSystemStorage,65536,1,65781,122657,33501
1779838570.625095,spill,FileSystemStorage,65536,1,65781,151085,36207
1779838570.625248,spill,FileSystemStorage,65536,1,65781,149163,42838
1779838570.625284,spill,FileSystemStorage,65536,3,197343,269407,113829
1779838570.625445,spill,FileSystemStorage,65536,3,197343,217763,93069
1779838570.625642,spill,FileSystemStorage,65536,1,65781,120176,40494
1779838570.625654,spill,FileSystemStorage,65536,3,197343,251031,100042
1779838570.625766,spill,FileSystemStorage,65536,1,65781,165380,36667
1779838570.625829,spill,FileSystemStorage,65536,1,65781,112311,30712
1779838570.626296,spill,FileSystemStorage,65536,7,460467,404538,208774
1779838570.626494,spill,FileSystemStorage,65536,4,263124,309167,147692
1779838570.626488,spill,FileSystemStorage,65536,4,263124,322040,157831
1779838570.626495,spill,FileSystemStorage,65536,7,460467,480641,252089
1779838570.626715,spill,FileSystemStorage,65536,1,65781,128360,36013
1779838570.626952,spill,FileSystemStorage,65536,1,65781,174563,39738
1779838570.627239,spill,FileSystemStorage,65536,5,328905,385612,197025
1779838570.627261,spill,FileSystemStorage,65536,4,263124,334345,138719
1779838570.627514,spill,FileSystemStorage,65536,4,263124,285414,131442
1779838570.627535,spill,FileSystemStorage,65536,2,131562,194214,68630
1779838570.627718,spill,FileSystemStorage,65536,1,65781,130115,35814
1779838570.627807,spill,FileSystemStorage,65536,2,131562,302304,82029
1779838570.628020,spill,FileSystemStorage,65536,1,65781,123999,35378
1779838570.628062,spill,FileSystemStorage,65536,3,197343,256448,95359
1779838570.628507,spill,FileSystemStorage,65536,2,131562,188801,64853
1779838570.628581,spill,FileSystemStorage,65536,1,65781,198143,45891
1779838570.628704,spill,FileSystemStorage,65536,1,65781,161247,37565
1779838570.628860,spill,FileSystemStorage,65536,5,328905,344319,150703
1779838570.629040,spill,FileSystemStorage,65536,2,131562,213397,74124
1779838570.629065,spill,FileSystemStorage,65536,1,65781,149445,37377
1779838570.629355,spill,FileSystemStorage,65536,1,65781,136881,33765
1779838570.629506,spill,FileSystemStorage,65536,7,460467,407628,205134
1779838570.629550,spill,FileSystemStorage,65536,1,65781,143200,38310
1779838570.629592,spill,FileSystemStorage,65536,3,197343,218378,93705
1779838570.629722,spill,FileSystemStorage,65536,1,65781,134545,33599
1779838570.629941,spill,FileSystemStorage,65536,2,131562,173092,64821
1779838570.630129,spill,FileSystemStorage,65536,1,65781,117811,38544
1779838570.630147,spill,FileSystemStorage,65536,2,131562,208074,100052
1779838570.630145,spill,FileSystemStorage,65536,4,263124,306864,139035
1779838570.630325,spill,FileSystemStorage,65536,1,65781,150426,37964
1779838570.630449,spill,FileSystemStorage,65536,1,65781,114165,34204
1779838570.630687,spill,FileSystemStorage,65536,4,263124,265571,118695
1779838570.630698,spill,FileSystemStorage,65536,1,65781,158250,43727
1779838570.630850,spill,FileSystemStorage,65536,1,65781,99889,32855
1779838570.630848,spill,FileSystemStorage,65536,2,131562,198246,69542
1779838570.631140,spill,FileSystemStorage,65536,1,65781,170822,36513
1779838570.631287,spill,FileSystemStorage,65536,2,131562,199478,68102
1779838570.631466,spill,FileSystemStorage,65536,1,65781,141339,41881
1779838570.631585,spill,FileSystemStorage,65536,3,197343,270185,94666
1779838570.631596,spill,FileSystemStorage,65536,1,65781,125422,35895
1779838570.631865,spill,FileSystemStorage,65536,4,263124,263267,115073
1779838570.632091,spill,FileSystemStorage,65536,1,65781,132284,38992
1779838570.632194,spill,FileSystemStorage,65536,4,263124,377547,144304
1779838570.632258,spill,FileSystemStorage,65536,2,131562,215919,75042
1779838570.632314,spill,FileSystemStorage,65536,1,65781,130383,38304
1779838570.632541,spill,FileSystemStorage,65536,1,65781,130968,32173
1779838570.632777,spill,FileSystemStorage,65536,1,65781,168044,47356
1779838570.632851,spill,FileSystemStorage,65536,3,197343,274171,98007
1779838570.632902,spill,FileSystemStorage,65536,1,65781,132550,32078
1779838570.633007,spill,FileSystemStorage,65536,1,65781,136451,41417
1779838570.633177,spill,FileSystemStorage,65536,1,65781,143492,35287
1779838570.633308,spill,FileSystemStorage,65536,1,65781,142784,35894
1779838570.633383,spill,FileSystemStorage,65536,2,131562,167315,62872
1779838570.633516,spill,FileSystemStorage,65536,3,197343,235464,107629
1779838570.633551,spill,FileSystemStorage,65536,1,65781,127298,35126
1779838570.633697,spill,FileSystemStorage,65536,1,65781,133417,34060
1779838570.633780,spill,FileSystemStorage,65536,1,65781,128792,36657
1779838570.633976,spill,FileSystemStorage,65536,1,65781,159077,33229
1779838570.634181,spill,FileSystemStorage,65536,3,197343,256876,106443
1779838570.634197,spill,FileSystemStorage,65536,2,131562,180544,66579
1779838570.634340,spill,FileSystemStorage,65536,2,131562,180942,68301
1779838570.634443,spill,FileSystemStorage,65536,1,65781,127868,40597
1779838570.634585,spill,FileSystemStorage,65536,1,65781,147519,33117
1779838570.634748,spill,FileSystemStorage,65536,2,131562,233266,67616
1779838570.634806,spill,FileSystemStorage,65536,1,65781,152069,39941
1779838570.634947,spill,FileSystemStorage,65536,2,131562,189381,73328
1779838570.635038,spill,FileSystemStorage,65536,1,65781,160400,62150
1779838570.635268,spill,FileSystemStorage,65536,2,131562,201783,62137
1779838570.635353,spill,FileSystemStorage,65536,2,131562,187922,72104
1779838570.635493,spill,FileSystemStorage,65536,2,131562,193759,64664
1779838570.635720,spill,FileSystemStorage,65536,1,65781,150815,40638
1779838570.635791,spill,FileSystemStorage,65536,1,65781,118164,35672
1779838570.635796,spill,FileSystemStorage,65536,3,197343,261489,102665
1779838570.635943,spill,FileSystemStorage,65536,1,65781,133552,35754
1779838570.636201,spill,FileSystemStorage,65536,1,65781,130555,35540
1779838570.636270,spill,FileSystemStorage,65536,3,197343,251634,99205
1779838570.636436,spill,FileSystemStorage,65536,2,131562,162007,62647
1779838570.636569,spill,FileSystemStorage,65536,1,65781,113680,34421
1779838570.636567,spill,FileSystemStorage,65536,3,197343,265982,111218
1779838570.636837,spill,FileSystemStorage,65536,1,65781,121130,42034
1779838570.636887,spill,FileSystemStorage,65536,3,197343,239296,98492
1779838570.637109,spill,FileSystemStorage,65536,2,131562,207404,88439
1779838570.637198,spill,FileSystemStorage,65536,1,65781,162511,48725
1779838570.637659,spill,FileSystemStorage,65536,1,65781,175832,45214
1779838570.637686,spill,FileSystemStorage,65536,4,263124,267684,121913
1779838570.637844,spill,FileSystemStorage,65536,1,65781,195831,33600
1779838570.638137,spill,FileSystemStorage,65536,4,263124,355093,143303
1779838570.638166,spill,FileSystemStorage,65536,1,65781,139987,35537
1779838570.638185,spill,FileSystemStorage,65536,1,65781,133931,32719
1779838570.638289,spill,FileSystemStorage,65536,1,65781,126680,33772
1779838570.638583,spill,FileSystemStorage,65536,1,65781,136926,33619
1779838570.638666,spill,FileSystemStorage,65536,1,65781,122377,39375
1779838570.638709,spill,FileSystemStorage,65536,2,131562,198853,68774
1779838570.638962,spill,FileSystemStorage,65536,2,131562,287549,94951
1779838570.639021,spill,FileSystemStorage,65536,1,65781,171424,57737
1779838570.639082,spill,FileSystemStorage,65536,1,65781,169268,45809
1779838570.639484,spill,FileSystemStorage,65536,2,131562,164790,62160
1779838570.639720,spill,FileSystemStorage,65536,5,328905,332022,146169
1779838570.639773,spill,FileSystemStorage,65536,1,65781,192708,41206
1779838570.639965,spill,FileSystemStorage,65536,5,328905,350982,166196
1779838570.640227,spill,FileSystemStorage,65536,2,131562,193480,76766
1779838570.640360,spill,FileSystemStorage,65536,3,197343,228646,88457
1779838570.640728,spill,FileSystemStorage,65536,4,263124,296952,115612
1779838570.640812,spill,FileSystemStorage,65536,2,131562,178760,62365
1779838570.641168,spill,FileSystemStorage,65536,3,197343,230358,90802
1779838570.641273,spill,FileSystemStorage,65536,3,197343,247000,95580
1779838570.641379,spill,FileSystemStorage,65536,3,197343,260200,99154
1779838570.641613,spill,FileSystemStorage,65536,1,65781,139005,40163
1779838570.641733,spill,FileSystemStorage,65536,6,394686,366649,172455
1779838570.641782,spill,FileSystemStorage,65536,2,131562,179897,60239
1779838570.641898,spill,FileSystemStorage,65536,2,131562,176393,58115
1779838570.642120,spill,FileSystemStorage,65536,2,131562,205452,65313
1779838570.642323,spill,FileSystemStorage,65536,2,131562,166520,58562
1779838570.642402,spill,FileSystemStorage,65536,1,65781,136721,38959
1779838570.642637,spill,FileSystemStorage,65536,2,131562,181392,63277
1779838570.642645,spill,FileSystemStorage,65536,1,65781,135059,37467
1779838570.643017,spill,FileSystemStorage,65536,3,197343,293065,131091
1779838570.643066,spill,FileSystemStorage,65536,2,131562,219420,84990
1779838570.643224,spill,FileSystemStorage,65536,2,131562,178756,63997
1779838570.643283,spill,FileSystemStorage,65536,1,65781,169784,38550
1779838570.643593,spill,FileSystemStorage,65536,1,65781,121764,31495
1779838570.643808,spill,FileSystemStorage,65536,2,131562,177726,61931
1779838570.643932,spill,FileSystemStorage,65536,3,197343,240297,95763
1779838570.644164,spill,FileSystemStorage,65536,2,131562,202850,73201
1779838570.644177,spill,FileSystemStorage,65536,2,131562,191232,75410
1779838570.644243,spill,FileSystemStorage,65536,1,65781,137265,35809
1779838572.137587,spill,FileSystemStorage,65536,1651,108604431,97083898,58174848
1779838572.141535,spill,FileSystemStorage,65536,3,197343,399802,103975
1779838572.162173,spill,FileSystemStorage,65536,2000,131562000,127121788,66773953
1779838572.172125,spill,FileSystemStorage,65536,2000,131562000,133681919,70078795
1779838572.173169,spill,FileSystemStorage,65536,2000,131562000,135886985,72338692
1779838572.174928,spill,FileSystemStorage,65536,3,197343,402761,117288
1779838572.181011,spill,FileSystemStorage,65536,2,131562,299365,74380
1779838572.195269,spill,FileSystemStorage,65536,1,65781,259263,42273
1779838572.208988,spill,FileSystemStorage,65536,1,65781,283978,48318
1779838572.209255,spill,FileSystemStorage,65536,3,197343,352265,105437
1779838572.224240,spill,FileSystemStorage,65536,1,65781,587903,52625
1779838572.227252,spill,FileSystemStorage,65536,3,197343,460179,117554
1779838572.228076,spill,FileSystemStorage,65536,1,65781,252472,49444
1779838572.228158,spill,FileSystemStorage,65536,2,131562,329875,79237
1779838572.229848,spill,FileSystemStorage,65536,2,131562,255556,70396
1779838572.231667,spill,FileSystemStorage,65536,2,131562,262608,71781
1779838572.232431,spill,FileSystemStorage,65536,2,131562,250545,69770
1779838572.232919,spill,FileSystemStorage,65536,9,592029,554581,268301
1779838572.233701,spill,FileSystemStorage,65536,3,197343,366530,97318
1779838572.234707,spill,FileSystemStorage,65536,1,65781,196977,45447
1779838572.235006,spill,FileSystemStorage,65536,1,65781,203848,34960
1779838572.235744,spill,FileSystemStorage,65536,1,65781,207698,42344
1779838572.237616,spill,FileSystemStorage,65536,1,65781,228243,58078
1779838572.238151,spill,FileSystemStorage,65536,2,131562,255429,69951
1779838572.238273,spill,FileSystemStorage,65536,1,65781,191418,39722
1779838572.238762,spill,FileSystemStorage,65536,1,65781,163647,41055
1779838572.240715,spill,FileSystemStorage,65536,1,65781,226708,52901
1779838572.240823,spill,FileSystemStorage,65536,1,65781,198780,43152
1779838572.241251,spill,FileSystemStorage,65536,1,65781,185658,36753
1779838572.241918,spill,FileSystemStorage,65536,1,65781,205477,48346
1779838572.244049,spill,FileSystemStorage,65536,1,65781,186199,37843
1779838572.244565,spill,FileSystemStorage,65536,1,65781,426038,50353
1779838572.244920,spill,FileSystemStorage,65536,1,65781,461162,41330
1779838572.246806,spill,FileSystemStorage,65536,1,65781,180421,39814
1779838572.248982,spill,FileSystemStorage,65536,1,65781,175657,41058
1779838572.249325,spill,FileSystemStorage,65536,1,65781,193027,42248
1779838572.249488,spill,FileSystemStorage,65536,2,131562,257601,72252
1779838572.251168,spill,FileSystemStorage,65536,2,131562,322624,93155
1779838572.252449,spill,FileSystemStorage,65536,1,65781,212185,42615
1779838572.252954,spill,FileSystemStorage,65536,1,65781,213855,41383
1779838572.253037,spill,FileSystemStorage,65536,1,65781,228540,52963
1779838572.254176,spill,FileSystemStorage,65536,1,65781,185579,43054
1779838572.254920,spill,FileSystemStorage,65536,3,197343,294592,111421
1779838572.256165,spill,FileSystemStorage,65536,1,65781,221996,49453
1779838572.256569,spill,FileSystemStorage,65536,4,263124,660119,134399
1779838572.257035,spill,FileSystemStorage,65536,1,65781,197993,45397
1779838572.257895,spill,FileSystemStorage,65536,3,197343,269357,96480
1779838572.259296,spill,FileSystemStorage,65536,3,197343,333778,113212
1779838572.259613,spill,FileSystemStorage,65536,1,65781,202005,42818
1779838572.260302,spill,FileSystemStorage,65536,2,131562,237122,72411
1779838572.261681,spill,FileSystemStorage,65536,1,65781,189737,42408
1779838572.262663,spill,FileSystemStorage,65536,1,65781,198428,39889
1779838572.263076,spill,FileSystemStorage,65536,3,197343,363735,131638
1779838572.263073,spill,FileSystemStorage,65536,2,131562,340131,87427
1779838572.264766,spill,FileSystemStorage,65536,1,65781,176793,38841
1779838572.265692,spill,FileSystemStorage,65536,1,65781,207243,41401
1779838572.266322,spill,FileSystemStorage,65536,1,65781,231490,52401
1779838572.266527,spill,FileSystemStorage,65536,1,65781,173825,41577
1779838572.267711,spill,FileSystemStorage,65536,1,65781,201353,46202
1779838572.268144,spill,FileSystemStorage,65536,1,65781,211861,42024
1779838572.268974,spill,FileSystemStorage,65536,1,65781,190735,48896
1779838572.268989,spill,FileSystemStorage,65536,2,131562,244170,81758
1779838572.270151,spill,FileSystemStorage,65536,1,65781,154943,47069
1779838572.270654,spill,FileSystemStorage,65536,1,65781,207611,34015
1779838572.271686,spill,FileSystemStorage,65536,4,263124,316630,121335
1779838572.272004,spill,FileSystemStorage,65536,5,328905,379030,147554
1779838572.272996,spill,FileSystemStorage,65536,2,131562,258496,79181
1779838572.273482,spill,FileSystemStorage,65536,4,263124,340067,124699
1779838572.274456,spill,FileSystemStorage,65536,1,65781,172278,49407
1779838572.275150,spill,FileSystemStorage,65536,4,263124,327038,141805
1779838572.275653,spill,FileSystemStorage,65536,1,65781,171929,35034
1779838572.276747,spill,FileSystemStorage,65536,2,131562,225605,64881
1779838572.276951,spill,FileSystemStorage,65536,1,65781,152252,36132
1779838572.277795,spill,FileSystemStorage,65536,1,65781,181537,40966
1779838572.278158,spill,FileSystemStorage,65536,1,65781,168096,35016
1779838572.284593,spill,FileSystemStorage,65536,1,65781,205850,40861
1779838572.284683,spill,FileSystemStorage,65536,1,65781,232364,48161
1779838572.284858,spill,FileSystemStorage,65536,1,65781,206305,43756
1779838572.285130,spill,FileSystemStorage,65536,2,131562,263634,77180
1779838572.294626,spill,FileSystemStorage,65536,3,197343,280812,98947
1779838572.294748,spill,FileSystemStorage,65536,1,65781,208075,54272
1779838572.294763,spill,FileSystemStorage,65536,1,65781,215574,46930
1779838572.294788,spill,FileSystemStorage,65536,1,65781,237128,45229
1779838572.297592,spill,FileSystemStorage,65536,1,65781,199264,42342
1779838572.297776,spill,FileSystemStorage,65536,2,131562,316279,98997
1779838572.297873,spill,FileSystemStorage,65536,2,131562,248850,75740
1779838572.298030,spill,FileSystemStorage,65536,4,263124,404897,147503
1779838572.300441,spill,FileSystemStorage,65536,2,131562,276165,81123
1779838572.300486,spill,FileSystemStorage,65536,2,131562,271481,82711
1779838572.300811,spill,FileSystemStorage,65536,2,131562,301372,81297
1779838572.300816,spill,FileSystemStorage,65536,3,197343,326808,109569
1779838572.301528,spill,FileSystemStorage,65536,3,197343,291700,119872
1779838572.301701,spill,FileSystemStorage,65536,2,131562,226674,72392
1779838572.301866,spill,FileSystemStorage,65536,2,131562,213441,70194
1779838572.301914,spill,FileSystemStorage,65536,2,131562,241481,77654
1779838572.302257,spill,FileSystemStorage,65536,1,65781,156084,36486
1779838572.302483,spill,FileSystemStorage,65536,1,65781,148853,38693
1779838572.302591,spill,FileSystemStorage,65536,1,65781,146957,33894
1779838572.302828,spill,FileSystemStorage,65536,2,131562,205965,74772
1779838572.303126,spill,FileSystemStorage,65536,1,65781,158676,33795
1779838572.303192,spill,FileSystemStorage,65536,1,65781,246567,58418
1779838572.303239,spill,FileSystemStorage,65536,2,131562,316192,92347
1779838572.303738,spill,FileSystemStorage,65536,4,263124,259975,115095
1779838572.303952,spill,FileSystemStorage,65536,1,65781,234634,63968
1779838572.303952,spill,FileSystemStorage,65536,1,65781,234647,52883
1779838572.303970,spill,FileSystemStorage,65536,1,65781,455704,54948
1779838572.304394,spill,FileSystemStorage,65536,1,65781,158422,45040
1779838572.304511,spill,FileSystemStorage,65536,1,65781,218700,54819
1779838572.304673,spill,FileSystemStorage,65536,2,131562,267765,76737
1779838572.304863,spill,FileSystemStorage,65536,1,65781,180779,36617
1779838572.305094,spill,FileSystemStorage,65536,2,131562,196359,68142
1779838572.305146,spill,FileSystemStorage,65536,2,131562,189637,63988
1779838572.305430,spill,FileSystemStorage,65536,2,131562,216696,66758
1779838572.305569,spill,FileSystemStorage,65536,1,65781,133830,42689
1779838572.305669,spill,FileSystemStorage,65536,1,65781,137291,42799
1779838572.305759,spill,FileSystemStorage,65536,4,263124,268870,124463
1779838572.305880,spill,FileSystemStorage,65536,1,65781,145469,39406
1779838572.306205,spill,FileSystemStorage,65536,1,65781,229520,54297
1779838572.306258,spill,FileSystemStorage,65536,3,197343,224759,94160
1779838572.306293,spill,FileSystemStorage,65536,2,131562,171461,62296
1779838572.306432,spill,FileSystemStorage,65536,1,65781,154609,47389
1779838572.306683,spill,FileSystemStorage,65536,1,65781,139007,39258
1779838572.306837,spill,FileSystemStorage,65536,2,131562,173953,64537
1779838572.307041,spill,FileSystemStorage,65536,1,65781,174809,63484
1779838572.307122,spill,FileSystemStorage,65536,4,263124,390228,159713
1779838572.307289,spill,FileSystemStorage,65536,2,131562,179207,62907
1779838572.307667,spill,FileSystemStorage,65536,4,263124,278881,121427
1779838572.307682,spill,FileSystemStorage,65536,3,197343,285020,99641
1779838572.308138,spill,FileSystemStorage,65536,4,263124,265928,119863
1779838572.308193,spill,FileSystemStorage,65536,2,131562,181957,62008
1779838572.308235,spill,FileSystemStorage,65536,1,65781,165103,43469
1779838572.308448,spill,FileSystemStorage,65536,2,131562,174338,63664
1779838572.308589,spill,FileSystemStorage,65536,1,65781,142314,35880
1779838572.309025,spill,FileSystemStorage,65536,1,65781,156559,40254
1779838572.309106,spill,FileSystemStorage,65536,1,65781,120534,34012
1779838572.309162,spill,FileSystemStorage,65536,3,197343,229946,93620
1779838572.309450,spill,FileSystemStorage,65536,3,197343,251433,102632
1779838572.309574,spill,FileSystemStorage,65536,2,131562,217679,62529
1779838572.309729,spill,FileSystemStorage,65536,2,131562,176546,57435
1779838572.309960,spill,FileSystemStorage,65536,1,65781,128914,40941
1779838572.309959,spill,FileSystemStorage,65536,2,131562,285652,86598
1779838572.310125,spill,FileSystemStorage,65536,1,65781,135288,45227
1779838572.310213,spill,FileSystemStorage,65536,3,197343,239086,110213
1779838572.310340,spill,FileSystemStorage,65536,1,65781,106432,31268
1779838572.310478,spill,FileSystemStorage,65536,1,65781,163888,37767
1779838572.310598,spill,FileSystemStorage,65536,3,197343,203550,88666
1779838572.310809,spill,FileSystemStorage,65536,3,197343,216693,88516
1779838572.311063,spill,FileSystemStorage,65536,2,131562,250428,73493
1779838572.311114,spill,FileSystemStorage,65536,5,328905,386922,207091
1779838572.311144,spill,FileSystemStorage,65536,2,131562,202542,66968
1779838572.311552,spill,FileSystemStorage,65536,2,131562,215086,69192
1779838572.311609,spill,FileSystemStorage,65536,2,131562,180509,59187
1779838572.311986,spill,FileSystemStorage,65536,1,65781,176475,43692
1779838572.312042,spill,FileSystemStorage,65536,1,65781,118936,30543
1779838572.312375,spill,FileSystemStorage,65536,1,65781,144491,38713
1779838572.312481,spill,FileSystemStorage,65536,3,197343,244376,98210
1779838572.312482,spill,FileSystemStorage,65536,1,65781,157370,47481
1779838572.312498,spill,FileSystemStorage,65536,1,65781,139442,35265
1779838572.312893,spill,FileSystemStorage,65536,3,197343,210697,91902
1779838572.312930,spill,FileSystemStorage,65536,2,131562,161946,64078
1779838572.313320,spill,FileSystemStorage,65536,2,131562,160835,72984
1779838572.313329,spill,FileSystemStorage,65536,3,197343,253217,102642
1779838572.313343,spill,FileSystemStorage,65536,2,131562,223671,92532
1779838572.313356,spill,FileSystemStorage,65536,2,131562,165779,69090
1779838572.313806,spill,FileSystemStorage,65536,3,197343,213630,91561
1779838572.313817,spill,FileSystemStorage,65536,2,131562,163015,71128
1779838572.313911,spill,FileSystemStorage,65536,3,197343,215733,87232
1779838572.314039,spill,FileSystemStorage,65536,3,197343,254449,91022
1779838572.314246,spill,FileSystemStorage,65536,3,197343,204391,92445
1779838572.314280,spill,FileSystemStorage,65536,1,65781,119098,32783
1779838572.314566,spill,FileSystemStorage,65536,5,328905,283056,144098
1779838572.314574,spill,FileSystemStorage,65536,1,65781,141804,36339
1779838572.314615,spill,FileSystemStorage,65536,1,65781,111458,34560
1779838572.314727,spill,FileSystemStorage,65536,1,65781,115387,33017
1779838572.315105,spill,FileSystemStorage,65536,2,131562,213978,75140
1779838572.315150,spill,FileSystemStorage,65536,1,65781,142120,37412
1779838572.315165,spill,FileSystemStorage,65536,3,197343,319169,106912
1779838572.315317,spill,FileSystemStorage,65536,2,131562,201589,61813
1779838572.315816,spill,FileSystemStorage,65536,1,65781,127421,37815
1779838572.315840,spill,FileSystemStorage,65536,2,131562,176574,69395
1779838572.315995,spill,FileSystemStorage,65536,6,394686,381940,179482
1779838572.316186,spill,FileSystemStorage,65536,2,131562,187879,66274
1779838572.316225,spill,FileSystemStorage,65536,2,131562,171466,67551
1779838572.316272,spill,FileSystemStorage,65536,1,65781,132316,29680
1779838572.316476,spill,FileSystemStorage,65536,1,65781,156268,34836
1779838572.316829,spill,FileSystemStorage,65536,2,131562,187811,73454
1779838572.316873,spill,FileSystemStorage,65536,1,65781,140165,37127
1779838572.317005,spill,FileSystemStorage,65536,3,197343,249199,93110
1779838572.317094,spill,FileSystemStorage,65536,1,65781,141345,32226
1779838572.317337,spill,FileSystemStorage,65536,1,65781,120255,32679
1779838572.317521,spill,FileSystemStorage,65536,1,65781,142017,47293
1779838572.317526,spill,FileSystemStorage,65536,1,65781,120980,35755
1779838572.317761,spill,FileSystemStorage,65536,4,263124,254402,116144
1779838572.317887,spill,FileSystemStorage,65536,1,65781,135911,43608
1779838572.318020,spill,FileSystemStorage,65536,1,65781,137460,38737
1779838572.318161,spill,FileSystemStorage,65536,3,197343,220127,93052
1779838572.318362,spill,FileSystemStorage,65536,1,65781,112374,31137
1779838572.318632,spill,FileSystemStorage,65536,1,65781,163278,48565
1779838572.318652,spill,FileSystemStorage,65536,1,65781,106217,30459
1779838572.318853,spill,FileSystemStorage,65536,1,65781,128268,32910
1779838572.319061,spill,FileSystemStorage,65536,4,263124,286369,152271
1779838572.319268,spill,FileSystemStorage,65536,3,197343,266094,120376
1779838572.319391,spill,FileSystemStorage,65536,2,131562,271808,83352
1779838572.319443,spill,FileSystemStorage,65536,3,197343,240119,95256
1779838572.319658,spill,FileSystemStorage,65536,1,65781,136359,35761
1779838572.319985,spill,FileSystemStorage,65536,1,65781,193681,52992
1779838572.320035,spill,FileSystemStorage,65536,1,65781,131693,33932
1779838572.320031,spill,FileSystemStorage,65536,3,197343,306258,132912
1779838572.320486,spill,FileSystemStorage,65536,1,65781,143625,41796
1779838572.320584,spill,FileSystemStorage,65536,2,131562,173020,63237
1779838572.320575,spill,FileSystemStorage,65536,2,131562,288792,106710
1779838572.320809,spill,FileSystemStorage,65536,2,131562,176284,61233
1779838572.320887,spill,FileSystemStorage,65536,1,65781,110119,30607
1779838572.321040,spill,FileSystemStorage,65536,1,65781,143248,32262
1779838572.321264,spill,FileSystemStorage,65536,3,197343,282932,122840
1779838572.321305,spill,FileSystemStorage,65536,2,131562,171870,64127
1779838572.321385,spill,FileSystemStorage,65536,1,65781,120720,36336
1779838572.321416,spill,FileSystemStorage,65536,3,197343,273295,110068
1779838572.321825,spill,FileSystemStorage,65536,1,65781,232011,43511
1779838572.321967,spill,FileSystemStorage,65536,1,65781,185207,50839
1779838572.322031,spill,FileSystemStorage,65536,5,328905,308021,159710
1779838572.322124,spill,FileSystemStorage,65536,3,197343,270388,101299
1779838572.322245,spill,FileSystemStorage,65536,1,65781,150855,36745
1779838572.322517,spill,FileSystemStorage,65536,1,65781,125647,34526
1779838572.322595,spill,FileSystemStorage,65536,5,328905,364075,164524
1779838572.322773,spill,FileSystemStorage,65536,2,131562,243084,76276
1779838572.322911,spill,FileSystemStorage,65536,1,65781,129534,49964
1779838572.323027,spill,FileSystemStorage,65536,4,263124,356286,138555
1779838572.323205,spill,FileSystemStorage,65536,4,263124,345211,128242
1779838572.323328,spill,FileSystemStorage,65536,1,65781,151850,35656
1779838572.323362,spill,FileSystemStorage,65536,1,65781,140455,30791
1779838572.323539,spill,FileSystemStorage,65536,1,65781,162635,38387
1779838572.323870,spill,FileSystemStorage,65536,2,131562,208136,65149
1779838572.323929,spill,FileSystemStorage,65536,1,65781,144535,34827
1779838572.324090,spill,FileSystemStorage,65536,2,131562,193365,70797
1779838572.324108,spill,FileSystemStorage,65536,4,263124,391162,164011
1779838572.324343,spill,FileSystemStorage,65536,1,65781,141740,31362
1779838572.324707,spill,FileSystemStorage,65536,2,131562,197974,70499
1779838572.324830,spill,FileSystemStorage,65536,1,65781,149735,38894
1779838572.324908,spill,FileSystemStorage,65536,4,263124,292893,133331
1779838572.325070,spill,FileSystemStorage,65536,2,131562,212208,68975
1779838572.325196,spill,FileSystemStorage,65536,2,131562,174630,68179
1779838572.325587,spill,FileSystemStorage,65536,1,65781,136335,35836
1779838572.325670,spill,FileSystemStorage,65536,1,65781,136106,34042
1779838572.325853,spill,FileSystemStorage,65536,3,197343,208071,90894
1779838572.325933,spill,FileSystemStorage,65536,2,131562,198809,64060
1779838572.326056,spill,FileSystemStorage,65536,1,65781,144990,42507
1779838572.326227,spill,FileSystemStorage,65536,2,131562,197137,59337
1779838572.326394,spill,FileSystemStorage,65536,1,65781,135136,36715
1779838572.326524,spill,FileSystemStorage,65536,5,328905,361458,160075
1779838572.326701,spill,FileSystemStorage,65536,1,65781,173799,52980
1779838572.326716,spill,FileSystemStorage,65536,2,131562,192305,71971
1779838572.326911,spill,FileSystemStorage,65536,3,197343,250866,104520
1779838572.327006,spill,FileSystemStorage,65536,1,65781,190881,40775
1779838572.327341,spill,FileSystemStorage,65536,3,197343,233780,93231
1779838572.327349,spill,FileSystemStorage,65536,1,65781,160070,46695
1779838572.327441,spill,FileSystemStorage,65536,1,65781,143356,33343
1779838572.327714,spill,FileSystemStorage,65536,2,131562,204755,72697
1779838572.327948,spill,FileSystemStorage,65536,3,197343,232395,104561
1779838572.328015,spill,FileSystemStorage,65536,1,65781,131798,40377
1779838572.328189,spill,FileSystemStorage,65536,1,65781,178003,33266
1779838572.328429,spill,FileSystemStorage,65536,2,131562,180866,63536
1779838572.328574,spill,FileSystemStorage,65536,2,131562,193700,63362
1779838572.328764,spill,FileSystemStorage,65536,1,65781,144972,36039
1779838572.328801,spill,FileSystemStorage,65536,5,328905,343164,165099
1779838572.328881,spill,FileSystemStorage,65536,2,131562,174534,63570
1779838572.329074,spill,FileSystemStorage,65536,2,131562,192274,59171
1779838572.329267,spill,FileSystemStorage,65536,1,65781,124478,32469
1779838572.329335,spill,FileSystemStorage,65536,1,65781,161534,35274
1779838572.329519,spill,FileSystemStorage,65536,3,197343,234295,94790
1779838572.329665,spill,FileSystemStorage,65536,3,197343,264305,109604
1779838572.329831,spill,FileSystemStorage,65536,1,65781,152098,41703
1779838572.329854,spill,FileSystemStorage,65536,3,197343,281775,92149
1779838572.330071,spill,FileSystemStorage,65536,2,131562,233124,76091
1779838572.330136,spill,FileSystemStorage,65536,2,131562,179066,60208
1779838572.330218,spill,FileSystemStorage,65536,1,65781,126271,39844
1779838572.330515,spill,FileSystemStorage,65536,1,65781,160491,47776
1779838572.330570,spill,FileSystemStorage,65536,2,131562,297740,90450
1779838572.330649,spill,FileSystemStorage,65536,1,65781,128536,33337
1779838572.330674,spill,FileSystemStorage,65536,2,131562,204197,70333
1779838573.762899,spill,FileSystemStorage,65536,1651,108604431,102536062,58477929
1779838573.766604,spill,FileSystemStorage,65536,2,131562,341003,79155
1779838573.789965,spill,FileSystemStorage,65536,2000,131562000,135398065,68657329
1779838573.792954,spill,FileSystemStorage,65536,2000,131562000,136442891,69655039
1779838573.793994,spill,FileSystemStorage,65536,2000,131562000,135554682,69526322
1779838573.802762,spill,FileSystemStorage,65536,2,131562,335937,77917
1779838573.806185,spill,FileSystemStorage,65536,2,131562,332733,73626
1779838573.825310,spill,FileSystemStorage,65536,1,65781,535691,57223
1779838573.840984,spill,FileSystemStorage,65536,3,197343,388313,103096
1779838573.861440,spill,FileSystemStorage,65536,2,131562,592163,78209
1779838573.864850,spill,FileSystemStorage,65536,1,65781,251427,45967
1779838573.865532,spill,FileSystemStorage,65536,1,65781,252290,46904
1779838573.866234,spill,FileSystemStorage,65536,3,197343,346715,101935
1779838573.868149,spill,FileSystemStorage,65536,1,65781,242075,45046
1779838573.868383,spill,FileSystemStorage,65536,1,65781,201907,42168
1779838573.870035,spill,FileSystemStorage,65536,10,657810,914114,307485
1779838573.870302,spill,FileSystemStorage,65536,1,65781,250633,43132
1779838573.871940,spill,FileSystemStorage,65536,3,197343,290893,98756
1779838573.872848,spill,FileSystemStorage,65536,6,394686,433310,178887
1779838573.873857,spill,FileSystemStorage,65536,7,460467,469762,219054
1779838573.873887,spill,FileSystemStorage,65536,3,197343,344401,138277
1779838573.875317,spill,FileSystemStorage,65536,3,197343,297665,99752
1779838573.875890,spill,FileSystemStorage,65536,1,65781,172340,44024
1779838573.877136,spill,FileSystemStorage,65536,4,263124,325004,122544
1779838573.877550,spill,FileSystemStorage,65536,6,394686,499612,185426
1779838573.878678,spill,FileSystemStorage,65536,2,131562,264929,70152
1779838573.878776,spill,FileSystemStorage,65536,2,131562,286439,93265
1779838573.880550,spill,FileSystemStorage,65536,2,131562,242381,73360
1779838573.880627,spill,FileSystemStorage,65536,1,65781,596631,51681
1779838573.881201,spill,FileSystemStorage,65536,1,65781,178803,44277
1779838573.881439,spill,FileSystemStorage,65536,4,263124,340546,124065
1779838573.883839,spill,FileSystemStorage,65536,1,65781,164868,34592
1779838573.884145,spill,FileSystemStorage,65536,1,65781,202842,45652
1779838573.884343,spill,FileSystemStorage,65536,1,65781,165075,44788
1779838573.884599,spill,FileSystemStorage,65536,3,197343,270968,95162
1779838573.886753,spill,FileSystemStorage,65536,2,131562,219774,75589
1779838573.886798,spill,FileSystemStorage,65536,2,131562,228847,77417
1779838573.887011,spill,FileSystemStorage,65536,4,263124,350188,160263
1779838573.887091,spill,FileSystemStorage,65536,1,65781,234310,38602
1779838573.891058,spill,FileSystemStorage,65536,1,65781,232158,72139
1779838573.891231,spill,FileSystemStorage,65536,2,131562,242418,76020
1779838573.891271,spill,FileSystemStorage,65536,2,131562,228342,80576
1779838573.891990,spill,FileSystemStorage,65536,2,131562,561088,78723
1779838573.894166,spill,FileSystemStorage,65536,6,394686,415415,174853
1779838573.894387,spill,FileSystemStorage,65536,3,197343,311940,96329
1779838573.894803,spill,FileSystemStorage,65536,4,263124,299399,123712
1779838573.895740,spill,FileSystemStorage,65536,3,197343,386234,129371
1779838573.897709,spill,FileSystemStorage,65536,1,65781,218200,38398
1779838573.898671,spill,FileSystemStorage,65536,1,65781,353638,43301
1779838573.899648,spill,FileSystemStorage,65536,2,131562,210558,64214
1779838573.900577,spill,FileSystemStorage,65536,3,197343,328228,120021
1779838573.900997,spill,FileSystemStorage,65536,2,131562,238929,72655
1779838573.901556,spill,FileSystemStorage,65536,4,263124,359307,130836
1779838573.902919,spill,FileSystemStorage,65536,1,65781,189230,52031
1779838573.903660,spill,FileSystemStorage,65536,2,131562,231424,76288
1779838573.904762,spill,FileSystemStorage,65536,2,131562,222380,67200
1779838573.905448,spill,FileSystemStorage,65536,3,197343,318328,97855
1779838573.906821,spill,FileSystemStorage,65536,3,197343,279090,89806
1779838573.907094,spill,FileSystemStorage,65536,2,131562,282605,102069
1779838573.908161,spill,FileSystemStorage,65536,1,65781,203440,37164
1779838573.909355,spill,FileSystemStorage,65536,1,65781,217712,42594
1779838573.909837,spill,FileSystemStorage,65536,2,131562,210257,62775
1779838573.910228,spill,FileSystemStorage,65536,2,131562,204617,82169
1779838573.910830,spill,FileSystemStorage,65536,1,65781,191399,38758
1779838573.912076,spill,FileSystemStorage,65536,2,131562,262394,72615
1779838573.912276,spill,FileSystemStorage,65536,3,197343,284673,100456
1779838573.912775,spill,FileSystemStorage,65536,3,197343,277566,117034
1779838573.913385,spill,FileSystemStorage,65536,2,131562,225920,68159
1779838573.914756,spill,FileSystemStorage,65536,1,65781,176047,43503
1779838573.914910,spill,FileSystemStorage,65536,5,328905,356082,160063
1779838573.915343,spill,FileSystemStorage,65536,1,65781,168401,39683
1779838573.916251,spill,FileSystemStorage,65536,3,197343,273933,97969
1779838573.918001,spill,FileSystemStorage,65536,1,65781,218472,52859
1779838573.918480,spill,FileSystemStorage,65536,1,65781,215062,42471
1779838573.918847,spill,FileSystemStorage,65536,1,65781,166256,37836
1779838573.919209,spill,FileSystemStorage,65536,2,131562,248073,76490
1779838573.921020,spill,FileSystemStorage,65536,6,394686,403751,177372
1779838573.921747,spill,FileSystemStorage,65536,3,197343,293109,101378
1779838573.921986,spill,FileSystemStorage,65536,3,197343,285402,115545
1779838573.922159,spill,FileSystemStorage,65536,1,65781,176404,43595
1779838573.923461,spill,FileSystemStorage,65536,2,131562,218073,70117
1779838573.924446,spill,FileSystemStorage,65536,1,65781,172438,51654
1779838573.924469,spill,FileSystemStorage,65536,2,131562,273729,81192
1779838573.924855,spill,FileSystemStorage,65536,3,197343,354450,101573
1779838573.925840,spill,FileSystemStorage,65536,5,328905,358747,150479
1779838573.926219,spill,FileSystemStorage,65536,3,197343,313915,106835
1779838573.926277,spill,FileSystemStorage,65536,5,328905,404850,207854
1779838573.926317,spill,FileSystemStorage,65536,1,65781,172479,44021
1779838573.926684,spill,FileSystemStorage,65536,1,65781,169035,37249
1779838573.927052,spill,FileSystemStorage,65536,2,131562,250935,82786
1779838573.927109,spill,FileSystemStorage,65536,2,131562,251741,74802
1779838573.927204,spill,FileSystemStorage,65536,2,131562,241315,70763
1779838573.927554,spill,FileSystemStorage,65536,2,131562,213395,70342
1779838573.927685,spill,FileSystemStorage,65536,1,65781,159084,41083
1779838573.927815,spill,FileSystemStorage,65536,2,131562,213290,75609
1779838573.928048,spill,FileSystemStorage,65536,2,131562,203391,74815
1779838573.928264,spill,FileSystemStorage,65536,1,65781,161831,34343
1779838573.928545,spill,FileSystemStorage,65536,4,263124,301111,160755
1779838573.928564,spill,FileSystemStorage,65536,3,197343,259725,99499
1779838573.928787,spill,FileSystemStorage,65536,1,65781,293023,68194
1779838573.928994,spill,FileSystemStorage,65536,1,65781,147328,32308
1779838573.929058,spill,FileSystemStorage,65536,1,65781,138074,34071
1779838573.929051,spill,FileSystemStorage,65536,1,65781,208318,48518
1779838573.929361,spill,FileSystemStorage,65536,2,131562,219047,65351
1779838573.929513,spill,FileSystemStorage,65536,2,131562,183354,62720
1779838573.929799,spill,FileSystemStorage,65536,4,263124,318530,149071
1779838573.929833,spill,FileSystemStorage,65536,1,65781,171836,53246
1779838573.929849,spill,FileSystemStorage,65536,6,394686,438518,239527
1779838573.930346,spill,FileSystemStorage,65536,2,131562,342563,82324
1779838573.930377,spill,FileSystemStorage,65536,3,197343,243464,100897
1779838573.930380,spill,FileSystemStorage,65536,1,65781,157954,36834
1779838573.930430,spill,FileSystemStorage,65536,2,131562,222503,77555
1779838573.930930,spill,FileSystemStorage,65536,2,131562,211777,85232
1779838573.931008,spill,FileSystemStorage,65536,1,65781,199630,48721
1779838573.931070,spill,FileSystemStorage,65536,1,65781,175176,45781
1779838573.931068,spill,FileSystemStorage,65536,2,131562,280124,94115
1779838573.931701,spill,FileSystemStorage,65536,3,197343,320446,118339
1779838573.931772,spill,FileSystemStorage,65536,1,65781,161269,47722
1779838573.931839,spill,FileSystemStorage,65536,1,65781,261746,56734
1779838573.931947,spill,FileSystemStorage,65536,3,197343,291980,103602
1779838573.932237,spill,FileSystemStorage,65536,1,65781,163586,35854
1779838573.932350,spill,FileSystemStorage,65536,1,65781,134786,43779
1779838573.932584,spill,FileSystemStorage,65536,2,131562,262448,93584
1779838573.932616,spill,FileSystemStorage,65536,2,131562,199961,70799
1779838573.932864,spill,FileSystemStorage,65536,2,131562,216750,69722
1779838573.933095,spill,FileSystemStorage,65536,6,394686,366845,209382
1779838573.933151,spill,FileSystemStorage,65536,1,65781,222258,42338
1779838573.933349,spill,FileSystemStorage,65536,1,65781,184920,46020
1779838573.933350,spill,FileSystemStorage,65536,4,263124,372168,163956
1779838573.933586,spill,FileSystemStorage,65536,3,197343,209367,85362
1779838573.933694,spill,FileSystemStorage,65536,1,65781,129100,40500
1779838573.933950,spill,FileSystemStorage,65536,1,65781,172475,46285
1779838573.933954,spill,FileSystemStorage,65536,2,131562,236261,89993
1779838573.934240,spill,FileSystemStorage,65536,5,328905,276853,138365
1779838573.934332,spill,FileSystemStorage,65536,1,65781,213283,44737
1779838573.934551,spill,FileSystemStorage,65536,2,131562,228720,91145
1779838573.934623,spill,FileSystemStorage,65536,4,263124,363267,171502
1779838573.934703,spill,FileSystemStorage,65536,2,131562,163495,60986
1779838573.934855,spill,FileSystemStorage,65536,1,65781,155493,43257
1779838573.935123,spill,FileSystemStorage,65536,1,65781,208420,46191
1779838573.935352,spill,FileSystemStorage,65536,4,263124,280405,132634
1779838573.935350,spill,FileSystemStorage,65536,4,263124,342455,143551
1779838573.935416,spill,FileSystemStorage,65536,1,65781,135865,31130
1779838573.935861,spill,FileSystemStorage,65536,4,263124,251675,113476
1779838573.935952,spill,FileSystemStorage,65536,1,65781,183133,54485
1779838573.936032,spill,FileSystemStorage,65536,3,197343,316297,130005
1779838573.936150,spill,FileSystemStorage,65536,3,197343,260156,91305
1779838573.936269,spill,FileSystemStorage,65536,2,131562,148446,58650
1779838573.936562,spill,FileSystemStorage,65536,2,131562,237062,90310
1779838573.936577,spill,FileSystemStorage,65536,1,65781,180090,44490
1779838573.936733,spill,FileSystemStorage,65536,2,131562,185478,66058
1779838573.936771,spill,FileSystemStorage,65536,2,131562,142636,62420
1779838573.937122,spill,FileSystemStorage,65536,2,131562,221157,86365
1779838573.937151,spill,FileSystemStorage,65536,1,65781,173123,46934
1779838573.937289,spill,FileSystemStorage,65536,2,131562,186961,67463
1779838573.937388,spill,FileSystemStorage,65536,5,328905,319367,162111
1779838573.937671,spill,FileSystemStorage,65536,2,131562,233440,89397
1779838573.937682,spill,FileSystemStorage,65536,1,65781,188889,44349
1779838573.937869,spill,FileSystemStorage,65536,3,197343,219550,94911
1779838573.937888,spill,FileSystemStorage,65536,1,65781,122474,32346
1779838573.938175,spill,FileSystemStorage,65536,1,65781,166740,46618
1779838573.938325,spill,FileSystemStorage,65536,3,197343,249227,97512
1779838573.938401,spill,FileSystemStorage,65536,1,65781,130169,35276
1779838573.938550,spill,FileSystemStorage,65536,2,131562,192006,64474
1779838573.938768,spill,FileSystemStorage,65536,1,65781,145458,45234
1779838573.938907,spill,FileSystemStorage,65536,1,65781,154241,46068
1779838573.939082,spill,FileSystemStorage,65536,1,65781,189071,45203
1779838573.939176,spill,FileSystemStorage,65536,2,131562,227904,62634
1779838573.939480,spill,FileSystemStorage,65536,1,65781,122470,46876
1779838573.939512,spill,FileSystemStorage,65536,1,65781,118643,39594
1779838573.939548,spill,FileSystemStorage,65536,2,131562,248744,103483
1779838573.939591,spill,FileSystemStorage,65536,1,65781,183190,43471
1779838573.939840,spill,FileSystemStorage,65536,1,65781,104648,33543
1779838573.939859,spill,FileSystemStorage,65536,1,65781,112274,35576
1779838573.940234,spill,FileSystemStorage,65536,1,65781,154742,44307
1779838573.940289,spill,FileSystemStorage,65536,1,65781,118905,32627
1779838573.940373,spill,FileSystemStorage,65536,1,65781,121419,38099
1779838573.940439,spill,FileSystemStorage,65536,2,131562,223303,65932
1779838573.940663,spill,FileSystemStorage,65536,1,65781,146580,31010
1779838573.940770,spill,FileSystemStorage,65536,1,65781,117917,31634
1779838573.940918,spill,FileSystemStorage,65536,1,65781,144975,38592
1779838573.940937,spill,FileSystemStorage,65536,2,131562,201910,66013
1779838573.941074,spill,FileSystemStorage,65536,1,65781,124862,33920
1779838573.941158,spill,FileSystemStorage,65536,2,131562,177736,61369
1779838573.941445,spill,FileSystemStorage,65536,2,131562,195584,76167
1779838573.941543,spill,FileSystemStorage,65536,1,65781,152299,31856
1779838573.941583,spill,FileSystemStorage,65536,1,65781,137975,31334
1779838573.941823,spill,FileSystemStorage,65536,1,65781,117300,33169
1779838573.942108,spill,FileSystemStorage,65536,2,131562,167082,61929
1779838573.942126,spill,FileSystemStorage,65536,1,65781,112424,34374
1779838573.942173,spill,FileSystemStorage,65536,1,65781,131124,36966
1779838573.942349,spill,FileSystemStorage,65536,1,65781,130552,34086
1779838573.942773,spill,FileSystemStorage,65536,1,65781,123892,36157
1779838573.942790,spill,FileSystemStorage,65536,2,131562,186939,66189
1779838573.942957,spill,FileSystemStorage,65536,1,65781,184554,53964
1779838573.943081,spill,FileSystemStorage,65536,1,65781,194091,41057
1779838573.943297,spill,FileSystemStorage,65536,1,65781,143781,32475
1779838573.943494,spill,FileSystemStorage,65536,1,65781,129279,36397
1779838573.943536,spill,FileSystemStorage,65536,1,65781,174335,43147
1779838573.943649,spill,FileSystemStorage,65536,1,65781,145033,37223
1779838573.943665,spill,FileSystemStorage,65536,1,65781,113393,32115
1779838573.944135,spill,FileSystemStorage,65536,1,65781,132490,33939
1779838573.944312,spill,FileSystemStorage,65536,1,65781,122379,31114
1779838573.944440,spill,FileSystemStorage,65536,1,65781,117038,30694
1779838573.944613,spill,FileSystemStorage,65536,1,65781,249071,46417
1779838573.944682,spill,FileSystemStorage,65536,1,65781,151116,40687
1779838573.944857,spill,FileSystemStorage,65536,1,65781,109531,32432
1779838573.945011,spill,FileSystemStorage,65536,2,131562,196710,65400
1779838573.945220,spill,FileSystemStorage,65536,2,131562,250918,86651
1779838573.945296,spill,FileSystemStorage,65536,1,65781,146581,46389
1779838573.945342,spill,FileSystemStorage,65536,2,131562,278207,85160
1779838573.945607,spill,FileSystemStorage,65536,1,65781,146193,34837
1779838573.945822,spill,FileSystemStorage,65536,1,65781,173339,37413
1779838573.946012,spill,FileSystemStorage,65536,3,197343,233381,91401
1779838573.946084,spill,FileSystemStorage,65536,2,131562,265173,92615
1779838573.946139,spill,FileSystemStorage,65536,3,197343,221225,97670
1779838573.946381,spill,FileSystemStorage,65536,1,65781,176673,41663
1779838573.946536,spill,FileSystemStorage,65536,2,131562,189938,71893
1779838573.946699,spill,FileSystemStorage,65536,1,65781,164518,43279
1779838573.946788,spill,FileSystemStorage,65536,2,131562,188804,62785
1779838573.946811,spill,FileSystemStorage,65536,1,65781,129713,34734
1779838573.947170,spill,FileSystemStorage,65536,4,263124,314170,119224
1779838573.947532,spill,FileSystemStorage,65536,1,65781,124283,33180
1779838573.947693,spill,FileSystemStorage,65536,1,65781,217462,48742
1779838573.947831,spill,FileSystemStorage,65536,4,263124,369576,173447
1779838573.948118,spill,FileSystemStorage,65536,3,197343,251448,93086
1779838573.948201,spill,FileSystemStorage,65536,1,65781,122133,33987
1779838573.948501,spill,FileSystemStorage,65536,2,131562,200618,68628
1779838573.948733,spill,FileSystemStorage,65536,1,65781,157793,42478
1779838573.948788,spill,FileSystemStorage,65536,2,131562,205148,69661
1779838573.948894,spill,FileSystemStorage,65536,1,65781,229805,50712
1779838573.949427,spill,FileSystemStorage,65536,4,263124,310261,141846
1779838573.949452,spill,FileSystemStorage,65536,3,197343,226731,110494
1779838573.949571,spill,FileSystemStorage,65536,1,65781,144218,38373
1779838573.949796,spill,FileSystemStorage,65536,1,65781,189147,45461
1779838573.950190,spill,FileSystemStorage,65536,1,65781,135029,36472
1779838573.950196,spill,FileSystemStorage,65536,3,197343,233379,98527
1779838573.950286,spill,FileSystemStorage,65536,2,131562,186336,59660
1779838573.950534,spill,FileSystemStorage,65536,4,263124,308410,133221
1779838573.950655,spill,FileSystemStorage,65536,2,131562,171120,58253
1779838573.951112,spill,FileSystemStorage,65536,2,131562,231210,68009
1779838573.951113,spill,FileSystemStorage,65536,1,65781,183094,45086
1779838573.951174,spill,FileSystemStorage,65536,1,65781,145932,36081
1779838573.951420,spill,FileSystemStorage,65536,4,263124,271958,116787
1779838573.952101,spill,FileSystemStorage,65536,4,263124,285740,124455
1779838573.952313,spill,FileSystemStorage,65536,7,460467,418448,204122
1779838573.952477,spill,FileSystemStorage,65536,3,197343,203206,92009
1779838573.952477,spill,FileSystemStorage,65536,2,131562,204080,73624
1779838573.953140,spill,FileSystemStorage,65536,1,65781,126801,33015
1779838573.953295,spill,FileSystemStorage,65536,2,131562,206763,76035
1779838573.953428,spill,FileSystemStorage,65536,1,65781,137065,37944
1779838573.953606,spill,FileSystemStorage,65536,1,65781,166958,45356
1779838573.953665,spill,FileSystemStorage,65536,2,131562,165374,63189
1779838573.953756,spill,FileSystemStorage,65536,1,65781,149718,46266
1779838573.954325,spill,FileSystemStorage,65536,1,65781,145155,41042
1779838573.954377,spill,FileSystemStorage,65536,5,328905,353600,169909
1779838573.954389,spill,FileSystemStorage,65536,1,65781,151898,36452
1779838573.954433,spill,FileSystemStorage,65536,1,65781,124037,31955
1779838573.954895,spill,FileSystemStorage,65536,1,65781,154779,36565
1779838573.955039,spill,FileSystemStorage,65536,1,65781,217929,62586
1779838573.955094,spill,FileSystemStorage,65536,1,65781,167915,39446
1779838573.955170,spill,FileSystemStorage,65536,2,131562,176383,62668
1779838573.955439,spill,FileSystemStorage,65536,1,65781,122410,33993
1779838573.955731,spill,FileSystemStorage,65536,1,65781,140612,33376
1779838573.955930,spill,FileSystemStorage,65536,1,65781,128812,34756
1779838573.955952,spill,FileSystemStorage,65536,3,197343,228746,90220
1779838573.956280,spill,FileSystemStorage,65536,2,131562,172967,63217
1779838573.956441,spill,FileSystemStorage,65536,3,197343,225175,89495
1779838573.956784,spill,FileSystemStorage,65536,1,65781,119018,35906
1779838573.956974,spill,FileSystemStorage,65536,3,197343,252176,99179
1779838573.957029,spill,FileSystemStorage,65536,2,131562,173769,59521
1779838573.957430,spill,FileSystemStorage,65536,1,65781,120907,36937
1779838573.957473,spill,FileSystemStorage,65536,1,65781,151396,36209
1779838573.957664,spill,FileSystemStorage,65536,4,263124,278041,129157
1779838573.957752,spill,FileSystemStorage,65536,1,65781,150945,37690
1779838573.957816,spill,FileSystemStorage,65536,1,65781,98612,30388
1779838573.958248,spill,FileSystemStorage,65536,1,65781,115909,34893
1779838573.958304,spill,FileSystemStorage,65536,3,197343,243837,101742
1779838573.958321,spill,FileSystemStorage,65536,1,65781,143040,39101
1779838573.958329,spill,FileSystemStorage,65536,1,65781,124879,39123
1779838573.958859,spill,FileSystemStorage,65536,1,65781,145639,49036
1779838573.958916,spill,FileSystemStorage,65536,3,197343,230150,113603
1779838573.958913,spill,FileSystemStorage,65536,3,197343,270730,130081
1779838573.958920,spill,FileSystemStorage,65536,1,65781,148820,54327
1779838573.959493,spill,FileSystemStorage,65536,3,197343,258751,104900
1779838573.959823,spill,FileSystemStorage,65536,2,131562,184185,66137
1779838573.959842,spill,FileSystemStorage,65536,1,65781,161158,36948
1779838573.960080,spill,FileSystemStorage,65536,3,197343,236456,88826
1779838573.960449,spill,FileSystemStorage,65536,2,131562,227217,82878
1779838573.960471,spill,FileSystemStorage,65536,2,131562,173425,68005
1779838573.960500,spill,FileSystemStorage,65536,1,65781,207502,44669
1779838573.960873,spill,FileSystemStorage,65536,1,65781,121449,36007
1779838573.960872,spill,FileSystemStorage,65536,1,65781,148350,48279
1779838573.960879,spill,FileSystemStorage,65536,4,263124,269489,123039
1779838573.961005,spill,FileSystemStorage,65536,1,65781,183371,42121
1779838573.961404,spill,FileSystemStorage,65536,1,65781,136037,32522
1779838573.961574,spill,FileSystemStorage,65536,3,197343,231726,100521
1779838573.961595,spill,FileSystemStorage,65536,1,65781,165410,61555
1779838573.961650,spill,FileSystemStorage,65536,1,65781,194788,37369
1779838573.961875,spill,FileSystemStorage,65536,2,131562,183644,65207
1779838573.961991,spill,FileSystemStorage,65536,1,65781,127827,35964
1779838573.962129,spill,FileSystemStorage,65536,1,65781,151251,32316
1779838573.962268,spill,FileSystemStorage,65536,3,197343,215507,87334
1779838573.962512,spill,FileSystemStorage,65536,1,65781,142395,33457
1779838573.962755,spill,FileSystemStorage,65536,3,197343,231293,96247
1779838573.962758,spill,FileSystemStorage,65536,2,131562,196113,78165
1779838579.961499,restore,FileSystemStorage,65536,1,65781,827865,727172
1779838579.965017,restore,FileSystemStorage,65536,1,65781,421553,347253
1779838579.968338,restore,FileSystemStorage,65536,1,65781,270657,197170
1779838579.971066,restore,FileSystemStorage,65536,1,65781,303270,221046
1779838579.974598,restore,FileSystemStorage,65536,1,65781,266442,192335
1779838579.978394,restore,FileSystemStorage,65536,1,65781,262096,186331
1779838579.981997,restore,FileSystemStorage,65536,1,65781,382929,308567
1779838579.985773,restore,FileSystemStorage,65536,1,65781,418717,343072
1779838579.988508,restore,FileSystemStorage,65536,1,65781,497337,424191
1779838579.992258,restore,FileSystemStorage,65536,1,65781,704148,630848
1779838579.995606,restore,FileSystemStorage,65536,1,65781,610663,563280
1779838579.999084,restore,FileSystemStorage,65536,1,65781,305579,229117
1779838580.002360,restore,FileSystemStorage,65536,1,65781,243258,174187
1779838580.005961,restore,FileSystemStorage,65536,1,65781,622070,545749
1779838580.008400,restore,FileSystemStorage,65536,1,65781,463041,406016
1779838580.010640,restore,FileSystemStorage,65536,1,65781,169588,139993
1779838580.014689,restore,FileSystemStorage,65536,1,65781,383125,312045
1779838580.018319,restore,FileSystemStorage,65536,1,65781,390117,320307
1779838580.022255,restore,FileSystemStorage,65536,1,65781,638595,569458
1779838580.026135,restore,FileSystemStorage,65536,1,65781,303186,229309
1779838580.028897,restore,FileSystemStorage,65536,1,65781,695416,645219
1779838580.032780,restore,FileSystemStorage,65536,1,65781,674364,598237
1779838580.036958,restore,FileSystemStorage,65536,1,65781,726257,646400
1779838580.040412,restore,FileSystemStorage,65536,1,65781,665852,614957
1779838580.045025,restore,FileSystemStorage,65536,1,65781,688305,603131
1779838580.048635,restore,FileSystemStorage,65536,1,65781,752200,676342
1779838580.052743,restore,FileSystemStorage,65536,1,65781,761852,680933
1779838580.056683,restore,FileSystemStorage,65536,1,65781,764422,688642
1779838580.060671,restore,FileSystemStorage,65536,1,65781,813940,731133
1779838580.064528,restore,FileSystemStorage,65536,1,65781,610971,534273
1779838580.069070,restore,FileSystemStorage,65536,1,65781,786729,713991
1779838580.072904,restore,FileSystemStorage,65536,1,65781,658966,609359
1779838580.077167,restore,FileSystemStorage,65536,1,65781,620650,544820
1779838580.080951,restore,FileSystemStorage,65536,1,65781,648494,595987
1779838580.083821,restore,FileSystemStorage,65536,1,65781,698607,645949
1779838580.086959,restore,FileSystemStorage,65536,1,65781,362576,329283
1779838580.090616,restore,FileSystemStorage,65536,1,65781,532647,502179
1779838580.094592,restore,FileSystemStorage,65536,1,65781,432947,367115
1779838580.099059,restore,FileSystemStorage,65536,1,65781,413792,347325
1779838580.102361,restore,FileSystemStorage,65536,1,65781,202222,159174
1779838580.106679,restore,FileSystemStorage,65536,1,65781,392090,320620
1779838580.110696,restore,FileSystemStorage,65536,1,65781,456426,386359
1779838580.114486,restore,FileSystemStorage,65536,1,65781,613217,539618
1779838580.118262,restore,FileSystemStorage,65536,1,65781,608342,540092
1779838580.121928,restore,FileSystemStorage,65536,1,65781,668043,597219
1779838580.126087,restore,FileSystemStorage,65536,1,65781,519184,473068
1779838580.130604,restore,FileSystemStorage,65536,1,65781,541219,511619
1779838580.134894,restore,FileSystemStorage,65536,1,65781,449983,379880
1779838580.138290,restore,FileSystemStorage,65536,1,65781,464957,416681
1779838580.141847,restore,FileSystemStorage,65536,1,65781,626465,557835
1779838580.145112,restore,FileSystemStorage,65536,1,65781,602868,545695
1779838580.148995,restore,FileSystemStorage,65536,1,65781,603228,534655
1779838580.152285,restore,FileSystemStorage,65536,1,65781,674852,599579
1779838580.156839,restore,FileSystemStorage,65536,1,65781,629346,566095
1779838580.161438,restore,FileSystemStorage,65536,1,65781,713380,633726
1779838580.166147,restore,FileSystemStorage,65536,1,65781,571237,504464
1779838580.170836,restore,FileSystemStorage,65536,1,65781,597361,529621
1779838580.175494,restore,FileSystemStorage,65536,1,65781,740682,667424
1779838580.180653,restore,FileSystemStorage,65536,1,65781,795032,714809
1779838580.184902,restore,FileSystemStorage,65536,1,65781,803550,728529
1779838580.188859,restore,FileSystemStorage,65536,1,65781,648666,581577
1779838580.191081,restore,FileSystemStorage,65536,1,65781,282871,227087
1779838580.195493,restore,FileSystemStorage,65536,1,65781,665660,609800
1779838580.199505,restore,FileSystemStorage,65536,1,65781,649142,590706
1779838580.202944,restore,FileSystemStorage,65536,1,65781,268985,201375
1779838580.206866,restore,FileSystemStorage,65536,1,65781,217851,180267
1779838580.210304,restore,FileSystemStorage,65536,1,65781,593626,524983
1779838580.212813,restore,FileSystemStorage,65536,1,65781,663785,593369
1779838580.216243,restore,FileSystemStorage,65536,1,65781,666741,596811
1779838580.219455,restore,FileSystemStorage,65536,1,65781,592575,522743
1779838580.222527,restore,FileSystemStorage,65536,1,65781,649332,584760
1779838580.225828,restore,FileSystemStorage,65536,1,65781,243699,178191
1779838580.227108,restore,FileSystemStorage,65536,1,65781,242694,181930
1779838580.228264,restore,FileSystemStorage,65536,1,65781,327011,269516
1779838580.229493,restore,FileSystemStorage,65536,1,65781,450414,364558
1779838580.231256,restore,FileSystemStorage,65536,1,65781,193189,154252
1779838580.234816,restore,FileSystemStorage,65536,1,65781,294128,209209
1779838580.238529,restore,FileSystemStorage,65536,1,65781,640817,589257
1779838580.242996,restore,FileSystemStorage,65536,1,65781,485402,395762
1779838580.247969,restore,FileSystemStorage,65536,1,65781,979277,923623
1779838580.252286,restore,FileSystemStorage,65536,1,65781,759130,680695
1779838580.256084,restore,FileSystemStorage,65536,1,65781,655856,598840
1779838580.260337,restore,FileSystemStorage,65536,1,65781,767581,691387
1779838580.264420,restore,FileSystemStorage,65536,1,65781,717760,644950
1779838580.268210,restore,FileSystemStorage,65536,1,65781,551019,476190
1779838580.271027,restore,FileSystemStorage,65536,1,65781,252810,207140
1779838580.275728,restore,FileSystemStorage,65536,1,65781,836541,790384
1779838580.280621,restore,FileSystemStorage,65536,1,65781,713864,635912
1779838580.286456,restore,FileSystemStorage,65536,1,65781,720659,647826
1779838580.292008,restore,FileSystemStorage,65536,1,65781,970269,889796
1779838580.297039,restore,FileSystemStorage,65536,1,65781,813675,725819
1779838580.300652,restore,FileSystemStorage,65536,1,65781,879909,798986
1779838580.305417,restore,FileSystemStorage,65536,1,65781,570407,498002
1779838580.309662,restore,FileSystemStorage,65536,1,65781,626445,554609
1779838580.313518,restore,FileSystemStorage,65536,1,65781,561349,512228
1779838580.317068,restore,FileSystemStorage,65536,1,65781,325579,285782
1779838580.320436,restore,FileSystemStorage,65536,1,65781,568524,534656
1779838580.324356,restore,FileSystemStorage,65536,1,65781,605042,563519
1779838580.327155,restore,FileSystemStorage,65536,1,65781,206416,157249
1779838580.328028,restore,FileSystemStorage,65536,1,65781,156449,122015
1779838580.328873,restore,FileSystemStorage,65536,1,65781,143983,114650
1779838580.330325,restore,FileSystemStorage,65536,1,65781,762549,715103
1779838580.331896,restore,FileSystemStorage,65536,1,65781,374882,329952
1779838580.334502,restore,FileSystemStorage,65536,1,65781,151404,117168
1779838580.337595,restore,FileSystemStorage,65536,1,65781,645278,614710
1779838580.342396,restore,FileSystemStorage,65536,1,65781,753300,677906
1779838580.348146,restore,FileSystemStorage,65536,1,65781,810684,727812
1779838580.352917,restore,FileSystemStorage,65536,1,65781,811701,730765
1779838580.357262,restore,FileSystemStorage,65536,1,65781,610156,534189
1779838580.362321,restore,FileSystemStorage,65536,1,65781,566999,493340
1779838580.366951,restore,FileSystemStorage,65536,1,65781,429489,353379
1779838580.371382,restore,FileSystemStorage,65536,1,65781,776862,702814
1779838580.374804,restore,FileSystemStorage,65536,1,65781,372433,308162
1779838580.379422,restore,FileSystemStorage,65536,1,65781,797704,719960
1779838580.383714,restore,FileSystemStorage,65536,1,65781,910358,835184
1779838580.388122,restore,FileSystemStorage,65536,1,65781,786182,709315
1779838580.393024,restore,FileSystemStorage,65536,1,65781,817365,742411
1779838580.397221,restore,FileSystemStorage,65536,1,65781,611920,542630
1779838580.400796,restore,FileSystemStorage,65536,1,65781,600018,531723
1779838580.405567,restore,FileSystemStorage,65536,1,65781,539088,473776
1779838580.410530,restore,FileSystemStorage,65536,1,65781,406723,339675
1779838580.414678,restore,FileSystemStorage,65536,1,65781,390483,325801
1779838580.419886,restore,FileSystemStorage,65536,1,65781,1051650,967742
1779838580.424232,restore,FileSystemStorage,65536,1,65781,660968,589431
1779838580.428653,restore,FileSystemStorage,65536,1,65781,576137,493604
1779838580.432788,restore,FileSystemStorage,65536,1,65781,578471,531886
1779838580.437934,restore,FileSystemStorage,65536,1,65781,528606,460810
1779838580.442444,restore,FileSystemStorage,65536,1,65781,659463,614735
1779838580.446494,restore,FileSystemStorage,65536,1,65781,198518,159212
1779838580.449855,restore,FileSystemStorage,65536,1,65781,371786,304974
1779838580.453310,restore,FileSystemStorage,65536,1,65781,222256,169713
1779838580.456621,restore,FileSystemStorage,65536,1,65781,221157,155185
1779838580.460443,restore,FileSystemStorage,65536,1,65781,422523,350392
1779838580.463389,restore,FileSystemStorage,65536,1,65781,460338,415520
1779838580.467720,restore,FileSystemStorage,65536,1,65781,751215,683747
1779838580.470513,restore,FileSystemStorage,65536,1,65781,218216,165876
1779838580.473415,restore,FileSystemStorage,65536,1,65781,254525,188428
1779838580.477776,restore,FileSystemStorage,65536,1,65781,627067,560192
1779838580.481206,restore,FileSystemStorage,65536,1,65781,596394,553880
1779838580.485005,restore,FileSystemStorage,65536,1,65781,648396,610761
1779838580.489457,restore,FileSystemStorage,65536,1,65781,609284,574477
1779838580.494073,restore,FileSystemStorage,65536,1,65781,622981,554380
1779838580.498618,restore,FileSystemStorage,65536,1,65781,383860,317445
1779838580.502669,restore,FileSystemStorage,65536,1,65781,389274,323705
1779838580.508825,restore,FileSystemStorage,65536,1,65781,789788,712992
1779838580.513494,restore,FileSystemStorage,65536,1,65781,558170,489191
1779838580.517854,restore,FileSystemStorage,65536,1,65781,423761,357941
1779838580.521912,restore,FileSystemStorage,65536,1,65781,612898,564812
1779838580.524524,restore,FileSystemStorage,65536,1,65781,544763,510224
1779838580.527690,restore,FileSystemStorage,65536,1,65781,630985,589113
1779838580.529511,restore,FileSystemStorage,65536,1,65781,190963,146267
1779838580.531052,restore,FileSystemStorage,65536,1,65781,235812,203490
1779838580.532722,restore,FileSystemStorage,65536,1,65781,552874,519451
1779838580.535563,restore,FileSystemStorage,65536,1,65781,182632,149157
1779838580.537201,restore,FileSystemStorage,65536,1,65781,161817,127152
1779838580.540512,restore,FileSystemStorage,65536,1,65781,418691,348788
1779838580.543728,restore,FileSystemStorage,65536,1,65781,199729,153259
1779838580.545643,restore,FileSystemStorage,65536,1,65781,533092,492667
1779838580.549093,restore,FileSystemStorage,65536,1,65781,588897,518800
1779838580.553506,restore,FileSystemStorage,65536,1,65781,642942,576489
1779838580.557840,restore,FileSystemStorage,65536,1,65781,644273,577313
1779838580.561313,restore,FileSystemStorage,65536,1,65781,189252,148294
1779838586.468225,spill,FileSystemStorage,131072,1,131317,354172,70496
1779838586.469052,spill,FileSystemStorage,131072,2,262634,349992,116245
1779838586.469893,spill,FileSystemStorage,131072,4,525268,453521,245809
1779838586.470392,spill,FileSystemStorage,131072,1,131317,199125,58635
1779838586.470849,spill,FileSystemStorage,131072,2,262634,234843,112592
1779838586.471524,spill,FileSystemStorage,131072,3,393951,332976,166198
1779838586.473098,spill,FileSystemStorage,131072,2,262634,1091786,113167
1779838586.473629,spill,FileSystemStorage,131072,2,262634,262901,134183
1779838586.475070,spill,FileSystemStorage,131072,11,1444487,1137118,742926
1779838586.475787,spill,FileSystemStorage,131072,1,131317,208877,78094
1779838586.476767,spill,FileSystemStorage,131072,7,919219,700949,429684
1779838586.477478,spill,FileSystemStorage,131072,3,393951,1694048,216011
1779838586.477557,spill,FileSystemStorage,131072,4,525268,476333,269599
1779838586.478151,spill,FileSystemStorage,131072,2,262634,283987,126904
1779838586.478222,spill,FileSystemStorage,131072,1,131317,237383,77269
1779838586.478757,spill,FileSystemStorage,131072,2,262634,296381,140884
1779838586.478791,spill,FileSystemStorage,131072,1,131317,190336,72284
1779838586.479225,spill,FileSystemStorage,131072,1,131317,182789,78976
1779838586.479453,spill,FileSystemStorage,131072,2,262634,308116,127213
1779838586.479783,spill,FileSystemStorage,131072,2,262634,298190,138632
1779838586.479899,spill,FileSystemStorage,131072,1,131317,182495,70123
1779838586.480234,spill,FileSystemStorage,131072,1,131317,192198,78566
1779838586.480397,spill,FileSystemStorage,131072,1,131317,170002,63046
1779838586.480801,spill,FileSystemStorage,131072,1,131317,283138,78518
1779838586.480902,spill,FileSystemStorage,131072,2,262634,254876,126157
1779838586.481330,spill,FileSystemStorage,131072,1,131317,201606,80262
1779838586.481419,spill,FileSystemStorage,131072,2,262634,308269,137191
1779838586.481820,spill,FileSystemStorage,131072,1,131317,185440,74594
1779838586.481869,spill,FileSystemStorage,131072,2,262634,257091,131346
1779838586.482226,spill,FileSystemStorage,131072,1,131317,175748,76467
1779838586.482237,spill,FileSystemStorage,131072,1,131317,162254,71784
1779838586.482653,spill,FileSystemStorage,131072,1,131317,163883,68052
1779838586.482663,spill,FileSystemStorage,131072,1,131317,178040,81746
1779838586.483152,spill,FileSystemStorage,131072,2,262634,309315,157271
1779838586.483268,spill,FileSystemStorage,131072,2,262634,327973,138537
1779838586.483682,spill,FileSystemStorage,131072,2,262634,306721,161214
1779838586.483855,spill,FileSystemStorage,131072,2,262634,277581,136461
1779838586.484113,spill,FileSystemStorage,131072,1,131317,183733,67665
1779838586.484272,spill,FileSystemStorage,131072,1,131317,190859,72576
1779838586.484545,spill,FileSystemStorage,131072,2,262634,250239,125805
1779838586.484656,spill,FileSystemStorage,131072,1,131317,169747,67530
1779838586.484881,spill,FileSystemStorage,131072,1,131317,151859,63162
1779838586.485031,spill,FileSystemStorage,131072,1,131317,165332,67575
1779838586.485441,spill,FileSystemStorage,131072,3,393951,355542,199487
1779838586.485507,spill,FileSystemStorage,131072,2,262634,261569,130849
1779838586.485909,spill,FileSystemStorage,131072,1,131317,189201,83107
1779838586.485909,spill,FileSystemStorage,131072,1,131317,173588,76318
1779838586.486293,spill,FileSystemStorage,131072,1,131317,165990,66802
1779838586.486531,spill,FileSystemStorage,131072,2,262634,294623,144352
1779838586.486670,spill,FileSystemStorage,131072,1,131317,164595,66355
1779838586.487064,spill,FileSystemStorage,131072,1,131317,201430,94406
1779838586.487169,spill,FileSystemStorage,131072,3,393951,424151,223704
1779838586.487617,spill,FileSystemStorage,131072,1,131317,191167,74334
1779838586.487691,spill,FileSystemStorage,131072,3,393951,355882,189891
1779838586.488078,spill,FileSystemStorage,131072,1,131317,163014,66983
1779838586.488138,spill,FileSystemStorage,131072,1,131317,176249,74513
1779838586.488468,spill,FileSystemStorage,131072,1,131317,177324,82398
1779838586.488538,spill,FileSystemStorage,131072,1,131317,161301,65821
1779838586.488904,spill,FileSystemStorage,131072,1,131317,161617,68655
1779838586.489075,spill,FileSystemStorage,131072,2,262634,253243,123474
1779838586.489357,spill,FileSystemStorage,131072,2,262634,268244,134434
1779838586.489531,spill,FileSystemStorage,131072,2,262634,248501,130320
1779838586.489873,spill,FileSystemStorage,131072,1,131317,155046,69634
1779838586.489870,spill,FileSystemStorage,131072,2,262634,276267,146012
1779838586.490410,spill,FileSystemStorage,131072,1,131317,183401,72029
1779838586.490448,spill,FileSystemStorage,131072,2,262634,255770,130007
1779838586.490836,spill,FileSystemStorage,131072,1,131317,168496,68909
1779838586.490895,spill,FileSystemStorage,131072,2,262634,283510,132582
1779838586.491258,spill,FileSystemStorage,131072,1,131317,162011,68165
1779838586.491433,spill,FileSystemStorage,131072,2,262634,287034,133428
1779838586.491634,spill,FileSystemStorage,131072,1,131317,164004,62722
1779838586.491936,spill,FileSystemStorage,131072,2,262634,275070,137309
1779838586.491981,spill,FileSystemStorage,131072,1,131317,147803,66352
1779838586.492309,spill,FileSystemStorage,131072,1,131317,165086,70874
1779838586.492401,spill,FileSystemStorage,131072,1,131317,144284,64583
1779838586.492702,spill,FileSystemStorage,131072,1,131317,166925,71587
1779838586.492755,spill,FileSystemStorage,131072,1,131317,156608,72096
1779838586.493089,spill,FileSystemStorage,131072,1,131317,182620,75455
1779838586.493120,spill,FileSystemStorage,131072,1,131317,163640,71458
1779838586.493419,spill,FileSystemStorage,131072,1,131317,157819,71150
1779838586.493546,spill,FileSystemStorage,131072,1,131317,159118,69242
1779838586.493778,spill,FileSystemStorage,131072,1,131317,144020,63245
1779838586.493938,spill,FileSystemStorage,131072,1,131317,193899,63488
1779838586.494311,spill,FileSystemStorage,131072,1,131317,279499,76271
1779838586.494467,spill,FileSystemStorage,131072,2,262634,250538,129248
1779838586.494928,spill,FileSystemStorage,131072,2,262634,271036,152541
1779838586.495075,spill,FileSystemStorage,131072,3,393951,450686,243756
1779838586.495393,spill,FileSystemStorage,131072,1,131317,200886,71949
1779838586.495625,spill,FileSystemStorage,131072,2,262634,289102,127274
1779838586.495856,spill,FileSystemStorage,131072,1,131317,181034,66893
1779838586.496099,spill,FileSystemStorage,131072,1,131317,173428,67835
1779838586.496231,spill,FileSystemStorage,131072,1,131317,169358,66910
1779838586.496528,spill,FileSystemStorage,131072,1,131317,191250,70431
1779838586.496627,spill,FileSystemStorage,131072,1,131317,183405,77951
1779838586.496958,spill,FileSystemStorage,131072,1,131317,193581,72244
1779838586.496999,spill,FileSystemStorage,131072,1,131317,185078,66780
1779838586.497384,spill,FileSystemStorage,131072,1,131317,194666,67907
1779838586.497558,spill,FileSystemStorage,131072,2,262634,258486,130277
1779838586.497741,spill,FileSystemStorage,131072,1,131317,163099,67687
1779838586.497975,spill,FileSystemStorage,131072,1,131317,178294,65936
1779838586.498114,spill,FileSystemStorage,131072,1,131317,186334,81519
1779838586.498365,spill,FileSystemStorage,131072,1,131317,150711,65065
1779838586.498542,spill,FileSystemStorage,131072,1,131317,191560,74121
1779838586.498757,spill,FileSystemStorage,131072,1,131317,155456,65647
1779838586.498963,spill,FileSystemStorage,131072,1,131317,197655,81483
1779838586.499180,spill,FileSystemStorage,131072,1,131317,170361,77094
1779838586.499423,spill,FileSystemStorage,131072,1,131317,192617,78761
1779838586.499565,spill,FileSystemStorage,131072,1,131317,172939,71281
1779838586.499963,spill,FileSystemStorage,131072,1,131317,159679,66545
1779838586.500034,spill,FileSystemStorage,131072,2,262634,374439,144250
1779838586.500540,spill,FileSystemStorage,131072,2,262634,273670,133780
1779838586.500619,spill,FileSystemStorage,131072,1,131317,380707,109258
1779838586.501030,spill,FileSystemStorage,131072,2,262634,275923,139886
1779838586.501257,spill,FileSystemStorage,131072,1,131317,281289,98044
1779838586.501616,spill,FileSystemStorage,131072,3,393951,369292,208350
1779838586.501743,spill,FileSystemStorage,131072,1,131317,248105,94001
1779838586.502191,spill,FileSystemStorage,131072,2,262634,311524,151502
1779838586.502345,spill,FileSystemStorage,131072,1,131317,266815,97398
1779838586.502616,spill,FileSystemStorage,131072,1,131317,185518,70651
1779838586.503102,spill,FileSystemStorage,131072,1,131317,200861,71911
1779838586.503198,spill,FileSystemStorage,131072,3,393951,550946,311493
1779838586.503488,spill,FileSystemStorage,131072,1,131317,158524,66175
1779838586.503790,spill,FileSystemStorage,131072,1,131317,262229,99459
1779838586.504038,spill,FileSystemStorage,131072,3,393951,347881,198226
1779838586.504507,spill,FileSystemStorage,131072,1,131317,163714,67340
1779838586.504617,spill,FileSystemStorage,131072,3,393951,508037,261305
1779838586.504927,spill,FileSystemStorage,131072,2,262634,239979,128354
1779838586.505120,spill,FileSystemStorage,131072,1,131317,235070,77041
1779838586.505442,spill,FileSystemStorage,131072,2,262634,290547,136041
1779838586.505708,spill,FileSystemStorage,131072,3,393951,355082,198564
1779838586.505811,spill,FileSystemStorage,131072,1,131317,170405,67466
1779838586.506228,spill,FileSystemStorage,131072,2,262634,288701,145672
1779838586.506258,spill,FileSystemStorage,131072,1,131317,154539,68661
1779838586.506613,spill,FileSystemStorage,131072,1,131317,174191,73614
1779838586.506683,spill,FileSystemStorage,131072,1,131317,175484,68566
1779838586.507103,spill,FileSystemStorage,131072,1,131317,186451,68197
1779838586.507314,spill,FileSystemStorage,131072,2,262634,311519,145729
1779838586.507592,spill,FileSystemStorage,131072,2,262634,245129,129528
1779838586.507740,spill,FileSystemStorage,131072,1,131317,191605,75678
1779838586.507935,spill,FileSystemStorage,131072,1,131317,160254,63774
1779838586.508092,spill,FileSystemStorage,131072,1,131317,154405,66015
1779838586.508531,spill,FileSystemStorage,131072,1,131317,151368,67388
1779838586.508608,spill,FileSystemStorage,131072,2,262634,401216,152090
1779838586.508955,spill,FileSystemStorage,131072,1,131317,185966,73054
1779838586.509121,spill,FileSystemStorage,131072,1,131317,200831,68862
1779838586.509406,spill,FileSystemStorage,131072,1,131317,185395,68803
1779838586.509526,spill,FileSystemStorage,131072,1,131317,188289,82975
1779838586.509803,spill,FileSystemStorage,131072,1,131317,177629,66846
1779838586.509969,spill,FileSystemStorage,131072,1,131317,179116,66786
1779838586.510281,spill,FileSystemStorage,131072,2,262634,270504,149553
1779838586.510329,spill,FileSystemStorage,131072,1,131317,159421,67155
1779838586.510832,spill,FileSystemStorage,131072,1,131317,232069,85735
1779838586.510837,spill,FileSystemStorage,131072,1,131317,230113,70299
1779838586.511265,spill,FileSystemStorage,131072,1,131317,173079,65553
1779838586.511657,spill,FileSystemStorage,131072,1,131317,159405,67130
1779838586.511663,spill,FileSystemStorage,131072,4,525268,496014,290614
1779838586.512075,spill,FileSystemStorage,131072,1,131317,178822,81318
1779838586.512170,spill,FileSystemStorage,131072,1,131317,208682,77629
1779838586.512783,spill,FileSystemStorage,131072,2,262634,306470,152927
1779838586.513128,spill,FileSystemStorage,131072,7,919219,736064,459161
1779838586.513202,spill,FileSystemStorage,131072,1,131317,176186,68684
1779838586.513673,spill,FileSystemStorage,131072,1,131317,168346,74603
1779838586.513914,spill,FileSystemStorage,131072,4,525268,474609,261433
1779838586.514496,spill,FileSystemStorage,131072,2,262634,297892,144923
1779838586.514568,spill,FileSystemStorage,131072,5,656585,546625,328761
1779838586.515033,spill,FileSystemStorage,131072,2,262634,323555,172236
1779838586.515162,spill,FileSystemStorage,131072,1,131317,243772,83605
1779838586.515613,spill,FileSystemStorage,131072,2,262634,287263,133865
1779838586.515720,spill,FileSystemStorage,131072,2,262634,269316,132997
1779838586.516041,spill,FileSystemStorage,131072,1,131317,165681,65800
1779838586.516164,spill,FileSystemStorage,131072,1,131317,200441,82989
1779838586.516555,spill,FileSystemStorage,131072,1,131317,178971,78832
1779838586.516820,spill,FileSystemStorage,131072,5,656585,534078,319983
1779838586.517119,spill,FileSystemStorage,131072,3,393951,355987,212004
1779838586.517282,spill,FileSystemStorage,131072,1,131317,175413,66578
1779838586.517647,spill,FileSystemStorage,131072,2,262634,273322,134544
1779838586.517866,spill,FileSystemStorage,131072,3,393951,351971,197189
1779838586.518158,spill,FileSystemStorage,131072,2,262634,252507,129197
1779838586.518439,spill,FileSystemStorage,131072,3,393951,342176,185684
1779838586.518723,spill,FileSystemStorage,131072,3,393951,358341,202939
1779838586.518862,spill,FileSystemStorage,131072,1,131317,196105,66500
1779838586.519256,spill,FileSystemStorage,131072,2,262634,300313,132046
1779838586.519406,spill,FileSystemStorage,131072,2,262634,253019,128964
1779838586.519704,spill,FileSystemStorage,131072,1,131317,187364,77581
1779838586.519936,spill,FileSystemStorage,131072,2,262634,249899,127191
1779838586.520183,spill,FileSystemStorage,131072,2,262634,253320,129117
1779838586.520311,spill,FileSystemStorage,131072,1,131317,152731,64163
1779838586.520795,spill,FileSystemStorage,131072,1,131317,163663,73329
1779838586.520924,spill,FileSystemStorage,131072,3,393951,462482,211152
1779838586.521160,spill,FileSystemStorage,131072,1,131317,174193,69400
1779838586.521365,spill,FileSystemStorage,131072,1,131317,203108,70502
1779838586.521577,spill,FileSystemStorage,131072,1,131317,150845,64435
1779838586.521756,spill,FileSystemStorage,131072,1,131317,173079,67868
1779838586.521951,spill,FileSystemStorage,131072,1,131317,163279,69227
1779838586.522154,spill,FileSystemStorage,131072,1,131317,159038,66344
1779838586.522375,spill,FileSystemStorage,131072,1,131317,162351,77288
1779838586.522540,spill,FileSystemStorage,131072,1,131317,166634,70070
1779838586.522847,spill,FileSystemStorage,131072,2,262634,257028,129122
1779838586.522992,spill,FileSystemStorage,131072,1,131317,213976,75258
1779838586.523353,spill,FileSystemStorage,131072,1,131317,192711,69877
1779838586.523633,spill,FileSystemStorage,131072,3,393951,379307,196058
1779838586.524030,spill,FileSystemStorage,131072,4,525268,448205,261836
1779838586.524165,spill,FileSystemStorage,131072,2,262634,273886,133257
1779838586.524471,spill,FileSystemStorage,131072,1,131317,174954,66656
1779838586.524577,spill,FileSystemStorage,131072,1,131317,171254,67922
1779838586.525037,spill,FileSystemStorage,131072,1,131317,159894,74386
1779838586.525181,spill,FileSystemStorage,131072,1,131317,304935,101837
1779838586.525521,spill,FileSystemStorage,131072,1,131317,158858,69918
1779838586.525753,spill,FileSystemStorage,131072,1,131317,302964,94883
1779838586.525999,spill,FileSystemStorage,131072,2,262634,270959,138105
1779838586.526409,spill,FileSystemStorage,131072,2,262634,383231,190215
1779838586.526469,spill,FileSystemStorage,131072,2,262634,256465,133191
1779838586.526933,spill,FileSystemStorage,131072,1,131317,218055,77319
1779838586.527232,spill,FileSystemStorage,131072,2,262634,426663,207439
1779838586.527334,spill,FileSystemStorage,131072,1,131317,188431,83857
1779838586.527773,spill,FileSystemStorage,131072,1,131317,166181,71639
1779838586.527798,spill,FileSystemStorage,131072,1,131317,260369,100017
1779838586.528112,spill,FileSystemStorage,131072,1,131317,149204,68528
1779838586.528513,spill,FileSystemStorage,131072,1,131317,157867,66638
1779838586.528955,spill,FileSystemStorage,131072,5,656585,773716,434924
1779838586.529016,spill,FileSystemStorage,131072,2,262634,271815,133724
1779838586.529447,spill,FileSystemStorage,131072,1,131317,159401,67666
1779838586.529472,spill,FileSystemStorage,131072,1,131317,248824,99306
1779838586.529811,spill,FileSystemStorage,131072,1,131317,145197,65532
1779838586.530159,spill,FileSystemStorage,131072,2,262634,365502,183876
1779838586.530423,spill,FileSystemStorage,131072,1,131317,285091,86966
1779838586.530790,spill,FileSystemStorage,131072,2,262634,381200,190101
1779838586.530845,spill,FileSystemStorage,131072,1,131317,170104,65650
1779838586.531366,spill,FileSystemStorage,131072,1,131317,263217,99397
1779838586.531458,spill,FileSystemStorage,131072,2,262634,306436,141779
1779838586.532192,spill,FileSystemStorage,131072,4,525268,460673,254049
1779838586.532212,spill,FileSystemStorage,131072,3,393951,512668,284530
1779838586.532737,spill,FileSystemStorage,131072,2,262634,297749,152614
1779838586.532952,spill,FileSystemStorage,131072,2,262634,377752,189679
1779838586.533168,spill,FileSystemStorage,131072,1,131317,198410,69169
1779838586.533484,spill,FileSystemStorage,131072,1,131317,247791,97095
1779838586.533757,spill,FileSystemStorage,131072,1,131317,251113,80677
1779838586.534020,spill,FileSystemStorage,131072,1,131317,239282,100931
1779838586.534288,spill,FileSystemStorage,131072,1,131317,218301,89818
1779838586.534666,spill,FileSystemStorage,131072,2,262634,364835,185352
1779838586.534831,spill,FileSystemStorage,131072,2,262634,283855,139263
1779838586.535356,spill,FileSystemStorage,131072,2,262634,402893,190576
1779838586.535511,spill,FileSystemStorage,131072,3,393951,365308,203440
1779838586.535923,spill,FileSystemStorage,131072,1,131317,262858,96352
1779838586.536000,spill,FileSystemStorage,131072,1,131317,182567,70041
1779838586.536434,spill,FileSystemStorage,131072,1,131317,200610,71719
1779838586.536462,spill,FileSystemStorage,131072,1,131317,239452,97875
1779838586.536819,spill,FileSystemStorage,131072,1,131317,181683,74210
1779838586.537097,spill,FileSystemStorage,131072,2,262634,368033,192525
1779838586.537204,spill,FileSystemStorage,131072,1,131317,169804,68121
1779838586.537732,spill,FileSystemStorage,131072,2,262634,260210,136798
1779838586.538031,spill,FileSystemStorage,131072,4,525268,624281,375995
1779838586.538342,spill,FileSystemStorage,131072,3,393951,358005,208592
1779838586.538589,spill,FileSystemStorage,131072,1,131317,232060,93233
1779838586.538819,spill,FileSystemStorage,131072,2,262634,266573,141027
1779838586.539117,spill,FileSystemStorage,131072,1,131317,256896,69437
1779838586.539253,spill,FileSystemStorage,131072,1,131317,172972,71185
1779838586.539642,spill,FileSystemStorage,131072,1,131317,166096,68594
1779838586.539690,spill,FileSystemStorage,131072,1,131317,174371,71784
1779838586.540146,spill,FileSystemStorage,131072,2,262634,259235,129655
1779838586.540231,spill,FileSystemStorage,131072,2,262634,278672,154668
1779838586.540609,spill,FileSystemStorage,131072,2,262634,233373,123396
1779838586.540738,spill,FileSystemStorage,131072,2,262634,259295,134756
1779838586.541043,spill,FileSystemStorage,131072,1,131317,152226,65779
1779838586.541143,spill,FileSystemStorage,131072,1,131317,183249,70391
1779838586.541463,spill,FileSystemStorage,131072,1,131317,152309,62308
1779838586.541622,spill,FileSystemStorage,131072,1,131317,183409,76061
1779838586.541878,spill,FileSystemStorage,131072,1,131317,176120,65381
1779838586.541984,spill,FileSystemStorage,131072,1,131317,160992,69530
1779838586.542297,spill,FileSystemStorage,131072,1,131317,138996,62996
1779838586.542536,spill,FileSystemStorage,131072,1,131317,273755,85820
1779838586.542666,spill,FileSystemStorage,131072,1,131317,147295,67157
1779838586.543078,spill,FileSystemStorage,131072,1,131317,263651,98322
1779838586.543169,spill,FileSystemStorage,131072,2,262634,274340,138088
1779838586.543564,spill,FileSystemStorage,131072,1,131317,202461,79922
1779838586.543673,spill,FileSystemStorage,131072,2,262634,256102,129162
1779838586.544038,spill,FileSystemStorage,131072,1,131317,191223,71493
1779838586.544149,spill,FileSystemStorage,131072,2,262634,238477,126337
1779838586.544507,spill,FileSystemStorage,131072,1,131317,196306,68815
1779838586.544662,spill,FileSystemStorage,131072,2,262634,227918,119117
1779838586.545054,spill,FileSystemStorage,131072,2,262634,310708,138220
1779838586.545237,spill,FileSystemStorage,131072,1,131317,284750,71761
1779838586.545520,spill,FileSystemStorage,131072,1,131317,211097,66827
1779838586.545775,spill,FileSystemStorage,131072,1,131317,217147,68350
1779838586.546124,spill,FileSystemStorage,131072,1,131317,162373,67177
1779838586.546111,spill,FileSystemStorage,131072,2,262634,323594,146846
1779838586.546546,spill,FileSystemStorage,131072,1,131317,152617,62397
1779838586.546638,spill,FileSystemStorage,131072,1,131317,197930,69640
1779838586.546943,spill,FileSystemStorage,131072,1,131317,189131,80973
1779838586.547119,spill,FileSystemStorage,131072,1,131317,204931,72749
1779838586.547358,spill,FileSystemStorage,131072,1,131317,180247,71149
1779838586.547658,spill,FileSystemStorage,131072,2,262634,299934,144190
1779838586.547725,spill,FileSystemStorage,131072,1,131317,147244,64600
1779838586.548203,spill,FileSystemStorage,131072,2,262634,259423,133147
1779838586.548228,spill,FileSystemStorage,131072,2,262634,307113,149221
1779838586.548651,spill,FileSystemStorage,131072,2,262634,238472,126983
1779838586.548784,spill,FileSystemStorage,131072,2,262634,274982,136858
1779838586.549060,spill,FileSystemStorage,131072,1,131317,146951,65407
1779838586.549439,spill,FileSystemStorage,131072,3,393951,393791,217808
1779838586.549470,spill,FileSystemStorage,131072,2,262634,231054,129475
1779838586.549832,spill,FileSystemStorage,131072,1,131317,156834,65393
1779838586.549940,spill,FileSystemStorage,131072,1,131317,195396,81410
1779838586.550363,spill,FileSystemStorage,131072,2,262634,263019,133565
1779838586.550365,spill,FileSystemStorage,131072,1,131317,194172,84270
1779838586.550748,spill,FileSystemStorage,131072,1,131317,161732,66025
1779838586.551000,spill,FileSystemStorage,131072,3,393951,362668,186183
1779838586.551233,spill,FileSystemStorage,131072,1,131317,178840,68910
1779838586.551609,spill,FileSystemStorage,131072,1,131317,174389,67725
1779838586.552148,spill,FileSystemStorage,131072,2,262634,258288,137605
1779838586.552167,spill,FileSystemStorage,131072,3,393951,419435,229577
1779838586.552725,spill,FileSystemStorage,131072,2,262634,286653,149673
1779838586.552773,spill,FileSystemStorage,131072,2,262634,241172,129406
1779838586.553145,spill,FileSystemStorage,131072,1,131317,193515,69394
1779838586.553252,spill,FileSystemStorage,131072,1,131317,164160,65601
1779838586.553574,spill,FileSystemStorage,131072,1,131317,184153,77050
1779838586.553866,spill,FileSystemStorage,131072,3,393951,334672,191472
1779838586.553994,spill,FileSystemStorage,131072,1,131317,196441,84780
1779838586.554276,spill,FileSystemStorage,131072,1,131317,159783,67600
1779838586.554605,spill,FileSystemStorage,131072,3,393951,382551,200852
1779838586.554703,spill,FileSystemStorage,131072,2,262634,230849,124631
1779838586.555081,spill,FileSystemStorage,131072,1,131317,237555,98220
1779838586.555169,spill,FileSystemStorage,131072,1,131317,157791,64071
1779838586.555522,spill,FileSystemStorage,131072,1,131317,144565,67441
1779838586.555544,spill,FileSystemStorage,131072,1,131317,169605,67904
1779838586.557361,spill,FileSystemStorage,131072,1,131317,207100,66743
1779838586.557716,spill,FileSystemStorage,131072,1,131317,248006,78799
1779838586.561102,spill,FileSystemStorage,131072,1,131317,296141,88127
1779838586.561749,spill,FileSystemStorage,131072,1,131317,277108,77552
1779838586.562279,spill,FileSystemStorage,131072,1,131317,206559,72240
1779838586.562616,spill,FileSystemStorage,131072,2,262634,255357,127130
1779838586.562836,spill,FileSystemStorage,131072,1,131317,202760,77492
1779838586.563067,spill,FileSystemStorage,131072,1,131317,216195,89114
1779838586.563550,spill,FileSystemStorage,131072,1,131317,181546,68058
1779838586.563668,spill,FileSystemStorage,131072,1,131317,245376,75530
1779838586.563958,spill,FileSystemStorage,131072,1,131317,150306,62000
1779838586.564173,spill,FileSystemStorage,131072,1,131317,216306,79174
1779838586.564314,spill,FileSystemStorage,131072,1,131317,158395,66324
1779838586.564669,spill,FileSystemStorage,131072,1,131317,193836,66205
1779838586.564810,spill,FileSystemStorage,131072,2,262634,241693,127791
1779838586.565232,spill,FileSystemStorage,131072,2,262634,265758,133868
1779838586.565276,spill,FileSystemStorage,131072,1,131317,168620,67245
1779838586.565660,spill,FileSystemStorage,131072,1,131317,172750,71523
1779838586.565739,spill,FileSystemStorage,131072,1,131317,167133,80658
1779838586.566027,spill,FileSystemStorage,131072,1,131317,164990,78708
1779838586.566398,spill,FileSystemStorage,131072,4,525268,425035,249382
1779838586.566740,spill,FileSystemStorage,131072,4,525268,449738,261331
1779838586.566898,spill,FileSystemStorage,131072,2,262634,274456,144108
1779838586.567232,spill,FileSystemStorage,131072,1,131317,201740,74138
1779838586.567383,spill,FileSystemStorage,131072,1,131317,162434,65446
1779838586.567768,spill,FileSystemStorage,131072,1,131317,155271,66024
1779838586.567787,spill,FileSystemStorage,131072,2,262634,303634,153245
1779838586.568141,spill,FileSystemStorage,131072,1,131317,151510,62141
1779838586.568447,spill,FileSystemStorage,131072,3,393951,367610,195683
1779838586.568470,spill,FileSystemStorage,131072,1,131317,142714,64026
1779838586.568860,spill,FileSystemStorage,131072,1,131317,153169,64626
1779838586.569070,spill,FileSystemStorage,131072,2,262634,243410,125183
1779838586.569431,spill,FileSystemStorage,131072,3,393951,324084,186542
1779838586.569509,spill,FileSystemStorage,131072,1,131317,198053,74299
1779838586.569940,spill,FileSystemStorage,131072,2,262634,281053,141630
1779838586.570097,spill,FileSystemStorage,131072,2,262634,285121,131176
1779838586.570536,spill,FileSystemStorage,131072,1,131317,182470,76373
1779838586.570791,spill,FileSystemStorage,131072,4,525268,464974,267317
1779838586.571151,spill,FileSystemStorage,131072,2,262634,386095,236270
1779838586.571286,spill,FileSystemStorage,131072,1,131317,172434,67266
1779838586.571862,spill,FileSystemStorage,131072,1,131317,159802,67234
1779838586.571867,spill,FileSystemStorage,131072,2,262634,336368,134179
1779838586.572624,spill,FileSystemStorage,131072,3,393951,348086,195867
1779838586.572630,spill,FileSystemStorage,131072,2,262634,399704,169368
1779838586.573045,spill,FileSystemStorage,131072,1,131317,165223,67119
1779838586.573313,spill,FileSystemStorage,131072,2,262634,311013,135298
1779838586.573576,spill,FileSystemStorage,131072,2,262634,247823,126269
1779838586.573850,spill,FileSystemStorage,131072,2,262634,291969,142378
1779838586.573971,spill,FileSystemStorage,131072,1,131317,144180,64899
1779838586.574316,spill,FileSystemStorage,131072,1,131317,200110,83937
1779838586.574353,spill,FileSystemStorage,131072,1,131317,144885,66714
1779838586.574729,spill,FileSystemStorage,131072,1,131317,141028,67717
1779838586.574728,spill,FileSystemStorage,131072,1,131317,176865,72963
1779838586.575167,spill,FileSystemStorage,131072,1,131317,201268,68945
1779838586.575208,spill,FileSystemStorage,131072,1,131317,158948,70951
1779838586.575731,spill,FileSystemStorage,131072,2,262634,252804,125282
1779838586.575844,spill,FileSystemStorage,131072,1,131317,172186,67513
1779838586.576144,spill,FileSystemStorage,131072,1,131317,160493,68144
1779838586.576262,spill,FileSystemStorage,131072,1,131317,155040,63936
1779838586.576594,spill,FileSystemStorage,131072,1,131317,155230,63974
1779838586.576823,spill,FileSystemStorage,131072,2,262634,276179,135079
1779838586.576951,spill,FileSystemStorage,131072,1,131317,145755,62457
1779838586.577274,spill,FileSystemStorage,131072,1,131317,163728,67000
1779838586.577338,spill,FileSystemStorage,131072,1,131317,134474,61332
1779838586.577791,spill,FileSystemStorage,131072,2,262634,260452,142726
1779838586.577851,spill,FileSystemStorage,131072,2,262634,233200,130131
1779838586.578235,spill,FileSystemStorage,131072,1,131317,157217,67133
1779838586.578373,spill,FileSystemStorage,131072,2,262634,317286,164366
1779838586.578574,spill,FileSystemStorage,131072,1,131317,142155,63864
1779838586.578933,spill,FileSystemStorage,131072,2,262634,304139,157018
1779838586.579059,spill,FileSystemStorage,131072,1,131317,211311,81611
1779838586.579541,spill,FileSystemStorage,131072,2,262634,268608,131172
1779838586.579867,spill,FileSystemStorage,131072,1,131317,159357,68134
1779838586.580045,spill,FileSystemStorage,131072,1,131317,176984,66647
1779838586.580339,spill,FileSystemStorage,131072,1,131317,151847,63026
1779838586.580571,spill,FileSystemStorage,131072,1,131317,195111,72993
1779838586.580932,spill,FileSystemStorage,131072,1,131317,157682,64599
1779838586.580999,spill,FileSystemStorage,131072,1,131317,156090,66458
1779838586.581312,spill,FileSystemStorage,131072,1,131317,144060,62105
1779838586.581386,spill,FileSystemStorage,131072,1,131317,166325,66620
1779838586.581702,spill,FileSystemStorage,131072,1,131317,158650,65110
1779838586.581825,spill,FileSystemStorage,131072,1,131317,171885,75255
1779838586.582129,spill,FileSystemStorage,131072,1,131317,167045,78122
1779838586.582207,spill,FileSystemStorage,131072,1,131317,165389,68723
1779838586.582584,spill,FileSystemStorage,131072,1,131317,176792,76318
1779838586.582632,spill,FileSystemStorage,131072,1,131317,162333,74486
1779838586.583025,spill,FileSystemStorage,131072,1,131317,212284,90780
1779838586.583068,spill,FileSystemStorage,131072,1,131317,182724,88463
1779838586.583580,spill,FileSystemStorage,131072,2,262634,255677,130657
1779838586.583615,spill,FileSystemStorage,131072,1,131317,167621,65053
1779838586.584107,spill,FileSystemStorage,131072,1,131317,160311,71958
1779838586.584121,spill,FileSystemStorage,131072,2,262634,261547,131351
1779838586.584738,spill,FileSystemStorage,131072,2,262634,275058,136097
1779838586.584825,spill,FileSystemStorage,131072,1,131317,181849,66604
1779838586.585386,spill,FileSystemStorage,131072,1,131317,147878,68654
1779838586.585515,spill,FileSystemStorage,131072,1,131317,193970,76783
1779838586.585863,spill,FileSystemStorage,131072,1,131317,158971,73726
1779838586.585970,spill,FileSystemStorage,131072,1,131317,177703,68046
1779838586.586331,spill,FileSystemStorage,131072,2,262634,241357,129439
1779838586.586391,spill,FileSystemStorage,131072,1,131317,162370,73299
1779838586.586730,spill,FileSystemStorage,131072,1,131317,165859,67033
1779838586.586828,spill,FileSystemStorage,131072,1,131317,170258,69027
1779838586.587286,spill,FileSystemStorage,131072,2,262634,251223,124958
1779838586.587518,spill,FileSystemStorage,131072,1,131317,193944,74490
1779838586.587894,spill,FileSystemStorage,131072,1,131317,175959,65756
1779838586.588068,spill,FileSystemStorage,131072,1,131317,168196,66746
1779838586.588358,spill,FileSystemStorage,131072,2,262634,254651,124015
1779838586.588505,spill,FileSystemStorage,131072,1,131317,191612,72132
1779838586.588808,spill,FileSystemStorage,131072,1,131317,186775,71071
1779838586.589203,spill,FileSystemStorage,131072,2,262634,252443,131394
1779838586.589389,spill,FileSystemStorage,131072,2,262634,243832,124973
1779838586.589622,spill,FileSystemStorage,131072,1,131317,176251,74420
1779838586.590163,spill,FileSystemStorage,131072,1,131317,155264,63938
1779838586.590240,spill,FileSystemStorage,131072,1,131317,187234,72513
1779838586.590784,spill,FileSystemStorage,131072,1,131317,183674,75545
1779838586.590794,spill,FileSystemStorage,131072,2,262634,245630,131385
1779838586.591219,spill,FileSystemStorage,131072,1,131317,177903,69421
1779838586.591495,spill,FileSystemStorage,131072,1,131317,187987,67615
1779838586.591832,spill,FileSystemStorage,131072,1,131317,151685,63238
1779838586.592209,spill,FileSystemStorage,131072,1,131317,205025,83021
1779838586.592464,spill,FileSystemStorage,131072,1,131317,175167,67316
1779838586.592837,spill,FileSystemStorage,131072,1,131317,262050,75292
1779838586.593067,spill,FileSystemStorage,131072,2,262634,255722,129756
1779838586.593457,spill,FileSystemStorage,131072,1,131317,264557,81433
1779838586.593531,spill,FileSystemStorage,131072,1,131317,181167,84950
1779838586.593999,spill,FileSystemStorage,131072,1,131317,159043,65662
1779838586.594002,spill,FileSystemStorage,131072,2,262634,313348,166879
1779838586.594628,spill,FileSystemStorage,131072,2,262634,305940,149558
1779838586.594704,spill,FileSystemStorage,131072,1,131317,179377,74488
1779838586.595127,spill,FileSystemStorage,131072,1,131317,211735,74231
1779838586.595165,spill,FileSystemStorage,131072,1,131317,169247,67053
1779838586.595639,spill,FileSystemStorage,131072,1,131317,182276,64600
1779838586.595745,spill,FileSystemStorage,131072,1,131317,167547,72934
1779838586.596073,spill,FileSystemStorage,131072,1,131317,188815,65496
1779838586.596446,spill,FileSystemStorage,131072,2,262634,264315,128617
1779838586.596651,spill,FileSystemStorage,131072,1,131317,161088,64418
1779838586.597073,spill,FileSystemStorage,131072,1,131317,196757,83390
1779838586.597351,spill,FileSystemStorage,131072,1,131317,215014,81637
1779838586.597612,spill,FileSystemStorage,131072,2,262634,253386,125828
1779838586.598119,spill,FileSystemStorage,131072,1,131317,180838,72163
1779838586.598270,spill,FileSystemStorage,131072,1,131317,199975,76024
1779838586.598640,spill,FileSystemStorage,131072,2,262634,278632,141447
1779838586.598699,spill,FileSystemStorage,131072,1,131317,150170,61235
1779838586.599082,spill,FileSystemStorage,131072,1,131317,227408,71808
1779838586.599286,spill,FileSystemStorage,131072,1,131317,165740,70525
1779838586.599698,spill,FileSystemStorage,131072,2,262634,284357,134048
1779838586.599715,spill,FileSystemStorage,131072,1,131317,153577,63868
1779838586.600151,spill,FileSystemStorage,131072,1,131317,152920,67592
1779838586.600153,spill,FileSystemStorage,131072,1,131317,183748,73998
1779838586.600679,spill,FileSystemStorage,131072,1,131317,179665,69899
1779838586.600786,spill,FileSystemStorage,131072,2,262634,317038,153648
1779838586.601277,spill,FileSystemStorage,131072,2,262634,288256,147409
1779838586.601507,spill,FileSystemStorage,131072,1,131317,205306,72571
1779838586.601714,spill,FileSystemStorage,131072,1,131317,176855,66562
1779838586.602223,spill,FileSystemStorage,131072,1,131317,195289,70075
1779838586.602770,spill,FileSystemStorage,131072,2,262634,391626,158859
1779838586.602991,spill,FileSystemStorage,131072,1,131317,211310,92377
1779838586.603507,spill,FileSystemStorage,131072,2,262634,316035,136230
1779838586.603941,spill,FileSystemStorage,131072,1,131317,276271,91601
1779838586.604202,spill,FileSystemStorage,131072,1,131317,215535,76708
1779838586.604696,spill,FileSystemStorage,131072,1,131317,208621,70531
1779838586.604790,spill,FileSystemStorage,131072,1,131317,190388,75587
1779838586.605214,spill,FileSystemStorage,131072,1,131317,172080,79532
1779838586.605596,spill,FileSystemStorage,131072,2,262634,286890,135928
1779838586.605643,spill,FileSystemStorage,131072,1,131317,179897,78612
1779838586.606144,spill,FileSystemStorage,131072,1,131317,159198,66593
1779838586.606241,spill,FileSystemStorage,131072,2,262634,277822,155943
1779838586.606803,spill,FileSystemStorage,131072,1,131317,206495,75951
1779838586.606846,spill,FileSystemStorage,131072,1,131317,165127,71149
1779838586.607437,spill,FileSystemStorage,131072,2,262634,304844,148626
1779838586.607812,spill,FileSystemStorage,131072,2,262634,479851,146044
1779838586.608121,spill,FileSystemStorage,131072,1,131317,315675,77495
1779838586.608275,spill,FileSystemStorage,131072,1,131317,198260,64298
1779838586.608667,spill,FileSystemStorage,131072,1,131317,280971,77638
1779838586.608996,spill,FileSystemStorage,131072,2,262634,261242,127028
1779838586.609272,spill,FileSystemStorage,131072,1,131317,208310,78992
1779838586.609469,spill,FileSystemStorage,131072,1,131317,167249,64536
1779838586.609838,spill,FileSystemStorage,131072,2,262634,315467,145124
1779838586.609906,spill,FileSystemStorage,131072,1,131317,164523,62500
1779838586.610435,spill,FileSystemStorage,131072,1,131317,201060,75183
1779838586.610459,spill,FileSystemStorage,131072,1,131317,158457,69371
1779838586.610916,spill,FileSystemStorage,131072,1,131317,217005,84006
1779838586.610933,spill,FileSystemStorage,131072,1,131317,182120,82022
1779838586.611504,spill,FileSystemStorage,131072,2,262634,270682,136833
1779838586.611519,spill,FileSystemStorage,131072,1,131317,190999,78253
1779838586.611927,spill,FileSystemStorage,131072,1,131317,151535,62070
1779838586.612328,spill,FileSystemStorage,131072,1,131317,163871,70986
1779838586.612335,spill,FileSystemStorage,131072,1,131317,274599,87327
1779838586.612857,spill,FileSystemStorage,131072,1,131317,197175,80100
1779838586.612860,spill,FileSystemStorage,131072,2,262634,267221,149685
1779838586.613267,spill,FileSystemStorage,131072,1,131317,173029,75357
1779838586.613414,spill,FileSystemStorage,131072,2,262634,266500,138444
1779838586.613834,spill,FileSystemStorage,131072,1,131317,163478,66362
1779838586.613902,spill,FileSystemStorage,131072,2,262634,322872,147193
1779838586.614368,spill,FileSystemStorage,131072,2,262634,262063,137061
1779838586.614408,spill,FileSystemStorage,131072,1,131317,190379,77194
1779838586.614784,spill,FileSystemStorage,131072,1,131317,150773,65244
1779838586.615048,spill,FileSystemStorage,131072,2,262634,332714,182308
1779838586.615282,spill,FileSystemStorage,131072,1,131317,208821,63576
1779838586.615536,spill,FileSystemStorage,131072,1,131317,195705,73688
1779838586.615704,spill,FileSystemStorage,131072,1,131317,168566,67377
1779838586.616078,spill,FileSystemStorage,131072,2,262634,268110,136504
1779838586.616137,spill,FileSystemStorage,131072,1,131317,170217,65923
1779838586.616773,spill,FileSystemStorage,131072,1,131317,241293,75327
1779838586.616973,spill,FileSystemStorage,131072,2,262634,252612,132996
1779838586.617516,spill,FileSystemStorage,131072,2,262634,264537,128719
1779838586.617729,spill,FileSystemStorage,131072,1,131317,473436,89149
1779838586.617943,spill,FileSystemStorage,131072,1,131317,167520,67299
1779838586.618494,spill,FileSystemStorage,131072,2,262634,361477,154001
1779838586.618541,spill,FileSystemStorage,131072,2,262634,264266,139403
1779838586.619144,spill,FileSystemStorage,131072,2,262634,338624,162904
1779838586.619199,spill,FileSystemStorage,131072,2,262634,333302,140147
1779838586.619961,spill,FileSystemStorage,131072,1,131317,424041,70267
1779838586.619982,spill,FileSystemStorage,131072,1,131317,230023,74012
1779838586.620695,spill,FileSystemStorage,131072,1,131317,246198,88391
1779838586.620764,spill,FileSystemStorage,131072,2,262634,394692,148096
1779838586.621416,spill,FileSystemStorage,131072,1,131317,249240,79997
1779838586.621440,spill,FileSystemStorage,131072,2,262634,314567,131740
1779838586.621940,spill,FileSystemStorage,131072,1,131317,180106,71254
1779838586.622018,spill,FileSystemStorage,131072,2,262634,292131,154205
1779838586.622440,spill,FileSystemStorage,131072,2,262634,255196,139872
1779838586.622634,spill,FileSystemStorage,131072,1,131317,175623,70892
1779838586.622827,spill,FileSystemStorage,131072,1,131317,167748,70653
1779838586.623115,spill,FileSystemStorage,131072,1,131317,216247,78549
1779838586.623310,spill,FileSystemStorage,131072,1,131317,183278,67488
1779838586.623583,spill,FileSystemStorage,131072,1,131317,184122,74585
1779838586.623715,spill,FileSystemStorage,131072,1,131317,167719,65581
1779838586.624231,spill,FileSystemStorage,131072,2,262634,275119,141413
1779838586.624459,spill,FileSystemStorage,131072,1,131317,415643,66610
1779838586.625166,spill,FileSystemStorage,131072,1,131317,296485,76432
1779838586.625175,spill,FileSystemStorage,131072,1,131317,167677,70650
1779838586.625919,spill,FileSystemStorage,131072,1,131317,364961,66765
1779838586.626315,spill,FileSystemStorage,131072,2,262634,542926,128007
1779838586.626587,spill,FileSystemStorage,131072,1,131317,338114,63395
1779838586.627003,spill,FileSystemStorage,131072,1,131317,205599,100940
1779838586.627007,spill,FileSystemStorage,131072,2,262634,326705,136892
1779838586.628509,spill,FileSystemStorage,131072,1,131317,413994,70362
1779838586.628531,spill,FileSystemStorage,131072,1,131317,414541,81940
1779838586.629550,spill,FileSystemStorage,131072,2,262634,587342,142417
1779838586.629871,spill,FileSystemStorage,131072,1,131317,189639,71525
1779838586.630210,spill,FileSystemStorage,131072,1,131317,405836,70778
1779838586.630599,spill,FileSystemStorage,131072,1,131317,335682,67504
1779838586.630730,spill,FileSystemStorage,131072,2,262634,319723,128571
1779838586.631142,spill,FileSystemStorage,131072,1,131317,218754,73591
1779838586.631267,spill,FileSystemStorage,131072,1,131317,229247,74523
1779838586.632934,spill,FileSystemStorage,131072,1,131317,403597,68670
1779838586.632957,spill,FileSystemStorage,131072,1,131317,307316,71025
1779838586.633563,spill,FileSystemStorage,131072,1,131317,149725,67411
1779838586.633723,spill,FileSystemStorage,131072,2,262634,267810,133161
1779838586.634068,spill,FileSystemStorage,131072,1,131317,162941,63110
1779838586.634465,spill,FileSystemStorage,131072,2,262634,309303,149823
1779838586.634471,spill,FileSystemStorage,131072,1,131317,173218,83786
1779838586.635078,spill,FileSystemStorage,131072,1,131317,219612,69152
1779838586.635175,spill,FileSystemStorage,131072,1,131317,206250,67310
1779838586.635566,spill,FileSystemStorage,131072,1,131317,177233,67201
1779838586.635978,spill,FileSystemStorage,131072,1,131317,165959,65391
1779838586.636340,spill,FileSystemStorage,131072,1,131317,168198,68462
1779838586.636947,spill,FileSystemStorage,131072,1,131317,177898,60652
1779838586.637330,spill,FileSystemStorage,131072,1,131317,153543,57221
1779838586.637389,spill,FileSystemStorage,131072,1,131317,219944,66221
1779838586.637831,spill,FileSystemStorage,131072,1,131317,238140,59323
1779838586.638218,spill,FileSystemStorage,131072,1,131317,178554,67425
1779838586.638391,spill,FileSystemStorage,131072,2,262634,269541,120553
1779838586.638627,spill,FileSystemStorage,131072,1,131317,171546,60113
1779838586.639059,spill,FileSystemStorage,131072,2,262634,320767,137289
1779838586.639224,spill,FileSystemStorage,131072,1,131317,300571,69714
1779838586.639692,spill,FileSystemStorage,131072,1,131317,210523,60479
1779838586.640079,spill,FileSystemStorage,131072,2,262634,308484,117098
1779838586.640595,spill,FileSystemStorage,131072,2,262634,255721,117766
1779838586.640690,spill,FileSystemStorage,131072,1,131317,198068,65562
1779838586.641243,spill,FileSystemStorage,131072,1,131317,203549,83270
1779838586.641351,spill,FileSystemStorage,131072,2,262634,271979,130910
1779838586.641956,spill,FileSystemStorage,131072,1,131317,160708,57171
1779838586.642081,spill,FileSystemStorage,131072,2,262634,251325,113594
1779838586.642491,spill,FileSystemStorage,131072,1,131317,185543,63396
1779838586.642598,spill,FileSystemStorage,131072,2,262634,228088,111900
1779838586.642998,spill,FileSystemStorage,131072,2,262634,293179,127448
1779838586.643039,spill,FileSystemStorage,131072,1,131317,210302,87311
1779838586.643723,spill,FileSystemStorage,131072,1,131317,209050,76165
1779838586.643740,spill,FileSystemStorage,131072,1,131317,163669,65452
1779838586.644514,spill,FileSystemStorage,131072,1,131317,154013,54550
1779838586.644587,spill,FileSystemStorage,131072,1,131317,171975,58641
1779838586.645035,spill,FileSystemStorage,131072,2,262634,240534,113204
1779838586.645276,spill,FileSystemStorage,131072,2,262634,234133,112285
1779838586.645517,spill,FileSystemStorage,131072,1,131317,156641,55561
1779838586.645672,spill,FileSystemStorage,131072,1,131317,168261,55962
1779838586.645969,spill,FileSystemStorage,131072,2,262634,243190,109813
1779838586.646033,spill,FileSystemStorage,131072,1,131317,156133,56972
1779838586.646514,spill,FileSystemStorage,131072,2,262634,231983,114589
1779838586.646536,spill,FileSystemStorage,131072,1,131317,168801,58588
1779838586.647077,spill,FileSystemStorage,131072,1,131317,217378,61562
1779838586.647595,spill,FileSystemStorage,131072,2,262634,246691,111418
1779838586.647895,spill,FileSystemStorage,131072,1,131317,314637,70992
1779838586.648588,spill,FileSystemStorage,131072,1,131317,204710,71780
1779838586.648869,spill,FileSystemStorage,131072,2,262634,285720,118848
1779838586.649173,spill,FileSystemStorage,131072,1,131317,159933,54463
1779838586.649725,spill,FileSystemStorage,131072,2,262634,282686,120486
1779838586.650103,spill,FileSystemStorage,131072,1,131317,184653,61040
1779838586.650380,spill,FileSystemStorage,131072,1,131317,216225,62675
1779838586.650896,spill,FileSystemStorage,131072,2,262634,262247,108642
1779838586.651113,spill,FileSystemStorage,131072,1,131317,214292,70292
1779838586.651607,spill,FileSystemStorage,131072,1,131317,220133,78434
1779838586.651623,spill,FileSystemStorage,131072,1,131317,222606,71236
1779838586.652198,spill,FileSystemStorage,131072,2,262634,262445,114660
1779838586.652255,spill,FileSystemStorage,131072,1,131317,168688,56357
1779838586.652680,spill,FileSystemStorage,131072,1,131317,168368,64288
1779838586.653130,spill,FileSystemStorage,131072,2,262634,277849,134934
1779838586.653217,spill,FileSystemStorage,131072,2,262634,280684,140797
1779838586.653759,spill,FileSystemStorage,131072,1,131317,224486,72695
1779838586.653832,spill,FileSystemStorage,131072,2,262634,291386,127763
1779838586.654292,spill,FileSystemStorage,131072,1,131317,259210,69640
1779838586.654525,spill,FileSystemStorage,131072,1,131317,162409,56060
1779838586.654728,spill,FileSystemStorage,131072,1,131317,186795,69426
1779838586.655020,spill,FileSystemStorage,131072,1,131317,223620,83218
1779838586.655392,spill,FileSystemStorage,131072,2,262634,347474,121481
1779838586.656225,spill,FileSystemStorage,131072,1,131317,172401,57137
1779838586.656513,spill,FileSystemStorage,131072,1,131317,205697,71842
1779838586.657456,spill,FileSystemStorage,131072,1,131317,205643,69892
1779838586.657472,spill,FileSystemStorage,131072,1,131317,222920,65682
1779838586.658296,spill,FileSystemStorage,131072,2,262634,285583,130553
1779838586.658581,spill,FileSystemStorage,131072,1,131317,177996,59094
1779838586.658795,spill,FileSystemStorage,131072,1,131317,179637,65464
1779838586.659096,spill,FileSystemStorage,131072,1,131317,193168,67626
1779838586.659636,spill,FileSystemStorage,131072,1,131317,191437,61754
1779838586.660176,spill,FileSystemStorage,131072,1,131317,186162,59401
1779838586.660611,spill,FileSystemStorage,131072,2,262634,272661,120966
1779838586.660997,spill,FileSystemStorage,131072,1,131317,158286,56682
1779838586.661139,spill,FileSystemStorage,131072,1,131317,157429,58337
1779838586.661880,spill,FileSystemStorage,131072,2,262634,253569,126153
1779838586.661965,spill,FileSystemStorage,131072,1,131317,175619,74838
1779838586.662365,spill,FileSystemStorage,131072,1,131317,153444,63681
1779838586.662558,spill,FileSystemStorage,131072,1,131317,212203,65554
1779838586.662993,spill,FileSystemStorage,131072,2,262634,284384,126111
1779838586.663009,spill,FileSystemStorage,131072,1833,240704061,191353552,119840155
1779838586.663549,spill,FileSystemStorage,131072,7,919219,687344,369737
1779838586.664258,spill,FileSystemStorage,131072,6,787902,595225,381634
1779838586.664837,spill,FileSystemStorage,131072,1,131317,183650,60974
1779838586.664843,spill,FileSystemStorage,131072,2000,262634000,202476673,125665189
1779838586.665803,spill,FileSystemStorage,131072,1,131317,159631,59414
1779838586.665853,spill,FileSystemStorage,131072,1,131317,194977,70023
1779838586.666908,spill,FileSystemStorage,131072,1,131317,289590,77691
1779838586.681566,spill,FileSystemStorage,131072,1,131317,260570,83758
1779838586.681584,spill,FileSystemStorage,131072,2,262634,400953,162010
1779838586.682193,spill,FileSystemStorage,131072,2,262634,335279,122815
1779838586.685396,spill,FileSystemStorage,131072,1,131317,313093,82388
1779838586.703465,spill,FileSystemStorage,131072,2,262634,371268,139215
1779838586.704066,spill,FileSystemStorage,131072,2,262634,573374,121161
1779838586.704263,spill,FileSystemStorage,131072,1,131317,568656,79060
1779838586.704894,spill,FileSystemStorage,131072,1,131317,434975,70521
1779838586.709424,spill,FileSystemStorage,131072,1,131317,245121,88278
1779838586.709452,spill,FileSystemStorage,131072,1,131317,262380,78220
1779838586.709471,spill,FileSystemStorage,131072,2,262634,415323,184604
1779838586.709801,spill,FileSystemStorage,131072,2,262634,379204,134587
1779838586.712456,spill,FileSystemStorage,131072,1,131317,232765,66354
1779838586.712720,spill,FileSystemStorage,131072,2,262634,360571,136488
1779838586.713032,spill,FileSystemStorage,131072,1,131317,292494,91551
1779838586.713286,spill,FileSystemStorage,131072,1,131317,242176,70842
1779838586.715061,spill,FileSystemStorage,131072,2,262634,390987,155713
1779838586.715359,spill,FileSystemStorage,131072,1,131317,281667,92635
1779838586.715775,spill,FileSystemStorage,131072,1,131317,230425,74560
1779838586.716240,spill,FileSystemStorage,131072,1,131317,205785,66034
1779838586.717844,spill,FileSystemStorage,131072,3,393951,389301,173333
1779838586.717913,spill,FileSystemStorage,131072,1,131317,271275,86490
1779838586.718263,spill,FileSystemStorage,131072,1,131317,243241,75740
1779838586.718737,spill,FileSystemStorage,131072,1,131317,199135,63903
1779838586.720053,spill,FileSystemStorage,131072,1,131317,207248,64520
1779838586.720388,spill,FileSystemStorage,131072,2,262634,342252,132379
1779838586.720402,spill,FileSystemStorage,131072,1,131317,227368,85239
1779838586.720729,spill,FileSystemStorage,131072,2,262634,360942,124272
1779838586.721448,spill,FileSystemStorage,131072,1,131317,280980,73759
1779838586.721447,spill,FileSystemStorage,131072,1,131317,451968,71435
1779838586.721570,spill,FileSystemStorage,131072,2,262634,357327,128947
1779838586.721792,spill,FileSystemStorage,131072,1,131317,205062,60516
1779838586.721919,spill,FileSystemStorage,131072,1,131317,162767,55112
1779838586.722046,spill,FileSystemStorage,131072,1,131317,186679,69719
1779838586.722166,spill,FileSystemStorage,131072,2,262634,276129,131535
1779838586.722376,spill,FileSystemStorage,131072,2,262634,265502,118097
1779838586.722703,spill,FileSystemStorage,131072,2,262634,263207,130820
1779838586.722749,spill,FileSystemStorage,131072,2,262634,268024,129719
1779838586.722866,spill,FileSystemStorage,131072,1,131317,178133,61849
1779838586.723076,spill,FileSystemStorage,131072,1,131317,222062,66487
1779838586.723200,spill,FileSystemStorage,131072,1,131317,170167,61688
1779838586.723406,spill,FileSystemStorage,131072,1,131317,191029,71639
1779838586.723480,spill,FileSystemStorage,131072,3,393951,363927,184365
1779838586.723667,spill,FileSystemStorage,131072,1,131317,191401,60614
1779838586.723825,spill,FileSystemStorage,131072,1,131317,181032,70282
1779838586.723973,spill,FileSystemStorage,131072,1,131317,200394,64756
1779838586.724284,spill,FileSystemStorage,131072,2,262634,250423,112521
1779838586.724323,spill,FileSystemStorage,131072,1,131317,164770,58031
1779838586.724431,spill,FileSystemStorage,131072,1,131317,174298,62619
1779838586.724813,spill,FileSystemStorage,131072,1,131317,179633,59595
1779838586.724941,spill,FileSystemStorage,131072,1,131317,168960,58954
1779838586.725034,spill,FileSystemStorage,131072,1,131317,161107,63050
1779838586.725068,spill,FileSystemStorage,131072,1,131317,169436,60794
1779838586.725693,spill,FileSystemStorage,131072,1,131317,157849,66396
1779838586.725828,spill,FileSystemStorage,131072,1,131317,181407,78194
1779838586.725834,spill,FileSystemStorage,131072,1,131317,217370,77357
1779838586.725968,spill,FileSystemStorage,131072,2,262634,264393,117347
1779838586.726786,spill,FileSystemStorage,131072,1,131317,201157,87505
1779838586.726795,spill,FileSystemStorage,131072,2,262634,317588,149721
1779838586.726812,spill,FileSystemStorage,131072,1,131317,227892,80906
1779838586.727003,spill,FileSystemStorage,131072,4,525268,469976,248064
1779838586.727419,spill,FileSystemStorage,131072,1,131317,179192,60998
1779838586.727570,spill,FileSystemStorage,131072,1,131317,217167,67267
1779838586.727680,spill,FileSystemStorage,131072,1,131317,261967,82977
1779838586.727755,spill,FileSystemStorage,131072,2,262634,254548,124733
1779838586.728155,spill,FileSystemStorage,131072,1,131317,179918,65592
1779838586.728182,spill,FileSystemStorage,131072,1,131317,186995,61020
1779838586.728539,spill,FileSystemStorage,131072,1,131317,185219,67072
1779838586.728570,spill,FileSystemStorage,131072,1,131317,278195,94684
1779838586.728960,spill,FileSystemStorage,131072,1,131317,186150,64132
1779838586.729056,spill,FileSystemStorage,131072,1,131317,205600,67678
1779838586.729098,spill,FileSystemStorage,131072,1,131317,142872,58363
1779838586.729470,spill,FileSystemStorage,131072,1,131317,245868,87488
1779838586.729535,spill,FileSystemStorage,131072,1,131317,160297,60212
1779838586.729607,spill,FileSystemStorage,131072,1,131317,155131,57616
1779838586.730056,spill,FileSystemStorage,131072,2,262634,226383,114941
1779838586.730272,spill,FileSystemStorage,131072,1,131317,287285,82391
1779838586.730340,spill,FileSystemStorage,131072,1,131317,177049,71138
1779838586.730526,spill,FileSystemStorage,131072,3,393951,400072,202398
1779838586.730618,spill,FileSystemStorage,131072,1,131317,149963,56152
1779838586.730803,spill,FileSystemStorage,131072,1,131317,165122,59860
1779838586.730923,spill,FileSystemStorage,131072,1,131317,237017,76745
1779838586.731052,spill,FileSystemStorage,131072,1,131317,228210,87707
1779838586.731111,spill,FileSystemStorage,131072,1,131317,173648,59469
1779838586.731440,spill,FileSystemStorage,131072,1,131317,173835,59902
1779838586.731564,spill,FileSystemStorage,131072,1,131317,226644,74758
1779838586.731999,spill,FileSystemStorage,131072,3,393951,350856,184091
1779838586.732295,spill,FileSystemStorage,131072,1,131317,155132,62817
1779838586.732335,spill,FileSystemStorage,131072,1,131317,178116,61797
1779838586.732691,spill,FileSystemStorage,131072,5,656585,535550,269645
1779838586.733121,spill,FileSystemStorage,131072,2,262634,296884,138528
1779838586.733165,spill,FileSystemStorage,131072,2,262634,245718,117802
1779838586.733233,spill,FileSystemStorage,131072,1,131317,198237,65667
1779838586.733568,spill,FileSystemStorage,131072,1,131317,216120,76140
1779838586.733793,spill,FileSystemStorage,131072,1,131317,185669,66772
1779838586.733833,spill,FileSystemStorage,131072,1,131317,171928,65457
1779838586.734136,spill,FileSystemStorage,131072,1,131317,194809,77767
1779838586.734158,spill,FileSystemStorage,131072,2,262634,360317,128997
1779838586.734682,spill,FileSystemStorage,131072,1,131317,162081,69781
1779838586.734705,spill,FileSystemStorage,131072,2,262634,248160,124043
1779838586.734736,spill,FileSystemStorage,131072,1,131317,160648,63721
1779838586.734789,spill,FileSystemStorage,131072,1,131317,189821,57705
1779838586.735131,spill,FileSystemStorage,131072,1,131317,181168,58993
1779838586.735367,spill,FileSystemStorage,131072,2,262634,281358,118765
1779838586.735524,spill,FileSystemStorage,131072,1,131317,144855,56478
1779838586.735579,spill,FileSystemStorage,131072,1,131317,170051,58616
1779838586.735722,spill,FileSystemStorage,131072,2,262634,294247,135253
1779838586.735846,spill,FileSystemStorage,131072,1,131317,177795,61326
1779838586.736150,spill,FileSystemStorage,131072,1,131317,143499,56877
1779838586.736276,spill,FileSystemStorage,131072,1,131317,269187,81456
1779838586.736541,spill,FileSystemStorage,131072,1,131317,159286,68649
1779838586.736543,spill,FileSystemStorage,131072,1,131317,188877,82494
1779838586.736765,spill,FileSystemStorage,131072,2,262634,219816,106768
1779838586.737082,spill,FileSystemStorage,131072,1,131317,175715,61743
1779838586.737520,spill,FileSystemStorage,131072,1,131317,412862,67173
1779838586.737537,spill,FileSystemStorage,131072,1,131317,491044,83732
1779838586.737888,spill,FileSystemStorage,131072,1,131317,225628,65391
1779838586.737958,spill,FileSystemStorage,131072,2,262634,386990,130936
1779838586.738348,spill,FileSystemStorage,131072,1,131317,259410,76708
1779838586.738377,spill,FileSystemStorage,131072,2,262634,351579,117346
1779838586.738688,spill,FileSystemStorage,131072,1,131317,276203,59803
1779838586.738739,spill,FileSystemStorage,131072,1,131317,275281,84750
1779838586.738772,spill,FileSystemStorage,131072,1,131317,175968,70749
1779838586.739027,spill,FileSystemStorage,131072,3,393951,371732,208627
1779838586.739185,spill,FileSystemStorage,131072,1,131317,179141,62705
1779838586.739336,spill,FileSystemStorage,131072,2,262634,262632,117693
1779838586.739380,spill,FileSystemStorage,131072,1,131317,185085,60371
1779838586.739820,spill,FileSystemStorage,131072,1,131317,194862,68241
1779838586.739833,spill,FileSystemStorage,131072,1,131317,194448,68498
1779838586.740272,spill,FileSystemStorage,131072,1,131317,222168,82992
1779838586.740404,spill,FileSystemStorage,131072,2,262634,273985,118786
1779838586.740487,spill,FileSystemStorage,131072,1,131317,183513,67815
1779838586.740507,spill,FileSystemStorage,131072,1,131317,251834,76417
1779838586.740950,spill,FileSystemStorage,131072,1,131317,200033,66619
1779838586.740957,spill,FileSystemStorage,131072,1,131317,189449,64931
1779838586.741040,spill,FileSystemStorage,131072,1,131317,162451,59960
1779838586.741448,spill,FileSystemStorage,131072,1,131317,163240,56979
1779838586.741752,spill,FileSystemStorage,131072,1,131317,188746,70532
1779838586.741829,spill,FileSystemStorage,131072,2,262634,262647,135127
1779838586.742078,spill,FileSystemStorage,131072,2,262634,257433,110272
1779838586.742161,spill,FileSystemStorage,131072,1,131317,173472,61942
1779838586.742274,spill,FileSystemStorage,131072,1,131317,191526,74374
1779838586.742361,spill,FileSystemStorage,131072,1,131317,164552,58030
1779838586.742455,spill,FileSystemStorage,131072,1,131317,146867,55771
1779838586.742819,spill,FileSystemStorage,131072,1,131317,191141,65118
1779838586.743056,spill,FileSystemStorage,131072,1,131317,220128,95163
1779838586.743094,spill,FileSystemStorage,131072,1,131317,212988,67236
1779838586.743179,spill,FileSystemStorage,131072,2,262634,254956,117826
1779838586.743388,spill,FileSystemStorage,131072,1,131317,177448,61548
1779838586.743687,spill,FileSystemStorage,131072,1,131317,177563,54688
1779838586.744041,spill,FileSystemStorage,131072,1,131317,187487,70387
1779838586.744063,spill,FileSystemStorage,131072,1,131317,160397,60347
1779838586.744308,spill,FileSystemStorage,131072,1,131317,180668,68176
1779838586.744483,spill,FileSystemStorage,131072,1,131317,190670,62534
1779838586.744530,spill,FileSystemStorage,131072,1,131317,144449,57975
1779838586.744777,spill,FileSystemStorage,131072,1,131317,160403,57098
1779838586.745132,spill,FileSystemStorage,131072,1,131317,141789,53942
1779838586.745272,spill,FileSystemStorage,131072,2,262634,244201,113101
1779838586.745930,spill,FileSystemStorage,131072,2,262634,355977,144281
1779838586.745993,spill,FileSystemStorage,131072,1,131317,184245,80407
1779838586.745999,spill,FileSystemStorage,131072,2,262634,290498,127580
1779838586.746253,spill,FileSystemStorage,131072,1,131317,182112,62957
1779838586.746647,spill,FileSystemStorage,131072,1,131317,168881,61246
1779838586.746807,spill,FileSystemStorage,131072,1,131317,191545,59661
1779838586.746898,spill,FileSystemStorage,131072,1,131317,216501,74847
1779838586.747054,spill,FileSystemStorage,131072,1,131317,209225,89380
1779838586.747319,spill,FileSystemStorage,131072,2,262634,235717,104849
1779838586.747416,spill,FileSystemStorage,131072,1,131317,169891,58877
1779838586.747603,spill,FileSystemStorage,131072,1,131317,173114,60971
1779838586.748052,spill,FileSystemStorage,131072,1,131317,182150,63254
1779838586.748307,spill,FileSystemStorage,131072,1,131317,181856,66151
1779838586.748415,spill,FileSystemStorage,131072,1,131317,174971,58327
1779838586.748702,spill,FileSystemStorage,131072,2,262634,251131,108291
1779838586.748957,spill,FileSystemStorage,131072,2,262634,238888,114212
1779838586.749210,spill,FileSystemStorage,131072,2,262634,272062,112492
1779838586.749274,spill,FileSystemStorage,131072,1,131317,141595,56110
1779838586.749724,spill,FileSystemStorage,131072,2,262634,249687,116867
1779838586.749991,spill,FileSystemStorage,131072,1,131317,200142,66495
1779838586.750135,spill,FileSystemStorage,131072,2,262634,263169,124139
1779838586.750217,spill,FileSystemStorage,131072,2,262634,257155,122023
1779838586.750557,spill,FileSystemStorage,131072,1,131317,144430,63944
1779838586.750615,spill,FileSystemStorage,131072,2,262634,255812,120887
1779838586.750839,spill,FileSystemStorage,131072,1,131317,165811,61573
1779838586.751132,spill,FileSystemStorage,131072,1,131317,270332,81185
1779838586.751257,spill,FileSystemStorage,131072,2,262634,297710,135306
1779838586.751484,spill,FileSystemStorage,131072,1,131317,342263,57416
1779838586.751953,spill,FileSystemStorage,131072,1,131317,332707,67133
1779838586.751984,spill,FileSystemStorage,131072,1,131317,227896,63690
1779838586.752024,spill,FileSystemStorage,131072,1,131317,190886,62901
1779838586.752554,spill,FileSystemStorage,131072,1,131317,349319,55315
1779838586.752970,spill,FileSystemStorage,131072,1,131317,319606,69752
1779838586.752984,spill,FileSystemStorage,131072,1,131317,298463,67217
1779838586.753104,spill,FileSystemStorage,131072,2,262634,347555,123250
1779838586.753494,spill,FileSystemStorage,131072,1,131317,143977,56601
1779838586.753733,spill,FileSystemStorage,131072,1,131317,169521,63962
1779838586.753798,spill,FileSystemStorage,131072,1,131317,156022,56100
1779838586.753993,spill,FileSystemStorage,131072,1,131317,152622,61980
1779838586.754038,spill,FileSystemStorage,131072,2,262634,302353,118790
1779838586.754385,spill,FileSystemStorage,131072,1,131317,149443,57860
1779838586.754795,spill,FileSystemStorage,131072,2,262634,254038,121983
1779838586.754937,spill,FileSystemStorage,131072,1,131317,165698,70446
1779838586.755185,spill,FileSystemStorage,131072,1,131317,190254,62060
1779838586.755507,spill,FileSystemStorage,131072,1,131317,162502,62077
1779838586.755695,spill,FileSystemStorage,131072,1,131317,208382,66708
1779838586.755772,spill,FileSystemStorage,131072,1,131317,172357,65128
1779838586.756081,spill,FileSystemStorage,131072,1,131317,159095,54678
1779838586.756603,spill,FileSystemStorage,131072,1,131317,171742,63413
1779838586.756638,spill,FileSystemStorage,131072,1,131317,245990,73379
1779838586.756693,spill,FileSystemStorage,131072,1,131317,169214,59474
1779838586.756733,spill,FileSystemStorage,131072,1,131317,164916,64718
1779838586.757644,spill,FileSystemStorage,131072,1,131317,156215,65376
1779838586.757677,spill,FileSystemStorage,131072,2,262634,273268,121783
1779838586.757788,spill,FileSystemStorage,131072,1,131317,151792,57695
1779838586.758071,spill,FileSystemStorage,131072,1,131317,256994,74071
1779838586.758168,spill,FileSystemStorage,131072,1,131317,149287,60877
1779838586.758317,spill,FileSystemStorage,131072,1,131317,205506,62513
1779838586.758417,spill,FileSystemStorage,131072,1,131317,139888,58008
1779838586.759007,spill,FileSystemStorage,131072,1,131317,281820,95122
1779838586.759038,spill,FileSystemStorage,131072,1,131317,245399,92600
1779838586.759096,spill,FileSystemStorage,131072,4,525268,479463,273061
1779838586.759125,spill,FileSystemStorage,131072,1,131317,211950,71208
1779838586.759822,spill,FileSystemStorage,131072,1,131317,268643,61502
1779838586.760042,spill,FileSystemStorage,131072,2,262634,379897,123244
1779838586.760494,spill,FileSystemStorage,131072,1,131317,443285,60834
1779838586.760532,spill,FileSystemStorage,131072,1,131317,485886,70492
1779838586.761650,spill,FileSystemStorage,131072,3,393951,596484,175875
1779838586.761967,spill,FileSystemStorage,131072,1,131317,290764,70710
1779838586.762063,spill,FileSystemStorage,131072,2,262634,338113,124570
1779838586.762189,spill,FileSystemStorage,131072,3,393951,441510,175954
1779838586.762944,spill,FileSystemStorage,131072,1,131317,187913,72689
1779838586.763381,spill,FileSystemStorage,131072,2,262634,355964,130902
1779838586.763452,spill,FileSystemStorage,131072,1,131317,185131,67075
1779838586.763789,spill,FileSystemStorage,131072,3,393951,407846,170062
1779838586.764101,spill,FileSystemStorage,131072,1,131317,192689,62713
1779838586.764857,spill,FileSystemStorage,131072,1,131317,208516,64377
1779838586.765056,spill,FileSystemStorage,131072,3,393951,339551,173551
1779838586.765140,spill,FileSystemStorage,131072,1,131317,201341,57988
1779838586.765587,spill,FileSystemStorage,131072,3,393951,364393,188068
1779838586.766140,spill,FileSystemStorage,131072,1,131317,189348,67163
1779838586.766378,spill,FileSystemStorage,131072,4,525268,514364,279269
1779838586.766418,spill,FileSystemStorage,131072,1,131317,231978,82283
1779838586.766662,spill,FileSystemStorage,131072,2,262634,245629,112837
1779838586.767286,spill,FileSystemStorage,131072,4,525268,474239,267190
1779838586.767300,spill,FileSystemStorage,131072,2,262634,304561,146449
1779838586.767533,spill,FileSystemStorage,131072,2,262634,287970,113023
1779838586.767606,spill,FileSystemStorage,131072,1,131317,184830,62311
1779838586.768418,spill,FileSystemStorage,131072,4,525268,413463,210263
1779838586.768650,spill,FileSystemStorage,131072,1,131317,200198,71591
1779838586.768654,spill,FileSystemStorage,131072,3,393951,359299,170213
1779838586.768813,spill,FileSystemStorage,131072,1,131317,213088,78526
1779838586.769597,spill,FileSystemStorage,131072,2,262634,336746,165537
1779838586.769794,spill,FileSystemStorage,131072,3,393951,399055,224178
1779838586.769822,spill,FileSystemStorage,131072,3,393951,361044,198381
1779838586.769875,spill,FileSystemStorage,131072,1,131317,170258,61627
1779838586.770577,spill,FileSystemStorage,131072,2,262634,278827,120401
1779838586.770722,spill,FileSystemStorage,131072,2,262634,261598,117605
1779838586.770909,spill,FileSystemStorage,131072,2,262634,307345,136326
1779838586.770963,spill,FileSystemStorage,131072,2,262634,285608,125215
1779838586.771322,spill,FileSystemStorage,131072,2,262634,266319,114592
1779838586.771467,spill,FileSystemStorage,131072,1,131317,201932,66567
1779838586.772007,spill,FileSystemStorage,131072,1,131317,216438,58770
1779838586.772170,spill,FileSystemStorage,131072,1,131317,196449,66203
1779838586.772673,spill,FileSystemStorage,131072,2,262634,277042,128184
1779838586.772684,spill,FileSystemStorage,131072,1,131317,191428,69342
1779838586.773073,spill,FileSystemStorage,131072,1,131317,219889,62911
1779838586.773103,spill,FileSystemStorage,131072,1,131317,161799,60583
1779838586.773245,spill,FileSystemStorage,131072,1,131317,161489,58972
1779838586.773725,spill,FileSystemStorage,131072,1,131317,174473,64146
1779838586.773839,spill,FileSystemStorage,131072,3,393951,339921,168051
1779838586.774058,spill,FileSystemStorage,131072,1,131317,197762,65527
1779838586.774178,spill,FileSystemStorage,131072,3,393951,373454,189549
1779838586.774327,spill,FileSystemStorage,131072,2,262634,234325,109589
1779838586.774449,spill,FileSystemStorage,131072,2,262634,252992,108450
1779838586.774803,spill,FileSystemStorage,131072,2,262634,262502,116672
1779838586.775248,spill,FileSystemStorage,131072,2,262634,320669,143275
1779838586.775330,spill,FileSystemStorage,131072,2,262634,293652,141453
1779838586.775343,spill,FileSystemStorage,131072,4,525268,500071,263704
1779838586.776138,spill,FileSystemStorage,131072,2,262634,337154,169060
1779838586.776186,spill,FileSystemStorage,131072,2,262634,283981,130559
1779838586.776273,spill,FileSystemStorage,131072,2,262634,338272,148505
1779838586.776400,spill,FileSystemStorage,131072,1,131317,188856,65863
1779838586.776892,spill,FileSystemStorage,131072,1,131317,190054,60128
1779838586.777061,spill,FileSystemStorage,131072,1,131317,187567,60090
1779838586.777146,spill,FileSystemStorage,131072,1,131317,175731,56230
1779838586.777420,spill,FileSystemStorage,131072,1,131317,249434,76391
1779838586.777542,spill,FileSystemStorage,131072,1,131317,220753,75931
1779838586.777716,spill,FileSystemStorage,131072,1,131317,172640,59702
1779838586.777858,spill,FileSystemStorage,131072,1,131317,163265,55727
1779838586.778198,spill,FileSystemStorage,131072,1,131317,179559,60045
1779838586.778282,spill,FileSystemStorage,131072,1,131317,177930,61408
1779838586.778575,spill,FileSystemStorage,131072,1,131317,154454,60038
1779838586.779025,spill,FileSystemStorage,131072,3,393951,388238,206232
1779838586.779128,spill,FileSystemStorage,131072,1,131317,200069,62982
1779838586.779172,spill,FileSystemStorage,131072,1,131317,268281,67478
1779838586.779448,spill,FileSystemStorage,131072,2,262634,253693,119052
1779838586.779691,spill,FileSystemStorage,131072,1,131317,170006,68168
1779838586.780163,spill,FileSystemStorage,131072,1,131317,162287,65245
1779838586.780289,spill,FileSystemStorage,131072,1,131317,231483,81743
1779838586.780293,spill,FileSystemStorage,131072,3,393951,379213,187424
1779838586.780316,spill,FileSystemStorage,131072,1,131317,163793,70570
1779838586.780766,spill,FileSystemStorage,131072,1,131317,166497,63458
1779838586.781077,spill,FileSystemStorage,131072,1,131317,184713,70388
1779838586.781103,spill,FileSystemStorage,131072,2,262634,290526,134861
1779838586.781162,spill,FileSystemStorage,131072,4,525268,436404,239974
1779838586.781666,spill,FileSystemStorage,131072,3,393951,354482,172820
1779838586.781774,spill,FileSystemStorage,131072,1,131317,174840,60084
1779838586.781939,spill,FileSystemStorage,131072,1,131317,212083,66984
1779838586.782098,spill,FileSystemStorage,131072,2,262634,278518,134187
1779838586.782297,spill,FileSystemStorage,131072,1,131317,181178,59472
1779838586.782467,spill,FileSystemStorage,131072,2,262634,230188,107938
1779838586.782664,spill,FileSystemStorage,131072,1,131317,178502,59743
1779838586.782766,spill,FileSystemStorage,131072,1,131317,202540,58839
1779838586.783249,spill,FileSystemStorage,131072,5,656585,579577,339045
1779838586.783317,spill,FileSystemStorage,131072,2,262634,303758,132179
1779838586.783353,spill,FileSystemStorage,131072,4,525268,497165,264571
1779838586.783390,spill,FileSystemStorage,131072,1,131317,175438,62612
1779838586.783740,spill,FileSystemStorage,131072,1,131317,185233,60525
1779838586.783890,spill,FileSystemStorage,131072,2,262634,258435,122769
1779838586.784118,spill,FileSystemStorage,131072,4,525268,438852,258124
1779838586.784252,spill,FileSystemStorage,131072,2,262634,292767,137440
1779838586.784337,spill,FileSystemStorage,131072,2,262634,291596,133782
1779838586.784481,spill,FileSystemStorage,131072,3,393951,338897,171426
1779838587.691664,spill,FileSystemStorage,131072,1,131317,351892,75709
1779838587.691860,spill,FileSystemStorage,131072,2,262634,546777,174146
1779838587.695113,spill,FileSystemStorage,131072,3,393951,722850,233684
1779838587.696156,spill,FileSystemStorage,131072,1,131317,1448000,103890
1779838587.696449,spill,FileSystemStorage,131072,3,393951,595830,169870
1779838587.697696,spill,FileSystemStorage,131072,3,393951,427247,205908
1779838587.697886,spill,FileSystemStorage,131072,1,131317,447866,88561
1779838587.699984,spill,FileSystemStorage,131072,1,131317,538736,71329
1779838587.700530,spill,FileSystemStorage,131072,1,131317,373946,93586
1779838587.701350,spill,FileSystemStorage,131072,1,131317,280528,75594
1779838587.701424,spill,FileSystemStorage,131072,1,131317,207653,80861
1779838587.702123,spill,FileSystemStorage,131072,1,131317,305083,90659
1779838587.702670,spill,FileSystemStorage,131072,3,393951,453980,248298
1779838587.703048,spill,FileSystemStorage,131072,1,131317,233539,91829
1779838587.703336,spill,FileSystemStorage,131072,1,131317,230180,87490
1779838587.704355,spill,FileSystemStorage,131072,1,131317,242959,99325
1779838587.704447,spill,FileSystemStorage,131072,2,262634,313828,135825
1779838587.705200,spill,FileSystemStorage,131072,1,131317,242591,80586
1779838587.705819,spill,FileSystemStorage,131072,2,262634,394769,180767
1779838587.706151,spill,FileSystemStorage,131072,2,262634,348115,141052
1779838587.706730,spill,FileSystemStorage,131072,1,131317,217634,66963
1779838587.706886,spill,FileSystemStorage,131072,1,131317,254755,95907
1779838587.707623,spill,FileSystemStorage,131072,1,131317,503170,85240
1779838587.707792,spill,FileSystemStorage,131072,2,262634,482297,195593
1779838587.708635,spill,FileSystemStorage,131072,2,262634,548284,162966
1779838587.709119,spill,FileSystemStorage,131072,3,393951,770196,276598
1779838587.709504,spill,FileSystemStorage,131072,3,393951,395831,196321
1779838587.709851,spill,FileSystemStorage,131072,2,262634,403088,154596
1779838587.710371,spill,FileSystemStorage,131072,2,262634,332552,140600
1779838587.710419,spill,FileSystemStorage,131072,1,131317,182510,66067
1779838587.710923,spill,FileSystemStorage,131072,1,131317,199036,81061
1779838587.711118,spill,FileSystemStorage,131072,1,131317,253414,77426
1779838587.711384,spill,FileSystemStorage,131072,1,131317,173525,71119
1779838587.711735,spill,FileSystemStorage,131072,1,131317,167014,66606
1779838587.711946,spill,FileSystemStorage,131072,2,262634,290488,142503
1779838587.712392,spill,FileSystemStorage,131072,3,393951,379480,198858
1779838587.712416,spill,FileSystemStorage,131072,1,131317,191321,71057
1779838587.712870,spill,FileSystemStorage,131072,1,131317,180766,72502
1779838587.712957,spill,FileSystemStorage,131072,1,131317,201408,75948
1779838587.713435,spill,FileSystemStorage,131072,2,262634,288745,133605
1779838587.713484,spill,FileSystemStorage,131072,1,131317,181700,70948
1779838587.714076,spill,FileSystemStorage,131072,3,393951,379299,195231
1779838587.714094,spill,FileSystemStorage,131072,1,131317,177507,69491
1779838587.714612,spill,FileSystemStorage,131072,1,131317,154728,66968
1779838587.714747,spill,FileSystemStorage,131072,1,131317,197775,76837
1779838587.715247,spill,FileSystemStorage,131072,1,131317,213766,81182
1779838587.715284,spill,FileSystemStorage,131072,1,131317,156795,66930
1779838587.715968,spill,FileSystemStorage,131072,1,131317,189674,84436
1779838587.716355,spill,FileSystemStorage,131072,1,131317,170849,69161
1779838587.716600,spill,FileSystemStorage,131072,2,262634,308566,157585
1779838587.717067,spill,FileSystemStorage,131072,2,262634,253296,126587
1779838587.717382,spill,FileSystemStorage,131072,1,131317,202857,77211
1779838587.717706,spill,FileSystemStorage,131072,2,262634,284233,129097
1779838587.718163,spill,FileSystemStorage,131072,2,262634,294049,154571
1779838587.718535,spill,FileSystemStorage,131072,3,393951,336677,186114
1779838587.718595,spill,FileSystemStorage,131072,1,131317,189941,89776
1779838587.719215,spill,FileSystemStorage,131072,1,131317,185925,67824
1779838587.719274,spill,FileSystemStorage,131072,1,131317,199909,70604
1779838587.719886,spill,FileSystemStorage,131072,1,131317,164655,68086
1779838587.720106,spill,FileSystemStorage,131072,4,525268,497407,289864
1779838587.720311,spill,FileSystemStorage,131072,1,131317,173943,75652
1779838587.720588,spill,FileSystemStorage,131072,1,131317,201775,74356
1779838587.720820,spill,FileSystemStorage,131072,1,131317,160826,61683
1779838587.721096,spill,FileSystemStorage,131072,2,262634,286637,136067
1779838587.721194,spill,FileSystemStorage,131072,1,131317,150935,65675
1779838587.721775,spill,FileSystemStorage,131072,1,131317,154518,65273
1779838587.722180,spill,FileSystemStorage,131072,2,262634,391600,160462
1779838587.722559,spill,FileSystemStorage,131072,2,262634,438991,186505
1779838587.722853,spill,FileSystemStorage,131072,1,131317,225430,81214
1779838587.723449,spill,FileSystemStorage,131072,1,131317,294879,97460
1779838587.723492,spill,FileSystemStorage,131072,1,131317,201825,71664
1779838587.723984,spill,FileSystemStorage,131072,1,131317,238014,97462
1779838587.724143,spill,FileSystemStorage,131072,1,131317,212260,77444
1779838587.724669,spill,FileSystemStorage,131072,2,262634,279314,134354
1779838587.724701,spill,FileSystemStorage,131072,1,131317,237940,99844
1779838587.725479,spill,FileSystemStorage,131072,1,131317,241966,99102
1779838587.725670,spill,FileSystemStorage,131072,2,262634,350431,146863
1779838587.726170,spill,FileSystemStorage,131072,1,131317,255960,100349
1779838587.726198,spill,FileSystemStorage,131072,1,131317,230209,69995
1779838587.726700,spill,FileSystemStorage,131072,1,131317,199973,80378
1779838587.726785,spill,FileSystemStorage,131072,1,131317,236162,100541
1779838587.727312,spill,FileSystemStorage,131072,2,262634,296169,141126
1779838587.727632,spill,FileSystemStorage,131072,1,131317,248456,94867
1779838587.727970,spill,FileSystemStorage,131072,3,393951,375942,211533
1779838587.728150,spill,FileSystemStorage,131072,1,131317,236262,98595
1779838587.728676,spill,FileSystemStorage,131072,2,262634,414762,164306
1779838587.729012,spill,FileSystemStorage,131072,1,131317,239186,93018
1779838587.729173,spill,FileSystemStorage,131072,1,131317,221768,87306
1779838587.729725,spill,FileSystemStorage,131072,1,131317,194391,70669
1779838587.729831,spill,FileSystemStorage,131072,2,262634,375315,186811
1779838587.730287,spill,FileSystemStorage,131072,2,262634,264233,128036
1779838587.730397,spill,FileSystemStorage,131072,1,131317,246427,92353
1779838587.731076,spill,FileSystemStorage,131072,2,262634,444658,183217
1779838587.731192,spill,FileSystemStorage,131072,2,262634,412917,212322
1779838587.731887,spill,FileSystemStorage,131072,2,262634,311100,137610
1779838587.732030,spill,FileSystemStorage,131072,1,131317,254692,93199
1779838587.732443,spill,FileSystemStorage,131072,2,262634,284853,139874
1779838587.732726,spill,FileSystemStorage,131072,2,262634,376519,187457
1779838587.732876,spill,FileSystemStorage,131072,1,131317,191641,77323
1779838587.733622,spill,FileSystemStorage,131072,1,131317,260538,96548
1779838587.733850,spill,FileSystemStorage,131072,1,131317,244973,93373
1779838587.734339,spill,FileSystemStorage,131072,1,131317,271443,101604
1779838587.734782,spill,FileSystemStorage,131072,2,262634,410135,187675
1779838587.734859,spill,FileSystemStorage,131072,1,131317,239487,87878
1779838587.735414,spill,FileSystemStorage,131072,1,131317,250560,96394
1779838587.735663,spill,FileSystemStorage,131072,1,131317,212053,75442
1779838587.736476,spill,FileSystemStorage,131072,2,262634,362011,188125
1779838587.736491,spill,FileSystemStorage,131072,2,262634,273792,132630
1779838587.737040,spill,FileSystemStorage,131072,1,131317,189424,66393
1779838587.737437,spill,FileSystemStorage,131072,3,393951,480857,255472
1779838587.737452,spill,FileSystemStorage,131072,1,131317,161925,68803
1779838587.738232,spill,FileSystemStorage,131072,1,131317,216442,72334
1779838587.738240,spill,FileSystemStorage,131072,1,131317,262366,99584
1779838587.739079,spill,FileSystemStorage,131072,2,262634,304536,135754
1779838587.739287,spill,FileSystemStorage,131072,1,131317,249622,96909
1779838587.739717,spill,FileSystemStorage,131072,2,262634,280056,134167
1779838587.740225,spill,FileSystemStorage,131072,1,131317,280325,90142
1779838587.740838,spill,FileSystemStorage,131072,2,262634,290571,140193
1779838587.741325,spill,FileSystemStorage,131072,1,131317,237185,96799
1779838587.741924,spill,FileSystemStorage,131072,2,262634,282681,134284
1779838587.742151,spill,FileSystemStorage,131072,2,262634,359396,175174
1779838587.742695,spill,FileSystemStorage,131072,2,262634,274235,130830
1779838587.743047,spill,FileSystemStorage,131072,1,131317,296441,118449
1779838587.743176,spill,FileSystemStorage,131072,1,131317,211587,75279
1779838587.744033,spill,FileSystemStorage,131072,3,393951,495208,253865
1779838587.744169,spill,FileSystemStorage,131072,1,131317,186625,79282
1779838587.744828,spill,FileSystemStorage,131072,2,262634,379219,185843
1779838587.744879,spill,FileSystemStorage,131072,1,131317,239343,87362
1779838587.745717,spill,FileSystemStorage,131072,2,262634,278968,131896
1779838587.745771,spill,FileSystemStorage,131072,1,131317,253129,99802
1779838587.746523,spill,FileSystemStorage,131072,1,131317,197644,72348
1779838587.746646,spill,FileSystemStorage,131072,1,131317,244316,98723
1779838587.747013,spill,FileSystemStorage,131072,1,131317,211714,95228
1779838587.747321,spill,FileSystemStorage,131072,1,131317,300225,85739
1779838587.748112,spill,FileSystemStorage,131072,2,262634,286547,130493
1779838587.748755,spill,FileSystemStorage,131072,5,656585,792710,458439
1779838587.749499,spill,FileSystemStorage,131072,2,262634,269989,132538
1779838587.750198,spill,FileSystemStorage,131072,2,262634,401333,185996
1779838587.750721,spill,FileSystemStorage,131072,1,131317,170809,68962
1779838587.751240,spill,FileSystemStorage,131072,1,131317,291230,99512
1779838587.752112,spill,FileSystemStorage,131072,2,262634,342176,138169
1779838587.752771,spill,FileSystemStorage,131072,1,131317,189953,69758
1779838587.753064,spill,FileSystemStorage,131072,2,262634,381900,185885
1779838587.753428,spill,FileSystemStorage,131072,1,131317,271045,81541
1779838587.753803,spill,FileSystemStorage,131072,1,131317,245709,95162
1779838587.754531,spill,FileSystemStorage,131072,4,525268,504345,264051
1779838587.754786,spill,FileSystemStorage,131072,2,262634,375723,173238
1779838587.755212,spill,FileSystemStorage,131072,1,131317,242058,69792
1779838587.755597,spill,FileSystemStorage,131072,2,262634,388572,188747
1779838587.756102,spill,FileSystemStorage,131072,1,131317,283585,84228
1779838587.756419,spill,FileSystemStorage,131072,1,131317,250583,97199
1779838587.756920,spill,FileSystemStorage,131072,1,131317,269203,86937
1779838587.757247,spill,FileSystemStorage,131072,1,131317,248135,95984
1779838587.757710,spill,FileSystemStorage,131072,1,131317,206166,68739
1779838587.758157,spill,FileSystemStorage,131072,1,131317,193370,78108
1779838587.758305,spill,FileSystemStorage,131072,1,131317,290009,94617
1779838587.758606,spill,FileSystemStorage,131072,1,131317,211827,76162
1779838587.759775,spill,FileSystemStorage,131072,1,131317,293518,95221
1779838587.759948,spill,FileSystemStorage,131072,1,131317,486433,105784
1779838587.760471,spill,FileSystemStorage,131072,2,262634,355793,183090
1779838587.761195,spill,FileSystemStorage,131072,1,131317,237729,101483
1779838587.761276,spill,FileSystemStorage,131072,2,262634,381002,161610
1779838587.761907,spill,FileSystemStorage,131072,2,262634,306679,145570
1779838587.761954,spill,FileSystemStorage,131072,2,262634,394543,196041
1779838587.762348,spill,FileSystemStorage,131072,1,131317,203850,65315
1779838587.762799,spill,FileSystemStorage,131072,1,131317,198181,71511
1779838587.762807,spill,FileSystemStorage,131072,2,262634,382109,195582
1779838587.763450,spill,FileSystemStorage,131072,2,262634,311258,135163
1779838587.763523,spill,FileSystemStorage,131072,1,131317,256014,93594
1779838587.764166,spill,FileSystemStorage,131072,1,131317,178785,64843
1779838587.764281,spill,FileSystemStorage,131072,2,262634,405725,189342
1779838587.764843,spill,FileSystemStorage,131072,3,393951,387239,214099
1779838587.764955,spill,FileSystemStorage,131072,2,262634,362304,187930
1779838587.765666,spill,FileSystemStorage,131072,3,393951,354387,184540
1779838587.765879,spill,FileSystemStorage,131072,2,262634,408117,202717
1779838587.766497,spill,FileSystemStorage,131072,3,393951,397483,205642
1779838587.766776,spill,FileSystemStorage,131072,1,131317,264599,94206
1779838587.766971,spill,FileSystemStorage,131072,1,131317,197683,66807
1779838587.767558,spill,FileSystemStorage,131072,2,262634,382185,184755
1779838587.767632,spill,FileSystemStorage,131072,1,131317,173592,69158
1779838587.768114,spill,FileSystemStorage,131072,1,131317,273494,100127
1779838587.768433,spill,FileSystemStorage,131072,1,131317,223065,78482
1779838587.769057,spill,FileSystemStorage,131072,3,393951,374777,191245
1779838587.769231,spill,FileSystemStorage,131072,3,393951,520306,285644
1779838587.770109,spill,FileSystemStorage,131072,1,131317,374363,71668
1779838587.770560,spill,FileSystemStorage,131072,1,131317,268874,104885
1779838587.771218,spill,FileSystemStorage,131072,4,525268,669599,293408
1779838587.771638,spill,FileSystemStorage,131072,4,525268,634403,347858
1779838587.771909,spill,FileSystemStorage,131072,1,131317,198112,67934
1779838587.772663,spill,FileSystemStorage,131072,2,262634,375604,187170
1779838587.772717,spill,FileSystemStorage,131072,2,262634,261827,127919
1779838587.773210,spill,FileSystemStorage,131072,1,131317,237821,97622
1779838587.773582,spill,FileSystemStorage,131072,1,131317,218597,72303
1779838587.773793,spill,FileSystemStorage,131072,1,131317,234949,95476
1779838587.774536,spill,FileSystemStorage,131072,2,262634,320018,152278
1779838587.774559,spill,FileSystemStorage,131072,2,262634,380303,190096
1779838587.775141,spill,FileSystemStorage,131072,1,131317,280559,96594
1779838587.775331,spill,FileSystemStorage,131072,1,131317,257471,80748
1779838587.776115,spill,FileSystemStorage,131072,1,131317,212466,76447
1779838587.776126,spill,FileSystemStorage,131072,1,131317,257125,102807
1779838587.776732,spill,FileSystemStorage,131072,1,131317,253178,95243
1779838587.777031,spill,FileSystemStorage,131072,3,393951,399371,198082
1779838587.777311,spill,FileSystemStorage,131072,1,131317,224362,93868
1779838587.777560,spill,FileSystemStorage,131072,2,262634,267019,128758
1779838587.777951,spill,FileSystemStorage,131072,2,262634,357255,185415
1779838587.778237,spill,FileSystemStorage,131072,1,131317,198886,78319
1779838587.778709,spill,FileSystemStorage,131072,2,262634,423084,173395
1779838587.778741,spill,FileSystemStorage,131072,1,131317,180428,65147
1779838587.779636,spill,FileSystemStorage,131072,1,131317,181090,69208
1779838587.779672,spill,FileSystemStorage,131072,1,131317,259448,97851
1779838587.780438,spill,FileSystemStorage,131072,1,131317,280314,87549
1779838587.780540,spill,FileSystemStorage,131072,2,262634,387583,188974
1779838587.781276,spill,FileSystemStorage,131072,1,131317,218424,80929
1779838587.781297,spill,FileSystemStorage,131072,1,131317,255158,98702
1779838587.781968,spill,FileSystemStorage,131072,1,131317,188219,73862
1779838587.781969,spill,FileSystemStorage,131072,1,131317,238459,96767
1779838587.782488,spill,FileSystemStorage,131072,1,131317,217298,90936
1779838587.782773,spill,FileSystemStorage,131072,2,262634,286678,143635
1779838587.783035,spill,FileSystemStorage,131072,1,131317,266838,115955
1779838587.783509,spill,FileSystemStorage,131072,1,131317,191109,66582
1779838587.784005,spill,FileSystemStorage,131072,1,131317,252826,98555
1779838587.784031,spill,FileSystemStorage,131072,1,131317,189644,88953
1779838587.784748,spill,FileSystemStorage,131072,1,131317,276826,98769
1779838587.784792,spill,FileSystemStorage,131072,1,131317,181766,68867
1779838587.785352,spill,FileSystemStorage,131072,2,262634,298454,140991
1779838587.785687,spill,FileSystemStorage,131072,2,262634,406384,185017
1779838587.785942,spill,FileSystemStorage,131072,1,131317,185037,74527
1779838587.786327,spill,FileSystemStorage,131072,2,262634,369081,187765
1779838587.786450,spill,FileSystemStorage,131072,1,131317,220381,87502
1779838587.787063,spill,FileSystemStorage,131072,1,131317,292424,117312
1779838587.787288,spill,FileSystemStorage,131072,2,262634,406923,159353
1779838587.787657,spill,FileSystemStorage,131072,1,131317,248408,95209
1779838587.788138,spill,FileSystemStorage,131072,1,131317,282589,95779
1779838587.789115,spill,FileSystemStorage,131072,1,131317,199283,70270
1779838587.789248,spill,FileSystemStorage,131072,2,262634,398687,191934
1779838587.789529,spill,FileSystemStorage,131072,1,131317,177982,68231
1779838587.789853,spill,FileSystemStorage,131072,1,131317,239731,91208
1779838587.790172,spill,FileSystemStorage,131072,2,262634,261918,133229
1779838587.790864,spill,FileSystemStorage,131072,2,262634,374218,190267
1779838587.791056,spill,FileSystemStorage,131072,3,393951,432218,247639
1779838587.792015,spill,FileSystemStorage,131072,1,131317,255239,94661
1779838587.792152,spill,FileSystemStorage,131072,1,131317,210368,70303
1779838587.792625,spill,FileSystemStorage,131072,1,131317,162019,63989
1779838587.793153,spill,FileSystemStorage,131072,1,131317,165378,72011
1779838587.793302,spill,FileSystemStorage,131072,3,393951,507944,280102
1779838587.793726,spill,FileSystemStorage,131072,3,393951,363818,199868
1779838587.793844,spill,FileSystemStorage,131072,1,131317,244621,92247
1779838587.794244,spill,FileSystemStorage,131072,2,262634,267018,126152
1779838587.794833,spill,FileSystemStorage,131072,2,262634,275799,143251
1779838587.794945,spill,FileSystemStorage,131072,1,131317,258951,110389
1779838587.795483,spill,FileSystemStorage,131072,2,262634,283472,137869
1779838587.795739,spill,FileSystemStorage,131072,1,131317,266641,91340
1779838587.796262,spill,FileSystemStorage,131072,1,131317,193190,82691
1779838587.796518,spill,FileSystemStorage,131072,1,131317,242856,96614
1779838587.797055,spill,FileSystemStorage,131072,1,131317,204283,75492
1779838587.797244,spill,FileSystemStorage,131072,1,131317,250595,96115
1779838587.797574,spill,FileSystemStorage,131072,1,131317,150497,63458
1779838587.798434,spill,FileSystemStorage,131072,3,393951,355401,199712
1779838587.798428,spill,FileSystemStorage,131072,3,393951,511024,283953
1779838587.798939,spill,FileSystemStorage,131072,2,262634,297265,155356
1779838587.799302,spill,FileSystemStorage,131072,3,393951,524429,292738
1779838587.800081,spill,FileSystemStorage,131072,2,262634,295593,138354
1779838587.800303,spill,FileSystemStorage,131072,2,262634,388606,183706
1779838587.800932,spill,FileSystemStorage,131072,1,131317,196523,69097
1779838587.801326,spill,FileSystemStorage,131072,1,131317,238802,98589
1779838587.801648,spill,FileSystemStorage,131072,2,262634,283252,127892
1779838587.802249,spill,FileSystemStorage,131072,1,131317,162512,66954
1779838587.802381,spill,FileSystemStorage,131072,1,131317,234487,95353
1779838587.802705,spill,FileSystemStorage,131072,1,131317,202455,86070
1779838587.803330,spill,FileSystemStorage,131072,2,262634,420733,183539
1779838587.803613,spill,FileSystemStorage,131072,1,131317,184487,78667
1779838587.804198,spill,FileSystemStorage,131072,1,131317,190291,67000
1779838587.804247,spill,FileSystemStorage,131072,1,131317,254126,95840
1779838587.805195,spill,FileSystemStorage,131072,1,131317,258853,94979
1779838587.805200,spill,FileSystemStorage,131072,2,262634,398467,149756
1779838587.805905,spill,FileSystemStorage,131072,1,131317,232374,72876
1779838587.805899,spill,FileSystemStorage,131072,1,131317,258388,99587
1779838587.806619,spill,FileSystemStorage,131072,1,131317,196739,65948
1779838587.806752,spill,FileSystemStorage,131072,1,131317,244466,89673
1779838587.807123,spill,FileSystemStorage,131072,1,131317,208612,81619
1779838587.807518,spill,FileSystemStorage,131072,2,262634,374281,185308
1779838587.807606,spill,FileSystemStorage,131072,1,131317,182632,68097
1779838587.808184,spill,FileSystemStorage,131072,1,131317,186138,72703
1779838587.808180,spill,FileSystemStorage,131072,1,131317,321743,102678
1779838587.808623,spill,FileSystemStorage,131072,1,131317,194719,86296
1779838587.808766,spill,FileSystemStorage,131072,1,131317,243955,95951
1779838587.809139,spill,FileSystemStorage,131072,1,131317,200747,85656
1779838587.809509,spill,FileSystemStorage,131072,2,262634,366370,185001
1779838587.809692,spill,FileSystemStorage,131072,1,131317,178919,75025
1779838587.810071,spill,FileSystemStorage,131072,1,131317,232554,93481
1779838587.810238,spill,FileSystemStorage,131072,2,262634,309917,137990
1779838587.810815,spill,FileSystemStorage,131072,2,262634,370207,189233
1779838587.810925,spill,FileSystemStorage,131072,2,262634,284412,147760
1779838587.811650,spill,FileSystemStorage,131072,2,262634,381696,184073
1779838587.811689,spill,FileSystemStorage,131072,1,131317,203564,83620
1779838587.812258,spill,FileSystemStorage,131072,1,131317,251714,104574
1779838587.812716,spill,FileSystemStorage,131072,2,262634,368081,143428
1779838587.812775,spill,FileSystemStorage,131072,1,131317,236779,97078
1779838587.813287,spill,FileSystemStorage,131072,1,131317,242304,103890
1779838587.813330,spill,FileSystemStorage,131072,1,131317,202451,71778
1779838587.813978,spill,FileSystemStorage,131072,3,393951,358863,203745
1779838587.814055,spill,FileSystemStorage,131072,3,393951,505130,285687
1779838587.814391,spill,FileSystemStorage,131072,1,131317,171836,60075
1779838587.814723,spill,FileSystemStorage,131072,2,262634,371517,184499
1779838587.814942,spill,FileSystemStorage,131072,1,131317,189489,80938
1779838587.815301,spill,FileSystemStorage,131072,1,131317,271469,98269
1779838587.815659,spill,FileSystemStorage,131072,1,131317,178078,68534
1779838587.816042,spill,FileSystemStorage,131072,2,262634,365191,181087
1779838587.816779,spill,FileSystemStorage,131072,1,131317,240514,93001
1779838587.816922,spill,FileSystemStorage,131072,5,656585,608706,355474
1779838587.817421,spill,FileSystemStorage,131072,1,131317,183803,73254
1779838587.817442,spill,FileSystemStorage,131072,2,262634,362424,192208
1779838587.818034,spill,FileSystemStorage,131072,1,131317,198711,77300
1779838587.818191,spill,FileSystemStorage,131072,1,131317,245540,96189
1779838587.818542,spill,FileSystemStorage,131072,2,262634,251561,131236
1779838587.818669,spill,FileSystemStorage,131072,1,131317,231556,95323
1779838587.819021,spill,FileSystemStorage,131072,1,131317,216063,87234
1779838587.819635,spill,FileSystemStorage,131072,1,131317,248872,95404
1779838587.819772,spill,FileSystemStorage,131072,1,131317,180550,72321
1779838587.820249,spill,FileSystemStorage,131072,1,131317,149666,66755
1779838587.820333,spill,FileSystemStorage,131072,1,131317,248479,89948
1779838587.820614,spill,FileSystemStorage,131072,1,131317,174345,73757
1779838587.821215,spill,FileSystemStorage,131072,2,262634,281681,155880
1779838587.821235,spill,FileSystemStorage,131072,3,393951,505895,283699
1779838587.821650,spill,FileSystemStorage,131072,1,131317,177709,80405
1779838587.821999,spill,FileSystemStorage,131072,1,131317,254877,94043
1779838587.822157,spill,FileSystemStorage,131072,1,131317,178437,72480
1779838587.822855,spill,FileSystemStorage,131072,2,262634,360701,185778
1779838587.822964,spill,FileSystemStorage,131072,2,262634,306620,172318
1779838587.823563,spill,FileSystemStorage,131072,2,262634,379106,192613
1779838587.823592,spill,FileSystemStorage,131072,1,131317,167558,69055
1779838587.824206,spill,FileSystemStorage,131072,1,131317,190868,79435
1779838587.824705,spill,FileSystemStorage,131072,5,656585,754967,454153
1779838587.825226,spill,FileSystemStorage,131072,3,393951,353650,211978
1779838587.825529,spill,FileSystemStorage,131072,3,393951,472172,274841
1779838587.825676,spill,FileSystemStorage,131072,1,131317,178458,66492
1779838587.826087,spill,FileSystemStorage,131072,1,131317,252257,89845
1779838587.826290,spill,FileSystemStorage,131072,3,393951,361576,212598
1779838587.826775,spill,FileSystemStorage,131072,1,131317,231595,95151
1779838587.827182,spill,FileSystemStorage,131072,3,393951,422630,248380
1779838587.827305,spill,FileSystemStorage,131072,1,131317,238772,95246
1779838587.827796,spill,FileSystemStorage,131072,2,262634,292788,153243
1779838587.828156,spill,FileSystemStorage,131072,2,262634,363982,184513
1779838587.828371,spill,FileSystemStorage,131072,1,131317,177408,73866
1779838587.828858,spill,FileSystemStorage,131072,2,262634,365678,187640
1779838587.828924,spill,FileSystemStorage,131072,2,262634,264885,143684
1779838587.829381,spill,FileSystemStorage,131072,1,131317,246564,96450
1779838587.829535,spill,FileSystemStorage,131072,3,393951,346777,185654
1779838587.829975,spill,FileSystemStorage,131072,1,131317,252915,99365
1779838587.830037,spill,FileSystemStorage,131072,2,262634,268298,131059
1779838587.830552,spill,FileSystemStorage,131072,1,131317,225923,99234
1779838587.830587,spill,FileSystemStorage,131072,1,131317,167904,71322
1779838587.831032,spill,FileSystemStorage,131072,1,131317,212807,94065
1779838587.831111,spill,FileSystemStorage,131072,1,131317,313334,150946
1779838587.831690,spill,FileSystemStorage,131072,2,262634,359862,158238
1779838587.831864,spill,FileSystemStorage,131072,3,393951,407035,207316
1779838587.832438,spill,FileSystemStorage,131072,1,131317,185598,73277
1779838587.832594,spill,FileSystemStorage,131072,1,131317,203349,76455
1779838587.833330,spill,FileSystemStorage,131072,1,131317,280610,90192
1779838587.833401,spill,FileSystemStorage,131072,1,131317,202592,89310
1779838587.833978,spill,FileSystemStorage,131072,2,262634,280170,150049
1779838587.834070,spill,FileSystemStorage,131072,2,262634,286854,135113
1779838587.834516,spill,FileSystemStorage,131072,1,131317,205219,78108
1779838587.834562,spill,FileSystemStorage,131072,1,131317,187432,73766
1779838587.837240,spill,FileSystemStorage,131072,1,131317,251639,86403
1779838587.837279,spill,FileSystemStorage,131072,1,131317,180172,72176
1779838587.842688,spill,FileSystemStorage,131072,1,131317,354843,81233
1779838587.842706,spill,FileSystemStorage,131072,1,131317,335714,80512
1779838587.844751,spill,FileSystemStorage,131072,1,131317,215149,81582
1779838587.845375,spill,FileSystemStorage,131072,1,131317,246898,77020
1779838587.845926,spill,FileSystemStorage,131072,1,131317,186771,73586
1779838587.845994,spill,FileSystemStorage,131072,1,131317,218491,89084
1779838587.846373,spill,FileSystemStorage,131072,1,131317,173940,66291
1779838587.846528,spill,FileSystemStorage,131072,1,131317,181830,76679
1779838587.846947,spill,FileSystemStorage,131072,2,262634,297384,152554
1779838587.847196,spill,FileSystemStorage,131072,2,262634,301944,142882
1779838587.848026,spill,FileSystemStorage,131072,1,131317,274407,80766
1779838587.848053,spill,FileSystemStorage,131072,1,131317,297516,78354
1779838587.849340,spill,FileSystemStorage,131072,2,262634,527225,123778
1779838587.849451,spill,FileSystemStorage,131072,1,131317,538683,89105
1779838587.850343,spill,FileSystemStorage,131072,1,131317,213131,66330
1779838587.850418,spill,FileSystemStorage,131072,2,262634,537971,138703
1779838587.850941,spill,FileSystemStorage,131072,1,131317,178976,79817
1779838587.851181,spill,FileSystemStorage,131072,2,262634,324753,137082
1779838587.852199,spill,FileSystemStorage,131072,1,131317,242746,83078
1779838587.852598,spill,FileSystemStorage,131072,3,393951,388459,198993
1779838587.852812,spill,FileSystemStorage,131072,1,131317,173216,68057
1779838587.853358,spill,FileSystemStorage,131072,1,131317,189231,75344
1779838587.853707,spill,FileSystemStorage,131072,2,262634,275103,135174
1779838587.854175,spill,FileSystemStorage,131072,2,262634,379568,164216
1779838587.854329,spill,FileSystemStorage,131072,1,131317,173022,70696
1779838587.854691,spill,FileSystemStorage,131072,1,131317,201362,75064
1779838587.854914,spill,FileSystemStorage,131072,1,131317,176198,84552
1779838587.855183,spill,FileSystemStorage,131072,1,131317,168575,65816
1779838587.855445,spill,FileSystemStorage,131072,1,131317,175714,70433
1779838587.855927,spill,FileSystemStorage,131072,2,262634,250498,135978
1779838587.856437,spill,FileSystemStorage,131072,1,131317,163765,68242
1779838587.856853,spill,FileSystemStorage,131072,2,262634,279355,139986
1779838587.857132,spill,FileSystemStorage,131072,1,131317,154467,67493
1779838587.857879,spill,FileSystemStorage,131072,1,131317,162916,66680
1779838587.858237,spill,FileSystemStorage,131072,1,131317,179303,68511
1779838587.858512,spill,FileSystemStorage,131072,1,131317,223740,68700
1779838587.858885,spill,FileSystemStorage,131072,3,393951,353330,184538
1779838587.859354,spill,FileSystemStorage,131072,2,262634,342076,174989
1779838587.859640,spill,FileSystemStorage,131072,1,131317,192905,72682
1779838587.860446,spill,FileSystemStorage,131072,1,131317,182757,66037
1779838587.860752,spill,FileSystemStorage,131072,2,262634,310554,134669
1779838587.861198,spill,FileSystemStorage,131072,3,393951,345931,174565
1779838587.861714,spill,FileSystemStorage,131072,2,262634,241658,119386
1779838587.861881,spill,FileSystemStorage,131072,2,262634,287970,129093
1779838587.862431,spill,FileSystemStorage,131072,1,131317,158232,65103
1779838587.862602,spill,FileSystemStorage,131072,1,131317,189169,67550
1779838587.863105,spill,FileSystemStorage,131072,1,131317,206804,70665
1779838587.863165,spill,FileSystemStorage,131072,2,262634,319090,178742
1779838587.863644,spill,FileSystemStorage,131072,2,262634,253232,125523
1779838587.864264,spill,FileSystemStorage,131072,1,131317,205946,75037
1779838587.864384,spill,FileSystemStorage,131072,2,262634,267687,146920
1779838587.865047,spill,FileSystemStorage,131072,1,131317,172214,62368
1779838587.865100,spill,FileSystemStorage,131072,2,262634,281664,131130
1779838587.865826,spill,FileSystemStorage,131072,1,131317,170544,66526
1779838587.866135,spill,FileSystemStorage,131072,1,131317,176001,77205
1779838587.866322,spill,FileSystemStorage,131072,1,131317,169734,62422
1779838587.866540,spill,FileSystemStorage,131072,1,131317,171488,64190
1779838587.866712,spill,FileSystemStorage,131072,1,131317,154760,72682
1779838587.867103,spill,FileSystemStorage,131072,1,131317,190146,63053
1779838587.867199,spill,FileSystemStorage,131072,1,131317,158870,60052
1779838587.867754,spill,FileSystemStorage,131072,1,131317,189715,69444
1779838587.867769,spill,FileSystemStorage,131072,1,131317,191359,67005
1779838587.868351,spill,FileSystemStorage,131072,1,131317,167415,63231
1779838587.868379,spill,FileSystemStorage,131072,2,262634,246230,123811
1779838587.869026,spill,FileSystemStorage,131072,1,131317,281660,78395
1779838587.869058,spill,FileSystemStorage,131072,2,262634,294886,140451
1779838587.869557,spill,FileSystemStorage,131072,1,131317,204162,83952
1779838587.869651,spill,FileSystemStorage,131072,2,262634,242329,122779
1779838587.870051,spill,FileSystemStorage,131072,1,131317,181216,61218
1779838587.870674,spill,FileSystemStorage,131072,1,131317,185307,69819
1779838587.870812,spill,FileSystemStorage,131072,3,393951,383838,187214
1779838587.871125,spill,FileSystemStorage,131072,1,131317,202705,69596
1779838587.871608,spill,FileSystemStorage,131072,1,131317,169826,55446
1779838587.871698,spill,FileSystemStorage,131072,1,131317,200808,74029
1779838587.872162,spill,FileSystemStorage,131072,2,262634,270902,117179
1779838587.872390,spill,FileSystemStorage,131072,4,525268,392776,217176
1779838587.872746,spill,FileSystemStorage,131072,1,131317,203030,69875
1779838587.872989,spill,FileSystemStorage,131072,1,131317,166243,59858
1779838587.873322,spill,FileSystemStorage,131072,1,131317,260488,78299
1779838587.873499,spill,FileSystemStorage,131072,1,131317,200254,69421
1779838587.874113,spill,FileSystemStorage,131072,2,262634,311133,123035
1779838587.874179,spill,FileSystemStorage,131072,1,131317,151940,57021
1779838587.874760,spill,FileSystemStorage,131072,1,131317,139871,55570
1779838587.875017,spill,FileSystemStorage,131072,3,393951,404798,192481
1779838587.875665,spill,FileSystemStorage,131072,1,131317,209275,77856
1779838587.876293,spill,FileSystemStorage,131072,2,262634,311723,119787
1779838587.877260,spill,FileSystemStorage,131072,1,131317,190745,71357
1779838587.877528,spill,FileSystemStorage,131072,10,1313170,977806,622574
1779838587.878008,spill,FileSystemStorage,131072,2,262634,259287,120170
1779838587.878036,spill,FileSystemStorage,131072,1,131317,205930,69931
1779838587.878487,spill,FileSystemStorage,131072,1,131317,220956,67614
1779838587.878958,spill,FileSystemStorage,131072,6,787902,612628,352088
1779838587.878993,spill,FileSystemStorage,131072,1,131317,212816,67997
1779838587.879990,spill,FileSystemStorage,131072,2,262634,301792,139290
1779838587.880385,spill,FileSystemStorage,131072,6,787902,607387,327300
1779838587.880897,spill,FileSystemStorage,131072,1,131317,181890,59405
1779838587.881128,spill,FileSystemStorage,131072,1,131317,176097,59394
1779838587.881567,spill,FileSystemStorage,131072,3,393951,341706,184125
1779838587.881610,spill,FileSystemStorage,131072,1,131317,198380,77878
1779838587.881601,spill,FileSystemStorage,131072,2000,262634000,189964134,127455022
1779838587.882036,spill,FileSystemStorage,131072,1,131317,175637,56475
1779838587.882541,spill,FileSystemStorage,131072,2,262634,331577,131538
1779838587.882582,spill,FileSystemStorage,131072,1,131317,149514,57638
1779838587.883157,spill,FileSystemStorage,131072,1,131317,230245,63802
1779838587.883448,spill,FileSystemStorage,131072,4,525268,429300,230866
1779838587.883978,spill,FileSystemStorage,131072,1,131317,179735,61654
1779838587.884063,spill,FileSystemStorage,131072,1,131317,270844,74331
1779838587.884700,spill,FileSystemStorage,131072,1,131317,220546,69181
1779838587.884976,spill,FileSystemStorage,131072,4,525268,397197,213236
1779838587.885239,spill,FileSystemStorage,131072,1,131317,163784,58942
1779838587.886181,spill,FileSystemStorage,131072,1,131317,212952,70233
1779838587.886327,spill,FileSystemStorage,131072,2,262634,263562,119096
1779838587.887156,spill,FileSystemStorage,131072,5,656585,604652,294078
1779838587.890577,spill,FileSystemStorage,131072,1833,240704061,196335597,128279159
1779838587.902624,spill,FileSystemStorage,131072,3,393951,412258,184570
1779838587.902758,spill,FileSystemStorage,131072,3,393951,405466,183103
1779838587.903304,spill,FileSystemStorage,131072,1,131317,209341,64223
1779838587.905868,spill,FileSystemStorage,131072,4,525268,526946,223969
1779838587.918118,spill,FileSystemStorage,131072,2,262634,326567,119733
1779838587.918798,spill,FileSystemStorage,131072,1,131317,276118,72263
1779838587.918880,spill,FileSystemStorage,131072,2,262634,373339,152067
1779838587.920571,spill,FileSystemStorage,131072,1,131317,506929,76192
1779838587.922651,spill,FileSystemStorage,131072,1,131317,405030,66108
1779838587.923420,spill,FileSystemStorage,131072,2,262634,354382,125483
1779838587.924186,spill,FileSystemStorage,131072,3,393951,425490,207370
1779838587.924244,spill,FileSystemStorage,131072,2,262634,369658,140477
1779838587.925760,spill,FileSystemStorage,131072,1,131317,228134,68267
1779838587.927127,spill,FileSystemStorage,131072,1,131317,279040,74389
1779838587.928041,spill,FileSystemStorage,131072,1,131317,559887,66463
1779838587.928194,spill,FileSystemStorage,131072,1,131317,667497,75664
1779838587.930048,spill,FileSystemStorage,131072,2,262634,297177,123948
1779838587.931140,spill,FileSystemStorage,131072,1,131317,257456,68891
1779838587.931433,spill,FileSystemStorage,131072,2,262634,340014,129850
1779838587.931892,spill,FileSystemStorage,131072,1,131317,551158,74176
1779838587.932839,spill,FileSystemStorage,131072,1,131317,227300,69684
1779838587.933468,spill,FileSystemStorage,131072,1,131317,223636,67508
1779838587.934103,spill,FileSystemStorage,131072,4,525268,461873,226225
1779838587.934674,spill,FileSystemStorage,131072,5,656585,547101,273535
1779838587.934931,spill,FileSystemStorage,131072,1,131317,240990,96057
1779838587.935496,spill,FileSystemStorage,131072,3,393951,374280,170580
1779838587.935733,spill,FileSystemStorage,131072,1,131317,217992,66361
1779838587.936335,spill,FileSystemStorage,131072,3,393951,534013,163449
1779838587.936399,spill,FileSystemStorage,131072,1,131317,487578,71666
1779838587.936777,spill,FileSystemStorage,131072,1,131317,368879,63862
1779838587.937276,spill,FileSystemStorage,131072,1,131317,331940,63391
1779838587.937300,spill,FileSystemStorage,131072,1,131317,245968,63682
1779838587.937511,spill,FileSystemStorage,131072,2,262634,747633,151936
1779838587.937903,spill,FileSystemStorage,131072,3,393951,453466,186410
1779838587.938148,spill,FileSystemStorage,131072,1,131317,248200,73342
1779838587.938155,spill,FileSystemStorage,131072,1,131317,231424,72092
1779838587.938232,spill,FileSystemStorage,131072,3,393951,454697,181798
1779838587.938912,spill,FileSystemStorage,131072,1,131317,182205,79950
1779838587.938947,spill,FileSystemStorage,131072,2,262634,282336,140870
1779838587.939144,spill,FileSystemStorage,131072,1,131317,312719,79708
1779838587.939343,spill,FileSystemStorage,131072,4,525268,482265,225730
1779838587.939876,spill,FileSystemStorage,131072,1,131317,172958,62887
1779838587.940155,spill,FileSystemStorage,131072,3,393951,345454,187496
1779838587.940174,spill,FileSystemStorage,131072,2,262634,315793,145722
1779838587.940520,spill,FileSystemStorage,131072,5,656585,504670,272162
1779838587.940552,spill,FileSystemStorage,131072,1,131317,137919,55638
1779838587.940841,spill,FileSystemStorage,131072,2,262634,232501,109176
1779838587.941254,spill,FileSystemStorage,131072,1,131317,175553,60605
1779838587.941449,spill,FileSystemStorage,131072,1,131317,202860,71246
1779838587.941707,spill,FileSystemStorage,131072,4,525268,484099,270164
1779838587.941714,spill,FileSystemStorage,131072,3,393951,375687,209432
1779838587.941914,spill,FileSystemStorage,131072,2,262634,262144,124818
1779838587.942006,spill,FileSystemStorage,131072,2,262634,251067,117666
1779838587.942288,spill,FileSystemStorage,131072,1,131317,179508,58543
1779838587.942344,spill,FileSystemStorage,131072,1,131317,207734,60192
1779838587.942582,spill,FileSystemStorage,131072,1,131317,195495,65819
1779838587.942606,spill,FileSystemStorage,131072,2,262634,282686,135692
1779838587.943041,spill,FileSystemStorage,131072,1,131317,204741,86856
1779838587.943063,spill,FileSystemStorage,131072,3,393951,351545,194910
1779838587.943141,spill,FileSystemStorage,131072,1,131317,200445,62498
1779838587.943197,spill,FileSystemStorage,131072,1,131317,169222,60583
1779838587.943811,spill,FileSystemStorage,131072,2,262634,260406,123653
1779838587.944094,spill,FileSystemStorage,131072,1,131317,326776,77331
1779838587.944166,spill,FileSystemStorage,131072,2,262634,444489,134627
1779838587.944269,spill,FileSystemStorage,131072,3,393951,516007,194158
1779838587.944927,spill,FileSystemStorage,131072,1,131317,355168,66472
1779838587.944944,spill,FileSystemStorage,131072,1,131317,404489,71352
1779838587.944952,spill,FileSystemStorage,131072,1,131317,339814,77090
1779838587.945381,spill,FileSystemStorage,131072,1,131317,416971,69577
1779838587.945405,spill,FileSystemStorage,131072,1,131317,268438,74164
1779838587.945864,spill,FileSystemStorage,131072,1,131317,186918,63455
1779838587.945907,spill,FileSystemStorage,131072,1,131317,321813,79536
1779838587.946374,spill,FileSystemStorage,131072,2,262634,402150,123336
1779838587.946549,spill,FileSystemStorage,131072,4,525268,611275,232530
1779838587.946784,spill,FileSystemStorage,131072,1,131317,241601,70601
1779838587.946887,spill,FileSystemStorage,131072,2,262634,431688,140020
1779838587.947057,spill,FileSystemStorage,131072,1,131317,223589,78078
1779838587.947114,spill,FileSystemStorage,131072,1,131317,215129,65113
1779838587.947288,spill,FileSystemStorage,131072,1,131317,163354,56899
1779838587.947734,spill,FileSystemStorage,131072,2,262634,274525,122118
1779838587.947844,spill,FileSystemStorage,131072,2,262634,257917,112828
1779838587.948142,spill,FileSystemStorage,131072,2,262634,246676,118161
1779838587.948366,spill,FileSystemStorage,131072,2,262634,273221,124524
1779838587.948454,spill,FileSystemStorage,131072,1,131317,166350,59634
1779838587.948509,spill,FileSystemStorage,131072,1,131317,183655,59828
1779838587.948590,spill,FileSystemStorage,131072,1,131317,150949,60882
1779838587.949042,spill,FileSystemStorage,131072,1,131317,205548,70677
1779838587.949152,spill,FileSystemStorage,131072,3,393951,359418,178901
1779838587.949208,spill,FileSystemStorage,131072,1,131317,152276,69958
1779838587.949227,spill,FileSystemStorage,131072,1,131317,216227,89005
1779838588.783031,spill,FileSystemStorage,131072,1,131317,413148,125705
1779838588.783540,spill,FileSystemStorage,131072,3,393951,587474,188859
1779838588.786952,spill,FileSystemStorage,131072,1,131317,261857,90328
1779838588.787094,spill,FileSystemStorage,131072,2,262634,438478,201282
1779838588.788133,spill,FileSystemStorage,131072,2,262634,272826,112246
1779838588.788463,spill,FileSystemStorage,131072,2,262634,316619,132492
1779838588.789376,spill,FileSystemStorage,131072,1,131317,221644,75681
1779838588.789676,spill,FileSystemStorage,131072,7,919219,660265,391880
1779838588.790547,spill,FileSystemStorage,131072,4,525268,478740,284189
1779838588.790736,spill,FileSystemStorage,131072,2,262634,294363,134165
1779838588.791374,spill,FileSystemStorage,131072,1,131317,205533,73765
1779838588.791521,spill,FileSystemStorage,131072,4,525268,505454,299988
1779838588.792007,spill,FileSystemStorage,131072,1,131317,202924,73743
1779838588.792947,spill,FileSystemStorage,131072,5,656585,579805,356711
1779838588.793019,spill,FileSystemStorage,131072,1,131317,195380,72665
1779838588.794071,spill,FileSystemStorage,131072,1,131317,197848,84838
1779838588.794137,spill,FileSystemStorage,131072,1,131317,186903,71844
1779838588.795054,spill,FileSystemStorage,131072,2,262634,315505,172911
1779838588.795240,spill,FileSystemStorage,131072,3,393951,439565,246234
1779838588.796259,spill,FileSystemStorage,131072,1,131317,490700,74388
1779838588.796337,spill,FileSystemStorage,131072,2,262634,436447,132771
1779838588.797574,spill,FileSystemStorage,131072,2,262634,396387,131078
1779838588.797607,spill,FileSystemStorage,131072,2,262634,264459,133817
1779838588.798559,spill,FileSystemStorage,131072,1,131317,205792,67333
1779838588.798734,spill,FileSystemStorage,131072,1,131317,167507,66708
1779838588.799628,spill,FileSystemStorage,131072,1,131317,214278,85409
1779838588.799884,spill,FileSystemStorage,131072,1,131317,247199,75534
1779838588.800714,spill,FileSystemStorage,131072,1,131317,191992,71151
1779838588.800738,spill,FileSystemStorage,131072,1,131317,166722,72084
1779838588.801141,spill,FileSystemStorage,131072,1,131317,154355,66444
1779838588.801911,spill,FileSystemStorage,131072,4,525268,469213,274004
1779838588.802327,spill,FileSystemStorage,131072,5,656585,499346,313040
1779838588.802539,spill,FileSystemStorage,131072,1,131317,196940,71199
1779838588.803034,spill,FileSystemStorage,131072,1,131317,226919,94780
1779838588.803556,spill,FileSystemStorage,131072,1,131317,218513,72579
1779838588.804183,spill,FileSystemStorage,131072,4,525268,430016,261869
1779838588.804644,spill,FileSystemStorage,131072,7,919219,719590,450789
1779838588.805536,spill,FileSystemStorage,131072,2,262634,261807,136092
1779838588.805564,spill,FileSystemStorage,131072,1,131317,180069,74901
1779838588.806278,spill,FileSystemStorage,131072,3,393951,341304,194703
1779838588.806322,spill,FileSystemStorage,131072,1,131317,155729,66796
1779838588.807193,spill,FileSystemStorage,131072,1,131317,244036,79456
1779838588.807288,spill,FileSystemStorage,131072,2,262634,325016,138912
1779838588.808332,spill,FileSystemStorage,131072,5,656585,535903,336614
1779838588.808771,spill,FileSystemStorage,131072,9,1181853,879991,568248
1779838588.809188,spill,FileSystemStorage,131072,2,262634,271187,129115
1779838588.809960,spill,FileSystemStorage,131072,1,131317,307046,92522
1779838588.810441,spill,FileSystemStorage,131072,6,787902,635303,382042
1779838588.811090,spill,FileSystemStorage,131072,3,393951,470106,235621
1779838588.811198,spill,FileSystemStorage,131072,2,262634,298677,135509
1779838588.812300,spill,FileSystemStorage,131072,3,393951,387488,208082
1779838588.812919,spill,FileSystemStorage,131072,2,262634,267313,135246
1779838588.813040,spill,FileSystemStorage,131072,2,262634,378465,155025
1779838588.813686,spill,FileSystemStorage,131072,1,131317,181274,69369
1779838588.813735,spill,FileSystemStorage,131072,2,262634,301863,137024
1779838588.814125,spill,FileSystemStorage,131072,1,131317,157024,71100
1779838588.814567,spill,FileSystemStorage,131072,4,525268,431545,266943
1779838588.814813,spill,FileSystemStorage,131072,2,262634,279377,139146
1779838588.815273,spill,FileSystemStorage,131072,3,393951,406103,209693
1779838588.815571,spill,FileSystemStorage,131072,2,262634,265031,128678
1779838588.816145,spill,FileSystemStorage,131072,3,393951,381346,211229
1779838588.816658,spill,FileSystemStorage,131072,3,393951,348469,202532
1779838588.817087,spill,FileSystemStorage,131072,2,262634,260879,133723
1779838588.817695,spill,FileSystemStorage,131072,1,131317,175604,72282
1779838588.817877,spill,FileSystemStorage,131072,1,131317,230145,68149
1779838588.818752,spill,FileSystemStorage,131072,2,262634,276630,136318
1779838588.818956,spill,FileSystemStorage,131072,2,262634,307126,159989
1779838588.819559,spill,FileSystemStorage,131072,1,131317,408169,67362
1779838588.820040,spill,FileSystemStorage,131072,1,131317,157852,65574
1779838588.820346,spill,FileSystemStorage,131072,1,131317,269301,77934
1779838588.821034,spill,FileSystemStorage,131072,2,262634,264673,132787
1779838588.821135,spill,FileSystemStorage,131072,2,262634,283580,136860
1779838588.821790,spill,FileSystemStorage,131072,2,262634,279123,149754
1779838588.821976,spill,FileSystemStorage,131072,1,131317,188289,68336
1779838588.822391,spill,FileSystemStorage,131072,2,262634,294527,131665
1779838588.822575,spill,FileSystemStorage,131072,2,262634,252463,130573
1779838588.822957,spill,FileSystemStorage,131072,2,262634,293970,163822
1779838588.823259,spill,FileSystemStorage,131072,3,393951,397876,194991
1779838588.824015,spill,FileSystemStorage,131072,2,262634,272260,128562
1779838588.824157,spill,FileSystemStorage,131072,2,262634,285814,132150
1779838588.824462,spill,FileSystemStorage,131072,1,131317,175067,69023
1779838588.825102,spill,FileSystemStorage,131072,2,262634,315390,148294
1779838588.825148,spill,FileSystemStorage,131072,3,393951,385683,212225
1779838588.825736,spill,FileSystemStorage,131072,2,262634,260938,133104
1779838588.825862,spill,FileSystemStorage,131072,2,262634,297018,138761
1779838588.826262,spill,FileSystemStorage,131072,1,131317,171268,67373
1779838588.826719,spill,FileSystemStorage,131072,1,131317,172538,76434
1779838588.826866,spill,FileSystemStorage,131072,5,656585,602709,344229
1779838588.827523,spill,FileSystemStorage,131072,4,525268,436464,252109
1779838588.827896,spill,FileSystemStorage,131072,3,393951,374680,196230
1779838588.828740,spill,FileSystemStorage,131072,3,393951,356105,201131
1779838588.828761,spill,FileSystemStorage,131072,2,262634,273842,134847
1779838588.829325,spill,FileSystemStorage,131072,1,131317,163859,66780
1779838588.829724,spill,FileSystemStorage,131072,2,262634,259867,132103
1779838588.830630,spill,FileSystemStorage,131072,1,131317,188703,76078
1779838588.830687,spill,FileSystemStorage,131072,2,262634,330067,147615
1779838588.831471,spill,FileSystemStorage,131072,2,262634,261515,128517
1779838588.831738,spill,FileSystemStorage,131072,1,131317,187989,68637
1779838588.832560,spill,FileSystemStorage,131072,3,393951,364537,199621
1779838588.832624,spill,FileSystemStorage,131072,1,131317,266537,79534
1779838588.833514,spill,FileSystemStorage,131072,1,131317,198808,83922
1779838588.833566,spill,FileSystemStorage,131072,2,262634,252991,131985
1779838588.834181,spill,FileSystemStorage,131072,3,393951,337386,192862
1779838588.834408,spill,FileSystemStorage,131072,2,262634,279232,141721
1779838588.834999,spill,FileSystemStorage,131072,1,131317,241507,72206
1779838588.835019,spill,FileSystemStorage,131072,1,131317,202453,92501
1779838588.835796,spill,FileSystemStorage,131072,1,131317,252640,77220
1779838588.835835,spill,FileSystemStorage,131072,2,262634,278923,138303
1779838588.836708,spill,FileSystemStorage,131072,5,656585,596400,367054
1779838588.836779,spill,FileSystemStorage,131072,3,393951,388334,237743
1779838588.837190,spill,FileSystemStorage,131072,1,131317,184317,68786
1779838588.837565,spill,FileSystemStorage,131072,3,393951,372387,205899
1779838588.837697,spill,FileSystemStorage,131072,2,262634,278238,140820
1779838588.838262,spill,FileSystemStorage,131072,1,131317,188237,69648
1779838588.838464,spill,FileSystemStorage,131072,3,393951,381861,207311
1779838588.838630,spill,FileSystemStorage,131072,1,131317,136458,62836
1779838588.839132,spill,FileSystemStorage,131072,1,131317,186134,74544
1779838588.839346,spill,FileSystemStorage,131072,4,525268,478003,256073
1779838588.839851,spill,FileSystemStorage,131072,1,131317,151379,66209
1779838588.839908,spill,FileSystemStorage,131072,1,131317,211950,84960
1779838588.840555,spill,FileSystemStorage,131072,4,525268,445282,261686
1779838588.840672,spill,FileSystemStorage,131072,3,393951,461515,225450
1779838588.841487,spill,FileSystemStorage,131072,1,131317,278095,81151
1779838588.841545,spill,FileSystemStorage,131072,2,262634,303562,148168
1779838588.841988,spill,FileSystemStorage,131072,1,131317,159695,66673
1779838588.842568,spill,FileSystemStorage,131072,3,393951,449247,238491
1779838588.842762,spill,FileSystemStorage,131072,2,262634,272659,134777
1779838588.843130,spill,FileSystemStorage,131072,1,131317,249302,72985
1779838588.843241,spill,FileSystemStorage,131072,1,131317,175786,65832
1779838588.843977,spill,FileSystemStorage,131072,2,262634,248064,131517
1779838588.844566,spill,FileSystemStorage,131072,3,393951,398836,207380
1779838588.845029,spill,FileSystemStorage,131072,1,131317,198994,75066
1779838588.845065,spill,FileSystemStorage,131072,1,131317,188977,73912
1779838588.845464,spill,FileSystemStorage,131072,1,131317,151338,64640
1779838588.845880,spill,FileSystemStorage,131072,1,131317,171239,65508
1779838588.846084,spill,FileSystemStorage,131072,1,131317,159304,73108
1779838588.846294,spill,FileSystemStorage,131072,1,131317,148803,63654
1779838588.846528,spill,FileSystemStorage,131072,2,262634,236090,133403
1779838588.847242,spill,FileSystemStorage,131072,2,262634,334799,177316
1779838588.847487,spill,FileSystemStorage,131072,1,131317,169438,75505
1779838588.847934,spill,FileSystemStorage,131072,3,393951,399562,220222
1779838588.847982,spill,FileSystemStorage,131072,2,262634,260338,137826
1779838588.848531,spill,FileSystemStorage,131072,1,131317,160580,70326
1779838588.848949,spill,FileSystemStorage,131072,3,393951,376831,210523
1779838588.849209,spill,FileSystemStorage,131072,1,131317,381528,64367
1779838588.849956,spill,FileSystemStorage,131072,2,262634,278572,137265
1779838588.849960,spill,FileSystemStorage,131072,2,262634,413796,161769
1779838588.850708,spill,FileSystemStorage,131072,1,131317,350053,67544
1779838588.850827,spill,FileSystemStorage,131072,2,262634,402675,144311
1779838588.851556,spill,FileSystemStorage,131072,2,262634,540854,129518
1779838588.851928,spill,FileSystemStorage,131072,1,131317,433945,68763
1779838588.852570,spill,FileSystemStorage,131072,2,262634,238361,132357
1779838588.852923,spill,FileSystemStorage,131072,1,131317,250414,72979
1779838588.853388,spill,FileSystemStorage,131072,2,262634,432042,125893
1779838588.853896,spill,FileSystemStorage,131072,2,262634,407339,134440
1779838588.854375,spill,FileSystemStorage,131072,2,262634,586511,128843
1779838588.854943,spill,FileSystemStorage,131072,2,262634,435814,153614
1779838588.855180,spill,FileSystemStorage,131072,1,131317,167641,65431
1779838588.855681,spill,FileSystemStorage,131072,1,131317,245681,75213
1779838588.856160,spill,FileSystemStorage,131072,2,262634,354679,124505
1779838588.856612,spill,FileSystemStorage,131072,1,131317,211483,75400
1779838588.856674,spill,FileSystemStorage,131072,1,131317,156834,64095
1779838588.857057,spill,FileSystemStorage,131072,1,131317,188844,74071
1779838588.857247,spill,FileSystemStorage,131072,1,131317,145470,67548
1779838588.858012,spill,FileSystemStorage,131072,1,131317,173565,71777
1779838588.858024,spill,FileSystemStorage,131072,1,131317,201664,80082
1779838588.858654,spill,FileSystemStorage,131072,1,131317,162590,78306
1779838588.858691,spill,FileSystemStorage,131072,2,262634,274065,150083
1779838588.859127,spill,FileSystemStorage,131072,1,131317,202305,75410
1779838588.859334,spill,FileSystemStorage,131072,1,131317,180407,68494
1779838588.859659,spill,FileSystemStorage,131072,1,131317,167160,75952
1779838588.860024,spill,FileSystemStorage,131072,2,262634,286950,131003
1779838588.860586,spill,FileSystemStorage,131072,2,262634,260830,137372
1779838588.861205,spill,FileSystemStorage,131072,1,131317,303378,71245
1779838588.861225,spill,FileSystemStorage,131072,1,131317,333805,83565
1779838588.862067,spill,FileSystemStorage,131072,1,131317,418392,68331
1779838588.862082,spill,FileSystemStorage,131072,1,131317,409014,67711
1779838588.862775,spill,FileSystemStorage,131072,1,131317,161196,69123
1779838588.862817,spill,FileSystemStorage,131072,1,131317,190437,86360
1779838588.863278,spill,FileSystemStorage,131072,1,131317,174131,65132
1779838588.863736,spill,FileSystemStorage,131072,2,262634,291641,138990
1779838588.864249,spill,FileSystemStorage,131072,1,131317,296897,81311
1779838588.864620,spill,FileSystemStorage,131072,1,131317,164077,65604
1779838588.864865,spill,FileSystemStorage,131072,2,262634,281514,134845
1779838588.865435,spill,FileSystemStorage,131072,1,131317,432442,78375
1779838588.866261,spill,FileSystemStorage,131072,2,262634,413434,127161
1779838588.866596,spill,FileSystemStorage,131072,1,131317,276637,75297
1779838588.867036,spill,FileSystemStorage,131072,2,262634,305541,161712
1779838588.867162,spill,FileSystemStorage,131072,1,131317,212626,80833
1779838588.868081,spill,FileSystemStorage,131072,1,131317,189203,70836
1779838588.868162,spill,FileSystemStorage,131072,1,131317,183737,66073
1779838588.868494,spill,FileSystemStorage,131072,1,131317,155493,64525
1779838588.869045,spill,FileSystemStorage,131072,1,131317,165528,69748
1779838588.869040,spill,FileSystemStorage,131072,2,262634,280710,143164
1779838588.869720,spill,FileSystemStorage,131072,2,262634,281650,145437
1779838588.869875,spill,FileSystemStorage,131072,1,131317,164429,63181
1779838588.870417,spill,FileSystemStorage,131072,1,131317,196491,85883
1779838588.870445,spill,FileSystemStorage,131072,1,131317,205036,89487
1779838588.870913,spill,FileSystemStorage,131072,2,262634,271621,148201
1779838588.871048,spill,FileSystemStorage,131072,1,131317,222494,89141
1779838588.871702,spill,FileSystemStorage,131072,2,262634,281292,127541
1779838588.872069,spill,FileSystemStorage,131072,2,262634,293464,151147
1779838588.872716,spill,FileSystemStorage,131072,2,262634,360816,142845
1779838588.872738,spill,FileSystemStorage,131072,1,131317,188812,72820
1779838588.873302,spill,FileSystemStorage,131072,2,262634,289422,140012
1779838588.873599,spill,FileSystemStorage,131072,2,262634,266819,143061
1779838588.874083,spill,FileSystemStorage,131072,2,262634,287561,147721
1779838588.874565,spill,FileSystemStorage,131072,1,131317,192357,74707
1779838588.874713,spill,FileSystemStorage,131072,5,656585,563043,335956
1779838588.875204,spill,FileSystemStorage,131072,2,262634,322367,141300
1779838588.875539,spill,FileSystemStorage,131072,4,525268,488641,274019
1779838588.875649,spill,FileSystemStorage,131072,1,131317,177111,69706
1779838588.876329,spill,FileSystemStorage,131072,1,131317,192284,81338
1779838588.876337,spill,FileSystemStorage,131072,3,393951,399558,211706
1779838588.876847,spill,FileSystemStorage,131072,2,262634,254601,130389
1779838588.877066,spill,FileSystemStorage,131072,1,131317,187856,68779
1779838588.877782,spill,FileSystemStorage,131072,2,262634,297107,143052
1779838588.877813,spill,FileSystemStorage,131072,3,393951,357954,207851
1779838588.878406,spill,FileSystemStorage,131072,2,262634,269851,129084
1779838588.878543,spill,FileSystemStorage,131072,3,393951,349404,198297
1779838588.879119,spill,FileSystemStorage,131072,2,262634,312818,162699
1779838588.879203,spill,FileSystemStorage,131072,2,262634,309856,141278
1779838588.880166,spill,FileSystemStorage,131072,1,131317,255205,79460
1779838588.880219,spill,FileSystemStorage,131072,1,131317,188706,71151
1779838588.880821,spill,FileSystemStorage,131072,1,131317,152940,67248
1779838588.881022,spill,FileSystemStorage,131072,2,262634,253386,125071
1779838588.881464,spill,FileSystemStorage,131072,1,131317,149231,64711
1779838588.881649,spill,FileSystemStorage,131072,2,262634,280582,149190
1779838588.881855,spill,FileSystemStorage,131072,1,131317,164831,72042
1779838588.882167,spill,FileSystemStorage,131072,2,262634,238102,126101
1779838588.882233,spill,FileSystemStorage,131072,1,131317,171658,70505
1779838588.882530,spill,FileSystemStorage,131072,1,131317,162795,64959
1779838588.882591,spill,FileSystemStorage,131072,1,131317,152100,67494
1779838588.883142,spill,FileSystemStorage,131072,1,131317,185794,67411
1779838588.883150,spill,FileSystemStorage,131072,1,131317,192741,70260
1779838588.884212,spill,FileSystemStorage,131072,3,393951,326649,182473
1779838588.884372,spill,FileSystemStorage,131072,1,131317,148032,65791
1779838588.885081,spill,FileSystemStorage,131072,2,262634,256363,126021
1779838588.885170,spill,FileSystemStorage,131072,1,131317,155200,64754
1779838588.885520,spill,FileSystemStorage,131072,1,131317,158503,67111
1779838588.885618,spill,FileSystemStorage,131072,2,262634,231728,132439
1779838588.885998,spill,FileSystemStorage,131072,1,131317,156748,68211
1779838588.886013,spill,FileSystemStorage,131072,1,131317,157924,76961
1779838588.886410,spill,FileSystemStorage,131072,1,131317,146174,69262
1779838588.886457,spill,FileSystemStorage,131072,2,262634,241021,130612
1779838588.886827,spill,FileSystemStorage,131072,1,131317,162461,70263
1779838588.886832,spill,FileSystemStorage,131072,2,262634,239942,128733
1779838588.887558,spill,FileSystemStorage,131072,1,131317,172019,68822
1779838588.887592,spill,FileSystemStorage,131072,1,131317,155996,67185
1779838588.892438,spill,FileSystemStorage,131072,1,131317,186539,66383
1779838588.892495,spill,FileSystemStorage,131072,2,262634,286713,137635
1779838588.894015,spill,FileSystemStorage,131072,1,131317,194574,74742
1779838588.894037,spill,FileSystemStorage,131072,1,131317,188751,71853
1779838588.894662,spill,FileSystemStorage,131072,1,131317,152165,66829
1779838588.894912,spill,FileSystemStorage,131072,2,262634,265959,151582
1779838588.895164,spill,FileSystemStorage,131072,2,262634,296059,133347
1779838588.895634,spill,FileSystemStorage,131072,1,131317,175609,68892
1779838588.896119,spill,FileSystemStorage,131072,1,131317,158328,63973
1779838588.896749,spill,FileSystemStorage,131072,1,131317,157648,64071
1779838588.897000,spill,FileSystemStorage,131072,2,262634,376514,178866
1779838588.897230,spill,FileSystemStorage,131072,2,262634,238145,138044
1779838588.897721,spill,FileSystemStorage,131072,1,131317,167287,67314
1779838588.898027,spill,FileSystemStorage,131072,2,262634,343883,144112
1779838588.898106,spill,FileSystemStorage,131072,1,131317,152925,63107
1779838588.899105,spill,FileSystemStorage,131072,7,919219,744946,513424
1779838588.899996,spill,FileSystemStorage,131072,17,2232389,1614638,1105790
1779838588.900011,spill,FileSystemStorage,131072,1,131317,182786,68612
1779838588.900954,spill,FileSystemStorage,131072,1,131317,172696,65974
1779838588.901505,spill,FileSystemStorage,131072,1,131317,147774,68849
1779838588.901603,spill,FileSystemStorage,131072,3,393951,487930,225069
1779838588.902091,spill,FileSystemStorage,131072,3,393951,355225,203723
1779838588.902649,spill,FileSystemStorage,131072,3,393951,360663,197980
1779838588.902734,spill,FileSystemStorage,131072,2,262634,265243,136344
1779838588.903415,spill,FileSystemStorage,131072,3,393951,406797,200695
1779838588.903452,spill,FileSystemStorage,131072,1,131317,315583,85573
1779838588.903987,spill,FileSystemStorage,131072,1,131317,205423,69617
1779838588.904223,spill,FileSystemStorage,131072,1,131317,174151,67840
1779838588.904430,spill,FileSystemStorage,131072,1,131317,172366,67280
1779838588.904905,spill,FileSystemStorage,131072,1,131317,177948,67594
1779838588.904937,spill,FileSystemStorage,131072,1,131317,174951,72326
1779838588.905434,spill,FileSystemStorage,131072,2,262634,249644,125831
1779838588.905630,spill,FileSystemStorage,131072,1,131317,282119,85349
1779838588.905895,spill,FileSystemStorage,131072,1,131317,171913,68285
1779838588.906149,spill,FileSystemStorage,131072,1,131317,203205,72428
1779838588.906276,spill,FileSystemStorage,131072,1,131317,154254,64845
1779838588.906837,spill,FileSystemStorage,131072,2,262634,269970,137585
1779838588.907022,spill,FileSystemStorage,131072,4,525268,507797,288622
1779838588.907485,spill,FileSystemStorage,131072,1,131317,189495,68996
1779838588.907843,spill,FileSystemStorage,131072,2,262634,262098,122528
1779838588.908326,spill,FileSystemStorage,131072,1,131317,197297,82292
1779838588.908375,spill,FileSystemStorage,131072,3,393951,346760,196699
1779838588.908742,spill,FileSystemStorage,131072,1,131317,161349,67036
1779838588.908975,spill,FileSystemStorage,131072,1,131317,170190,69641
1779838588.909154,spill,FileSystemStorage,131072,1,131317,172392,66405
1779838588.909463,spill,FileSystemStorage,131072,1,131317,161090,69621
1779838588.909535,spill,FileSystemStorage,131072,1,131317,146543,61972
1779838588.910012,spill,FileSystemStorage,131072,2,262634,268808,137564
1779838588.910040,spill,FileSystemStorage,131072,2,262634,238103,132620
1779838588.910548,spill,FileSystemStorage,131072,1,131317,160296,71422
1779838588.910558,spill,FileSystemStorage,131072,2,262634,263674,134980
1779838588.910956,spill,FileSystemStorage,131072,1,131317,169133,82493
1779838588.911015,spill,FileSystemStorage,131072,1,131317,208286,93007
1779838588.912121,spill,FileSystemStorage,131072,2,262634,344814,145280
1779838588.912141,spill,FileSystemStorage,131072,1,131317,250815,83609
1779838588.912648,spill,FileSystemStorage,131072,1,131317,184519,70920
1779838588.912851,spill,FileSystemStorage,131072,2,262634,299276,132007
1779838588.913276,spill,FileSystemStorage,131072,3,393951,371297,205311
1779838588.913348,spill,FileSystemStorage,131072,1,131317,174960,73065
1779838588.913716,spill,FileSystemStorage,131072,1,131317,183042,81113
1779838588.913783,spill,FileSystemStorage,131072,1,131317,177531,69142
1779838588.914153,spill,FileSystemStorage,131072,1,131317,161227,68570
1779838588.914253,spill,FileSystemStorage,131072,1,131317,160164,63052
1779838588.914523,spill,FileSystemStorage,131072,1,131317,152408,66439
1779838588.914642,spill,FileSystemStorage,131072,1,131317,175359,68641
1779838588.915137,spill,FileSystemStorage,131072,3,393951,392440,246316
1779838588.915266,spill,FileSystemStorage,131072,1,131317,312550,93544
1779838588.919514,spill,FileSystemStorage,131072,1,131317,3723486,68723
1779838588.919652,spill,FileSystemStorage,131072,1,131317,3965256,87025
1779838588.922066,spill,FileSystemStorage,131072,1,131317,200650,75153
1779838588.922277,spill,FileSystemStorage,131072,1,131317,239311,78660
1779838588.922958,spill,FileSystemStorage,131072,1,131317,214049,97023
1779838588.923004,spill,FileSystemStorage,131072,1,131317,206191,71988
1779838588.924293,spill,FileSystemStorage,131072,3,393951,405949,212739
1779838588.924385,spill,FileSystemStorage,131072,1,131317,236134,79719
1779838588.925146,spill,FileSystemStorage,131072,2,262634,276133,128652
1779838588.925331,spill,FileSystemStorage,131072,3,393951,375983,193423
1779838588.925697,spill,FileSystemStorage,131072,2,262634,244190,131576
1779838588.926148,spill,FileSystemStorage,131072,1,131317,217431,75225
1779838588.926167,spill,FileSystemStorage,131072,1,131317,174546,73390
1779838588.926602,spill,FileSystemStorage,131072,1,131317,152607,65671
1779838588.926649,spill,FileSystemStorage,131072,1,131317,175750,83115
1779838588.927225,spill,FileSystemStorage,131072,2,262634,321156,142848
1779838588.927259,spill,FileSystemStorage,131072,1,131317,174754,80080
1779838588.927772,spill,FileSystemStorage,131072,1,131317,179365,66159
1779838588.927902,spill,FileSystemStorage,131072,1,131317,206299,75978
1779838588.928367,spill,FileSystemStorage,131072,2,262634,279524,141085
1779838588.928851,spill,FileSystemStorage,131072,1,131317,188098,73377
1779838588.929649,spill,FileSystemStorage,131072,4,525268,479541,291735
1779838588.930152,spill,FileSystemStorage,131072,13,1707121,1334878,840297
1779838588.930336,spill,FileSystemStorage,131072,1,131317,179023,75520
1779838588.930863,spill,FileSystemStorage,131072,2,262634,303994,133885
1779838588.930938,spill,FileSystemStorage,131072,1,131317,195692,93990
1779838588.931593,spill,FileSystemStorage,131072,1,131317,316926,107507
1779838588.931729,spill,FileSystemStorage,131072,2,262634,346720,167591
1779838588.932207,spill,FileSystemStorage,131072,2,262634,286603,131681
1779838588.932703,spill,FileSystemStorage,131072,2,262634,289337,147048
1779838588.932969,spill,FileSystemStorage,131072,2,262634,305462,131576
1779838588.933555,spill,FileSystemStorage,131072,1,131317,248481,104224
1779838588.933571,spill,FileSystemStorage,131072,1,131317,237664,96872
1779838588.934185,spill,FileSystemStorage,131072,1,131317,246153,101352
1779838588.934392,spill,FileSystemStorage,131072,3,393951,405945,226898
1779838588.935234,spill,FileSystemStorage,131072,2,262634,470815,212735
1779838588.935291,spill,FileSystemStorage,131072,5,656585,721328,463345
1779838588.936116,spill,FileSystemStorage,131072,1,131317,251968,99990
1779838588.936252,spill,FileSystemStorage,131072,4,525268,558799,341016
1779838588.937044,spill,FileSystemStorage,131072,3,393951,436351,244244
1779838588.937109,spill,FileSystemStorage,131072,1,131317,241891,90573
1779838588.937825,spill,FileSystemStorage,131072,3,393951,384207,217078
1779838588.938172,spill,FileSystemStorage,131072,3,393951,412685,205063
1779838588.938382,spill,FileSystemStorage,131072,1,131317,199172,70386
1779838588.938651,spill,FileSystemStorage,131072,1,131317,187144,71222
1779838588.938836,spill,FileSystemStorage,131072,1,131317,179165,66276
1779838588.939206,spill,FileSystemStorage,131072,1,131317,203727,81595
1779838588.939372,spill,FileSystemStorage,131072,1,131317,178841,68977
1779838588.939741,spill,FileSystemStorage,131072,1,131317,201133,75831
1779838588.939964,spill,FileSystemStorage,131072,1,131317,227125,70000
1779838588.940670,spill,FileSystemStorage,131072,1,131317,249966,92580
1779838588.940765,spill,FileSystemStorage,131072,2,262634,359645,167317
1779838588.941338,spill,FileSystemStorage,131072,1,131317,244374,93084
1779838588.941514,spill,FileSystemStorage,131072,2,262634,310200,148014
1779838588.942100,spill,FileSystemStorage,131072,3,393951,396467,185155
1779838588.942342,spill,FileSystemStorage,131072,1,131317,212389,76394
1779838588.942517,spill,FileSystemStorage,131072,1,131317,171482,62231
1779838588.942827,spill,FileSystemStorage,131072,1,131317,215411,79050
1779838588.943090,spill,FileSystemStorage,131072,1,131317,229472,70022
1779838588.943676,spill,FileSystemStorage,131072,1,131317,181840,67858
1779838588.944075,spill,FileSystemStorage,131072,1,131317,163678,62209
1779838588.944798,spill,FileSystemStorage,131072,3,393951,403748,232450
1779838588.944926,spill,FileSystemStorage,131072,1,131317,235252,78688
1779838588.945611,spill,FileSystemStorage,131072,1,131317,163191,62502
1779838588.946070,spill,FileSystemStorage,131072,3,393951,385451,205925
1779838588.946420,spill,FileSystemStorage,131072,2,262634,334537,137504
1779838588.946563,spill,FileSystemStorage,131072,1,131317,156770,65217
1779838588.947030,spill,FileSystemStorage,131072,1,131317,263753,98507
1779838588.947381,spill,FileSystemStorage,131072,5,656585,532754,331780
1779838588.947853,spill,FileSystemStorage,131072,2,262634,265285,127339
1779838588.947986,spill,FileSystemStorage,131072,1,131317,196125,67057
1779838588.948562,spill,FileSystemStorage,131072,2,262634,254292,132801
1779838588.948679,spill,FileSystemStorage,131072,2,262634,387940,138136
1779838588.949164,spill,FileSystemStorage,131072,1,131317,194615,67967
1779838588.949614,spill,FileSystemStorage,131072,3,393951,378249,191470
1779838588.950119,spill,FileSystemStorage,131072,1,131317,195408,77740
1779838588.950195,spill,FileSystemStorage,131072,4,525268,419345,243347
1779838588.950907,spill,FileSystemStorage,131072,2,262634,313187,151533
1779838588.950968,spill,FileSystemStorage,131072,4,525268,470519,273475
1779838588.951567,spill,FileSystemStorage,131072,1,131317,247925,79866
1779838588.951590,spill,FileSystemStorage,131072,1,131317,222686,90103
1779838588.952018,spill,FileSystemStorage,131072,1,131317,158844,61883
1779838588.952306,spill,FileSystemStorage,131072,1,131317,178675,68671
1779838588.952573,spill,FileSystemStorage,131072,2,262634,304784,147838
1779838588.953034,spill,FileSystemStorage,131072,3,393951,358003,197780
1779838588.953090,spill,FileSystemStorage,131072,2,262634,260703,135239
1779838588.953572,spill,FileSystemStorage,131072,1,131317,167591,65099
1779838588.953818,spill,FileSystemStorage,131072,3,393951,396961,192788
1779838588.954144,spill,FileSystemStorage,131072,1,131317,173646,68717
1779838588.954318,spill,FileSystemStorage,131072,1,131317,216305,77825
1779838588.954739,spill,FileSystemStorage,131072,1,131317,165553,69781
1779838588.954917,spill,FileSystemStorage,131072,3,393951,379756,219000
1779838588.955217,spill,FileSystemStorage,131072,1836,241098012,171608930,119080593
1779838588.955271,spill,FileSystemStorage,131072,2,262634,255317,125890
1779838588.955742,spill,FileSystemStorage,131072,1,131317,164809,65928
1779838588.955755,spill,FileSystemStorage,131072,1,131317,202429,83872
1779838588.956296,spill,FileSystemStorage,131072,1,131317,161313,62928
1779838588.956438,spill,FileSystemStorage,131072,2,262634,263532,117967
1779838588.956852,spill,FileSystemStorage,131072,2,262634,247151,111567
1779838588.957058,spill,FileSystemStorage,131072,1,131317,235193,67542
1779838588.957321,spill,FileSystemStorage,131072,2,262634,235837,120927
1779838588.957589,spill,FileSystemStorage,131072,1,131317,189011,79344
1779838588.957834,spill,FileSystemStorage,131072,2,262634,241640,114127
1779838588.958075,spill,FileSystemStorage,131072,1,131317,177898,61584
1779838588.958441,spill,FileSystemStorage,131072,2,262634,359072,123323
1779838588.979215,spill,FileSystemStorage,131072,2000,262634000,195892767,127983760
1779838588.980291,spill,FileSystemStorage,131072,1,131317,253553,80805
1779838588.980447,spill,FileSystemStorage,131072,3,393951,487581,211010
1779838588.980957,spill,FileSystemStorage,131072,2,262634,654584,137226
1779838588.984738,spill,FileSystemStorage,131072,2,262634,314251,120882
1779838588.985105,spill,FileSystemStorage,131072,1,131317,312734,78865
1779838588.985188,spill,FileSystemStorage,131072,1,131317,235229,69928
1779838588.986267,spill,FileSystemStorage,131072,1,131317,290560,69565
1779838589.003278,spill,FileSystemStorage,131072,2,262634,384768,130084
1779838589.003747,spill,FileSystemStorage,131072,1,131317,248146,75325
1779838589.003787,spill,FileSystemStorage,131072,1,131317,271089,72920
1779838589.004401,spill,FileSystemStorage,131072,1,131317,322960,90014
1779838589.006809,spill,FileSystemStorage,131072,1,131317,231252,72978
1779838589.007416,spill,FileSystemStorage,131072,3,393951,415468,176515
1779838589.007640,spill,FileSystemStorage,131072,1,131317,237468,75558
1779838589.008023,spill,FileSystemStorage,131072,1,131317,233769,71407
1779838589.009388,spill,FileSystemStorage,131072,1,131317,251363,83083
1779838589.009877,spill,FileSystemStorage,131072,1,131317,220931,65150
1779838589.010053,spill,FileSystemStorage,131072,1,131317,216241,68478
1779838589.010754,spill,FileSystemStorage,131072,1,131317,228236,68710
1779838589.012359,spill,FileSystemStorage,131072,1,131317,242969,79232
1779838589.012914,spill,FileSystemStorage,131072,1,131317,212665,64902
1779838589.013348,spill,FileSystemStorage,131072,4,525268,559189,291124
1779838589.013689,spill,FileSystemStorage,131072,2,262634,324353,131539
1779838589.014796,spill,FileSystemStorage,131072,1,131317,224759,73786
1779838589.015285,spill,FileSystemStorage,131072,1,131317,216593,66534
1779838589.015744,spill,FileSystemStorage,131072,1,131317,246998,83484
1779838589.016026,spill,FileSystemStorage,131072,1,131317,214147,68645
1779838589.017154,spill,FileSystemStorage,131072,1,131317,220834,77448
1779838589.017575,spill,FileSystemStorage,131072,2,262634,278052,119304
1779838589.810531,spill,FileSystemStorage,131072,1,131317,370711,82212
1779838589.814159,spill,FileSystemStorage,131072,4,525268,877650,244466
1779838589.815837,spill,FileSystemStorage,131072,2,262634,343077,143478
1779838589.815969,spill,FileSystemStorage,131072,5,656585,717241,400927
1779838589.817356,spill,FileSystemStorage,131072,3,393951,365995,195125
1779838589.818308,spill,FileSystemStorage,131072,1,131317,194040,68696
1779838589.818885,spill,FileSystemStorage,131072,9,1181853,1080342,703422
1779838589.819411,spill,FileSystemStorage,131072,5,656585,579133,347476
1779838589.820454,spill,FileSystemStorage,131072,2,262634,275189,128546
1779838589.820679,spill,FileSystemStorage,131072,1,131317,298477,85673
1779838589.821776,spill,FileSystemStorage,131072,3,393951,474516,184193
1779838589.821955,spill,FileSystemStorage,131072,1,131317,364051,75713
1779838589.822759,spill,FileSystemStorage,131072,1,131317,185793,70304
1779838589.822916,spill,FileSystemStorage,131072,2,262634,281506,144889
1779838589.823954,spill,FileSystemStorage,131072,1,131317,239537,77142
1779838589.824483,spill,FileSystemStorage,131072,2,262634,405062,146476
1779838589.824949,spill,FileSystemStorage,131072,4,525268,468891,262205
1779838589.825240,spill,FileSystemStorage,131072,1,131317,190801,66278
1779838589.826011,spill,FileSystemStorage,131072,1,131317,221389,87482
1779838589.826482,spill,FileSystemStorage,131072,4,525268,441966,258703
1779838589.826998,spill,FileSystemStorage,131072,2,262634,347395,134086
1779838589.827270,spill,FileSystemStorage,131072,1,131317,207137,83437
1779838589.828169,spill,FileSystemStorage,131072,1,131317,187588,79552
1779838589.828192,spill,FileSystemStorage,131072,1,131317,156566,66187
1779838589.829828,spill,FileSystemStorage,131072,6,787902,628122,396906
1779838589.829917,spill,FileSystemStorage,131072,5,656585,539597,328098
1779838589.830381,spill,FileSystemStorage,131072,1,131317,175389,69361
1779838589.831430,spill,FileSystemStorage,131072,4,525268,471269,250329
1779838589.832129,spill,FileSystemStorage,131072,2,262634,316948,150179
1779838589.832450,spill,FileSystemStorage,131072,2,262634,253498,131517
1779838589.833256,spill,FileSystemStorage,131072,2,262634,284404,135653
1779838589.833406,spill,FileSystemStorage,131072,2,262634,269740,128876
1779838589.833972,spill,FileSystemStorage,131072,2,262634,269308,139647
1779838589.834256,spill,FileSystemStorage,131072,4,525268,430197,266559
1779838589.834833,spill,FileSystemStorage,131072,1,131317,187264,80089
1779838589.835155,spill,FileSystemStorage,131072,2,262634,306757,153658
1779838589.835717,spill,FileSystemStorage,131072,2,262634,312720,152510
1779838589.836298,spill,FileSystemStorage,131072,6,787902,631664,390618
1779838589.836815,spill,FileSystemStorage,131072,2,262634,301529,141909
1779838589.837209,spill,FileSystemStorage,131072,4,525268,443966,256707
1779838589.837605,spill,FileSystemStorage,131072,1,131317,206832,72374
1779838589.838102,spill,FileSystemStorage,131072,3,393951,393896,195812
1779838589.838185,spill,FileSystemStorage,131072,1,131317,159905,67347
1779838589.838856,spill,FileSystemStorage,131072,1,131317,202843,85345
1779838589.839172,spill,FileSystemStorage,131072,4,525268,484739,259139
1779838589.839852,spill,FileSystemStorage,131072,4,525268,453855,265349
1779838589.840824,spill,FileSystemStorage,131072,3,393951,352461,194557
1779838589.840949,spill,FileSystemStorage,131072,1,131317,224450,95227
1779838589.841713,spill,FileSystemStorage,131072,1,131317,159136,67939
1779838589.841920,spill,FileSystemStorage,131072,2,262634,275565,133262
1779838589.842910,spill,FileSystemStorage,131072,5,656585,637566,391398
1779838589.843023,spill,FileSystemStorage,131072,6,787902,673981,420872
1779838589.844109,spill,FileSystemStorage,131072,1,131317,426156,86247
1779838589.844894,spill,FileSystemStorage,131072,2,262634,376329,133362
1779838589.845502,spill,FileSystemStorage,131072,2,262634,578848,128229
1779838589.846087,spill,FileSystemStorage,131072,1,131317,342246,68002
1779838589.846535,spill,FileSystemStorage,131072,2,262634,486334,125089
1779838589.846959,spill,FileSystemStorage,131072,1,131317,165001,81274
1779838589.847056,spill,FileSystemStorage,131072,3,393951,377858,231043
1779838589.848035,spill,FileSystemStorage,131072,1,131317,201413,72814
1779838589.848040,spill,FileSystemStorage,131072,2,262634,258136,144373
1779838589.848816,spill,FileSystemStorage,131072,2,262634,248450,134786
1779838589.848877,spill,FileSystemStorage,131072,1,131317,195312,63893
1779838589.849626,spill,FileSystemStorage,131072,1,131317,182697,72388
1779838589.849676,spill,FileSystemStorage,131072,1,131317,179005,68053
1779838589.850290,spill,FileSystemStorage,131072,4,525268,401797,254793
1779838589.850529,spill,FileSystemStorage,131072,1,131317,146035,65490
1779838589.851100,spill,FileSystemStorage,131072,2,262634,322079,148345
1779838589.851410,spill,FileSystemStorage,131072,5,656585,557204,323751
1779838589.852005,spill,FileSystemStorage,131072,3,393951,340176,193631
1779838589.852427,spill,FileSystemStorage,131072,1,131317,183698,66707
1779838589.852589,spill,FileSystemStorage,131072,1,131317,189170,66141
1779838589.853055,spill,FileSystemStorage,131072,1,131317,136843,65872
1779838589.853616,spill,FileSystemStorage,131072,4,525268,451087,272532
1779838589.854162,spill,FileSystemStorage,131072,2,262634,256484,134353
1779838589.854445,spill,FileSystemStorage,131072,1,131317,163503,68407
1779838589.855141,spill,FileSystemStorage,131072,3,393951,411603,247289
1779838589.855401,spill,FileSystemStorage,131072,5,656585,540908,343068
1779838589.856086,spill,FileSystemStorage,131072,1,131317,203950,70845
1779838589.856498,spill,FileSystemStorage,131072,2,262634,295907,132087
1779838589.856597,spill,FileSystemStorage,131072,1,131317,166748,68000
1779838589.857588,spill,FileSystemStorage,131072,1,131317,203453,64958
1779838589.858053,spill,FileSystemStorage,131072,2,262634,587662,146318
1779838589.858064,spill,FileSystemStorage,131072,1,131317,177087,69272
1779838589.858655,spill,FileSystemStorage,131072,2,262634,265317,130110
1779838589.858690,spill,FileSystemStorage,131072,1,131317,188040,76210
1779838589.859269,spill,FileSystemStorage,131072,1,131317,171224,67190
1779838589.859369,spill,FileSystemStorage,131072,1,131317,197586,68954
1779838589.860029,spill,FileSystemStorage,131072,4,525268,433620,272441
1779838589.860432,spill,FileSystemStorage,131072,4,525268,422613,253464
1779838589.860874,spill,FileSystemStorage,131072,3,393951,364115,200828
1779838589.860973,spill,FileSystemStorage,131072,1,131317,168720,68670
1779838589.861741,spill,FileSystemStorage,131072,3,393951,335483,193187
1779838589.862028,spill,FileSystemStorage,131072,2,262634,327428,157702
1779838589.862133,spill,FileSystemStorage,131072,1,131317,165493,70094
1779838589.863020,spill,FileSystemStorage,131072,2,262634,300117,185561
1779838589.863066,spill,FileSystemStorage,131072,2,262634,466726,211295
1779838589.863720,spill,FileSystemStorage,131072,1,131317,194511,82276
1779838589.863804,spill,FileSystemStorage,131072,1,131317,197819,72451
1779838589.864317,spill,FileSystemStorage,131072,1,131317,173682,72840
1779838589.864591,spill,FileSystemStorage,131072,4,525268,481645,292955
1779838589.865113,spill,FileSystemStorage,131072,2,262634,296746,155077
1779838589.865288,spill,FileSystemStorage,131072,2,262634,289122,150898
1779838589.865710,spill,FileSystemStorage,131072,1,131317,178350,76133
1779838589.865952,spill,FileSystemStorage,131072,2,262634,248261,130538
1779838589.866097,spill,FileSystemStorage,131072,1,131317,177171,76496
1779838589.866564,spill,FileSystemStorage,131072,1,131317,347563,69690
1779838589.866807,spill,FileSystemStorage,131072,1,131317,192994,68927
1779838589.867082,spill,FileSystemStorage,131072,1,131317,202206,71221
1779838589.867373,spill,FileSystemStorage,131072,2,262634,290929,136346
1779838589.867836,spill,FileSystemStorage,131072,2,262634,256015,126702
1779838589.868167,spill,FileSystemStorage,131072,1,131317,181903,66951
1779838589.868293,spill,FileSystemStorage,131072,1,131317,158327,62719
1779838589.868923,spill,FileSystemStorage,131072,3,393951,382875,205652
1779838589.869055,spill,FileSystemStorage,131072,2,262634,285588,149379
1779838589.869471,spill,FileSystemStorage,131072,1,131317,173681,80268
1779838589.869504,spill,FileSystemStorage,131072,1,131317,160725,68273
1779838589.870013,spill,FileSystemStorage,131072,2,262634,267898,139998
1779838589.870077,spill,FileSystemStorage,131072,1,131317,185901,89179
1779838589.870522,spill,FileSystemStorage,131072,1,131317,169920,75313
1779838589.870629,spill,FileSystemStorage,131072,1,131317,169721,71060
1779838589.871133,spill,FileSystemStorage,131072,1,131317,211076,76202
1779838589.871152,spill,FileSystemStorage,131072,3,393951,388313,238814
1779838589.871974,spill,FileSystemStorage,131072,1,131317,206398,91195
1779838589.872026,spill,FileSystemStorage,131072,2,262634,265284,137038
1779838589.872636,spill,FileSystemStorage,131072,1,131317,173739,71977
1779838589.872798,spill,FileSystemStorage,131072,2,262634,294257,150680
1779838589.873379,spill,FileSystemStorage,131072,2,262634,293630,139878
1779838589.873409,spill,FileSystemStorage,131072,2,262634,276985,146757
1779838589.873829,spill,FileSystemStorage,131072,1,131317,173704,64651
1779838589.874083,spill,FileSystemStorage,131072,1,131317,197053,70891
1779838589.874389,spill,FileSystemStorage,131072,1,131317,166220,78822
1779838589.874644,spill,FileSystemStorage,131072,1,131317,190417,84334
1779838589.874848,spill,FileSystemStorage,131072,1,131317,158292,62687
1779838589.875247,spill,FileSystemStorage,131072,2,262634,279796,133006
1779838589.875384,spill,FileSystemStorage,131072,1,131317,191291,80298
1779838589.875849,spill,FileSystemStorage,131072,1,131317,164120,65919
1779838589.875995,spill,FileSystemStorage,131072,1,131317,152832,64066
1779838589.876300,spill,FileSystemStorage,131072,1,131317,154292,66737
1779838589.876579,spill,FileSystemStorage,131072,3,393951,331008,196684
1779838589.877031,spill,FileSystemStorage,131072,1,131317,180820,75825
1779838589.877098,spill,FileSystemStorage,131072,1,131317,185803,71735
1779838589.877455,spill,FileSystemStorage,131072,1,131317,182231,81488
1779838589.877524,spill,FileSystemStorage,131072,1,131317,153035,68673
1779838589.877899,spill,FileSystemStorage,131072,1,131317,145163,66006
1779838589.878054,spill,FileSystemStorage,131072,2,262634,334590,155095
1779838589.878285,spill,FileSystemStorage,131072,1,131317,148181,63701
1779838589.878773,spill,FileSystemStorage,131072,1,131317,148666,69103
1779838589.878820,spill,FileSystemStorage,131072,2,262634,285161,151044
1779838589.879235,spill,FileSystemStorage,131072,1,131317,193196,70414
1779838589.879364,spill,FileSystemStorage,131072,1,131317,193724,83596
1779838589.879723,spill,FileSystemStorage,131072,1,131317,165892,71013
1779838589.879865,spill,FileSystemStorage,131072,1,131317,171301,68928
1779838589.880158,spill,FileSystemStorage,131072,1,131317,165652,65669
1779838589.880508,spill,FileSystemStorage,131072,1,131317,155317,70429
1779838589.880683,spill,FileSystemStorage,131072,3,393951,365180,218664
1779838589.881103,spill,FileSystemStorage,131072,1,131317,176438,74349
1779838589.881177,spill,FileSystemStorage,131072,3,393951,386938,198951
1779838589.881509,spill,FileSystemStorage,131072,1,131317,184374,67633
1779838589.881661,spill,FileSystemStorage,131072,1,131317,157902,63249
1779838589.882023,spill,FileSystemStorage,131072,2,262634,246604,134304
1779838589.882225,spill,FileSystemStorage,131072,3,393951,311635,181026
1779838589.882527,spill,FileSystemStorage,131072,1,131317,153749,64091
1779838589.882759,spill,FileSystemStorage,131072,1,131317,173125,69091
1779838589.883083,spill,FileSystemStorage,131072,1,131317,182644,71423
1779838589.883234,spill,FileSystemStorage,131072,1,131317,155510,66146
1779838589.883690,spill,FileSystemStorage,131072,1,131317,153502,64201
1779838589.883844,spill,FileSystemStorage,131072,2,262634,245900,130873
1779838589.884281,spill,FileSystemStorage,131072,1,131317,170770,71531
1779838589.884477,spill,FileSystemStorage,131072,3,393951,338963,198050
1779838589.884649,spill,FileSystemStorage,131072,1,131317,143363,63593
1779838589.885279,spill,FileSystemStorage,131072,2,262634,266703,137812
1779838589.885316,spill,FileSystemStorage,131072,2,262634,258400,136817
1779838589.885766,spill,FileSystemStorage,131072,2,262634,246177,126464
1779838589.885907,spill,FileSystemStorage,131072,1,131317,189578,76682
1779838589.886317,spill,FileSystemStorage,131072,2,262634,264923,146150
1779838589.886387,spill,FileSystemStorage,131072,1,131317,155335,62096
1779838589.887001,spill,FileSystemStorage,131072,2,262634,289440,130416
1779838589.887052,spill,FileSystemStorage,131072,1,131317,372724,130447
1779838589.887805,spill,FileSystemStorage,131072,1,131317,264244,99671
1779838589.887974,spill,FileSystemStorage,131072,2,262634,263499,141886
1779838589.888511,spill,FileSystemStorage,131072,1,131317,250933,98439
1779838589.888790,spill,FileSystemStorage,131072,3,393951,364629,209376
1779838589.889049,spill,FileSystemStorage,131072,1,131317,247196,95291
1779838589.889638,spill,FileSystemStorage,131072,2,262634,264156,136400
1779838589.889788,spill,FileSystemStorage,131072,1,131317,260664,100192
1779838589.890532,spill,FileSystemStorage,131072,2,262634,382299,182908
1779838589.890590,spill,FileSystemStorage,131072,3,393951,378691,207496
1779838589.891172,spill,FileSystemStorage,131072,1,131317,279323,100231
1779838589.891222,spill,FileSystemStorage,131072,1,131317,196826,72472
1779838589.891933,spill,FileSystemStorage,131072,2,262634,405708,192363
1779838589.892042,spill,FileSystemStorage,131072,1,131317,191080,70294
1779838589.892483,spill,FileSystemStorage,131072,1,131317,239456,96063
1779838589.893000,spill,FileSystemStorage,131072,2,262634,292523,152960
1779838589.893256,spill,FileSystemStorage,131072,2,262634,370274,179366
1779838589.893672,spill,FileSystemStorage,131072,1,131317,162265,63525
1779838589.894238,spill,FileSystemStorage,131072,2,262634,391968,180492
1779838589.894704,spill,FileSystemStorage,131072,4,525268,434051,261627
1779838589.895111,spill,FileSystemStorage,131072,2,262634,436326,197118
1779838589.895210,spill,FileSystemStorage,131072,1,131317,187622,66161
1779838589.895724,spill,FileSystemStorage,131072,1,131317,264523,101009
1779838589.895807,spill,FileSystemStorage,131072,2,262634,244905,132723
1779838589.896439,spill,FileSystemStorage,131072,1,131317,233795,92631
1779838589.896790,spill,FileSystemStorage,131072,2,262634,262323,136234
1779838589.897037,spill,FileSystemStorage,131072,1,131317,240396,94695
1779838589.897348,spill,FileSystemStorage,131072,2,262634,255767,127565
1779838589.897831,spill,FileSystemStorage,131072,1,131317,241351,96724
1779838589.898549,spill,FileSystemStorage,131072,2,262634,359996,177582
1779838589.898615,spill,FileSystemStorage,131072,3,393951,349508,203809
1779838589.899251,spill,FileSystemStorage,131072,1,131317,250353,98063
1779838589.899841,spill,FileSystemStorage,131072,1,131317,254409,79440
1779838589.900039,spill,FileSystemStorage,131072,1,131317,237306,89490
1779838589.900508,spill,FileSystemStorage,131072,2,262634,272265,132677
1779838589.900567,spill,FileSystemStorage,131072,1,131317,206838,79912
1779838589.901282,spill,FileSystemStorage,131072,1,131317,237613,90557
1779838589.901425,spill,FileSystemStorage,131072,3,393951,353906,199506
1779838589.901868,spill,FileSystemStorage,131072,1,131317,251136,98083
1779838589.901940,spill,FileSystemStorage,131072,1,131317,158839,65532
1779838589.902550,spill,FileSystemStorage,131072,1,131317,228001,86058
1779838589.902685,spill,FileSystemStorage,131072,1,131317,192018,77555
1779838589.903236,spill,FileSystemStorage,131072,2,262634,400868,173298
1779838589.903568,spill,FileSystemStorage,131072,1,131317,195223,79314
1779838589.903934,spill,FileSystemStorage,131072,1,131317,246193,86287
1779838589.904672,spill,FileSystemStorage,131072,1,131317,199087,74766
1779838589.904737,spill,FileSystemStorage,131072,1,131317,245966,99918
1779838589.905341,spill,FileSystemStorage,131072,1,131317,223965,75631
1779838589.905462,spill,FileSystemStorage,131072,1,131317,165035,69385
1779838589.906047,spill,FileSystemStorage,131072,1,131317,267048,91270
1779838589.906478,spill,FileSystemStorage,131072,2,262634,267761,133557
1779838589.906588,spill,FileSystemStorage,131072,1,131317,202632,73434
1779838589.907020,spill,FileSystemStorage,131072,2,262634,289907,168346
1779838589.907104,spill,FileSystemStorage,131072,1,131317,264236,126032
1779838589.907724,spill,FileSystemStorage,131072,1,131317,203340,76394
1779838589.907842,spill,FileSystemStorage,131072,1,131317,195742,74370
1779838589.908232,spill,FileSystemStorage,131072,1,131317,224160,65590
1779838589.908782,spill,FileSystemStorage,131072,2,262634,281614,132532
1779838589.909047,spill,FileSystemStorage,131072,2,262634,268721,131860
1779838589.909497,spill,FileSystemStorage,131072,1,131317,184085,65295
1779838589.909806,spill,FileSystemStorage,131072,3,393951,416889,225161
1779838589.909959,spill,FileSystemStorage,131072,1,131317,171457,68105
1779838589.910533,spill,FileSystemStorage,131072,3,393951,393367,230446
1779838589.910824,spill,FileSystemStorage,131072,3,393951,344133,196610
1779838589.911394,spill,FileSystemStorage,131072,1,131317,184805,70367
1779838589.911544,spill,FileSystemStorage,131072,3,393951,393684,230763
1779838589.911962,spill,FileSystemStorage,131072,1,131317,183848,69281
1779838589.912425,spill,FileSystemStorage,131072,3,393951,365149,207090
1779838589.912464,spill,FileSystemStorage,131072,2,262634,242051,132539
1779838589.913201,spill,FileSystemStorage,131072,1,131317,209930,92739
1779838589.913333,spill,FileSystemStorage,131072,3,393951,360778,212122
1779838589.913625,spill,FileSystemStorage,131072,1,131317,180701,91012
1779838589.913794,spill,FileSystemStorage,131072,1,131317,163816,62051
1779838589.914270,spill,FileSystemStorage,131072,2,262634,256720,141341
1779838589.914331,spill,FileSystemStorage,131072,1,131317,176081,80096
1779838589.914700,spill,FileSystemStorage,131072,1,131317,185158,85026
1779838589.914763,spill,FileSystemStorage,131072,1,131317,177618,90683
1779838589.915126,spill,FileSystemStorage,131072,1,131317,178531,64914
1779838589.915508,spill,FileSystemStorage,131072,1,131317,147662,74728
1779838589.915713,spill,FileSystemStorage,131072,3,393951,389860,226781
1779838589.916042,spill,FileSystemStorage,131072,2,262634,253683,141783
1779838589.916324,spill,FileSystemStorage,131072,2,262634,269350,132936
1779838589.916560,spill,FileSystemStorage,131072,1,131317,183934,70116
1779838589.917061,spill,FileSystemStorage,131072,1,131317,195139,83814
1779838589.917324,spill,FileSystemStorage,131072,2,262634,248578,123075
1779838589.917520,spill,FileSystemStorage,131072,1,131317,215942,88640
1779838589.918221,spill,FileSystemStorage,131072,1,131317,174847,87045
1779838589.918272,spill,FileSystemStorage,131072,4,525268,439652,261124
1779838589.918885,spill,FileSystemStorage,131072,2,262634,273409,137704
1779838589.918909,spill,FileSystemStorage,131072,3,393951,410611,253315
1779838589.919708,spill,FileSystemStorage,131072,1,131317,203343,87181
1779838589.919774,spill,FileSystemStorage,131072,1,131317,201033,71864
1779838589.920478,spill,FileSystemStorage,131072,2,262634,271891,147417
1779838589.920696,spill,FileSystemStorage,131072,2,262634,287572,153646
1779838589.921125,spill,FileSystemStorage,131072,1,131317,189488,69811
1779838589.921322,spill,FileSystemStorage,131072,2,262634,284793,165105
1779838589.921679,spill,FileSystemStorage,131072,2,262634,253551,132673
1779838589.922226,spill,FileSystemStorage,131072,2,262634,293217,162159
1779838589.922248,spill,FileSystemStorage,131072,1,131317,188197,71881
1779838589.923055,spill,FileSystemStorage,131072,2,262634,316732,175419
1779838589.923602,spill,FileSystemStorage,131072,5,656585,585009,360557
1779838589.924261,spill,FileSystemStorage,131072,2,262634,404390,152783
1779838589.924552,spill,FileSystemStorage,131072,1,131317,183259,75641
1779838589.925263,spill,FileSystemStorage,131072,1,131317,196940,74105
1779838589.925563,spill,FileSystemStorage,131072,1,131317,175808,85525
1779838589.926208,spill,FileSystemStorage,131072,1,131317,230031,71031
1779838589.926625,spill,FileSystemStorage,131072,1,131317,266638,78242
1779838589.926770,spill,FileSystemStorage,131072,1,131317,196782,72281
1779838589.927432,spill,FileSystemStorage,131072,2,262634,289890,134527
1779838589.927501,spill,FileSystemStorage,131072,2,262634,373105,148677
1779838589.928083,spill,FileSystemStorage,131072,1,131317,211956,69976
1779838589.928130,spill,FileSystemStorage,131072,1,131317,202047,68301
1779838589.928697,spill,FileSystemStorage,131072,1,131317,196620,71664
1779838589.928809,spill,FileSystemStorage,131072,1,131317,179845,69717
1779838589.929396,spill,FileSystemStorage,131072,2,262634,300143,144897
1779838589.929407,spill,FileSystemStorage,131072,1,131317,182642,83460
1779838589.930029,spill,FileSystemStorage,131072,1,131317,175381,70346
1779838589.930079,spill,FileSystemStorage,131072,1,131317,186738,76137
1779838589.930675,spill,FileSystemStorage,131072,1,131317,192290,80304
1779838589.930704,spill,FileSystemStorage,131072,2,262634,287227,149650
1779838589.931316,spill,FileSystemStorage,131072,1,131317,199449,80028
1779838589.931551,spill,FileSystemStorage,131072,1,131317,226460,81073
1779838589.932360,spill,FileSystemStorage,131072,5,656585,582986,358536
1779838589.932377,spill,FileSystemStorage,131072,1,131317,202731,75968
1779838589.932818,spill,FileSystemStorage,131072,1,131317,182691,72466
1779838589.933045,spill,FileSystemStorage,131072,2,262634,287750,150885
1779838589.933274,spill,FileSystemStorage,131072,1,131317,166935,69223
1779838589.933545,spill,FileSystemStorage,131072,1,131317,183093,67124
1779838589.933723,spill,FileSystemStorage,131072,1,131317,190465,69222
1779838589.934091,spill,FileSystemStorage,131072,2,262634,275968,145240
1779838589.934141,spill,FileSystemStorage,131072,1,131317,171228,80961
1779838589.934565,spill,FileSystemStorage,131072,1,131317,188188,75464
1779838589.934582,spill,FileSystemStorage,131072,1,131317,185565,93500
1779838589.935081,spill,FileSystemStorage,131072,1,131317,233893,102331
1779838589.935104,spill,FileSystemStorage,131072,1,131317,214795,86600
1779838589.935703,spill,FileSystemStorage,131072,1,131317,183268,68805
1779838589.936234,spill,FileSystemStorage,131072,4,525268,490985,302608
1779838589.936459,spill,FileSystemStorage,131072,3,393951,433161,220608
1779838589.936867,spill,FileSystemStorage,131072,1,131317,200596,75332
1779838589.936992,spill,FileSystemStorage,131072,1,131317,207541,70579
1779838589.937275,spill,FileSystemStorage,131072,1,131317,169855,82813
1779838589.937639,spill,FileSystemStorage,131072,1,131317,166858,82238
1779838589.937897,spill,FileSystemStorage,131072,5,656585,601466,358393
1779838589.938172,spill,FileSystemStorage,131072,2,262634,305731,155310
1779838589.938471,spill,FileSystemStorage,131072,2,262634,290154,144543
1779838589.938601,spill,FileSystemStorage,131072,1,131317,161371,67424
1779838589.939120,spill,FileSystemStorage,131072,1,131317,206540,83241
1779838589.939330,spill,FileSystemStorage,131072,4,525268,521370,297449
1779838589.939594,spill,FileSystemStorage,131072,1,131317,214560,85215
1779838589.940193,spill,FileSystemStorage,131072,5,656585,543133,331022
1779838589.940628,spill,FileSystemStorage,131072,4,525268,492006,313181
1779838589.940790,spill,FileSystemStorage,131072,2,262634,288754,146287
1779838589.941391,spill,FileSystemStorage,131072,3,393951,377281,226536
1779838589.941577,spill,FileSystemStorage,131072,1,131317,206555,72082
1779838589.941991,spill,FileSystemStorage,131072,1,131317,180540,85190
1779838589.942239,spill,FileSystemStorage,131072,2,262634,259183,130018
1779838589.942554,spill,FileSystemStorage,131072,2,262634,283378,151660
1779838589.943066,spill,FileSystemStorage,131072,3,393951,400442,245757
1779838589.943105,spill,FileSystemStorage,131072,2,262634,316088,157892
1779838589.943928,spill,FileSystemStorage,131072,1,131317,189460,73259
1779838589.944694,spill,FileSystemStorage,131072,2,262634,329986,139943
1779838589.944912,spill,FileSystemStorage,131072,1,131317,174850,83846
1779838589.945437,spill,FileSystemStorage,131072,2,262634,313911,155921
1779838589.945559,spill,FileSystemStorage,131072,1,131317,176473,76898
1779838589.945990,spill,FileSystemStorage,131072,1,131317,157677,70296
1779838589.946295,spill,FileSystemStorage,131072,2,262634,331390,146868
1779838589.947017,spill,FileSystemStorage,131072,4,525268,504055,295604
1779838589.947190,spill,FileSystemStorage,131072,1,131317,225420,70633
1779838589.947753,spill,FileSystemStorage,131072,1,131317,167932,67109
1779838589.948151,spill,FileSystemStorage,131072,2,262634,296673,135509
1779838589.948313,spill,FileSystemStorage,131072,1,131317,137401,59823
1779838589.948869,spill,FileSystemStorage,131072,1,131317,146687,71102
1779838589.948946,spill,FileSystemStorage,131072,1,131317,199785,84318
1779838589.949465,spill,FileSystemStorage,131072,1,131317,175990,67164
1779838589.949603,spill,FileSystemStorage,131072,1,131317,138710,62033
1779838589.950062,spill,FileSystemStorage,131072,1,131317,142883,65656
1779838589.950261,spill,FileSystemStorage,131072,1,131317,179320,70244
1779838589.950743,spill,FileSystemStorage,131072,1,131317,183242,66880
1779838589.950807,spill,FileSystemStorage,131072,1,131317,160324,66017
1779838589.951183,spill,FileSystemStorage,131072,1,131317,161857,67101
1779838589.951788,spill,FileSystemStorage,131072,1,131317,152684,65933
1779838589.952056,spill,FileSystemStorage,131072,1,131317,183963,66612
1779838589.952732,spill,FileSystemStorage,131072,2,262634,231416,125875
1779838589.952845,spill,FileSystemStorage,131072,1,131317,151087,70721
1779838589.953709,spill,FileSystemStorage,131072,1,131317,146640,66431
1779838589.953949,spill,FileSystemStorage,131072,2,262634,273035,135454
1779838589.954494,spill,FileSystemStorage,131072,1,131317,150492,67040
1779838589.954591,spill,FileSystemStorage,131072,1,131317,186255,65614
1779838589.955096,spill,FileSystemStorage,131072,1,131317,229205,74380
1779838589.955134,spill,FileSystemStorage,131072,1,131317,173561,68430
1779838589.956346,spill,FileSystemStorage,131072,1,131317,147305,65807
1779838589.956472,spill,FileSystemStorage,131072,2,262634,262969,131089
1779838589.957299,spill,FileSystemStorage,131072,1,131317,169775,70843
1779838589.957384,spill,FileSystemStorage,131072,1,131317,131639,61483
1779838589.958492,spill,FileSystemStorage,131072,1,131317,145018,63205
1779838589.958605,spill,FileSystemStorage,131072,1,131317,199949,70305
1779838589.959095,spill,FileSystemStorage,131072,1,131317,235179,73656
1779838589.959149,spill,FileSystemStorage,131072,1,131317,196050,73766
1779838589.960217,spill,FileSystemStorage,131072,1,131317,208551,71805
1779838589.960590,spill,FileSystemStorage,131072,1,131317,257498,79445
1779838589.960768,spill,FileSystemStorage,131072,1,131317,156081,66202
1779838589.961248,spill,FileSystemStorage,131072,1,131317,145137,63019
1779838589.961414,spill,FileSystemStorage,131072,1,131317,187092,71153
1779838589.961834,spill,FileSystemStorage,131072,1,131317,149995,64492
1779838589.961945,spill,FileSystemStorage,131072,2,262634,230315,130337
1779838589.962225,spill,FileSystemStorage,131072,1,131317,165873,69848
1779838589.962328,spill,FileSystemStorage,131072,1,131317,143224,64746
1779838589.962836,spill,FileSystemStorage,131072,1,131317,138131,58547
1779838589.963097,spill,FileSystemStorage,131072,2,262634,301820,135954
1779838589.963500,spill,FileSystemStorage,131072,1,131317,161963,67206
1779838589.963904,spill,FileSystemStorage,131072,2,262634,247237,119957
1779838589.964517,spill,FileSystemStorage,131072,1,131317,138481,60123
1779838589.964658,spill,FileSystemStorage,131072,1,131317,175496,72165
1779838589.965350,spill,FileSystemStorage,131072,1,131317,285048,76844
1779838589.965457,spill,FileSystemStorage,131072,1,131317,162109,61065
1779838589.965879,spill,FileSystemStorage,131072,1,131317,146549,60592
1779838589.966423,spill,FileSystemStorage,131072,2,262634,257249,139539
1779838589.966499,spill,FileSystemStorage,131072,4,525268,498763,281172
1779838589.967220,spill,FileSystemStorage,131072,2,262634,329240,136998
1779838589.967233,spill,FileSystemStorage,131072,1,131317,225176,80474
1779838589.968029,spill,FileSystemStorage,131072,1,131317,171854,64161
1779838589.968564,spill,FileSystemStorage,131072,3,393951,405001,220710
1779838589.968868,spill,FileSystemStorage,131072,3,393951,347727,192758
1779838589.969475,spill,FileSystemStorage,131072,1,131317,216263,88049
1779838589.969615,spill,FileSystemStorage,131072,1,131317,155580,63872
1779838589.973582,spill,FileSystemStorage,131072,1833,240704061,162292878,117999190
1779838589.993385,spill,FileSystemStorage,131072,2000,262634000,183449266,126528383
1779838595.225690,restore,FileSystemStorage,131072,1,131317,780066,679978
1779838595.228516,restore,FileSystemStorage,131072,1,131317,303808,229823
1779838595.231213,restore,FileSystemStorage,131072,1,131317,283542,242586
1779838595.235075,restore,FileSystemStorage,131072,1,131317,270926,239452
1779838595.239587,restore,FileSystemStorage,131072,1,131317,577075,532136
1779838595.241916,restore,FileSystemStorage,131072,1,131317,246182,194610
1779838595.245548,restore,FileSystemStorage,131072,1,131317,320857,243932
1779838595.248332,restore,FileSystemStorage,131072,1,131317,255372,208416
1779838595.250958,restore,FileSystemStorage,131072,1,131317,236176,201653
1779838595.253903,restore,FileSystemStorage,131072,1,131317,242662,214984
1779838595.255678,restore,FileSystemStorage,131072,1,131317,219298,185589
1779838595.257703,restore,FileSystemStorage,131072,1,131317,192261,164273
1779838595.259234,restore,FileSystemStorage,131072,1,131317,203940,172651
1779838595.261783,restore,FileSystemStorage,131072,1,131317,201637,172017
1779838595.264016,restore,FileSystemStorage,131072,1,131317,213779,178683
1779838595.266219,restore,FileSystemStorage,131072,1,131317,216444,183861
1779838595.267494,restore,FileSystemStorage,131072,1,131317,204556,176742
1779838595.268398,restore,FileSystemStorage,131072,1,131317,209721,183023
1779838595.270554,restore,FileSystemStorage,131072,1,131317,202970,176131
1779838595.273050,restore,FileSystemStorage,131072,1,131317,306296,229293
1779838595.276017,restore,FileSystemStorage,131072,1,131317,229045,189254
1779838595.278246,restore,FileSystemStorage,131072,1,131317,255468,213257
1779838595.281284,restore,FileSystemStorage,131072,1,131317,245183,207724
1779838595.285097,restore,FileSystemStorage,131072,1,131317,263633,221295
1779838595.295824,restore,FileSystemStorage,131072,1,131317,7034396,6949395
1779838595.301041,restore,FileSystemStorage,131072,1,131317,332037,249887
1779838595.303897,restore,FileSystemStorage,131072,1,131317,281252,233654
1779838595.307483,restore,FileSystemStorage,131072,1,131317,597820,540950
1779838595.311063,restore,FileSystemStorage,131072,1,131317,310147,252252
1779838595.314720,restore,FileSystemStorage,131072,1,131317,218361,184995
1779838595.317451,restore,FileSystemStorage,131072,1,131317,317842,240138
1779838595.319715,restore,FileSystemStorage,131072,1,131317,271423,222056
1779838595.323106,restore,FileSystemStorage,131072,1,131317,268581,235592
1779838595.326473,restore,FileSystemStorage,131072,1,131317,229987,196218
1779838595.330133,restore,FileSystemStorage,131072,1,131317,243758,211665
1779838595.334428,restore,FileSystemStorage,131072,1,131317,294822,230555
1779838595.337931,restore,FileSystemStorage,131072,1,131317,212156,177017
1779838595.342353,restore,FileSystemStorage,131072,1,131317,235980,209600
1779838595.345935,restore,FileSystemStorage,131072,1,131317,225741,200308
1779838595.349209,restore,FileSystemStorage,131072,1,131317,214832,189607
1779838595.352915,restore,FileSystemStorage,131072,1,131317,317616,248752
1779838595.356056,restore,FileSystemStorage,131072,1,131317,308397,238169
1779838595.359299,restore,FileSystemStorage,131072,1,131317,243634,203205
1779838595.362834,restore,FileSystemStorage,131072,1,131317,209193,182531
1779838595.366580,restore,FileSystemStorage,131072,1,131317,221764,193552
1779838595.371015,restore,FileSystemStorage,131072,1,131317,373286,299375
1779838595.374892,restore,FileSystemStorage,131072,1,131317,255202,211205
1779838595.378600,restore,FileSystemStorage,131072,1,131317,205607,176497
1779838595.382349,restore,FileSystemStorage,131072,1,131317,311275,239426
1779838595.386012,restore,FileSystemStorage,131072,1,131317,254298,215652
1779838595.388798,restore,FileSystemStorage,131072,1,131317,226987,198002
1779838595.392235,restore,FileSystemStorage,131072,1,131317,319448,250380
1779838595.396164,restore,FileSystemStorage,131072,1,131317,251002,209803
1779838595.399995,restore,FileSystemStorage,131072,1,131317,237358,209078
1779838595.403370,restore,FileSystemStorage,131072,1,131317,248887,208048
1779838595.406617,restore,FileSystemStorage,131072,1,131317,207858,185855
1779838595.410269,restore,FileSystemStorage,131072,1,131317,226301,195196
1779838595.413666,restore,FileSystemStorage,131072,1,131317,481445,405544
1779838595.417296,restore,FileSystemStorage,131072,1,131317,553856,475425
1779838595.419608,restore,FileSystemStorage,131072,1,131317,277362,225374
1779838595.423193,restore,FileSystemStorage,131072,1,131317,255234,223470
1779838595.426014,restore,FileSystemStorage,131072,1,131317,211932,185211
1779838595.429799,restore,FileSystemStorage,131072,1,131317,267926,216691
1779838595.433297,restore,FileSystemStorage,131072,1,131317,236759,208293
1779838595.437030,restore,FileSystemStorage,131072,1,131317,225794,200428
1779838595.440343,restore,FileSystemStorage,131072,1,131317,222617,197884
1779838595.442703,restore,FileSystemStorage,131072,1,131317,207771,186037
1779838595.445761,restore,FileSystemStorage,131072,1,131317,314015,241035
1779838595.449435,restore,FileSystemStorage,131072,1,131317,240956,204667
1779838595.452957,restore,FileSystemStorage,131072,1,131317,315489,244650
1779838595.456509,restore,FileSystemStorage,131072,1,131317,314038,242395
1779838595.459381,restore,FileSystemStorage,131072,1,131317,235055,194497
1779838595.462234,restore,FileSystemStorage,131072,1,131317,229240,196324
1779838595.465972,restore,FileSystemStorage,131072,1,131317,315251,238940
1779838595.469858,restore,FileSystemStorage,131072,1,131317,265423,216879
1779838595.472237,restore,FileSystemStorage,131072,1,131317,234028,203414
1779838595.475728,restore,FileSystemStorage,131072,1,131317,231396,205342
1779838595.479227,restore,FileSystemStorage,131072,1,131317,207532,182386
1779838595.482919,restore,FileSystemStorage,131072,1,131317,220643,188997
1779838595.486749,restore,FileSystemStorage,131072,1,131317,224242,181685
1779838595.491511,restore,FileSystemStorage,131072,1,131317,710711,630060
1779838595.495931,restore,FileSystemStorage,131072,1,131317,1019887,910722
1779838595.500197,restore,FileSystemStorage,131072,1,131317,836585,756759
1779838595.502796,restore,FileSystemStorage,131072,1,131317,254679,196667
1779838595.506579,restore,FileSystemStorage,131072,1,131317,430230,245419
1779838595.509560,restore,FileSystemStorage,131072,1,131317,254602,203746
1779838595.511988,restore,FileSystemStorage,131072,1,131317,383731,333869
1779838595.514086,restore,FileSystemStorage,131072,1,131317,188111,158786
1779838595.515847,restore,FileSystemStorage,131072,1,131317,222975,175798
1779838595.517938,restore,FileSystemStorage,131072,1,131317,171942,140147
1779838595.519958,restore,FileSystemStorage,131072,1,131317,430916,373719
1779838595.522450,restore,FileSystemStorage,131072,1,131317,294611,197122
1779838595.525307,restore,FileSystemStorage,131072,1,131317,285999,210899
1779838595.528630,restore,FileSystemStorage,131072,1,131317,544240,470723
1779838595.530943,restore,FileSystemStorage,131072,1,131317,244886,186454
1779838595.533903,restore,FileSystemStorage,131072,1,131317,207910,173865
1779838595.537349,restore,FileSystemStorage,131072,1,131317,287770,214469
1779838595.541574,restore,FileSystemStorage,131072,1,131317,283807,211102
1779838595.545158,restore,FileSystemStorage,131072,1,131317,447348,365981
1779838595.549661,restore,FileSystemStorage,131072,1,131317,299100,219071
1779838595.553118,restore,FileSystemStorage,131072,1,131317,737159,659198
1779838595.557076,restore,FileSystemStorage,131072,1,131317,622353,550580
1779838595.561052,restore,FileSystemStorage,131072,1,131317,612179,538651
1779838595.564890,restore,FileSystemStorage,131072,1,131317,590847,517744
1779838595.567896,restore,FileSystemStorage,131072,1,131317,283493,206720
1779838595.571659,restore,FileSystemStorage,131072,1,131317,291645,211714
1779838595.576320,restore,FileSystemStorage,131072,1,131317,592775,515355
1779838595.581348,restore,FileSystemStorage,131072,1,131317,604994,529435
1779838595.585780,restore,FileSystemStorage,131072,1,131317,631357,552900
1779838595.591085,restore,FileSystemStorage,131072,1,131317,471140,396575
1779838595.596047,restore,FileSystemStorage,131072,1,131317,963136,894865
1779838595.600518,restore,FileSystemStorage,131072,1,131317,758776,683964
1779838595.605004,restore,FileSystemStorage,131072,1,131317,589557,516746
1779838595.609949,restore,FileSystemStorage,131072,1,131317,603749,529526
1779838595.613898,restore,FileSystemStorage,131072,1,131317,423972,386107
1779838595.615125,restore,FileSystemStorage,131072,1,131317,291319,262461
1779838595.616877,restore,FileSystemStorage,131072,1,131317,328282,228468
1779838595.619215,restore,FileSystemStorage,131072,1,131317,262230,186419
1779838595.623379,restore,FileSystemStorage,131072,1,131317,774729,724365
1779838595.626132,restore,FileSystemStorage,131072,1,131317,549656,513904
1779838595.629192,restore,FileSystemStorage,131072,1,131317,589685,555000
1779838595.632449,restore,FileSystemStorage,131072,1,131317,871969,777003
1779838595.636866,restore,FileSystemStorage,131072,1,131317,689789,616408
1779838595.641299,restore,FileSystemStorage,131072,1,131317,609038,540555
1779838595.646895,restore,FileSystemStorage,131072,1,131317,449053,377500
1779838595.651840,restore,FileSystemStorage,131072,1,131317,1063660,1014931
1779838595.656894,restore,FileSystemStorage,131072,1,131317,699459,626389
1779838595.662154,restore,FileSystemStorage,131072,1,131317,680813,607360
1779838595.667730,restore,FileSystemStorage,131072,1,131317,1039835,964446
1779838595.672634,restore,FileSystemStorage,131072,1,131317,945588,870891
1779838595.677288,restore,FileSystemStorage,131072,1,131317,604126,535120
1779838595.682653,restore,FileSystemStorage,131072,1,131317,450211,382292
1779838595.687749,restore,FileSystemStorage,131072,1,131317,830130,735076
1779838595.692677,restore,FileSystemStorage,131072,1,131317,836160,761659
1779838595.695541,restore,FileSystemStorage,131072,1,131317,531158,465638
1779838595.699718,restore,FileSystemStorage,131072,1,131317,280054,210946
1779838595.704632,restore,FileSystemStorage,131072,1,131317,724840,673883
1779838595.709008,restore,FileSystemStorage,131072,1,131317,580699,512360
1779838595.712600,restore,FileSystemStorage,131072,1,131317,664434,588929
1779838595.714462,restore,FileSystemStorage,131072,1,131317,199046,160852
1779838595.715613,restore,FileSystemStorage,131072,1,131317,222473,168873
1779838595.716572,restore,FileSystemStorage,131072,1,131317,213114,184259
1779838595.718507,restore,FileSystemStorage,131072,1,131317,587533,563483
1779838595.720069,restore,FileSystemStorage,131072,1,131317,490340,464484
1779838595.722632,restore,FileSystemStorage,131072,1,131317,395981,368925
1779838595.724988,restore,FileSystemStorage,131072,1,131317,279179,210709
1779838595.728949,restore,FileSystemStorage,131072,1,131317,631568,559244
1779838595.733847,restore,FileSystemStorage,131072,1,131317,413681,345025
1779838595.738297,restore,FileSystemStorage,131072,1,131317,623090,552972
1779838595.742847,restore,FileSystemStorage,131072,1,131317,289037,221589
1779838595.745371,restore,FileSystemStorage,131072,1,131317,203672,163240
1779838595.750515,restore,FileSystemStorage,131072,1,131317,606781,537530
1779838595.754864,restore,FileSystemStorage,131072,1,131317,457886,387932
1779838595.759687,restore,FileSystemStorage,131072,1,131317,271348,200950
1779838595.763692,restore,FileSystemStorage,131072,1,131317,744443,672079
1779838595.767736,restore,FileSystemStorage,131072,1,131317,673235,616704
1779838595.772503,restore,FileSystemStorage,131072,1,131317,663808,589561
1779838595.775907,restore,FileSystemStorage,131072,1,131317,948655,864394
1779838595.780060,restore,FileSystemStorage,131072,1,131317,750619,669430
1779838595.783597,restore,FileSystemStorage,131072,1,131317,576812,507180
1779838601.038758,spill,FileSystemStorage,262144,2,524778,780863,254744
1779838601.038800,spill,FileSystemStorage,262144,2,524778,803964,271250
1779838601.039466,spill,FileSystemStorage,262144,6,1574334,1360416,706931
1779838601.040343,spill,FileSystemStorage,262144,1,262389,339149,133270
1779838601.040470,spill,FileSystemStorage,262144,4,1049556,770076,444085
1779838601.041203,spill,FileSystemStorage,262144,6,1574334,1033617,651569
1779838601.041271,spill,FileSystemStorage,262144,1,262389,406680,128084
1779838601.041591,spill,FileSystemStorage,262144,3,787167,652099,327366
1779838601.042104,spill,FileSystemStorage,262144,2,524778,452692,233302
1779838601.042170,spill,FileSystemStorage,262144,2,524778,425349,243945
1779838601.043750,spill,FileSystemStorage,262144,1,262389,1820006,115490
1779838601.044317,spill,FileSystemStorage,262144,2,524778,397881,211696
1779838601.044492,spill,FileSystemStorage,262144,1,262389,259237,108057
1779838601.045334,spill,FileSystemStorage,262144,4,1049556,782373,468071
1779838601.045352,spill,FileSystemStorage,262144,1,262389,291186,142623
1779838601.045394,spill,FileSystemStorage,262144,1,262389,269538,130491
1779838601.046105,spill,FileSystemStorage,262144,1,262389,262499,119935
1779838601.046408,spill,FileSystemStorage,262144,1,262389,348023,143941
1779838601.046412,spill,FileSystemStorage,262144,2,524778,477893,255682
1779838601.046754,spill,FileSystemStorage,262144,1,262389,266713,124952
1779838601.047218,spill,FileSystemStorage,262144,1,262389,309337,131050
1779838601.047251,spill,FileSystemStorage,262144,2,524778,514813,278415
1779838601.047553,spill,FileSystemStorage,262144,2,524778,452720,232958
1779838601.047877,spill,FileSystemStorage,262144,1,262389,301908,112816
1779838601.048167,spill,FileSystemStorage,262144,1,262389,264403,127199
1779838601.048443,spill,FileSystemStorage,262144,3,787167,656201,362825
1779838601.048702,spill,FileSystemStorage,262144,1,262389,250162,124502
1779838601.048977,spill,FileSystemStorage,262144,4,1049556,769769,489313
1779838601.049042,spill,FileSystemStorage,262144,1,262389,273008,113234
1779838601.049390,spill,FileSystemStorage,262144,2,524778,435534,240300
1779838601.049673,spill,FileSystemStorage,262144,1,262389,275926,135992
1779838601.049794,spill,FileSystemStorage,262144,2,524778,459179,236007
1779838601.050154,spill,FileSystemStorage,262144,2,524778,442298,256112
1779838601.050229,spill,FileSystemStorage,262144,1,262389,254412,118339
1779838601.050703,spill,FileSystemStorage,262144,3,787167,604049,346586
1779838601.050748,spill,FileSystemStorage,262144,1,262389,286244,119978
1779838601.051068,spill,FileSystemStorage,262144,2,524778,481928,257168
1779838601.051588,spill,FileSystemStorage,262144,2,524778,516809,230463
1779838601.051760,spill,FileSystemStorage,262144,2,524778,526951,247211
1779838601.052117,spill,FileSystemStorage,262144,1,262389,339565,150425
1779838601.052265,spill,FileSystemStorage,262144,1,262389,278229,133322
1779838601.052345,spill,FileSystemStorage,262144,1,262389,268780,126426
1779838601.052874,spill,FileSystemStorage,262144,1,262389,285965,143964
1779838601.052919,spill,FileSystemStorage,262144,1,262389,337495,147982
1779838601.053198,spill,FileSystemStorage,262144,2,524778,502514,266415
1779838601.053433,spill,FileSystemStorage,262144,1,262389,259583,136059
1779838601.053555,spill,FileSystemStorage,262144,1,262389,267041,122962
1779838601.053976,spill,FileSystemStorage,262144,1,262389,272502,134843
1779838601.054106,spill,FileSystemStorage,262144,2,524778,563411,266624
1779838601.054338,spill,FileSystemStorage,262144,2,524778,512043,262568
1779838601.054495,spill,FileSystemStorage,262144,1,262389,281736,136642
1779838601.054857,spill,FileSystemStorage,262144,1,262389,271565,127735
1779838601.055013,spill,FileSystemStorage,262144,2,524778,543156,277722
1779838601.055435,spill,FileSystemStorage,262144,3,787167,673485,414013
1779838601.055634,spill,FileSystemStorage,262144,1,262389,274047,125668
1779838601.055767,spill,FileSystemStorage,262144,1,262389,321930,141214
1779838601.056172,spill,FileSystemStorage,262144,1,262389,304589,146480
1779838601.056362,spill,FileSystemStorage,262144,2,524778,452382,274961
1779838601.056619,spill,FileSystemStorage,262144,1,262389,254332,123856
1779838601.056891,spill,FileSystemStorage,262144,1,262389,284909,156989
1779838601.056906,spill,FileSystemStorage,262144,2,524778,456209,261228
1779838601.057179,spill,FileSystemStorage,262144,1,262389,256061,126979
1779838601.057548,spill,FileSystemStorage,262144,2,524778,445468,263011
1779838601.057711,spill,FileSystemStorage,262144,1,262389,263463,136746
1779838601.057731,spill,FileSystemStorage,262144,2,524778,478195,277720
1779838601.058041,spill,FileSystemStorage,262144,1,262389,259133,126247
1779838601.058273,spill,FileSystemStorage,262144,1,262389,266551,135485
1779838601.058430,spill,FileSystemStorage,262144,2,524778,465669,271963
1779838601.058511,spill,FileSystemStorage,262144,1,262389,256255,132621
1779838601.059006,spill,FileSystemStorage,262144,1,262389,303384,152046
1779838601.059031,spill,FileSystemStorage,262144,2,524778,533098,321645
1779838601.059049,spill,FileSystemStorage,262144,1,262389,302537,171432
1779838601.059575,spill,FileSystemStorage,262144,1,262389,286747,142450
1779838601.059700,spill,FileSystemStorage,262144,1,262389,279079,139151
1779838601.059796,spill,FileSystemStorage,262144,2,524778,439124,261758
1779838601.060160,spill,FileSystemStorage,262144,1,262389,285960,132304
1779838601.060337,spill,FileSystemStorage,262144,1,262389,286600,147254
1779838601.060558,spill,FileSystemStorage,262144,2,524778,453785,250974
1779838601.060655,spill,FileSystemStorage,262144,1,262389,265365,128470
1779838601.061068,spill,FileSystemStorage,262144,2,524778,476684,275359
1779838601.061139,spill,FileSystemStorage,262144,1,262389,291015,153152
1779838601.061397,spill,FileSystemStorage,262144,2,524778,489405,279309
1779838601.061808,spill,FileSystemStorage,262144,2,524778,421404,241978
1779838601.062070,spill,FileSystemStorage,262144,1,262389,300956,142173
1779838601.062152,spill,FileSystemStorage,262144,2,524778,718613,241515
1779838601.062482,spill,FileSystemStorage,262144,1,262389,283081,133089
1779838601.062656,spill,FileSystemStorage,262144,1,262389,258857,127012
1779838601.062731,spill,FileSystemStorage,262144,1,262389,259419,125628
1779838601.063249,spill,FileSystemStorage,262144,2,524778,491165,273894
1779838601.063311,spill,FileSystemStorage,262144,1,262389,300942,139307
1779838601.063336,spill,FileSystemStorage,262144,1,262389,294762,141881
1779838601.063898,spill,FileSystemStorage,262144,1,262389,257667,135017
1779838601.063907,spill,FileSystemStorage,262144,1,262389,297141,154428
1779838601.064030,spill,FileSystemStorage,262144,2,524778,466746,256038
1779838601.064369,spill,FileSystemStorage,262144,1,262389,250449,129874
1779838601.064423,spill,FileSystemStorage,262144,1,262389,257140,126136
1779838601.064697,spill,FileSystemStorage,262144,1,262389,251421,125138
1779838601.064876,spill,FileSystemStorage,262144,1,262389,261309,119831
1779838601.065121,spill,FileSystemStorage,262144,1,262389,244079,122813
1779838601.065392,spill,FileSystemStorage,262144,1,262389,269645,143302
1779838601.065427,spill,FileSystemStorage,262144,2,524778,455362,256607
1779838601.065619,spill,FileSystemStorage,262144,1,262389,255533,134549
1779838601.066009,spill,FileSystemStorage,262144,1,262389,292174,150112
1779838601.066259,spill,FileSystemStorage,262144,3,787167,611070,379205
1779838601.066705,spill,FileSystemStorage,262144,3,787167,647880,406291
1779838601.066949,spill,FileSystemStorage,262144,3,787167,683853,445850
1779838601.067042,spill,FileSystemStorage,262144,2,524778,493062,307718
1779838601.067252,spill,FileSystemStorage,262144,1,262389,288548,119184
1779838601.067728,spill,FileSystemStorage,262144,1,262389,304787,156455
1779838601.067780,spill,FileSystemStorage,262144,1,262389,248664,123507
1779838601.067806,spill,FileSystemStorage,262144,2,524778,467915,279233
1779838601.068254,spill,FileSystemStorage,262144,1,262389,235189,127955
1779838601.068396,spill,FileSystemStorage,262144,2,524778,444435,264973
1779838601.068420,spill,FileSystemStorage,262144,1,262389,283758,146843
1779838601.068723,spill,FileSystemStorage,262144,1,262389,233234,115472
1779838601.069253,spill,FileSystemStorage,262144,1,262389,248768,131959
1779838601.069397,spill,FileSystemStorage,262144,3,787167,657717,428402
1779838601.069455,spill,FileSystemStorage,262144,4,1049556,775012,513308
1779838601.069910,spill,FileSystemStorage,262144,2,524778,423872,249686
1779838601.069921,spill,FileSystemStorage,262144,1,262389,279944,145776
1779838601.070137,spill,FileSystemStorage,262144,2,524778,430376,252259
1779838601.070479,spill,FileSystemStorage,262144,1,262389,264955,130007
1779838601.070658,spill,FileSystemStorage,262144,1,262389,243376,128931
1779838601.070706,spill,FileSystemStorage,262144,2,524778,448040,277154
1779838601.071195,spill,FileSystemStorage,262144,1,262389,290507,134764
1779838601.071211,spill,FileSystemStorage,262144,2,524778,501996,295828
1779838601.071453,spill,FileSystemStorage,262144,2,524778,439752,250423
1779838601.071788,spill,FileSystemStorage,262144,1,262389,290065,144826
1779838601.071827,spill,FileSystemStorage,262144,1,262389,257176,129690
1779838601.071978,spill,FileSystemStorage,262144,1,262389,264390,121882
1779838601.072339,spill,FileSystemStorage,262144,1,262389,237161,133136
1779838601.072371,spill,FileSystemStorage,262144,1,262389,313765,159475
1779838601.072482,spill,FileSystemStorage,262144,1,262389,250925,127995
1779838601.072774,spill,FileSystemStorage,262144,1,262389,239002,121568
1779838601.072965,spill,FileSystemStorage,262144,1,262389,309899,151278
1779838601.072998,spill,FileSystemStorage,262144,1,262389,272468,133789
1779838601.073241,spill,FileSystemStorage,262144,1,262389,256499,126133
1779838601.073512,spill,FileSystemStorage,262144,1,262389,281806,146340
1779838601.073564,spill,FileSystemStorage,262144,1,262389,294397,156936
1779838601.073668,spill,FileSystemStorage,262144,1,262389,244819,115326
1779838601.074220,spill,FileSystemStorage,262144,1,262389,277650,135986
1779838601.074256,spill,FileSystemStorage,262144,1,262389,268657,131248
1779838601.074403,spill,FileSystemStorage,262144,2,524778,482320,283670
1779838601.074830,spill,FileSystemStorage,262144,1,262389,259308,135713
1779838601.074887,spill,FileSystemStorage,262144,2,524778,453736,268581
1779838601.075047,spill,FileSystemStorage,262144,1,262389,311459,144475
1779838601.075687,spill,FileSystemStorage,262144,1,262389,275776,127897
1779838601.075936,spill,FileSystemStorage,262144,1,262389,269218,136481
1779838601.076069,spill,FileSystemStorage,262144,2,524778,434227,253649
1779838601.076314,spill,FileSystemStorage,262144,1,262389,264974,124909
1779838601.076636,spill,FileSystemStorage,262144,1,262389,277743,143155
1779838601.076823,spill,FileSystemStorage,262144,1,262389,258852,124123
1779838601.076941,spill,FileSystemStorage,262144,1,262389,267809,122316
1779838601.077581,spill,FileSystemStorage,262144,1,262389,509665,134797
1779838601.077583,spill,FileSystemStorage,262144,1,262389,345120,133191
1779838601.078014,spill,FileSystemStorage,262144,2,524778,444170,241250
1779838601.078704,spill,FileSystemStorage,262144,1,262389,266786,137380
1779838601.078775,spill,FileSystemStorage,262144,1,262389,269533,128372
1779838601.078835,spill,FileSystemStorage,262144,2,524778,465784,266154
1779838601.079457,spill,FileSystemStorage,262144,1,262389,278352,140370
1779838601.079557,spill,FileSystemStorage,262144,1,262389,278800,137596
1779838601.079999,spill,FileSystemStorage,262144,5,1311945,908726,613453
1779838601.080229,spill,FileSystemStorage,262144,1,262389,279328,129094
1779838601.080572,spill,FileSystemStorage,262144,1,262389,317179,139234
1779838601.080838,spill,FileSystemStorage,262144,2,524778,448147,241121
1779838601.080903,spill,FileSystemStorage,262144,1,262389,319252,126264
1779838601.081130,spill,FileSystemStorage,262144,1,262389,263697,128204
1779838601.081379,spill,FileSystemStorage,262144,1,262389,270204,136445
1779838601.081630,spill,FileSystemStorage,262144,2,524778,470962,284663
1779838601.081661,spill,FileSystemStorage,262144,1,262389,264580,130089
1779838601.082049,spill,FileSystemStorage,262144,2,524778,409756,242825
1779838601.082193,spill,FileSystemStorage,262144,1,262389,266900,124434
1779838601.082454,spill,FileSystemStorage,262144,2,524778,467260,269439
1779838601.082789,spill,FileSystemStorage,262144,2,524778,477218,254632
1779838601.082921,spill,FileSystemStorage,262144,2,524778,478989,289292
1779838601.083358,spill,FileSystemStorage,262144,1,262389,265276,128284
1779838601.083432,spill,FileSystemStorage,262144,3,787167,686513,416441
1779838601.083731,spill,FileSystemStorage,262144,1,262389,274329,127027
1779838601.083801,spill,FileSystemStorage,262144,1,262389,238559,126344
1779838601.084068,spill,FileSystemStorage,262144,1,262389,302895,151776
1779838601.084333,spill,FileSystemStorage,262144,1,262389,267250,137693
1779838601.084752,spill,FileSystemStorage,262144,1,262389,299731,146202
1779838601.084845,spill,FileSystemStorage,262144,1,262389,259856,142030
1779838601.084870,spill,FileSystemStorage,262144,3,787167,647380,405775
1779838601.085268,spill,FileSystemStorage,262144,1,262389,270670,126151
1779838601.085523,spill,FileSystemStorage,262144,2,524778,448311,269465
1779838601.085679,spill,FileSystemStorage,262144,2,524778,485441,274309
1779838601.086122,spill,FileSystemStorage,262144,2,524778,500595,299798
1779838601.086296,spill,FileSystemStorage,262144,2,524778,487244,288179
1779838601.086389,spill,FileSystemStorage,262144,2,524778,448489,258478
1779838601.086681,spill,FileSystemStorage,262144,1,262389,287104,136577
1779838601.086852,spill,FileSystemStorage,262144,1,262389,265991,122913
1779838601.087276,spill,FileSystemStorage,262144,1,262389,346165,132421
1779838601.087387,spill,FileSystemStorage,262144,1,262389,265665,130427
1779838601.087397,spill,FileSystemStorage,262144,3,787167,693409,451132
1779838601.087782,spill,FileSystemStorage,262144,1,262389,245252,117936
1779838601.088084,spill,FileSystemStorage,262144,1,262389,287834,141594
1779838601.088257,spill,FileSystemStorage,262144,2,524778,493934,280648
1779838601.088545,spill,FileSystemStorage,262144,1,262389,239406,126893
1779838601.088591,spill,FileSystemStorage,262144,2,524778,475624,274462
1779838601.088836,spill,FileSystemStorage,262144,1,262389,271551,135223
1779838601.089127,spill,FileSystemStorage,262144,1,262389,251790,126388
1779838601.089424,spill,FileSystemStorage,262144,2,524778,481787,287607
1779838601.089540,spill,FileSystemStorage,262144,2,524778,447090,253289
1779838601.090056,spill,FileSystemStorage,262144,3,787167,637464,393025
1779838601.090142,spill,FileSystemStorage,262144,1,262389,260257,126288
1779838601.090228,spill,FileSystemStorage,262144,1,262389,304836,155372
1779838601.090614,spill,FileSystemStorage,262144,1,262389,252786,125592
1779838601.090730,spill,FileSystemStorage,262144,2,524778,455171,267487
1779838601.091105,spill,FileSystemStorage,262144,2,524778,520168,282610
1779838601.091201,spill,FileSystemStorage,262144,1,262389,295158,135220
1779838601.091524,spill,FileSystemStorage,262144,2,524778,466106,258755
1779838601.092170,spill,FileSystemStorage,262144,2,524778,514917,275184
1779838601.092337,spill,FileSystemStorage,262144,1,262389,267334,131991
1779838601.092526,spill,FileSystemStorage,262144,5,1311945,957176,639690
1779838601.092947,spill,FileSystemStorage,262144,1,262389,395182,154512
1779838601.093114,spill,FileSystemStorage,262144,2,524778,497498,279317
1779838601.093346,spill,FileSystemStorage,262144,2,524778,431517,251905
1779838601.093549,spill,FileSystemStorage,262144,1,262389,290223,146075
1779838601.093915,spill,FileSystemStorage,262144,2,524778,453601,254660
1779838601.093987,spill,FileSystemStorage,262144,1,262389,279698,130719
1779838601.094233,spill,FileSystemStorage,262144,2,524778,438383,253055
1779838601.094719,spill,FileSystemStorage,262144,1,262389,258429,136095
1779838601.094711,spill,FileSystemStorage,262144,2,524778,487094,283670
1779838601.094846,spill,FileSystemStorage,262144,2,524778,429035,255157
1779838601.095477,spill,FileSystemStorage,262144,1,262389,313525,152184
1779838601.095918,spill,FileSystemStorage,262144,3,787167,596633,374371
1779838601.096009,spill,FileSystemStorage,262144,3,787167,629465,388411
1779838601.096518,spill,FileSystemStorage,262144,1,262389,275516,137786
1779838601.096531,spill,FileSystemStorage,262144,1,262389,376956,177438
1779838601.097374,spill,FileSystemStorage,262144,2,524778,423264,266537
1779838601.097429,spill,FileSystemStorage,262144,5,1311945,997420,650658
1779838601.097448,spill,FileSystemStorage,262144,2,524778,573256,327197
1779838601.097891,spill,FileSystemStorage,262144,1,262389,230408,125068
1779838601.098141,spill,FileSystemStorage,262144,1,262389,364885,171981
1779838601.098197,spill,FileSystemStorage,262144,1,262389,284433,133040
1779838601.098814,spill,FileSystemStorage,262144,2,524778,421832,252162
1779838601.099097,spill,FileSystemStorage,262144,2,524778,515465,301719
1779838601.099116,spill,FileSystemStorage,262144,1,262389,410245,214838
1779838601.099842,spill,FileSystemStorage,262144,2,524778,560593,272540
1779838601.099924,spill,FileSystemStorage,262144,1,262389,360747,184042
1779838601.100097,spill,FileSystemStorage,262144,2,524778,475743,284370
1779838601.100600,spill,FileSystemStorage,262144,1,262389,344585,170713
1779838601.100666,spill,FileSystemStorage,262144,1,262389,286986,134276
1779838601.101193,spill,FileSystemStorage,262144,2,524778,432656,239656
1779838601.101491,spill,FileSystemStorage,262144,1,262389,533102,133785
1779838601.101560,spill,FileSystemStorage,262144,1,262389,638065,186152
1779838601.102724,spill,FileSystemStorage,262144,1,262389,247096,119622
1779838601.103115,spill,FileSystemStorage,262144,1,262389,328772,162478
1779838601.103669,spill,FileSystemStorage,262144,4,1049556,914400,561893
1779838601.104463,spill,FileSystemStorage,262144,1,262389,275110,128282
1779838601.104898,spill,FileSystemStorage,262144,2,524778,441812,260166
1779838601.104973,spill,FileSystemStorage,262144,1,262389,349187,169387
1779838601.105554,spill,FileSystemStorage,262144,3,787167,552930,347065
1779838601.105701,spill,FileSystemStorage,262144,1,262389,334790,164095
1779838601.106174,spill,FileSystemStorage,262144,2,524778,454044,257787
1779838601.106571,spill,FileSystemStorage,262144,2,524778,503254,265553
1779838601.106682,spill,FileSystemStorage,262144,1,262389,352660,167007
1779838601.107092,spill,FileSystemStorage,262144,1,262389,295781,146299
1779838601.107522,spill,FileSystemStorage,262144,2,524778,489565,263031
1779838601.107628,spill,FileSystemStorage,262144,1,262389,308326,147823
1779838601.108300,spill,FileSystemStorage,262144,1,262389,264621,122413
1779838601.108700,spill,FileSystemStorage,262144,1,262389,339129,125671
1779838601.109050,spill,FileSystemStorage,262144,1,262389,296202,136681
1779838601.109222,spill,FileSystemStorage,262144,3,787167,596217,381593
1779838601.109906,spill,FileSystemStorage,262144,1,262389,267745,126045
1779838601.110179,spill,FileSystemStorage,262144,2,524778,404491,235897
1779838601.110270,spill,FileSystemStorage,262144,1,262389,279727,128257
1779838601.110605,spill,FileSystemStorage,262144,1,262389,255609,122465
1779838601.110819,spill,FileSystemStorage,262144,1,262389,277712,150232
1779838601.111350,spill,FileSystemStorage,262144,2,524778,459497,233540
1779838601.111609,spill,FileSystemStorage,262144,1,262389,449245,126154
1779838601.112412,spill,FileSystemStorage,262144,1,262389,592369,157709
1779838601.112473,spill,FileSystemStorage,262144,1,262389,247603,119803
1779838601.112848,spill,FileSystemStorage,262144,1,262389,365952,127149
1779838601.113624,spill,FileSystemStorage,262144,1,262389,267655,126215
1779838601.113715,spill,FileSystemStorage,262144,1,262389,326616,152966
1779838601.114278,spill,FileSystemStorage,262144,4,1049556,729344,469384
1779838601.114995,spill,FileSystemStorage,262144,1,262389,364230,155435
1779838601.115027,spill,FileSystemStorage,262144,1,262389,430812,213840
1779838601.115080,spill,FileSystemStorage,262144,1,262389,314722,157543
1779838601.115589,spill,FileSystemStorage,262144,1,262389,251225,119927
1779838601.116258,spill,FileSystemStorage,262144,2,524778,544353,313233
1779838601.116697,spill,FileSystemStorage,262144,2,524778,447453,246104
1779838601.117018,spill,FileSystemStorage,262144,2,524778,462480,259403
1779838601.117399,spill,FileSystemStorage,262144,2,524778,573104,329025
1779838601.117589,spill,FileSystemStorage,262144,1,262389,258464,135060
1779838601.118091,spill,FileSystemStorage,262144,1,262389,339199,144135
1779838601.118304,spill,FileSystemStorage,262144,1,262389,268356,126937
1779838601.118777,spill,FileSystemStorage,262144,2,524778,556635,317678
1779838601.119170,spill,FileSystemStorage,262144,1,262389,365588,141113
1779838601.119262,spill,FileSystemStorage,262144,1,262389,263972,130763
1779838601.119804,spill,FileSystemStorage,262144,1,262389,241859,120542
1779838601.120065,spill,FileSystemStorage,262144,1,262389,288005,136367
1779838601.120089,spill,FileSystemStorage,262144,1,262389,338280,159911
1779838601.120643,spill,FileSystemStorage,262144,1,262389,244034,122802
1779838601.121040,spill,FileSystemStorage,262144,1,262389,299503,143191
1779838601.121182,spill,FileSystemStorage,262144,1,262389,359572,180431
1779838601.121476,spill,FileSystemStorage,262144,1,262389,238296,122072
1779838601.121907,spill,FileSystemStorage,262144,1,262389,361164,178976
1779838601.122000,spill,FileSystemStorage,262144,3,787167,619381,391165
1779838601.122029,spill,FileSystemStorage,262144,1,262389,252480,129146
1779838601.122707,spill,FileSystemStorage,262144,2,524778,409282,241430
1779838601.122903,spill,FileSystemStorage,262144,1,262389,311820,162030
1779838601.123020,spill,FileSystemStorage,262144,1,262389,348325,168976
1779838601.124046,spill,FileSystemStorage,262144,1,262389,268909,136765
1779838601.124045,spill,FileSystemStorage,262144,1,262389,351312,160746
1779838601.124083,spill,FileSystemStorage,262144,2,524778,726410,254500
1779838601.125057,spill,FileSystemStorage,262144,2,524778,535699,273821
1779838601.125053,spill,FileSystemStorage,262144,1,262389,343057,165188
1779838601.125113,spill,FileSystemStorage,262144,2,524778,471474,272640
1779838601.125708,spill,FileSystemStorage,262144,1,262389,282785,139608
1779838601.125893,spill,FileSystemStorage,262144,1,262389,331740,167466
1779838601.126157,spill,FileSystemStorage,262144,1,262389,271700,130152
1779838601.126361,spill,FileSystemStorage,262144,1,262389,241765,132377
1779838601.126719,spill,FileSystemStorage,262144,1,262389,350587,180651
1779838601.127177,spill,FileSystemStorage,262144,2,524778,512625,333801
1779838601.127220,spill,FileSystemStorage,262144,4,1049556,799640,539262
1779838601.127647,spill,FileSystemStorage,262144,2,524778,573166,326369
1779838601.127816,spill,FileSystemStorage,262144,1,262389,279281,138426
1779838601.128156,spill,FileSystemStorage,262144,1,262389,296695,144223
1779838601.128666,spill,FileSystemStorage,262144,1,262389,246248,139342
1779838601.128735,spill,FileSystemStorage,262144,3,787167,606651,386387
1779838601.128799,spill,FileSystemStorage,262144,2,524778,577258,336491
1779838601.129256,spill,FileSystemStorage,262144,1,262389,254996,128262
1779838601.129384,spill,FileSystemStorage,262144,1,262389,311268,144441
1779838601.129748,spill,FileSystemStorage,262144,1,262389,250180,135027
1779838601.129977,spill,FileSystemStorage,262144,2,524778,587692,324575
1779838601.130071,spill,FileSystemStorage,262144,1,262389,299535,125964
1779838601.130348,spill,FileSystemStorage,262144,1,262389,251739,125470
1779838601.130704,spill,FileSystemStorage,262144,1,262389,271801,131981
1779838601.130854,spill,FileSystemStorage,262144,1,262389,263190,138128
1779838601.131172,spill,FileSystemStorage,262144,2,524778,617812,372618
1779838601.131237,spill,FileSystemStorage,262144,1,262389,241335,126297
1779838601.131857,spill,FileSystemStorage,262144,3,787167,592030,365417
1779838601.132037,spill,FileSystemStorage,262144,1,262389,221144,118717
1779838601.132377,spill,FileSystemStorage,262144,1,262389,384207,173338
1779838601.132567,spill,FileSystemStorage,262144,2,524778,427723,259119
1779838601.132582,spill,FileSystemStorage,262144,1,262389,278100,155316
1779838601.133370,spill,FileSystemStorage,262144,1,262389,244597,125382
1779838601.133438,spill,FileSystemStorage,262144,1,262389,245487,123987
1779838601.133840,spill,FileSystemStorage,262144,2,524778,579716,317047
1779838601.133871,spill,FileSystemStorage,262144,1,262389,235361,132032
1779838601.134166,spill,FileSystemStorage,262144,1,262389,239268,125331
1779838601.134587,spill,FileSystemStorage,262144,1,262389,233933,125066
1779838601.134724,spill,FileSystemStorage,262144,1,262389,316533,167190
1779838601.135039,spill,FileSystemStorage,262144,3,787167,632413,403491
1779838601.135291,spill,FileSystemStorage,262144,1,262389,273665,138414
1779838601.135795,spill,FileSystemStorage,262144,2,524778,546759,322701
1779838601.135906,spill,FileSystemStorage,262144,1,262389,266133,127251
1779838601.136245,spill,FileSystemStorage,262144,2,524778,425203,258848
1779838601.136667,spill,FileSystemStorage,262144,1,262389,253082,137751
1779838601.136678,spill,FileSystemStorage,262144,1,262389,361942,175889
1779838601.136825,spill,FileSystemStorage,262144,1,262389,258132,126189
1779838601.137198,spill,FileSystemStorage,262144,1,262389,255956,121740
1779838601.137482,spill,FileSystemStorage,262144,2,524778,405659,254223
1779838601.137681,spill,FileSystemStorage,262144,1,262389,270089,141858
1779838601.137755,spill,FileSystemStorage,262144,1,262389,366649,179633
1779838601.137986,spill,FileSystemStorage,262144,1,262389,246492,120562
1779838601.138489,spill,FileSystemStorage,262144,1,262389,230142,130796
1779838601.138624,spill,FileSystemStorage,262144,2,524778,465521,271840
1779838601.139070,spill,FileSystemStorage,262144,2,524778,660576,374274
1779838601.139090,spill,FileSystemStorage,262144,1,262389,300659,159343
1779838601.139688,spill,FileSystemStorage,262144,1,262389,629160,124265
1779838601.141077,spill,FileSystemStorage,262144,2,524778,407380,245282
1779838601.141212,spill,FileSystemStorage,262144,1,262389,276766,127193
1779838601.141439,spill,FileSystemStorage,262144,1,262389,353585,170110
1779838601.142007,spill,FileSystemStorage,262144,1,262389,246348,126180
1779838601.142396,spill,FileSystemStorage,262144,1,262389,253611,126073
1779838601.142527,spill,FileSystemStorage,262144,1,262389,313032,139932
1779838601.143030,spill,FileSystemStorage,262144,1,262389,310037,159481
1779838601.143417,spill,FileSystemStorage,262144,2,524778,525260,251010
1779838601.143832,spill,FileSystemStorage,262144,1,262389,359382,177978
1779838601.144978,spill,FileSystemStorage,262144,1,262389,247192,130584
1779838601.145053,spill,FileSystemStorage,262144,2,524778,443603,258732
1779838601.145743,spill,FileSystemStorage,262144,2,524778,551174,322595
1779838601.146011,spill,FileSystemStorage,262144,1,262389,250372,135772
1779838601.146101,spill,FileSystemStorage,262144,1,262389,274539,140734
1779838601.146618,spill,FileSystemStorage,262144,2,524778,524328,309623
1779838601.147052,spill,FileSystemStorage,262144,1,262389,284353,146185
1779838601.147197,spill,FileSystemStorage,262144,1,262389,304164,132900
1779838601.147441,spill,FileSystemStorage,262144,1,262389,315281,138818
1779838601.148263,spill,FileSystemStorage,262144,1,262389,354679,132499
1779838601.148266,spill,FileSystemStorage,262144,1,262389,368080,147961
1779838601.149235,spill,FileSystemStorage,262144,2,524778,737500,246920
1779838601.149516,spill,FileSystemStorage,262144,1,262389,399822,132238
1779838601.149956,spill,FileSystemStorage,262144,1,262389,292462,121295
1779838601.150586,spill,FileSystemStorage,262144,2,524778,667659,326850
1779838601.150997,spill,FileSystemStorage,262144,1,262389,297090,141236
1779838601.151048,spill,FileSystemStorage,262144,1,262389,293708,170490
1779838601.151812,spill,FileSystemStorage,262144,1,262389,346759,166693
1779838601.152283,spill,FileSystemStorage,262144,1,262389,260294,126100
1779838601.152735,spill,FileSystemStorage,262144,1,262389,467785,146538
1779838601.153399,spill,FileSystemStorage,262144,2,524778,641046,303321
1779838601.153453,spill,FileSystemStorage,262144,1,262389,274486,126500
1779838601.153874,spill,FileSystemStorage,262144,1,262389,596694,132022
1779838601.154133,spill,FileSystemStorage,262144,1,262389,247269,131407
1779838601.154449,spill,FileSystemStorage,262144,1,262389,260609,129362
1779838601.154515,spill,FileSystemStorage,262144,2,524778,538426,308916
1779838601.155020,spill,FileSystemStorage,262144,1,262389,292934,153960
1779838601.155367,spill,FileSystemStorage,262144,2,524778,483661,266641
1779838601.155384,spill,FileSystemStorage,262144,1,262389,345045,172835
1779838601.156250,spill,FileSystemStorage,262144,2,524778,445564,256488
1779838601.156449,spill,FileSystemStorage,262144,1,262389,300249,139589
1779838601.156483,spill,FileSystemStorage,262144,1,262389,297049,131342
1779838601.156940,spill,FileSystemStorage,262144,1,262389,229228,118870
1779838601.157367,spill,FileSystemStorage,262144,1,262389,317597,156695
1779838601.157756,spill,FileSystemStorage,262144,1,262389,340990,148072
1779838601.157923,spill,FileSystemStorage,262144,2,524778,483335,256317
1779838601.158678,spill,FileSystemStorage,262144,3,787167,633576,371701
1779838601.159159,spill,FileSystemStorage,262144,3,787167,678263,419306
1779838601.159257,spill,FileSystemStorage,262144,3,787167,773850,501661
1779838601.160463,spill,FileSystemStorage,262144,1,262389,346924,141760
1779838601.160581,spill,FileSystemStorage,262144,2,524778,601542,267431
1779838601.160593,spill,FileSystemStorage,262144,2,524778,804768,269647
1779838601.161295,spill,FileSystemStorage,262144,1,262389,447352,160440
1779838601.161650,spill,FileSystemStorage,262144,1,262389,299407,133366
1779838601.161663,spill,FileSystemStorage,262144,1,262389,385162,156937
1779838601.162601,spill,FileSystemStorage,262144,1,262389,683909,174948
1779838601.162615,spill,FileSystemStorage,262144,1,262389,262571,129798
1779838601.162708,spill,FileSystemStorage,262144,2,524778,725775,251068
1779838601.163566,spill,FileSystemStorage,262144,1,262389,257977,133307
1779838601.163891,spill,FileSystemStorage,262144,2,524778,485562,271177
1779838601.163975,spill,FileSystemStorage,262144,1,262389,262254,123875
1779838601.164790,spill,FileSystemStorage,262144,2,524778,437268,246783
1779838601.164937,spill,FileSystemStorage,262144,1,262389,266418,138161
1779838601.165287,spill,FileSystemStorage,262144,2,524778,532610,301083
1779838601.165551,spill,FileSystemStorage,262144,1,262389,244776,120712
1779838601.165948,spill,FileSystemStorage,262144,1,262389,260912,131189
1779838601.166388,spill,FileSystemStorage,262144,1,262389,350364,169647
1779838601.166614,spill,FileSystemStorage,262144,2,524778,417267,245427
1779838601.166900,spill,FileSystemStorage,262144,2,524778,463695,275976
1779838601.167248,spill,FileSystemStorage,262144,1,262389,337841,143405
1779838601.167301,spill,FileSystemStorage,262144,2,524778,551939,323435
1779838601.168152,spill,FileSystemStorage,262144,1,262389,276750,132646
1779838601.168408,spill,FileSystemStorage,262144,1,262389,332046,167223
1779838601.168716,spill,FileSystemStorage,262144,1,262389,266557,122255
1779838601.169819,spill,FileSystemStorage,262144,2,524778,427766,247335
1779838601.170199,spill,FileSystemStorage,262144,1,262389,355957,177978
1779838601.170550,spill,FileSystemStorage,262144,1,262389,256888,119224
1779838601.170744,spill,FileSystemStorage,262144,1,262389,266989,128945
1779838601.171056,spill,FileSystemStorage,262144,1,262389,378546,203102
1779838601.171149,spill,FileSystemStorage,262144,1,262389,266025,122452
1779838601.172243,spill,FileSystemStorage,262144,2,524778,442415,265597
1779838601.172346,spill,FileSystemStorage,262144,3,787167,658031,388637
1779838601.172412,spill,FileSystemStorage,262144,2,524778,569825,332611
1779838601.173403,spill,FileSystemStorage,262144,2,524778,522533,290834
1779838601.173510,spill,FileSystemStorage,262144,1,262389,248507,130858
1779838601.173597,spill,FileSystemStorage,262144,2,524778,443173,265392
1779838601.174253,spill,FileSystemStorage,262144,1,262389,236591,130736
1779838601.174278,spill,FileSystemStorage,262144,1,262389,359334,188892
1779838601.174776,spill,FileSystemStorage,262144,1,262389,270741,124321
1779838601.175085,spill,FileSystemStorage,262144,2,524778,448730,274674
1779838601.175323,spill,FileSystemStorage,262144,2,524778,599124,362789
1779838601.175835,spill,FileSystemStorage,262144,2,524778,414629,245359
1779838601.175932,spill,FileSystemStorage,262144,1,262389,311774,140541
1779838601.176314,spill,FileSystemStorage,262144,2,524778,543900,317042
1779838601.176674,spill,FileSystemStorage,262144,1,262389,232284,121870
1779838601.176879,spill,FileSystemStorage,262144,1,262389,259171,125535
1779838601.177552,spill,FileSystemStorage,262144,2,524778,527826,317158
1779838601.178080,spill,FileSystemStorage,262144,1,262389,247355,128027
1779838601.178311,spill,FileSystemStorage,262144,2,524778,419170,253734
1779838601.178959,spill,FileSystemStorage,262144,1,262389,257317,138873
1779838601.179131,spill,FileSystemStorage,262144,1,262389,395340,194852
1779838601.179318,spill,FileSystemStorage,262144,1,262389,274213,133152
1779838601.181205,spill,FileSystemStorage,262144,1,262389,435908,152566
1779838601.181229,spill,FileSystemStorage,262144,1,262389,470400,172272
1779838601.181394,spill,FileSystemStorage,262144,2,524778,436956,246238
1779838601.182132,spill,FileSystemStorage,262144,1,262389,244960,117497
1779838601.182793,spill,FileSystemStorage,262144,2,524778,612750,279479
1779838601.182917,spill,FileSystemStorage,262144,1,262389,263865,136169
1779838601.183275,spill,FileSystemStorage,262144,1,262389,259267,123546
1779838601.183783,spill,FileSystemStorage,262144,1,262389,324373,132290
1779838601.183921,spill,FileSystemStorage,262144,1,262389,256805,134393
1779838601.184050,spill,FileSystemStorage,262144,2,524778,405883,259429
1779838601.185202,spill,FileSystemStorage,262144,2,524778,603173,320181
1779838601.185436,spill,FileSystemStorage,262144,1,262389,266027,131735
1779838601.185441,spill,FileSystemStorage,262144,2,524778,404162,240261
1779838601.186035,spill,FileSystemStorage,262144,1,262389,352008,168481
1779838601.186149,spill,FileSystemStorage,262144,2,524778,419706,252011
1779838601.186190,spill,FileSystemStorage,262144,1,262389,247024,129100
1779838601.187841,spill,FileSystemStorage,262144,1,262389,283975,139307
1779838601.187892,spill,FileSystemStorage,262144,1,262389,549270,185157
1779838601.187994,spill,FileSystemStorage,262144,1,262389,267404,130111
1779838601.189839,spill,FileSystemStorage,262144,1,262389,386662,179278
1779838601.189908,spill,FileSystemStorage,262144,2,524778,523200,262629
1779838601.190368,spill,FileSystemStorage,262144,5,1311945,1044082,609168
1779838601.191182,spill,FileSystemStorage,262144,1,262389,411021,217034
1779838601.191284,spill,FileSystemStorage,262144,2,524778,457795,288093
1779838601.191299,spill,FileSystemStorage,262144,1,262389,272995,132665
1779838601.192282,spill,FileSystemStorage,262144,1,262389,351712,172991
1779838601.192541,spill,FileSystemStorage,262144,2,524778,485482,271150
1779838601.192712,spill,FileSystemStorage,262144,1,262389,300288,131542
1779838601.193292,spill,FileSystemStorage,262144,1,262389,325140,157449
1779838601.193840,spill,FileSystemStorage,262144,1,262389,262314,130365
1779838601.193895,spill,FileSystemStorage,262144,1,262389,271052,133713
1779838601.194287,spill,FileSystemStorage,262144,1,262389,306299,134054
1779838601.195037,spill,FileSystemStorage,262144,1,262389,302493,172422
1779838601.195122,spill,FileSystemStorage,262144,3,787167,643683,427570
1779838601.195388,spill,FileSystemStorage,262144,2,524778,575112,305663
1779838601.196263,spill,FileSystemStorage,262144,1,262389,268074,131412
1779838601.196345,spill,FileSystemStorage,262144,1,262389,274590,136801
1779838601.196671,spill,FileSystemStorage,262144,2,524778,560590,329394
1779838601.196977,spill,FileSystemStorage,262144,1,262389,263223,133829
1779838601.197173,spill,FileSystemStorage,262144,3,787167,567534,369771
1779838601.197769,spill,FileSystemStorage,262144,1,262389,343058,163729
1779838601.197978,spill,FileSystemStorage,262144,1,262389,252405,126033
1779838601.198561,spill,FileSystemStorage,262144,2,524778,440713,257667
1779838601.198827,spill,FileSystemStorage,262144,2,524778,410750,247969
1779838601.199068,spill,FileSystemStorage,262144,1,262389,426210,201987
1779838601.199355,spill,FileSystemStorage,262144,2,524778,461155,242421
1779838601.199971,spill,FileSystemStorage,262144,3,787167,579261,367473
1779838601.200133,spill,FileSystemStorage,262144,1,262389,251678,128557
1779838601.200328,spill,FileSystemStorage,262144,1,262389,351786,162464
1779838601.200783,spill,FileSystemStorage,262144,1,262389,270593,125490
1779838601.201230,spill,FileSystemStorage,262144,3,787167,587732,369834
1779838601.201233,spill,FileSystemStorage,262144,2,524778,528707,288945
1779838601.201854,spill,FileSystemStorage,262144,2,524778,447810,251864
1779838601.201900,spill,FileSystemStorage,262144,1,262389,257072,132036
1779838601.202467,spill,FileSystemStorage,262144,1,262389,262587,143715
1779838601.202500,spill,FileSystemStorage,262144,2,524778,579077,333926
1779838601.202912,spill,FileSystemStorage,262144,1,262389,280252,147823
1779838601.203379,spill,FileSystemStorage,262144,2,524778,574822,331492
1779838601.204017,spill,FileSystemStorage,262144,4,1049556,729464,478140
1779838601.204469,spill,FileSystemStorage,262144,4,1049556,778854,507798
1779838601.204639,spill,FileSystemStorage,262144,2,524778,456074,263996
1779838601.205201,spill,FileSystemStorage,262144,1,262389,251101,121531
1779838601.205493,spill,FileSystemStorage,262144,1,262389,265404,127965
1779838601.205752,spill,FileSystemStorage,262144,2,524778,454265,268484
1779838601.206204,spill,FileSystemStorage,262144,2,524778,426768,251492
1779838601.206288,spill,FileSystemStorage,262144,1,262389,354682,178325
1779838601.206809,spill,FileSystemStorage,262144,1,262389,276566,140405
1779838601.207068,spill,FileSystemStorage,262144,1,262389,301403,160302
1779838601.207199,spill,FileSystemStorage,262144,1,262389,358149,133798
1779838601.207892,spill,FileSystemStorage,262144,1,262389,267478,144265
1779838601.207964,spill,FileSystemStorage,262144,1,262389,274931,138015
1779838601.208917,spill,FileSystemStorage,262144,1,262389,251363,137225
1779838601.208935,spill,FileSystemStorage,262144,4,1049556,777945,505449
1779838601.209357,spill,FileSystemStorage,262144,3,787167,572015,362173
1779838601.209853,spill,FileSystemStorage,262144,1,262389,297445,137278
1779838601.209892,spill,FileSystemStorage,262144,1,262389,253647,132245
1779838601.210312,spill,FileSystemStorage,262144,2,524778,472053,275060
1779838601.210713,spill,FileSystemStorage,262144,1,262389,282469,143636
1779838601.210743,spill,FileSystemStorage,262144,2,524778,424551,261273
1779838601.211550,spill,FileSystemStorage,262144,3,787167,633661,383856
1779838601.211564,spill,FileSystemStorage,262144,1,262389,256122,133129
1779838601.211934,spill,FileSystemStorage,262144,2,524778,443431,253929
1779838601.212585,spill,FileSystemStorage,262144,1,262389,388841,138362
1779838601.212644,spill,FileSystemStorage,262144,1,262389,477088,155553
1779838601.213114,spill,FileSystemStorage,262144,2,524778,652210,250358
1779838601.214056,spill,FileSystemStorage,262144,2,524778,576626,258132
1779838601.214145,spill,FileSystemStorage,262144,2,524778,621030,332884
1779838601.214413,spill,FileSystemStorage,262144,1,262389,535660,125231
1779838601.215120,spill,FileSystemStorage,262144,1,262389,319231,151807
1779838601.215465,spill,FileSystemStorage,262144,2,524778,464495,269247
1779838601.215508,spill,FileSystemStorage,262144,2,524778,614970,345927
1779838601.216340,spill,FileSystemStorage,262144,1,262389,288376,136224
1779838601.216356,spill,FileSystemStorage,262144,2,524778,458974,266925
1779838601.216443,spill,FileSystemStorage,262144,1,262389,263940,124439
1779838601.217029,spill,FileSystemStorage,262144,1,262389,274753,134645
1779838601.217339,spill,FileSystemStorage,262144,2,524778,419630,250741
1779838601.217471,spill,FileSystemStorage,262144,2,524778,414680,250030
1779838601.217751,spill,FileSystemStorage,262144,1,262389,254393,125949
1779838601.218177,spill,FileSystemStorage,262144,1,262389,255337,128587
1779838601.218279,spill,FileSystemStorage,262144,2,524778,452342,258571
1779838601.218299,spill,FileSystemStorage,262144,1,262389,288680,135526
1779838601.219009,spill,FileSystemStorage,262144,1,262389,300657,166093
1779838601.219466,spill,FileSystemStorage,262144,3,787167,771855,433026
1779838601.219585,spill,FileSystemStorage,262144,1,262389,248701,123519
1779838601.219772,spill,FileSystemStorage,262144,3,787167,848412,500235
1779838601.220118,spill,FileSystemStorage,262144,1,262389,272134,139377
1779838601.220304,spill,FileSystemStorage,262144,1,262389,235137,120581
1779838601.220508,spill,FileSystemStorage,262144,1,262389,322262,138158
1779838601.220993,spill,FileSystemStorage,262144,1,262389,301270,154689
1779838601.221149,spill,FileSystemStorage,262144,2,524778,432577,267970
1779838601.221332,spill,FileSystemStorage,262144,2,524778,466001,265902
1779838601.221629,spill,FileSystemStorage,262144,1,262389,260862,125049
1779838601.221852,spill,FileSystemStorage,262144,1,262389,234275,125195
1779838601.222007,spill,FileSystemStorage,262144,1,262389,311578,162795
1779838601.222483,spill,FileSystemStorage,262144,1,262389,254851,127798
1779838601.222797,spill,FileSystemStorage,262144,2,524778,445356,253624
1779838601.223115,spill,FileSystemStorage,262144,1,262389,318591,182533
1779838601.223133,spill,FileSystemStorage,262144,2,524778,624437,371128
1779838601.223639,spill,FileSystemStorage,262144,1,262389,255856,124441
1779838601.223825,spill,FileSystemStorage,262144,1,262389,332648,166517
1779838601.224375,spill,FileSystemStorage,262144,2,524778,442791,266504
1779838601.224421,spill,FileSystemStorage,262144,2,524778,501838,280584
1779838601.224960,spill,FileSystemStorage,262144,1,262389,231823,129510
1779838601.225140,spill,FileSystemStorage,262144,4,1049556,984973,637931
1779838601.225662,spill,FileSystemStorage,262144,3,787167,616163,403469
1779838601.225700,spill,FileSystemStorage,262144,2,524778,421678,266399
1779838601.226071,spill,FileSystemStorage,262144,2,524778,570634,317894
1779838601.226332,spill,FileSystemStorage,262144,1,262389,284457,137969
1779838601.226706,spill,FileSystemStorage,262144,3,787167,564317,357705
1779838601.226893,spill,FileSystemStorage,262144,1,262389,373085,169794
1779838601.227286,spill,FileSystemStorage,262144,2,524778,493555,300940
1779838601.227406,spill,FileSystemStorage,262144,1,262389,276363,139225
1779838601.228291,spill,FileSystemStorage,262144,1,262389,581308,143267
1779838601.228549,spill,FileSystemStorage,262144,2,524778,901133,355852
1779838601.228716,spill,FileSystemStorage,262144,2,524778,411782,251161
1779838601.230336,spill,FileSystemStorage,262144,1,262389,327634,145162
1779838601.230465,spill,FileSystemStorage,262144,1,262389,384317,184130
1779838601.230619,spill,FileSystemStorage,262144,3,787167,635526,406121
1779838601.231376,spill,FileSystemStorage,262144,1,262389,367398,186905
1779838601.231464,spill,FileSystemStorage,262144,2,524778,517904,268123
1779838601.231658,spill,FileSystemStorage,262144,1,262389,266303,126005
1779838601.232276,spill,FileSystemStorage,262144,1,262389,248004,122425
1779838601.232711,spill,FileSystemStorage,262144,2,524778,477045,282784
1779838601.232725,spill,FileSystemStorage,262144,2,524778,559776,304296
1779838601.233271,spill,FileSystemStorage,262144,2,524778,416617,251541
1779838601.233464,spill,FileSystemStorage,262144,1,262389,305608,152794
1779838601.233516,spill,FileSystemStorage,262144,2,524778,426273,262137
1779838601.233801,spill,FileSystemStorage,262144,1,262389,260540,122750
1779838601.234344,spill,FileSystemStorage,262144,1,262389,348319,176497
1779838601.234891,spill,FileSystemStorage,262144,4,1049556,813570,514368
1779838601.235105,spill,FileSystemStorage,262144,1,262389,409252,210728
1779838601.235114,spill,FileSystemStorage,262144,3,787167,679845,436265
1779838601.235833,spill,FileSystemStorage,262144,2,524778,435864,251328
1779838601.235974,spill,FileSystemStorage,262144,1,262389,269348,126893
1779838601.236081,spill,FileSystemStorage,262144,1,262389,328474,155803
1779838601.237073,spill,FileSystemStorage,262144,2,524778,525816,314076
1779838601.237117,spill,FileSystemStorage,262144,2,524778,430013,255436
1779838601.237407,spill,FileSystemStorage,262144,4,1049556,890116,581130
1779838601.238039,spill,FileSystemStorage,262144,1,262389,275594,125660
1779838601.238366,spill,FileSystemStorage,262144,2,524778,464537,262103
1779838601.238539,spill,FileSystemStorage,262144,2,524778,565823,335323
1779838601.239001,spill,FileSystemStorage,262144,1,262389,287943,142185
1779838601.239283,spill,FileSystemStorage,262144,1,262389,339272,152538
1779838601.239465,spill,FileSystemStorage,262144,2,524778,445253,253273
1779838601.240681,spill,FileSystemStorage,262144,3,787167,604901,397939
1779838601.240795,spill,FileSystemStorage,262144,3,787167,678847,453487
1779838601.240897,spill,FileSystemStorage,262144,5,1311945,939412,630640
1779838601.241486,spill,FileSystemStorage,262144,1,262389,267001,130254
1779838601.241644,spill,FileSystemStorage,262144,2,524778,478790,270250
1779838601.241673,spill,FileSystemStorage,262144,1,262389,308256,142937
1779838601.242425,spill,FileSystemStorage,262144,1,262389,284787,147375
1779838601.242779,spill,FileSystemStorage,262144,4,1049556,717384,485105
1779838601.243080,spill,FileSystemStorage,262144,4,1049556,874364,574090
1779838601.243481,spill,FileSystemStorage,262144,1,262389,276971,134270
1779838601.243843,spill,FileSystemStorage,262144,1,262389,302335,148247
1779838601.244116,spill,FileSystemStorage,262144,1,262389,256547,143025
1779838601.244266,spill,FileSystemStorage,262144,7,1836723,1309278,892224
1779838601.244487,spill,FileSystemStorage,262144,1,262389,290098,139780
1779838601.244808,spill,FileSystemStorage,262144,2,524778,392030,232922
1779838601.245219,spill,FileSystemStorage,262144,3,787167,620274,397644
1779838601.245615,spill,FileSystemStorage,262144,4,1049556,751860,495141
1779838601.245801,spill,FileSystemStorage,262144,1,262389,277727,145849
1779838601.246131,spill,FileSystemStorage,262144,4,1049556,707021,472792
1779838601.246272,spill,FileSystemStorage,262144,1,262389,275669,133424
1779838601.246585,spill,FileSystemStorage,262144,2,524778,415966,241198
1779838601.246815,spill,FileSystemStorage,262144,1,262389,258418,127267
1779838601.246948,spill,FileSystemStorage,262144,1,262389,286792,152489
1779838601.247458,spill,FileSystemStorage,262144,2,524778,497809,265877
1779838601.247489,spill,FileSystemStorage,262144,1,262389,251898,126499
1779838601.247774,spill,FileSystemStorage,262144,1,262389,260875,124782
1779838601.248149,spill,FileSystemStorage,262144,1,262389,231422,118305
1779838601.248374,spill,FileSystemStorage,262144,1,262389,280168,124854
1779838601.249157,spill,FileSystemStorage,262144,4,1049556,800105,509119
1779838601.249277,spill,FileSystemStorage,262144,2,524778,453402,284717
1779838601.249408,spill,FileSystemStorage,262144,5,1311945,916161,641390
1779838601.249950,spill,FileSystemStorage,262144,1,262389,240740,133807
1779838601.250041,spill,FileSystemStorage,262144,2,524778,461974,285361
1779838601.250241,spill,FileSystemStorage,262144,3,787167,578557,370201
1779838601.250443,spill,FileSystemStorage,262144,1,262389,226507,116249
1779838601.250731,spill,FileSystemStorage,262144,2,524778,401397,240751
1779838601.251183,spill,FileSystemStorage,262144,2,524778,463443,292996
1779838601.251184,spill,FileSystemStorage,262144,2,524778,501931,295450
1779838601.251692,spill,FileSystemStorage,262144,1,262389,284688,138468
1779838601.252288,spill,FileSystemStorage,262144,2,524778,422618,253354
1779838601.252357,spill,FileSystemStorage,262144,1,262389,296047,142194
1779838601.252596,spill,FileSystemStorage,262144,2,524778,485847,289719
1779838601.252880,spill,FileSystemStorage,262144,1,262389,231646,123477
1779838601.253168,spill,FileSystemStorage,262144,1,262389,282749,132604
1779838601.253187,spill,FileSystemStorage,262144,2,524778,495452,304495
1779838601.253789,spill,FileSystemStorage,262144,1,262389,263060,130505
1779838601.253893,spill,FileSystemStorage,262144,3,787167,573347,374276
1779838601.253905,spill,FileSystemStorage,262144,2,524778,450834,271826
1779838601.254415,spill,FileSystemStorage,262144,1,262389,254437,134466
1779838601.254680,spill,FileSystemStorage,262144,1,262389,278751,141664
1779838601.254747,spill,FileSystemStorage,262144,3,787167,619331,402486
1779838601.255503,spill,FileSystemStorage,262144,3,787167,598881,385502
1779838601.255875,spill,FileSystemStorage,262144,2,524778,486403,285822
1779838601.256017,spill,FileSystemStorage,262144,5,1311945,968625,668954
1779838601.256342,spill,FileSystemStorage,262144,2,524778,409476,236632
1779838601.256704,spill,FileSystemStorage,262144,2,524778,444706,265421
1779838601.256831,spill,FileSystemStorage,262144,2,524778,471789,277167
1779838601.256928,spill,FileSystemStorage,262144,1,262389,264334,124297
1779838601.257638,spill,FileSystemStorage,262144,1,262389,282612,145613
1779838601.257661,spill,FileSystemStorage,262144,2,524778,418147,254198
1779838601.257836,spill,FileSystemStorage,262144,2,524778,467083,284149
1779838601.258299,spill,FileSystemStorage,262144,1,262389,237074,130439
1779838601.258336,spill,FileSystemStorage,262144,2,524778,411544,249240
1779838601.258381,spill,FileSystemStorage,262144,1,262389,254741,125474
1779838601.258851,spill,FileSystemStorage,262144,1,262389,270373,136875
1779838601.259320,spill,FileSystemStorage,262144,3,787167,651189,442850
1779838601.259576,spill,FileSystemStorage,262144,1,262389,268990,148015
1779838601.259581,spill,FileSystemStorage,262144,5,1311945,948229,675571
1779838601.260073,spill,FileSystemStorage,262144,1,262389,261212,128575
1779838601.260337,spill,FileSystemStorage,262144,1,262389,217426,119793
1779838601.260781,spill,FileSystemStorage,262144,2,524778,429080,270243
1779838601.260820,spill,FileSystemStorage,262144,3,787167,613219,389413
1779838601.261047,spill,FileSystemStorage,262144,2,524778,445564,271646
1779838601.261615,spill,FileSystemStorage,262144,2,524778,509206,266929
1779838601.261676,spill,FileSystemStorage,262144,2,524778,445480,269370
1779838601.261891,spill,FileSystemStorage,262144,2,524778,471464,264721
1779838601.262197,spill,FileSystemStorage,262144,1,262389,244359,120156
1779838601.262313,spill,FileSystemStorage,262144,1,262389,260385,122172
1779838601.262586,spill,FileSystemStorage,262144,1,262389,285987,140044
1779838601.262803,spill,FileSystemStorage,262144,1,262389,240783,132185
1779838601.263046,spill,FileSystemStorage,262144,2,524778,443202,278049
1779838601.263274,spill,FileSystemStorage,262144,2,524778,455993,276601
1779838601.263309,spill,FileSystemStorage,262144,1,262389,251466,124892
1779838601.263965,spill,FileSystemStorage,262144,1,262389,276383,132854
1779838601.264016,spill,FileSystemStorage,262144,2,524778,442404,272443
1779838601.264147,spill,FileSystemStorage,262144,3,787167,591678,383293
1779838601.264561,spill,FileSystemStorage,262144,1,262389,253294,136620
1779838601.264842,spill,FileSystemStorage,262144,2,524778,433762,256020
1779838601.264917,spill,FileSystemStorage,262144,1,262389,257517,128651
1779838601.265219,spill,FileSystemStorage,262144,1,262389,259105,132327
1779838601.265362,spill,FileSystemStorage,262144,1,262389,264486,138760
1779838601.265546,spill,FileSystemStorage,262144,1,262389,235373,125269
1779838601.265732,spill,FileSystemStorage,262144,1,262389,271546,135715
1779838601.266156,spill,FileSystemStorage,262144,2,524778,508226,240880
1779838601.266364,spill,FileSystemStorage,262144,1,262389,281232,127326
1779838601.266637,spill,FileSystemStorage,262144,3,787167,650604,363192
1779838601.267097,spill,FileSystemStorage,262144,1,262389,332873,182289
1779838601.267234,spill,FileSystemStorage,262144,2,524778,505684,317690
1779838601.267460,spill,FileSystemStorage,262144,2,524778,437469,259706
1779838601.267888,spill,FileSystemStorage,262144,1,262389,470962,136852
1779838601.267901,spill,FileSystemStorage,262144,1,262389,377348,138614
1779838601.268356,spill,FileSystemStorage,262144,1,262389,478620,125795
1779838601.268423,spill,FileSystemStorage,262144,1,262389,253680,124649
1779838601.268979,spill,FileSystemStorage,262144,2,524778,463400,237332
1779838601.269253,spill,FileSystemStorage,262144,1,262389,380131,141388
1779838601.269424,spill,FileSystemStorage,262144,2,524778,482693,243490
1779838601.270053,spill,FileSystemStorage,262144,1,262389,277609,135820
1779838601.270288,spill,FileSystemStorage,262144,3,787167,672430,388087
1779838601.270355,spill,FileSystemStorage,262144,1,262389,396104,125871
1779838601.270910,spill,FileSystemStorage,262144,1,262389,257269,147297
1779838601.270955,spill,FileSystemStorage,262144,1,262389,288036,148412
1779838601.271106,spill,FileSystemStorage,262144,2,524778,515704,309433
1779838601.271984,spill,FileSystemStorage,262144,1,262389,315921,133677
1779838601.272006,spill,FileSystemStorage,262144,1,262389,267770,133643
1779838601.272126,spill,FileSystemStorage,262144,2,524778,501822,252015
1779838601.272728,spill,FileSystemStorage,262144,1,262389,348988,121289
1779838601.273173,spill,FileSystemStorage,262144,1,262389,517167,125505
1779838601.273345,spill,FileSystemStorage,262144,2,524778,759266,246834
1779838601.273553,spill,FileSystemStorage,262144,1,262389,390363,125500
1779838601.274222,spill,FileSystemStorage,262144,3,787167,728539,365162
1779838601.274434,spill,FileSystemStorage,262144,2,524778,432565,256067
1779838601.274668,spill,FileSystemStorage,262144,3,787167,597332,386652
1779838601.274956,spill,FileSystemStorage,262144,1,262389,282832,158306
1779838601.275290,spill,FileSystemStorage,262144,1,262389,276147,131793
1779838601.275404,spill,FileSystemStorage,262144,3,787167,651936,418132
1779838601.275937,spill,FileSystemStorage,262144,3,787167,569579,381241
1779838601.276598,spill,FileSystemStorage,262144,1,262389,771547,125083
1779838601.277056,spill,FileSystemStorage,262144,2,524778,426454,244888
1779838601.278147,spill,FileSystemStorage,262144,1,262389,254187,137913
1779838601.278934,spill,FileSystemStorage,262144,1,262389,275205,146135
1779838601.278962,spill,FileSystemStorage,262144,3,787167,601716,397091
1779838601.279595,spill,FileSystemStorage,262144,1,262389,259844,124324
1779838601.280025,spill,FileSystemStorage,262144,3,787167,545452,340420
1779838601.280400,spill,FileSystemStorage,262144,1,262389,241568,119680
1779838601.281058,spill,FileSystemStorage,262144,2,524778,444945,240594
1779838601.281118,spill,FileSystemStorage,262144,1,262389,281184,142113
1779838601.281293,spill,FileSystemStorage,262144,2,524778,422478,250761
1779838601.281666,spill,FileSystemStorage,262144,1,262389,238613,127114
1779838601.281967,spill,FileSystemStorage,262144,2,524778,410770,264001
1779838601.282095,spill,FileSystemStorage,262144,1,262389,248041,131037
1779838601.282216,spill,FileSystemStorage,262144,1,262389,210763,120878
1779838601.282613,spill,FileSystemStorage,262144,1,262389,251325,132266
1779838601.282794,spill,FileSystemStorage,262144,1,262389,265432,141846
1779838601.282884,spill,FileSystemStorage,262144,1,262389,253454,128750
1779838601.283231,spill,FileSystemStorage,262144,1,262389,279171,121625
1779838601.283339,spill,FileSystemStorage,262144,1,262389,248084,127326
1779838601.283478,spill,FileSystemStorage,262144,1,262389,238746,129996
1779838601.284014,spill,FileSystemStorage,262144,1,262389,262384,131570
1779838601.284079,spill,FileSystemStorage,262144,1,262389,247405,143635
1779838601.284164,spill,FileSystemStorage,262144,1,262389,243682,130910
1779838601.284798,spill,FileSystemStorage,262144,1,262389,259189,128676
1779838601.285089,spill,FileSystemStorage,262144,2,524778,403865,254545
1779838601.285472,spill,FileSystemStorage,262144,3,787167,592762,392142
1779838601.285643,spill,FileSystemStorage,262144,3,787167,583273,386381
1779838601.286051,spill,FileSystemStorage,262144,3,787167,560714,358411
1779838601.286259,spill,FileSystemStorage,262144,1,262389,290736,141725
1779838601.286282,spill,FileSystemStorage,262144,1,262389,280222,149130
1779838601.286599,spill,FileSystemStorage,262144,1,262389,251382,131613
1779838601.286922,spill,FileSystemStorage,262144,1,262389,331350,158891
1779838601.287156,spill,FileSystemStorage,262144,1,262389,292530,142745
1779838601.287172,spill,FileSystemStorage,262144,2,524778,485378,290624
1779838601.288505,spill,FileSystemStorage,262144,2,524778,506213,269222
1779838601.288789,spill,FileSystemStorage,262144,5,1311945,972950,648347
1779838601.289222,spill,FileSystemStorage,262144,2,524778,814465,287826
1779838601.289365,spill,FileSystemStorage,262144,1,262389,266192,141251
1779838601.289379,spill,FileSystemStorage,262144,2,524778,481347,296038
1779838601.289896,spill,FileSystemStorage,262144,1,262389,262089,130588
1779838601.289964,spill,FileSystemStorage,262144,1,262389,265485,132941
1779838601.290198,spill,FileSystemStorage,262144,2,524778,434661,249920
1779838601.290454,spill,FileSystemStorage,262144,1,262389,263912,125033
1779838601.290696,spill,FileSystemStorage,262144,1,262389,264850,136508
1779838601.290796,spill,FileSystemStorage,262144,1,262389,273534,142080
1779838601.291026,spill,FileSystemStorage,262144,1,262389,305868,178132
1779838601.291294,spill,FileSystemStorage,262144,1,262389,264892,129114
1779838601.291621,spill,FileSystemStorage,262144,2,524778,449335,268168
1779838601.291684,spill,FileSystemStorage,262144,2,524778,414611,258110
1779838601.291810,spill,FileSystemStorage,262144,1,262389,229582,120786
1779838601.292530,spill,FileSystemStorage,262144,1,262389,234736,135134
1779838601.292552,spill,FileSystemStorage,262144,2,524778,465802,270904
1779838601.292912,spill,FileSystemStorage,262144,3,787167,565547,372106
1779838601.293167,spill,FileSystemStorage,262144,1,262389,244641,122109
1779838601.293469,spill,FileSystemStorage,262144,1,262389,311580,158285
1779838601.293479,spill,FileSystemStorage,262144,2,524778,427295,261201
1779838601.293879,spill,FileSystemStorage,262144,1,262389,226646,121480
1779838601.294017,spill,FileSystemStorage,262144,1,262389,285092,133066
1779838601.294072,spill,FileSystemStorage,262144,1,262389,244648,122785
1779838601.294720,spill,FileSystemStorage,262144,1,262389,295537,148660
1779838601.294911,spill,FileSystemStorage,262144,2,524778,496228,304123
1779838601.294957,spill,FileSystemStorage,262144,2,524778,506831,304046
1779838601.295271,spill,FileSystemStorage,262144,1,262389,248977,125948
1779838601.295811,spill,FileSystemStorage,262144,1,262389,257264,126420
1779838601.296295,spill,FileSystemStorage,262144,1,262389,446545,134964
1779838601.296480,spill,FileSystemStorage,262144,2,524778,433110,260179
1779838601.296770,spill,FileSystemStorage,262144,1,262389,313806,138192
1779838601.296986,spill,FileSystemStorage,262144,1,262389,261800,128991
1779838601.297167,spill,FileSystemStorage,262144,1,262389,268183,121944
1779838601.298046,spill,FileSystemStorage,262144,2,524778,447904,249255
1779838601.298146,spill,FileSystemStorage,262144,1,262389,241293,126749
1779838601.298543,spill,FileSystemStorage,262144,3,787167,570506,366315
1779838601.299104,spill,FileSystemStorage,262144,1,262389,295172,151956
1779838601.299288,spill,FileSystemStorage,262144,1,262389,277208,139425
1779838601.299336,spill,FileSystemStorage,262144,1,262389,293337,153843
1779838601.299633,spill,FileSystemStorage,262144,1,262389,233880,118727
1779838601.300152,spill,FileSystemStorage,262144,1,262389,267843,144356
1779838601.300733,spill,FileSystemStorage,262144,2,524778,459923,246199
1779838601.301045,spill,FileSystemStorage,262144,2,524778,623553,288712
1779838601.301176,spill,FileSystemStorage,262144,1,262389,286475,133161
1779838601.301514,spill,FileSystemStorage,262144,1,262389,249770,123019
1779838601.301801,spill,FileSystemStorage,262144,2,524778,418511,240950
1779838601.301955,spill,FileSystemStorage,262144,1,262389,267866,137035
1779838601.302326,spill,FileSystemStorage,262144,1,262389,242210,126247
1779838601.302547,spill,FileSystemStorage,262144,1,262389,251709,128780
1779838601.302949,spill,FileSystemStorage,262144,3,787167,636970,406655
1779838601.303237,spill,FileSystemStorage,262144,1,262389,307426,139436
1779838601.303257,spill,FileSystemStorage,262144,1,262389,319458,136471
1779838601.304048,spill,FileSystemStorage,262144,1,262389,329925,170555
1779838601.304070,spill,FileSystemStorage,262144,2,524778,477381,284981
1779838601.304100,spill,FileSystemStorage,262144,1,262389,259521,151964
1779838601.304678,spill,FileSystemStorage,262144,1,262389,263070,137416
1779838601.304828,spill,FileSystemStorage,262144,2,524778,453519,271629
1779838601.305013,spill,FileSystemStorage,262144,2,524778,454233,261163
1779838601.305360,spill,FileSystemStorage,262144,1,262389,268192,124274
1779838601.305552,spill,FileSystemStorage,262144,1,262389,270084,153346
1779838601.305954,spill,FileSystemStorage,262144,1,262389,298464,159176
1779838601.306006,spill,FileSystemStorage,262144,4,1049556,861604,530209
1779838601.306036,spill,FileSystemStorage,262144,1,262389,264726,140493
1779838601.306681,spill,FileSystemStorage,262144,1,262389,287555,150819
1779838601.306715,spill,FileSystemStorage,262144,1,262389,242291,129883
1779838601.306956,spill,FileSystemStorage,262144,1,262389,320360,141261
1779838601.307291,spill,FileSystemStorage,262144,1,262389,320710,150582
1779838601.307464,spill,FileSystemStorage,262144,2,524778,432916,256082
1779838601.307807,spill,FileSystemStorage,262144,1,262389,299992,130179
1779838601.308311,spill,FileSystemStorage,262144,1,262389,281583,124870
1779838601.308375,spill,FileSystemStorage,262144,1,262389,304354,140046
1779838601.308630,spill,FileSystemStorage,262144,1,262389,279126,128980
1779838601.309196,spill,FileSystemStorage,262144,1,262389,263637,137132
1779838601.309221,spill,FileSystemStorage,262144,1,262389,273614,136526
1779838601.309311,spill,FileSystemStorage,262144,3,787167,557495,368096
1779838601.309941,spill,FileSystemStorage,262144,1,262389,242965,127998
1779838601.310172,spill,FileSystemStorage,262144,1,262389,275965,125475
1779838601.310262,spill,FileSystemStorage,262144,2,524778,498236,311223
1779838601.310503,spill,FileSystemStorage,262144,1,262389,230610,115415
1779838601.311003,spill,FileSystemStorage,262144,2,524778,486897,275611
1779838601.311008,spill,FileSystemStorage,262144,1,262389,339158,197593
1779838601.311090,spill,FileSystemStorage,262144,1,262389,271302,147733
1779838601.312012,spill,FileSystemStorage,262144,2,524778,437438,249701
1779838601.312088,spill,FileSystemStorage,262144,2,524778,454254,262360
1779838601.312486,spill,FileSystemStorage,262144,2,524778,629811,349197
1779838601.312730,spill,FileSystemStorage,262144,1,262389,279545,138270
1779838601.312970,spill,FileSystemStorage,262144,1,262389,248101,122491
1779838601.313344,spill,FileSystemStorage,262144,1,262389,246240,129866
1779838601.313466,spill,FileSystemStorage,262144,2,524778,598160,345006
1779838601.313695,spill,FileSystemStorage,262144,2,524778,385865,241475
1779838601.314021,spill,FileSystemStorage,262144,1,262389,280868,133693
1779838601.314303,spill,FileSystemStorage,262144,1,262389,301024,134000
1779838601.314418,spill,FileSystemStorage,262144,1,262389,361854,177787
1779838601.314798,spill,FileSystemStorage,262144,2,524778,431205,268623
1779838601.315103,spill,FileSystemStorage,262144,2,524778,458422,294644
1779838601.315132,spill,FileSystemStorage,262144,1,262389,366042,187932
1779838601.315716,spill,FileSystemStorage,262144,1,262389,281711,131000
1779838601.316253,spill,FileSystemStorage,262144,1,262389,403540,170105
1779838601.316849,spill,FileSystemStorage,262144,5,1311945,1066791,650277
1779838601.316947,spill,FileSystemStorage,262144,3,787167,710786,394017
1779838601.317190,spill,FileSystemStorage,262144,2,524778,520119,293771
1779838601.318058,spill,FileSystemStorage,262144,2,524778,457268,268521
1779838601.318313,spill,FileSystemStorage,262144,1,262389,480029,182812
1779838601.318541,spill,FileSystemStorage,262144,5,1311945,912076,613495
1779838601.318843,spill,FileSystemStorage,262144,2,524778,473410,259978
1779838601.319084,spill,FileSystemStorage,262144,1,262389,404075,201551
1779838601.319370,spill,FileSystemStorage,262144,2,524778,441279,235024
1779838601.319767,spill,FileSystemStorage,262144,1,262389,277833,132769
1779838601.320284,spill,FileSystemStorage,262144,2,524778,563271,334149
1779838601.320420,spill,FileSystemStorage,262144,1,262389,264643,127463
1779838601.320685,spill,FileSystemStorage,262144,2,524778,411581,245702
1779838601.320944,spill,FileSystemStorage,262144,1,262389,270039,131984
1779838601.321389,spill,FileSystemStorage,262144,1,262389,285709,135549
1779838601.321440,spill,FileSystemStorage,262144,3,787167,607111,396540
1779838601.321953,spill,FileSystemStorage,262144,2,524778,511267,282657
1779838601.322146,spill,FileSystemStorage,262144,1,262389,246113,129613
1779838601.322568,spill,FileSystemStorage,262144,1,262389,265775,132567
1779838601.322630,spill,FileSystemStorage,262144,3,787167,592935,400708
1779838601.322661,spill,FileSystemStorage,262144,1,262389,269032,145399
1779838601.323176,spill,FileSystemStorage,262144,1,262389,262800,129065
1779838601.323506,spill,FileSystemStorage,262144,2,524778,442162,267297
1779838601.323763,spill,FileSystemStorage,262144,4,1049556,754900,523386
1779838601.324009,spill,FileSystemStorage,262144,1,262389,227577,126324
1779838601.324223,spill,FileSystemStorage,262144,2,524778,437186,264303
1779838601.324478,spill,FileSystemStorage,262144,1,262389,334423,149509
1779838601.324768,spill,FileSystemStorage,262144,2,524778,516043,329581
1779838601.324919,spill,FileSystemStorage,262144,1,262389,257361,128110
1779838601.325357,spill,FileSystemStorage,262144,1,262389,270420,131848
1779838601.325639,spill,FileSystemStorage,262144,1,262389,320149,155714
1779838601.325658,spill,FileSystemStorage,262144,1,262389,383909,183402
1779838601.325931,spill,FileSystemStorage,262144,1,262389,247255,133659
1779838601.326380,spill,FileSystemStorage,262144,1,262389,370057,185555
1779838601.326409,spill,FileSystemStorage,262144,2,524778,465110,274244
1779838601.326716,spill,FileSystemStorage,262144,2,524778,497548,284847
1779838601.327123,spill,FileSystemStorage,262144,1,262389,310558,157097
1779838601.327154,spill,FileSystemStorage,262144,1,262389,390129,204648
1779838601.327671,spill,FileSystemStorage,262144,2,524778,500439,288592
1779838601.327887,spill,FileSystemStorage,262144,2,524778,418868,254445
1779838601.327888,spill,FileSystemStorage,262144,1,262389,354004,179164
1779838601.328366,spill,FileSystemStorage,262144,2,524778,418062,247321
1779838601.328465,spill,FileSystemStorage,262144,1,262389,243771,124967
1779838601.328629,spill,FileSystemStorage,262144,1,262389,341359,172451
1779838601.328967,spill,FileSystemStorage,262144,1,262389,253651,123390
1779838601.329310,spill,FileSystemStorage,262144,2,524778,467466,266710
1779838601.329375,spill,FileSystemStorage,262144,1,262389,353831,181648
1779838601.329548,spill,FileSystemStorage,262144,1,262389,266462,132238
1779838601.330150,spill,FileSystemStorage,262144,3,787167,563463,370707
1779838601.330283,spill,FileSystemStorage,262144,2,524778,430545,272512
1779838601.330750,spill,FileSystemStorage,262144,4,1049556,1008899,685909
1779838601.330918,spill,FileSystemStorage,262144,2,524778,429458,272442
1779838601.331011,spill,FileSystemStorage,262144,1,262389,325502,159663
1779838601.331441,spill,FileSystemStorage,262144,1,262389,312461,147696
1779838601.332232,spill,FileSystemStorage,262144,1,262389,294814,138818
1779838601.332466,spill,FileSystemStorage,262144,4,1049556,758193,505312
1779838601.332563,spill,FileSystemStorage,262144,2,524778,538995,286563
1779838601.333097,spill,FileSystemStorage,262144,1,262389,266087,136737
1779838601.333183,spill,FileSystemStorage,262144,1,262389,281620,137162
1779838601.333517,spill,FileSystemStorage,262144,5,1311945,888826,613275
1779838601.333815,spill,FileSystemStorage,262144,2,524778,426511,251771
1779838601.333935,spill,FileSystemStorage,262144,2,524778,436336,266609
1779838601.334089,spill,FileSystemStorage,262144,1,262389,253303,138931
1779838601.334439,spill,FileSystemStorage,262144,1,262389,286589,152523
1779838601.334640,spill,FileSystemStorage,262144,2,524778,456577,276639
1779838601.334799,spill,FileSystemStorage,262144,2,524778,406825,256249
1779838601.335115,spill,FileSystemStorage,262144,2,524778,438619,288682
1779838601.335180,spill,FileSystemStorage,262144,1,262389,296246,148644
1779838601.335346,spill,FileSystemStorage,262144,1,262389,246592,124433
1779838601.335712,spill,FileSystemStorage,262144,1,262389,259375,130001
1779838601.335854,spill,FileSystemStorage,262144,2,524778,443413,265519
1779838601.335889,spill,FileSystemStorage,262144,1,262389,255706,134746
1779838601.336433,spill,FileSystemStorage,262144,1,262389,238905,131548
1779838601.336575,spill,FileSystemStorage,262144,3,787167,598582,386426
1779838601.336618,spill,FileSystemStorage,262144,1,262389,287599,131280
1779838601.337085,spill,FileSystemStorage,262144,1,262389,267492,135962
1779838601.337207,spill,FileSystemStorage,262144,1,262389,274872,157496
1779838601.337436,spill,FileSystemStorage,262144,3,787167,662750,393408
1779838601.337609,spill,FileSystemStorage,262144,1,262389,254834,132791
1779838601.337744,spill,FileSystemStorage,262144,1,262389,245779,119643
1779838601.338053,spill,FileSystemStorage,262144,1,262389,343013,144893
1779838601.338299,spill,FileSystemStorage,262144,1,262389,288669,146974
1779838601.338466,spill,FileSystemStorage,262144,2,524778,452473,250048
1779838601.338683,spill,FileSystemStorage,262144,1,262389,324256,122366
1779838601.338813,spill,FileSystemStorage,262144,1,262389,268910,120615
1779838601.339113,spill,FileSystemStorage,262144,1,262389,284953,139176
1779838601.339437,spill,FileSystemStorage,262144,1,262389,403005,165003
1779838601.339658,spill,FileSystemStorage,262144,2,524778,439920,241704
1779838601.339821,spill,FileSystemStorage,262144,1,262389,253287,108157
1779838601.340193,spill,FileSystemStorage,262144,1,262389,344724,162839
1779838601.340454,spill,FileSystemStorage,262144,2,524778,421187,248028
1779838601.340538,spill,FileSystemStorage,262144,1,262389,234752,120324
1779838601.340955,spill,FileSystemStorage,262144,1,262389,326135,156423
1779838601.341242,spill,FileSystemStorage,262144,2,524778,387309,235336
1779838601.341254,spill,FileSystemStorage,262144,1,262389,240250,125897
1779838601.341765,spill,FileSystemStorage,262144,1,262389,366805,160489
1779838601.341852,spill,FileSystemStorage,262144,1,262389,229606,117611
1779838601.341938,spill,FileSystemStorage,262144,1,262389,240050,133102
1779838601.342464,spill,FileSystemStorage,262144,1,262389,283703,126548
1779838601.342767,spill,FileSystemStorage,262144,1,262389,250379,129673
1779838601.342748,spill,FileSystemStorage,262144,2,524778,600786,321875
1779838601.343195,spill,FileSystemStorage,262144,1,262389,277279,126820
1779838601.343841,spill,FileSystemStorage,262144,1,262389,579474,173849
1779838601.343871,spill,FileSystemStorage,262144,1,262389,307546,134432
1779838601.344160,spill,FileSystemStorage,262144,2,524778,388394,225009
1779838601.344634,spill,FileSystemStorage,262144,1,262389,254411,122526
1779838601.344748,spill,FileSystemStorage,262144,2,524778,485095,267617
1779838601.345577,spill,FileSystemStorage,262144,1,262389,1080076,109619
1779838601.346558,spill,FileSystemStorage,262144,2,524778,371273,215735
1779838601.347345,spill,FileSystemStorage,262144,3,787167,812888,522357
1779838601.348919,spill,FileSystemStorage,262144,1,262389,375719,171836
1779838601.348984,spill,FileSystemStorage,262144,1,262389,317132,140766
1779838601.349012,spill,FileSystemStorage,262144,1,262389,326728,141572
1779838601.350586,spill,FileSystemStorage,262144,1,262389,343061,157583
1779838601.350671,spill,FileSystemStorage,262144,1,262389,233725,112773
1779838601.351052,spill,FileSystemStorage,262144,2,524778,464080,257186
1779838601.351745,spill,FileSystemStorage,262144,2,524778,476422,253373
1779838601.351793,spill,FileSystemStorage,262144,1,262389,341463,141385
1779838601.352751,spill,FileSystemStorage,262144,1,262389,338724,123724
1779838601.352991,spill,FileSystemStorage,262144,1,262389,273789,123461
1779838601.353008,spill,FileSystemStorage,262144,1917,502999713,311368075,219999164
1779838601.353131,spill,FileSystemStorage,262144,2,524778,491971,275139
1779838601.353755,spill,FileSystemStorage,262144,1,262389,249977,119388
1779838601.354326,spill,FileSystemStorage,262144,1,262389,269597,133656
1779838601.354310,spill,FileSystemStorage,262144,2,524778,542528,299419
1779838601.354351,spill,FileSystemStorage,262144,1,262389,289755,137532
1779838601.354849,spill,FileSystemStorage,262144,1,262389,228154,111532
1779838601.355145,spill,FileSystemStorage,262144,2,524778,453666,253978
1779838601.355305,spill,FileSystemStorage,262144,1,262389,375987,125975
1779838601.356087,spill,FileSystemStorage,262144,1,262389,290398,139376
1779838601.356202,spill,FileSystemStorage,262144,1,262389,363190,148698
1779838601.356798,spill,FileSystemStorage,262144,2,524778,451480,223943
1779838601.357295,spill,FileSystemStorage,262144,1,262389,347582,122307
1779838601.369156,spill,FileSystemStorage,262144,1,262389,358783,158932
1779838601.369811,spill,FileSystemStorage,262144,1,262389,310965,120605
1779838601.369973,spill,FileSystemStorage,262144,1,262389,331881,136495
1779838601.370517,spill,FileSystemStorage,262144,2,524778,516316,229230
1779838601.372629,spill,FileSystemStorage,262144,2,524778,546428,285869
1779838601.373606,spill,FileSystemStorage,262144,1,262389,301686,121441
1779838601.373708,spill,FileSystemStorage,262144,1,262389,302953,122875
1779838601.373845,spill,FileSystemStorage,262144,1,262389,302561,121762
1779838601.375763,spill,FileSystemStorage,262144,1,262389,358866,157556
1779838601.375996,spill,FileSystemStorage,262144,1,262389,276716,131241
1779838601.376249,spill,FileSystemStorage,262144,2,524778,464672,250160
1779838601.376357,spill,FileSystemStorage,262144,1,262389,335169,144211
1779838601.376866,spill,FileSystemStorage,262144,1,262389,353605,164601
1779838601.376937,spill,FileSystemStorage,262144,1,262389,257708,112554
1779838601.377124,spill,FileSystemStorage,262144,1,262389,247834,114285
1779838601.377433,spill,FileSystemStorage,262144,2,524778,823812,269119
1779838601.377480,spill,FileSystemStorage,262144,1,262389,310017,148305
1779838601.377878,spill,FileSystemStorage,262144,1,262389,261641,135588
1779838601.378041,spill,FileSystemStorage,262144,2,524778,451269,249012
1779838601.378113,spill,FileSystemStorage,262144,1,262389,254867,125937
1779838601.378376,spill,FileSystemStorage,262144,2,524778,507441,272711
1779838601.378525,spill,FileSystemStorage,262144,1,262389,208495,107322
1779838601.379014,spill,FileSystemStorage,262144,1,262389,277334,133084
1779838601.379147,spill,FileSystemStorage,262144,2,524778,488551,292254
1779838601.379182,spill,FileSystemStorage,262144,1,262389,368812,155419
1779838601.379763,spill,FileSystemStorage,262144,2,524778,660247,221720
1779838601.380514,spill,FileSystemStorage,262144,1,262389,381523,138749
1779838601.380519,spill,FileSystemStorage,262144,1,262389,502040,133788
1779838601.380593,spill,FileSystemStorage,262144,1,262389,304633,126690
1779838601.380957,spill,FileSystemStorage,262144,1,262389,592829,120631
1779838601.381518,spill,FileSystemStorage,262144,1,262389,341901,137831
1779838601.381524,spill,FileSystemStorage,262144,1,262389,379145,146269
1779838601.381582,spill,FileSystemStorage,262144,1,262389,272944,132172
1779838601.381755,spill,FileSystemStorage,262144,2,524778,431557,239389
1779838601.382298,spill,FileSystemStorage,262144,1,262389,289018,142782
1779838601.382303,spill,FileSystemStorage,262144,1,262389,252703,138114
1779838601.382308,spill,FileSystemStorage,262144,1,262389,341445,182297
1779838601.382850,spill,FileSystemStorage,262144,1,262389,306820,126261
1779838601.382959,spill,FileSystemStorage,262144,1,262389,481030,164988
1779838601.383257,spill,FileSystemStorage,262144,1,262389,333420,142116
1779838601.383303,spill,FileSystemStorage,262144,1,262389,337579,128126
1779838601.384192,spill,FileSystemStorage,262144,2,524778,436024,245702
1779838601.384236,spill,FileSystemStorage,262144,1,262389,315691,144701
1779838601.384287,spill,FileSystemStorage,262144,1,262389,335992,152824
1779838601.384309,spill,FileSystemStorage,262144,2,524778,488787,264861
1779838601.385144,spill,FileSystemStorage,262144,1,262389,349585,132999
1779838601.385160,spill,FileSystemStorage,262144,1,262389,291147,131437
1779838601.385760,spill,FileSystemStorage,262144,2,524778,570516,257817
1779838601.385763,spill,FileSystemStorage,262144,2,524778,714533,269553
1779838601.386084,spill,FileSystemStorage,262144,2,524778,655551,228367
1779838601.386712,spill,FileSystemStorage,262144,1,262389,493738,136448
1779838601.386909,spill,FileSystemStorage,262144,1,262389,304428,154186
1779838601.387110,spill,FileSystemStorage,262144,3,787167,952908,440568
1779838601.387138,spill,FileSystemStorage,262144,3,787167,858217,445804
1779838601.387287,spill,FileSystemStorage,262144,1,262389,248328,105766
1779838601.388277,spill,FileSystemStorage,262144,1,262389,262238,134560
1779838601.388378,spill,FileSystemStorage,262144,2,524778,476820,248057
1779838601.388772,spill,FileSystemStorage,262144,1,262389,398493,153599
1779838601.389029,spill,FileSystemStorage,262144,6,1574334,1062722,721983
1779838601.389389,spill,FileSystemStorage,262144,2,524778,508031,239879
1779838601.389586,spill,FileSystemStorage,262144,1,262389,347810,173092
1779838601.390165,spill,FileSystemStorage,262144,5,1311945,869578,568451
1779838601.390185,spill,FileSystemStorage,262144,1,262389,326424,119300
1779838601.391005,spill,FileSystemStorage,262144,1,262389,383510,164332
1779838601.391061,spill,FileSystemStorage,262144,1,262389,413767,228724
1779838601.391455,spill,FileSystemStorage,262144,2,524778,457859,263437
1779838601.391457,spill,FileSystemStorage,262144,3,787167,598212,349283
1779838601.392026,spill,FileSystemStorage,262144,1,262389,375472,184082
1779838601.392039,spill,FileSystemStorage,262144,2,524778,570034,326082
1779838601.392394,spill,FileSystemStorage,262144,2,524778,403760,236836
1779838601.392394,spill,FileSystemStorage,262144,1,262389,342388,157600
1779838601.392601,spill,FileSystemStorage,262144,1,262389,248107,112598
1779838601.393042,spill,FileSystemStorage,262144,1,262389,279857,124549
1779838601.393331,spill,FileSystemStorage,262144,2,524778,411710,234855
1779838601.853349,spill,FileSystemStorage,262144,2,524778,598306,233998
1779838601.854585,spill,FileSystemStorage,262144,3,787167,703667,372729
1779838601.854639,spill,FileSystemStorage,262144,3,787167,742761,360348
1779838601.855154,spill,FileSystemStorage,262144,3,787167,649707,350411
1779838601.856103,spill,FileSystemStorage,262144,2,524778,435243,236635
1779838601.856407,spill,FileSystemStorage,262144,1,262389,740203,144665
1779838601.856610,spill,FileSystemStorage,262144,4,1049556,890716,519315
1779838601.857450,spill,FileSystemStorage,262144,5,1311945,807531,512790
1779838601.858719,spill,FileSystemStorage,262144,1,262389,273853,118401
1779838601.858938,spill,FileSystemStorage,262144,1,262389,308693,156977
1779838601.859158,spill,FileSystemStorage,262144,2,524778,555891,267722
1779838601.859655,spill,FileSystemStorage,262144,1,262389,319622,130161
1779838601.860627,spill,FileSystemStorage,262144,2,524778,464105,222430
1779838601.861429,spill,FileSystemStorage,262144,1,262389,237350,121030
1779838601.861633,spill,FileSystemStorage,262144,4,1049556,1130436,490782
1779838601.861722,spill,FileSystemStorage,262144,1,262389,792753,153267
1779838601.862436,spill,FileSystemStorage,262144,2,524778,352429,206193
1779838601.862685,spill,FileSystemStorage,262144,1,262389,297914,131165
1779838601.862779,spill,FileSystemStorage,262144,1,262389,338830,142975
1779838601.863199,spill,FileSystemStorage,262144,2,524778,417054,238210
1779838601.863702,spill,FileSystemStorage,262144,1,262389,310349,135559
1779838601.864436,spill,FileSystemStorage,262144,1,262389,268197,138792
1779838601.864465,spill,FileSystemStorage,262144,6,1574334,1086077,711858
1779838601.865250,spill,FileSystemStorage,262144,1,262389,259133,112474
1779838601.865732,spill,FileSystemStorage,262144,3,787167,496611,312811
1779838601.866403,spill,FileSystemStorage,262144,3,787167,684132,400968
1779838601.866422,spill,FileSystemStorage,262144,2,524778,458222,259552
1779838601.866742,spill,FileSystemStorage,262144,1,262389,252877,122411
1779838601.867139,spill,FileSystemStorage,262144,1,262389,323885,153101
1779838601.867248,spill,FileSystemStorage,262144,1,262389,318253,134779
1779838601.867368,spill,FileSystemStorage,262144,1,262389,314300,132092
1779838601.867869,spill,FileSystemStorage,262144,1,262389,253669,120703
1779838601.867975,spill,FileSystemStorage,262144,1,262389,220642,114671
1779838601.868651,spill,FileSystemStorage,262144,1,262389,262548,134056
1779838601.868722,spill,FileSystemStorage,262144,3,787167,682096,406013
1779838601.868819,spill,FileSystemStorage,262144,2,524778,588360,323464
1779838601.869677,spill,FileSystemStorage,262144,2,524778,441840,267216
1779838601.869742,spill,FileSystemStorage,262144,1,262389,297975,131980
1779838601.869860,spill,FileSystemStorage,262144,1,262389,356465,179092
1779838601.870470,spill,FileSystemStorage,262144,1,262389,263102,134095
1779838601.870656,spill,FileSystemStorage,262144,2,524778,390968,247326
1779838601.870923,spill,FileSystemStorage,262144,2,524778,544688,278574
1779838601.871434,spill,FileSystemStorage,262144,2,524778,437694,238083
1779838601.871502,spill,FileSystemStorage,262144,1,262389,287865,143541
1779838601.872407,spill,FileSystemStorage,262144,1,262389,299398,133591
1779838601.872797,spill,FileSystemStorage,262144,1,262389,257060,128470
1779838601.872851,spill,FileSystemStorage,262144,1,262389,284679,138277
1779838601.873251,spill,FileSystemStorage,262144,1,262389,362844,156879
1779838601.873624,spill,FileSystemStorage,262144,1,262389,245040,123518
1779838601.873883,spill,FileSystemStorage,262144,2,524778,410478,250172
1779838601.874532,spill,FileSystemStorage,262144,2,524778,421463,250391
1779838601.874590,spill,FileSystemStorage,262144,1,262389,253088,133130
1779838601.874951,spill,FileSystemStorage,262144,2,524778,569329,329600
1779838601.875306,spill,FileSystemStorage,262144,2,524778,493631,254715
1779838601.875474,spill,FileSystemStorage,262144,2,524778,401213,245280
1779838601.876169,spill,FileSystemStorage,262144,1,262389,294761,145572
1779838601.876173,spill,FileSystemStorage,262144,1,262389,325382,163339
1779838601.876336,spill,FileSystemStorage,262144,1,262389,256120,123578
1779838601.877177,spill,FileSystemStorage,262144,3,787167,697964,431301
1779838601.877233,spill,FileSystemStorage,262144,1,262389,269125,127723
1779838601.877623,spill,FileSystemStorage,262144,1,262389,699098,153902
1779838601.878298,spill,FileSystemStorage,262144,1,262389,316142,143992
1779838601.878333,spill,FileSystemStorage,262144,3,787167,572058,387024
1779838601.878336,spill,FileSystemStorage,262144,1,262389,323311,167067
1779838601.879127,spill,FileSystemStorage,262144,1,262389,335294,175246
1779838601.879313,spill,FileSystemStorage,262144,1,262389,404712,208142
1779838601.879359,spill,FileSystemStorage,262144,1,262389,432698,175842
1779838601.880254,spill,FileSystemStorage,262144,1,262389,382140,183736
1779838601.880387,spill,FileSystemStorage,262144,1,262389,321961,155722
1779838601.881067,spill,FileSystemStorage,262144,1,262389,646315,152779
1779838601.881204,spill,FileSystemStorage,262144,2,524778,430303,256447
1779838601.881706,spill,FileSystemStorage,262144,3,787167,692179,407161
1779838601.881807,spill,FileSystemStorage,262144,1,262389,294307,129167
1779838601.882077,spill,FileSystemStorage,262144,2,524778,429131,246218
1779838601.882558,spill,FileSystemStorage,262144,1,262389,294579,132046
1779838601.882759,spill,FileSystemStorage,262144,2,524778,448787,251044
1779838601.883092,spill,FileSystemStorage,262144,1,262389,299745,148225
1779838601.884208,spill,FileSystemStorage,262144,4,1049556,795193,497321
1779838601.884328,spill,FileSystemStorage,262144,1,262389,334735,148154
1779838601.884401,spill,FileSystemStorage,262144,2,524778,409409,251618
1779838601.885203,spill,FileSystemStorage,262144,2,524778,448549,242204
1779838601.885787,spill,FileSystemStorage,262144,1,262389,269760,131040
1779838601.886642,spill,FileSystemStorage,262144,1,262389,297387,136197
1779838601.886968,spill,FileSystemStorage,262144,2,524778,456761,289489
1779838601.887098,spill,FileSystemStorage,262144,4,1049556,834570,527710
1779838601.887641,spill,FileSystemStorage,262144,3,787167,601179,363630
1779838601.888184,spill,FileSystemStorage,262144,2,524778,435843,245042
1779838601.888417,spill,FileSystemStorage,262144,1,262389,342005,141681
1779838601.888612,spill,FileSystemStorage,262144,1,262389,372407,152268
1779838601.889000,spill,FileSystemStorage,262144,1,262389,241235,123655
1779838601.889181,spill,FileSystemStorage,262144,1,262389,284689,141278
1779838601.889669,spill,FileSystemStorage,262144,2,524778,448050,257428
1779838601.889802,spill,FileSystemStorage,262144,1,262389,224604,118240
1779838601.889942,spill,FileSystemStorage,262144,1,262389,277848,139122
1779838601.890917,spill,FileSystemStorage,262144,2,524778,495891,298860
1779838601.891066,spill,FileSystemStorage,262144,4,1049556,790169,570820
1779838601.891102,spill,FileSystemStorage,262144,1,262389,329396,177736
1779838601.892629,spill,FileSystemStorage,262144,1,262389,291155,135360
1779838601.892700,spill,FileSystemStorage,262144,1,262389,316544,144695
1779838601.892879,spill,FileSystemStorage,262144,2,524778,542809,272354
1779838601.893662,spill,FileSystemStorage,262144,1,262389,234926,120492
1779838601.894193,spill,FileSystemStorage,262144,1,262389,274365,133447
1779838601.894490,spill,FileSystemStorage,262144,3,787167,630856,387785
1779838601.894606,spill,FileSystemStorage,262144,1,262389,231929,123531
1779838601.895098,spill,FileSystemStorage,262144,1,262389,289041,142199
1779838601.895239,spill,FileSystemStorage,262144,1,262389,244569,132135
1779838601.895388,spill,FileSystemStorage,262144,1,262389,294383,123947
1779838601.895804,spill,FileSystemStorage,262144,1,262389,250344,137333
1779838601.896118,spill,FileSystemStorage,262144,3,787167,626177,376018
1779838601.896359,spill,FileSystemStorage,262144,2,524778,416534,233787
1779838601.896737,spill,FileSystemStorage,262144,1,262389,223488,121823
1779838601.897460,spill,FileSystemStorage,262144,1,262389,233219,132099
1779838601.897629,spill,FileSystemStorage,262144,1,262389,303890,150693
1779838601.897661,spill,FileSystemStorage,262144,2,524778,490558,289612
1779838601.898137,spill,FileSystemStorage,262144,1,262389,242660,123343
1779838601.898259,spill,FileSystemStorage,262144,1,262389,271736,132665
1779838601.898483,spill,FileSystemStorage,262144,2,524778,442860,264933
1779838601.898704,spill,FileSystemStorage,262144,1,262389,223370,124777
1779838601.899197,spill,FileSystemStorage,262144,1,262389,332826,133911
1779838601.899367,spill,FileSystemStorage,262144,3,787167,647689,378835
1779838601.899679,spill,FileSystemStorage,262144,1,262389,249335,128518
1779838601.900142,spill,FileSystemStorage,262144,1,262389,253597,127973
1779838601.900334,spill,FileSystemStorage,262144,2,524778,442538,253358
1779838601.900632,spill,FileSystemStorage,262144,1,262389,250153,138528
1779838601.901085,spill,FileSystemStorage,262144,2,524778,476867,280228
1779838601.901319,spill,FileSystemStorage,262144,3,787167,642765,397038
1779838601.901610,spill,FileSystemStorage,262144,1,262389,262566,131279
1779838601.901792,spill,FileSystemStorage,262144,1,262389,288815,151234
1779838601.901928,spill,FileSystemStorage,262144,1,262389,263587,131245
1779838601.902247,spill,FileSystemStorage,262144,2,524778,375409,241821
1779838601.902767,spill,FileSystemStorage,262144,1,262389,369447,171452
1779838601.902864,spill,FileSystemStorage,262144,1,262389,270359,139732
1779838601.903113,spill,FileSystemStorage,262144,1,262389,301853,153576
1779838601.903606,spill,FileSystemStorage,262144,1,262389,262851,138656
1779838601.903816,spill,FileSystemStorage,262144,2,524778,570300,309222
1779838601.903881,spill,FileSystemStorage,262144,1,262389,240147,124162
1779838601.904313,spill,FileSystemStorage,262144,1,262389,277399,122257
1779838601.904664,spill,FileSystemStorage,262144,1,262389,228791,123608
1779838601.904997,spill,FileSystemStorage,262144,2,524778,537060,299443
1779838601.905500,spill,FileSystemStorage,262144,3,787167,615599,382776
1779838601.905817,spill,FileSystemStorage,262144,1,262389,248652,147616
1779838601.905933,spill,FileSystemStorage,262144,1,262389,344380,148470
1779838601.906472,spill,FileSystemStorage,262144,2,524778,382765,248756
1779838601.906589,spill,FileSystemStorage,262144,2,524778,453647,257781
1779838601.906861,spill,FileSystemStorage,262144,1,262389,288915,131381
1779838601.907381,spill,FileSystemStorage,262144,2,524778,418263,242203
1779838601.907757,spill,FileSystemStorage,262144,2,524778,431138,242372
1779838601.907839,spill,FileSystemStorage,262144,1,262389,318475,137104
1779838601.908317,spill,FileSystemStorage,262144,1,262389,329530,129868
1779838601.909319,spill,FileSystemStorage,262144,2,524778,637002,251545
1779838601.910515,spill,FileSystemStorage,262144,2,524778,706226,253228
1779838601.910897,spill,FileSystemStorage,262144,1,262389,580767,142350
1779838601.911654,spill,FileSystemStorage,262144,1,262389,701646,142689
1779838601.912616,spill,FileSystemStorage,262144,2,524778,520118,256299
1779838601.913948,spill,FileSystemStorage,262144,1,262389,422829,119855
1779838601.915025,spill,FileSystemStorage,262144,1,262389,272569,160056
1779838601.915671,spill,FileSystemStorage,262144,1,262389,324209,140346
1779838601.915914,spill,FileSystemStorage,262144,4,1049556,833053,495819
1779838601.916221,spill,FileSystemStorage,262144,1,262389,242962,121795
1779838601.916946,spill,FileSystemStorage,262144,1,262389,257561,115689
1779838601.917254,spill,FileSystemStorage,262144,1,262389,238112,136296
1779838601.917253,spill,FileSystemStorage,262144,1,262389,308334,140164
1779838601.917640,spill,FileSystemStorage,262144,2,524778,414582,240480
1779838601.918364,spill,FileSystemStorage,262144,4,1049556,709254,492787
1779838601.918383,spill,FileSystemStorage,262144,1,262389,278195,137600
1779838601.918514,spill,FileSystemStorage,262144,2,524778,621914,351069
1779838601.919034,spill,FileSystemStorage,262144,1,262389,301780,166202
1779838601.919108,spill,FileSystemStorage,262144,1,262389,312205,159925
1779838601.919632,spill,FileSystemStorage,262144,2,524778,549810,300278
1779838601.920325,spill,FileSystemStorage,262144,1,262389,357239,144823
1779838601.920516,spill,FileSystemStorage,262144,1,262389,361503,145556
1779838601.921009,spill,FileSystemStorage,262144,1,262389,375594,171924
1779838601.921245,spill,FileSystemStorage,262144,2,524778,446584,254349
1779838601.921727,spill,FileSystemStorage,262144,1,262389,372219,181471
1779838601.921831,spill,FileSystemStorage,262144,1,262389,278635,145960
1779838601.921836,spill,FileSystemStorage,262144,4,1049556,757610,496906
1779838601.922416,spill,FileSystemStorage,262144,1,262389,314582,139729
1779838601.922645,spill,FileSystemStorage,262144,2,524778,460871,281018
1779838601.922739,spill,FileSystemStorage,262144,2,524778,436207,253065
1779838601.923007,spill,FileSystemStorage,262144,1,262389,319544,155238
1779838601.923361,spill,FileSystemStorage,262144,1,262389,265296,131917
1779838601.923465,spill,FileSystemStorage,262144,2,524778,499120,272391
1779838601.923782,spill,FileSystemStorage,262144,1,262389,260284,126387
1779838601.924332,spill,FileSystemStorage,262144,2,524778,511650,279962
1779838601.924493,spill,FileSystemStorage,262144,1,262389,264144,138144
1779838601.924814,spill,FileSystemStorage,262144,1,262389,293113,128073
1779838601.924936,spill,FileSystemStorage,262144,1,262389,252585,128098
1779838601.925201,spill,FileSystemStorage,262144,1,262389,283253,133638
1779838601.925436,spill,FileSystemStorage,262144,1,262389,317987,151579
1779838601.925574,spill,FileSystemStorage,262144,1,262389,239130,122040
1779838601.926001,spill,FileSystemStorage,262144,2,524778,449887,267044
1779838601.926094,spill,FileSystemStorage,262144,1,262389,296016,142079
1779838601.926497,spill,FileSystemStorage,262144,1,262389,244809,129509
1779838601.926791,spill,FileSystemStorage,262144,1,262389,280298,140998
1779838601.927230,spill,FileSystemStorage,262144,2,524778,497769,278245
1779838601.927468,spill,FileSystemStorage,262144,1,262389,279756,137168
1779838601.927501,spill,FileSystemStorage,262144,1,262389,297087,135297
1779838601.927956,spill,FileSystemStorage,262144,1,262389,321852,150154
1779838601.928271,spill,FileSystemStorage,262144,1,262389,340895,143158
1779838601.928504,spill,FileSystemStorage,262144,1,262389,288424,140961
1779838601.928625,spill,FileSystemStorage,262144,1,262389,285147,128926
1779838601.928816,spill,FileSystemStorage,262144,1,262389,254444,123891
1779838601.929178,spill,FileSystemStorage,262144,1,262389,283365,139874
1779838601.929246,spill,FileSystemStorage,262144,1,262389,276605,136663
1779838601.929385,spill,FileSystemStorage,262144,1,262389,232498,122882
1779838601.929743,spill,FileSystemStorage,262144,1,262389,262842,128749
1779838601.930003,spill,FileSystemStorage,262144,2,524778,411811,236947
1779838601.930171,spill,FileSystemStorage,262144,1,262389,232347,123648
1779838601.930614,spill,FileSystemStorage,262144,2,524778,414201,239732
1779838601.930727,spill,FileSystemStorage,262144,1,262389,261948,139203
1779838601.931302,spill,FileSystemStorage,262144,1,262389,272660,131811
1779838601.931343,spill,FileSystemStorage,262144,1,262389,295733,144707
1779838601.931495,spill,FileSystemStorage,262144,1,262389,255305,127177
1779838601.932056,spill,FileSystemStorage,262144,1,262389,305023,145624
1779838601.932073,spill,FileSystemStorage,262144,1,262389,315927,154327
1779838601.932621,spill,FileSystemStorage,262144,1,262389,322894,127018
1779838601.933928,spill,FileSystemStorage,262144,1,262389,1445829,144628
1779838601.937036,spill,FileSystemStorage,262144,2,524778,495737,238867
1779838601.937386,spill,FileSystemStorage,262144,2,524778,410848,235309
1779838601.937845,spill,FileSystemStorage,262144,2,524778,503142,276728
1779838601.938016,spill,FileSystemStorage,262144,1,262389,229017,116353
1779838601.938561,spill,FileSystemStorage,262144,1,262389,315441,140465
1779838601.938799,spill,FileSystemStorage,262144,2,524778,416784,266803
1779838601.938993,spill,FileSystemStorage,262144,4,1049556,880718,540316
1779838601.939082,spill,FileSystemStorage,262144,1,262389,276379,143070
1779838601.939394,spill,FileSystemStorage,262144,1,262389,249532,121353
1779838601.939771,spill,FileSystemStorage,262144,2,524778,421783,238728
1779838601.939980,spill,FileSystemStorage,262144,1,262389,276972,129326
1779838601.940598,spill,FileSystemStorage,262144,2,524778,364705,236175
1779838601.940917,spill,FileSystemStorage,262144,2,524778,443920,242987
1779838601.941127,spill,FileSystemStorage,262144,1,262389,262477,122272
1779838601.941530,spill,FileSystemStorage,262144,1,262389,252055,138105
1779838601.941529,spill,FileSystemStorage,262144,1,262389,260668,136172
1779838601.942333,spill,FileSystemStorage,262144,2,524778,401898,240359
1779838601.942695,spill,FileSystemStorage,262144,1,262389,240484,137549
1779838601.942758,spill,FileSystemStorage,262144,1,262389,296050,139236
1779838601.943338,spill,FileSystemStorage,262144,3,787167,619180,419578
1779838601.943516,spill,FileSystemStorage,262144,1,262389,265492,143585
1779838601.944393,spill,FileSystemStorage,262144,1,262389,600075,149834
1779838601.945360,spill,FileSystemStorage,262144,1,262389,252400,120069
1779838601.946034,spill,FileSystemStorage,262144,1,262389,283148,138992
1779838601.946100,spill,FileSystemStorage,262144,1,262389,277312,130460
1779838601.946575,spill,FileSystemStorage,262144,3,787167,523935,360745
1779838601.946767,spill,FileSystemStorage,262144,2,524778,436379,276497
1779838601.946841,spill,FileSystemStorage,262144,1,262389,250501,128301
1779838601.947175,spill,FileSystemStorage,262144,1,262389,278388,123903
1779838601.947589,spill,FileSystemStorage,262144,1,262389,270376,134156
1779838601.947602,spill,FileSystemStorage,262144,1,262389,272808,132163
1779838601.948267,spill,FileSystemStorage,262144,1,262389,231166,119475
1779838601.949512,spill,FileSystemStorage,262144,4,1049556,704297,480265
1779838601.949820,spill,FileSystemStorage,262144,3,787167,637377,382979
1779838601.949965,spill,FileSystemStorage,262144,1,262389,237233,121386
1779838601.950498,spill,FileSystemStorage,262144,2,524778,370822,233883
1779838601.950776,spill,FileSystemStorage,262144,1,262389,273859,130123
1779838601.951384,spill,FileSystemStorage,262144,1,262389,308351,151927
1779838601.951489,spill,FileSystemStorage,262144,4,1049556,720090,518980
1779838601.952238,spill,FileSystemStorage,262144,2,524778,442178,245865
1779838601.952487,spill,FileSystemStorage,262144,1,262389,257261,129489
1779838601.952621,spill,FileSystemStorage,262144,2,524778,408999,251251
1779838601.952939,spill,FileSystemStorage,262144,1,262389,279187,127321
1779838601.953316,spill,FileSystemStorage,262144,2,524778,431755,272988
1779838601.953670,spill,FileSystemStorage,262144,2,524778,386618,236579
1779838601.953811,spill,FileSystemStorage,262144,1,262389,249251,144099
1779838601.954088,spill,FileSystemStorage,262144,1,262389,257204,121984
1779838601.954355,spill,FileSystemStorage,262144,1,262389,248799,125537
1779838601.954403,spill,FileSystemStorage,262144,1,262389,295065,133366
1779838601.954808,spill,FileSystemStorage,262144,1,262389,251730,120893
1779838601.955020,spill,FileSystemStorage,262144,1,262389,273167,158260
1779838601.955168,spill,FileSystemStorage,262144,1,262389,262594,118758
1779838601.955538,spill,FileSystemStorage,262144,1,262389,240708,125333
1779838601.956038,spill,FileSystemStorage,262144,2,524778,368902,233332
1779838601.956336,spill,FileSystemStorage,262144,1,262389,234537,131625
1779838601.956531,spill,FileSystemStorage,262144,1,262389,283433,154939
1779838601.956613,spill,FileSystemStorage,262144,1,262389,266785,137337
1779838601.956847,spill,FileSystemStorage,262144,1,262389,252150,132139
1779838601.957455,spill,FileSystemStorage,262144,2,524778,404605,268897
1779838601.957516,spill,FileSystemStorage,262144,1,262389,231393,142926
1779838601.957784,spill,FileSystemStorage,262144,1,262389,287084,131968
1779838601.958026,spill,FileSystemStorage,262144,1,262389,290798,129858
1779838601.958199,spill,FileSystemStorage,262144,1,262389,252255,130494
1779838601.958520,spill,FileSystemStorage,262144,1,262389,243750,119933
1779838601.959062,spill,FileSystemStorage,262144,2,524778,475583,303570
1779838601.959100,spill,FileSystemStorage,262144,1,262389,287551,161743
1779838601.959488,spill,FileSystemStorage,262144,2,524778,401012,236528
1779838601.960244,spill,FileSystemStorage,262144,2,524778,365425,230073
1779838601.960439,spill,FileSystemStorage,262144,1,262389,243368,122349
1779838601.960894,spill,FileSystemStorage,262144,2,524778,365068,233540
1779838601.961267,spill,FileSystemStorage,262144,1,262389,271362,131975
1779838601.961676,spill,FileSystemStorage,262144,1,262389,275759,136820
1779838601.961742,spill,FileSystemStorage,262144,3,787167,536376,370217
1779838601.962248,spill,FileSystemStorage,262144,1,262389,242420,126516
1779838601.962491,spill,FileSystemStorage,262144,1,262389,363046,145186
1779838601.962550,spill,FileSystemStorage,262144,1,262389,260013,131771
1779838601.962822,spill,FileSystemStorage,262144,1,262389,275835,138394
1779838601.963145,spill,FileSystemStorage,262144,1,262389,343710,169576
1779838601.963225,spill,FileSystemStorage,262144,1,262389,278433,122195
1779838601.963636,spill,FileSystemStorage,262144,1,262389,252313,138595
1779838601.963764,spill,FileSystemStorage,262144,1,262389,267657,126158
1779838601.963959,spill,FileSystemStorage,262144,1,262389,248238,131912
1779838601.964604,spill,FileSystemStorage,262144,1,262389,235958,130656
1779838601.964705,spill,FileSystemStorage,262144,1,262389,284731,130474
1779838601.964806,spill,FileSystemStorage,262144,1,262389,286993,128487
1779838601.965231,spill,FileSystemStorage,262144,1,262389,229678,119178
1779838601.965722,spill,FileSystemStorage,262144,1,262389,249200,122341
1779838601.966042,spill,FileSystemStorage,262144,2,524778,492510,270551
1779838601.966269,spill,FileSystemStorage,262144,2,524778,388919,248290
1779838601.966711,spill,FileSystemStorage,262144,1,262389,249838,126691
1779838601.966948,spill,FileSystemStorage,262144,1,262389,238578,136986
1779838601.967142,spill,FileSystemStorage,262144,3,787167,668825,431620
1779838601.967341,spill,FileSystemStorage,262144,1,262389,301565,133017
1779838601.967788,spill,FileSystemStorage,262144,1,262389,387598,153309
1779838601.968022,spill,FileSystemStorage,262144,1,262389,272960,126488
1779838601.969216,spill,FileSystemStorage,262144,3,787167,610107,364200
1779838601.969540,spill,FileSystemStorage,262144,2,524778,456015,262542
1779838601.970374,spill,FileSystemStorage,262144,1,262389,294644,140784
1779838601.970548,spill,FileSystemStorage,262144,5,1311945,848341,611047
1779838601.971091,spill,FileSystemStorage,262144,2,524778,534286,313955
1779838601.971238,spill,FileSystemStorage,262144,2,524778,458025,287132
1779838601.971282,spill,FileSystemStorage,262144,1,262389,262745,145882
1779838601.971699,spill,FileSystemStorage,262144,1,262389,255258,122036
1779838601.972228,spill,FileSystemStorage,262144,2,524778,377123,240741
1779838601.972426,spill,FileSystemStorage,262144,1,262389,285563,127919
1779838601.973359,spill,FileSystemStorage,262144,1,262389,282773,129319
1779838601.973582,spill,FileSystemStorage,262144,1,262389,246437,132713
1779838601.973839,spill,FileSystemStorage,262144,3,787167,633886,403160
1779838601.973918,spill,FileSystemStorage,262144,1,262389,249732,123554
1779838601.974863,spill,FileSystemStorage,262144,2,524778,423286,249276
1779838601.975261,spill,FileSystemStorage,262144,3,787167,605706,407935
1779838601.975699,spill,FileSystemStorage,262144,1,262389,306353,136362
1779838601.976102,spill,FileSystemStorage,262144,3,787167,636929,371949
1779838601.976193,spill,FileSystemStorage,262144,1,262389,254367,126863
1779838601.976638,spill,FileSystemStorage,262144,1,262389,290489,132022
1779838601.976722,spill,FileSystemStorage,262144,1,262389,263125,129958
1779838601.977077,spill,FileSystemStorage,262144,2,524778,488673,261021
1779838601.977410,spill,FileSystemStorage,262144,2,524778,404236,233344
1779838601.978045,spill,FileSystemStorage,262144,1,262389,273647,126851
1779838601.978275,spill,FileSystemStorage,262144,1,262389,276673,125913
1779838601.978596,spill,FileSystemStorage,262144,1,262389,340646,147860
1779838601.978729,spill,FileSystemStorage,262144,1,262389,266847,131847
1779838601.979049,spill,FileSystemStorage,262144,1,262389,302819,168613
1779838601.979285,spill,FileSystemStorage,262144,1,262389,277175,131483
1779838601.979491,spill,FileSystemStorage,262144,1,262389,246024,127924
1779838601.979913,spill,FileSystemStorage,262144,1,262389,266165,127119
1779838601.980466,spill,FileSystemStorage,262144,2,524778,416522,262404
1779838601.980480,spill,FileSystemStorage,262144,1,262389,254764,134674
1779838601.980690,spill,FileSystemStorage,262144,1,262389,250198,124812
1779838601.980974,spill,FileSystemStorage,262144,1,262389,254124,134030
1779838601.981192,spill,FileSystemStorage,262144,1,262389,284606,126975
1779838601.981326,spill,FileSystemStorage,262144,1,262389,240627,134126
1779838601.981546,spill,FileSystemStorage,262144,1,262389,224390,124162
1779838601.982108,spill,FileSystemStorage,262144,2,524778,499081,302827
1779838601.982344,spill,FileSystemStorage,262144,1,262389,262343,136655
1779838601.982795,spill,FileSystemStorage,262144,2,524778,468123,252395
1779838601.982857,spill,FileSystemStorage,262144,1,262389,269596,139093
1779838601.983264,spill,FileSystemStorage,262144,1,262389,252438,125684
1779838601.983513,spill,FileSystemStorage,262144,1,262389,245287,123740
1779838601.984149,spill,FileSystemStorage,262144,2,524778,415334,265139
1779838601.984186,spill,FileSystemStorage,262144,1,262389,242103,132463
1779838601.984480,spill,FileSystemStorage,262144,1,262389,276865,134670
1779838601.984726,spill,FileSystemStorage,262144,1,262389,271338,122054
1779838601.985453,spill,FileSystemStorage,262144,3,787167,583418,377304
1779838601.985549,spill,FileSystemStorage,262144,1,262389,258289,126842
1779838601.986092,spill,FileSystemStorage,262144,2,524778,390757,244429
1779838601.986201,spill,FileSystemStorage,262144,1,262389,222233,118705
1779838601.986797,spill,FileSystemStorage,262144,2,524778,435795,252707
1779838601.986838,spill,FileSystemStorage,262144,1,262389,294735,139647
1779838601.987101,spill,FileSystemStorage,262144,1,262389,292092,152307
1779838601.987388,spill,FileSystemStorage,262144,1,262389,269248,125241
1779838601.987854,spill,FileSystemStorage,262144,1,262389,277117,133847
1779838601.987974,spill,FileSystemStorage,262144,2,524778,422795,269645
1779838601.988301,spill,FileSystemStorage,262144,1,262389,272945,137161
1779838601.988918,spill,FileSystemStorage,262144,1,262389,280212,132868
1779838601.989438,spill,FileSystemStorage,262144,3,787167,555677,364733
1779838601.989908,spill,FileSystemStorage,262144,2,524778,443149,277453
1779838601.989985,spill,FileSystemStorage,262144,1,262389,279551,145674
1779838601.990192,spill,FileSystemStorage,262144,1,262389,261617,137237
1779838601.991270,spill,FileSystemStorage,262144,1,262389,271830,137676
1779838601.991757,spill,FileSystemStorage,262144,5,1311945,962695,649108
1779838601.991994,spill,FileSystemStorage,262144,1,262389,354882,160435
1779838601.992361,spill,FileSystemStorage,262144,2,524778,382085,241629
1779838601.992660,spill,FileSystemStorage,262144,1,262389,255687,122261
1779838601.992757,spill,FileSystemStorage,262144,1,262389,271065,135144
1779838601.993096,spill,FileSystemStorage,262144,1,262389,242336,123196
1779838601.993233,spill,FileSystemStorage,262144,1,262389,244573,141028
1779838601.993844,spill,FileSystemStorage,262144,1,262389,247196,137368
1779838601.993863,spill,FileSystemStorage,262144,1,262389,241052,134155
1779838601.994021,spill,FileSystemStorage,262144,3,787167,648500,420798
1779838601.994293,spill,FileSystemStorage,262144,1,262389,217578,117404
1779838601.994542,spill,FileSystemStorage,262144,1,262389,223647,121905
1779838601.994911,spill,FileSystemStorage,262144,1,262389,265531,145234
1779838601.995154,spill,FileSystemStorage,262144,1,262389,327458,138709
1779838601.995240,spill,FileSystemStorage,262144,1,262389,235331,119291
1779838601.995789,spill,FileSystemStorage,262144,1,262389,287195,140149
1779838601.996181,spill,FileSystemStorage,262144,1,262389,255963,124554
1779838601.996662,spill,FileSystemStorage,262144,1,262389,248237,134548
1779838601.996661,spill,FileSystemStorage,262144,2,524778,449714,268580
1779838601.997312,spill,FileSystemStorage,262144,1,262389,268509,138599
1779838601.997349,spill,FileSystemStorage,262144,2,524778,465686,282947
1779838601.997746,spill,FileSystemStorage,262144,2,524778,406831,254725
1779838601.997821,spill,FileSystemStorage,262144,1,262389,220934,125541
1779838601.998119,spill,FileSystemStorage,262144,1,262389,265612,133212
1779838601.998546,spill,FileSystemStorage,262144,1,262389,250974,128953
1779838601.998584,spill,FileSystemStorage,262144,1,262389,275938,152717
1779838601.998813,spill,FileSystemStorage,262144,1,262389,267110,136964
1779838601.999018,spill,FileSystemStorage,262144,1,262389,266364,152998
1779838601.999247,spill,FileSystemStorage,262144,1,262389,277354,123243
1779838601.999612,spill,FileSystemStorage,262144,1,262389,302601,160787
1779838601.999665,spill,FileSystemStorage,262144,1,262389,247126,128904
1779838602.000041,spill,FileSystemStorage,262144,1,262389,254372,124289
1779838602.000408,spill,FileSystemStorage,262144,1,262389,222901,123500
1779838602.000893,spill,FileSystemStorage,262144,2,524778,429882,269708
1779838602.000962,spill,FileSystemStorage,262144,1,262389,292035,167083
1779838602.001052,spill,FileSystemStorage,262144,1,262389,239385,147670
1779838602.001951,spill,FileSystemStorage,262144,3,787167,533845,347317
1779838602.002356,spill,FileSystemStorage,262144,1,262389,257995,137351
1779838602.002363,spill,FileSystemStorage,262144,1,262389,319716,168849
1779838602.002571,spill,FileSystemStorage,262144,1,262389,250268,122913
1779838602.002825,spill,FileSystemStorage,262144,1,262389,214355,120141
1779838602.003090,spill,FileSystemStorage,262144,1,262389,340721,164601
1779838602.003533,spill,FileSystemStorage,262144,1,262389,261173,143576
1779838602.003642,spill,FileSystemStorage,262144,2,524778,432856,257880
1779838602.004005,spill,FileSystemStorage,262144,1,262389,261726,134022
1779838602.004489,spill,FileSystemStorage,262144,1,262389,267219,143720
1779838602.004596,spill,FileSystemStorage,262144,1,262389,257876,119241
1779838602.004951,spill,FileSystemStorage,262144,1,262389,282551,133482
1779838602.005349,spill,FileSystemStorage,262144,1,262389,306180,159012
1779838602.005356,spill,FileSystemStorage,262144,1,262389,236470,134218
1779838602.005881,spill,FileSystemStorage,262144,2,524778,459698,269739
1779838602.005953,spill,FileSystemStorage,262144,1,262389,244594,124040
1779838602.006148,spill,FileSystemStorage,262144,1,262389,269891,131770
1779838602.006437,spill,FileSystemStorage,262144,1,262389,225065,121799
1779838602.006559,spill,FileSystemStorage,262144,1,262389,293901,143176
1779838602.006706,spill,FileSystemStorage,262144,1,262389,267554,140488
1779838602.006852,spill,FileSystemStorage,262144,1,262389,227739,121869
1779838602.007127,spill,FileSystemStorage,262144,1,262389,293653,159519
1779838602.007837,spill,FileSystemStorage,262144,2,524778,456881,286919
1779838602.008428,spill,FileSystemStorage,262144,2,524778,481594,277241
1779838602.008604,spill,FileSystemStorage,262144,2,524778,399159,249186
1779838602.008715,spill,FileSystemStorage,262144,1,262389,263228,129632
1779838602.008980,spill,FileSystemStorage,262144,1,262389,277682,139664
1779838602.009145,spill,FileSystemStorage,262144,1,262389,252445,144305
1779838602.009359,spill,FileSystemStorage,262144,1,262389,244905,118691
1779838602.009837,spill,FileSystemStorage,262144,1,262389,247827,122462
1779838602.010221,spill,FileSystemStorage,262144,1,262389,261168,137458
1779838602.010374,spill,FileSystemStorage,262144,2,524778,580145,294499
1779838602.010429,spill,FileSystemStorage,262144,1,262389,256988,130572
1779838602.010826,spill,FileSystemStorage,262144,1,262389,248796,128922
1779838602.010956,spill,FileSystemStorage,262144,1,262389,309083,165034
1779838602.011194,spill,FileSystemStorage,262144,1,262389,332395,130189
1779838602.011411,spill,FileSystemStorage,262144,1,262389,264680,136478
1779838602.011741,spill,FileSystemStorage,262144,1,262389,269553,134243
1779838602.011880,spill,FileSystemStorage,262144,1,262389,269234,127825
1779838602.012269,spill,FileSystemStorage,262144,1,262389,237264,123407
1779838602.012766,spill,FileSystemStorage,262144,2,524778,423137,249134
1779838602.012863,spill,FileSystemStorage,262144,1,262389,296577,147210
1779838602.012921,spill,FileSystemStorage,262144,1,262389,234705,129865
1779838602.013379,spill,FileSystemStorage,262144,1,262389,268523,126241
1779838602.013660,spill,FileSystemStorage,262144,2,524778,393564,254837
1779838602.014114,spill,FileSystemStorage,262144,1,262389,272885,137838
1779838602.014170,spill,FileSystemStorage,262144,1,262389,314988,154605
1779838602.014340,spill,FileSystemStorage,262144,1,262389,268560,141794
1779838602.014595,spill,FileSystemStorage,262144,1,262389,243397,124448
1779838602.014832,spill,FileSystemStorage,262144,1,262389,270781,141994
1779838602.015064,spill,FileSystemStorage,262144,1,262389,292645,151432
1779838602.015333,spill,FileSystemStorage,262144,1,262389,281023,147185
1779838602.015586,spill,FileSystemStorage,262144,1,262389,271353,126413
1779838602.015869,spill,FileSystemStorage,262144,1,262389,232694,119144
1779838602.016112,spill,FileSystemStorage,262144,1,262389,287416,134091
1779838602.016736,spill,FileSystemStorage,262144,2,524778,390172,246585
1779838602.016773,spill,FileSystemStorage,262144,1,262389,269149,142208
1779838602.017364,spill,FileSystemStorage,262144,2,524778,393138,234955
1779838602.017544,spill,FileSystemStorage,262144,1,262389,278846,134211
1779838602.017734,spill,FileSystemStorage,262144,1,262389,286933,149374
1779838602.017945,spill,FileSystemStorage,262144,1,262389,257585,137620
1779838602.018282,spill,FileSystemStorage,262144,2,524778,382610,230273
1779838602.018845,spill,FileSystemStorage,262144,2,524778,380137,231850
1779838602.019124,spill,FileSystemStorage,262144,1,262389,342446,173420
1779838602.019141,spill,FileSystemStorage,262144,1,262389,334528,169403
1779838602.019710,spill,FileSystemStorage,262144,1,262389,270488,134787
1779838602.019803,spill,FileSystemStorage,262144,1,262389,277070,148737
1779838602.020088,spill,FileSystemStorage,262144,1,262389,295350,140475
1779838602.020307,spill,FileSystemStorage,262144,1,262389,268865,126425
1779838602.020776,spill,FileSystemStorage,262144,2,524778,437900,261074
1779838602.021011,spill,FileSystemStorage,262144,1,262389,272025,133093
1779838602.021248,spill,FileSystemStorage,262144,1,262389,233926,121072
1779838602.021511,spill,FileSystemStorage,262144,1,262389,244733,121977
1779838602.021733,spill,FileSystemStorage,262144,1,262389,250766,131634
1779838602.022236,spill,FileSystemStorage,262144,1,262389,278960,137833
1779838602.022366,spill,FileSystemStorage,262144,2,524778,436173,259424
1779838602.022619,spill,FileSystemStorage,262144,1,262389,255474,134946
1779838602.022901,spill,FileSystemStorage,262144,1,262389,291572,148874
1779838602.023178,spill,FileSystemStorage,262144,1,262389,310053,138399
1779838602.023390,spill,FileSystemStorage,262144,1,262389,269377,149356
1779838602.023734,spill,FileSystemStorage,262144,1,262389,282001,146887
1779838602.023864,spill,FileSystemStorage,262144,1,262389,263675,137479
1779838602.024109,spill,FileSystemStorage,262144,1,262389,278498,128791
1779838602.024510,spill,FileSystemStorage,262144,2,524778,450474,280971
1779838602.025071,spill,FileSystemStorage,262144,2,524778,408103,258085
1779838602.025328,spill,FileSystemStorage,262144,2,524778,397888,238679
1779838602.025699,spill,FileSystemStorage,262144,1,262389,334806,146212
1779838602.025851,spill,FileSystemStorage,262144,1,262389,293279,138423
1779838602.025997,spill,FileSystemStorage,262144,1,262389,232135,124123
1779838602.026307,spill,FileSystemStorage,262144,1,262389,290243,140948
1779838602.026689,spill,FileSystemStorage,262144,2,524778,388897,249366
1779838602.027022,spill,FileSystemStorage,262144,1,262389,293478,175929
1779838602.027023,spill,FileSystemStorage,262144,1,262389,313257,178602
1779838602.027698,spill,FileSystemStorage,262144,2,524778,401879,241597
1779838602.028235,spill,FileSystemStorage,262144,2,524778,453175,281928
1779838602.028265,spill,FileSystemStorage,262144,1,262389,253543,135490
1779838602.028768,spill,FileSystemStorage,262144,1,262389,295015,137856
1779838602.028956,spill,FileSystemStorage,262144,1,262389,252089,127079
1779838602.029200,spill,FileSystemStorage,262144,1,262389,252156,123811
1779838602.029523,spill,FileSystemStorage,262144,1,262389,269253,133536
1779838602.029722,spill,FileSystemStorage,262144,1,262389,256985,140535
1779838602.029930,spill,FileSystemStorage,262144,1,262389,246020,126807
1779838602.030183,spill,FileSystemStorage,262144,1,262389,257223,121782
1779838602.030662,spill,FileSystemStorage,262144,2,524778,416509,237900
1779838602.030913,spill,FileSystemStorage,262144,1,262389,289253,136767
1779838602.031209,spill,FileSystemStorage,262144,1,262389,302264,132447
1779838602.031437,spill,FileSystemStorage,262144,1,262389,242793,120929
1779838602.031720,spill,FileSystemStorage,262144,1,262389,293970,127131
1779838602.031917,spill,FileSystemStorage,262144,1,262389,250322,124163
1779838602.032148,spill,FileSystemStorage,262144,1,262389,245949,131191
1779838602.032417,spill,FileSystemStorage,262144,1,262389,269943,137799
1779838602.032661,spill,FileSystemStorage,262144,1,262389,236681,124345
1779838602.032951,spill,FileSystemStorage,262144,1,262389,251758,126322
1779838602.033333,spill,FileSystemStorage,262144,2,524778,425381,250718
1779838602.033634,spill,FileSystemStorage,262144,1,262389,259932,135160
1779838602.033668,spill,FileSystemStorage,262144,1,262389,259615,135798
1779838602.034068,spill,FileSystemStorage,262144,1,262389,257142,124265
1779838602.034314,spill,FileSystemStorage,262144,1,262389,262113,132839
1779838602.034351,spill,FileSystemStorage,262144,1,262389,266709,142736
1779838602.034924,spill,FileSystemStorage,262144,1,262389,358430,149691
1779838602.035040,spill,FileSystemStorage,262144,1,262389,287148,175104
1779838602.035275,spill,FileSystemStorage,262144,1,262389,328641,135941
1779838602.035686,spill,FileSystemStorage,262144,2,524778,433207,243588
1779838602.036415,spill,FileSystemStorage,262144,1,262389,297189,158320
1779838602.036573,spill,FileSystemStorage,262144,2,524778,466697,274405
1779838602.036995,spill,FileSystemStorage,262144,2,524778,446022,262705
1779838602.037249,spill,FileSystemStorage,262144,1,262389,280772,148417
1779838602.037275,spill,FileSystemStorage,262144,1,262389,274212,150589
1779838602.037736,spill,FileSystemStorage,262144,1,262389,245805,130408
1779838602.038018,spill,FileSystemStorage,262144,1,262389,279441,146559
1779838602.038519,spill,FileSystemStorage,262144,2,524778,370695,234308
1779838602.038699,spill,FileSystemStorage,262144,1,262389,277825,139305
1779838602.039160,spill,FileSystemStorage,262144,2,524778,479346,260068
1779838602.039421,spill,FileSystemStorage,262144,1,262389,253981,134830
1779838602.039673,spill,FileSystemStorage,262144,1,262389,299244,128343
1779838602.040035,spill,FileSystemStorage,262144,1,262389,266862,136637
1779838602.040526,spill,FileSystemStorage,262144,2,524778,426181,264754
1779838602.041045,spill,FileSystemStorage,262144,2,524778,500627,303123
1779838602.041222,spill,FileSystemStorage,262144,1,262389,276819,157289
1779838602.041245,spill,FileSystemStorage,262144,1,262389,290043,149489
1779838602.041804,spill,FileSystemStorage,262144,1,262389,265898,128076
1779838602.042363,spill,FileSystemStorage,262144,1,262389,286349,153533
1779838602.042422,spill,FileSystemStorage,262144,3,787167,533463,373044
1779838602.043043,spill,FileSystemStorage,262144,1,262389,281590,166096
1779838602.043130,spill,FileSystemStorage,262144,2,524778,554653,297531
1779838602.043663,spill,FileSystemStorage,262144,2,524778,452542,267578
1779838602.045092,spill,FileSystemStorage,262144,2,524778,499418,253707
1779838602.045433,spill,FileSystemStorage,262144,1,262389,605164,138635
1779838602.045577,spill,FileSystemStorage,262144,2,524778,712502,250438
1779838602.046584,spill,FileSystemStorage,262144,2,524778,627709,248412
1779838602.046799,spill,FileSystemStorage,262144,1,262389,314984,144304
1779838602.047144,spill,FileSystemStorage,262144,2,524778,1000234,339130
1779838602.047158,spill,FileSystemStorage,262144,1,262389,300107,173103
1779838602.047463,spill,FileSystemStorage,262144,1,262389,297315,137545
1779838602.048007,spill,FileSystemStorage,262144,1,262389,250370,122973
1779838602.049519,spill,FileSystemStorage,262144,1,262389,1524965,131920
1779838602.052743,spill,FileSystemStorage,262144,3,787167,595855,351775
1779838602.053621,spill,FileSystemStorage,262144,1,262389,437292,201396
1779838602.053792,spill,FileSystemStorage,262144,2,524778,557195,322617
1779838602.053851,spill,FileSystemStorage,262144,2,524778,511543,275816
1779838602.054525,spill,FileSystemStorage,262144,1,262389,388382,189075
1779838602.054585,spill,FileSystemStorage,262144,1,262389,305546,151945
1779838602.055298,spill,FileSystemStorage,262144,1,262389,276439,139333
1779838602.055369,spill,FileSystemStorage,262144,1,262389,397345,193974
1779838602.055823,spill,FileSystemStorage,262144,8,2099112,1710709,1147594
1779838602.056520,spill,FileSystemStorage,262144,2,524778,410947,246879
1779838602.056543,spill,FileSystemStorage,262144,1,262389,297216,159462
1779838602.056749,spill,FileSystemStorage,262144,1,262389,287269,127679
1779838602.057278,spill,FileSystemStorage,262144,2,524778,415537,243840
1779838602.057326,spill,FileSystemStorage,262144,1,262389,250444,131585
1779838602.057635,spill,FileSystemStorage,262144,1,262389,289824,139374
1779838602.057872,spill,FileSystemStorage,262144,1,262389,253706,121767
1779838602.058283,spill,FileSystemStorage,262144,2,524778,385784,233766
1779838602.059094,spill,FileSystemStorage,262144,2,524778,609595,396547
1779838602.059158,spill,FileSystemStorage,262144,1,262389,313204,179951
1779838602.059194,spill,FileSystemStorage,262144,3,787167,777145,538605
1779838602.060260,spill,FileSystemStorage,262144,3,787167,652074,395415
1779838602.060437,spill,FileSystemStorage,262144,2,524778,521404,281819
1779838602.060510,spill,FileSystemStorage,262144,1,262389,324514,150837
1779838602.061836,spill,FileSystemStorage,262144,1,262389,305936,138634
1779838602.061868,spill,FileSystemStorage,262144,3,787167,635864,378645
1779838602.063092,spill,FileSystemStorage,262144,2,524778,500314,297093
1779838602.063266,spill,FileSystemStorage,262144,1,262389,352411,140917
1779838602.063482,spill,FileSystemStorage,262144,2,524778,581892,259568
1779838602.063980,spill,FileSystemStorage,262144,1,262389,261771,132803
1779838602.064069,spill,FileSystemStorage,262144,3,787167,648539,377441
1779838602.064584,spill,FileSystemStorage,262144,2,524778,560488,288823
1779838602.064686,spill,FileSystemStorage,262144,1,262389,260990,139819
1779838602.064992,spill,FileSystemStorage,262144,2,524778,421205,258538
1779838602.065572,spill,FileSystemStorage,262144,1,262389,339801,154714
1779838602.065790,spill,FileSystemStorage,262144,1,262389,289167,141958
1779838602.065896,spill,FileSystemStorage,262144,2,524778,466815,277311
1779838602.066178,spill,FileSystemStorage,262144,1,262389,256746,128558
1779838602.066656,spill,FileSystemStorage,262144,2,524778,476326,282715
1779838602.066912,spill,FileSystemStorage,262144,1,262389,301271,146661
1779838602.066937,spill,FileSystemStorage,262144,1,262389,308926,165133
1779838602.067581,spill,FileSystemStorage,262144,2,524778,460295,249614
1779838602.068270,spill,FileSystemStorage,262144,1,262389,295521,139727
1779838602.068300,spill,FileSystemStorage,262144,1,262389,280599,145987
1779838602.068715,spill,FileSystemStorage,262144,1,262389,263483,130933
1779838602.068859,spill,FileSystemStorage,262144,1,262389,245030,132508
1779838602.069276,spill,FileSystemStorage,262144,1,262389,309627,166025
1779838602.069958,spill,FileSystemStorage,262144,2,524778,455215,266017
1779838602.070114,spill,FileSystemStorage,262144,1,262389,299076,146398
1779838602.070125,spill,FileSystemStorage,262144,1,262389,317442,168265
1779838602.071052,spill,FileSystemStorage,262144,1,262389,390255,226527
1779838602.071222,spill,FileSystemStorage,262144,3,787167,685645,462580
1779838602.071267,spill,FileSystemStorage,262144,1,262389,316123,130607
1779838602.071889,spill,FileSystemStorage,262144,1,262389,319431,152350
1779838602.072377,spill,FileSystemStorage,262144,1,262389,283886,143806
1779838602.072916,spill,FileSystemStorage,262144,2,524778,445477,254049
1779838602.073392,spill,FileSystemStorage,262144,2,524778,427688,261663
1779838602.073556,spill,FileSystemStorage,262144,1,262389,284469,138329
1779838602.073600,spill,FileSystemStorage,262144,2,524778,490224,290685
1779838602.074198,spill,FileSystemStorage,262144,1,262389,239834,121244
1779838602.074445,spill,FileSystemStorage,262144,1,262389,294948,142571
1779838602.074550,spill,FileSystemStorage,262144,2,524778,430361,270554
1779838602.074741,spill,FileSystemStorage,262144,1,262389,277204,158929
1779838602.075335,spill,FileSystemStorage,262144,2,524778,571152,296807
1779838602.075395,spill,FileSystemStorage,262144,2,524778,502573,273801
1779838602.075640,spill,FileSystemStorage,262144,2,524778,433905,265725
1779838602.076751,spill,FileSystemStorage,262144,1,262389,278431,138016
1779838602.077000,spill,FileSystemStorage,262144,3,787167,592390,387369
1779838602.077439,spill,FileSystemStorage,262144,1,262389,317616,140949
1779838602.078353,spill,FileSystemStorage,262144,2,524778,518835,285696
1779838602.078653,spill,FileSystemStorage,262144,5,1311945,924943,648169
1779838602.078707,spill,FileSystemStorage,262144,1,262389,275712,129350
1779838602.079183,spill,FileSystemStorage,262144,2,524778,482394,273024
1779838602.079818,spill,FileSystemStorage,262144,3,787167,610092,388907
1779838602.080263,spill,FileSystemStorage,262144,1,262389,305128,143211
1779838602.080435,spill,FileSystemStorage,262144,2,524778,491225,289513
1779838602.080468,spill,FileSystemStorage,262144,1,262389,272881,129575
1779838602.080843,spill,FileSystemStorage,262144,1,262389,270471,127898
1779838602.081239,spill,FileSystemStorage,262144,2,524778,389753,250001
1779838602.081872,spill,FileSystemStorage,262144,2,524778,414382,239090
1779838602.082032,spill,FileSystemStorage,262144,1,262389,273662,124285
1779838602.082667,spill,FileSystemStorage,262144,1,262389,267842,148139
1779838602.082692,spill,FileSystemStorage,262144,2,524778,407681,248946
1779838602.082930,spill,FileSystemStorage,262144,1,262389,291106,144507
1779838602.083383,spill,FileSystemStorage,262144,1,262389,358043,136021
1779838602.083445,spill,FileSystemStorage,262144,1,262389,284830,127099
1779838602.084153,spill,FileSystemStorage,262144,1,262389,265006,132257
1779838602.084407,spill,FileSystemStorage,262144,2,524778,501726,274344
1779838602.084677,spill,FileSystemStorage,262144,1,262389,306761,145490
1779838602.085254,spill,FileSystemStorage,262144,2,524778,452352,250988
1779838602.085807,spill,FileSystemStorage,262144,1,262389,300460,156783
1779838602.085973,spill,FileSystemStorage,262144,3,787167,656780,401495
1779838602.086042,spill,FileSystemStorage,262144,1,262389,268958,133279
1779838602.086405,spill,FileSystemStorage,262144,1,262389,267560,116851
1779838602.086902,spill,FileSystemStorage,262144,1,262389,311865,141203
1779838602.086916,spill,FileSystemStorage,262144,2,524778,419515,260717
1779838602.087225,spill,FileSystemStorage,262144,1,262389,378659,147064
1779838602.087921,spill,FileSystemStorage,262144,2,524778,405503,235818
1779838602.088541,spill,FileSystemStorage,262144,1,262389,287357,142145
1779838602.088621,spill,FileSystemStorage,262144,2,524778,456531,274715
1779838602.088807,spill,FileSystemStorage,262144,1,262389,305436,142093
1779838602.089027,spill,FileSystemStorage,262144,1,262389,219995,118013
1779838602.089464,spill,FileSystemStorage,262144,1,262389,273252,143495
1779838602.089545,spill,FileSystemStorage,262144,1,262389,274642,148105
1779838602.089708,spill,FileSystemStorage,262144,1,262389,266056,127305
1779838602.090004,spill,FileSystemStorage,262144,1,262389,254982,136363
1779838602.090348,spill,FileSystemStorage,262144,2,524778,432366,252396
1779838602.090840,spill,FileSystemStorage,262144,1,262389,265210,137322
1779838602.091063,spill,FileSystemStorage,262144,2,524778,502105,309551
1779838602.091547,spill,FileSystemStorage,262144,2,524778,426280,243307
1779838602.092129,spill,FileSystemStorage,262144,1,262389,291492,153862
1779838602.092283,spill,FileSystemStorage,262144,1,262389,252835,142326
1779838602.092619,spill,FileSystemStorage,262144,1,262389,271116,128825
1779838602.092933,spill,FileSystemStorage,262144,2,524778,433032,249948
1779838602.092975,spill,FileSystemStorage,262144,1,262389,267512,141448
1779838602.093239,spill,FileSystemStorage,262144,1,262389,246341,124013
1779838602.093472,spill,FileSystemStorage,262144,1,262389,241004,122887
1779838602.093781,spill,FileSystemStorage,262144,1,262389,288333,138938
1779838602.093937,spill,FileSystemStorage,262144,1,262389,269659,124372
1779838602.094077,spill,FileSystemStorage,262144,1,262389,234467,133426
1779838602.094752,spill,FileSystemStorage,262144,2,524778,415088,258500
1779838602.094760,spill,FileSystemStorage,262144,1,262389,243843,142723
1779838602.095156,spill,FileSystemStorage,262144,1,262389,390862,169337
1779838602.095337,spill,FileSystemStorage,262144,1,262389,271135,131236
1779838602.095570,spill,FileSystemStorage,262144,1,262389,256870,126125
1779838602.095921,spill,FileSystemStorage,262144,1,262389,335145,135948
1779838602.096410,spill,FileSystemStorage,262144,2,524778,421203,242584
1779838602.096835,spill,FileSystemStorage,262144,2,524778,388578,231561
1779838602.097431,spill,FileSystemStorage,262144,2,524778,408598,246843
1779838602.097851,spill,FileSystemStorage,262144,2,524778,448319,279768
1779838602.097965,spill,FileSystemStorage,262144,1,262389,338329,164837
1779838602.098756,spill,FileSystemStorage,262144,2,524778,560896,328855
1779838602.098852,spill,FileSystemStorage,262144,1,262389,260403,124537
1779838602.099148,spill,FileSystemStorage,262144,1,262389,337741,162963
1779838602.099730,spill,FileSystemStorage,262144,2,524778,558098,335431
1779838602.100029,spill,FileSystemStorage,262144,2,524778,423533,264757
1779838602.100119,spill,FileSystemStorage,262144,1,262389,285703,150995
1779838602.100432,spill,FileSystemStorage,262144,1,262389,314780,154469
1779838602.101322,spill,FileSystemStorage,262144,1,262389,327558,175775
1779838602.101368,spill,FileSystemStorage,262144,3,787167,587855,364478
1779838602.102125,spill,FileSystemStorage,262144,1,262389,367476,189468
1779838602.102144,spill,FileSystemStorage,262144,2,524778,421275,254444
1779838602.102262,spill,FileSystemStorage,262144,1,262389,243956,123350
1779838602.102667,spill,FileSystemStorage,262144,1,262389,244616,129524
1779838602.103022,spill,FileSystemStorage,262144,2,524778,473821,289749
1779838602.103223,spill,FileSystemStorage,262144,1,262389,397404,174180
1779838602.103249,spill,FileSystemStorage,262144,1,262389,293734,143286
1779838602.104073,spill,FileSystemStorage,262144,1,262389,511272,146548
1779838602.105044,spill,FileSystemStorage,262144,3,787167,752749,356861
1779838602.106663,spill,FileSystemStorage,262144,1,262389,401040,119725
1779838602.107213,spill,FileSystemStorage,262144,1,262389,298634,130453
1779838602.107468,spill,FileSystemStorage,262144,1,262389,247398,129511
1779838602.108272,spill,FileSystemStorage,262144,1,262389,249417,127069
1779838602.108348,spill,FileSystemStorage,262144,1,262389,299474,131925
1779838602.109066,spill,FileSystemStorage,262144,1,262389,288594,137153
1779838602.109355,spill,FileSystemStorage,262144,3,787167,584026,377603
1779838602.109954,spill,FileSystemStorage,262144,1,262389,236763,132304
1779838602.110216,spill,FileSystemStorage,262144,3,787167,570543,369744
1779838602.111125,spill,FileSystemStorage,262144,2,524778,537577,296720
1779838602.111365,spill,FileSystemStorage,262144,2,524778,448207,258176
1779838602.111413,spill,FileSystemStorage,262144,1,262389,259837,130036
1779838602.112482,spill,FileSystemStorage,262144,1,262389,281763,138905
1779838602.112499,spill,FileSystemStorage,262144,1,262389,327101,149320
1779838602.112527,spill,FileSystemStorage,262144,1,262389,269234,137283
1779838602.113517,spill,FileSystemStorage,262144,3,787167,587266,388312
1779838602.113761,spill,FileSystemStorage,262144,1,262389,322238,139910
1779838602.113832,spill,FileSystemStorage,262144,2,524778,442450,266373
1779838602.114103,spill,FileSystemStorage,262144,1,262389,260187,128115
1779838602.114480,spill,FileSystemStorage,262144,1,262389,265723,121078
1779838602.115055,spill,FileSystemStorage,262144,2,524778,573373,326765
1779838602.115292,spill,FileSystemStorage,262144,1,262389,284153,137447
1779838602.115527,spill,FileSystemStorage,262144,3,787167,624275,395067
1779838602.116192,spill,FileSystemStorage,262144,1,262389,359021,171887
1779838602.116206,spill,FileSystemStorage,262144,1,262389,298291,133733
1779838602.117075,spill,FileSystemStorage,262144,1,262389,313083,141394
1779838602.117423,spill,FileSystemStorage,262144,3,787167,626711,375434
1779838602.117622,spill,FileSystemStorage,262144,2,524778,406572,245523
1779838602.118006,spill,FileSystemStorage,262144,1,262389,279456,129037
1779838602.118335,spill,FileSystemStorage,262144,2,524778,430431,253614
1779838602.118795,spill,FileSystemStorage,262144,2,524778,477656,286126
1779838602.118826,spill,FileSystemStorage,262144,1,262389,268115,133869
1779838602.119174,spill,FileSystemStorage,262144,1,262389,349703,136057
1779838602.119460,spill,FileSystemStorage,262144,1,262389,265273,135231
1779838602.119883,spill,FileSystemStorage,262144,2,524778,540862,290790
1779838602.120533,spill,FileSystemStorage,262144,1,262389,285022,130737
1779838602.121330,spill,FileSystemStorage,262144,3,787167,640651,404352
1779838602.121912,spill,FileSystemStorage,262144,3,787167,584264,396406
1779838602.122053,spill,FileSystemStorage,262144,2,524778,491062,262334
1779838602.122324,spill,FileSystemStorage,262144,1,262389,268122,129323
1779838602.122785,spill,FileSystemStorage,262144,1,262389,251562,134753
1779838602.122905,spill,FileSystemStorage,262144,2,524778,497388,287861
1779838602.123212,spill,FileSystemStorage,262144,1,262389,370539,133698
1779838602.123579,spill,FileSystemStorage,262144,1,262389,470370,129412
1779838602.124347,spill,FileSystemStorage,262144,1,262389,471221,145312
1779838602.124446,spill,FileSystemStorage,262144,1,262389,277910,136323
1779838602.124830,spill,FileSystemStorage,262144,1,262389,242199,122418
1779838602.125438,spill,FileSystemStorage,262144,2,524778,397451,241570
1779838602.125508,spill,FileSystemStorage,262144,1,262389,237948,124955
1779838602.126140,spill,FileSystemStorage,262144,2,524778,432787,261854
1779838602.126310,spill,FileSystemStorage,262144,1,262389,336140,150514
1779838602.126494,spill,FileSystemStorage,262144,1,262389,252396,136035
1779838602.126677,spill,FileSystemStorage,262144,1,262389,250767,132601
1779838602.126925,spill,FileSystemStorage,262144,1,262389,274087,146113
1779838602.127112,spill,FileSystemStorage,262144,1,262389,287159,168680
1779838602.127590,spill,FileSystemStorage,262144,2,524778,424334,246100
1779838602.127696,spill,FileSystemStorage,262144,1,262389,272371,127275
1779838602.128083,spill,FileSystemStorage,262144,1,262389,238417,119947
1779838602.128561,spill,FileSystemStorage,262144,2,524778,435711,256858
1779838602.128888,spill,FileSystemStorage,262144,1,262389,325316,148385
1779838602.128900,spill,FileSystemStorage,262144,1,262389,251946,134613
1779838602.129221,spill,FileSystemStorage,262144,1,262389,270432,136511
1779838602.129586,spill,FileSystemStorage,262144,2,524778,404777,252143
1779838602.129819,spill,FileSystemStorage,262144,1,262389,250374,122569
1779838602.130236,spill,FileSystemStorage,262144,1,262389,369158,172572
1779838602.130287,spill,FileSystemStorage,262144,1,262389,262431,144678
1779838602.130558,spill,FileSystemStorage,262144,1,262389,298284,144717
1779838602.130741,spill,FileSystemStorage,262144,1,262389,247759,123443
1779838602.131236,spill,FileSystemStorage,262144,2,524778,484738,309152
1779838602.131793,spill,FileSystemStorage,262144,2,524778,425549,240193
1779838602.132087,spill,FileSystemStorage,262144,1,262389,257904,125493
1779838602.132352,spill,FileSystemStorage,262144,1,262389,286810,134125
1779838602.132429,spill,FileSystemStorage,262144,1,262389,326498,149660
1779838602.132846,spill,FileSystemStorage,262144,1,262389,261113,123330
1779838602.133274,spill,FileSystemStorage,262144,2,524778,423665,248794
1779838602.133507,spill,FileSystemStorage,262144,1,262389,284603,144288
1779838602.134691,spill,FileSystemStorage,262144,3,787167,542664,357531
1779838602.134888,spill,FileSystemStorage,262144,2,524778,495956,279160
1779838602.135332,spill,FileSystemStorage,262144,2,524778,512140,257907
1779838602.135585,spill,FileSystemStorage,262144,2,524778,431330,248267
1779838602.136172,spill,FileSystemStorage,262144,1,262389,306849,143768
1779838602.136374,spill,FileSystemStorage,262144,1,262389,248547,133249
1779838602.136786,spill,FileSystemStorage,262144,1,262389,324188,131565
1779838602.137028,spill,FileSystemStorage,262144,1,262389,259969,146014
1779838602.137230,spill,FileSystemStorage,262144,2,524778,460455,264107
1779838602.137673,spill,FileSystemStorage,262144,1,262389,250624,132893
1779838602.137662,spill,FileSystemStorage,262144,2,524778,440002,264669
1779838602.138070,spill,FileSystemStorage,262144,1,262389,275797,130367
1779838602.138399,spill,FileSystemStorage,262144,1,262389,225741,122213
1779838602.138631,spill,FileSystemStorage,262144,1,262389,251734,135210
1779838602.139064,spill,FileSystemStorage,262144,2,524778,492081,292798
1779838602.139174,spill,FileSystemStorage,262144,1,262389,320259,144924
1779838602.139443,spill,FileSystemStorage,262144,1,262389,278011,131835
1779838602.139893,spill,FileSystemStorage,262144,1,262389,231960,120129
1779838602.140800,spill,FileSystemStorage,262144,1,262389,245882,131304
1779838602.140866,spill,FileSystemStorage,262144,1,262389,284333,135990
1779838602.140980,spill,FileSystemStorage,262144,3,787167,543211,372260
1779838602.141564,spill,FileSystemStorage,262144,1,262389,347742,142290
1779838602.142238,spill,FileSystemStorage,262144,1,262389,286432,139240
1779838602.142383,spill,FileSystemStorage,262144,4,1049556,745925,507348
1779838602.142451,spill,FileSystemStorage,262144,1,262389,261960,128643
1779838602.142963,spill,FileSystemStorage,262144,1,262389,281359,154468
1779838602.143090,spill,FileSystemStorage,262144,1,262389,282412,157732
1779838602.143260,spill,FileSystemStorage,262144,2,524778,469100,294577
1779838602.143963,spill,FileSystemStorage,262144,1,262389,354679,151700
1779838602.143992,spill,FileSystemStorage,262144,1,262389,250130,134801
1779838602.144241,spill,FileSystemStorage,262144,1,262389,241610,122516
1779838602.145010,spill,FileSystemStorage,262144,3,787167,580542,391252
1779838602.145077,spill,FileSystemStorage,262144,1,262389,231595,128595
1779838602.145336,spill,FileSystemStorage,262144,1,262389,284424,127479
1779838602.145564,spill,FileSystemStorage,262144,1,262389,250987,122706
1779838602.145843,spill,FileSystemStorage,262144,1,262389,238532,138287
1779838602.146310,spill,FileSystemStorage,262144,3,787167,576861,355587
1779838602.146436,spill,FileSystemStorage,262144,1,262389,258269,130186
1779838602.147115,spill,FileSystemStorage,262144,1,262389,325753,170077
1779838602.147129,spill,FileSystemStorage,262144,1,262389,358353,198806
1779838602.147216,spill,FileSystemStorage,262144,2,524778,451204,301798
1779838602.147807,spill,FileSystemStorage,262144,1,262389,282993,136891
1779838602.147847,spill,FileSystemStorage,262144,1,262389,237304,131061
1779838602.148257,spill,FileSystemStorage,262144,1,262389,242964,119662
1779838602.149829,spill,FileSystemStorage,262144,6,1574334,995803,691611
1779838602.150113,spill,FileSystemStorage,262144,2,524778,448180,260530
1779838602.150656,spill,FileSystemStorage,262144,2,524778,451859,257746
1779838602.151038,spill,FileSystemStorage,262144,2,524778,467868,275590
1779838602.151888,spill,FileSystemStorage,262144,1,262389,312757,135058
1779838602.151961,spill,FileSystemStorage,262144,3,787167,569123,371770
1779838602.152704,spill,FileSystemStorage,262144,2,524778,381763,232261
1779838602.152798,spill,FileSystemStorage,262144,2,524778,465905,249122
1779838602.153234,spill,FileSystemStorage,262144,2,524778,396290,220459
1779838602.154030,spill,FileSystemStorage,262144,3,787167,535401,345856
1779838602.154177,spill,FileSystemStorage,262144,1,262389,276810,132882
1779838602.154200,spill,FileSystemStorage,262144,1,262389,274437,145829
1779838602.155102,spill,FileSystemStorage,262144,1,262389,282617,152512
1779838602.155290,spill,FileSystemStorage,262144,1,262389,259505,126602
1779838602.155349,spill,FileSystemStorage,262144,2,524778,440815,235788
1779838602.156140,spill,FileSystemStorage,262144,2,524778,407372,233503
1779838602.156468,spill,FileSystemStorage,262144,3,787167,544838,348104
1779838602.157063,spill,FileSystemStorage,262144,1,262389,260665,132611
1779838602.157168,spill,FileSystemStorage,262144,2,524778,510121,246244
1779838602.158268,spill,FileSystemStorage,262144,1,262389,264572,142758
1779838602.158304,spill,FileSystemStorage,262144,4,1049556,700829,456920
1779838602.158424,spill,FileSystemStorage,262144,2,524778,475057,273451
1779838602.158774,spill,FileSystemStorage,262144,1,262389,243251,128941
1779838602.159061,spill,FileSystemStorage,262144,1,262389,316225,147214
1779838602.159376,spill,FileSystemStorage,262144,2,524778,451371,243691
1779838602.159424,spill,FileSystemStorage,262144,1,262389,259619,124668
1779838602.160011,spill,FileSystemStorage,262144,1,262389,267897,112099
1779838602.160838,spill,FileSystemStorage,262144,2,524778,417456,226810
1779838602.161506,spill,FileSystemStorage,262144,1,262389,240806,125427
1779838602.161725,spill,FileSystemStorage,262144,1,262389,283056,132687
1779838602.161909,spill,FileSystemStorage,262144,5,1311945,857206,566964
1779838602.162221,spill,FileSystemStorage,262144,1,262389,203501,105191
1779838602.163056,spill,FileSystemStorage,262144,3,787167,597594,384125
1779838602.163239,spill,FileSystemStorage,262144,2,524778,431975,250226
1779838602.163871,spill,FileSystemStorage,262144,2,524778,446070,217749
1779838602.164079,spill,FileSystemStorage,262144,1,262389,272357,131803
1779838602.164123,spill,FileSystemStorage,262144,1,262389,289012,135587
1779838602.165855,spill,FileSystemStorage,262144,1,262389,1393194,127405
1779838602.166137,spill,FileSystemStorage,262144,3,787167,1678646,345873
1779838602.166829,spill,FileSystemStorage,262144,1918,503262102,310203427,219798923
1779838602.170444,spill,FileSystemStorage,262144,2,524778,488480,272104
1779838602.170949,spill,FileSystemStorage,262144,1,262389,329098,141675
1779838602.171187,spill,FileSystemStorage,262144,1,262389,298601,136528
1779838602.172589,spill,FileSystemStorage,262144,1,262389,313086,143164
1779838602.173013,spill,FileSystemStorage,262144,2,524778,604899,310381
1779838602.185085,spill,FileSystemStorage,262144,1,262389,328143,132253
1779838602.185342,spill,FileSystemStorage,262144,3,787167,651717,360923
1779838602.185946,spill,FileSystemStorage,262144,1,262389,282910,118165
1779838602.186484,spill,FileSystemStorage,262144,1,262389,379973,170435
1779838602.189203,spill,FileSystemStorage,262144,2,524778,516367,304876
1779838602.189261,spill,FileSystemStorage,262144,5,1311945,889560,569973
1779838602.189853,spill,FileSystemStorage,262144,3,787167,661733,365095
1779838602.717669,spill,FileSystemStorage,262144,2,524778,948686,303330
1779838602.718856,spill,FileSystemStorage,262144,1,262389,616855,187945
1779838602.718855,spill,FileSystemStorage,262144,1,262389,697934,172766
1779838602.719681,spill,FileSystemStorage,262144,1,262389,620801,168472
1779838602.720504,spill,FileSystemStorage,262144,1,262389,814352,179593
1779838602.720677,spill,FileSystemStorage,262144,2,524778,988185,302265
1779838602.721281,spill,FileSystemStorage,262144,3,787167,815982,391036
1779838602.722290,spill,FileSystemStorage,262144,2,524778,1069120,213702
1779838602.723348,spill,FileSystemStorage,262144,2,524778,667274,372694
1779838602.723504,spill,FileSystemStorage,262144,2,524778,485548,266095
1779838602.723725,spill,FileSystemStorage,262144,1,262389,308892,116236
1779838602.725232,spill,FileSystemStorage,262144,2,524778,523129,315145
1779838602.725584,spill,FileSystemStorage,262144,3,787167,669733,387450
1779838602.725848,spill,FileSystemStorage,262144,2,524778,595503,332131
1779838602.725976,spill,FileSystemStorage,262144,1,262389,237033,111052
1779838602.726765,spill,FileSystemStorage,262144,1,262389,325468,173294
1779838602.726961,spill,FileSystemStorage,262144,3,787167,724138,444019
1779838602.727130,spill,FileSystemStorage,262144,1,262389,414331,208255
1779838602.727663,spill,FileSystemStorage,262144,1,262389,268009,113498
1779838602.727993,spill,FileSystemStorage,262144,1,262389,256790,106455
1779838602.728502,spill,FileSystemStorage,262144,1,262389,355066,163130
1779838602.729147,spill,FileSystemStorage,262144,2,524778,564465,363980
1779838602.729170,spill,FileSystemStorage,262144,2,524778,573810,336175
1779838602.729564,spill,FileSystemStorage,262144,1,262389,381113,188779
1779838602.730045,spill,FileSystemStorage,262144,1,262389,322187,148996
1779838602.730567,spill,FileSystemStorage,262144,3,787167,576198,355250
1779838602.730747,spill,FileSystemStorage,262144,1,262389,376678,179166
1779838602.731104,spill,FileSystemStorage,262144,1,262389,322643,149159
1779838602.731949,spill,FileSystemStorage,262144,3,787167,572801,364427
1779838602.732790,spill,FileSystemStorage,262144,1,262389,395932,148593
1779838602.732974,spill,FileSystemStorage,262144,2,524778,581396,353441
1779838602.734101,spill,FileSystemStorage,262144,3,787167,728177,395537
1779838602.734331,spill,FileSystemStorage,262144,1,262389,323138,124990
1779838602.735314,spill,FileSystemStorage,262144,2,524778,675417,418384
1779838602.735356,spill,FileSystemStorage,262144,1,262389,294535,148129
1779838602.735899,spill,FileSystemStorage,262144,3,787167,570931,353020
1779838602.736381,spill,FileSystemStorage,262144,1,262389,372708,186125
1779838602.736498,spill,FileSystemStorage,262144,1,262389,306149,161286
1779838602.736672,spill,FileSystemStorage,262144,1,262389,394342,191742
1779838602.737303,spill,FileSystemStorage,262144,1,262389,306905,176211
1779838602.737453,spill,FileSystemStorage,262144,1,262389,322730,155604
1779838602.738271,spill,FileSystemStorage,262144,2,524778,613877,356776
1779838602.739015,spill,FileSystemStorage,262144,3,787167,625149,369985
1779838602.739578,spill,FileSystemStorage,262144,2,524778,627658,346704
1779838602.739769,spill,FileSystemStorage,262144,1,262389,342569,140864
1779838602.740500,spill,FileSystemStorage,262144,1,262389,343052,136643
1779838602.741067,spill,FileSystemStorage,262144,3,787167,579673,357243
1779838602.741763,spill,FileSystemStorage,262144,1,262389,338382,151915
1779838602.742176,spill,FileSystemStorage,262144,1,262389,529878,164788
1779838602.742168,spill,FileSystemStorage,262144,1,262389,640865,190883
1779838602.743252,spill,FileSystemStorage,262144,2,524778,553115,331374
1779838602.743742,spill,FileSystemStorage,262144,2,524778,740129,251712
1779838602.744114,spill,FileSystemStorage,262144,1,262389,337715,127602
1779838602.745478,spill,FileSystemStorage,262144,1,262389,427576,164553
1779838602.745479,spill,FileSystemStorage,262144,1,262389,752788,188249
1779838602.746207,spill,FileSystemStorage,262144,1,262389,289001,137472
1779838602.746294,spill,FileSystemStorage,262144,1,262389,414139,192805
1779838602.747074,spill,FileSystemStorage,262144,1,262389,385135,181880
1779838602.747304,spill,FileSystemStorage,262144,1,262389,374146,154471
1779838602.747783,spill,FileSystemStorage,262144,3,787167,868157,545183
1779838602.747998,spill,FileSystemStorage,262144,1,262389,281442,124484
1779838602.748715,spill,FileSystemStorage,262144,1,262389,298608,126449
1779838602.750005,spill,FileSystemStorage,262144,1,262389,258559,136783
1779838602.750147,spill,FileSystemStorage,262144,1,262389,415697,197259
1779838602.750178,spill,FileSystemStorage,262144,2,524778,516955,289233
1779838602.751057,spill,FileSystemStorage,262144,3,787167,593206,386444
1779838602.751176,spill,FileSystemStorage,262144,1,262389,318569,133763
1779838602.751290,spill,FileSystemStorage,262144,1,262389,437170,187471
1779838602.752099,spill,FileSystemStorage,262144,2,524778,557685,235786
1779838602.752771,spill,FileSystemStorage,262144,1,262389,837640,151141
1779838602.753448,spill,FileSystemStorage,262144,1,262389,244069,120992
1779838602.753597,spill,FileSystemStorage,262144,1,262389,266082,123291
1779838602.754170,spill,FileSystemStorage,262144,1,262389,304843,134820
1779838602.754659,spill,FileSystemStorage,262144,1,262389,445058,150834
1779838602.755511,spill,FileSystemStorage,262144,3,787167,615304,357186
1779838602.756430,spill,FileSystemStorage,262144,3,787167,940720,373700
1779838602.758204,spill,FileSystemStorage,262144,2,524778,448959,258605
1779838602.758668,spill,FileSystemStorage,262144,3,787167,678313,400634
1779838602.759229,spill,FileSystemStorage,262144,3,787167,676726,412989
1779838602.759420,spill,FileSystemStorage,262144,2,524778,522642,275459
1779838602.760503,spill,FileSystemStorage,262144,2,524778,609413,275318
1779838602.760987,spill,FileSystemStorage,262144,1,262389,801649,148792
1779838602.761468,spill,FileSystemStorage,262144,2,524778,434311,258692
1779838602.761607,spill,FileSystemStorage,262144,1,262389,272364,137332
1779838602.761816,spill,FileSystemStorage,262144,2,524778,432072,231560
1779838602.762229,spill,FileSystemStorage,262144,1,262389,245784,127381
1779838602.762832,spill,FileSystemStorage,262144,1,262389,304947,145551
1779838602.762917,spill,FileSystemStorage,262144,2,524778,412818,256761
1779838602.763658,spill,FileSystemStorage,262144,2,524778,627400,356636
1779838602.764331,spill,FileSystemStorage,262144,2,524778,505414,265611
1779838602.765042,spill,FileSystemStorage,262144,1,262389,405535,199437
1779838602.765053,spill,FileSystemStorage,262144,2,524778,462280,257631
1779838602.765218,spill,FileSystemStorage,262144,1,262389,306520,142987
1779838602.766523,spill,FileSystemStorage,262144,1,262389,274610,135005
1779838602.766613,spill,FileSystemStorage,262144,4,1049556,656611,460358
1779838602.767159,spill,FileSystemStorage,262144,1,262389,413494,205412
1779838602.767647,spill,FileSystemStorage,262144,3,787167,639591,381083
1779838602.768214,spill,FileSystemStorage,262144,2,524778,528015,265590
1779838602.769103,spill,FileSystemStorage,262144,2,524778,641338,351155
1779838602.770016,spill,FileSystemStorage,262144,3,787167,686935,364086
1779838602.771188,spill,FileSystemStorage,262144,2,524778,729089,382264
1779838602.771856,spill,FileSystemStorage,262144,2,524778,702255,234062
1779838602.772722,spill,FileSystemStorage,262144,2,524778,671957,369343
1779838602.773202,spill,FileSystemStorage,262144,1,262389,254749,119612
1779838602.774705,spill,FileSystemStorage,262144,3,787167,648552,378804
1779838602.775136,spill,FileSystemStorage,262144,2,524778,563414,337110
1779838602.775319,spill,FileSystemStorage,262144,2,524778,530514,262566
1779838602.775944,spill,FileSystemStorage,262144,3,787167,556449,347303
1779838602.776377,spill,FileSystemStorage,262144,1,262389,267309,126949
1779838602.777320,spill,FileSystemStorage,262144,1,262389,277781,136276
1779838602.777651,spill,FileSystemStorage,262144,3,787167,569460,387175
1779838602.778031,spill,FileSystemStorage,262144,1,262389,399515,181993
1779838602.778219,spill,FileSystemStorage,262144,1,262389,286871,139577
1779838602.778698,spill,FileSystemStorage,262144,2,524778,394330,239246
1779838602.779942,spill,FileSystemStorage,262144,3,787167,575893,366024
1779838602.780032,spill,FileSystemStorage,262144,1,262389,431391,123871
1779838602.781311,spill,FileSystemStorage,262144,1,262389,279609,132711
1779838602.782117,spill,FileSystemStorage,262144,1,262389,275768,121802
1779838602.782586,spill,FileSystemStorage,262144,1,262389,415241,204131
1779838602.782696,spill,FileSystemStorage,262144,2,524778,460377,272783
1779838602.783115,spill,FileSystemStorage,262144,2,524778,432524,295532
1779838602.783373,spill,FileSystemStorage,262144,1,262389,277462,134805
1779838602.783903,spill,FileSystemStorage,262144,1,262389,398627,198015
1779838602.784638,spill,FileSystemStorage,262144,2,524778,404285,242835
1779838602.785140,spill,FileSystemStorage,262144,1,262389,291008,146323
1779838602.785386,spill,FileSystemStorage,262144,2,524778,627020,367053
1779838602.785762,spill,FileSystemStorage,262144,2,524778,429276,230439
1779838602.786680,spill,FileSystemStorage,262144,1,262389,534209,138473
1779838602.787432,spill,FileSystemStorage,262144,3,787167,581425,362112
1779838602.791281,spill,FileSystemStorage,262144,1,262389,500328,214879
1779838602.791318,spill,FileSystemStorage,262144,3,787167,622408,392754
1779838602.791478,spill,FileSystemStorage,262144,2,524778,552472,284788
1779838602.791926,spill,FileSystemStorage,262144,1,262389,252660,125088
1779838602.792176,spill,FileSystemStorage,262144,1,262389,399776,187109
1779838602.792486,spill,FileSystemStorage,262144,2,524778,426517,249598
1779838602.792506,spill,FileSystemStorage,262144,1,262389,259875,152246
1779838602.793309,spill,FileSystemStorage,262144,1,262389,255737,142411
1779838602.793594,spill,FileSystemStorage,262144,2,524778,621872,361469
1779838602.793822,spill,FileSystemStorage,262144,1,262389,313582,144663
1779838602.794071,spill,FileSystemStorage,262144,2,524778,373314,233679
1779838602.795341,spill,FileSystemStorage,262144,2,524778,430571,249883
1779838602.795567,spill,FileSystemStorage,262144,2,524778,489290,276591
1779838602.796007,spill,FileSystemStorage,262144,1,262389,372376,176397
1779838602.796660,spill,FileSystemStorage,262144,1,262389,233542,119479
1779838602.797500,spill,FileSystemStorage,262144,3,787167,695798,433947
1779838602.797599,spill,FileSystemStorage,262144,3,787167,537915,373685
1779838602.798053,spill,FileSystemStorage,262144,1,262389,383318,181290
1779838602.798759,spill,FileSystemStorage,262144,2,524778,481514,287582
1779838602.799128,spill,FileSystemStorage,262144,3,787167,633775,418511
1779838602.799351,spill,FileSystemStorage,262144,1,262389,418207,191200
1779838602.799748,spill,FileSystemStorage,262144,1,262389,285679,122311
1779838602.800184,spill,FileSystemStorage,262144,1,262389,247439,120133
1779838602.800973,spill,FileSystemStorage,262144,1,262389,281848,150107
1779838602.801148,spill,FileSystemStorage,262144,2,524778,608166,345730
1779838602.801592,spill,FileSystemStorage,262144,1,262389,308297,138871
1779838602.801814,spill,FileSystemStorage,262144,2,524778,408494,252667
1779838602.802355,spill,FileSystemStorage,262144,1,262389,288066,142575
1779838602.802566,spill,FileSystemStorage,262144,2,524778,635029,350703
1779838602.803052,spill,FileSystemStorage,262144,3,787167,601171,388461
1779838602.803461,spill,FileSystemStorage,262144,1,262389,386546,180975
1779838602.803644,spill,FileSystemStorage,262144,1,262389,306815,149390
1779838602.804406,spill,FileSystemStorage,262144,1,262389,263394,122267
1779838602.804642,spill,FileSystemStorage,262144,1,262389,288738,137020
1779838602.805260,spill,FileSystemStorage,262144,2,524778,609641,353926
1779838602.805354,spill,FileSystemStorage,262144,1,262389,227220,121577
1779838602.805735,spill,FileSystemStorage,262144,2,524778,433446,252892
1779838602.806323,spill,FileSystemStorage,262144,1,262389,363623,177578
1779838602.806519,spill,FileSystemStorage,262144,1,262389,292042,146359
1779838602.806966,spill,FileSystemStorage,262144,2,524778,390724,247073
1779838602.807388,spill,FileSystemStorage,262144,1,262389,274659,121891
1779838602.807795,spill,FileSystemStorage,262144,1,262389,396840,182217
1779838602.809592,spill,FileSystemStorage,262144,4,1049556,1008490,680071
1779838602.810067,spill,FileSystemStorage,262144,3,787167,623205,375376
1779838602.810431,spill,FileSystemStorage,262144,2,524778,406034,239076
1779838602.810751,spill,FileSystemStorage,262144,1,262389,412202,176843
1779838602.810816,spill,FileSystemStorage,262144,1,262389,268944,130571
1779838602.811765,spill,FileSystemStorage,262144,1,262389,246403,124634
1779838602.812315,spill,FileSystemStorage,262144,2,524778,584335,345996
1779838602.813182,spill,FileSystemStorage,262144,3,787167,598836,336417
1779838602.813500,spill,FileSystemStorage,262144,1,262389,345437,140149
1779838602.814013,spill,FileSystemStorage,262144,1,262389,256553,123101
1779838602.814254,spill,FileSystemStorage,262144,1,262389,410551,195443
1779838602.815281,spill,FileSystemStorage,262144,1,262389,280641,136667
1779838602.815730,spill,FileSystemStorage,262144,4,1049556,1042607,650658
1779838602.816014,spill,FileSystemStorage,262144,1,262389,334980,135477
1779838602.816715,spill,FileSystemStorage,262144,2,524778,682412,234615
1779838602.817932,spill,FileSystemStorage,262144,1,262389,277189,119228
1779838602.818185,spill,FileSystemStorage,262144,1,262389,262405,127877
1779838602.818568,spill,FileSystemStorage,262144,1,262389,377304,177416
1779838602.819281,spill,FileSystemStorage,262144,3,787167,592503,397306
1779838602.819756,spill,FileSystemStorage,262144,1,262389,409153,190575
1779838602.820425,spill,FileSystemStorage,262144,2,524778,403937,235124
1779838602.821230,spill,FileSystemStorage,262144,2,524778,604390,353687
1779838602.821588,spill,FileSystemStorage,262144,1,262389,298087,142747
1779838602.821643,spill,FileSystemStorage,262144,2,524778,585663,280268
1779838602.822442,spill,FileSystemStorage,262144,2,524778,592284,355842
1779838602.822469,spill,FileSystemStorage,262144,1,262389,313951,160097
1779838602.822488,spill,FileSystemStorage,262144,1,262389,252699,134859
1779838602.823153,spill,FileSystemStorage,262144,1,262389,313362,166733
1779838602.823208,spill,FileSystemStorage,262144,1,262389,347318,139976
1779838602.824235,spill,FileSystemStorage,262144,1,262389,292061,143277
1779838602.824587,spill,FileSystemStorage,262144,1,262389,268578,124977
1779838602.824733,spill,FileSystemStorage,262144,1,262389,282936,131184
1779838602.825654,spill,FileSystemStorage,262144,1,262389,265313,141805
1779838602.825833,spill,FileSystemStorage,262144,2,524778,500210,282686
1779838602.826444,spill,FileSystemStorage,262144,1,262389,250880,135997
1779838602.826478,spill,FileSystemStorage,262144,2,524778,424566,261866
1779838602.826944,spill,FileSystemStorage,262144,1,262389,307053,159530
1779838602.827081,spill,FileSystemStorage,262144,1,262389,311305,172829
1779838602.827178,spill,FileSystemStorage,262144,1,262389,295537,136475
1779838602.827716,spill,FileSystemStorage,262144,1,262389,239047,122842
1779838602.827844,spill,FileSystemStorage,262144,1,262389,238765,123613
1779838602.828138,spill,FileSystemStorage,262144,1,262389,291271,140454
1779838602.828668,spill,FileSystemStorage,262144,1,262389,258383,139030
1779838602.828708,spill,FileSystemStorage,262144,1,262389,217452,125421
1779838602.829097,spill,FileSystemStorage,262144,2,524778,449029,273964
1779838602.829173,spill,FileSystemStorage,262144,1,262389,235095,135457
1779838602.829456,spill,FileSystemStorage,262144,2,524778,368097,230640
1779838602.829785,spill,FileSystemStorage,262144,1,262389,289100,131413
1779838602.830067,spill,FileSystemStorage,262144,1,262389,284450,137731
1779838602.830228,spill,FileSystemStorage,262144,1,262389,246647,141791
1779838602.830468,spill,FileSystemStorage,262144,1,262389,238507,121772
1779838602.830890,spill,FileSystemStorage,262144,2,524778,476811,269458
1779838602.831152,spill,FileSystemStorage,262144,1,262389,291912,136439
1779838602.831429,spill,FileSystemStorage,262144,1,262389,265591,129510
1779838602.831666,spill,FileSystemStorage,262144,1,262389,266693,142586
1779838602.832258,spill,FileSystemStorage,262144,1,262389,326399,120404
1779838602.832991,spill,FileSystemStorage,262144,3,787167,653122,402247
1779838602.833070,spill,FileSystemStorage,262144,1,262389,245724,125678
1779838602.833400,spill,FileSystemStorage,262144,1,262389,302991,132059
1779838602.833593,spill,FileSystemStorage,262144,1,262389,268365,141614
1779838602.833753,spill,FileSystemStorage,262144,1,262389,219080,118135
1779838602.834225,spill,FileSystemStorage,262144,2,524778,427077,252726
1779838602.834435,spill,FileSystemStorage,262144,1,262389,221685,119054
1779838602.834950,spill,FileSystemStorage,262144,2,524778,498734,295465
1779838602.835186,spill,FileSystemStorage,262144,1,262389,257638,123198
1779838602.835269,spill,FileSystemStorage,262144,1,262389,308980,141067
1779838602.835521,spill,FileSystemStorage,262144,1,262389,266020,136795
1779838602.835880,spill,FileSystemStorage,262144,1,262389,249262,119936
1779838602.836701,spill,FileSystemStorage,262144,2,524778,373150,233587
1779838602.837003,spill,FileSystemStorage,262144,2,524778,431662,256223
1779838602.837269,spill,FileSystemStorage,262144,1,262389,237363,124563
1779838602.837589,spill,FileSystemStorage,262144,1,262389,255319,128744
1779838602.838233,spill,FileSystemStorage,262144,3,787167,518673,346682
1779838602.838641,spill,FileSystemStorage,262144,1,262389,237311,121799
1779838602.838828,spill,FileSystemStorage,262144,1,262389,331016,152642
1779838602.838920,spill,FileSystemStorage,262144,1,262389,263653,136338
1779838602.839907,spill,FileSystemStorage,262144,2,524778,474753,282040
1779838602.839942,spill,FileSystemStorage,262144,1,262389,252932,124925
1779838602.840196,spill,FileSystemStorage,262144,1,262389,267194,133552
1779838602.840411,spill,FileSystemStorage,262144,1,262389,221764,120817
1779838602.840645,spill,FileSystemStorage,262144,1,262389,263481,131240
1779838602.840986,spill,FileSystemStorage,262144,1,262389,224035,135985
1779838602.841234,spill,FileSystemStorage,262144,1,262389,262714,136505
1779838602.841235,spill,FileSystemStorage,262144,1,262389,247051,135649
1779838602.841776,spill,FileSystemStorage,262144,2,524778,387956,249996
1779838602.842197,spill,FileSystemStorage,262144,1,262389,276333,138795
1779838602.842314,spill,FileSystemStorage,262144,1,262389,222208,118062
1779838602.842811,spill,FileSystemStorage,262144,2,524778,423528,262523
1779838602.843326,spill,FileSystemStorage,262144,2,524778,436016,263308
1779838602.843454,spill,FileSystemStorage,262144,1,262389,261844,127320
1779838602.844527,spill,FileSystemStorage,262144,3,787167,504762,340215
1779838602.845129,spill,FileSystemStorage,262144,1,262389,404762,174008
1779838602.845476,spill,FileSystemStorage,262144,1,262389,273249,142258
1779838602.845489,spill,FileSystemStorage,262144,2,524778,507036,279219
1779838602.847047,spill,FileSystemStorage,262144,4,1049556,710509,505154
1779838602.847256,spill,FileSystemStorage,262144,1,262389,403441,192195
1779838602.847809,spill,FileSystemStorage,262144,4,1049556,858184,532160
1779838602.847831,spill,FileSystemStorage,262144,1,262389,246100,132266
1779838602.848160,spill,FileSystemStorage,262144,1,262389,266884,126231
1779838602.848588,spill,FileSystemStorage,262144,1,262389,265728,122952
1779838602.849623,spill,FileSystemStorage,262144,2,524778,555792,350644
1779838602.849829,spill,FileSystemStorage,262144,2,524778,553765,320032
1779838602.850152,spill,FileSystemStorage,262144,3,787167,562934,366661
1779838602.850244,spill,FileSystemStorage,262144,1,262389,304410,152154
1779838602.851116,spill,FileSystemStorage,262144,1,262389,291170,149195
1779838602.851169,spill,FileSystemStorage,262144,3,787167,641526,427725
1779838602.851647,spill,FileSystemStorage,262144,1,262389,270317,124563
1779838602.852537,spill,FileSystemStorage,262144,1,262389,292452,128423
1779838602.853455,spill,FileSystemStorage,262144,2,524778,451974,259815
1779838602.853619,spill,FileSystemStorage,262144,1,262389,253028,130749
1779838602.853718,spill,FileSystemStorage,262144,1,262389,289247,128170
1779838602.854720,spill,FileSystemStorage,262144,3,787167,539615,361079
1779838602.855741,spill,FileSystemStorage,262144,1,262389,1503817,128123
1779838602.856419,spill,FileSystemStorage,262144,2,524778,446872,244225
1779838602.857420,spill,FileSystemStorage,262144,1,262389,228215,115601
1779838602.858908,spill,FileSystemStorage,262144,3,787167,592626,371210
1779838602.859577,spill,FileSystemStorage,262144,3,787167,606583,354778
1779838602.860147,spill,FileSystemStorage,262144,3,787167,604964,361818
1779838602.860658,spill,FileSystemStorage,262144,2,524778,622775,365762
1779838602.861157,spill,FileSystemStorage,262144,4,1049556,944555,604269
1779838602.861336,spill,FileSystemStorage,262144,3,787167,547540,366616
1779838602.861354,spill,FileSystemStorage,262144,1,262389,307548,138584
1779838602.862337,spill,FileSystemStorage,262144,2,524778,395353,241236
1779838602.862525,spill,FileSystemStorage,262144,1,262389,324914,182758
1779838602.862532,spill,FileSystemStorage,262144,1,262389,326997,172247
1779838602.863521,spill,FileSystemStorage,262144,2,524778,430086,261299
1779838602.863699,spill,FileSystemStorage,262144,3,787167,836563,513480
1779838602.863984,spill,FileSystemStorage,262144,3,787167,762643,493913
1779838602.864767,spill,FileSystemStorage,262144,1,262389,249409,126908
1779838602.865410,spill,FileSystemStorage,262144,2,524778,504837,326877
1779838602.865484,spill,FileSystemStorage,262144,1,262389,363871,168280
1779838602.865646,spill,FileSystemStorage,262144,1,262389,219659,116630
1779838602.866180,spill,FileSystemStorage,262144,1,262389,242912,120226
1779838602.866736,spill,FileSystemStorage,262144,2,524778,426846,266994
1779838602.866822,spill,FileSystemStorage,262144,3,787167,554894,369244
1779838602.867269,spill,FileSystemStorage,262144,1,262389,381110,158140
1779838602.867675,spill,FileSystemStorage,262144,1,262389,268383,140955
1779838602.867788,spill,FileSystemStorage,262144,2,524778,602201,246140
1779838602.868264,spill,FileSystemStorage,262144,1,262389,327789,127486
1779838602.868500,spill,FileSystemStorage,262144,2,524778,386424,240680
1779838602.868759,spill,FileSystemStorage,262144,1,262389,262251,124846
1779838602.869894,spill,FileSystemStorage,262144,3,787167,577104,396941
1779838602.869894,spill,FileSystemStorage,262144,2,524778,550622,360182
1779838602.869900,spill,FileSystemStorage,262144,1,262389,357563,183084
1779838602.870785,spill,FileSystemStorage,262144,1,262389,243063,132166
1779838602.870793,spill,FileSystemStorage,262144,1,262389,365557,192782
1779838602.870815,spill,FileSystemStorage,262144,1,262389,321057,174659
1779838602.871852,spill,FileSystemStorage,262144,1,262389,377687,178075
1779838602.872018,spill,FileSystemStorage,262144,2,524778,545269,332607
1779838602.872083,spill,FileSystemStorage,262144,2,524778,544887,267223
1779838602.872801,spill,FileSystemStorage,262144,2,524778,432477,246364
1779838602.873290,spill,FileSystemStorage,262144,1,262389,297560,156294
1779838602.873423,spill,FileSystemStorage,262144,1,262389,331153,160467
1779838602.873771,spill,FileSystemStorage,262144,2,524778,450706,262765
1779838602.874181,spill,FileSystemStorage,262144,2,524778,514320,255263
1779838602.874320,spill,FileSystemStorage,262144,1,262389,302805,144317
1779838602.874540,spill,FileSystemStorage,262144,1,262389,258738,121482
1779838602.874958,spill,FileSystemStorage,262144,1,262389,324354,157397
1779838602.875325,spill,FileSystemStorage,262144,2,524778,552254,348343
1779838602.875394,spill,FileSystemStorage,262144,1,262389,354033,165888
1779838602.875971,spill,FileSystemStorage,262144,1,262389,301608,164663
1779838602.876005,spill,FileSystemStorage,262144,1,262389,263285,137510
1779838602.876385,spill,FileSystemStorage,262144,1,262389,373997,128227
1779838602.876734,spill,FileSystemStorage,262144,1,262389,316159,120820
1779838602.877240,spill,FileSystemStorage,262144,1,262389,351025,125100
1779838602.878142,spill,FileSystemStorage,262144,2,524778,448400,235651
1779838602.878757,spill,FileSystemStorage,262144,1,262389,440664,121930
1779838602.879209,spill,FileSystemStorage,262144,1,262389,283534,127070
1779838602.879606,spill,FileSystemStorage,262144,1,262389,523396,122451
1779838602.880118,spill,FileSystemStorage,262144,1,262389,318091,116368
1779838602.880960,spill,FileSystemStorage,262144,1,262389,611288,122908
1779838602.881196,spill,FileSystemStorage,262144,1,262389,220829,117770
1779838602.881905,spill,FileSystemStorage,262144,1,262389,273484,129357
1779838602.882094,spill,FileSystemStorage,262144,1,262389,243523,122167
1779838602.883224,spill,FileSystemStorage,262144,4,1049556,908347,621963
1779838602.883369,spill,FileSystemStorage,262144,1,262389,319268,149779
1779838602.883420,spill,FileSystemStorage,262144,2,524778,616983,328362
1779838602.884367,spill,FileSystemStorage,262144,1,262389,290585,149107
1779838602.884382,spill,FileSystemStorage,262144,1,262389,303954,162069
1779838602.884639,spill,FileSystemStorage,262144,1,262389,291306,129249
1779838602.885501,spill,FileSystemStorage,262144,1,262389,556967,126907
1779838602.886165,spill,FileSystemStorage,262144,2,524778,597610,276212
1779838602.886321,spill,FileSystemStorage,262144,3,787167,973835,390098
1779838602.886548,spill,FileSystemStorage,262144,1,262389,290543,133069
1779838602.886825,spill,FileSystemStorage,262144,1,262389,279160,124231
1779838602.887462,spill,FileSystemStorage,262144,2,524778,421770,244707
1779838602.887914,spill,FileSystemStorage,262144,1,262389,268717,136688
1779838602.888173,spill,FileSystemStorage,262144,1,262389,257070,127645
1779838602.888244,spill,FileSystemStorage,262144,1,262389,297380,129359
1779838602.888797,spill,FileSystemStorage,262144,1,262389,309850,144972
1779838602.889011,spill,FileSystemStorage,262144,1,262389,273338,123138
1779838602.889218,spill,FileSystemStorage,262144,1,262389,278423,126109
1779838602.890006,spill,FileSystemStorage,262144,1,262389,376113,181299
1779838602.890157,spill,FileSystemStorage,262144,3,787167,709791,484082
1779838602.890629,spill,FileSystemStorage,262144,1,262389,256477,136001
1779838602.890653,spill,FileSystemStorage,262144,3,787167,559153,366356
1779838602.891296,spill,FileSystemStorage,262144,2,524778,446763,248647
1779838602.891707,spill,FileSystemStorage,262144,1,262389,293225,143571
1779838602.891995,spill,FileSystemStorage,262144,1,262389,273367,130886
1779838602.892364,spill,FileSystemStorage,262144,1,262389,280463,125609
1779838602.893034,spill,FileSystemStorage,262144,1,262389,307334,141599
1779838602.893081,spill,FileSystemStorage,262144,3,787167,656261,415837
1779838602.893373,spill,FileSystemStorage,262144,2,524778,469872,270498
1779838602.893842,spill,FileSystemStorage,262144,1,262389,238265,118335
1779838602.894405,spill,FileSystemStorage,262144,3,787167,636616,413076
1779838602.894594,spill,FileSystemStorage,262144,1,262389,302332,138339
1779838602.894793,spill,FileSystemStorage,262144,1,262389,262986,141605
1779838602.895731,spill,FileSystemStorage,262144,4,1049556,729304,473488
1779838602.895865,spill,FileSystemStorage,262144,1,262389,283337,138940
1779838602.896484,spill,FileSystemStorage,262144,2,524778,412241,237960
1779838602.897550,spill,FileSystemStorage,262144,4,1049556,793314,502593
1779838602.897720,spill,FileSystemStorage,262144,1,262389,308110,145577
1779838602.898058,spill,FileSystemStorage,262144,2,524778,431048,249335
1779838602.898618,spill,FileSystemStorage,262144,2,524778,425044,250921
1779838602.898902,spill,FileSystemStorage,262144,2,524778,445332,254912
1779838602.899126,spill,FileSystemStorage,262144,1,262389,345740,172784
1779838602.899506,spill,FileSystemStorage,262144,2,524778,460563,244670
1779838602.899645,spill,FileSystemStorage,262144,1,262389,318032,147108
1779838602.899851,spill,FileSystemStorage,262144,1,262389,291440,130587
1779838602.900509,spill,FileSystemStorage,262144,2,524778,512286,314655
1779838602.900595,spill,FileSystemStorage,262144,1,262389,335214,173046
1779838602.900764,spill,FileSystemStorage,262144,1,262389,286210,135801
1779838602.901216,spill,FileSystemStorage,262144,1,262389,261855,126088
1779838602.901699,spill,FileSystemStorage,262144,2,524778,475203,270286
1779838602.901973,spill,FileSystemStorage,262144,1,262389,324537,184218
1779838602.902030,spill,FileSystemStorage,262144,1,262389,349907,166636
1779838602.902622,spill,FileSystemStorage,262144,2,524778,421681,243626
1779838602.902699,spill,FileSystemStorage,262144,1,262389,272929,129919
1779838602.903151,spill,FileSystemStorage,262144,1,262389,379177,162291
1779838602.903326,spill,FileSystemStorage,262144,1,262389,358876,156112
1779838602.903630,spill,FileSystemStorage,262144,1,262389,237070,122070
1779838602.903743,spill,FileSystemStorage,262144,1,262389,264367,125121
1779838602.904158,spill,FileSystemStorage,262144,1,262389,311106,133245
1779838602.904392,spill,FileSystemStorage,262144,1,262389,256813,147460
1779838602.904408,spill,FileSystemStorage,262144,1,262389,293335,145729
1779838602.905036,spill,FileSystemStorage,262144,1,262389,264826,132117
1779838602.905034,spill,FileSystemStorage,262144,1,262389,435573,201468
1779838602.905621,spill,FileSystemStorage,262144,3,787167,526074,357832
1779838602.906141,spill,FileSystemStorage,262144,1,262389,271717,131636
1779838602.906157,spill,FileSystemStorage,262144,1,262389,442608,200343
1779838602.906465,spill,FileSystemStorage,262144,1,262389,240322,123929
1779838602.907052,spill,FileSystemStorage,262144,2,524778,495999,292246
1779838602.907857,spill,FileSystemStorage,262144,1,262389,284533,139385
1779838602.907873,spill,FileSystemStorage,262144,2,524778,421143,254479
1779838602.908201,spill,FileSystemStorage,262144,1,262389,383348,180967
1779838602.908381,spill,FileSystemStorage,262144,1,262389,255395,137974
1779838602.908946,spill,FileSystemStorage,262144,2,524778,404125,255244
1779838602.909570,spill,FileSystemStorage,262144,2,524778,448610,240645
1779838602.910111,spill,FileSystemStorage,262144,1,262389,308863,145045
1779838602.910142,spill,FileSystemStorage,262144,1,262389,246059,129833
1779838602.911078,spill,FileSystemStorage,262144,1,262389,291687,159032
1779838602.911179,spill,FileSystemStorage,262144,2,524778,472513,297969
1779838602.911306,spill,FileSystemStorage,262144,1,262389,274008,136732
1779838602.911638,spill,FileSystemStorage,262144,1,262389,245230,121256
1779838602.911990,spill,FileSystemStorage,262144,1,262389,249375,119535
1779838602.912228,spill,FileSystemStorage,262144,1,262389,283324,137203
1779838602.912504,spill,FileSystemStorage,262144,1,262389,242085,125190
1779838602.912930,spill,FileSystemStorage,262144,1,262389,260470,124404
1779838602.913141,spill,FileSystemStorage,262144,1,262389,220695,121729
1779838602.913463,spill,FileSystemStorage,262144,1,262389,285759,126379
1779838602.913979,spill,FileSystemStorage,262144,2,524778,365656,229479
1779838602.914328,spill,FileSystemStorage,262144,1,262389,246625,123838
1779838602.914554,spill,FileSystemStorage,262144,1,262389,218985,120760
1779838602.914820,spill,FileSystemStorage,262144,1,262389,258392,135299
1779838602.915430,spill,FileSystemStorage,262144,3,787167,647836,374580
1779838602.915571,spill,FileSystemStorage,262144,1,262389,245988,126012
1779838602.915820,spill,FileSystemStorage,262144,1,262389,312265,136970
1779838602.916366,spill,FileSystemStorage,262144,2,524778,380757,241948
1779838602.916513,spill,FileSystemStorage,262144,1,262389,255668,127111
1779838602.917166,spill,FileSystemStorage,262144,1,262389,333732,169732
1779838602.917170,spill,FileSystemStorage,262144,1,262389,413923,199746
1779838602.917533,spill,FileSystemStorage,262144,2,524778,413515,238611
1779838602.917994,spill,FileSystemStorage,262144,1,262389,352931,190166
1779838602.918051,spill,FileSystemStorage,262144,2,524778,534740,352338
1779838602.918234,spill,FileSystemStorage,262144,1,262389,238438,119653
1779838602.919027,spill,FileSystemStorage,262144,1,262389,416219,196189
1779838602.919116,spill,FileSystemStorage,262144,1,262389,299131,163431
1779838602.919159,spill,FileSystemStorage,262144,2,524778,589737,386519
1779838602.919736,spill,FileSystemStorage,262144,1,262389,259885,131400
1779838602.919749,spill,FileSystemStorage,262144,1,262389,236403,135489
1779838602.920123,spill,FileSystemStorage,262144,1,262389,289732,124433
1779838602.920670,spill,FileSystemStorage,262144,3,787167,531762,345985
1779838602.920793,spill,FileSystemStorage,262144,1,262389,254971,124151
1779838602.921320,spill,FileSystemStorage,262144,2,524778,422633,239461
1779838602.921661,spill,FileSystemStorage,262144,1,262389,301461,129143
1779838602.921782,spill,FileSystemStorage,262144,1,262389,250096,129988
1779838602.922415,spill,FileSystemStorage,262144,2,524778,413115,243879
1779838602.922835,spill,FileSystemStorage,262144,1,262389,320202,164293
1779838602.922886,spill,FileSystemStorage,262144,2,524778,430674,265046
1779838602.923041,spill,FileSystemStorage,262144,1,262389,317711,181021
1779838602.923511,spill,FileSystemStorage,262144,1,262389,241977,120600
1779838602.923956,spill,FileSystemStorage,262144,1,262389,246974,119047
1779838602.924731,spill,FileSystemStorage,262144,2,524778,387462,240403
1779838602.925352,spill,FileSystemStorage,262144,1,262389,281731,148204
1779838602.925408,spill,FileSystemStorage,262144,3,787167,561953,382795
1779838602.925830,spill,FileSystemStorage,262144,2,524778,480652,247352
1779838602.926248,spill,FileSystemStorage,262144,2,524778,415282,241377
1779838602.926708,spill,FileSystemStorage,262144,2,524778,434749,251792
1779838602.926766,spill,FileSystemStorage,262144,1,262389,280655,136443
1779838602.927266,spill,FileSystemStorage,262144,1,262389,312406,125688
1779838602.927989,spill,FileSystemStorage,262144,1,262389,373435,134272
1779838602.928126,spill,FileSystemStorage,262144,2,524778,545692,251137
1779838602.929077,spill,FileSystemStorage,262144,1,262389,253440,123392
1779838602.929447,spill,FileSystemStorage,262144,2,524778,404142,239945
1779838602.929863,spill,FileSystemStorage,262144,2,524778,422613,264975
1779838602.929989,spill,FileSystemStorage,262144,1,262389,301320,158704
1779838602.930167,spill,FileSystemStorage,262144,1,262389,275811,138291
1779838602.930418,spill,FileSystemStorage,262144,1,262389,246656,128911
1779838602.930638,spill,FileSystemStorage,262144,1,262389,249148,122782
1779838602.931111,spill,FileSystemStorage,262144,1,262389,278036,151678
1779838602.931666,spill,FileSystemStorage,262144,3,787167,547903,359791
1779838602.932258,spill,FileSystemStorage,262144,1,262389,317068,139307
1779838602.932273,spill,FileSystemStorage,262144,1,262389,351508,144715
1779838602.932567,spill,FileSystemStorage,262144,1,262389,258681,120453
1779838602.932815,spill,FileSystemStorage,262144,1,262389,277461,126435
1779838602.933107,spill,FileSystemStorage,262144,1,262389,296406,150575
1779838602.933571,spill,FileSystemStorage,262144,2,524778,485737,241446
1779838602.934009,spill,FileSystemStorage,262144,1,262389,267148,122618
1779838602.934162,spill,FileSystemStorage,262144,1,262389,335975,140873
1779838602.934505,spill,FileSystemStorage,262144,2,524778,441768,254019
1779838602.934757,spill,FileSystemStorage,262144,1,262389,293441,128335
1779838602.935183,spill,FileSystemStorage,262144,2,524778,463653,286533
1779838602.935456,spill,FileSystemStorage,262144,2,524778,507615,279560
1779838602.935663,spill,FileSystemStorage,262144,1,262389,314730,128099
1779838602.935772,spill,FileSystemStorage,262144,1,262389,253480,120444
1779838602.936204,spill,FileSystemStorage,262144,1,262389,248105,124187
1779838602.936731,spill,FileSystemStorage,262144,2,524778,391623,245012
1779838602.937350,spill,FileSystemStorage,262144,2,524778,497948,331690
1779838602.937577,spill,FileSystemStorage,262144,2,524778,545401,314918
1779838602.937809,spill,FileSystemStorage,262144,1,262389,241051,126719
1779838602.938083,spill,FileSystemStorage,262144,1,262389,256022,124104
1779838602.938821,spill,FileSystemStorage,262144,3,787167,578920,390481
1779838602.938855,spill,FileSystemStorage,262144,2,524778,390255,259105
1779838602.939253,spill,FileSystemStorage,262144,1,262389,296873,130209
1779838602.939899,spill,FileSystemStorage,262144,2,524778,468794,263981
1779838602.940135,spill,FileSystemStorage,262144,1,262389,304270,130859
1779838602.940684,spill,FileSystemStorage,262144,3,787167,567659,382838
1779838602.940786,spill,FileSystemStorage,262144,1,262389,245381,120229
1779838602.941290,spill,FileSystemStorage,262144,1,262389,238227,128778
1779838602.941412,spill,FileSystemStorage,262144,1,262389,313580,168900
1779838602.941869,spill,FileSystemStorage,262144,1,262389,241054,133489
1779838602.941917,spill,FileSystemStorage,262144,3,787167,621350,384107
1779838602.942305,spill,FileSystemStorage,262144,1,262389,281767,140801
1779838602.942564,spill,FileSystemStorage,262144,1,262389,264038,135452
1779838602.942730,spill,FileSystemStorage,262144,2,524778,462552,277204
1779838602.943139,spill,FileSystemStorage,262144,2,524778,434533,258496
1779838602.943462,spill,FileSystemStorage,262144,1,262389,268410,132488
1779838602.943507,spill,FileSystemStorage,262144,1,262389,276419,137042
1779838602.943945,spill,FileSystemStorage,262144,1,262389,262889,126837
1779838602.944185,spill,FileSystemStorage,262144,1,262389,274490,119072
1779838602.944454,spill,FileSystemStorage,262144,1,262389,265869,129591
1779838602.944713,spill,FileSystemStorage,262144,1,262389,267088,126402
1779838602.944972,spill,FileSystemStorage,262144,1,262389,295771,156491
1779838602.945198,spill,FileSystemStorage,262144,1,262389,270007,124453
1779838602.945810,spill,FileSystemStorage,262144,2,524778,417520,243176
1779838602.946247,spill,FileSystemStorage,262144,1,262389,302485,126115
1779838602.946584,spill,FileSystemStorage,262144,1,262389,310923,142714
1779838602.947141,spill,FileSystemStorage,262144,1,262389,432835,207484
1779838602.947310,spill,FileSystemStorage,262144,1,262389,390727,173038
1779838602.947487,spill,FileSystemStorage,262144,1,262389,320943,129729
1779838602.948027,spill,FileSystemStorage,262144,1,262389,387605,200945
1779838602.948200,spill,FileSystemStorage,262144,1,262389,320705,150467
1779838602.948354,spill,FileSystemStorage,262144,1,262389,274511,132368
1779838602.949358,spill,FileSystemStorage,262144,2,524778,603322,356007
1779838602.949582,spill,FileSystemStorage,262144,2,524778,393196,237367
1779838602.950145,spill,FileSystemStorage,262144,2,524778,565232,331390
1779838602.950649,spill,FileSystemStorage,262144,1,262389,318955,139011
1779838602.950805,spill,FileSystemStorage,262144,1,262389,412263,198642
1779838602.950890,spill,FileSystemStorage,262144,1,262389,330585,152829
1779838602.951568,spill,FileSystemStorage,262144,2,524778,480975,269805
1779838602.952172,spill,FileSystemStorage,262144,1,262389,381474,182075
1779838602.952327,spill,FileSystemStorage,262144,1,262389,265075,139803
1779838602.953572,spill,FileSystemStorage,262144,3,787167,545305,341671
1779838602.953789,spill,FileSystemStorage,262144,1,262389,347888,176286
1779838602.954400,spill,FileSystemStorage,262144,2,524778,621880,351946
1779838602.954558,spill,FileSystemStorage,262144,1,262389,324683,174925
1779838602.954613,spill,FileSystemStorage,262144,3,787167,614878,383512
1779838602.955512,spill,FileSystemStorage,262144,1,262389,417947,180457
1779838602.955811,spill,FileSystemStorage,262144,2,524778,535150,299432
1779838602.956568,spill,FileSystemStorage,262144,3,787167,564944,343878
1779838603.011790,spill,FileSystemStorage,262144,1918,503262102,291153311,210461711
1779838608.234628,restore,FileSystemStorage,262144,1,262389,641471,549110
1779838608.239710,restore,FileSystemStorage,262144,1,262389,873202,763218
1779838608.243472,restore,FileSystemStorage,262144,1,262389,747753,669027
1779838608.248422,restore,FileSystemStorage,262144,1,262389,1025206,945420
1779838608.252105,restore,FileSystemStorage,262144,1,262389,702365,641206
1779838608.256760,restore,FileSystemStorage,262144,1,262389,696865,619306
1779838608.260766,restore,FileSystemStorage,262144,1,262389,926911,849307
1779838608.264497,restore,FileSystemStorage,262144,1,262389,799574,724842
1779838608.268509,restore,FileSystemStorage,262144,1,262389,896100,812469
1779838608.273039,restore,FileSystemStorage,262144,1,262389,829936,749426
1779838608.277447,restore,FileSystemStorage,262144,1,262389,620574,544225
1779838608.281366,restore,FileSystemStorage,262144,1,262389,689874,614084
1779838608.285835,restore,FileSystemStorage,262144,1,262389,593124,517741
1779838608.291002,restore,FileSystemStorage,262144,1,262389,668932,621132
1779838608.295573,restore,FileSystemStorage,262144,1,262389,811476,723721
1779838608.300424,restore,FileSystemStorage,262144,1,262389,872283,788850
1779838608.304773,restore,FileSystemStorage,262144,1,262389,819959,740366
1779838608.309118,restore,FileSystemStorage,262144,1,262389,709826,630870
1779838608.313962,restore,FileSystemStorage,262144,1,262389,343338,268017
1779838608.317487,restore,FileSystemStorage,262144,1,262389,630990,578353
1779838608.322055,restore,FileSystemStorage,262144,1,262389,634242,555269
1779838608.325429,restore,FileSystemStorage,262144,1,262389,718699,665376
1779838608.330902,restore,FileSystemStorage,262144,1,262389,643535,546240
1779838608.335957,restore,FileSystemStorage,262144,1,262389,991893,878867
1779838608.340565,restore,FileSystemStorage,262144,1,262389,995983,909656
1779838608.345824,restore,FileSystemStorage,262144,1,262389,632611,549609
1779838608.350848,restore,FileSystemStorage,262144,1,262389,478144,399850
1779838608.354688,restore,FileSystemStorage,262144,1,262389,648147,570529
1779838608.360281,restore,FileSystemStorage,262144,1,262389,907308,827064
1779838608.364574,restore,FileSystemStorage,262144,1,262389,785605,700706
1779838608.368154,restore,FileSystemStorage,262144,1,262389,578326,490851
1779838608.372209,restore,FileSystemStorage,262144,1,262389,624802,559288
1779838608.376787,restore,FileSystemStorage,262144,1,262389,630579,549368
1779838608.381706,restore,FileSystemStorage,262144,1,262389,329130,251165
1779838608.386696,restore,FileSystemStorage,262144,1,262389,633164,559086
1779838608.391808,restore,FileSystemStorage,262144,1,262389,1064472,989741
1779838608.397236,restore,FileSystemStorage,262144,1,262389,834305,761439
1779838608.401980,restore,FileSystemStorage,262144,1,262389,624806,554804
1779838608.405937,restore,FileSystemStorage,262144,1,262389,632188,586885
1779838608.409857,restore,FileSystemStorage,262144,1,262389,614090,575762
1779838608.414297,restore,FileSystemStorage,262144,1,262389,598483,561489
1779838608.419084,restore,FileSystemStorage,262144,1,262389,470206,428810
1779838608.423491,restore,FileSystemStorage,262144,1,262389,686092,628065
1779838608.427408,restore,FileSystemStorage,262144,1,262389,499557,453228
1779838608.430476,restore,FileSystemStorage,262144,1,262389,259851,224830
1779838608.433006,restore,FileSystemStorage,262144,1,262389,336023,263313
1779838608.436488,restore,FileSystemStorage,262144,1,262389,763595,685064
1779838608.441049,restore,FileSystemStorage,262144,1,262389,637536,566725
1779838608.446644,restore,FileSystemStorage,262144,1,262389,693454,623196
1779838608.451965,restore,FileSystemStorage,262144,1,262389,1113292,1017620
1779838608.457144,restore,FileSystemStorage,262144,1,262389,819149,742576
1779838608.461856,restore,FileSystemStorage,262144,1,262389,678581,607779
1779838608.466936,restore,FileSystemStorage,262144,1,262389,485533,407232
1779838608.471833,restore,FileSystemStorage,262144,1,262389,927536,849588
1779838608.476407,restore,FileSystemStorage,262144,1,262389,806075,720433
1779838608.482028,restore,FileSystemStorage,262144,1,262389,687654,616568
1779838608.486094,restore,FileSystemStorage,262144,1,262389,646211,573442
1779838608.489914,restore,FileSystemStorage,262144,1,262389,321401,268424
1779838608.494227,restore,FileSystemStorage,262144,1,262389,589926,539565
1779838608.498672,restore,FileSystemStorage,262144,1,262389,700871,620703
1779838608.502017,restore,FileSystemStorage,262144,1,262389,329767,259977
1779838608.505047,restore,FileSystemStorage,262144,1,262389,285985,239335
1779838608.508675,restore,FileSystemStorage,262144,1,262389,495382,425195
1779838608.510701,restore,FileSystemStorage,262144,1,262389,275317,231324
1779838608.513338,restore,FileSystemStorage,262144,1,262389,272125,226409
1779838608.516404,restore,FileSystemStorage,262144,1,262389,461832,391718
1779838608.518959,restore,FileSystemStorage,262144,1,262389,268521,229348
1779838608.522722,restore,FileSystemStorage,262144,1,262389,410956,374665
1779838608.526652,restore,FileSystemStorage,262144,1,262389,328259,258676
1779838608.530815,restore,FileSystemStorage,262144,1,262389,353328,281114
1779838608.532272,restore,FileSystemStorage,262144,1,262389,282124,237459
1779838608.533610,restore,FileSystemStorage,262144,1,262389,249483,207142
1779838608.534811,restore,FileSystemStorage,262144,1,262389,252637,218722
1779838608.538616,restore,FileSystemStorage,262144,1,262389,349024,275352
1779838608.541739,restore,FileSystemStorage,262144,1,262389,305764,244810
1779838608.546187,restore,FileSystemStorage,262144,1,262389,344910,274685
1779838608.550940,restore,FileSystemStorage,262144,1,262389,345070,274249
1779838608.555341,restore,FileSystemStorage,262144,1,262389,527069,440731
1779838608.560383,restore,FileSystemStorage,262144,1,262389,1010881,932520
1779838608.566739,restore,FileSystemStorage,262144,1,262389,2654153,2593375
1779838608.571929,restore,FileSystemStorage,262144,1,262389,1017446,918330
1779838608.576794,restore,FileSystemStorage,262144,1,262389,773822,695706
1779838608.579380,restore,FileSystemStorage,262144,1,262389,346061,279662
1779838608.584083,restore,FileSystemStorage,262144,1,262389,1172571,1095339
1779838608.588834,restore,FileSystemStorage,262144,1,262389,834244,757913
1779838608.592375,restore,FileSystemStorage,262144,1,262389,677861,604513
1779838608.596015,restore,FileSystemStorage,262144,1,262389,1022893,953389
1779838608.600038,restore,FileSystemStorage,262144,1,262389,350654,277701
1779838608.602763,restore,FileSystemStorage,262144,1,262389,256110,214014
1779838608.606131,restore,FileSystemStorage,262144,1,262389,730170,654807
1779838608.610590,restore,FileSystemStorage,262144,1,262389,614122,548854
1779838608.615337,restore,FileSystemStorage,262144,1,262389,766202,693278
1779838608.618891,restore,FileSystemStorage,262144,1,262389,491635,405979
1779838608.624715,restore,FileSystemStorage,262144,1,262389,778599,703561
1779838608.629629,restore,FileSystemStorage,262144,1,262389,795908,713292
1779838608.632814,restore,FileSystemStorage,262144,1,262389,727720,666006
1779838608.634485,restore,FileSystemStorage,262144,1,262389,251108,214829
1779838608.635696,restore,FileSystemStorage,262144,1,262389,270183,227664
1779838608.636748,restore,FileSystemStorage,262144,1,262389,244760,210342
1779838608.637888,restore,FileSystemStorage,262144,1,262389,255881,226448
1779838608.640362,restore,FileSystemStorage,262144,1,262389,272977,239266
1779838608.644510,restore,FileSystemStorage,262144,1,262389,991667,914276
1779838608.649225,restore,FileSystemStorage,262144,1,262389,632779,564333
1779838608.654059,restore,FileSystemStorage,262144,1,262389,638566,565518
1779838608.658610,restore,FileSystemStorage,262144,1,262389,407211,364481
1779838608.662401,restore,FileSystemStorage,262144,1,262389,486270,417423
1779838608.666643,restore,FileSystemStorage,262144,1,262389,536417,465129
1779838608.670143,restore,FileSystemStorage,262144,1,262389,312114,242370
1779838608.674539,restore,FileSystemStorage,262144,1,262389,612211,541785
1779838608.678825,restore,FileSystemStorage,262144,1,262389,458336,388165
1779838608.682077,restore,FileSystemStorage,262144,1,262389,316043,246483
1779838608.684932,restore,FileSystemStorage,262144,1,262389,333010,260918
1779838608.689511,restore,FileSystemStorage,262144,1,262389,334240,260596
1779838608.694455,restore,FileSystemStorage,262144,1,262389,641408,570724
1779838608.698736,restore,FileSystemStorage,262144,1,262389,683652,608966
1779838608.702654,restore,FileSystemStorage,262144,1,262389,321584,251772
1779838608.707835,restore,FileSystemStorage,262144,1,262389,972652,877414
1779838608.712864,restore,FileSystemStorage,262144,1,262389,779736,702634
1779838608.717564,restore,FileSystemStorage,262144,1,262389,618514,548339
1779838608.720997,restore,FileSystemStorage,262144,1,262389,322729,253238
1779838608.725463,restore,FileSystemStorage,262144,1,262389,659363,591061
1779838608.730204,restore,FileSystemStorage,262144,1,262389,335687,265593
1779838608.733475,restore,FileSystemStorage,262144,1,262389,296711,251571
1779838608.735581,restore,FileSystemStorage,262144,1,262389,264355,226713
1779838608.736971,restore,FileSystemStorage,262144,1,262389,326009,251431
1779838608.738468,restore,FileSystemStorage,262144,1,262389,494181,449627
1779838608.742703,restore,FileSystemStorage,262144,1,262389,425276,381640
1779838608.747536,restore,FileSystemStorage,262144,1,262389,924429,848456
1779838608.751347,restore,FileSystemStorage,262144,1,262389,398839,293643
1779838608.755759,restore,FileSystemStorage,262144,1,262389,739599,692357
1779838608.760088,restore,FileSystemStorage,262144,1,262389,294817,252118
1779838608.763489,restore,FileSystemStorage,262144,1,262389,572989,526815
1779838608.767726,restore,FileSystemStorage,262144,1,262389,670547,608521
1779838608.772487,restore,FileSystemStorage,262144,1,262389,727140,654980
1779838608.776616,restore,FileSystemStorage,262144,1,262389,757363,676890
1779838608.781337,restore,FileSystemStorage,262144,1,262389,330861,261327
1779838608.785815,restore,FileSystemStorage,262144,1,262389,713320,644356
1779838608.789428,restore,FileSystemStorage,262144,1,262389,608581,540089
1779838608.793689,restore,FileSystemStorage,262144,1,262389,619253,546620
1779838608.797495,restore,FileSystemStorage,262144,1,262389,340419,271550
1779838608.801354,restore,FileSystemStorage,262144,1,262389,348550,278510
1779838608.805280,restore,FileSystemStorage,262144,1,262389,669852,599571
1779838608.808870,restore,FileSystemStorage,262144,1,262389,337547,266878
1779838608.814788,restore,FileSystemStorage,262144,1,262389,315000,242680
1779838608.817178,restore,FileSystemStorage,262144,1,262389,356552,280472
1779838608.819705,restore,FileSystemStorage,262144,1,262389,292260,246384
1779838608.822596,restore,FileSystemStorage,262144,1,262389,377099,345148
1779838608.826408,restore,FileSystemStorage,262144,1,262389,627433,557163
1779838608.830103,restore,FileSystemStorage,262144,1,262389,615803,545105
1779838608.832817,restore,FileSystemStorage,262144,1,262389,650918,605255
1779838608.838530,restore,FileSystemStorage,262144,1,262389,602874,568958
1779838608.843570,restore,FileSystemStorage,262144,1,262389,846245,770563
1779838608.848319,restore,FileSystemStorage,262144,1,262389,920842,844565
1779838608.851912,restore,FileSystemStorage,262144,1,262389,772811,698080
1779838608.856622,restore,FileSystemStorage,262144,1,262389,743263,662770
1779838608.861341,restore,FileSystemStorage,262144,1,262389,695380,623464
1779838608.864444,restore,FileSystemStorage,262144,1,262389,678451,609345
1779838608.868979,restore,FileSystemStorage,262144,1,262389,626914,580426
1779838608.872931,restore,FileSystemStorage,262144,1,262389,777539,697794
1779838608.878083,restore,FileSystemStorage,262144,1,262389,624256,548231
1779838613.843997,spill,FileSystemStorage,524288,1,524533,1840421,248722
1779838613.844104,spill,FileSystemStorage,524288,1,524533,1784743,247736
1779838613.846009,spill,FileSystemStorage,524288,2,1049066,1002706,495093
1779838613.846154,spill,FileSystemStorage,524288,2,1049066,1007651,477009
1779838613.846918,spill,FileSystemStorage,524288,1,524533,447603,265943
1779838613.847502,spill,FileSystemStorage,524288,3,1573599,1123216,714744
1779838613.848518,spill,FileSystemStorage,524288,1,524533,825858,231160
1779838613.849151,spill,FileSystemStorage,524288,1,524533,537163,250584
1779838613.850127,spill,FileSystemStorage,524288,2,1049066,813054,477523
1779838613.850281,spill,FileSystemStorage,524288,1,524533,787232,252782
1779838613.850491,spill,FileSystemStorage,524288,2,1049066,835713,539745
1779838613.850919,spill,FileSystemStorage,524288,1,524533,448735,255359
1779838613.851284,spill,FileSystemStorage,524288,1,524533,502955,266491
1779838613.851782,spill,FileSystemStorage,524288,2,1049066,1027969,523535
1779838613.851985,spill,FileSystemStorage,524288,1,524533,415793,247018
1779838613.852874,spill,FileSystemStorage,524288,1,524533,468632,262761
1779838613.853083,spill,FileSystemStorage,524288,1,524533,437916,247112
1779838613.853223,spill,FileSystemStorage,524288,2,1049066,779869,497316
1779838613.853858,spill,FileSystemStorage,524288,1,524533,438251,253607
1779838613.854285,spill,FileSystemStorage,524288,2,1049066,764085,500197
1779838613.854456,spill,FileSystemStorage,524288,3,1573599,1105857,754181
1779838613.854575,spill,FileSystemStorage,524288,1,524533,396247,233067
1779838613.854960,spill,FileSystemStorage,524288,1,524533,421846,252684
1779838613.855193,spill,FileSystemStorage,524288,1,524533,475595,285818
1779838613.855229,spill,FileSystemStorage,524288,1,524533,437881,274865
1779838613.856138,spill,FileSystemStorage,524288,1,524533,419120,248767
1779838613.856371,spill,FileSystemStorage,524288,2,1049066,755815,493204
1779838613.856503,spill,FileSystemStorage,524288,1,524533,453058,244395
1779838613.856923,spill,FileSystemStorage,524288,1,524533,493137,246466
1779838613.857137,spill,FileSystemStorage,524288,1,524533,420899,250731
1779838613.857637,spill,FileSystemStorage,524288,2,1049066,801276,527252
1779838613.858144,spill,FileSystemStorage,524288,1,524533,551777,267500
1779838613.858211,spill,FileSystemStorage,524288,2,1049066,732532,490052
1779838613.858738,spill,FileSystemStorage,524288,2,1049066,737403,467220
1779838613.859034,spill,FileSystemStorage,524288,1,524533,477062,300572
1779838613.859485,spill,FileSystemStorage,524288,2,1049066,996770,656889
1779838613.859690,spill,FileSystemStorage,524288,1,524533,579912,307538
1779838613.859883,spill,FileSystemStorage,524288,1,524533,405233,240796
1779838613.860294,spill,FileSystemStorage,524288,1,524533,430405,241137
1779838613.860971,spill,FileSystemStorage,524288,2,1049066,780383,516038
1779838613.861371,spill,FileSystemStorage,524288,1,524533,644045,408023
1779838613.861455,spill,FileSystemStorage,524288,2,1049066,1057944,685629
1779838613.862051,spill,FileSystemStorage,524288,2,1049066,758433,502406
1779838613.862293,spill,FileSystemStorage,524288,1,524533,625120,408867
1779838613.862777,spill,FileSystemStorage,524288,2,1049066,993716,624708
1779838613.863148,spill,FileSystemStorage,524288,2,1049066,835598,570021
1779838613.863160,spill,FileSystemStorage,524288,1,524533,540626,322629
1779838613.864109,spill,FileSystemStorage,524288,1,524533,617065,262230
1779838613.864773,spill,FileSystemStorage,524288,3,1573599,1555809,1004718
1779838613.864810,spill,FileSystemStorage,524288,2,1049066,1137244,695020
1779838613.865025,spill,FileSystemStorage,524288,1,524533,516218,240582
1779838613.865819,spill,FileSystemStorage,524288,1,524533,611696,367748
1779838613.866064,spill,FileSystemStorage,524288,1,524533,743387,246417
1779838613.866206,spill,FileSystemStorage,524288,2,1049066,931044,578218
1779838613.866675,spill,FileSystemStorage,524288,1,524533,461280,257273
1779838613.866838,spill,FileSystemStorage,524288,1,524533,496894,260688
1779838613.867085,spill,FileSystemStorage,524288,1,524533,549553,303593
1779838613.867427,spill,FileSystemStorage,524288,1,524533,468043,250031
1779838613.867632,spill,FileSystemStorage,524288,1,524533,440767,253598
1779838613.867855,spill,FileSystemStorage,524288,1,524533,456709,260151
1779838613.868505,spill,FileSystemStorage,524288,2,1049066,748203,473194
1779838613.868647,spill,FileSystemStorage,524288,1,524533,712675,275380
1779838613.868811,spill,FileSystemStorage,524288,1,524533,423818,248503
1779838613.869278,spill,FileSystemStorage,524288,1,524533,459175,248785
1779838613.869697,spill,FileSystemStorage,524288,1,524533,557815,270475
1779838613.869821,spill,FileSystemStorage,524288,2,1049066,875850,578536
1779838613.869976,spill,FileSystemStorage,524288,1,524533,425945,257594
1779838613.870588,spill,FileSystemStorage,524288,1,524533,485395,291215
1779838613.870635,spill,FileSystemStorage,524288,1,524533,417263,258192
1779838613.870783,spill,FileSystemStorage,524288,2,1049066,803054,506495
1779838613.871373,spill,FileSystemStorage,524288,1,524533,462937,266379
1779838613.871367,spill,FileSystemStorage,524288,1,524533,512492,280113
1779838613.871744,spill,FileSystemStorage,524288,1,524533,449195,234833
1779838613.872365,spill,FileSystemStorage,524288,1,524533,473221,292799
1779838613.872564,spill,FileSystemStorage,524288,1,524533,444785,279491
1779838613.872629,spill,FileSystemStorage,524288,1,524533,424133,266331
1779838613.873071,spill,FileSystemStorage,524288,1,524533,438744,266819
1779838613.873397,spill,FileSystemStorage,524288,1,524533,429187,246555
1779838613.873538,spill,FileSystemStorage,524288,1,524533,588322,288521
1779838613.874062,spill,FileSystemStorage,524288,1,524533,433972,260899
1779838613.874330,spill,FileSystemStorage,524288,1,524533,504913,291055
1779838613.874447,spill,FileSystemStorage,524288,3,1573599,1076837,730784
1779838613.875103,spill,FileSystemStorage,524288,2,1049066,817078,550108
1779838613.875117,spill,FileSystemStorage,524288,1,524533,529260,315382
1779838613.875512,spill,FileSystemStorage,524288,2,1049066,773976,500483
1779838613.875915,spill,FileSystemStorage,524288,1,524533,434846,251117
1779838613.876234,spill,FileSystemStorage,524288,1,524533,435652,265009
1779838613.876600,spill,FileSystemStorage,524288,2,1049066,852161,538254
1779838613.876611,spill,FileSystemStorage,524288,1,524533,427108,257311
1779838613.876889,spill,FileSystemStorage,524288,1,524533,399046,249968
1779838613.877586,spill,FileSystemStorage,524288,1,524533,470592,281532
1779838613.877652,spill,FileSystemStorage,524288,1,524533,472580,307230
1779838613.877700,spill,FileSystemStorage,524288,2,1049066,844002,510402
1779838613.878231,spill,FileSystemStorage,524288,1,524533,397401,243335
1779838613.878846,spill,FileSystemStorage,524288,2,1049066,787381,523456
1779838613.878965,spill,FileSystemStorage,524288,1,524533,442949,290245
1779838613.879164,spill,FileSystemStorage,524288,2,1049066,884364,614742
1779838613.879648,spill,FileSystemStorage,524288,1,524533,446285,238395
1779838613.879839,spill,FileSystemStorage,524288,1,524533,419872,250795
1779838613.879986,spill,FileSystemStorage,524288,1,524533,453676,280868
1779838613.880331,spill,FileSystemStorage,524288,1,524533,420119,244157
1779838613.880802,spill,FileSystemStorage,524288,1,524533,464570,290291
1779838613.880953,spill,FileSystemStorage,524288,2,1049066,798895,525920
1779838613.881031,spill,FileSystemStorage,524288,1,524533,432989,271739
1779838613.881621,spill,FileSystemStorage,524288,1,524533,423170,261907
1779838613.881913,spill,FileSystemStorage,524288,2,1049066,837295,556908
1779838613.882084,spill,FileSystemStorage,524288,2,1049066,784305,520661
1779838613.882272,spill,FileSystemStorage,524288,1,524533,400595,236022
1779838613.882663,spill,FileSystemStorage,524288,1,524533,475285,285734
1779838613.882829,spill,FileSystemStorage,524288,1,524533,465957,269729
1779838613.882888,spill,FileSystemStorage,524288,1,524533,409822,244732
1779838613.883466,spill,FileSystemStorage,524288,1,524533,471879,296086
1779838613.883585,spill,FileSystemStorage,524288,1,524533,449681,278448
1779838613.883631,spill,FileSystemStorage,524288,1,524533,448062,270692
1779838613.884247,spill,FileSystemStorage,524288,1,524533,470635,294209
1779838613.884308,spill,FileSystemStorage,524288,1,524533,419870,265150
1779838613.884374,spill,FileSystemStorage,524288,1,524533,440968,259135
1779838613.884976,spill,FileSystemStorage,524288,1,524533,411157,266560
1779838613.884999,spill,FileSystemStorage,524288,1,524533,462882,295916
1779838613.885435,spill,FileSystemStorage,524288,2,1049066,786984,516915
1779838613.885672,spill,FileSystemStorage,524288,1,524533,412030,255384
1779838613.886156,spill,FileSystemStorage,524288,1,524533,437317,256446
1779838613.886181,spill,FileSystemStorage,524288,2,1049066,849436,574780
1779838613.886311,spill,FileSystemStorage,524288,1,524533,401873,249186
1779838613.886840,spill,FileSystemStorage,524288,1,524533,447084,267540
1779838613.887012,spill,FileSystemStorage,524288,1,524533,528680,333779
1779838613.887063,spill,FileSystemStorage,524288,1,524533,458703,294171
1779838613.887889,spill,FileSystemStorage,524288,1,524533,770771,263066
1779838613.888315,spill,FileSystemStorage,524288,2,1049066,1001246,582233
1779838613.888529,spill,FileSystemStorage,524288,2,1049066,794660,545567
1779838613.888596,spill,FileSystemStorage,524288,1,524533,427029,254661
1779838613.889149,spill,FileSystemStorage,524288,1,524533,462341,253006
1779838613.889319,spill,FileSystemStorage,524288,1,524533,431580,263172
1779838613.889393,spill,FileSystemStorage,524288,1,524533,517743,268406
1779838613.889861,spill,FileSystemStorage,524288,1,524533,428486,257090
1779838613.889973,spill,FileSystemStorage,524288,1,524533,424162,253719
1779838613.890319,spill,FileSystemStorage,524288,1,524533,602514,299429
1779838613.890548,spill,FileSystemStorage,524288,1,524533,423797,233866
1779838613.890694,spill,FileSystemStorage,524288,1,524533,418098,251813
1779838613.891152,spill,FileSystemStorage,524288,1,524533,535175,338066
1779838613.891232,spill,FileSystemStorage,524288,1,524533,465579,294045
1779838613.891378,spill,FileSystemStorage,524288,1,524533,463684,257212
1779838613.891906,spill,FileSystemStorage,524288,1,524533,469894,291282
1779838613.892054,spill,FileSystemStorage,524288,1,524533,415819,253207
1779838613.892365,spill,FileSystemStorage,524288,2,1049066,782353,508632
1779838613.892626,spill,FileSystemStorage,524288,1,524533,473976,300068
1779838613.893039,spill,FileSystemStorage,524288,2,1049066,751492,499259
1779838613.893316,spill,FileSystemStorage,524288,1,524533,504420,315747
1779838613.893339,spill,FileSystemStorage,524288,1,524533,468606,295879
1779838613.893755,spill,FileSystemStorage,524288,1,524533,415367,249622
1779838613.894450,spill,FileSystemStorage,524288,1,524533,448940,271004
1779838613.894632,spill,FileSystemStorage,524288,2,1049066,789785,533992
1779838613.894799,spill,FileSystemStorage,524288,2,1049066,846749,566581
1779838613.895350,spill,FileSystemStorage,524288,1,524533,467641,246153
1779838613.895536,spill,FileSystemStorage,524288,2,1049066,816150,529842
1779838613.895638,spill,FileSystemStorage,524288,1,524533,481423,306262
1779838613.896111,spill,FileSystemStorage,524288,1,524533,450402,262405
1779838613.896266,spill,FileSystemStorage,524288,1,524533,438016,270240
1779838613.896554,spill,FileSystemStorage,524288,1,524533,430042,260008
1779838613.897029,spill,FileSystemStorage,524288,1,524533,444517,258258
1779838613.897295,spill,FileSystemStorage,524288,2,1049066,757545,510660
1779838613.897329,spill,FileSystemStorage,524288,1,524533,476369,298713
1779838613.897713,spill,FileSystemStorage,524288,1,524533,451921,257418
1779838613.897988,spill,FileSystemStorage,524288,1,524533,401450,238726
1779838613.898721,spill,FileSystemStorage,524288,2,1049066,936927,558620
1779838613.898861,spill,FileSystemStorage,524288,2,1049066,827246,553512
1779838613.899402,spill,FileSystemStorage,524288,3,1573599,1133436,792083
1779838613.899942,spill,FileSystemStorage,524288,2,1049066,805627,515487
1779838613.900053,spill,FileSystemStorage,524288,2,1049066,844127,555585
1779838613.900159,spill,FileSystemStorage,524288,1,524533,464745,269323
1779838613.900843,spill,FileSystemStorage,524288,1,524533,457349,257340
1779838613.901243,spill,FileSystemStorage,524288,2,1049066,752316,493232
1779838613.901469,spill,FileSystemStorage,524288,2,1049066,867215,577539
1779838613.901894,spill,FileSystemStorage,524288,2,1049066,750578,493493
1779838613.901976,spill,FileSystemStorage,524288,1,524533,433084,266220
1779838613.902298,spill,FileSystemStorage,524288,1,524533,454145,265208
1779838613.902711,spill,FileSystemStorage,524288,1,524533,432512,268315
1779838613.903101,spill,FileSystemStorage,524288,2,1049066,873149,587929
1779838613.903110,spill,FileSystemStorage,524288,1,524533,502310,317778
1779838613.903773,spill,FileSystemStorage,524288,2,1049066,739979,489409
1779838613.904086,spill,FileSystemStorage,524288,1,524533,446240,252245
1779838613.904325,spill,FileSystemStorage,524288,2,1049066,760957,514379
1779838613.904498,spill,FileSystemStorage,524288,1,524533,433947,247371
1779838613.905132,spill,FileSystemStorage,524288,2,1049066,807000,565349
1779838613.905224,spill,FileSystemStorage,524288,1,524533,477931,280284
1779838613.905375,spill,FileSystemStorage,524288,2,1049066,752103,519281
1779838613.905984,spill,FileSystemStorage,524288,1,524533,463619,290942
1779838613.906187,spill,FileSystemStorage,524288,2,1049066,758386,520806
1779838613.906495,spill,FileSystemStorage,524288,2,1049066,851752,573677
1779838613.906678,spill,FileSystemStorage,524288,1,524533,409890,235332
1779838613.906968,spill,FileSystemStorage,524288,1,524533,434808,257906
1779838613.907258,spill,FileSystemStorage,524288,1,524533,482971,297905
1779838613.907422,spill,FileSystemStorage,524288,1,524533,471411,266554
1779838613.908001,spill,FileSystemStorage,524288,1,524533,419960,270113
1779838613.908108,spill,FileSystemStorage,524288,1,524533,426994,272280
1779838613.908169,spill,FileSystemStorage,524288,2,1049066,783474,501767
1779838613.908931,spill,FileSystemStorage,524288,1,524533,575538,270479
1779838613.909373,spill,FileSystemStorage,524288,2,1049066,913312,567236
1779838613.909383,spill,FileSystemStorage,524288,1,524533,454199,285765
1779838613.909984,spill,FileSystemStorage,524288,2,1049066,794188,483397
1779838613.910439,spill,FileSystemStorage,524288,1,524533,582539,258464
1779838613.910459,spill,FileSystemStorage,524288,1,524533,561298,260085
1779838613.910893,spill,FileSystemStorage,524288,1,524533,421849,236036
1779838613.911192,spill,FileSystemStorage,524288,1,524533,459972,304902
1779838613.911602,spill,FileSystemStorage,524288,2,1049066,833435,572631
1779838613.911684,spill,FileSystemStorage,524288,1,524533,407387,259897
1779838613.911890,spill,FileSystemStorage,524288,1,524533,411985,238428
1779838613.912536,spill,FileSystemStorage,524288,1,524533,419977,251002
1779838613.912714,spill,FileSystemStorage,524288,2,1049066,812742,523939
1779838613.912788,spill,FileSystemStorage,524288,1,524533,447519,257057
1779838613.913220,spill,FileSystemStorage,524288,1,524533,394862,235251
1779838613.913782,spill,FileSystemStorage,524288,2,1049066,793151,525127
1779838613.913886,spill,FileSystemStorage,524288,1,524533,406875,266739
1779838613.913924,spill,FileSystemStorage,524288,2,1049066,792056,533675
1779838613.914515,spill,FileSystemStorage,524288,1,524533,462662,279844
1779838613.914555,spill,FileSystemStorage,524288,1,524533,420187,254785
1779838613.915572,spill,FileSystemStorage,524288,1,524533,448849,273238
1779838613.915760,spill,FileSystemStorage,524288,2,1049066,1531501,502611
1779838613.915928,spill,FileSystemStorage,524288,2,1049066,701475,475471
1779838613.916578,spill,FileSystemStorage,524288,1,524533,443071,274827
1779838613.916840,spill,FileSystemStorage,524288,1,524533,438255,260453
1779838613.916954,spill,FileSystemStorage,524288,2,1049066,775989,530053
1779838613.917283,spill,FileSystemStorage,524288,1,524533,420253,256080
1779838613.918182,spill,FileSystemStorage,524288,1,524533,410460,256855
1779838613.918276,spill,FileSystemStorage,524288,1,524533,478537,275003
1779838613.918553,spill,FileSystemStorage,524288,2,1049066,773431,508094
1779838613.919113,spill,FileSystemStorage,524288,1,524533,459973,289340
1779838613.919194,spill,FileSystemStorage,524288,1,524533,468863,311803
1779838613.919706,spill,FileSystemStorage,524288,2,1049066,749917,457598
1779838613.920124,spill,FileSystemStorage,524288,1,524533,376061,234536
1779838613.920706,spill,FileSystemStorage,524288,1,524533,426624,264039
1779838613.920908,spill,FileSystemStorage,524288,2,1049066,769677,514615
1779838613.921599,spill,FileSystemStorage,524288,2,1049066,735282,487391
1779838613.921742,spill,FileSystemStorage,524288,2,1049066,749582,518164
1779838613.922057,spill,FileSystemStorage,524288,1,524533,437662,261994
1779838613.922765,spill,FileSystemStorage,524288,2,1049066,720072,495229
1779838613.923025,spill,FileSystemStorage,524288,2,1049066,893057,558905
1779838613.923538,spill,FileSystemStorage,524288,2,1049066,819378,555840
1779838613.923743,spill,FileSystemStorage,524288,1,524533,425412,269773
1779838613.923855,spill,FileSystemStorage,524288,2,1049066,769348,520722
1779838613.924787,spill,FileSystemStorage,524288,1,524533,464560,272368
1779838613.924788,spill,FileSystemStorage,524288,1,524533,442594,277483
1779838613.924902,spill,FileSystemStorage,524288,2,1049066,784433,492422
1779838613.925487,spill,FileSystemStorage,524288,1,524533,456347,282747
1779838613.925626,spill,FileSystemStorage,524288,1,524533,453203,291135
1779838613.925654,spill,FileSystemStorage,524288,1,524533,427710,262845
1779838613.926603,spill,FileSystemStorage,524288,2,1049066,812164,555739
1779838613.926664,spill,FileSystemStorage,524288,2,1049066,792865,547034
1779838613.926775,spill,FileSystemStorage,524288,2,1049066,788294,555017
1779838613.927376,spill,FileSystemStorage,524288,1,524533,450562,249221
1779838613.927500,spill,FileSystemStorage,524288,1,524533,425404,248349
1779838613.927570,spill,FileSystemStorage,524288,1,524533,429291,250472
1779838613.928102,spill,FileSystemStorage,524288,1,524533,406243,239053
1779838613.928293,spill,FileSystemStorage,524288,1,524533,408649,250395
1779838613.928861,spill,FileSystemStorage,524288,1,524533,409999,259324
1779838613.928967,spill,FileSystemStorage,524288,1,524533,458571,267591
1779838613.929335,spill,FileSystemStorage,524288,2,1049066,737921,494324
1779838613.929551,spill,FileSystemStorage,524288,1,524533,417469,258754
1779838613.930169,spill,FileSystemStorage,524288,2,1049066,781407,500868
1779838613.930332,spill,FileSystemStorage,524288,2,1049066,737000,498571
1779838613.930454,spill,FileSystemStorage,524288,1,524533,433135,270109
1779838613.930928,spill,FileSystemStorage,524288,1,524533,451146,266723
1779838613.931104,spill,FileSystemStorage,524288,1,524533,429429,288571
1779838613.931243,spill,FileSystemStorage,524288,1,524533,464325,283526
1779838613.932166,spill,FileSystemStorage,524288,1,524533,434008,260463
1779838613.932189,spill,FileSystemStorage,524288,1,524533,441627,267037
1779838613.932539,spill,FileSystemStorage,524288,2,1049066,778579,484461
1779838613.933429,spill,FileSystemStorage,524288,1,524533,447908,284915
1779838613.933512,spill,FileSystemStorage,524288,1,524533,463925,301646
1779838613.933563,spill,FileSystemStorage,524288,2,1049066,738617,507743
1779838613.934230,spill,FileSystemStorage,524288,1,524533,416926,249037
1779838613.934477,spill,FileSystemStorage,524288,1,524533,411008,266175
1779838613.934766,spill,FileSystemStorage,524288,2,1049066,731731,500099
1779838613.935208,spill,FileSystemStorage,524288,1,524533,462421,317437
1779838613.935589,spill,FileSystemStorage,524288,1,524533,480108,286405
1779838613.935662,spill,FileSystemStorage,524288,2,1049066,805777,493136
1779838613.936398,spill,FileSystemStorage,524288,1,524533,422510,238287
1779838613.936910,spill,FileSystemStorage,524288,1,524533,475425,263855
1779838613.937117,spill,FileSystemStorage,524288,1,524533,425185,262604
1779838613.937176,spill,FileSystemStorage,524288,2,1049066,769993,522511
1779838613.937889,spill,FileSystemStorage,524288,1,524533,395137,252891
1779838613.937994,spill,FileSystemStorage,524288,1,524533,386689,246392
1779838613.938064,spill,FileSystemStorage,524288,2,1049066,747590,489342
1779838613.938779,spill,FileSystemStorage,524288,1,524533,366394,240356
1779838613.938903,spill,FileSystemStorage,524288,1,524533,460961,280375
1779838613.939345,spill,FileSystemStorage,524288,2,1049066,792450,512756
1779838613.939526,spill,FileSystemStorage,524288,1,524533,427109,259671
1779838613.939996,spill,FileSystemStorage,524288,2,1049066,747743,500478
1779838613.940204,spill,FileSystemStorage,524288,1,524533,403660,251010
1779838613.940310,spill,FileSystemStorage,524288,1,524533,443543,258016
1779838613.940772,spill,FileSystemStorage,524288,1,524533,411213,253662
1779838613.940869,spill,FileSystemStorage,524288,1,524533,402185,262913
1779838613.941032,spill,FileSystemStorage,524288,1,524533,420381,261010
1779838613.941510,spill,FileSystemStorage,524288,1,524533,468820,276204
1779838613.941569,spill,FileSystemStorage,524288,1,524533,399397,252198
1779838613.942093,spill,FileSystemStorage,524288,1,524533,394925,249297
1779838613.942224,spill,FileSystemStorage,524288,1,524533,379450,251215
1779838613.942227,spill,FileSystemStorage,524288,1,524533,409353,258353
1779838613.942888,spill,FileSystemStorage,524288,1,524533,424573,257357
1779838613.943057,spill,FileSystemStorage,524288,1,524533,474604,291419
1779838613.943286,spill,FileSystemStorage,524288,2,1049066,790871,517185
1779838613.943770,spill,FileSystemStorage,524288,1,524533,421480,249204
1779838613.944015,spill,FileSystemStorage,524288,1,524533,399635,228131
1779838613.944586,spill,FileSystemStorage,524288,1,524533,421010,264688
1779838613.944878,spill,FileSystemStorage,524288,2,1049066,743408,484473
1779838613.945583,spill,FileSystemStorage,524288,1,524533,398743,244361
1779838613.945812,spill,FileSystemStorage,524288,1,524533,497414,279014
1779838613.946218,spill,FileSystemStorage,524288,3,1573599,1343153,937827
1779838613.946488,spill,FileSystemStorage,524288,1,524533,407802,241367
1779838613.947033,spill,FileSystemStorage,524288,1,524533,543554,302645
1779838613.947568,spill,FileSystemStorage,524288,2,1049066,934688,605883
1779838613.947690,spill,FileSystemStorage,524288,2,1049066,801341,492798
1779838613.948501,spill,FileSystemStorage,524288,1,524533,416112,250911
1779838613.948875,spill,FileSystemStorage,524288,1,524533,477043,248850
1779838613.949211,spill,FileSystemStorage,524288,2,1049066,781453,507495
1779838613.949353,spill,FileSystemStorage,524288,1,524533,477450,266391
1779838613.950133,spill,FileSystemStorage,524288,2,1049066,733312,492585
1779838613.950212,spill,FileSystemStorage,524288,1,524533,432684,277690
1779838613.951124,spill,FileSystemStorage,524288,2,1049066,818189,563004
1779838613.951189,spill,FileSystemStorage,524288,1,524533,476810,301477
1779838613.951257,spill,FileSystemStorage,524288,1,524533,481204,292001
1779838613.952751,spill,FileSystemStorage,524288,1,524533,763178,272210
1779838613.952791,spill,FileSystemStorage,524288,1,524533,642928,272966
1779838613.953083,spill,FileSystemStorage,524288,2,1049066,867272,497008
1779838613.953604,spill,FileSystemStorage,524288,1,524533,420136,249390
1779838613.954101,spill,FileSystemStorage,524288,1,524533,642139,259323
1779838613.954443,spill,FileSystemStorage,524288,2,1049066,886657,525401
1779838613.954550,spill,FileSystemStorage,524288,1,524533,505950,263241
1779838613.955069,spill,FileSystemStorage,524288,1,524533,730196,274406
1779838613.955370,spill,FileSystemStorage,524288,1,524533,423523,232769
1779838613.956148,spill,FileSystemStorage,524288,1,524533,1098399,232067
1779838613.956515,spill,FileSystemStorage,524288,1,524533,463249,266641
1779838613.956877,spill,FileSystemStorage,524288,2,1049066,727002,490674
1779838613.957283,spill,FileSystemStorage,524288,1,524533,402195,238503
1779838613.957967,spill,FileSystemStorage,524288,1,524533,442777,279568
1779838613.958099,spill,FileSystemStorage,524288,1,524533,430474,262331
1779838613.958382,spill,FileSystemStorage,524288,3,1573599,1155300,833640
1779838613.958927,spill,FileSystemStorage,524288,1,524533,429943,265176
1779838613.959218,spill,FileSystemStorage,524288,1,524533,498149,302635
1779838613.959257,spill,FileSystemStorage,524288,2,1049066,812318,566897
1779838613.960285,spill,FileSystemStorage,524288,1,524533,395468,232569
1779838613.961224,spill,FileSystemStorage,524288,3,1573599,1001717,702569
1779838613.961245,spill,FileSystemStorage,524288,1,524533,561698,264250
1779838613.961593,spill,FileSystemStorage,524288,1,524533,734955,222694
1779838613.962438,spill,FileSystemStorage,524288,1,524533,397453,253843
1779838613.962956,spill,FileSystemStorage,524288,1,524533,455172,282404
1779838613.963252,spill,FileSystemStorage,524288,1,524533,445579,274356
1779838613.963341,spill,FileSystemStorage,524288,3,1573599,1214189,840035
1779838613.964359,spill,FileSystemStorage,524288,1,524533,531158,250297
1779838613.964381,spill,FileSystemStorage,524288,1,524533,510845,252934
1779838613.965236,spill,FileSystemStorage,524288,2,1049066,1024023,463765
1779838613.965806,spill,FileSystemStorage,524288,2,1049066,913106,520464
1779838613.966099,spill,FileSystemStorage,524288,3,1573599,1255404,761710
1779838613.966162,spill,FileSystemStorage,524288,1,524533,512417,249510
1779838613.967163,spill,FileSystemStorage,524288,1,524533,672421,312844
1779838613.967165,spill,FileSystemStorage,524288,1,524533,596143,311352
1779838613.967877,spill,FileSystemStorage,524288,3,1573599,1264757,838863
1779838613.968221,spill,FileSystemStorage,524288,1,524533,452115,252737
1779838613.968400,spill,FileSystemStorage,524288,1,524533,395466,242101
1779838613.969650,spill,FileSystemStorage,524288,2,1049066,1058534,493488
1779838613.969699,spill,FileSystemStorage,524288,2,1049066,930850,490800
1779838613.970215,spill,FileSystemStorage,524288,1,524533,704090,244519
1779838613.971083,spill,FileSystemStorage,524288,1,524533,482727,301293
1779838613.971126,spill,FileSystemStorage,524288,1,524533,514336,337684
1779838613.971596,spill,FileSystemStorage,524288,2,1049066,770894,491044
1779838613.972585,spill,FileSystemStorage,524288,1,524533,805501,258802
1779838613.972656,spill,FileSystemStorage,524288,1,524533,641962,287773
1779838613.972665,spill,FileSystemStorage,524288,1,524533,709358,285511
1779838613.974158,spill,FileSystemStorage,524288,1,524533,722641,266999
1779838613.974564,spill,FileSystemStorage,524288,2,1049066,879986,525124
1779838613.974885,spill,FileSystemStorage,524288,3,1573599,1346646,810226
1779838613.975273,spill,FileSystemStorage,524288,2,1049066,756232,497137
1779838613.976283,spill,FileSystemStorage,524288,1,524533,463016,268650
1779838613.976294,spill,FileSystemStorage,524288,1,524533,598363,292549
1779838613.976426,spill,FileSystemStorage,524288,3,1573599,1232335,737412
1779838613.977596,spill,FileSystemStorage,524288,1,524533,430949,255587
1779838613.977814,spill,FileSystemStorage,524288,2,1049066,966286,475409
1779838613.978343,spill,FileSystemStorage,524288,1,524533,437677,237428
1779838613.979153,spill,FileSystemStorage,524288,1,524533,472010,294083
1779838613.979628,spill,FileSystemStorage,524288,2,1049066,845250,549915
1779838613.979653,spill,FileSystemStorage,524288,2,1049066,861473,534391
1779838613.980321,spill,FileSystemStorage,524288,1,524533,551068,232238
1779838613.980767,spill,FileSystemStorage,524288,1,524533,475016,251633
1779838613.981132,spill,FileSystemStorage,524288,1,524533,534935,251215
1779838613.981553,spill,FileSystemStorage,524288,1,524533,440225,272360
1779838613.981904,spill,FileSystemStorage,524288,2,1049066,810363,534628
1779838613.981983,spill,FileSystemStorage,524288,1,524533,592883,269359
1779838613.982610,spill,FileSystemStorage,524288,2,1049066,715140,470418
1779838613.982775,spill,FileSystemStorage,524288,1,524533,426859,255469
1779838613.982768,spill,FileSystemStorage,524288,1,524533,454623,299517
1779838613.983352,spill,FileSystemStorage,524288,1,524533,450375,269069
1779838613.983596,spill,FileSystemStorage,524288,1,524533,424322,266559
1779838613.984124,spill,FileSystemStorage,524288,1,524533,418263,261874
1779838613.984375,spill,FileSystemStorage,524288,1,524533,394391,253226
1779838613.984459,spill,FileSystemStorage,524288,4,2098132,1374554,1010716
1779838613.985277,spill,FileSystemStorage,524288,1,524533,392059,247071
1779838613.985736,spill,FileSystemStorage,524288,1,524533,414309,247755
1779838613.986163,spill,FileSystemStorage,524288,1,524533,379378,250956
1779838613.986655,spill,FileSystemStorage,524288,1,524533,377665,248201
1779838613.987169,spill,FileSystemStorage,524288,1,524533,467856,292781
1779838613.987343,spill,FileSystemStorage,524288,6,3147198,2158112,1605605
1779838613.987372,spill,FileSystemStorage,524288,1,524533,432743,270576
1779838613.988543,spill,FileSystemStorage,524288,1,524533,400026,227033
1779838613.988807,spill,FileSystemStorage,524288,1,524533,438674,249966
1779838613.989199,spill,FileSystemStorage,524288,2,1049066,669991,460990
1779838613.989911,spill,FileSystemStorage,524288,2,1049066,713506,483316
1779838613.990012,spill,FileSystemStorage,524288,1,524533,387909,245858
1779838613.990818,spill,FileSystemStorage,524288,1,524533,422997,276109
1779838613.990826,spill,FileSystemStorage,524288,1,524533,412780,261203
1779838613.991308,spill,FileSystemStorage,524288,1,524533,456322,234800
1779838613.991596,spill,FileSystemStorage,524288,1,524533,416177,248954
1779838613.991748,spill,FileSystemStorage,524288,1,524533,397407,248045
1779838613.992810,spill,FileSystemStorage,524288,1,524533,411880,255400
1779838613.992869,spill,FileSystemStorage,524288,1,524533,373262,248129
1779838613.993157,spill,FileSystemStorage,524288,1,524533,423912,248057
1779838613.994187,spill,FileSystemStorage,524288,2,1049066,759381,531840
1779838613.994189,spill,FileSystemStorage,524288,2,1049066,774759,535146
1779838613.994304,spill,FileSystemStorage,524288,1,524533,463849,286533
1779838613.995096,spill,FileSystemStorage,524288,1,524533,460758,304847
1779838613.995152,spill,FileSystemStorage,524288,1,524533,486332,329797
1779838613.995739,spill,FileSystemStorage,524288,3,1573599,1090719,779085
1779838613.996640,spill,FileSystemStorage,524288,1,524533,716394,247039
1779838613.996716,spill,FileSystemStorage,524288,1,524533,413462,250187
1779838613.997608,spill,FileSystemStorage,524288,2,1049066,974266,537891
1779838613.997728,spill,FileSystemStorage,524288,1,524533,600108,285753
1779838613.998056,spill,FileSystemStorage,524288,2,1049066,795585,500498
1779838613.998348,spill,FileSystemStorage,524288,1,524533,380737,228647
1779838613.998671,spill,FileSystemStorage,524288,1,524533,571755,286852
1779838613.999227,spill,FileSystemStorage,524288,2,1049066,774140,521559
1779838613.999483,spill,FileSystemStorage,524288,2,1049066,849222,592752
1779838613.999908,spill,FileSystemStorage,524288,2,1049066,812733,547137
1779838614.000455,spill,FileSystemStorage,524288,1,524533,474104,283682
1779838614.000475,spill,FileSystemStorage,524288,2,1049066,739863,512171
1779838614.000751,spill,FileSystemStorage,524288,1,524533,468794,288002
1779838614.001169,spill,FileSystemStorage,524288,1,524533,419569,269573
1779838614.001224,spill,FileSystemStorage,524288,1,524533,401036,258311
1779838614.001816,spill,FileSystemStorage,524288,2,1049066,805481,557304
1779838614.001921,spill,FileSystemStorage,524288,1,524533,428615,261582
1779838614.001926,spill,FileSystemStorage,524288,1,524533,446289,270603
1779838614.002780,spill,FileSystemStorage,524288,1,524533,448445,268894
1779838614.003408,spill,FileSystemStorage,524288,3,1573599,1171110,829442
1779838614.003676,spill,FileSystemStorage,524288,4,2098132,1595614,1151696
1779838614.004102,spill,FileSystemStorage,524288,3,1573599,1024093,748937
1779838614.004443,spill,FileSystemStorage,524288,1,524533,453573,287246
1779838614.005205,spill,FileSystemStorage,524288,2,1049066,811046,595212
1779838614.005214,spill,FileSystemStorage,524288,4,2098132,1439866,1066475
1779838614.005897,spill,FileSystemStorage,524288,3,1573599,1182262,854766
1779838614.006179,spill,FileSystemStorage,524288,1,524533,421587,252450
1779838614.006279,spill,FileSystemStorage,524288,1,524533,455588,268585
1779838614.006742,spill,FileSystemStorage,524288,1,524533,427682,277206
1779838614.007173,spill,FileSystemStorage,524288,1,524533,432004,290923
1779838614.007487,spill,FileSystemStorage,524288,2,1049066,819385,571592
1779838614.007540,spill,FileSystemStorage,524288,1,524533,463219,276337
1779838614.008115,spill,FileSystemStorage,524288,1,524533,394975,248458
1779838614.008667,spill,FileSystemStorage,524288,1,524533,396331,245325
1779838614.008959,spill,FileSystemStorage,524288,1,524533,436588,288091
1779838614.009347,spill,FileSystemStorage,524288,1,524533,397476,256613
1779838614.009382,spill,FileSystemStorage,524288,2,1049066,772100,529445
1779838614.010029,spill,FileSystemStorage,524288,1,524533,428641,269172
1779838614.010248,spill,FileSystemStorage,524288,2,1049066,791870,566804
1779838614.010431,spill,FileSystemStorage,524288,2,1049066,709520,506595
1779838614.010742,spill,FileSystemStorage,524288,1,524533,377689,228907
1779838614.011167,spill,FileSystemStorage,524288,1,524533,482220,313357
1779838614.011241,spill,FileSystemStorage,524288,1,524533,488985,281914
1779838614.011532,spill,FileSystemStorage,524288,1,524533,438323,261128
1779838614.011903,spill,FileSystemStorage,524288,1,524533,392643,250504
1779838614.011899,spill,FileSystemStorage,524288,1,524533,436275,281607
1779838614.012570,spill,FileSystemStorage,524288,2,1049066,778613,541812
1779838614.012720,spill,FileSystemStorage,524288,1,524533,454166,292584
1779838614.012897,spill,FileSystemStorage,524288,2,1049066,750025,532556
1779838614.013585,spill,FileSystemStorage,524288,1,524533,449092,283815
1779838614.013624,spill,FileSystemStorage,524288,2,1049066,777102,527385
1779838614.013668,spill,FileSystemStorage,524288,1,524533,468853,289159
1779838614.014462,spill,FileSystemStorage,524288,1,524533,569381,301902
1779838614.014620,spill,FileSystemStorage,524288,1,524533,509161,282471
1779838614.014769,spill,FileSystemStorage,524288,2,1049066,786546,552994
1779838614.015935,spill,FileSystemStorage,524288,1,524533,561708,265527
1779838614.015960,spill,FileSystemStorage,524288,1,524533,530368,262473
1779838614.016402,spill,FileSystemStorage,524288,2,1049066,1586355,497469
1779838614.016970,spill,FileSystemStorage,524288,1,524533,365448,229317
1779838614.017588,spill,FileSystemStorage,524288,2,1049066,899773,538831
1779838614.017688,spill,FileSystemStorage,524288,1,524533,426253,260898
1779838614.017718,spill,FileSystemStorage,524288,2,1049066,893623,580751
1779838614.019071,spill,FileSystemStorage,524288,1,524533,486668,325349
1779838614.019208,spill,FileSystemStorage,524288,2,1049066,826996,570245
1779838614.019547,spill,FileSystemStorage,524288,2,1049066,825588,575789
1779838614.020080,spill,FileSystemStorage,524288,1,524533,428215,236888
1779838614.020616,spill,FileSystemStorage,524288,1,524533,465020,277916
1779838614.020747,spill,FileSystemStorage,524288,2,1049066,824901,524672
1779838614.021421,spill,FileSystemStorage,524288,1,524533,411400,253620
1779838614.021506,spill,FileSystemStorage,524288,2,1049066,901205,601639
1779838614.021790,spill,FileSystemStorage,524288,1,524533,396206,243255
1779838614.022461,spill,FileSystemStorage,524288,1,524533,449556,263340
1779838614.022862,spill,FileSystemStorage,524288,1,524533,408449,265383
1779838614.023617,spill,FileSystemStorage,524288,3,1573599,1264101,888179
1779838614.024048,spill,FileSystemStorage,524288,1,524533,717650,263674
1779838614.024215,spill,FileSystemStorage,524288,1,524533,713125,252536
1779838614.025159,spill,FileSystemStorage,524288,1,524533,436749,261940
1779838614.025340,spill,FileSystemStorage,524288,2,1049066,859002,594109
1779838614.025971,spill,FileSystemStorage,524288,3,1573599,1049283,768930
1779838614.026197,spill,FileSystemStorage,524288,1,524533,401425,248487
1779838614.026380,spill,FileSystemStorage,524288,1,524533,493353,302981
1779838614.027180,spill,FileSystemStorage,524288,1,524533,427922,293989
1779838614.027326,spill,FileSystemStorage,524288,2,1049066,818764,540641
1779838614.027535,spill,FileSystemStorage,524288,1,524533,526542,299645
1779838614.028203,spill,FileSystemStorage,524288,1,524533,418454,251491
1779838614.028261,spill,FileSystemStorage,524288,1,524533,415932,256776
1779838614.028887,spill,FileSystemStorage,524288,1,524533,555313,345354
1779838614.029033,spill,FileSystemStorage,524288,1,524533,451941,296678
1779838614.029456,spill,FileSystemStorage,524288,2,1049066,745579,522059
1779838614.029821,spill,FileSystemStorage,524288,1,524533,482693,291549
1779838614.029958,spill,FileSystemStorage,524288,1,524533,409395,240256
1779838614.030363,spill,FileSystemStorage,524288,1,524533,398921,240134
1779838614.031445,spill,FileSystemStorage,524288,1,524533,424220,274602
1779838614.031462,spill,FileSystemStorage,524288,2,1049066,977600,681115
1779838614.031534,spill,FileSystemStorage,524288,3,1573599,1133845,793145
1779838614.032618,spill,FileSystemStorage,524288,1,524533,419118,280060
1779838614.032657,spill,FileSystemStorage,524288,1,524533,497420,313486
1779838614.033022,spill,FileSystemStorage,524288,2,1049066,755186,501615
1779838614.033954,spill,FileSystemStorage,524288,1,524533,427601,264620
1779838614.034033,spill,FileSystemStorage,524288,2,1049066,708105,501018
1779838614.034234,spill,FileSystemStorage,524288,1,524533,455821,260947
1779838614.035511,spill,FileSystemStorage,524288,1,524533,547027,321673
1779838614.035543,spill,FileSystemStorage,524288,2,1049066,816904,561994
1779838614.035612,spill,FileSystemStorage,524288,2,1049066,804586,555759
1779838614.036515,spill,FileSystemStorage,524288,1,524533,423943,268874
1779838614.036658,spill,FileSystemStorage,524288,1,524533,476742,298966
1779838614.037054,spill,FileSystemStorage,524288,2,1049066,886296,623525
1779838614.038328,spill,FileSystemStorage,524288,2,1049066,694257,486256
1779838614.038839,spill,FileSystemStorage,524288,2,1049066,758774,509065
1779838614.039004,spill,FileSystemStorage,524288,2,1049066,920464,538786
1779838614.039379,spill,FileSystemStorage,524288,1,524533,429345,243670
1779838614.040039,spill,FileSystemStorage,524288,2,1049066,723363,461029
1779838614.040489,spill,FileSystemStorage,524288,1,524533,398088,255405
1779838614.040620,spill,FileSystemStorage,524288,1,524533,509937,300061
1779838614.041414,spill,FileSystemStorage,524288,1,524533,615930,240894
1779838614.041819,spill,FileSystemStorage,524288,1,524533,556886,258811
1779838614.042322,spill,FileSystemStorage,524288,2,1049066,951671,627100
1779838614.042792,spill,FileSystemStorage,524288,1,524533,400055,262725
1779838614.042847,spill,FileSystemStorage,524288,1,524533,452400,262895
1779838614.043967,spill,FileSystemStorage,524288,3,1573599,1256597,875405
1779838614.043994,spill,FileSystemStorage,524288,1,524533,411452,272709
1779838614.044181,spill,FileSystemStorage,524288,1,524533,391413,249713
1779838614.045560,spill,FileSystemStorage,524288,2,1049066,706340,514736
1779838614.045566,spill,FileSystemStorage,524288,1,524533,410819,272786
1779838614.046074,spill,FileSystemStorage,524288,2,1049066,886589,602516
1779838614.046941,spill,FileSystemStorage,524288,2,1049066,791783,544249
1779838614.047011,spill,FileSystemStorage,524288,2,1049066,839200,575925
1779838614.047070,spill,FileSystemStorage,524288,1,524533,601927,376922
1779838614.048088,spill,FileSystemStorage,524288,1,524533,420346,246275
1779838614.048322,spill,FileSystemStorage,524288,1,524533,427143,259776
1779838614.048340,spill,FileSystemStorage,524288,1,524533,549537,325837
1779838614.049318,spill,FileSystemStorage,524288,1,524533,546379,261503
1779838614.049562,spill,FileSystemStorage,524288,1,524533,417789,247598
1779838614.050016,spill,FileSystemStorage,524288,2,1049066,901136,619745
1779838614.050343,spill,FileSystemStorage,524288,1,524533,432370,260761
1779838614.050370,spill,FileSystemStorage,524288,1,524533,408170,249277
1779838614.051119,spill,FileSystemStorage,524288,1,524533,576731,385327
1779838614.051672,spill,FileSystemStorage,524288,2,1049066,784229,492485
1779838614.051812,spill,FileSystemStorage,524288,1,524533,425652,268829
1779838614.052734,spill,FileSystemStorage,524288,1,524533,508289,279995
1779838614.052763,spill,FileSystemStorage,524288,1,524533,430451,273570
1779838614.053019,spill,FileSystemStorage,524288,2,1049066,1119013,562938
1779838614.053656,spill,FileSystemStorage,524288,1,524533,412804,257057
1779838614.053876,spill,FileSystemStorage,524288,2,1049066,695727,481381
1779838614.054118,spill,FileSystemStorage,524288,1,524533,509135,293399
1779838614.055094,spill,FileSystemStorage,524288,1,524533,578514,386243
1779838614.055323,spill,FileSystemStorage,524288,3,1573599,1101557,785914
1779838614.055568,spill,FileSystemStorage,524288,3,1573599,1107414,808013
1779838614.056170,spill,FileSystemStorage,524288,1,524533,460830,271253
1779838614.057398,spill,FileSystemStorage,524288,2,1049066,754386,507859
1779838614.057492,spill,FileSystemStorage,524288,3,1573599,1058072,771424
1779838614.057553,spill,FileSystemStorage,524288,1,524533,454812,272893
1779838614.058350,spill,FileSystemStorage,524288,1,524533,396757,246061
1779838614.059019,spill,FileSystemStorage,524288,1,524533,487921,290355
1779838614.059174,spill,FileSystemStorage,524288,1,524533,608692,366088
1779838614.059278,spill,FileSystemStorage,524288,1,524533,520610,304047
1779838614.060287,spill,FileSystemStorage,524288,1,524533,505601,315609
1779838614.060308,spill,FileSystemStorage,524288,1,524533,451485,279716
1779838614.060361,spill,FileSystemStorage,524288,1,524533,482574,290944
1779838614.061635,spill,FileSystemStorage,524288,1,524533,497289,322777
1779838614.061891,spill,FileSystemStorage,524288,1,524533,399250,254725
1779838614.062017,spill,FileSystemStorage,524288,2,1049066,765209,513231
1779838614.062769,spill,FileSystemStorage,524288,1,524533,542679,315120
1779838614.063046,spill,FileSystemStorage,524288,1,524533,518894,286485
1779838614.063530,spill,FileSystemStorage,524288,2,1049066,810571,535212
1779838614.064185,spill,FileSystemStorage,524288,2,1049066,1012546,578626
1779838614.064604,spill,FileSystemStorage,524288,1,524533,589556,261932
1779838614.064968,spill,FileSystemStorage,524288,2,1049066,862349,545557
1779838614.065079,spill,FileSystemStorage,524288,1,524533,518380,287599
1779838614.066231,spill,FileSystemStorage,524288,2,1049066,841759,548221
1779838614.066443,spill,FileSystemStorage,524288,3,1573599,1287721,747174
1779838614.066669,spill,FileSystemStorage,524288,2,1049066,1082816,586121
1779838614.067101,spill,FileSystemStorage,524288,1,524533,494755,302210
1779838614.067705,spill,FileSystemStorage,524288,1,524533,645103,263227
1779838614.068059,spill,FileSystemStorage,524288,1,524533,522726,272993
1779838614.068311,spill,FileSystemStorage,524288,2,1049066,978626,488530
1779838614.069133,spill,FileSystemStorage,524288,1,524533,416863,257205
1779838614.069164,spill,FileSystemStorage,524288,1,524533,564497,264278
1779838614.070839,spill,FileSystemStorage,524288,1,524533,728330,336394
1779838614.074966,spill,FileSystemStorage,524288,1,524533,707475,290403
1779838614.075208,spill,FileSystemStorage,524288,3,1573599,1520450,849376
1779838614.075663,spill,FileSystemStorage,524288,2,1049066,763138,470009
1779838614.076384,spill,FileSystemStorage,524288,1,524533,666109,236713
1779838614.078343,spill,FileSystemStorage,524288,4,2098132,1338265,979748
1779838614.078495,spill,FileSystemStorage,524288,1,524533,480676,271778
1779838614.079353,spill,FileSystemStorage,524288,2,1049066,859824,579980
1779838614.079803,spill,FileSystemStorage,524288,1,524533,758877,255593
1779838614.080659,spill,FileSystemStorage,524288,1,524533,555669,304844
1779838614.080736,spill,FileSystemStorage,524288,1,524533,800803,280852
1779838614.081069,spill,FileSystemStorage,524288,1,524533,554735,260562
1779838614.082023,spill,FileSystemStorage,524288,1,524533,780334,261962
1779838614.082762,spill,FileSystemStorage,524288,1,524533,709308,264258
1779838614.082772,spill,FileSystemStorage,524288,1,524533,645012,267551
1779838614.083827,spill,FileSystemStorage,524288,2,1049066,905041,580551
1779838614.083850,spill,FileSystemStorage,524288,1,524533,411950,251492
1779838614.084530,spill,FileSystemStorage,524288,1,524533,417686,237817
1779838614.084808,spill,FileSystemStorage,524288,1,524533,398463,230208
1779838614.085154,spill,FileSystemStorage,524288,1,524533,492407,310493
1779838614.085847,spill,FileSystemStorage,524288,1,524533,450400,280947
1779838614.085947,spill,FileSystemStorage,524288,2,1049066,671195,486087
1779838614.086695,spill,FileSystemStorage,524288,2,1049066,906809,627198
1779838614.086764,spill,FileSystemStorage,524288,1,524533,417738,276902
1779838614.086839,spill,FileSystemStorage,524288,1,524533,405968,241511
1779838614.087740,spill,FileSystemStorage,524288,1,524533,435708,266330
1779838614.087913,spill,FileSystemStorage,524288,1,524533,498280,288068
1779838614.088532,spill,FileSystemStorage,524288,1,524533,425096,248822
1779838614.089189,spill,FileSystemStorage,524288,2,1049066,912316,609987
1779838614.089504,spill,FileSystemStorage,524288,1,524533,432958,270820
1779838614.089528,spill,FileSystemStorage,524288,2,1049066,768975,529075
1779838614.090073,spill,FileSystemStorage,524288,1,524533,527328,325247
1779838614.090381,spill,FileSystemStorage,524288,1,524533,444523,271313
1779838614.090763,spill,FileSystemStorage,524288,2,1049066,712335,493156
1779838614.091239,spill,FileSystemStorage,524288,1,524533,465466,274361
1779838614.091518,spill,FileSystemStorage,524288,1,524533,431919,235387
1779838614.092677,spill,FileSystemStorage,524288,3,1573599,1103873,746303
1779838614.092964,spill,FileSystemStorage,524288,1,524533,805194,243061
1779838614.093529,spill,FileSystemStorage,524288,1,524533,714866,281820
1779838614.094556,spill,FileSystemStorage,524288,1,524533,688313,290957
1779838614.094796,spill,FileSystemStorage,524288,1,524533,469511,251538
1779838614.095450,spill,FileSystemStorage,524288,1,524533,414452,226443
1779838614.096405,spill,FileSystemStorage,524288,1,524533,1037150,354047
1779838614.098381,spill,FileSystemStorage,524288,2,1049066,734249,466970
1779838614.100804,spill,FileSystemStorage,524288,6,3147198,2187768,1636443
1779838614.100852,spill,FileSystemStorage,524288,3,1573599,1325697,724862
1779838614.101099,spill,FileSystemStorage,524288,1,524533,458915,240200
1779838614.101900,spill,FileSystemStorage,524288,1,524533,391010,250500
1779838614.102804,spill,FileSystemStorage,524288,2,1049066,766503,493632
1779838614.103191,spill,FileSystemStorage,524288,2,1049066,858819,597009
1779838614.103250,spill,FileSystemStorage,524288,1,524533,536221,316045
1779838614.104383,spill,FileSystemStorage,524288,2,1049066,879294,468802
1779838614.104491,spill,FileSystemStorage,524288,1,524533,643322,259033
1779838614.104958,spill,FileSystemStorage,524288,1,524533,780685,230775
1779838614.105538,spill,FileSystemStorage,524288,1,524533,412224,257998
1779838614.105703,spill,FileSystemStorage,524288,1,524533,391823,265286
1779838614.105953,spill,FileSystemStorage,524288,2,1049066,754660,524001
1779838614.107152,spill,FileSystemStorage,524288,1,524533,522311,319604
1779838614.107303,spill,FileSystemStorage,524288,1,524533,607572,313638
1779838614.107317,spill,FileSystemStorage,524288,3,1573599,1135104,819033
1779838614.108666,spill,FileSystemStorage,524288,1,524533,670417,263618
1779838614.108674,spill,FileSystemStorage,524288,1,524533,456596,256053
1779838614.109564,spill,FileSystemStorage,524288,1,524533,647931,285926
1779838614.111466,spill,FileSystemStorage,524288,2,1049066,1128191,517195
1779838614.111729,spill,FileSystemStorage,524288,1,524533,711415,243078
1779838614.112728,spill,FileSystemStorage,524288,1,524533,689628,276787
1779838614.113533,spill,FileSystemStorage,524288,1,524533,631393,249604
1779838614.113568,spill,FileSystemStorage,524288,1,524533,471406,253179
1779838614.114338,spill,FileSystemStorage,524288,1,524533,474791,260049
1779838614.114905,spill,FileSystemStorage,524288,1,524533,385043,248215
1779838614.115299,spill,FileSystemStorage,524288,1,524533,583460,244390
1779838614.116219,spill,FileSystemStorage,524288,1,524533,453843,262960
1779838614.116389,spill,FileSystemStorage,524288,1,524533,541363,251064
1779838614.116918,spill,FileSystemStorage,524288,1,524533,439471,255459
1779838614.117167,spill,FileSystemStorage,524288,1,524533,402030,250958
1779838614.118043,spill,FileSystemStorage,524288,1,524533,401979,252856
1779838614.118457,spill,FileSystemStorage,524288,1,524533,504606,289191
1779838614.118486,spill,FileSystemStorage,524288,3,1573599,1130576,787241
1779838614.118734,spill,FileSystemStorage,524288,1,524533,388323,247213
1779838614.119255,spill,FileSystemStorage,524288,1,524533,470294,290703
1779838614.119370,spill,FileSystemStorage,524288,1,524533,455529,261497
1779838614.120100,spill,FileSystemStorage,524288,2,1049066,693314,474378
1779838614.121284,spill,FileSystemStorage,524288,1,524533,459203,261050
1779838614.121529,spill,FileSystemStorage,524288,2,1049066,711833,496042
1779838614.122351,spill,FileSystemStorage,524288,1,524533,607643,237873
1779838614.123073,spill,FileSystemStorage,524288,1,524533,494943,304582
1779838614.123393,spill,FileSystemStorage,524288,1,524533,425982,245913
1779838614.124323,spill,FileSystemStorage,524288,1,524533,697862,250265
1779838614.125674,spill,FileSystemStorage,524288,2,1049066,832964,470985
1779838614.126081,spill,FileSystemStorage,524288,1,524533,401125,229123
1779838614.127026,spill,FileSystemStorage,524288,1,524533,804310,312248
1779838614.127244,spill,FileSystemStorage,524288,1,524533,480611,302925
1779838614.127312,spill,FileSystemStorage,524288,1,524533,531895,277419
1779838614.128711,spill,FileSystemStorage,524288,1,524533,722029,250519
1779838614.129997,spill,FileSystemStorage,524288,2,1049066,744437,506828
1779838614.130117,spill,FileSystemStorage,524288,1,524533,432294,241538
1779838614.130936,spill,FileSystemStorage,524288,1,524533,688327,262554
1779838614.131381,spill,FileSystemStorage,524288,1,524533,473563,246046
1779838614.132251,spill,FileSystemStorage,524288,1,524533,849230,272089
1779838614.133346,spill,FileSystemStorage,524288,1,524533,710450,261358
1779838614.133390,spill,FileSystemStorage,524288,1,524533,699781,281741
1779838614.134261,spill,FileSystemStorage,524288,1,524533,407918,269378
1779838614.134273,spill,FileSystemStorage,524288,1,524533,480611,285656
1779838614.135066,spill,FileSystemStorage,524288,2,1049066,816409,524918
1779838614.135712,spill,FileSystemStorage,524288,2,1049066,777102,490595
1779838614.136700,spill,FileSystemStorage,524288,1,524533,668311,249130
1779838614.137447,spill,FileSystemStorage,524288,1,524533,650565,238088
1779838614.137904,spill,FileSystemStorage,524288,1,524533,596341,255852
1779838614.138211,spill,FileSystemStorage,524288,1,524533,434505,260317
1779838614.138698,spill,FileSystemStorage,524288,1,524533,419787,245652
1779838614.139333,spill,FileSystemStorage,524288,2,1049066,722658,513331
1779838614.139926,spill,FileSystemStorage,524288,1,524533,442333,245520
1779838614.140846,spill,FileSystemStorage,524288,1,524533,526008,247133
1779838614.141037,spill,FileSystemStorage,524288,1,524533,987098,283639
1779838614.141814,spill,FileSystemStorage,524288,1,524533,531669,279171
1779838614.142374,spill,FileSystemStorage,524288,1,524533,425779,269080
1779838614.142376,spill,FileSystemStorage,524288,2,1049066,807825,550534
1779838614.142929,spill,FileSystemStorage,524288,1,524533,535107,307600
1779838614.143285,spill,FileSystemStorage,524288,1,524533,469731,266056
1779838614.143451,spill,FileSystemStorage,524288,2,1049066,760998,540817
1779838614.144095,spill,FileSystemStorage,524288,1,524533,397593,234343
1779838614.145014,spill,FileSystemStorage,524288,1,524533,411974,258193
1779838614.145559,spill,FileSystemStorage,524288,1,524533,444107,278509
1779838614.145715,spill,FileSystemStorage,524288,1,524533,409136,272538
1779838614.145764,spill,FileSystemStorage,524288,3,1573599,1055601,775781
1779838614.146321,spill,FileSystemStorage,524288,1,524533,432398,269448
1779838614.146595,spill,FileSystemStorage,524288,1,524533,405710,244225
1779838614.146819,spill,FileSystemStorage,524288,1,524533,395187,231141
1779838614.147366,spill,FileSystemStorage,524288,2,1049066,775716,517752
1779838614.147791,spill,FileSystemStorage,524288,1,524533,600165,337628
1779838614.148754,spill,FileSystemStorage,524288,2,1049066,687863,470632
1779838614.149153,spill,FileSystemStorage,524288,2,1049066,936667,672366
1779838614.149287,spill,FileSystemStorage,524288,1,524533,430621,247107
1779838614.149842,spill,FileSystemStorage,524288,2,1049066,698247,461847
1779838614.150855,spill,FileSystemStorage,524288,2,1049066,679906,477302
1779838614.150931,spill,FileSystemStorage,524288,1,524533,416195,272653
1779838614.151284,spill,FileSystemStorage,524288,1,524533,585195,336818
1779838614.152148,spill,FileSystemStorage,524288,2,1049066,720746,479878
1779838614.152223,spill,FileSystemStorage,524288,1,524533,435796,264440
1779838614.152566,spill,FileSystemStorage,524288,1,524533,484381,301756
1779838614.152861,spill,FileSystemStorage,524288,1,524533,386531,232431
1779838614.154153,spill,FileSystemStorage,524288,1,524533,434904,261047
1779838614.154254,spill,FileSystemStorage,524288,1,524533,431666,264199
1779838614.154329,spill,FileSystemStorage,524288,3,1573599,1268092,919752
1779838614.154647,spill,FileSystemStorage,524288,959,503027147,310681135,223337214
1779838614.154817,spill,FileSystemStorage,524288,1,524533,391260,255495
1779838614.154939,spill,FileSystemStorage,524288,1,524533,422415,265719
1779838614.155148,spill,FileSystemStorage,524288,1,524533,464608,293970
1779838614.155686,spill,FileSystemStorage,524288,1,524533,365077,221325
1779838614.156098,spill,FileSystemStorage,524288,1,524533,377287,229376
1779838614.156507,spill,FileSystemStorage,524288,1,524533,388155,240450
1779838614.157660,spill,FileSystemStorage,524288,2,1049066,716822,488733
1779838614.157658,spill,FileSystemStorage,524288,2,1049066,764243,522858
1779838614.558413,spill,FileSystemStorage,524288,1,524533,590679,267967
1779838614.558842,spill,FileSystemStorage,524288,1,524533,885394,277976
1779838614.559093,spill,FileSystemStorage,524288,3,1573599,1544140,940268
1779838614.560649,spill,FileSystemStorage,524288,1,524533,452929,265734
1779838614.560813,spill,FileSystemStorage,524288,2,1049066,820296,470851
1779838614.560980,spill,FileSystemStorage,524288,1,524533,535130,248905
1779838614.562049,spill,FileSystemStorage,524288,1,524533,411086,261082
1779838614.562859,spill,FileSystemStorage,524288,3,1573599,1095746,707253
1779838614.563191,spill,FileSystemStorage,524288,3,1573599,1183819,810915
1779838614.563587,spill,FileSystemStorage,524288,2,1049066,838530,584995
1779838614.564682,spill,FileSystemStorage,524288,1,524533,459488,259232
1779838614.564951,spill,FileSystemStorage,524288,2,1049066,884242,547298
1779838614.565254,spill,FileSystemStorage,524288,2,1049066,829559,531315
1779838614.566206,spill,FileSystemStorage,524288,1,524533,464649,298984
1779838614.566207,spill,FileSystemStorage,524288,1,524533,478060,292296
1779838614.566961,spill,FileSystemStorage,524288,2,1049066,842795,535992
1779838614.567209,spill,FileSystemStorage,524288,1,524533,565566,294480
1779838614.567379,spill,FileSystemStorage,524288,2,1049066,737687,524559
1779838614.568643,spill,FileSystemStorage,524288,1,524533,401172,250349
1779838614.568844,spill,FileSystemStorage,524288,4,2098132,1370328,916363
1779838614.569080,spill,FileSystemStorage,524288,1,524533,834047,251236
1779838614.569444,spill,FileSystemStorage,524288,1,524533,372997,245210
1779838614.569823,spill,FileSystemStorage,524288,1,524533,402392,233912
1779838614.570321,spill,FileSystemStorage,524288,1,524533,502444,261579
1779838614.570939,spill,FileSystemStorage,524288,2,1049066,741895,522383
1779838614.571158,spill,FileSystemStorage,524288,2,1049066,842773,577236
1779838614.571220,spill,FileSystemStorage,524288,1,524533,494362,298318
1779838614.572034,spill,FileSystemStorage,524288,1,524533,459178,269202
1779838614.572444,spill,FileSystemStorage,524288,3,1573599,1045275,750562
1779838614.572629,spill,FileSystemStorage,524288,2,1049066,895910,502304
1779838614.573063,spill,FileSystemStorage,524288,1,524533,432520,252614
1779838614.573580,spill,FileSystemStorage,524288,1,524533,411587,259035
1779838614.573817,spill,FileSystemStorage,524288,2,1049066,752808,483449
1779838614.574049,spill,FileSystemStorage,524288,1,524533,471165,283599
1779838614.574562,spill,FileSystemStorage,524288,1,524533,411941,240551
1779838614.574853,spill,FileSystemStorage,524288,1,524533,413790,252238
1779838614.575416,spill,FileSystemStorage,524288,2,1049066,827458,546969
1779838614.575907,spill,FileSystemStorage,524288,2,1049066,952720,537741
1779838614.576121,spill,FileSystemStorage,524288,1,524533,394072,238332
1779838614.576356,spill,FileSystemStorage,524288,1,524533,412592,235274
1779838614.577220,spill,FileSystemStorage,524288,1,524533,404340,266607
1779838614.577235,spill,FileSystemStorage,524288,1,524533,457058,271524
1779838614.577502,spill,FileSystemStorage,524288,1,524533,440740,263003
1779838614.577984,spill,FileSystemStorage,524288,1,524533,411913,278498
1779838614.578063,spill,FileSystemStorage,524288,1,524533,455827,285628
1779838614.578227,spill,FileSystemStorage,524288,1,524533,422440,255839
1779838614.578618,spill,FileSystemStorage,524288,1,524533,369764,238935
1779838614.578916,spill,FileSystemStorage,524288,1,524533,503215,308105
1779838614.579335,spill,FileSystemStorage,524288,1,524533,437747,265757
1779838614.579335,spill,FileSystemStorage,524288,2,1049066,829342,540690
1779838614.580552,spill,FileSystemStorage,524288,1,524533,434685,266799
1779838614.580577,spill,FileSystemStorage,524288,2,1049066,879373,501866
1779838614.580838,spill,FileSystemStorage,524288,1,524533,544206,275779
1779838614.581829,spill,FileSystemStorage,524288,2,1049066,786600,513832
1779838614.581864,spill,FileSystemStorage,524288,1,524533,545180,300584
1779838614.582311,spill,FileSystemStorage,524288,2,1049066,800551,511455
1779838614.583133,spill,FileSystemStorage,524288,2,1049066,812694,531374
1779838614.583379,spill,FileSystemStorage,524288,1,524533,534439,300580
1779838614.583593,spill,FileSystemStorage,524288,2,1049066,781052,514080
1779838614.585099,spill,FileSystemStorage,524288,2,1049066,728936,474424
1779838614.585949,spill,FileSystemStorage,524288,1,524533,447893,264486
1779838614.587977,spill,FileSystemStorage,524288,5,2622665,1837993,1254059
1779838614.587988,spill,FileSystemStorage,524288,3,1573599,1116607,785537
1779838614.587988,spill,FileSystemStorage,524288,1,524533,514968,299499
1779838614.588937,spill,FileSystemStorage,524288,1,524533,475612,286226
1779838614.589242,spill,FileSystemStorage,524288,1,524533,426799,258285
1779838614.589587,spill,FileSystemStorage,524288,1,524533,455452,266713
1779838614.590294,spill,FileSystemStorage,524288,2,1049066,762483,490244
1779838614.590489,spill,FileSystemStorage,524288,1,524533,457746,277935
1779838614.590513,spill,FileSystemStorage,524288,1,524533,448130,297366
1779838614.591381,spill,FileSystemStorage,524288,1,524533,587453,278533
1779838614.591715,spill,FileSystemStorage,524288,2,1049066,923207,562156
1779838614.592143,spill,FileSystemStorage,524288,1,524533,441467,272280
1779838614.592171,spill,FileSystemStorage,524288,3,1573599,1071251,770946
1779838614.593414,spill,FileSystemStorage,524288,2,1049066,747152,486289
1779838614.593570,spill,FileSystemStorage,524288,2,1049066,734623,518161
1779838614.594186,spill,FileSystemStorage,524288,1,524533,435117,263470
1779838614.594287,spill,FileSystemStorage,524288,1,524533,395042,250975
1779838614.594483,spill,FileSystemStorage,524288,3,1573599,1133835,774607
1779838614.595031,spill,FileSystemStorage,524288,1,524533,438802,288831
1779838614.595091,spill,FileSystemStorage,524288,1,524533,534990,324777
1779838614.595569,spill,FileSystemStorage,524288,2,1049066,786389,518265
1779838614.595909,spill,FileSystemStorage,524288,1,524533,399902,242187
1779838614.597044,spill,FileSystemStorage,524288,1,524533,447580,262609
1779838614.597412,spill,FileSystemStorage,524288,1,524533,481021,275861
1779838614.597859,spill,FileSystemStorage,524288,3,1573599,1001718,740748
1779838614.598321,spill,FileSystemStorage,524288,1,524533,468701,254382
1779838614.598628,spill,FileSystemStorage,524288,2,1049066,836585,552576
1779838614.598638,spill,FileSystemStorage,524288,1,524533,439926,271097
1779838614.599077,spill,FileSystemStorage,524288,1,524533,465984,292638
1779838614.600280,spill,FileSystemStorage,524288,3,1573599,1190186,817228
1779838614.600909,spill,FileSystemStorage,524288,2,1049066,730095,475347
1779838614.601276,spill,FileSystemStorage,524288,1,524533,419887,242919
1779838614.601721,spill,FileSystemStorage,524288,2,1049066,816125,538633
1779838614.602330,spill,FileSystemStorage,524288,2,1049066,818742,536167
1779838614.602396,spill,FileSystemStorage,524288,1,524533,408105,253872
1779838614.602755,spill,FileSystemStorage,524288,1,524533,385953,228674
1779838614.603181,spill,FileSystemStorage,524288,1,524533,430483,268450
1779838614.604213,spill,FileSystemStorage,524288,3,1573599,1104157,730839
1779838614.604339,spill,FileSystemStorage,524288,1,524533,387543,237455
1779838614.604693,spill,FileSystemStorage,524288,1,524533,421176,228469
1779838614.605855,spill,FileSystemStorage,524288,3,1573599,956828,693583
1779838614.606009,spill,FileSystemStorage,524288,1,524533,619828,243028
1779838614.607194,spill,FileSystemStorage,524288,2,1049066,1014771,616659
1779838614.607215,spill,FileSystemStorage,524288,2,1049066,793638,521347
1779838614.607387,spill,FileSystemStorage,524288,1,524533,432660,249156
1779838614.607989,spill,FileSystemStorage,524288,1,524533,419280,233872
1779838614.608443,spill,FileSystemStorage,524288,1,524533,385560,246822
1779838614.608545,spill,FileSystemStorage,524288,1,524533,463703,258563
1779838614.609158,spill,FileSystemStorage,524288,1,524533,548035,259232
1779838614.610188,spill,FileSystemStorage,524288,3,1573599,1199602,814246
1779838614.610317,spill,FileSystemStorage,524288,1,524533,429573,255692
1779838614.610503,spill,FileSystemStorage,524288,1,524533,422962,260192
1779838614.611155,spill,FileSystemStorage,524288,1,524533,459433,295895
1779838614.611549,spill,FileSystemStorage,524288,2,1049066,725737,506636
1779838614.611768,spill,FileSystemStorage,524288,1,524533,466653,282791
1779838614.612037,spill,FileSystemStorage,524288,1,524533,444740,266868
1779838614.612606,spill,FileSystemStorage,524288,1,524533,469364,302657
1779838614.612734,spill,FileSystemStorage,524288,1,524533,412394,237421
1779838614.613096,spill,FileSystemStorage,524288,1,524533,447281,241797
1779838614.613945,spill,FileSystemStorage,524288,2,1049066,848143,578598
1779838614.614039,spill,FileSystemStorage,524288,1,524533,430938,273550
1779838614.614178,spill,FileSystemStorage,524288,1,524533,441519,268621
1779838614.614738,spill,FileSystemStorage,524288,1,524533,410755,271894
1779838614.615037,spill,FileSystemStorage,524288,1,524533,452730,288293
1779838614.615191,spill,FileSystemStorage,524288,2,1049066,869980,570283
1779838614.615843,spill,FileSystemStorage,524288,1,524533,462584,269808
1779838614.615873,spill,FileSystemStorage,524288,1,524533,416560,266854
1779838614.617070,spill,FileSystemStorage,524288,2,1049066,730927,522796
1779838614.617144,spill,FileSystemStorage,524288,1,524533,476187,278992
1779838614.617184,spill,FileSystemStorage,524288,1,524533,458508,284620
1779838614.617823,spill,FileSystemStorage,524288,1,524533,373933,233105
1779838614.618383,spill,FileSystemStorage,524288,2,1049066,770246,496558
1779838614.618690,spill,FileSystemStorage,524288,1,524533,389360,261318
1779838614.619197,spill,FileSystemStorage,524288,2,1049066,804289,511896
1779838614.619486,spill,FileSystemStorage,524288,1,524533,428212,228511
1779838614.620094,spill,FileSystemStorage,524288,2,1049066,720428,458733
1779838614.620839,spill,FileSystemStorage,524288,1,524533,368216,230761
1779838614.621360,spill,FileSystemStorage,524288,1,524533,405518,248575
1779838614.621462,spill,FileSystemStorage,524288,1,524533,491742,290831
1779838614.621998,spill,FileSystemStorage,524288,1,524533,391785,238788
1779838614.623453,spill,FileSystemStorage,524288,1,524533,494769,281235
1779838614.623595,spill,FileSystemStorage,524288,4,2098132,1572828,1029522
1779838614.623723,spill,FileSystemStorage,524288,3,1573599,1118848,825287
1779838614.625295,spill,FileSystemStorage,524288,1,524533,446810,294302
1779838614.625506,spill,FileSystemStorage,524288,2,1049066,704614,500819
1779838614.626709,spill,FileSystemStorage,524288,1,524533,418810,265266
1779838614.627475,spill,FileSystemStorage,524288,2,1049066,863198,573237
1779838614.627493,spill,FileSystemStorage,524288,5,2622665,1978160,1438659
1779838614.627782,spill,FileSystemStorage,524288,2,1049066,740000,512786
1779838614.628684,spill,FileSystemStorage,524288,1,524533,423614,249865
1779838614.629150,spill,FileSystemStorage,524288,2,1049066,789913,515341
1779838614.629251,spill,FileSystemStorage,524288,2,1049066,708853,490792
1779838614.629751,spill,FileSystemStorage,524288,1,524533,394186,241085
1779838614.630079,spill,FileSystemStorage,524288,1,524533,378229,249234
1779838614.630394,spill,FileSystemStorage,524288,1,524533,420707,242079
1779838614.631007,spill,FileSystemStorage,524288,1,524533,453157,280443
1779838614.631065,spill,FileSystemStorage,524288,2,1049066,794646,568617
1779838614.631313,spill,FileSystemStorage,524288,1,524533,468994,239355
1779838614.632474,spill,FileSystemStorage,524288,1,524533,678277,263959
1779838614.632860,spill,FileSystemStorage,524288,1,524533,484851,274064
1779838614.632969,spill,FileSystemStorage,524288,1,524533,510498,258801
1779838614.633628,spill,FileSystemStorage,524288,1,524533,384723,234871
1779838614.634195,spill,FileSystemStorage,524288,2,1049066,698797,465920
1779838614.634458,spill,FileSystemStorage,524288,1,524533,474120,284402
1779838614.634695,spill,FileSystemStorage,524288,1,524533,429761,265966
1779838614.635263,spill,FileSystemStorage,524288,1,524533,494469,289429
1779838614.635492,spill,FileSystemStorage,524288,1,524533,455404,275732
1779838614.636241,spill,FileSystemStorage,524288,2,1049066,764468,506257
1779838614.636343,spill,FileSystemStorage,524288,1,524533,451125,275312
1779838614.637089,spill,FileSystemStorage,524288,2,1049066,741632,485788
1779838614.637554,spill,FileSystemStorage,524288,2,1049066,736529,517379
1779838614.637815,spill,FileSystemStorage,524288,2,1049066,708862,490381
1779838614.639159,spill,FileSystemStorage,524288,2,1049066,912172,564816
1779838614.639457,spill,FileSystemStorage,524288,1,524533,441645,253089
1779838614.640064,spill,FileSystemStorage,524288,1,524533,490682,253568
1779838614.640352,spill,FileSystemStorage,524288,1,524533,444763,260120
1779838614.640736,spill,FileSystemStorage,524288,1,524533,405224,248715
1779838614.641661,spill,FileSystemStorage,524288,2,1049066,734236,481252
1779838614.642681,spill,FileSystemStorage,524288,1,524533,454615,264403
1779838614.642904,spill,FileSystemStorage,524288,1,524533,436170,271973
1779838614.643631,spill,FileSystemStorage,524288,4,2098132,1574038,1050647
1779838614.643773,spill,FileSystemStorage,524288,2,1049066,741002,505607
1779838614.644220,spill,FileSystemStorage,524288,1,524533,490171,237767
1779838614.644963,spill,FileSystemStorage,524288,1,524533,621624,243967
1779838614.645723,spill,FileSystemStorage,524288,2,1049066,989559,534398
1779838614.646042,spill,FileSystemStorage,524288,2,1049066,780828,492915
1779838614.646568,spill,FileSystemStorage,524288,1,524533,654315,261597
1779838614.646920,spill,FileSystemStorage,524288,1,524533,443031,260176
1779838614.648080,spill,FileSystemStorage,524288,2,1049066,696769,479572
1779838614.648802,spill,FileSystemStorage,524288,1,524533,627239,256981
1779838614.648819,spill,FileSystemStorage,524288,1,524533,597970,259874
1779838614.649671,spill,FileSystemStorage,524288,2,1049066,772305,475182
1779838614.649973,spill,FileSystemStorage,524288,1,524533,413858,247145
1779838614.650152,spill,FileSystemStorage,524288,1,524533,431446,254024
1779838614.650341,spill,FileSystemStorage,524288,1,524533,360409,224456
1779838614.651099,spill,FileSystemStorage,524288,1,524533,509111,330312
1779838614.651276,spill,FileSystemStorage,524288,2,1049066,804452,524520
1779838614.651437,spill,FileSystemStorage,524288,1,524533,402385,238795
1779838614.652431,spill,FileSystemStorage,524288,1,524533,540912,285180
1779838614.652860,spill,FileSystemStorage,524288,2,1049066,734648,489067
1779838614.653052,spill,FileSystemStorage,524288,1,524533,449927,258843
1779838614.654160,spill,FileSystemStorage,524288,2,1049066,705775,486569
1779838614.654294,spill,FileSystemStorage,524288,3,1573599,1182848,793196
1779838614.654688,spill,FileSystemStorage,524288,2,1049066,769375,499974
1779838614.654907,spill,FileSystemStorage,524288,1,524533,409814,265898
1779838614.655085,spill,FileSystemStorage,524288,1,524533,503141,318992
1779838614.656104,spill,FileSystemStorage,524288,2,1049066,743981,505777
1779838614.656218,spill,FileSystemStorage,524288,1,524533,450126,280694
1779838614.656736,spill,FileSystemStorage,524288,2,1049066,715581,475978
1779838614.657112,spill,FileSystemStorage,524288,1,524533,433261,260700
1779838614.657414,spill,FileSystemStorage,524288,1,524533,456302,276673
1779838614.657687,spill,FileSystemStorage,524288,1,524533,392776,235757
1779838614.658911,spill,FileSystemStorage,524288,2,1049066,1186748,485438
1779838614.660311,spill,FileSystemStorage,524288,1,524533,421600,242864
1779838614.660869,spill,FileSystemStorage,524288,1,524533,419497,255775
1779838614.661383,spill,FileSystemStorage,524288,1,524533,458665,236132
1779838614.662383,spill,FileSystemStorage,524288,1,524533,399730,265382
1779838614.662396,spill,FileSystemStorage,524288,3,1573599,1115422,737214
1779838614.663078,spill,FileSystemStorage,524288,4,2098132,1426748,1069290
1779838614.663552,spill,FileSystemStorage,524288,2,1049066,800546,528198
1779838614.663664,spill,FileSystemStorage,524288,2,1049066,769860,489341
1779838614.664691,spill,FileSystemStorage,524288,1,524533,436681,260511
1779838614.665071,spill,FileSystemStorage,524288,1,524533,475037,282335
1779838614.665404,spill,FileSystemStorage,524288,2,1049066,752317,525055
1779838614.665513,spill,FileSystemStorage,524288,1,524533,403154,248778
1779838614.666195,spill,FileSystemStorage,524288,1,524533,436726,260835
1779838614.666383,spill,FileSystemStorage,524288,1,524533,417073,277826
1779838614.666451,spill,FileSystemStorage,524288,3,1573599,1072518,743154
1779838614.667202,spill,FileSystemStorage,524288,2,1049066,731523,484431
1779838614.667649,spill,FileSystemStorage,524288,1,524533,431329,271361
1779838614.667650,spill,FileSystemStorage,524288,2,1049066,787282,516143
1779838614.668741,spill,FileSystemStorage,524288,1,524533,393650,233726
1779838614.669179,spill,FileSystemStorage,524288,1,524533,423285,251156
1779838614.669229,spill,FileSystemStorage,524288,2,1049066,724242,487476
1779838614.669891,spill,FileSystemStorage,524288,1,524533,442521,262449
1779838614.670120,spill,FileSystemStorage,524288,1,524533,428005,272588
1779838614.670187,spill,FileSystemStorage,524288,2,1049066,691202,496157
1779838614.671006,spill,FileSystemStorage,524288,1,524533,438816,272476
1779838614.671465,spill,FileSystemStorage,524288,2,1049066,751575,519846
1779838614.671748,spill,FileSystemStorage,524288,1,524533,410234,228153
1779838614.672784,spill,FileSystemStorage,524288,1,524533,369322,232880
1779838614.673786,spill,FileSystemStorage,524288,1,524533,407900,255154
1779838614.675069,spill,FileSystemStorage,524288,6,3147198,1984704,1456788
1779838614.675127,spill,FileSystemStorage,524288,2,1049066,795223,567566
1779838614.675150,spill,FileSystemStorage,524288,1,524533,466438,296735
1779838614.676246,spill,FileSystemStorage,524288,1,524533,411445,255780
1779838614.676283,spill,FileSystemStorage,524288,2,1049066,779392,492723
1779838614.677299,spill,FileSystemStorage,524288,1,524533,450370,264071
1779838614.677675,spill,FileSystemStorage,524288,3,1573599,998911,729987
1779838614.677742,spill,FileSystemStorage,524288,1,524533,404895,246278
1779838614.678053,spill,FileSystemStorage,524288,1,524533,370138,218012
1779838614.679320,spill,FileSystemStorage,524288,3,1573599,1047504,760783
1779838614.679992,spill,FileSystemStorage,524288,3,1573599,1050947,707161
1779838614.680224,spill,FileSystemStorage,524288,1,524533,426183,256506
1779838614.680829,spill,FileSystemStorage,524288,1,524533,423221,235043
1779838614.681080,spill,FileSystemStorage,524288,1,524533,403639,241171
1779838614.681844,spill,FileSystemStorage,524288,3,1573599,1006119,679927
1779838614.682192,spill,FileSystemStorage,524288,1,524533,384361,247739
1779838614.684229,spill,FileSystemStorage,524288,5,2622665,1762963,1274962
1779838614.684450,spill,FileSystemStorage,524288,2,1049066,724578,485185
1779838614.684520,spill,FileSystemStorage,524288,1,524533,444798,251211
1779838614.685745,spill,FileSystemStorage,524288,1,524533,424622,264207
1779838614.685923,spill,FileSystemStorage,524288,2,1049066,741135,495604
1779838614.686654,spill,FileSystemStorage,524288,2,1049066,652935,455312
1779838614.686893,spill,FileSystemStorage,524288,1,524533,406980,267148
1779838614.687386,spill,FileSystemStorage,524288,1,524533,376449,241139
1779838614.687928,spill,FileSystemStorage,524288,3,1573599,1113134,766487
1779838614.688142,spill,FileSystemStorage,524288,1,524533,432133,240994
1779838614.689099,spill,FileSystemStorage,524288,2,1049066,705430,504062
1779838614.689235,spill,FileSystemStorage,524288,2,1049066,690969,476950
1779838614.689495,spill,FileSystemStorage,524288,1,524533,378047,239108
1779838614.690356,spill,FileSystemStorage,524288,1,524533,443590,273177
1779838614.690405,spill,FileSystemStorage,524288,1,524533,426089,269447
1779838614.690823,spill,FileSystemStorage,524288,2,1049066,693782,476033
1779838614.691321,spill,FileSystemStorage,524288,1,524533,456478,251696
1779838614.692884,spill,FileSystemStorage,524288,4,2098132,1299790,928061
1779838614.694003,spill,FileSystemStorage,524288,2,1049066,737397,494059
1779838614.694008,spill,FileSystemStorage,524288,4,2098132,1339721,969795
1779838614.694675,spill,FileSystemStorage,524288,2,1049066,716120,503120
1779838614.695181,spill,FileSystemStorage,524288,2,1049066,779819,554518
1779838614.695284,spill,FileSystemStorage,524288,1,524533,465098,253900
1779838614.695431,spill,FileSystemStorage,524288,1,524533,390464,240517
1779838614.696482,spill,FileSystemStorage,524288,1,524533,426251,260713
1779838614.696629,spill,FileSystemStorage,524288,1,524533,409423,259915
1779838614.696640,spill,FileSystemStorage,524288,2,1049066,731215,512090
1779838614.697894,spill,FileSystemStorage,524288,1,524533,351772,230878
1779838614.698083,spill,FileSystemStorage,524288,1,524533,399458,239132
1779838614.698595,spill,FileSystemStorage,524288,2,1049066,844236,514992
1779838614.700091,spill,FileSystemStorage,524288,2,1049066,915205,512368
1779838614.700418,spill,FileSystemStorage,524288,5,2622665,1639410,1205732
1779838614.700938,spill,FileSystemStorage,524288,1,524533,498166,267621
1779838614.701228,spill,FileSystemStorage,524288,1,524533,411262,254822
1779838614.701548,spill,FileSystemStorage,524288,1,524533,468685,271200
1779838614.702465,spill,FileSystemStorage,524288,1,524533,426941,262941
1779838614.702747,spill,FileSystemStorage,524288,1,524533,410086,260123
1779838614.702775,spill,FileSystemStorage,524288,2,1049066,849690,543634
1779838614.703988,spill,FileSystemStorage,524288,3,1573599,1077880,770771
1779838614.704408,spill,FileSystemStorage,524288,3,1573599,1088131,752661
1779838614.705240,spill,FileSystemStorage,524288,1,524533,461089,286716
1779838614.705471,spill,FileSystemStorage,524288,1,524533,437201,270484
1779838614.705864,spill,FileSystemStorage,524288,3,1573599,1085511,772888
1779838614.706258,spill,FileSystemStorage,524288,1,524533,416448,253704
1779838614.706337,spill,FileSystemStorage,524288,1,524533,423545,261117
1779838614.706899,spill,FileSystemStorage,524288,1,524533,427916,252928
1779838614.707100,spill,FileSystemStorage,524288,1,524533,501782,325541
1779838614.707197,spill,FileSystemStorage,524288,1,524533,424557,273203
1779838614.708379,spill,FileSystemStorage,524288,1,524533,433808,262721
1779838614.708509,spill,FileSystemStorage,524288,1,524533,428335,267229
1779838614.708510,spill,FileSystemStorage,524288,1,524533,463761,279410
1779838614.709632,spill,FileSystemStorage,524288,1,524533,474255,296243
1779838614.709926,spill,FileSystemStorage,524288,1,524533,456319,289836
1779838614.710602,spill,FileSystemStorage,524288,1,524533,418628,270938
1779838614.710757,spill,FileSystemStorage,524288,2,1049066,795797,567868
1779838614.710806,spill,FileSystemStorage,524288,5,2622665,1799776,1322220
1779838614.711387,spill,FileSystemStorage,524288,1,524533,423912,238890
1779838614.711910,spill,FileSystemStorage,524288,1,524533,457128,265327
1779838614.712173,spill,FileSystemStorage,524288,2,1049066,726527,496338
1779838614.712584,spill,FileSystemStorage,524288,1,524533,377450,233477
1779838614.713584,spill,FileSystemStorage,524288,2,1049066,726139,475579
1779838614.714027,spill,FileSystemStorage,524288,2,1049066,685197,471438
1779838614.714712,spill,FileSystemStorage,524288,2,1049066,765091,515527
1779838614.715584,spill,FileSystemStorage,524288,3,1573599,1086883,761303
1779838614.717092,spill,FileSystemStorage,524288,4,2098132,1722772,953743
1779838614.717601,spill,FileSystemStorage,524288,1,524533,419495,244742
1779838614.718203,spill,FileSystemStorage,524288,1,524533,418628,245405
1779838614.718953,spill,FileSystemStorage,524288,2,1049066,748179,536008
1779838614.719069,spill,FileSystemStorage,524288,1,524533,522400,292541
1779838614.720158,spill,FileSystemStorage,524288,2,1049066,1201405,497135
1779838614.720540,spill,FileSystemStorage,524288,1,524533,748510,236361
1779838614.722090,spill,FileSystemStorage,524288,1,524533,687025,242286
1779838614.722516,spill,FileSystemStorage,524288,1,524533,709011,249729
1779838614.722900,spill,FileSystemStorage,524288,1,524533,543655,251126
1779838614.723250,spill,FileSystemStorage,524288,1,524533,430431,239641
1779838614.724200,spill,FileSystemStorage,524288,2,1049066,1025732,485684
1779838614.725893,spill,FileSystemStorage,524288,1,524533,663224,246674
1779838614.727158,spill,FileSystemStorage,524288,1,524533,570980,340903
1779838614.727161,spill,FileSystemStorage,524288,2,1049066,1132645,569665
1779838614.727183,spill,FileSystemStorage,524288,1,524533,467999,299646
1779838614.728579,spill,FileSystemStorage,524288,1,524533,699968,269578
1779838614.728852,spill,FileSystemStorage,524288,2,1049066,955163,500783
1779838614.728995,spill,FileSystemStorage,524288,1,524533,519344,251902
1779838614.729607,spill,FileSystemStorage,524288,1,524533,465122,275239
1779838614.729705,spill,FileSystemStorage,524288,1,524533,423844,276544
1779838614.729852,spill,FileSystemStorage,524288,1,524533,445629,280376
1779838614.730709,spill,FileSystemStorage,524288,2,1049066,745972,519928
1779838614.730767,spill,FileSystemStorage,524288,1,524533,431833,259097
1779838614.731129,spill,FileSystemStorage,524288,1,524533,544715,291339
1779838614.731535,spill,FileSystemStorage,524288,1,524533,426106,241957
1779838614.731797,spill,FileSystemStorage,524288,1,524533,409898,244449
1779838614.732480,spill,FileSystemStorage,524288,1,524533,455710,265056
1779838614.732561,spill,FileSystemStorage,524288,1,524533,404420,276500
1779838614.733033,spill,FileSystemStorage,524288,1,524533,386313,251693
1779838614.733847,spill,FileSystemStorage,524288,1,524533,435218,257529
1779838614.734479,spill,FileSystemStorage,524288,2,1049066,771406,537133
1779838614.734503,spill,FileSystemStorage,524288,3,1573599,1040594,785310
1779838614.735631,spill,FileSystemStorage,524288,2,1049066,1284114,452767
1779838614.737365,spill,FileSystemStorage,524288,2,1049066,679832,477343
1779838614.737576,spill,FileSystemStorage,524288,1,524533,501738,277225
1779838614.737716,spill,FileSystemStorage,524288,2,1049066,685878,489784
1779838614.738452,spill,FileSystemStorage,524288,1,524533,374138,249992
1779838614.739130,spill,FileSystemStorage,524288,2,1049066,804619,592516
1779838614.739192,spill,FileSystemStorage,524288,1,524533,407876,271006
1779838614.739368,spill,FileSystemStorage,524288,4,2098132,1465505,1039267
1779838614.740576,spill,FileSystemStorage,524288,2,1049066,861768,471526
1779838614.741301,spill,FileSystemStorage,524288,1,524533,821209,257081
1779838614.741537,spill,FileSystemStorage,524288,1,524533,539007,238728
1779838614.742270,spill,FileSystemStorage,524288,2,1049066,842716,466484
1779838614.742666,spill,FileSystemStorage,524288,1,524533,455249,233641
1779838614.742991,spill,FileSystemStorage,524288,1,524533,449020,268627
1779838614.743849,spill,FileSystemStorage,524288,1,524533,433395,251407
1779838614.744376,spill,FileSystemStorage,524288,1,524533,452366,265093
1779838614.744417,spill,FileSystemStorage,524288,1,524533,444987,279124
1779838614.745873,spill,FileSystemStorage,524288,2,1049066,782694,472257
1779838614.746347,spill,FileSystemStorage,524288,1,524533,459569,288900
1779838614.746703,spill,FileSystemStorage,524288,1,524533,393680,261119
1779838614.747094,spill,FileSystemStorage,524288,4,2098132,1622130,1090673
1779838614.747250,spill,FileSystemStorage,524288,1,524533,422550,260028
1779838614.748162,spill,FileSystemStorage,524288,3,1573599,1064151,715307
1779838614.749196,spill,FileSystemStorage,524288,1,524533,429681,263527
1779838614.749434,spill,FileSystemStorage,524288,1,524533,448441,270867
1779838614.749649,spill,FileSystemStorage,524288,3,1573599,964578,711950
1779838614.750441,spill,FileSystemStorage,524288,2,1049066,836320,583550
1779838614.750994,spill,FileSystemStorage,524288,1,524533,740742,280037
1779838614.751001,spill,FileSystemStorage,524288,1,524533,747843,293180
1779838614.751388,spill,FileSystemStorage,524288,1,524533,527015,308282
1779838614.752149,spill,FileSystemStorage,524288,2,1049066,663945,462478
1779838614.752825,spill,FileSystemStorage,524288,2,1049066,712913,491505
1779838614.752890,spill,FileSystemStorage,524288,1,524533,464565,263239
1779838614.753465,spill,FileSystemStorage,524288,2,1049066,668894,451426
1779838614.754150,spill,FileSystemStorage,524288,2,1049066,675648,469111
1779838614.754274,spill,FileSystemStorage,524288,1,524533,391581,242065
1779838614.754580,spill,FileSystemStorage,524288,1,524533,376898,238101
1779838614.755965,spill,FileSystemStorage,524288,1,524533,552419,249574
1779838614.756643,spill,FileSystemStorage,524288,5,2622665,1606607,1178593
1779838614.756809,spill,FileSystemStorage,524288,1,524533,592315,241633
1779838614.757094,spill,FileSystemStorage,524288,1,524533,395243,240171
1779838614.757967,spill,FileSystemStorage,524288,1,524533,418829,259131
1779838614.758042,spill,FileSystemStorage,524288,2,1049066,761255,484593
1779838614.758199,spill,FileSystemStorage,524288,1,524533,371000,244484
1779838614.758646,spill,FileSystemStorage,524288,1,524533,367257,236708
1779838614.758927,spill,FileSystemStorage,524288,1,524533,417805,255163
1779838614.759189,spill,FileSystemStorage,524288,1,524533,429330,254119
1779838614.759699,spill,FileSystemStorage,524288,2,1049066,633676,452255
1779838614.761857,spill,FileSystemStorage,524288,1,524533,636474,228934
1779838614.764287,spill,FileSystemStorage,524288,1,524533,463622,247210
1779838614.765014,spill,FileSystemStorage,524288,2,1049066,782880,512323
1779838614.765046,spill,FileSystemStorage,524288,2,1049066,795298,521158
1779838614.765760,spill,FileSystemStorage,524288,2,1049066,734950,495027
1779838614.767003,spill,FileSystemStorage,524288,1,524533,567359,349548
1779838614.767184,spill,FileSystemStorage,524288,3,1573599,1119865,783279
1779838614.768176,spill,FileSystemStorage,524288,1,524533,439393,274293
1779838614.768291,spill,FileSystemStorage,524288,2,1049066,867170,562230
1779838614.768551,spill,FileSystemStorage,524288,3,1573599,1102137,790703
1779838614.769198,spill,FileSystemStorage,524288,1,524533,387687,244213
1779838614.769294,spill,FileSystemStorage,524288,2,1049066,728604,485357
1779838614.769429,spill,FileSystemStorage,524288,1,524533,402313,261290
1779838614.770038,spill,FileSystemStorage,524288,1,524533,379869,249587
1779838614.770282,spill,FileSystemStorage,524288,2,1049066,746180,533789
1779838614.770407,spill,FileSystemStorage,524288,1,524533,436183,276013
1779838614.771138,spill,FileSystemStorage,524288,1,524533,454253,288125
1779838614.771652,spill,FileSystemStorage,524288,2,1049066,738277,468143
1779838614.772490,spill,FileSystemStorage,524288,1,524533,632735,236755
1779838614.773659,spill,FileSystemStorage,524288,1,524533,373230,229601
1779838614.774640,spill,FileSystemStorage,524288,1,524533,428762,259807
1779838614.774789,spill,FileSystemStorage,524288,4,2098132,1301665,968533
1779838614.775052,spill,FileSystemStorage,524288,1,524533,468625,309315
1779838614.776536,spill,FileSystemStorage,524288,1,524533,455810,285217
1779838614.776699,spill,FileSystemStorage,524288,4,2098132,1280354,951863
1779838614.777057,spill,FileSystemStorage,524288,1,524533,497587,274111
1779838614.777203,spill,FileSystemStorage,524288,1,524533,380442,251551
1779838614.777639,spill,FileSystemStorage,524288,1,524533,413182,267107
1779838614.777822,spill,FileSystemStorage,524288,1,524533,411850,271092
1779838614.778236,spill,FileSystemStorage,524288,2,1049066,725075,497338
1779838614.778439,spill,FileSystemStorage,524288,1,524533,361202,238175
1779838614.779325,spill,FileSystemStorage,524288,2,1049066,775989,502452
1779838614.779417,spill,FileSystemStorage,524288,1,524533,414160,264197
1779838614.779472,spill,FileSystemStorage,524288,1,524533,444388,262325
1779838614.780740,spill,FileSystemStorage,524288,1,524533,463974,244322
1779838614.781947,spill,FileSystemStorage,524288,1,524533,398880,254561
1779838614.782132,spill,FileSystemStorage,524288,1,524533,396995,250836
1779838614.782270,spill,FileSystemStorage,524288,4,2098132,1273269,949780
1779838614.783081,spill,FileSystemStorage,524288,1,524533,437082,300620
1779838614.783217,spill,FileSystemStorage,524288,2,1049066,762586,508558
1779838614.783448,spill,FileSystemStorage,524288,1,524533,423853,248802
1779838614.784969,spill,FileSystemStorage,524288,1,524533,415063,262877
1779838614.784967,spill,FileSystemStorage,524288,3,1573599,1183717,725208
1779838614.785137,spill,FileSystemStorage,524288,1,524533,420029,244098
1779838614.786513,spill,FileSystemStorage,524288,2,1049066,753069,447694
1779838614.786961,spill,FileSystemStorage,524288,1,524533,531346,241329
1779838614.787383,spill,FileSystemStorage,524288,1,524533,460885,247257
1779838614.788279,spill,FileSystemStorage,524288,1,524533,624748,236161
1779838614.789165,spill,FileSystemStorage,524288,1,524533,743336,254906
1779838614.789446,spill,FileSystemStorage,524288,2,1049066,1027220,478027
1779838614.789932,spill,FileSystemStorage,524288,1,524533,401535,225925
1779838614.790814,spill,FileSystemStorage,524288,1,524533,642433,231382
1779838614.791701,spill,FileSystemStorage,524288,1,524533,667560,229153
1779838614.792666,spill,FileSystemStorage,524288,2,1049066,1074622,461981
1779838614.793396,spill,FileSystemStorage,524288,1,524533,434449,233428
1779838614.794603,spill,FileSystemStorage,524288,1,524533,745750,242385
1779838614.794926,spill,FileSystemStorage,524288,1,524533,632002,246279
1779838614.795291,spill,FileSystemStorage,524288,1,524533,427471,240598
1779838614.795839,spill,FileSystemStorage,524288,1,524533,668870,267231
1779838614.797035,spill,FileSystemStorage,524288,1,524533,555552,240419
1779838614.797364,spill,FileSystemStorage,524288,1,524533,508193,226760
1779838614.798135,spill,FileSystemStorage,524288,1,524533,408171,239955
1779838614.798938,spill,FileSystemStorage,524288,1,524533,630818,306892
1779838614.799224,spill,FileSystemStorage,524288,1,524533,485556,276757
1779838614.800205,spill,FileSystemStorage,524288,1,524533,748776,250750
1779838614.800419,spill,FileSystemStorage,524288,1,524533,480838,232655
1779838614.801274,spill,FileSystemStorage,524288,1,524533,537497,245661
1779838614.802787,spill,FileSystemStorage,524288,2,1049066,882539,605613
1779838614.802787,spill,FileSystemStorage,524288,1,524533,570360,337985
1779838614.803621,spill,FileSystemStorage,524288,2,1049066,789125,496096
1779838614.803643,spill,FileSystemStorage,524288,1,524533,404436,254559
1779838614.804278,spill,FileSystemStorage,524288,1,524533,397233,226554
1779838614.805715,spill,FileSystemStorage,524288,1,524533,450839,263957
1779838614.805856,spill,FileSystemStorage,524288,1,524533,609034,361602
1779838614.806675,spill,FileSystemStorage,524288,1,524533,454239,267846
1779838614.807020,spill,FileSystemStorage,524288,4,2098132,1793236,1332227
1779838614.807214,spill,FileSystemStorage,524288,2,1049066,1008761,712813
1779838614.807644,spill,FileSystemStorage,524288,1,524533,594456,294405
1779838614.808347,spill,FileSystemStorage,524288,2,1049066,832417,592485
1779838614.808455,spill,FileSystemStorage,524288,1,524533,465432,266274
1779838614.808491,spill,FileSystemStorage,524288,1,524533,527590,330291
1779838614.809267,spill,FileSystemStorage,524288,1,524533,558261,381095
1779838614.809374,spill,FileSystemStorage,524288,1,524533,501183,324008
1779838614.809900,spill,FileSystemStorage,524288,2,1049066,945206,530281
1779838614.810383,spill,FileSystemStorage,524288,1,524533,621895,281563
1779838614.810752,spill,FileSystemStorage,524288,1,524533,558869,227023
1779838614.811262,spill,FileSystemStorage,524288,1,524533,461180,277453
1779838614.811718,spill,FileSystemStorage,524288,2,1049066,700306,461126
1779838614.812951,spill,FileSystemStorage,524288,1,524533,708712,245321
1779838614.813978,spill,FileSystemStorage,524288,1,524533,404707,251601
1779838614.814237,spill,FileSystemStorage,524288,3,1573599,1144015,834472
1779838614.814376,spill,FileSystemStorage,524288,1,524533,539042,311569
1779838614.814693,spill,FileSystemStorage,524288,1,524533,415277,245149
1779838614.815058,spill,FileSystemStorage,524288,1,524533,535186,380415
1779838614.815475,spill,FileSystemStorage,524288,1,524533,428345,249671
1779838614.815672,spill,FileSystemStorage,524288,2,1049066,969244,685841
1779838614.816070,spill,FileSystemStorage,524288,1,524533,364876,230199
1779838614.816551,spill,FileSystemStorage,524288,1,524533,385227,236649
1779838614.817620,spill,FileSystemStorage,524288,1,524533,388653,265431
1779838614.817927,spill,FileSystemStorage,524288,3,1573599,1002627,727771
1779838614.818651,spill,FileSystemStorage,524288,2,1049066,773785,519665
1779838614.819562,spill,FileSystemStorage,524288,3,1573599,1055194,762815
1779838614.819698,spill,FileSystemStorage,524288,1,524533,479740,294088
1779838614.819971,spill,FileSystemStorage,524288,1,524533,391267,241297
1779838614.820400,spill,FileSystemStorage,524288,1,524533,392285,234332
1779838614.820758,spill,FileSystemStorage,524288,1,524533,489568,244711
1779838614.821055,spill,FileSystemStorage,524288,1,524533,389318,234427
1779838614.821268,spill,FileSystemStorage,524288,1,524533,411315,250509
1779838614.821693,spill,FileSystemStorage,524288,1,524533,401594,242311
1779838614.823160,spill,FileSystemStorage,524288,2,1049066,1261406,520524
1779838614.824986,spill,FileSystemStorage,524288,2,1049066,788070,487808
1779838614.825557,spill,FileSystemStorage,524288,1,524533,490971,277609
1779838614.826138,spill,FileSystemStorage,524288,1,524533,497645,304361
1779838614.826184,spill,FileSystemStorage,524288,3,1573599,1143426,793535
1779838614.826705,spill,FileSystemStorage,524288,2,1049066,809478,555345
1779838614.827061,spill,FileSystemStorage,524288,1,524533,503247,341175
1779838614.827367,spill,FileSystemStorage,524288,2,1049066,825862,592470
1779838614.827481,spill,FileSystemStorage,524288,1,524533,427694,261116
1779838614.827859,spill,FileSystemStorage,524288,1,524533,434003,260826
1779838614.828114,spill,FileSystemStorage,524288,1,524533,436661,267757
1779838614.828474,spill,FileSystemStorage,524288,1,524533,411587,243711
1779838614.829917,spill,FileSystemStorage,524288,1,524533,429418,280565
1779838614.829933,spill,FileSystemStorage,524288,3,1573599,1079401,793817
1779838614.830075,spill,FileSystemStorage,524288,2,1049066,850221,505081
1779838614.830651,spill,FileSystemStorage,524288,1,524533,437439,281813
1779838614.831076,spill,FileSystemStorage,524288,2,1049066,820146,592478
1779838614.831517,spill,FileSystemStorage,524288,2,1049066,743444,517629
1779838614.831787,spill,FileSystemStorage,524288,1,524533,407619,232643
1779838614.832802,spill,FileSystemStorage,524288,1,524533,465141,267877
1779838614.833592,spill,FileSystemStorage,524288,1,524533,413030,251704
1779838614.833778,spill,FileSystemStorage,524288,3,1573599,1111933,819004
1779838614.834040,spill,FileSystemStorage,524288,2,1049066,713588,489021
1779838614.834310,spill,FileSystemStorage,524288,1,524533,431823,259036
1779838614.834513,spill,FileSystemStorage,524288,1,524533,422224,274258
1779838614.835034,spill,FileSystemStorage,524288,1,524533,453935,295857
1779838614.835706,spill,FileSystemStorage,524288,2,1049066,780944,538223
1779838614.835760,spill,FileSystemStorage,524288,1,524533,444573,266602
1779838614.836046,spill,FileSystemStorage,524288,1,524533,393538,232529
1779838614.836435,spill,FileSystemStorage,524288,1,524533,417942,255058
1779838614.836746,spill,FileSystemStorage,524288,1,524533,417584,236641
1779838614.837079,spill,FileSystemStorage,524288,1,524533,420737,247149
1779838614.837342,spill,FileSystemStorage,524288,1,524533,392822,254723
1779838614.837908,spill,FileSystemStorage,524288,1,524533,395757,233926
1779838614.838267,spill,FileSystemStorage,524288,1,524533,441621,269589
1779838614.838308,spill,FileSystemStorage,524288,1,524533,465964,293526
1779838614.838564,spill,FileSystemStorage,524288,1,524533,392659,248740
1779838614.838948,spill,FileSystemStorage,524288,1,524533,395174,254600
1779838614.839849,spill,FileSystemStorage,524288,2,1049066,711529,468109
1779838614.840233,spill,FileSystemStorage,524288,1,524533,419930,242661
1779838614.840810,spill,FileSystemStorage,524288,1,524533,455948,279678
1779838614.840827,spill,FileSystemStorage,524288,2,1049066,769772,536596
1779838614.841021,spill,FileSystemStorage,524288,1,524533,380041,231938
1779838614.841407,spill,FileSystemStorage,524288,1,524533,350706,230565
1779838614.842228,spill,FileSystemStorage,524288,1,524533,402328,256223
1779838614.842303,spill,FileSystemStorage,524288,2,1049066,712677,499779
1779838614.842579,spill,FileSystemStorage,524288,1,524533,428835,267573
1779838614.842862,spill,FileSystemStorage,524288,1,524533,402131,252599
1779838614.843175,spill,FileSystemStorage,524288,1,524533,430591,260410
1779838614.844127,spill,FileSystemStorage,524288,2,1049066,693823,497184
1779838614.844380,spill,FileSystemStorage,524288,1,524533,590595,286802
1779838614.844516,spill,FileSystemStorage,524288,1,524533,457936,286536
1779838614.845122,spill,FileSystemStorage,524288,1,524533,419887,260152
1779838614.845693,spill,FileSystemStorage,524288,1,524533,442581,264363
1779838614.845752,spill,FileSystemStorage,524288,2,1049066,770552,550968
1779838614.845995,spill,FileSystemStorage,524288,1,524533,389162,230337
1779838614.846583,spill,FileSystemStorage,524288,1,524533,420942,268169
1779838614.846725,spill,FileSystemStorage,524288,1,524533,416068,276153
1779838614.847241,spill,FileSystemStorage,524288,1,524533,463492,283994
1779838614.847823,spill,FileSystemStorage,524288,2,1049066,724120,509414
1779838614.848243,spill,FileSystemStorage,524288,1,524533,387532,240771
1779838614.848519,spill,FileSystemStorage,524288,1,524533,441141,264620
1779838614.848938,spill,FileSystemStorage,524288,1,524533,411318,272221
1779838614.849436,spill,FileSystemStorage,524288,2,1049066,703410,477212
1779838614.849789,spill,FileSystemStorage,524288,1,524533,423069,275275
1779838614.849814,spill,FileSystemStorage,524288,1,524533,430953,263801
1779838614.850445,spill,FileSystemStorage,524288,1,524533,410095,259620
1779838614.850745,spill,FileSystemStorage,524288,1,524533,399737,257803
1779838614.851053,spill,FileSystemStorage,524288,1,524533,459525,296401
1779838614.851737,spill,FileSystemStorage,524288,2,1049066,833387,506624
1779838614.851812,spill,FileSystemStorage,524288,1,524533,411151,249779
1779838614.852417,spill,FileSystemStorage,524288,1,524533,417077,248009
1779838614.852875,spill,FileSystemStorage,524288,1,524533,412111,257772
1779838614.853298,spill,FileSystemStorage,524288,1,524533,433579,288667
1779838614.853356,spill,FileSystemStorage,524288,1,524533,452097,267636
1779838614.853803,spill,FileSystemStorage,524288,1,524533,565402,265838
1779838614.854116,spill,FileSystemStorage,524288,1,524533,445243,270739
1779838614.854452,spill,FileSystemStorage,524288,2,1049066,678227,487421
1779838614.854613,spill,FileSystemStorage,524288,1,524533,478013,245994
1779838614.855205,spill,FileSystemStorage,524288,1,524533,426451,275301
1779838614.855419,spill,FileSystemStorage,524288,1,524533,405187,254622
1779838614.855762,spill,FileSystemStorage,524288,1,524533,393330,239516
1779838614.856118,spill,FileSystemStorage,524288,1,524533,430671,259767
1779838614.856685,spill,FileSystemStorage,524288,1,524533,410073,257161
1779838614.856778,spill,FileSystemStorage,524288,2,1049066,718301,477349
1779838614.857417,spill,FileSystemStorage,524288,1,524533,411531,271931
1779838614.857875,spill,FileSystemStorage,524288,2,1049066,662526,473568
1779838614.858543,spill,FileSystemStorage,524288,2,1049066,761421,534657
1779838614.858562,spill,FileSystemStorage,524288,1,524533,436847,280285
1779838614.858784,spill,FileSystemStorage,524288,1,524533,367872,233196
1779838614.859204,spill,FileSystemStorage,524288,1,524533,419701,267553
1779838614.859908,spill,FileSystemStorage,524288,1,524533,344907,209568
1779838614.860431,spill,FileSystemStorage,524288,2,1049066,632005,436320
1779838614.860639,spill,FileSystemStorage,524288,1,524533,329681,205428
1779838614.860999,spill,FileSystemStorage,524288,1,524533,395358,231025
1779838614.861636,spill,FileSystemStorage,524288,2,1049066,687532,478945
1779838614.861664,spill,FileSystemStorage,524288,1,524533,438685,283313
1779838614.861870,spill,FileSystemStorage,524288,1,524533,357474,220294
1779838614.862858,spill,FileSystemStorage,524288,2,1049066,641106,441506
1779838614.863176,spill,FileSystemStorage,524288,1,524533,388861,237170
1779838614.863719,spill,FileSystemStorage,524288,2,1049066,614859,422619
1779838614.864398,spill,FileSystemStorage,524288,1,524533,371416,227035
1779838614.865264,spill,FileSystemStorage,524288,1,524533,402104,260280
1779838614.865366,spill,FileSystemStorage,524288,1,524533,451777,288884
1779838614.865480,spill,FileSystemStorage,524288,2,1049066,679975,490740
1779838614.865783,spill,FileSystemStorage,524288,960,503551680,307700168,223736706
1779838614.866151,spill,FileSystemStorage,524288,1,524533,395936,264839
1779838614.866226,spill,FileSystemStorage,524288,2,1049066,673631,463894
1779838614.866784,spill,FileSystemStorage,524288,2,1049066,642404,451923
1779838614.867297,spill,FileSystemStorage,524288,2,1049066,700396,475055
1779838614.867648,spill,FileSystemStorage,524288,1,524533,384105,212373
1779838614.867976,spill,FileSystemStorage,524288,1,524533,378455,219725
1779838620.486156,restore,FileSystemStorage,524288,1,524533,856713,763713
1779838620.490331,restore,FileSystemStorage,524288,1,524533,559524,483439
1779838620.494525,restore,FileSystemStorage,524288,1,524533,446686,370657
1779838620.498635,restore,FileSystemStorage,524288,1,524533,423456,354445
1779838620.502814,restore,FileSystemStorage,524288,1,524533,594023,513254
1779838620.506796,restore,FileSystemStorage,524288,1,524533,727004,656305
1779838620.510049,restore,FileSystemStorage,524288,1,524533,424061,346818
1779838620.511838,restore,FileSystemStorage,524288,1,524533,415977,360160
1779838620.514435,restore,FileSystemStorage,524288,1,524533,688334,615334
1779838620.517637,restore,FileSystemStorage,524288,1,524533,425161,351522
1779838620.520670,restore,FileSystemStorage,524288,1,524533,813780,759676
1779838620.525021,restore,FileSystemStorage,524288,1,524533,712044,636528
1779838620.529326,restore,FileSystemStorage,524288,1,524533,758084,681937
1779838620.532926,restore,FileSystemStorage,524288,1,524533,786732,714865
1779838620.536944,restore,FileSystemStorage,524288,1,524533,747407,663121
1779838620.540312,restore,FileSystemStorage,524288,1,524533,725648,649653
1779838620.543731,restore,FileSystemStorage,524288,1,524533,1006782,954366
1779838620.546686,restore,FileSystemStorage,524288,1,524533,667633,605213
1779838620.550112,restore,FileSystemStorage,524288,1,524533,427156,352802
1779838620.553353,restore,FileSystemStorage,524288,1,524533,669660,605973
1779838620.558523,restore,FileSystemStorage,524288,1,524533,694739,618056
1779838620.563634,restore,FileSystemStorage,524288,1,524533,867750,785833
1779838620.568775,restore,FileSystemStorage,524288,1,524533,1063035,972706
1779838620.574018,restore,FileSystemStorage,524288,1,524533,751914,671516
1779838620.578565,restore,FileSystemStorage,524288,1,524533,744944,690271
1779838620.582789,restore,FileSystemStorage,524288,1,524533,542583,472758
1779838620.586521,restore,FileSystemStorage,524288,1,524533,442842,365965
1779838620.590724,restore,FileSystemStorage,524288,1,524533,690212,634241
1779838620.596050,restore,FileSystemStorage,524288,1,524533,1100383,991775
1779838620.601494,restore,FileSystemStorage,524288,1,524533,841568,756346
1779838620.605519,restore,FileSystemStorage,524288,1,524533,685212,605428
1779838620.609759,restore,FileSystemStorage,524288,1,524533,429263,351275
1779838620.611477,restore,FileSystemStorage,524288,1,524533,409782,347281
1779838620.613150,restore,FileSystemStorage,524288,1,524533,560469,506612
1779838620.616659,restore,FileSystemStorage,524288,1,524533,404214,327179
1779838620.619640,restore,FileSystemStorage,524288,1,524533,964917,908261
1779838620.624207,restore,FileSystemStorage,524288,1,524533,1165564,1085963
1779838620.628974,restore,FileSystemStorage,524288,1,524533,931084,855344
1779838620.632504,restore,FileSystemStorage,524288,1,524533,899230,823456
1779838620.635477,restore,FileSystemStorage,524288,1,524533,612722,544019
1779838620.639574,restore,FileSystemStorage,524288,1,524533,677906,620321
1779838620.642816,restore,FileSystemStorage,524288,1,524533,555846,484573
1779838620.646824,restore,FileSystemStorage,524288,1,524533,581967,513970
1779838620.650997,restore,FileSystemStorage,524288,1,524533,458973,367207
1779838620.656089,restore,FileSystemStorage,524288,1,524533,1341129,1263936
1779838620.661443,restore,FileSystemStorage,524288,1,524533,909744,825109
1779838620.666710,restore,FileSystemStorage,524288,1,524533,833090,755346
1779838620.671700,restore,FileSystemStorage,524288,1,524533,983128,906263
1779838620.677065,restore,FileSystemStorage,524288,1,524533,821308,744004
1779838620.681104,restore,FileSystemStorage,524288,1,524533,780395,720296
1779838620.686114,restore,FileSystemStorage,524288,1,524533,784286,715344
1779838620.691557,restore,FileSystemStorage,524288,1,524533,987253,909072
1779838620.696727,restore,FileSystemStorage,524288,1,524533,963442,869526
1779838620.701509,restore,FileSystemStorage,524288,1,524533,671544,599219
1779838620.706495,restore,FileSystemStorage,524288,1,524533,752869,673267
1779838620.711001,restore,FileSystemStorage,524288,1,524533,603227,513356
1779838620.715602,restore,FileSystemStorage,524288,1,524533,1030530,954076
1779838620.720903,restore,FileSystemStorage,524288,1,524533,1005517,927604
1779838620.725419,restore,FileSystemStorage,524288,1,524533,915961,840716
1779838620.730744,restore,FileSystemStorage,524288,1,524533,528149,455673
1779838620.735155,restore,FileSystemStorage,524288,1,524533,796522,724744
1779838620.740749,restore,FileSystemStorage,524288,1,524533,907002,831183
1779838620.746126,restore,FileSystemStorage,524288,1,524533,800171,727576
1779838620.749756,restore,FileSystemStorage,524288,1,524533,637203,571107
1779838620.754192,restore,FileSystemStorage,524288,1,524533,677526,614678
1779838620.757920,restore,FileSystemStorage,524288,1,524533,413065,359163
1779838620.760835,restore,FileSystemStorage,524288,1,524533,539608,492899
1779838620.764508,restore,FileSystemStorage,524288,1,524533,718493,639761
1779838620.768677,restore,FileSystemStorage,524288,1,524533,653691,578424
1779838620.771375,restore,FileSystemStorage,524288,1,524533,468791,405500
1779838620.774462,restore,FileSystemStorage,524288,1,524533,406446,335046
1779838620.778090,restore,FileSystemStorage,524288,1,524533,417911,348087
1779838620.781719,restore,FileSystemStorage,524288,1,524533,430989,360090
1779838620.784137,restore,FileSystemStorage,524288,1,524533,421696,367534
1779838620.788066,restore,FileSystemStorage,524288,1,524533,1098211,990297
1779838620.793087,restore,FileSystemStorage,524288,1,524533,1004565,923441
1779838620.796046,restore,FileSystemStorage,524288,1,524533,669825,598400
1779838620.800264,restore,FileSystemStorage,524288,1,524533,774051,701994
1779838620.804993,restore,FileSystemStorage,524288,1,524533,688848,618845
1779838620.809921,restore,FileSystemStorage,524288,1,524533,683955,631778
1779838620.814069,restore,FileSystemStorage,524288,1,524533,570054,517221
1779838620.818774,restore,FileSystemStorage,524288,1,524533,682056,633758
1779838620.822820,restore,FileSystemStorage,524288,1,524533,561660,492628
1779838620.826435,restore,FileSystemStorage,524288,1,524533,747239,679358
1779838620.829460,restore,FileSystemStorage,524288,1,524533,710306,654718
1779838620.834393,restore,FileSystemStorage,524288,1,524533,668729,601320
1779838620.839454,restore,FileSystemStorage,524288,1,524533,776450,709420
1779838620.844002,restore,FileSystemStorage,524288,1,524533,1032582,940000
1779838620.848794,restore,FileSystemStorage,524288,1,524533,837715,764186
1779838620.853223,restore,FileSystemStorage,524288,1,524533,730051,658203
1779838620.857821,restore,FileSystemStorage,524288,1,524533,723606,655330
1779838620.862726,restore,FileSystemStorage,524288,1,524533,697790,629769
1779838620.867335,restore,FileSystemStorage,524288,1,524533,595252,523213
1779838620.872136,restore,FileSystemStorage,524288,1,524533,1133171,1065697
1779838620.876653,restore,FileSystemStorage,524288,1,524533,874603,791665
1779838620.880540,restore,FileSystemStorage,524288,1,524533,754033,683334
1779838620.883934,restore,FileSystemStorage,524288,1,524533,474616,399001
1779838620.888029,restore,FileSystemStorage,524288,1,524533,952718,884249
1779838620.892330,restore,FileSystemStorage,524288,1,524533,669712,591050
1779838620.896862,restore,FileSystemStorage,524288,1,524533,1030771,949396
1779838620.902579,restore,FileSystemStorage,524288,1,524533,762143,690724
1779838620.907665,restore,FileSystemStorage,524288,1,524533,942417,865885
1779838620.912632,restore,FileSystemStorage,524288,1,524533,1062926,989237
1779838620.917621,restore,FileSystemStorage,524288,1,524533,914101,839357
1779838620.922781,restore,FileSystemStorage,524288,1,524533,586258,511189
1779838620.927998,restore,FileSystemStorage,524288,1,524533,1204356,1125947
1779838620.933275,restore,FileSystemStorage,524288,1,524533,1034725,956907
1779838620.938431,restore,FileSystemStorage,524288,1,524533,682478,610967
1779838620.942854,restore,FileSystemStorage,524288,1,524533,700503,626196
1779838620.948676,restore,FileSystemStorage,524288,1,524533,1185240,1106002
1779838620.953337,restore,FileSystemStorage,524288,1,524533,941087,859564
1779838620.958722,restore,FileSystemStorage,524288,1,524533,749148,675858
1779838620.964539,restore,FileSystemStorage,524288,1,524533,1086740,1009069
1779838620.969853,restore,FileSystemStorage,524288,1,524533,791534,718375
1779838620.974789,restore,FileSystemStorage,524288,1,524533,730350,653604
1779838620.979510,restore,FileSystemStorage,524288,1,524533,882780,808325
1779838620.984142,restore,FileSystemStorage,524288,1,524533,1193573,1092414
1779838620.987120,restore,FileSystemStorage,524288,1,524533,628230,551555
1779838620.992056,restore,FileSystemStorage,524288,1,524533,994300,915831
1779838620.997215,restore,FileSystemStorage,524288,1,524533,974902,897964
1779838621.002259,restore,FileSystemStorage,524288,1,524533,665819,597311
1779838621.007665,restore,FileSystemStorage,524288,1,524533,729186,633308
1779838621.012455,restore,FileSystemStorage,524288,1,524533,850546,771902
1779838621.017511,restore,FileSystemStorage,524288,1,524533,701261,630541
1779838621.022867,restore,FileSystemStorage,524288,1,524533,729611,657003
1779838621.028102,restore,FileSystemStorage,524288,1,524533,713452,642351
1779838621.033137,restore,FileSystemStorage,524288,1,524533,691909,647991
1779838621.037938,restore,FileSystemStorage,524288,1,524533,750107,679755
1779838621.042938,restore,FileSystemStorage,524288,1,524533,718879,675483
1779838621.047955,restore,FileSystemStorage,524288,1,524533,914916,835684
1779838621.053147,restore,FileSystemStorage,524288,1,524533,903490,828070
1779838621.058304,restore,FileSystemStorage,524288,1,524533,687352,617231
1779838621.064118,restore,FileSystemStorage,524288,1,524533,1197468,1094009
1779838621.068906,restore,FileSystemStorage,524288,1,524533,892517,816387
1779838621.074239,restore,FileSystemStorage,524288,1,524533,689375,611990
1779838621.080848,restore,FileSystemStorage,524288,1,524533,1820347,1743331
1779838621.085721,restore,FileSystemStorage,524288,1,524533,957047,883851
1779838621.090182,restore,FileSystemStorage,524288,1,524533,738371,667134
1779838621.094507,restore,FileSystemStorage,524288,1,524533,743607,674098
1779838621.098693,restore,FileSystemStorage,524288,1,524533,708305,637445
1779838621.104191,restore,FileSystemStorage,524288,1,524533,1234741,1132233
1779838621.108986,restore,FileSystemStorage,524288,1,524533,1057495,977745
1779838621.113995,restore,FileSystemStorage,524288,1,524533,734485,664007
1779838621.118752,restore,FileSystemStorage,524288,1,524533,527827,458163
1779838621.124171,restore,FileSystemStorage,524288,1,524533,1138960,1058357
1779838621.129362,restore,FileSystemStorage,524288,1,524533,840504,762218
1779838621.134741,restore,FileSystemStorage,524288,1,524533,454946,384258
1779838621.139573,restore,FileSystemStorage,524288,1,524533,855561,800501
1779838621.144856,restore,FileSystemStorage,524288,1,524533,1006049,929729
1779838621.149342,restore,FileSystemStorage,524288,1,524533,977780,902914
1779838621.154172,restore,FileSystemStorage,524288,1,524533,663105,587277
1779838621.159566,restore,FileSystemStorage,524288,1,524533,992338,914960
1779838621.165040,restore,FileSystemStorage,524288,1,524533,1024546,945744
1779838621.169630,restore,FileSystemStorage,524288,1,524533,673021,602240
1779838621.174532,restore,FileSystemStorage,524288,1,524533,707691,625777
1779838621.180204,restore,FileSystemStorage,524288,1,524533,1257936,1152706
1779838621.184824,restore,FileSystemStorage,524288,1,524533,955295,878420
1779838621.190220,restore,FileSystemStorage,524288,1,524533,688881,615254
1779838621.194806,restore,FileSystemStorage,524288,1,524533,759587,687640
1779838621.199808,restore,FileSystemStorage,524288,1,524533,702714,623609
1779838626.151041,spill,FileSystemStorage,1048576,1,1048821,1344160,559267
1779838626.152326,spill,FileSystemStorage,1048576,2,2097642,2457260,1110815
1779838626.152389,spill,FileSystemStorage,1048576,2,2097642,2489434,1136042
1779838626.154145,spill,FileSystemStorage,1048576,1,1048821,1322053,569713
1779838626.154190,spill,FileSystemStorage,1048576,1,1048821,1227586,580923
1779838626.154833,spill,FileSystemStorage,1048576,3,3146463,2863021,1479535
1779838626.155468,spill,FileSystemStorage,1048576,1,1048821,1012757,582829
1779838626.155959,spill,FileSystemStorage,1048576,1,1048821,722342,458228
1779838626.156605,spill,FileSystemStorage,1048576,2,2097642,2053136,1179540
1779838626.156924,spill,FileSystemStorage,1048576,1,1048821,846358,535227
1779838626.157207,spill,FileSystemStorage,1048576,1,1048821,930167,470902
1779838626.158273,spill,FileSystemStorage,1048576,1,1048821,881983,565459
1779838626.158777,spill,FileSystemStorage,1048576,2,2097642,1639459,1077461
1779838626.159092,spill,FileSystemStorage,1048576,2,2097642,1548823,1120830
1779838626.159557,spill,FileSystemStorage,1048576,1,1048821,823172,498370
1779838626.160225,spill,FileSystemStorage,1048576,1,1048821,793929,517462
1779838626.160629,spill,FileSystemStorage,1048576,1,1048821,757063,520643
1779838626.161373,spill,FileSystemStorage,1048576,1,1048821,834479,519125
1779838626.161910,spill,FileSystemStorage,1048576,2,2097642,1883531,1056425
1779838626.162390,spill,FileSystemStorage,1048576,2,2097642,1445450,1052850
1779838626.163094,spill,FileSystemStorage,1048576,1,1048821,850102,586507
1779838626.163248,spill,FileSystemStorage,1048576,2,2097642,1578480,1124038
1779838626.163442,spill,FileSystemStorage,1048576,1,1048821,793734,551967
1779838626.164432,spill,FileSystemStorage,1048576,1,1048821,801992,540402
1779838626.164820,spill,FileSystemStorage,1048576,1,1048821,768514,534378
1779838626.165363,spill,FileSystemStorage,1048576,2,2097642,1587034,1101630
1779838626.165821,spill,FileSystemStorage,1048576,1,1048821,765527,539824
1779838626.166231,spill,FileSystemStorage,1048576,2,2097642,1512180,1083585
1779838626.166552,spill,FileSystemStorage,1048576,1,1048821,858313,612423
1779838626.167557,spill,FileSystemStorage,1048576,2,2097642,1488261,1048949
1779838626.167907,spill,FileSystemStorage,1048576,1,1048821,1016237,611288
1779838626.168068,spill,FileSystemStorage,1048576,2,2097642,1540635,1123124
1779838626.168547,spill,FileSystemStorage,1048576,1,1048821,711378,472438
1779838626.169521,spill,FileSystemStorage,1048576,1,1048821,763264,538233
1779838626.169871,spill,FileSystemStorage,1048576,2,2097642,1628442,1154484
1779838626.170022,spill,FileSystemStorage,1048576,2,2097642,1623281,1107830
1779838626.170451,spill,FileSystemStorage,1048576,1,1048821,701232,481015
1779838626.171232,spill,FileSystemStorage,1048576,1,1048821,922755,642188
1779838626.171501,spill,FileSystemStorage,1048576,1,1048821,815138,571978
1779838626.172607,spill,FileSystemStorage,1048576,2,2097642,2174459,1065268
1779838626.172642,spill,FileSystemStorage,1048576,1,1048821,794950,560403
1779838626.173102,spill,FileSystemStorage,1048576,2,2097642,1549092,1105428
1779838626.173869,spill,FileSystemStorage,1048576,1,1048821,830141,566914
1779838626.174265,spill,FileSystemStorage,1048576,1,1048821,870790,588116
1779838626.174421,spill,FileSystemStorage,1048576,2,2097642,1453519,1047640
1779838626.175274,spill,FileSystemStorage,1048576,1,1048821,829845,586882
1779838626.175466,spill,FileSystemStorage,1048576,1,1048821,893636,632364
1779838626.175596,spill,FileSystemStorage,1048576,1,1048821,850001,572775
1779838626.176415,spill,FileSystemStorage,1048576,1,1048821,778805,536935
1779838626.176706,spill,FileSystemStorage,1048576,1,1048821,787711,539683
1779838626.176898,spill,FileSystemStorage,1048576,1,1048821,793444,551934
1779838626.177485,spill,FileSystemStorage,1048576,1,1048821,738099,499002
1779838626.177973,spill,FileSystemStorage,1048576,1,1048821,764037,529240
1779838626.178564,spill,FileSystemStorage,1048576,1,1048821,791150,549644
1779838626.178599,spill,FileSystemStorage,1048576,2,2097642,1552693,1062873
1779838626.179051,spill,FileSystemStorage,1048576,1,1048821,792838,540962
1779838626.180102,spill,FileSystemStorage,1048576,1,1048821,941175,602055
1779838626.180442,spill,FileSystemStorage,1048576,2,2097642,1575518,1085408
1779838626.180854,spill,FileSystemStorage,1048576,2,2097642,1513823,1080874
1779838626.181619,spill,FileSystemStorage,1048576,1,1048821,798222,538570
1779838626.181931,spill,FileSystemStorage,1048576,1,1048821,778273,545256
1779838626.182314,spill,FileSystemStorage,1048576,2,2097642,1690788,1180781
1779838626.182657,spill,FileSystemStorage,1048576,1,1048821,744807,522322
1779838626.182969,spill,FileSystemStorage,1048576,1,1048821,779443,529532
1779838626.183734,spill,FileSystemStorage,1048576,1,1048821,825686,532135
1779838626.184241,spill,FileSystemStorage,1048576,2,2097642,1638696,1194599
1779838626.184503,spill,FileSystemStorage,1048576,1,1048821,757775,507438
1779838626.184868,spill,FileSystemStorage,1048576,1,1048821,783021,537373
1779838626.185520,spill,FileSystemStorage,1048576,1,1048821,774838,534630
1779838626.185669,spill,FileSystemStorage,1048576,1,1048821,852346,598131
1779838626.185940,spill,FileSystemStorage,1048576,1,1048821,798474,533939
1779838626.186828,spill,FileSystemStorage,1048576,1,1048821,853043,593432
1779838626.187200,spill,FileSystemStorage,1048576,1,1048821,868961,587503
1779838626.187366,spill,FileSystemStorage,1048576,2,2097642,1527563,1090937
1779838626.188264,spill,FileSystemStorage,1048576,1,1048821,866959,596765
1779838626.188340,spill,FileSystemStorage,1048576,1,1048821,852544,579536
1779838626.188719,spill,FileSystemStorage,1048576,1,1048821,787154,537952
1779838626.189785,spill,FileSystemStorage,1048576,1,1048821,796444,547831
1779838626.190139,spill,FileSystemStorage,1048576,2,2097642,1595628,1162507
1779838626.190214,spill,FileSystemStorage,1048576,2,2097642,1571549,1128637
1779838626.191411,spill,FileSystemStorage,1048576,1,1048821,931951,665971
1779838626.191422,spill,FileSystemStorage,1048576,1,1048821,865753,607281
1779838626.191595,spill,FileSystemStorage,1048576,2,2097642,1547988,1089671
1779838626.192726,spill,FileSystemStorage,1048576,1,1048821,874211,549291
1779838626.192761,spill,FileSystemStorage,1048576,1,1048821,817470,571079
1779838626.192798,spill,FileSystemStorage,1048576,1,1048821,875279,601198
1779838626.193759,spill,FileSystemStorage,1048576,1,1048821,768540,527549
1779838626.193957,spill,FileSystemStorage,1048576,1,1048821,777737,543924
1779838626.194915,spill,FileSystemStorage,1048576,2,2097642,1623490,1169683
1779838626.195092,spill,FileSystemStorage,1048576,1,1048821,853377,588004
1779838626.195558,spill,FileSystemStorage,1048576,2,2097642,1515184,1049501
1779838626.196125,spill,FileSystemStorage,1048576,1,1048821,866213,590130
1779838626.196377,spill,FileSystemStorage,1048576,1,1048821,770681,543273
1779838626.196617,spill,FileSystemStorage,1048576,1,1048821,776849,533925
1779838626.197180,spill,FileSystemStorage,1048576,1,1048821,772114,558632
1779838626.198146,spill,FileSystemStorage,1048576,2,2097642,1527539,1093390
1779838626.198334,spill,FileSystemStorage,1048576,1,1048821,825051,584085
1779838626.199274,spill,FileSystemStorage,1048576,1,1048821,840966,579275
1779838626.199280,spill,FileSystemStorage,1048576,3,3146463,2151319,1588716
1779838626.199626,spill,FileSystemStorage,1048576,1,1048821,882608,538076
1779838626.200734,spill,FileSystemStorage,1048576,1,1048821,816482,563411
1779838626.200795,spill,FileSystemStorage,1048576,1,1048821,772683,525099
1779838626.201447,spill,FileSystemStorage,1048576,1,1048821,820720,542829
1779838626.201779,spill,FileSystemStorage,1048576,1,1048821,750464,520827
1779838626.202207,spill,FileSystemStorage,1048576,1,1048821,751364,500454
1779838626.202624,spill,FileSystemStorage,1048576,1,1048821,839962,576809
1779838626.202841,spill,FileSystemStorage,1048576,1,1048821,774318,542196
1779838626.203279,spill,FileSystemStorage,1048576,1,1048821,775857,570180
1779838626.203698,spill,FileSystemStorage,1048576,1,1048821,772335,497514
1779838626.204142,spill,FileSystemStorage,1048576,1,1048821,758936,509371
1779838626.204561,spill,FileSystemStorage,1048576,1,1048821,699226,506516
1779838626.205142,spill,FileSystemStorage,1048576,1,1048821,878049,533074
1779838626.205647,spill,FileSystemStorage,1048576,1,1048821,709071,509177
1779838626.206161,spill,FileSystemStorage,1048576,2,2097642,1495274,1079643
1779838626.206206,spill,FileSystemStorage,1048576,1,1048821,788303,543562
1779838626.206763,spill,FileSystemStorage,1048576,1,1048821,719043,481067
1779838626.207507,spill,FileSystemStorage,1048576,1,1048821,807274,539801
1779838626.207947,spill,FileSystemStorage,1048576,2,2097642,1468914,1099334
1779838626.208005,spill,FileSystemStorage,1048576,1,1048821,951555,510340
1779838626.209123,spill,FileSystemStorage,1048576,1,1048821,807144,526847
1779838626.209198,spill,FileSystemStorage,1048576,1,1048821,795213,525546
1779838626.209465,spill,FileSystemStorage,1048576,1,1048821,734937,491292
1779838626.210572,spill,FileSystemStorage,1048576,1,1048821,880000,535564
1779838626.211375,spill,FileSystemStorage,1048576,2,2097642,1825573,1142028
1779838626.211424,spill,FileSystemStorage,1048576,2,2097642,1996047,1149851
1779838626.211666,spill,FileSystemStorage,1048576,1,1048821,764716,536645
1779838626.212769,spill,FileSystemStorage,1048576,1,1048821,776604,526763
1779838626.212916,spill,FileSystemStorage,1048576,1,1048821,763310,544751
1779838626.213843,spill,FileSystemStorage,1048576,2,2097642,1429563,1016528
1779838626.214192,spill,FileSystemStorage,1048576,1,1048821,847240,588356
1779838626.215016,spill,FileSystemStorage,1048576,2,2097642,1600033,1154286
1779838626.215288,spill,FileSystemStorage,1048576,1,1048821,827911,570100
1779838626.215619,spill,FileSystemStorage,1048576,2,2097642,1482453,1093568
1779838626.216400,spill,FileSystemStorage,1048576,1,1048821,713323,492313
1779838626.216857,spill,FileSystemStorage,1048576,1,1048821,1100664,532699
1779838626.217317,spill,FileSystemStorage,1048576,1,1048821,796949,538652
1779838626.217508,spill,FileSystemStorage,1048576,1,1048821,807496,557057
1779838626.217958,spill,FileSystemStorage,1048576,1,1048821,763788,529173
1779838626.218377,spill,FileSystemStorage,1048576,1,1048821,753309,528071
1779838626.218567,spill,FileSystemStorage,1048576,1,1048821,768240,568802
1779838626.219068,spill,FileSystemStorage,1048576,1,1048821,827904,563588
1779838626.219419,spill,FileSystemStorage,1048576,1,1048821,780624,574272
1779838626.220416,spill,FileSystemStorage,1048576,2,2097642,1505291,1069407
1779838626.220548,spill,FileSystemStorage,1048576,1,1048821,807038,570740
1779838626.220552,spill,FileSystemStorage,1048576,1,1048821,785195,531372
1779838626.221512,spill,FileSystemStorage,1048576,1,1048821,741170,540629
1779838626.221631,spill,FileSystemStorage,1048576,1,1048821,809210,588880
1779838626.222314,spill,FileSystemStorage,1048576,2,2097642,1481071,1099524
1779838626.222523,spill,FileSystemStorage,1048576,1,1048821,736420,526089
1779838626.222821,spill,FileSystemStorage,1048576,1,1048821,881920,525120
1779838626.223402,spill,FileSystemStorage,1048576,1,1048821,825599,568037
1779838626.223589,spill,FileSystemStorage,1048576,1,1048821,838845,562529
1779838626.223898,spill,FileSystemStorage,1048576,1,1048821,784122,534651
1779838626.224424,spill,FileSystemStorage,1048576,1,1048821,733847,520708
1779838626.224768,spill,FileSystemStorage,1048576,1,1048821,758286,551660
1779838626.224982,spill,FileSystemStorage,1048576,1,1048821,792005,543364
1779838626.225491,spill,FileSystemStorage,1048576,1,1048821,735166,533232
1779838626.225739,spill,FileSystemStorage,1048576,1,1048821,723786,521996
1779838626.226000,spill,FileSystemStorage,1048576,1,1048821,789023,546562
1779838626.226678,spill,FileSystemStorage,1048576,1,1048821,737863,504050
1779838626.226827,spill,FileSystemStorage,1048576,1,1048821,757225,515592
1779838626.227064,spill,FileSystemStorage,1048576,1,1048821,837935,588836
1779838626.227749,spill,FileSystemStorage,1048576,1,1048821,788057,522131
1779838626.227872,spill,FileSystemStorage,1048576,1,1048821,776883,547494
1779838626.228523,spill,FileSystemStorage,1048576,1,1048821,771781,510802
1779838626.228822,spill,FileSystemStorage,1048576,1,1048821,789546,534210
1779838626.229540,spill,FileSystemStorage,1048576,1,1048821,785730,539994
1779838626.229833,spill,FileSystemStorage,1048576,2,2097642,1455552,1051288
1779838626.229880,spill,FileSystemStorage,1048576,1,1048821,752331,522577
1779838626.230910,spill,FileSystemStorage,1048576,1,1048821,827404,555912
1779838626.231016,spill,FileSystemStorage,1048576,1,1048821,783473,536383
1779838626.231315,spill,FileSystemStorage,1048576,2,2097642,1500100,1095999
1779838626.231925,spill,FileSystemStorage,1048576,1,1048821,730939,524863
1779838626.232333,spill,FileSystemStorage,1048576,1,1048821,818920,544748
1779838626.232436,spill,FileSystemStorage,1048576,1,1048821,802138,551053
1779838626.232968,spill,FileSystemStorage,1048576,1,1048821,723666,486688
1779838626.234041,spill,FileSystemStorage,1048576,1,1048821,807411,562686
1779838626.234117,spill,FileSystemStorage,1048576,2,2097642,1475392,1085759
1779838626.234189,spill,FileSystemStorage,1048576,2,2097642,1498174,1145033
1779838626.235523,spill,FileSystemStorage,1048576,1,1048821,862788,593164
1779838626.235781,spill,FileSystemStorage,1048576,2,2097642,1503307,1120350
1779838626.235898,spill,FileSystemStorage,1048576,2,2097642,1487938,1139249
1779838626.237084,spill,FileSystemStorage,1048576,1,1048821,784890,568241
1779838626.237188,spill,FileSystemStorage,1048576,1,1048821,768584,558099
1779838626.237608,spill,FileSystemStorage,1048576,2,2097642,1400217,1061347
1779838626.238073,spill,FileSystemStorage,1048576,1,1048821,740008,537981
1779838626.238698,spill,FileSystemStorage,1048576,1,1048821,770610,561344
1779838626.239009,spill,FileSystemStorage,1048576,2,2097642,1540837,1155974
1779838626.239185,spill,FileSystemStorage,1048576,1,1048821,827950,570514
1779838626.239741,spill,FileSystemStorage,1048576,1,1048821,744342,515849
1779838626.240240,spill,FileSystemStorage,1048576,1,1048821,741331,527748
1779838626.240597,spill,FileSystemStorage,1048576,1,1048821,750594,536271
1779838626.241442,spill,FileSystemStorage,1048576,1,1048821,879406,547734
1779838626.241493,spill,FileSystemStorage,1048576,2,2097642,1407538,1074567
1779838626.241677,spill,FileSystemStorage,1048576,1,1048821,718233,519087
1779838626.242674,spill,FileSystemStorage,1048576,1,1048821,890917,540764
1779838626.242730,spill,FileSystemStorage,1048576,1,1048821,878133,556564
1779838626.243580,spill,FileSystemStorage,1048576,2,2097642,1456112,1061475
1779838626.244037,spill,FileSystemStorage,1048576,1,1048821,1023586,569269
1779838626.244766,spill,FileSystemStorage,1048576,2,2097642,1680674,1112645
1779838626.245149,spill,FileSystemStorage,1048576,1,1048821,814861,571000
1779838626.245387,spill,FileSystemStorage,1048576,2,2097642,1462100,1074990
1779838626.246496,spill,FileSystemStorage,1048576,1,1048821,798873,533379
1779838626.246554,spill,FileSystemStorage,1048576,2,2097642,1478648,1065157
1779838626.246939,spill,FileSystemStorage,1048576,2,2097642,1467779,1055263
1779838626.247607,spill,FileSystemStorage,1048576,1,1048821,843643,526903
1779838626.247627,spill,FileSystemStorage,1048576,1,1048821,797250,547998
1779838626.248011,spill,FileSystemStorage,1048576,1,1048821,722383,477332
1779838626.248946,spill,FileSystemStorage,1048576,1,1048821,807164,563417
1779838626.249128,spill,FileSystemStorage,1048576,1,1048821,842702,584725
1779838626.249738,spill,FileSystemStorage,1048576,2,2097642,1458421,1087178
1779838626.250067,spill,FileSystemStorage,1048576,1,1048821,803767,566987
1779838626.250237,spill,FileSystemStorage,1048576,1,1048821,792668,553272
1779838626.251181,spill,FileSystemStorage,1048576,1,1048821,870415,612383
1779838626.251358,spill,FileSystemStorage,1048576,1,1048821,801143,591263
1779838626.251505,spill,FileSystemStorage,1048576,2,2097642,1501606,1096761
1779838626.252213,spill,FileSystemStorage,1048576,1,1048821,754745,513051
1779838626.252868,spill,FileSystemStorage,1048576,1,1048821,746004,539940
1779838626.253298,spill,FileSystemStorage,1048576,1,1048821,808553,584715
1779838626.253373,spill,FileSystemStorage,1048576,2,2097642,1471540,1094992
1779838626.253847,spill,FileSystemStorage,1048576,1,1048821,702438,475923
1779838626.254462,spill,FileSystemStorage,1048576,1,1048821,833784,577175
1779838626.254516,spill,FileSystemStorage,1048576,1,1048821,785193,578060
1779838626.254831,spill,FileSystemStorage,1048576,1,1048821,733791,526865
1779838626.255582,spill,FileSystemStorage,1048576,1,1048821,816902,560311
1779838626.255589,spill,FileSystemStorage,1048576,1,1048821,848715,567607
1779838626.255884,spill,FileSystemStorage,1048576,1,1048821,748208,507663
1779838626.256596,spill,FileSystemStorage,1048576,1,1048821,760706,545803
1779838626.256708,spill,FileSystemStorage,1048576,1,1048821,801997,560006
1779838626.256931,spill,FileSystemStorage,1048576,1,1048821,750490,522824
1779838626.257689,spill,FileSystemStorage,1048576,1,1048821,765781,562737
1779838626.257812,spill,FileSystemStorage,1048576,1,1048821,782727,577753
1779838626.257935,spill,FileSystemStorage,1048576,1,1048821,726265,546166
1779838626.258753,spill,FileSystemStorage,1048576,1,1048821,813816,565511
1779838626.258795,spill,FileSystemStorage,1048576,1,1048821,752120,555439
1779838626.258927,spill,FileSystemStorage,1048576,1,1048821,770693,548991
1779838626.260047,spill,FileSystemStorage,1048576,1,1048821,788577,576299
1779838626.260113,spill,FileSystemStorage,1048576,1,1048821,795077,578190
1779838626.260524,spill,FileSystemStorage,1048576,2,2097642,1462293,1067765
1779838626.261098,spill,FileSystemStorage,1048576,1,1048821,767282,526142
1779838626.261124,spill,FileSystemStorage,1048576,1,1048821,727974,511658
1779838626.261540,spill,FileSystemStorage,1048576,1,1048821,766468,523458
1779838626.262227,spill,FileSystemStorage,1048576,1,1048821,780279,542173
1779838626.262283,spill,FileSystemStorage,1048576,1,1048821,791402,549547
1779838626.263304,spill,FileSystemStorage,1048576,1,1048821,765843,566558
1779838626.263299,spill,FileSystemStorage,1048576,1,1048821,838929,595627
1779838626.263305,spill,FileSystemStorage,1048576,2,2097642,1517716,1124127
1779838626.264351,spill,FileSystemStorage,1048576,1,1048821,787084,550197
1779838626.264425,spill,FileSystemStorage,1048576,1,1048821,791424,537532
1779838626.265288,spill,FileSystemStorage,1048576,2,2097642,1488528,1103985
1779838626.265378,spill,FileSystemStorage,1048576,1,1048821,752712,540850
1779838626.265437,spill,FileSystemStorage,1048576,1,1048821,737400,514054
1779838626.266291,spill,FileSystemStorage,1048576,1,1048821,743220,536594
1779838626.266386,spill,FileSystemStorage,1048576,1,1048821,790388,541629
1779838626.266671,spill,FileSystemStorage,1048576,1,1048821,941943,512705
1779838626.267348,spill,FileSystemStorage,1048576,1,1048821,809934,565538
1779838626.267436,spill,FileSystemStorage,1048576,1,1048821,789627,558782
1779838626.267702,spill,FileSystemStorage,1048576,1,1048821,758770,496283
1779838626.268536,spill,FileSystemStorage,1048576,1,1048821,778614,535458
1779838626.268779,spill,FileSystemStorage,1048576,1,1048821,756722,552045
1779838626.268976,spill,FileSystemStorage,1048576,1,1048821,751462,513844
1779838626.269784,spill,FileSystemStorage,1048576,1,1048821,718753,528426
1779838626.269983,spill,FileSystemStorage,1048576,1,1048821,750281,542328
1779838626.270205,spill,FileSystemStorage,1048576,2,2097642,1394276,1064235
1779838626.270850,spill,FileSystemStorage,1048576,1,1048821,777985,526072
1779838626.271207,spill,FileSystemStorage,1048576,1,1048821,774855,571788
1779838626.271303,spill,FileSystemStorage,1048576,1,1048821,801165,581962
1779838626.272102,spill,FileSystemStorage,1048576,1,1048821,733188,525989
1779838626.272268,spill,FileSystemStorage,1048576,1,1048821,768079,545371
1779838626.272423,spill,FileSystemStorage,1048576,1,1048821,785910,560392
1779838626.273203,spill,FileSystemStorage,1048576,1,1048821,753499,531783
1779838626.273354,spill,FileSystemStorage,1048576,1,1048821,728076,535956
1779838626.273504,spill,FileSystemStorage,1048576,1,1048821,802036,536435
1779838626.274294,spill,FileSystemStorage,1048576,1,1048821,826319,569514
1779838626.274380,spill,FileSystemStorage,1048576,1,1048821,794932,563728
1779838626.274550,spill,FileSystemStorage,1048576,1,1048821,800159,581112
1779838626.275364,spill,FileSystemStorage,1048576,1,1048821,797372,592367
1779838626.275444,spill,FileSystemStorage,1048576,1,1048821,800355,601137
1779838626.275638,spill,FileSystemStorage,1048576,1,1048821,851270,575707
1779838626.276387,spill,FileSystemStorage,1048576,1,1048821,783054,529146
1779838626.276550,spill,FileSystemStorage,1048576,1,1048821,808876,558610
1779838626.276684,spill,FileSystemStorage,1048576,1,1048821,758817,549983
1779838626.277458,spill,FileSystemStorage,1048576,1,1048821,774243,575223
1779838626.277556,spill,FileSystemStorage,1048576,1,1048821,755563,560868
1779838626.278457,spill,FileSystemStorage,1048576,2,2097642,1522292,1144530
1779838626.278549,spill,FileSystemStorage,1048576,1,1048821,794171,546359
1779838626.278676,spill,FileSystemStorage,1048576,1,1048821,750090,550015
1779838626.279546,spill,FileSystemStorage,1048576,1,1048821,814989,526452
1779838626.279670,spill,FileSystemStorage,1048576,1,1048821,820988,535132
1779838626.279730,spill,FileSystemStorage,1048576,1,1048821,827672,564742
1779838626.280590,spill,FileSystemStorage,1048576,1,1048821,779318,564130
1779838626.280727,spill,FileSystemStorage,1048576,1,1048821,797692,565485
1779838626.281595,spill,FileSystemStorage,1048576,2,2097642,1578436,1135161
1779838626.281667,spill,FileSystemStorage,1048576,1,1048821,775260,537669
1779838626.281811,spill,FileSystemStorage,1048576,1,1048821,778988,545806
1779838626.282732,spill,FileSystemStorage,1048576,1,1048821,816647,583427
1779838626.282814,spill,FileSystemStorage,1048576,1,1048821,801803,555725
1779838626.282911,spill,FileSystemStorage,1048576,1,1048821,805012,550633
1779838626.284000,spill,FileSystemStorage,1048576,1,1048821,797227,575045
1779838626.284004,spill,FileSystemStorage,1048576,1,1048821,867073,560470
1779838626.284693,spill,FileSystemStorage,1048576,2,2097642,1463991,1090266
1779838626.285165,spill,FileSystemStorage,1048576,1,1048821,794035,586147
1779838626.285692,spill,FileSystemStorage,1048576,1,1048821,730603,527104
1779838626.285878,spill,FileSystemStorage,1048576,2,2097642,1548023,1151054
1779838626.286146,spill,FileSystemStorage,1048576,1,1048821,746230,537864
1779838626.286688,spill,FileSystemStorage,1048576,1,1048821,714844,504111
1779838626.287064,spill,FileSystemStorage,1048576,1,1048821,884101,616741
1779838626.287177,spill,FileSystemStorage,1048576,1,1048821,812796,604880
1779838626.288171,spill,FileSystemStorage,1048576,1,1048821,771705,555390
1779838626.288233,spill,FileSystemStorage,1048576,1,1048821,784968,574723
1779838626.288369,spill,FileSystemStorage,1048576,2,2097642,1440260,1042149
1779838626.289234,spill,FileSystemStorage,1048576,1,1048821,776481,535262
1779838626.289377,spill,FileSystemStorage,1048576,1,1048821,805114,570549
1779838626.289475,spill,FileSystemStorage,1048576,1,1048821,788166,557283
1779838626.290496,spill,FileSystemStorage,1048576,1,1048821,747774,546798
1779838626.290611,spill,FileSystemStorage,1048576,1,1048821,774064,567073
1779838626.290747,spill,FileSystemStorage,1048576,1,1048821,766893,558187
1779838626.291543,spill,FileSystemStorage,1048576,1,1048821,781186,564452
1779838626.291653,spill,FileSystemStorage,1048576,1,1048821,802348,562339
1779838626.291856,spill,FileSystemStorage,1048576,1,1048821,773562,542939
1779838626.292836,spill,FileSystemStorage,1048576,1,1048821,764674,558780
1779838626.292959,spill,FileSystemStorage,1048576,1,1048821,806822,568088
1779838626.293668,spill,FileSystemStorage,1048576,2,2097642,1489553,1081503
1779838626.293937,spill,FileSystemStorage,1048576,1,1048821,817512,581237
1779838626.293971,spill,FileSystemStorage,1048576,1,1048821,732392,541181
1779838626.294716,spill,FileSystemStorage,1048576,1,1048821,775879,538189
1779838626.295080,spill,FileSystemStorage,1048576,1,1048821,801005,597188
1779838626.295157,spill,FileSystemStorage,1048576,1,1048821,838049,619688
1779838626.295746,spill,FileSystemStorage,1048576,1,1048821,779169,507790
1779838626.296257,spill,FileSystemStorage,1048576,1,1048821,796483,550479
1779838626.296304,spill,FileSystemStorage,1048576,1,1048821,811920,580543
1779838626.297025,spill,FileSystemStorage,1048576,1,1048821,720857,493723
1779838626.297873,spill,FileSystemStorage,1048576,1,1048821,956904,560811
1779838626.297884,spill,FileSystemStorage,1048576,1,1048821,1159957,561449
1779838626.298246,spill,FileSystemStorage,1048576,1,1048821,736500,515951
1779838626.298850,spill,FileSystemStorage,1048576,1,1048821,721629,506709
1779838626.299194,spill,FileSystemStorage,1048576,1,1048821,855146,585828
1779838626.299469,spill,FileSystemStorage,1048576,1,1048821,931830,591100
1779838626.299925,spill,FileSystemStorage,1048576,1,1048821,746468,533267
1779838626.300287,spill,FileSystemStorage,1048576,1,1048821,749870,536577
1779838626.300689,spill,FileSystemStorage,1048576,1,1048821,817887,568530
1779838626.300967,spill,FileSystemStorage,1048576,1,1048821,760668,551546
1779838626.301267,spill,FileSystemStorage,1048576,1,1048821,725535,508218
1779838626.301737,spill,FileSystemStorage,1048576,1,1048821,749340,538487
1779838626.302002,spill,FileSystemStorage,1048576,1,1048821,758462,552617
1779838626.302284,spill,FileSystemStorage,1048576,1,1048821,770579,529421
1779838626.302815,spill,FileSystemStorage,1048576,1,1048821,798468,542121
1779838626.303105,spill,FileSystemStorage,1048576,1,1048821,869731,615167
1779838626.303349,spill,FileSystemStorage,1048576,1,1048821,786602,547487
1779838626.304140,spill,FileSystemStorage,1048576,1,1048821,1030978,552905
1779838626.304147,spill,FileSystemStorage,1048576,1,1048821,791137,565807
1779838626.305313,spill,FileSystemStorage,1048576,2,2097642,1413649,1021871
1779838626.305348,spill,FileSystemStorage,1048576,1,1048821,809682,570961
1779838626.305401,spill,FileSystemStorage,1048576,1,1048821,822691,580659
1779838626.306327,spill,FileSystemStorage,1048576,1,1048821,760611,556149
1779838626.306455,spill,FileSystemStorage,1048576,1,1048821,750480,556452
1779838626.306496,spill,FileSystemStorage,1048576,1,1048821,842284,583725
1779838626.307359,spill,FileSystemStorage,1048576,1,1048821,777214,559938
1779838626.307635,spill,FileSystemStorage,1048576,1,1048821,848913,551397
1779838626.307749,spill,FileSystemStorage,1048576,1,1048821,815463,551983
1779838626.308670,spill,FileSystemStorage,1048576,1,1048821,892235,526236
1779838626.308906,spill,FileSystemStorage,1048576,1,1048821,767966,559491
1779838626.309522,spill,FileSystemStorage,1048576,2,2097642,1510814,1115788
1779838626.309959,spill,FileSystemStorage,1048576,1,1048821,748771,553378
1779838626.310415,spill,FileSystemStorage,1048576,2,2097642,1430436,1083661
1779838626.310585,spill,FileSystemStorage,1048576,1,1048821,781197,576498
1779838626.311023,spill,FileSystemStorage,1048576,1,1048821,770058,554746
1779838626.311613,spill,FileSystemStorage,1048576,1,1048821,749082,508971
1779838626.312207,spill,FileSystemStorage,1048576,2,2097642,1474126,1061975
1779838626.312745,spill,FileSystemStorage,1048576,1,1048821,871932,539141
1779838626.312756,spill,FileSystemStorage,1048576,1,1048821,755580,539545
1779838626.313399,spill,FileSystemStorage,1048576,1,1048821,724987,510497
1779838626.313802,spill,FileSystemStorage,1048576,1,1048821,737007,527097
1779838626.313890,spill,FileSystemStorage,1048576,1,1048821,809173,598793
1779838626.314921,spill,FileSystemStorage,1048576,1,1048821,805442,585381
1779838626.314944,spill,FileSystemStorage,1048576,1,1048821,799542,570182
1779838626.315119,spill,FileSystemStorage,1048576,2,2097642,1458445,1097942
1779838626.315968,spill,FileSystemStorage,1048576,1,1048821,738580,530363
1779838626.316301,spill,FileSystemStorage,1048576,1,1048821,798070,575161
1779838626.316375,spill,FileSystemStorage,1048576,1,1048821,743430,520484
1779838626.317365,spill,FileSystemStorage,1048576,1,1048821,811861,555630
1779838626.317628,spill,FileSystemStorage,1048576,1,1048821,751674,539811
1779838626.318110,spill,FileSystemStorage,1048576,2,2097642,1419144,1082389
1779838626.318387,spill,FileSystemStorage,1048576,1,1048821,708732,500681
1779838626.319471,spill,FileSystemStorage,1048576,1,1048821,833617,613823
1779838626.319607,spill,FileSystemStorage,1048576,1,1048821,1190488,589084
1779838626.319675,spill,FileSystemStorage,1048576,2,2097642,1534426,1156640
1779838626.321174,spill,FileSystemStorage,1048576,1,1048821,742878,533497
1779838626.321329,spill,FileSystemStorage,1048576,1,1048821,801880,596414
1779838626.321590,spill,FileSystemStorage,1048576,1,1048821,814412,552432
1779838626.322451,spill,FileSystemStorage,1048576,1,1048821,811653,600697
1779838626.322921,spill,FileSystemStorage,1048576,1,1048821,865035,578351
1779838626.322963,spill,FileSystemStorage,1048576,2,2097642,1506481,1118265
1779838626.323602,spill,FileSystemStorage,1048576,1,1048821,770438,517825
1779838626.324841,spill,FileSystemStorage,1048576,1,1048821,948383,569469
1779838626.324878,spill,FileSystemStorage,1048576,1,1048821,791018,579580
1779838626.324880,spill,FileSystemStorage,1048576,1,1048821,992913,583577
1779838626.326091,spill,FileSystemStorage,1048576,1,1048821,846457,595520
1779838626.326403,spill,FileSystemStorage,1048576,1,1048821,823283,567909
1779838626.326711,spill,FileSystemStorage,1048576,2,2097642,1431266,1093398
1779838626.327307,spill,FileSystemStorage,1048576,1,1048821,869626,619088
1779838626.327507,spill,FileSystemStorage,1048576,1,1048821,797487,575070
1779838626.327772,spill,FileSystemStorage,1048576,1,1048821,743654,495446
1779838626.328770,spill,FileSystemStorage,1048576,1,1048821,739151,510334
1779838626.329323,spill,FileSystemStorage,1048576,1,1048821,762542,562891
1779838626.329786,spill,FileSystemStorage,1048576,1,1048821,737465,543208
1779838626.330391,spill,FileSystemStorage,1048576,3,3146463,2077573,1595538
1779838626.331000,spill,FileSystemStorage,1048576,1,1048821,799601,579524
1779838626.331663,spill,FileSystemStorage,1048576,1,1048821,820321,534136
1779838626.331995,spill,FileSystemStorage,1048576,2,2097642,1919256,1141558
1779838626.332883,spill,FileSystemStorage,1048576,2,2097642,1571966,1209611
1779838626.333082,spill,FileSystemStorage,1048576,1,1048821,783903,571652
1779838626.333119,spill,FileSystemStorage,1048576,1,1048821,778577,568233
1779838626.334277,spill,FileSystemStorage,1048576,1,1048821,864405,605581
1779838626.335761,spill,FileSystemStorage,1048576,3,3146463,2220869,1731865
1779838626.335886,spill,FileSystemStorage,1048576,3,3146463,2230447,1731872
1779838626.336055,spill,FileSystemStorage,1048576,2,2097642,1479434,1116361
1779838626.337033,spill,FileSystemStorage,1048576,1,1048821,835987,524284
1779838626.337263,spill,FileSystemStorage,1048576,1,1048821,786035,540522
1779838626.337512,spill,FileSystemStorage,1048576,1,1048821,744400,509073
1779838626.338061,spill,FileSystemStorage,1048576,1,1048821,743364,545395
1779838626.338349,spill,FileSystemStorage,1048576,1,1048821,769550,569560
1779838626.338595,spill,FileSystemStorage,1048576,1,1048821,733814,540237
1779838626.339205,spill,FileSystemStorage,1048576,1,1048821,754732,554739
1779838626.339413,spill,FileSystemStorage,1048576,1,1048821,814167,588287
1779838626.339706,spill,FileSystemStorage,1048576,1,1048821,750839,515979
1779838626.340647,spill,FileSystemStorage,1048576,1,1048821,755887,532751
1779838626.340923,spill,FileSystemStorage,1048576,2,2097642,1411800,1076581
1779838626.342434,spill,FileSystemStorage,1048576,2,2097642,1435646,1107537
1779838626.342442,spill,FileSystemStorage,1048576,3,3146463,2096390,1658796
1779838626.342850,spill,FileSystemStorage,1048576,2,2097642,1410887,1098193
1779838626.343527,spill,FileSystemStorage,1048576,1,1048821,754019,540646
1779838626.343532,spill,FileSystemStorage,1048576,1,1048821,823827,596897
1779838626.344096,spill,FileSystemStorage,1048576,1,1048821,776731,532468
1779838626.345186,spill,FileSystemStorage,1048576,1,1048821,756823,568810
1779838626.345185,spill,FileSystemStorage,1048576,2,2097642,1389322,1062821
1779838626.345989,spill,FileSystemStorage,1048576,3,3146463,2106850,1644592
1779838626.346223,spill,FileSystemStorage,1048576,1,1048821,781027,562803
1779838626.346282,spill,FileSystemStorage,1048576,1,1048821,793823,564974
1779838626.347102,spill,FileSystemStorage,1048576,1,1048821,788880,570995
1779838626.347286,spill,FileSystemStorage,1048576,1,1048821,789268,579040
1779838626.347448,spill,FileSystemStorage,1048576,1,1048821,794161,575029
1779838626.348320,spill,FileSystemStorage,1048576,1,1048821,744815,529679
1779838626.348792,spill,FileSystemStorage,1048576,2,2097642,1378481,1048140
1779838626.348895,spill,FileSystemStorage,1048576,1,1048821,746071,563234
1779838626.349571,spill,FileSystemStorage,1048576,1,1048821,695955,487345
1779838626.349934,spill,FileSystemStorage,1048576,1,1048821,804560,588190
1779838626.350265,spill,FileSystemStorage,1048576,1,1048821,757210,521473
1779838626.350718,spill,FileSystemStorage,1048576,1,1048821,715470,519815
1779838626.351363,spill,FileSystemStorage,1048576,1,1048821,769605,572320
1779838626.351720,spill,FileSystemStorage,1048576,2,2097642,1527204,1195431
1779838626.352407,spill,FileSystemStorage,1048576,2,2097642,1354910,1029214
1779838626.352772,spill,FileSystemStorage,1048576,1,1048821,732845,536882
1779838626.353674,spill,FileSystemStorage,1048576,2,2097642,1431516,1121124
1779838626.353884,spill,FileSystemStorage,1048576,1,1048821,748924,565926
1779838626.354575,spill,FileSystemStorage,1048576,2,2097642,1487906,1118820
1779838626.354904,spill,FileSystemStorage,1048576,1,1048821,770798,558392
1779838626.355465,spill,FileSystemStorage,1048576,2,2097642,1506320,1192285
1779838626.356389,spill,FileSystemStorage,1048576,2,2097642,1377654,1057304
1779838626.356711,spill,FileSystemStorage,1048576,2,2097642,1354753,1056890
1779838626.356913,spill,FileSystemStorage,1048576,1,1048821,743408,555932
1779838626.357826,spill,FileSystemStorage,1048576,1,1048821,751794,548886
1779838626.358014,spill,FileSystemStorage,1048576,1,1048821,769458,586751
1779838626.358057,spill,FileSystemStorage,1048576,1,1048821,770494,576592
1779838626.359056,spill,FileSystemStorage,1048576,1,1048821,780808,587667
1779838626.359675,spill,FileSystemStorage,1048576,1,1048821,1249234,1039669
1779838626.359773,spill,FileSystemStorage,1048576,2,2097642,1418520,1089268
1779838626.360230,spill,FileSystemStorage,1048576,1,1048821,684823,494600
1779838626.361295,spill,FileSystemStorage,1048576,1,1048821,871924,551914
1779838626.361836,spill,FileSystemStorage,1048576,2,2097642,1369918,1072025
1779838626.362455,spill,FileSystemStorage,1048576,2,2097642,1398619,1102451
1779838626.362670,spill,FileSystemStorage,1048576,1,1048821,917265,543195
1779838626.362965,spill,FileSystemStorage,1048576,1,1048821,771930,574471
1779838626.363485,spill,FileSystemStorage,1048576,1,1048821,759799,554653
1779838626.363763,spill,FileSystemStorage,1048576,1,1048821,792725,574706
1779838626.364056,spill,FileSystemStorage,1048576,1,1048821,763017,561639
1779838626.364533,spill,FileSystemStorage,1048576,1,1048821,721594,539674
1779838626.364753,spill,FileSystemStorage,1048576,1,1048821,732114,520070
1779838626.365525,spill,FileSystemStorage,1048576,1,1048821,724236,529830
1779838626.366371,spill,FileSystemStorage,1048576,1,1048821,701076,508017
1779838626.366612,spill,FileSystemStorage,1048576,2,2097642,1364074,1029140
1779838626.366805,spill,FileSystemStorage,1048576,1,1048821,727216,522266
1779838626.367440,spill,FileSystemStorage,1048576,1,1048821,774118,577247
1779838626.367754,spill,FileSystemStorage,1048576,1,1048821,841290,544202
1779838626.368536,spill,FileSystemStorage,1048576,1,1048821,740320,553679
1779838626.368616,spill,FileSystemStorage,1048576,1,1048821,775802,548780
1779838626.368939,spill,FileSystemStorage,1048576,1,1048821,710117,507117
1779838626.369622,spill,FileSystemStorage,1048576,1,1048821,682624,505757
1779838626.370594,spill,FileSystemStorage,1048576,1,1048821,736750,535945
1779838626.370778,spill,FileSystemStorage,1048576,2,2097642,1330018,1030461
1779838626.371838,spill,FileSystemStorage,1048576,1,1048821,713375,518323
1779838626.372053,spill,FileSystemStorage,1048576,2,2097642,1419523,1085873
1779838626.372268,spill,FileSystemStorage,1048576,1,1048821,732222,520277
1779838626.373044,spill,FileSystemStorage,1048576,1,1048821,680531,498026
1779838626.373482,spill,FileSystemStorage,1048576,1,1048821,776352,532330
1779838626.373622,spill,FileSystemStorage,1048576,1,1048821,715280,520549
1779838626.374785,spill,FileSystemStorage,1048576,1,1048821,795432,569699
1779838626.374887,spill,FileSystemStorage,1048576,2,2097642,1325474,1020052
1779838626.375183,spill,FileSystemStorage,1048576,1,1048821,776458,583300
1779838626.375974,spill,FileSystemStorage,1048576,1,1048821,713900,492833
1779838626.377481,spill,FileSystemStorage,1048576,2,2097642,1406043,1067477
1779838626.377528,spill,FileSystemStorage,1048576,1,1048821,759399,551530
1779838626.378716,spill,FileSystemStorage,1048576,2,2097642,1704863,1037442
1779838626.378921,spill,FileSystemStorage,1048576,1,1048821,824994,575119
1779838626.379082,spill,FileSystemStorage,1048576,1,1048821,811887,604664
1779838626.380286,spill,FileSystemStorage,1048576,2,2097642,1240874,955518
1779838626.381214,spill,FileSystemStorage,1048576,1,1048821,708476,499032
1779838626.382930,spill,FileSystemStorage,1048576,2,2097642,1326918,1025945
1779838626.383491,spill,FileSystemStorage,1048576,2,2097642,1469386,1128251
1779838626.383905,spill,FileSystemStorage,1048576,2,2097642,1543418,1127628
1779838626.384846,spill,FileSystemStorage,1048576,2,2097642,1313017,1006231
1779838626.385531,spill,FileSystemStorage,1048576,1,1048821,762464,512641
1779838626.385832,spill,FileSystemStorage,1048576,1,1048821,748060,541995
1779838626.386617,spill,FileSystemStorage,1048576,2,2097642,1383880,1046438
1779838626.387685,spill,FileSystemStorage,1048576,2,2097642,1478023,1102607
1779838626.388258,spill,FileSystemStorage,1048576,2,2097642,1407649,1031992
1779838626.389112,spill,FileSystemStorage,1048576,2,2097642,1393840,1037198
1779838626.390131,spill,FileSystemStorage,1048576,1,1048821,735545,524859
1779838626.390387,spill,FileSystemStorage,1048576,2,2097642,1410760,1041805
1779838626.391256,spill,FileSystemStorage,1048576,2,2097642,1368213,1042121
1779838626.391530,spill,FileSystemStorage,1048576,1,1048821,748643,540659
1779838626.393638,spill,FileSystemStorage,1048576,3,3146463,1994769,1508941
1779838626.394112,spill,FileSystemStorage,1048576,1,1048821,713596,525729
1779838626.394408,spill,FileSystemStorage,1048576,2,2097642,1368164,1017157
1779838626.395252,spill,FileSystemStorage,1048576,1,1048821,824586,586867
1779838626.395419,spill,FileSystemStorage,1048576,1,1048821,760694,559551
1779838626.395696,spill,FileSystemStorage,1048576,1,1048821,757046,506505
1779838626.397010,spill,FileSystemStorage,1048576,1,1048821,732299,528312
1779838626.397340,spill,FileSystemStorage,1048576,1,1048821,740699,542154
1779838626.398338,spill,FileSystemStorage,1048576,1,1048821,701317,522885
1779838626.398383,spill,FileSystemStorage,1048576,4,4195284,2638797,2028661
1779838626.398669,spill,FileSystemStorage,1048576,1,1048821,719725,531000
1779838626.399400,spill,FileSystemStorage,1048576,1,1048821,772629,553287
1779838626.399811,spill,FileSystemStorage,1048576,1,1048821,784731,549095
1779838626.399885,spill,FileSystemStorage,1048576,1,1048821,780240,569420
1779838626.400466,spill,FileSystemStorage,1048576,1,1048821,689936,497149
1779838626.401292,spill,FileSystemStorage,1048576,1,1048821,712176,506588
1779838626.402376,spill,FileSystemStorage,1048576,1,1048821,734805,505108
1779838626.402654,spill,FileSystemStorage,1048576,3,3146463,1986911,1564196
1779838626.403837,spill,FileSystemStorage,1048576,2,2097642,1352396,1032102
1779838626.404881,spill,FileSystemStorage,1048576,3,3146463,2044757,1533980
1779838626.405337,spill,FileSystemStorage,1048576,1,1048821,804017,564310
1779838626.405545,spill,FileSystemStorage,1048576,1,1048821,692328,500020
1779838626.406045,spill,FileSystemStorage,1048576,1,1048821,687660,491665
1779838626.406751,spill,FileSystemStorage,1048576,1,1048821,715024,525554
1779838626.406966,spill,FileSystemStorage,1048576,1,1048821,799106,577664
1779838626.407204,spill,FileSystemStorage,1048576,1,1048821,787733,581472
1779838626.408516,spill,FileSystemStorage,1048576,1,1048821,746065,554938
1779838626.408545,spill,FileSystemStorage,1048576,1,1048821,811565,589932
1779838626.409093,spill,FileSystemStorage,1048576,2,2097642,1432405,1034624
1779838626.409799,spill,FileSystemStorage,1048576,1,1048821,701343,509328
1779838626.410343,spill,FileSystemStorage,1048576,1,1048821,725817,496109
1779838626.411288,spill,FileSystemStorage,1048576,2,2097642,1366389,1050490
1779838626.411395,spill,FileSystemStorage,1048576,1,1048821,776255,580648
1779838626.412339,spill,FileSystemStorage,1048576,2,2097642,1322287,969961
1779838626.413114,spill,FileSystemStorage,1048576,1,1048821,727448,543498
1779838626.413729,spill,FileSystemStorage,1048576,2,2097642,1509185,1076882
1779838626.414395,spill,FileSystemStorage,1048576,1,1048821,727703,513113
1779838626.415116,spill,FileSystemStorage,1048576,1,1048821,806338,585496
1779838626.415836,spill,FileSystemStorage,1048576,3,3146463,2820258,2123396
1779838626.415936,spill,FileSystemStorage,1048576,1,1048821,743165,543565
1779838626.416281,spill,FileSystemStorage,1048576,1,1048821,734803,537557
1779838626.417272,spill,FileSystemStorage,1048576,1,1048821,727861,515690
1779838626.417862,spill,FileSystemStorage,1048576,2,2097642,1352331,1032897
1779838626.418110,spill,FileSystemStorage,1048576,1,1048821,765134,542783
1779838626.419249,spill,FileSystemStorage,1048576,2,2097642,1314130,1019511
1779838626.420411,spill,FileSystemStorage,1048576,2,2097642,1341281,981165
1779838626.420765,spill,FileSystemStorage,1048576,1,1048821,687756,491325
1779838626.422018,spill,FileSystemStorage,1048576,2,2097642,1343593,1026873
1779838626.422090,spill,FileSystemStorage,1048576,1,1048821,710485,528419
1779838626.422777,spill,FileSystemStorage,1048576,1,1048821,685425,490427
1779838626.423197,spill,FileSystemStorage,1048576,1,1048821,690520,519166
1779838626.424758,spill,FileSystemStorage,1048576,1,1048821,706575,530195
1779838626.425074,spill,FileSystemStorage,1048576,3,3146463,2044692,1547010
1779838626.425610,spill,FileSystemStorage,1048576,1,1048821,797762,539235
1779838626.426646,spill,FileSystemStorage,1048576,2,2097642,1260213,957203
1779838626.427858,spill,FileSystemStorage,1048576,2,2097642,1415802,1060737
1779838626.429726,spill,FileSystemStorage,1048576,3,3146463,2337696,1492753
1779838626.429772,spill,FileSystemStorage,1048576,1,1048821,983160,536514
1779838626.430191,spill,FileSystemStorage,1048576,1,1048821,922085,510010
1779838626.430722,spill,FileSystemStorage,1048576,1,1048821,657067,482808
1779838626.431530,spill,FileSystemStorage,1048576,1,1048821,779547,550177
1779838626.431944,spill,FileSystemStorage,1048576,1,1048821,813667,484833
1779838626.432613,spill,FileSystemStorage,1048576,1,1048821,1060250,531132
1779838626.433639,spill,FileSystemStorage,1048576,1,1048821,842309,458828
1779838626.434414,spill,FileSystemStorage,1048576,1,1048821,735900,511807
1779838626.434956,spill,FileSystemStorage,1048576,1,1048821,678375,484190
1779838626.435519,spill,FileSystemStorage,1048576,1,1048821,770870,518173
1779838626.436659,spill,FileSystemStorage,1048576,2,2097642,1335242,1003752
1779838626.437032,spill,FileSystemStorage,1048576,1,1048821,702051,511594
1779838626.437496,spill,FileSystemStorage,1048576,1,1048821,658402,479155
1779838626.439250,spill,FileSystemStorage,1048576,1,1048821,775739,560605
1779838626.440516,spill,FileSystemStorage,1048576,4,4195284,2687319,2130891
1779838626.440729,spill,FileSystemStorage,1048576,2,2097642,1707060,1040637
1779838626.441403,spill,FileSystemStorage,1048576,1,1048821,732636,524404
1779838626.442053,spill,FileSystemStorage,1048576,1,1048821,745679,539871
1779838626.442345,spill,FileSystemStorage,1048576,2,2097642,1374571,1077589
1779838626.442520,spill,FileSystemStorage,1048576,1,1048821,695185,525515
1779838626.443405,spill,FileSystemStorage,1048576,1,1048821,738696,544839
1779838626.443820,spill,FileSystemStorage,1048576,1,1048821,727803,532872
1779838626.444056,spill,FileSystemStorage,1048576,1,1048821,690865,502102
1779838626.444857,spill,FileSystemStorage,1048576,1,1048821,688329,500121
1779838626.445691,spill,FileSystemStorage,1048576,1,1048821,707182,532175
1779838626.445943,spill,FileSystemStorage,1048576,2,2097642,1328654,1030069
1779838626.446434,spill,FileSystemStorage,1048576,1,1048821,773559,526701
1779838626.446712,spill,FileSystemStorage,1048576,1,1048821,661475,493607
1779838626.447217,spill,FileSystemStorage,1048576,1,1048821,769033,566686
1779838626.447655,spill,FileSystemStorage,1048576,1,1048821,735672,495606
1779838626.448103,spill,FileSystemStorage,1048576,1,1048821,662934,470150
1779838626.449017,spill,FileSystemStorage,1048576,1,1048821,752815,565750
1779838626.449260,spill,FileSystemStorage,1048576,2,2097642,1410545,1058839
1779838626.450419,spill,FileSystemStorage,1048576,2,2097642,1327138,1034635
1779838626.450438,spill,FileSystemStorage,1048576,1,1048821,757773,574368
1779838626.451575,spill,FileSystemStorage,1048576,1,1048821,764486,520294
1779838626.451701,spill,FileSystemStorage,1048576,2,2097642,1350539,1056823
1779838626.452505,spill,FileSystemStorage,1048576,1,1048821,680169,490292
1779838626.453169,spill,FileSystemStorage,1048576,1,1048821,710795,519155
1779838626.453748,spill,FileSystemStorage,1048576,1,1048821,743011,533413
1779838626.453863,spill,FileSystemStorage,1048576,1,1048821,803993,560525
1779838626.455165,spill,FileSystemStorage,1048576,2,2097642,1460211,1149980
1779838626.455464,spill,FileSystemStorage,1048576,1,1048821,795197,595018
1779838626.455565,spill,FileSystemStorage,1048576,2,2097642,1368263,1043568
1779838626.456363,spill,FileSystemStorage,1048576,1,1048821,731941,530842
1779838626.456737,spill,FileSystemStorage,1048576,1,1048821,727529,472580
1779838626.457678,spill,FileSystemStorage,1048576,1,1048821,734149,542814
1779838626.458120,spill,FileSystemStorage,1048576,2,2097642,1486570,1082992
1779838626.458610,spill,FileSystemStorage,1048576,1,1048821,694337,507209
1779838626.459424,spill,FileSystemStorage,1048576,1,1048821,799091,588859
1779838626.459589,spill,FileSystemStorage,1048576,2,2097642,1396335,1067819
1779838626.460246,spill,FileSystemStorage,1048576,1,1048821,707079,485487
1779838626.461114,spill,FileSystemStorage,1048576,1,1048821,739027,535554
1779838626.461597,spill,FileSystemStorage,1048576,2,2097642,1391706,1054450
1779838626.462548,spill,FileSystemStorage,1048576,2,2097642,1260332,960498
1779838626.463379,spill,FileSystemStorage,1048576,1,1048821,774106,570668
1779838626.463814,spill,FileSystemStorage,1048576,1,1048821,716203,525173
1779838626.463809,spill,FileSystemStorage,1048576,2,2097642,1484104,1153040
1779838626.464355,spill,FileSystemStorage,1048576,1,1048821,713760,524284
1779838626.464803,spill,FileSystemStorage,1048576,1,1048821,663741,483980
1779838626.465170,spill,FileSystemStorage,1048576,1,1048821,739613,530691
1779838626.465600,spill,FileSystemStorage,1048576,1,1048821,718064,524121
1779838626.465952,spill,FileSystemStorage,1048576,1,1048821,661342,508150
1779838626.466434,spill,FileSystemStorage,1048576,1,1048821,682822,494051
1779838626.466941,spill,FileSystemStorage,1048576,1,1048821,743861,515243
1779838626.467347,spill,FileSystemStorage,1048576,1,1048821,718986,548866
1779838626.468085,spill,FileSystemStorage,1048576,1,1048821,911663,627799
1779838626.468457,spill,FileSystemStorage,1048576,1,1048821,697131,507813
1779838626.470051,spill,FileSystemStorage,1048576,2,2097642,1319408,962182
1779838626.470090,spill,FileSystemStorage,1048576,1,1048821,742439,522965
1779838626.471164,spill,FileSystemStorage,1048576,2,2097642,1327267,995541
1779838626.471357,spill,FileSystemStorage,1048576,1,1048821,730448,542881
1779838626.471667,spill,FileSystemStorage,1048576,479,502385259,320981648,239553036
1779838626.472241,spill,FileSystemStorage,1048576,2,2097642,1160992,866151
1779838626.473161,spill,FileSystemStorage,1048576,1,1048821,722120,519069
1779838626.473382,spill,FileSystemStorage,1048576,2,2097642,1393224,1015131
1779838626.473611,spill,FileSystemStorage,1048576,1,1048821,647858,457381
1779838626.703450,spill,FileSystemStorage,1048576,1,1048821,1012445,535139
1779838626.703817,spill,FileSystemStorage,1048576,1,1048821,987102,564861
1779838626.705101,spill,FileSystemStorage,1048576,3,3146463,2020887,1422119
1779838626.708429,spill,FileSystemStorage,1048576,4,4195284,2971543,2104394
1779838626.709074,spill,FileSystemStorage,1048576,2,2097642,1452048,1061446
1779838626.710649,spill,FileSystemStorage,1048576,1,1048821,800828,530947
1779838626.710951,spill,FileSystemStorage,1048576,3,3146463,2649127,1581063
1779838626.711456,spill,FileSystemStorage,1048576,2,2097642,1346788,1000316
1779838626.712629,spill,FileSystemStorage,1048576,1,1048821,831199,519008
1779838626.713000,spill,FileSystemStorage,1048576,1,1048821,836508,521417
1779838626.713543,spill,FileSystemStorage,1048576,1,1048821,721917,506585
1779838626.714545,spill,FileSystemStorage,1048576,1,1048821,823517,566814
1779838626.714610,spill,FileSystemStorage,1048576,2,2097642,1491242,1081861
1779838626.714643,spill,FileSystemStorage,1048576,1,1048821,717244,538268
1779838626.716316,spill,FileSystemStorage,1048576,1,1048821,893064,560722
1779838626.716357,spill,FileSystemStorage,1048576,1,1048821,933488,586755
1779838626.716429,spill,FileSystemStorage,1048576,2,2097642,1302936,989323
1779838626.718924,spill,FileSystemStorage,1048576,3,3146463,2192291,1615976
1779838626.719009,spill,FileSystemStorage,1048576,3,3146463,2257982,1661913
1779838626.719336,spill,FileSystemStorage,1048576,2,2097642,1385797,1064184
1779838626.721005,spill,FileSystemStorage,1048576,2,2097642,1487805,1091136
1779838626.721235,spill,FileSystemStorage,1048576,1,1048821,755119,556792
1779838626.721867,spill,FileSystemStorage,1048576,2,2097642,1601367,1059736
1779838626.722686,spill,FileSystemStorage,1048576,1,1048821,729797,545851
1779838626.723355,spill,FileSystemStorage,1048576,2,2097642,1525863,1112345
1779838626.723960,spill,FileSystemStorage,1048576,2,2097642,1563505,1093891
1779838626.724186,spill,FileSystemStorage,1048576,1,1048821,749930,515008
1779838626.724851,spill,FileSystemStorage,1048576,1,1048821,710138,467861
1779838626.725937,spill,FileSystemStorage,1048576,2,2097642,1381527,1063164
1779838626.726060,spill,FileSystemStorage,1048576,2,2097642,1448421,1036294
1779838626.727382,spill,FileSystemStorage,1048576,2,2097642,1481103,1058481
1779838626.727564,spill,FileSystemStorage,1048576,1,1048821,862869,595081
1779838626.727591,spill,FileSystemStorage,1048576,1,1048821,829064,553275
1779838626.729102,spill,FileSystemStorage,1048576,1,1048821,984313,533865
1779838626.729207,spill,FileSystemStorage,1048576,1,1048821,851817,597201
1779838626.729789,spill,FileSystemStorage,1048576,2,2097642,1511404,1028885
1779838626.730319,spill,FileSystemStorage,1048576,1,1048821,714654,461655
1779838626.731494,spill,FileSystemStorage,1048576,1,1048821,844749,549977
1779838626.731798,spill,FileSystemStorage,1048576,2,2097642,1588367,1087413
1779838626.732053,spill,FileSystemStorage,1048576,1,1048821,986726,477137
1779838626.734080,spill,FileSystemStorage,1048576,1,1048821,717794,525739
1779838626.734090,spill,FileSystemStorage,1048576,2,2097642,1366822,999501
1779838626.734335,spill,FileSystemStorage,1048576,1,1048821,760209,504561
1779838626.735377,spill,FileSystemStorage,1048576,1,1048821,725114,530172
1779838626.735632,spill,FileSystemStorage,1048576,1,1048821,825964,537360
1779838626.736772,spill,FileSystemStorage,1048576,2,2097642,1462926,1041761
1779838626.737125,spill,FileSystemStorage,1048576,2,2097642,1345926,1038121
1779838626.737197,spill,FileSystemStorage,1048576,1,1048821,834010,555444
1779838626.738168,spill,FileSystemStorage,1048576,1,1048821,766210,522616
1779838626.738606,spill,FileSystemStorage,1048576,1,1048821,748709,538430
1779838626.738691,spill,FileSystemStorage,1048576,1,1048821,793166,552763
1779838626.739423,spill,FileSystemStorage,1048576,1,1048821,780071,544120
1779838626.740048,spill,FileSystemStorage,1048576,1,1048821,823263,571777
1779838626.740293,spill,FileSystemStorage,1048576,2,2097642,1358742,1040012
1779838626.741151,spill,FileSystemStorage,1048576,1,1048821,765051,506841
1779838626.741699,spill,FileSystemStorage,1048576,1,1048821,748790,499159
1779838626.742085,spill,FileSystemStorage,1048576,1,1048821,718398,524167
1779838626.742322,spill,FileSystemStorage,1048576,1,1048821,782366,539328
1779838626.743094,spill,FileSystemStorage,1048576,1,1048821,783168,551760
1779838626.743421,spill,FileSystemStorage,1048576,1,1048821,771159,563715
1779838626.743628,spill,FileSystemStorage,1048576,1,1048821,807396,543669
1779838626.745003,spill,FileSystemStorage,1048576,2,2097642,1384444,970055
1779838626.745451,spill,FileSystemStorage,1048576,1,1048821,833483,557599
1779838626.745561,spill,FileSystemStorage,1048576,1,1048821,752580,515018
1779838626.747592,spill,FileSystemStorage,1048576,2,2097642,1456353,1046316
1779838626.748602,spill,FileSystemStorage,1048576,2,2097642,1534917,1118632
1779838626.748894,spill,FileSystemStorage,1048576,3,3146463,2127696,1628454
1779838626.748949,spill,FileSystemStorage,1048576,1,1048821,744869,517130
1779838626.749924,spill,FileSystemStorage,1048576,1,1048821,781228,511804
1779838626.750189,spill,FileSystemStorage,1048576,1,1048821,799117,553435
1779838626.750241,spill,FileSystemStorage,1048576,1,1048821,808379,562432
1779838626.751875,spill,FileSystemStorage,1048576,2,2097642,1460237,1067601
1779838626.752263,spill,FileSystemStorage,1048576,2,2097642,1427618,1056151
1779838626.752875,spill,FileSystemStorage,1048576,2,2097642,1417353,1033581
1779838626.753364,spill,FileSystemStorage,1048576,1,1048821,723143,487564
1779838626.753961,spill,FileSystemStorage,1048576,1,1048821,740988,514524
1779838626.754392,spill,FileSystemStorage,1048576,1,1048821,833682,572387
1779838626.754570,spill,FileSystemStorage,1048576,1,1048821,753759,513238
1779838626.755277,spill,FileSystemStorage,1048576,1,1048821,819886,552705
1779838626.755691,spill,FileSystemStorage,1048576,1,1048821,856626,532865
1779838626.756371,spill,FileSystemStorage,1048576,1,1048821,1292033,574055
1779838626.757100,spill,FileSystemStorage,1048576,1,1048821,781043,544945
1779838626.757139,spill,FileSystemStorage,1048576,2,2097642,1441082,1086842
1779838626.759178,spill,FileSystemStorage,1048576,1,1048821,783860,590932
1779838626.759751,spill,FileSystemStorage,1048576,1,1048821,903594,571046
1779838626.760198,spill,FileSystemStorage,1048576,3,3146463,3068833,1591381
1779838626.760513,spill,FileSystemStorage,1048576,1,1048821,702858,515770
1779838626.761020,spill,FileSystemStorage,1048576,1,1048821,685691,471521
1779838626.761801,spill,FileSystemStorage,1048576,1,1048821,789426,551520
1779838626.761914,spill,FileSystemStorage,1048576,1,1048821,735201,530737
1779838626.762819,spill,FileSystemStorage,1048576,1,1048821,786543,531151
1779838626.763178,spill,FileSystemStorage,1048576,1,1048821,755666,527455
1779838626.764212,spill,FileSystemStorage,1048576,2,2097642,1347135,1005892
1779838626.764565,spill,FileSystemStorage,1048576,1,1048821,767592,487082
1779838626.765100,spill,FileSystemStorage,1048576,1,1048821,743789,503157
1779838626.765459,spill,FileSystemStorage,1048576,1,1048821,711351,522353
1779838626.765784,spill,FileSystemStorage,1048576,1,1048821,740893,536680
1779838626.766470,spill,FileSystemStorage,1048576,1,1048821,780898,510594
1779838626.767259,spill,FileSystemStorage,1048576,1,1048821,843252,579844
1779838626.767309,spill,FileSystemStorage,1048576,2,2097642,1381069,1097883
1779838626.768281,spill,FileSystemStorage,1048576,2,2097642,1427028,999266
1779838626.770002,spill,FileSystemStorage,1048576,1,1048821,718839,531295
1779838626.770160,spill,FileSystemStorage,1048576,2,2097642,1437093,1048945
1779838626.771020,spill,FileSystemStorage,1048576,2,2097642,1423431,1089979
1779838626.771353,spill,FileSystemStorage,1048576,1,1048821,760027,565428
1779838626.771963,spill,FileSystemStorage,1048576,2,2097642,1466802,1133954
1779838626.772871,spill,FileSystemStorage,1048576,1,1048821,788385,535940
1779838626.772867,spill,FileSystemStorage,1048576,2,2097642,1355161,1044541
1779838626.773160,spill,FileSystemStorage,1048576,1,1048821,787323,543344
1779838626.775483,spill,FileSystemStorage,1048576,2,2097642,1420843,1071674
1779838626.776234,spill,FileSystemStorage,1048576,3,3146463,2776947,1589648
1779838626.776375,spill,FileSystemStorage,1048576,2,2097642,1369567,1045139
1779838626.776776,spill,FileSystemStorage,1048576,1,1048821,785583,523325
1779838626.777924,spill,FileSystemStorage,1048576,1,1048821,753800,546857
1779838626.778735,spill,FileSystemStorage,1048576,2,2097642,1578038,1184339
1779838626.778957,spill,FileSystemStorage,1048576,1,1048821,735101,542401
1779838626.779128,spill,FileSystemStorage,1048576,2,2097642,1515376,1102491
1779838626.780954,spill,FileSystemStorage,1048576,2,2097642,1361378,984729
1779838626.781228,spill,FileSystemStorage,1048576,1,1048821,773277,559388
1779838626.781453,spill,FileSystemStorage,1048576,1,1048821,739510,532553
1779838626.782772,spill,FileSystemStorage,1048576,1,1048821,803711,592881
1779838626.783152,spill,FileSystemStorage,1048576,2,2097642,1607182,1160994
1779838626.783154,spill,FileSystemStorage,1048576,2,2097642,1583240,1187675
1779838626.784077,spill,FileSystemStorage,1048576,1,1048821,711209,509505
1779838626.784964,spill,FileSystemStorage,1048576,2,2097642,1390727,995666
1779838626.785831,spill,FileSystemStorage,1048576,1,1048821,750328,553898
1779838626.786096,spill,FileSystemStorage,1048576,2,2097642,1457157,1053151
1779838626.786258,spill,FileSystemStorage,1048576,1,1048821,788290,555103
1779838626.787449,spill,FileSystemStorage,1048576,1,1048821,826075,569873
1779838626.787907,spill,FileSystemStorage,1048576,2,2097642,1443456,1127755
1779838626.788115,spill,FileSystemStorage,1048576,1,1048821,765914,549469
1779838626.789025,spill,FileSystemStorage,1048576,1,1048821,689294,490974
1779838626.789647,spill,FileSystemStorage,1048576,1,1048821,774529,581075
1779838626.790146,spill,FileSystemStorage,1048576,2,2097642,1442269,1062547
1779838626.791167,spill,FileSystemStorage,1048576,2,2097642,1435330,1085807
1779838626.791313,spill,FileSystemStorage,1048576,1,1048821,792374,573219
1779838626.791746,spill,FileSystemStorage,1048576,1,1048821,741071,505116
1779838626.792823,spill,FileSystemStorage,1048576,1,1048821,707185,521954
1779838626.793108,spill,FileSystemStorage,1048576,1,1048821,859129,564567
1779838626.793237,spill,FileSystemStorage,1048576,1,1048821,827557,559795
1779838626.794017,spill,FileSystemStorage,1048576,1,1048821,704133,494128
1779838626.794816,spill,FileSystemStorage,1048576,1,1048821,740354,550804
1779838626.795171,spill,FileSystemStorage,1048576,2,2097642,1472406,1111681
1779838626.795298,spill,FileSystemStorage,1048576,1,1048821,772718,584257
1779838626.795954,spill,FileSystemStorage,1048576,1,1048821,735546,505984
1779838626.796293,spill,FileSystemStorage,1048576,1,1048821,790715,516916
1779838626.797634,spill,FileSystemStorage,1048576,2,2097642,1400598,1081083
1779838626.798330,spill,FileSystemStorage,1048576,1,1048821,748606,543062
1779838626.799314,spill,FileSystemStorage,1048576,3,3146463,2130986,1656128
1779838626.799629,spill,FileSystemStorage,1048576,1,1048821,823905,545729
1779838626.799860,spill,FileSystemStorage,1048576,2,2097642,1485038,1115210
1779838626.800537,spill,FileSystemStorage,1048576,1,1048821,847477,535616
1779838626.801339,spill,FileSystemStorage,1048576,1,1048821,724236,532542
1779838626.801627,spill,FileSystemStorage,1048576,2,2097642,1439507,1100111
1779838626.801874,spill,FileSystemStorage,1048576,1,1048821,828220,521566
1779838626.802290,spill,FileSystemStorage,1048576,1,1048821,691289,505695
1779838626.802619,spill,FileSystemStorage,1048576,1,1048821,705712,517808
1779838626.802994,spill,FileSystemStorage,1048576,1,1048821,752519,531811
1779838626.803472,spill,FileSystemStorage,1048576,1,1048821,741569,501148
1779838626.804138,spill,FileSystemStorage,1048576,1,1048821,741361,524971
1779838626.804550,spill,FileSystemStorage,1048576,1,1048821,896386,552633
1779838626.804897,spill,FileSystemStorage,1048576,1,1048821,745405,476174
1779838626.805513,spill,FileSystemStorage,1048576,1,1048821,746928,547963
1779838626.805701,spill,FileSystemStorage,1048576,1,1048821,802865,544469
1779838626.806208,spill,FileSystemStorage,1048576,1,1048821,729842,507433
1779838626.806627,spill,FileSystemStorage,1048576,1,1048821,671699,489706
1779838626.807556,spill,FileSystemStorage,1048576,1,1048821,850501,558240
1779838626.808310,spill,FileSystemStorage,1048576,2,2097642,1386504,1008295
1779838626.809797,spill,FileSystemStorage,1048576,1,1048821,680559,485421
1779838626.810702,spill,FileSystemStorage,1048576,1,1048821,717368,514570
1779838626.811246,spill,FileSystemStorage,1048576,2,2097642,1522094,1133785
1779838626.811380,spill,FileSystemStorage,1048576,1,1048821,741835,548263
1779838626.812409,spill,FileSystemStorage,1048576,2,2097642,1317642,989612
1779838626.813119,spill,FileSystemStorage,1048576,1,1048821,774803,514107
1779838626.813738,spill,FileSystemStorage,1048576,1,1048821,734568,553107
1779838626.814242,spill,FileSystemStorage,1048576,2,2097642,1383746,1023301
1779838626.814780,spill,FileSystemStorage,1048576,1,1048821,742554,525650
1779838626.815724,spill,FileSystemStorage,1048576,1,1048821,787106,522473
1779838626.816485,spill,FileSystemStorage,1048576,3,3146463,1958876,1562384
1779838626.817249,spill,FileSystemStorage,1048576,1,1048821,1191822,540962
1779838626.817808,spill,FileSystemStorage,1048576,2,2097642,1376719,1042703
1779838626.818485,spill,FileSystemStorage,1048576,2,2097642,1296474,1008045
1779838626.819288,spill,FileSystemStorage,1048576,1,1048821,816877,547485
1779838626.820269,spill,FileSystemStorage,1048576,3,3146463,2151143,1575859
1779838626.820540,spill,FileSystemStorage,1048576,2,2097642,1307637,999618
1779838626.822016,spill,FileSystemStorage,1048576,2,2097642,1357118,1015255
1779838626.822331,spill,FileSystemStorage,1048576,1,1048821,778715,530783
1779838626.823366,spill,FileSystemStorage,1048576,2,2097642,1381355,1056308
1779838626.823888,spill,FileSystemStorage,1048576,2,2097642,1397864,1084711
1779838626.824488,spill,FileSystemStorage,1048576,2,2097642,1404202,1011296
1779838626.825315,spill,FileSystemStorage,1048576,1,1048821,687467,484661
1779838626.826054,spill,FileSystemStorage,1048576,1,1048821,780812,540878
1779838626.826554,spill,FileSystemStorage,1048576,2,2097642,1340445,1032573
1779838626.827293,spill,FileSystemStorage,1048576,1,1048821,775659,583879
1779838626.827719,spill,FileSystemStorage,1048576,2,2097642,1468349,1105171
1779838626.827789,spill,FileSystemStorage,1048576,1,1048821,780098,560812
1779838626.828840,spill,FileSystemStorage,1048576,1,1048821,760629,499207
1779838626.829553,spill,FileSystemStorage,1048576,1,1048821,726333,524296
1779838626.830100,spill,FileSystemStorage,1048576,2,2097642,1398814,1094751
1779838626.830266,spill,FileSystemStorage,1048576,1,1048821,709117,516139
1779838626.831007,spill,FileSystemStorage,1048576,1,1048821,724520,503132
1779838626.831522,spill,FileSystemStorage,1048576,1,1048821,789129,578757
1779838626.832087,spill,FileSystemStorage,1048576,2,2097642,1413765,1036308
1779838626.833436,spill,FileSystemStorage,1048576,1,1048821,840668,572531
1779838626.833521,spill,FileSystemStorage,1048576,2,2097642,1320283,1021099
1779838626.833651,spill,FileSystemStorage,1048576,1,1048821,749104,505161
1779838626.834550,spill,FileSystemStorage,1048576,1,1048821,668485,490454
1779838626.834918,spill,FileSystemStorage,1048576,1,1048821,803843,576396
1779838626.835666,spill,FileSystemStorage,1048576,1,1048821,778715,545200
1779838626.835908,spill,FileSystemStorage,1048576,2,2097642,1422056,1100660
1779838626.836968,spill,FileSystemStorage,1048576,2,2097642,1383830,1007386
1779838626.837253,spill,FileSystemStorage,1048576,1,1048821,771407,512532
1779838626.838518,spill,FileSystemStorage,1048576,1,1048821,774235,568383
1779838626.838893,spill,FileSystemStorage,1048576,3,3146463,1980800,1537236
1779838626.839306,spill,FileSystemStorage,1048576,1,1048821,823824,565357
1779838626.839660,spill,FileSystemStorage,1048576,1,1048821,741470,505275
1779838626.841164,spill,FileSystemStorage,1048576,2,2097642,1302148,995718
1779838626.841202,spill,FileSystemStorage,1048576,1,1048821,793805,560208
1779838626.841716,spill,FileSystemStorage,1048576,1,1048821,712648,506652
1779838626.842564,spill,FileSystemStorage,1048576,1,1048821,752787,552340
1779838626.842578,spill,FileSystemStorage,1048576,1,1048821,802290,548783
1779838626.843520,spill,FileSystemStorage,1048576,2,2097642,1441189,1082280
1779838626.843658,spill,FileSystemStorage,1048576,1,1048821,793850,557278
1779838626.844389,spill,FileSystemStorage,1048576,2,2097642,1388311,1016294
1779838626.845307,spill,FileSystemStorage,1048576,1,1048821,797144,537821
1779838626.845477,spill,FileSystemStorage,1048576,1,1048821,700063,502434
1779838626.846094,spill,FileSystemStorage,1048576,1,1048821,688548,503244
1779838626.846742,spill,FileSystemStorage,1048576,1,1048821,784626,578605
1779838626.847322,spill,FileSystemStorage,1048576,2,2097642,1491821,1107164
1779838626.847797,spill,FileSystemStorage,1048576,2,2097642,1358825,1061168
1779838626.848892,spill,FileSystemStorage,1048576,2,2097642,1436255,1043425
1779838626.848941,spill,FileSystemStorage,1048576,1,1048821,802706,556869
1779838626.849365,spill,FileSystemStorage,1048576,1,1048821,711315,476126
1779838626.850400,spill,FileSystemStorage,1048576,1,1048821,754330,553995
1779838626.851302,spill,FileSystemStorage,1048576,2,2097642,1479637,1095522
1779838626.851535,spill,FileSystemStorage,1048576,1,1048821,844504,574824
1779838626.852847,spill,FileSystemStorage,1048576,1,1048821,687190,483111
1779838626.852968,spill,FileSystemStorage,1048576,3,3146463,1892836,1470988
1779838626.853953,spill,FileSystemStorage,1048576,1,1048821,658323,459981
1779838626.855669,spill,FileSystemStorage,1048576,1,1048821,795522,552489
1779838626.855957,spill,FileSystemStorage,1048576,2,2097642,1475936,1117375
1779838626.856081,spill,FileSystemStorage,1048576,3,3146463,2038165,1592794
1779838626.857323,spill,FileSystemStorage,1048576,1,1048821,730768,501348
1779838626.857827,spill,FileSystemStorage,1048576,1,1048821,760253,560132
1779838626.857846,spill,FileSystemStorage,1048576,1,1048821,738945,546043
1779838626.859722,spill,FileSystemStorage,1048576,1,1048821,775553,519989
1779838626.860426,spill,FileSystemStorage,1048576,2,2097642,1397134,1056062
1779838626.861016,spill,FileSystemStorage,1048576,2,2097642,1489931,1042263
1779838626.861988,spill,FileSystemStorage,1048576,2,2097642,1424101,1048157
1779838626.862619,spill,FileSystemStorage,1048576,2,2097642,1369627,1052546
1779838626.863197,spill,FileSystemStorage,1048576,2,2097642,1414369,1061381
1779838626.863539,spill,FileSystemStorage,1048576,1,1048821,828226,553054
1779838626.863774,spill,FileSystemStorage,1048576,1,1048821,701324,487353
1779838626.864933,spill,FileSystemStorage,1048576,1,1048821,698681,493714
1779838626.865668,spill,FileSystemStorage,1048576,1,1048821,718665,531224
1779838626.865996,spill,FileSystemStorage,1048576,2,2097642,1350326,1041593
1779838626.866927,spill,FileSystemStorage,1048576,1,1048821,757087,541648
1779838626.867553,spill,FileSystemStorage,1048576,2,2097642,1453837,1067859
1779838626.868178,spill,FileSystemStorage,1048576,2,2097642,1365717,1007014
1779838626.868598,spill,FileSystemStorage,1048576,1,1048821,751465,547343
1779838626.868618,spill,FileSystemStorage,1048576,1,1048821,702226,520623
1779838626.869993,spill,FileSystemStorage,1048576,1,1048821,784174,547110
1779838626.870618,spill,FileSystemStorage,1048576,2,2097642,1416304,1079997
1779838626.870892,spill,FileSystemStorage,1048576,2,2097642,1424929,1086567
1779838626.871287,spill,FileSystemStorage,1048576,1,1048821,823424,573623
1779838626.872142,spill,FileSystemStorage,1048576,1,1048821,726667,528801
1779838626.872624,spill,FileSystemStorage,1048576,1,1048821,771800,533037
1779838626.872968,spill,FileSystemStorage,1048576,3,3146463,2015405,1474995
1779838626.874018,spill,FileSystemStorage,1048576,1,1048821,720608,520292
1779838626.874303,spill,FileSystemStorage,1048576,1,1048821,737219,536879
1779838626.874429,spill,FileSystemStorage,1048576,2,2097642,1314202,1012476
1779838626.875727,spill,FileSystemStorage,1048576,1,1048821,799858,559992
1779838626.875751,spill,FileSystemStorage,1048576,2,2097642,1421069,1109321
1779838626.875782,spill,FileSystemStorage,1048576,1,1048821,815135,535818
1779838626.877068,spill,FileSystemStorage,1048576,1,1048821,785732,583949
1779838626.877390,spill,FileSystemStorage,1048576,1,1048821,761526,571456
1779838626.877485,spill,FileSystemStorage,1048576,2,2097642,1390100,1041886
1779838626.878448,spill,FileSystemStorage,1048576,1,1048821,746013,545781
1779838626.878652,spill,FileSystemStorage,1048576,1,1048821,791401,582833
1779838626.878674,spill,FileSystemStorage,1048576,2,2097642,1319776,1016923
1779838626.879457,spill,FileSystemStorage,1048576,1,1048821,734346,527912
1779838626.879708,spill,FileSystemStorage,1048576,1,1048821,741034,521112
1779838626.880074,spill,FileSystemStorage,1048576,1,1048821,754316,479630
1779838626.881833,spill,FileSystemStorage,1048576,2,2097642,1370715,1030259
1779838626.881835,spill,FileSystemStorage,1048576,1,1048821,783374,557751
1779838626.882088,spill,FileSystemStorage,1048576,1,1048821,667517,474644
1779838626.883442,spill,FileSystemStorage,1048576,1,1048821,798260,579728
1779838626.884122,spill,FileSystemStorage,1048576,2,2097642,1469988,1093777
1779838626.884311,spill,FileSystemStorage,1048576,1,1048821,721744,526989
1779838626.885677,spill,FileSystemStorage,1048576,1,1048821,725645,545135
1779838626.885695,spill,FileSystemStorage,1048576,2,2097642,1324765,999392
1779838626.885712,spill,FileSystemStorage,1048576,1,1048821,793360,558391
1779838626.887105,spill,FileSystemStorage,1048576,1,1048821,777049,590550
1779838626.887508,spill,FileSystemStorage,1048576,1,1048821,829418,582527
1779838626.887619,spill,FileSystemStorage,1048576,2,2097642,1401758,1078433
1779838626.889276,spill,FileSystemStorage,1048576,2,2097642,1383552,1038414
1779838626.889355,spill,FileSystemStorage,1048576,3,3146463,1929866,1518485
1779838626.890298,spill,FileSystemStorage,1048576,1,1048821,712246,467574
1779838626.890998,spill,FileSystemStorage,1048576,1,1048821,796400,559926
1779838626.891617,spill,FileSystemStorage,1048576,2,2097642,1457020,1073565
1779838626.892220,spill,FileSystemStorage,1048576,1,1048821,745850,528555
1779838626.892353,spill,FileSystemStorage,1048576,2,2097642,1349833,1034082
1779838626.893649,spill,FileSystemStorage,1048576,1,1048821,720831,521289
1779838626.893820,spill,FileSystemStorage,1048576,2,2097642,1341777,1027211
1779838626.895375,spill,FileSystemStorage,1048576,1,1048821,791544,582814
1779838626.895450,spill,FileSystemStorage,1048576,2,2097642,1360468,1049427
1779838626.896246,spill,FileSystemStorage,1048576,2,2097642,1385561,1031848
1779838626.896787,spill,FileSystemStorage,1048576,1,1048821,871100,555216
1779838626.896821,spill,FileSystemStorage,1048576,1,1048821,745348,522738
1779838626.897357,spill,FileSystemStorage,1048576,1,1048821,682962,476423
1779838626.898004,spill,FileSystemStorage,1048576,1,1048821,799884,543474
1779838626.898338,spill,FileSystemStorage,1048576,1,1048821,781765,554844
1779838626.898439,spill,FileSystemStorage,1048576,1,1048821,742805,552794
1779838626.899502,spill,FileSystemStorage,1048576,1,1048821,907512,612165
1779838626.899981,spill,FileSystemStorage,1048576,1,1048821,736244,530139
1779838626.900177,spill,FileSystemStorage,1048576,2,2097642,1421153,1099402
1779838626.900677,spill,FileSystemStorage,1048576,1,1048821,811868,504371
1779838626.901723,spill,FileSystemStorage,1048576,1,1048821,732615,540888
1779838626.902086,spill,FileSystemStorage,1048576,2,2097642,1420870,1081263
1779838626.903009,spill,FileSystemStorage,1048576,2,2097642,1433753,1048547
1779838626.903202,spill,FileSystemStorage,1048576,1,1048821,756215,558760
1779838626.903583,spill,FileSystemStorage,1048576,1,1048821,843899,508344
1779838626.905084,spill,FileSystemStorage,1048576,2,2097642,1256796,939070
1779838626.905642,spill,FileSystemStorage,1048576,1,1048821,925721,487772
1779838626.906949,spill,FileSystemStorage,1048576,1,1048821,879915,484525
1779838626.908672,spill,FileSystemStorage,1048576,2,2097642,1937416,1043189
1779838626.908772,spill,FileSystemStorage,1048576,1,1048821,760430,564425
1779838626.909704,spill,FileSystemStorage,1048576,2,2097642,1445414,1042562
1779838626.910362,spill,FileSystemStorage,1048576,1,1048821,659757,496730
1779838626.910764,spill,FileSystemStorage,1048576,1,1048821,723006,507127
1779838626.911444,spill,FileSystemStorage,1048576,1,1048821,732240,554103
1779838626.911876,spill,FileSystemStorage,1048576,2,2097642,1392563,1042055
1779838626.913607,spill,FileSystemStorage,1048576,3,3146463,2026499,1418286
1779838626.914550,spill,FileSystemStorage,1048576,1,1048821,797240,482890
1779838626.916138,spill,FileSystemStorage,1048576,2,2097642,1392407,1068847
1779838626.916458,spill,FileSystemStorage,1048576,2,2097642,1365639,1008775
1779838626.917925,spill,FileSystemStorage,1048576,1,1048821,1040087,516707
1779838626.918217,spill,FileSystemStorage,1048576,1,1048821,794233,551338
1779838626.919126,spill,FileSystemStorage,1048576,1,1048821,1029426,558053
1779838626.919497,spill,FileSystemStorage,1048576,1,1048821,722714,509920
1779838626.921095,spill,FileSystemStorage,1048576,2,2097642,1474099,1048487
1779838626.921188,spill,FileSystemStorage,1048576,1,1048821,837833,534496
1779838626.922904,spill,FileSystemStorage,1048576,1,1048821,744889,546592
1779838626.923007,spill,FileSystemStorage,1048576,1,1048821,801240,562222
1779838626.923165,spill,FileSystemStorage,1048576,3,3146463,2020527,1572412
1779838626.925037,spill,FileSystemStorage,1048576,1,1048821,730658,511174
1779838626.925879,spill,FileSystemStorage,1048576,2,2097642,1506538,1104834
1779838626.926447,spill,FileSystemStorage,1048576,2,2097642,1368297,1045448
1779838626.926518,spill,FileSystemStorage,1048576,1,1048821,759253,521702
1779838626.927813,spill,FileSystemStorage,1048576,1,1048821,769178,559686
1779838626.928405,spill,FileSystemStorage,1048576,2,2097642,1451970,1101902
1779838626.928416,spill,FileSystemStorage,1048576,2,2097642,1463291,1102088
1779838626.929616,spill,FileSystemStorage,1048576,1,1048821,705288,498112
1779838626.929936,spill,FileSystemStorage,1048576,1,1048821,695424,514897
1779838626.930278,spill,FileSystemStorage,1048576,1,1048821,716054,503183
1779838626.931300,spill,FileSystemStorage,1048576,1,1048821,821240,605925
1779838626.931302,spill,FileSystemStorage,1048576,1,1048821,835486,597113
1779838626.931551,spill,FileSystemStorage,1048576,1,1048821,771552,561080
1779838626.932578,spill,FileSystemStorage,1048576,1,1048821,660008,471264
1779838626.933654,spill,FileSystemStorage,1048576,2,2097642,1390267,1058101
1779838626.933833,spill,FileSystemStorage,1048576,2,2097642,1384207,1082665
1779838626.934792,spill,FileSystemStorage,1048576,2,2097642,1355845,998874
1779838626.935329,spill,FileSystemStorage,1048576,1,1048821,798435,594447
1779838626.936684,spill,FileSystemStorage,1048576,3,3146463,2078111,1658165
1779838626.936746,spill,FileSystemStorage,1048576,2,2097642,1505376,1129861
1779838626.936786,spill,FileSystemStorage,1048576,1,1048821,743325,524010
1779838626.937821,spill,FileSystemStorage,1048576,1,1048821,706273,498769
1779838626.938298,spill,FileSystemStorage,1048576,1,1048821,872210,576311
1779838626.939723,spill,FileSystemStorage,1048576,3,3146463,2206727,1648600
1779838626.940375,spill,FileSystemStorage,1048576,1,1048821,775925,534457
1779838626.940914,spill,FileSystemStorage,1048576,1,1048821,836191,573011
1779838626.941573,spill,FileSystemStorage,1048576,4,4195284,2759398,2106758
1779838626.941617,spill,FileSystemStorage,1048576,1,1048821,709101,514394
1779838626.942673,spill,FileSystemStorage,1048576,1,1048821,747971,543283
1779838626.943213,spill,FileSystemStorage,1048576,2,2097642,1968398,988544
1779838626.943654,spill,FileSystemStorage,1048576,2,2097642,1471252,1135996
1779838626.943745,spill,FileSystemStorage,1048576,1,1048821,746157,526774
1779838626.944331,spill,FileSystemStorage,1048576,1,1048821,685198,494636
1779838626.945472,spill,FileSystemStorage,1048576,1,1048821,740090,524087
1779838626.945799,spill,FileSystemStorage,1048576,2,2097642,1412969,1042167
1779838626.946556,spill,FileSystemStorage,1048576,2,2097642,1386711,1046333
1779838626.946970,spill,FileSystemStorage,1048576,1,1048821,722004,529381
1779838626.947274,spill,FileSystemStorage,1048576,1,1048821,788009,582194
1779838626.948121,spill,FileSystemStorage,1048576,1,1048821,720070,537274
1779838626.948416,spill,FileSystemStorage,1048576,2,2097642,1517350,1059093
1779838626.948663,spill,FileSystemStorage,1048576,1,1048821,871710,569609
1779838626.949437,spill,FileSystemStorage,1048576,1,1048821,711707,531879
1779838626.949799,spill,FileSystemStorage,1048576,1,1048821,680223,486143
1779838626.950228,spill,FileSystemStorage,1048576,1,1048821,795844,554309
1779838626.950642,spill,FileSystemStorage,1048576,1,1048821,654835,467790
1779838626.951211,spill,FileSystemStorage,1048576,1,1048821,881456,584072
1779838626.951513,spill,FileSystemStorage,1048576,1,1048821,785901,550105
1779838626.952692,spill,FileSystemStorage,1048576,2,2097642,1270127,960147
1779838626.953217,spill,FileSystemStorage,1048576,1,1048821,686440,485699
1779838626.954644,spill,FileSystemStorage,1048576,2,2097642,1408574,1048413
1779838626.954948,spill,FileSystemStorage,1048576,2,2097642,1366393,1062580
1779838626.956126,spill,FileSystemStorage,1048576,2,2097642,1492330,1058028
1779838626.956417,spill,FileSystemStorage,1048576,2,2097642,1370194,1028950
1779838626.956643,spill,FileSystemStorage,1048576,1,1048821,704960,520741
1779838626.957314,spill,FileSystemStorage,1048576,1,1048821,708724,506455
1779838626.957814,spill,FileSystemStorage,1048576,1,1048821,700191,513521
1779838626.957912,spill,FileSystemStorage,1048576,1,1048821,770773,539888
1779838626.958661,spill,FileSystemStorage,1048576,1,1048821,710660,506398
1779838626.958996,spill,FileSystemStorage,1048576,1,1048821,757616,541458
1779838626.959725,spill,FileSystemStorage,1048576,1,1048821,732914,533603
1779838626.959780,spill,FileSystemStorage,1048576,2,2097642,1377476,1081871
1779838626.962434,spill,FileSystemStorage,1048576,2,2097642,1512080,1060417
1779838626.962467,spill,FileSystemStorage,1048576,1,1048821,758362,543293
1779838626.962647,spill,FileSystemStorage,1048576,1,1048821,745615,554155
1779838626.963721,spill,FileSystemStorage,1048576,1,1048821,759962,521907
1779838626.964684,spill,FileSystemStorage,1048576,1,1048821,736207,535765
1779838626.964882,spill,FileSystemStorage,1048576,3,3146463,2036455,1561797
1779838626.966064,spill,FileSystemStorage,1048576,2,2097642,1431722,1028903
1779838626.966622,spill,FileSystemStorage,1048576,1,1048821,739813,527009
1779838626.967018,spill,FileSystemStorage,1048576,2,2097642,1383019,1044925
1779838626.967643,spill,FileSystemStorage,1048576,1,1048821,732080,519017
1779838626.968134,spill,FileSystemStorage,1048576,2,2097642,1523995,1139100
1779838626.968253,spill,FileSystemStorage,1048576,1,1048821,691199,509288
1779838626.968954,spill,FileSystemStorage,1048576,1,1048821,680385,479124
1779838626.969513,spill,FileSystemStorage,1048576,1,1048821,725378,525842
1779838626.970473,spill,FileSystemStorage,1048576,1,1048821,771333,555925
1779838626.970602,spill,FileSystemStorage,1048576,2,2097642,1322929,1024810
1779838626.970891,spill,FileSystemStorage,1048576,1,1048821,743551,530476
1779838626.971556,spill,FileSystemStorage,1048576,1,1048821,773054,502863
1779838626.971773,spill,FileSystemStorage,1048576,1,1048821,742585,530511
1779838626.972293,spill,FileSystemStorage,1048576,1,1048821,743033,528693
1779838626.972897,spill,FileSystemStorage,1048576,1,1048821,695019,495937
1779838626.973252,spill,FileSystemStorage,1048576,1,1048821,784084,519303
1779838626.973542,spill,FileSystemStorage,1048576,1,1048821,711706,519519
1779838626.974843,spill,FileSystemStorage,1048576,1,1048821,728471,529874
1779838626.974944,spill,FileSystemStorage,1048576,2,2097642,1329522,1022558
1779838626.975440,spill,FileSystemStorage,1048576,1,1048821,750605,514249
1779838626.977259,spill,FileSystemStorage,1048576,3,3146463,1836876,1425796
1779838627.026892,spill,FileSystemStorage,1048576,479,502385259,323726453,244851013
1779838632.255488,restore,FileSystemStorage,1048576,1,1048821,1253769,1158053
1779838632.260369,restore,FileSystemStorage,1048576,1,1048821,1399989,1283792
1779838632.264187,restore,FileSystemStorage,1048576,1,1048821,1227157,1112388
1779838632.268789,restore,FileSystemStorage,1048576,1,1048821,1180601,1098410
1779838632.272123,restore,FileSystemStorage,1048576,1,1048821,595812,518848
1779838632.275337,restore,FileSystemStorage,1048576,1,1048821,618193,569634
1779838632.278747,restore,FileSystemStorage,1048576,1,1048821,552167,510235
1779838632.282216,restore,FileSystemStorage,1048576,1,1048821,562562,485613
1779838632.285710,restore,FileSystemStorage,1048576,1,1048821,934557,858571
1779838632.289422,restore,FileSystemStorage,1048576,1,1048821,875706,801795
1779838632.293628,restore,FileSystemStorage,1048576,1,1048821,666393,595618
1779838632.296612,restore,FileSystemStorage,1048576,1,1048821,636492,584746
1779838632.300377,restore,FileSystemStorage,1048576,1,1048821,618234,566795
1779838632.303355,restore,FileSystemStorage,1048576,1,1048821,687601,629678
1779838632.306777,restore,FileSystemStorage,1048576,1,1048821,583694,526873
1779838632.310713,restore,FileSystemStorage,1048576,1,1048821,586515,539767
1779838632.313867,restore,FileSystemStorage,1048576,1,1048821,595369,545446
1779838632.317136,restore,FileSystemStorage,1048576,1,1048821,536224,482270
1779838632.321519,restore,FileSystemStorage,1048576,1,1048821,639618,566010
1779838632.326226,restore,FileSystemStorage,1048576,1,1048821,607135,548559
1779838632.329971,restore,FileSystemStorage,1048576,1,1048821,601278,547481
1779838632.332984,restore,FileSystemStorage,1048576,1,1048821,598490,546491
1779838632.336258,restore,FileSystemStorage,1048576,1,1048821,603840,550567
1779838632.340179,restore,FileSystemStorage,1048576,1,1048821,580998,528960
1779838632.343703,restore,FileSystemStorage,1048576,1,1048821,615257,542876
1779838632.347444,restore,FileSystemStorage,1048576,1,1048821,637765,584787
1779838632.351683,restore,FileSystemStorage,1048576,1,1048821,616202,565272
1779838632.355285,restore,FileSystemStorage,1048576,1,1048821,634332,582530
1779838632.359174,restore,FileSystemStorage,1048576,1,1048821,633026,583097
1779838632.363123,restore,FileSystemStorage,1048576,1,1048821,655067,593703
1779838632.366841,restore,FileSystemStorage,1048576,1,1048821,508169,458378
1779838632.370962,restore,FileSystemStorage,1048576,1,1048821,623706,544318
1779838632.375212,restore,FileSystemStorage,1048576,1,1048821,592174,534675
1779838632.378866,restore,FileSystemStorage,1048576,1,1048821,596533,539193
1779838632.383173,restore,FileSystemStorage,1048576,1,1048821,647288,587258
1779838632.388106,restore,FileSystemStorage,1048576,1,1048821,690660,613100
1779838632.392468,restore,FileSystemStorage,1048576,1,1048821,1061535,1005124
1779838632.396828,restore,FileSystemStorage,1048576,1,1048821,650113,578039
1779838632.400576,restore,FileSystemStorage,1048576,1,1048821,588136,535761
1779838632.404767,restore,FileSystemStorage,1048576,1,1048821,641278,569155
1779838632.409334,restore,FileSystemStorage,1048576,1,1048821,691812,617432
1779838632.412545,restore,FileSystemStorage,1048576,1,1048821,526950,472843
1779838632.416629,restore,FileSystemStorage,1048576,1,1048821,658284,586962
1779838632.421307,restore,FileSystemStorage,1048576,1,1048821,675890,606156
1779838632.424710,restore,FileSystemStorage,1048576,1,1048821,676793,602413
1779838632.428571,restore,FileSystemStorage,1048576,1,1048821,607372,551425
1779838632.432520,restore,FileSystemStorage,1048576,1,1048821,644861,574295
1779838632.437146,restore,FileSystemStorage,1048576,1,1048821,629598,560194
1779838632.441097,restore,FileSystemStorage,1048576,1,1048821,594376,543738
1779838632.445016,restore,FileSystemStorage,1048576,1,1048821,636938,568107
1779838632.449472,restore,FileSystemStorage,1048576,1,1048821,569237,514584
1779838632.454640,restore,FileSystemStorage,1048576,1,1048821,647460,563693
1779838632.460393,restore,FileSystemStorage,1048576,1,1048821,1391055,1329854
1779838632.465258,restore,FileSystemStorage,1048576,1,1048821,1072802,992809
1779838632.470464,restore,FileSystemStorage,1048576,1,1048821,915310,834164
1779838632.474919,restore,FileSystemStorage,1048576,1,1048821,816116,741264
1779838632.479505,restore,FileSystemStorage,1048576,1,1048821,1146654,1072034
1779838632.484627,restore,FileSystemStorage,1048576,1,1048821,1302870,1226054
1779838632.489343,restore,FileSystemStorage,1048576,1,1048821,635469,559991
1779838632.493887,restore,FileSystemStorage,1048576,1,1048821,586870,535013
1779838632.498642,restore,FileSystemStorage,1048576,1,1048821,661875,589145
1779838632.502590,restore,FileSystemStorage,1048576,1,1048821,611730,557115
1779838632.507379,restore,FileSystemStorage,1048576,1,1048821,695124,623270
1779838632.511706,restore,FileSystemStorage,1048576,1,1048821,666038,593628
1779838632.515699,restore,FileSystemStorage,1048576,1,1048821,582638,529261
1779838632.519660,restore,FileSystemStorage,1048576,1,1048821,594019,539531
1779838632.524185,restore,FileSystemStorage,1048576,1,1048821,1328055,1227328
1779838632.527731,restore,FileSystemStorage,1048576,1,1048821,1036625,950966
1779838632.530693,restore,FileSystemStorage,1048576,1,1048821,938820,863953
1779838632.535030,restore,FileSystemStorage,1048576,1,1048821,950928,870752
1779838632.538575,restore,FileSystemStorage,1048576,1,1048821,1040272,964699
1779838632.543012,restore,FileSystemStorage,1048576,1,1048821,871778,797854
1779838632.547128,restore,FileSystemStorage,1048576,1,1048821,778392,722877
1779838632.550414,restore,FileSystemStorage,1048576,1,1048821,569552,517618
1779838632.554674,restore,FileSystemStorage,1048576,1,1048821,1012196,930074
1779838632.558917,restore,FileSystemStorage,1048576,1,1048821,929054,855002
1779838632.563504,restore,FileSystemStorage,1048576,1,1048821,1523318,1448620
1779838632.569314,restore,FileSystemStorage,1048576,1,1048821,1097149,1017510
1779838632.574324,restore,FileSystemStorage,1048576,1,1048821,929979,856350
1779838632.577866,restore,FileSystemStorage,1048576,1,1048821,772723,699011
1779838632.581724,restore,FileSystemStorage,1048576,1,1048821,883020,825091
1779838632.586526,restore,FileSystemStorage,1048576,1,1048821,896097,824369
1779838632.591688,restore,FileSystemStorage,1048576,1,1048821,1138585,1061567
1779838632.597250,restore,FileSystemStorage,1048576,1,1048821,1119116,1039501
1779838632.602115,restore,FileSystemStorage,1048576,1,1048821,918217,841127
1779838632.607708,restore,FileSystemStorage,1048576,1,1048821,1169446,1106040
1779838632.612773,restore,FileSystemStorage,1048576,1,1048821,1212985,1133724
1779838632.617938,restore,FileSystemStorage,1048576,1,1048821,643773,567536
1779838632.622632,restore,FileSystemStorage,1048576,1,1048821,887723,831891
1779838632.627590,restore,FileSystemStorage,1048576,1,1048821,779229,686947
1779838632.632247,restore,FileSystemStorage,1048576,1,1048821,1189133,1107978
1779838632.637331,restore,FileSystemStorage,1048576,1,1048821,1202696,1122486
1779838632.641869,restore,FileSystemStorage,1048576,1,1048821,972068,893853
1779838632.645655,restore,FileSystemStorage,1048576,1,1048821,927102,852851
1779838632.648318,restore,FileSystemStorage,1048576,1,1048821,623247,557032
1779838632.651293,restore,FileSystemStorage,1048576,1,1048821,790958,734722
1779838632.654405,restore,FileSystemStorage,1048576,1,1048821,837250,782985
1779838632.659678,restore,FileSystemStorage,1048576,1,1048821,1126844,1048401
1779838632.665227,restore,FileSystemStorage,1048576,1,1048821,1062898,985048
1779838632.670532,restore,FileSystemStorage,1048576,1,1048821,939540,875891
1779838632.675429,restore,FileSystemStorage,1048576,1,1048821,809147,748884
1779838632.680499,restore,FileSystemStorage,1048576,1,1048821,1129669,1051696
1779838632.685874,restore,FileSystemStorage,1048576,1,1048821,973450,898233
1779838632.690995,restore,FileSystemStorage,1048576,1,1048821,1004057,906009
1779838632.695722,restore,FileSystemStorage,1048576,1,1048821,1006808,932421
1779838632.701201,restore,FileSystemStorage,1048576,1,1048821,1116117,1040229
1779838632.706743,restore,FileSystemStorage,1048576,1,1048821,904842,831992
1779838632.711042,restore,FileSystemStorage,1048576,1,1048821,850865,775138
1779838632.715602,restore,FileSystemStorage,1048576,1,1048821,1239387,1158249
1779838632.719410,restore,FileSystemStorage,1048576,1,1048821,999283,931845
1779838632.728524,restore,FileSystemStorage,1048576,1,1048821,1158237,1080810
1779838632.733040,restore,FileSystemStorage,1048576,1,1048821,1067221,989749
1779838632.737347,restore,FileSystemStorage,1048576,1,1048821,947121,870361
1779838632.740748,restore,FileSystemStorage,1048576,1,1048821,598240,538281
1779838632.744131,restore,FileSystemStorage,1048576,1,1048821,800150,737084
1779838632.747429,restore,FileSystemStorage,1048576,1,1048821,604150,551302
1779838632.749273,restore,FileSystemStorage,1048576,1,1048821,662869,612246
1779838632.753273,restore,FileSystemStorage,1048576,1,1048821,980847,902904
1779838632.758903,restore,FileSystemStorage,1048576,1,1048821,931101,855847
1779838632.763782,restore,FileSystemStorage,1048576,1,1048821,1140424,1063277
1779838632.769020,restore,FileSystemStorage,1048576,1,1048821,1095745,1018326
1779838632.773304,restore,FileSystemStorage,1048576,1,1048821,1037903,963406
1779838632.777392,restore,FileSystemStorage,1048576,1,1048821,1122365,1044995
1779838632.782009,restore,FileSystemStorage,1048576,1,1048821,902577,825727
1779838632.787567,restore,FileSystemStorage,1048576,1,1048821,1132744,1074306
1779838632.792603,restore,FileSystemStorage,1048576,1,1048821,1045349,968416
1779838632.796993,restore,FileSystemStorage,1048576,1,1048821,1102765,1025727
1779838632.801492,restore,FileSystemStorage,1048576,1,1048821,580694,505051
1779838632.805884,restore,FileSystemStorage,1048576,1,1048821,825449,747683
1779838632.809580,restore,FileSystemStorage,1048576,1,1048821,849593,776931
1779838632.813956,restore,FileSystemStorage,1048576,1,1048821,617645,542675
1779838632.818913,restore,FileSystemStorage,1048576,1,1048821,944912,884032
1779838632.824266,restore,FileSystemStorage,1048576,1,1048821,1166301,1088227
1779838632.829205,restore,FileSystemStorage,1048576,1,1048821,1015666,936485
1779838632.834846,restore,FileSystemStorage,1048576,1,1048821,852829,771325
1779838632.839613,restore,FileSystemStorage,1048576,1,1048821,927761,849650
1779838632.845338,restore,FileSystemStorage,1048576,1,1048821,1121467,1042068
1779838632.850247,restore,FileSystemStorage,1048576,1,1048821,905159,832205
1779838632.856293,restore,FileSystemStorage,1048576,1,1048821,1321689,1217236
1779838632.861562,restore,FileSystemStorage,1048576,1,1048821,1076905,1000317
1779838632.866714,restore,FileSystemStorage,1048576,1,1048821,791455,713660
1779838632.871549,restore,FileSystemStorage,1048576,1,1048821,967426,888673
1779838632.876378,restore,FileSystemStorage,1048576,1,1048821,911750,834282
1779838632.881541,restore,FileSystemStorage,1048576,1,1048821,932346,854359
1779838632.886413,restore,FileSystemStorage,1048576,1,1048821,892197,818142
1779838632.891593,restore,FileSystemStorage,1048576,1,1048821,1073898,994138
1779838632.896816,restore,FileSystemStorage,1048576,1,1048821,1009932,929934
1779838632.901115,restore,FileSystemStorage,1048576,1,1048821,926242,846645
1779838632.905880,restore,FileSystemStorage,1048576,1,1048821,982725,907436
1779838632.911126,restore,FileSystemStorage,1048576,1,1048821,874083,797382
1779838632.916694,restore,FileSystemStorage,1048576,1,1048821,1200053,1120568
1779838632.921918,restore,FileSystemStorage,1048576,1,1048821,921309,842830
1779838632.926230,restore,FileSystemStorage,1048576,1,1048821,901911,847979
1779838632.931321,restore,FileSystemStorage,1048576,1,1048821,872132,814750
1779838632.936697,restore,FileSystemStorage,1048576,1,1048821,1138590,1049155
1779838632.941611,restore,FileSystemStorage,1048576,1,1048821,886330,810838
1779838632.946688,restore,FileSystemStorage,1048576,1,1048821,885825,812515
1779838632.951558,restore,FileSystemStorage,1048576,1,1048821,876340,797192
1779838632.957483,restore,FileSystemStorage,1048576,1,1048821,1129809,1054078
1779838632.962788,restore,FileSystemStorage,1048576,1,1048821,846193,771429
1779838632.967012,restore,FileSystemStorage,1048576,1,1048821,922988,847865
1779838632.970143,restore,FileSystemStorage,1048576,1,1048821,773745,717401
1779838632.972711,restore,FileSystemStorage,1048576,1,1048821,592846,538417
1779838632.974928,restore,FileSystemStorage,1048576,1,1048821,556105,502295
1779838632.978667,restore,FileSystemStorage,1048576,1,1048821,598094,523433
1779838632.983000,restore,FileSystemStorage,1048576,1,1048821,854235,755479
1779838637.788405,spill,FileSystemStorage,2097152,2,4194800,4932742,2055719
1779838637.789739,spill,FileSystemStorage,2097152,2,4194800,4579247,2174995
1779838637.791250,spill,FileSystemStorage,2097152,1,2097400,2059164,960189
1779838637.792481,spill,FileSystemStorage,2097152,3,6292200,7824481,3249199
1779838637.792895,spill,FileSystemStorage,2097152,1,2097400,2106351,965837
1779838637.793916,spill,FileSystemStorage,2097152,1,2097400,1467310,1014856
1779838637.794672,spill,FileSystemStorage,2097152,1,2097400,1494281,1061980
1779838637.795031,spill,FileSystemStorage,2097152,1,2097400,1576154,1112592
1779838637.795750,spill,FileSystemStorage,2097152,1,2097400,1509675,1091062
1779838637.796436,spill,FileSystemStorage,2097152,1,2097400,1400210,986820
1779838637.797388,spill,FileSystemStorage,2097152,1,2097400,1462690,1032349
1779838637.798041,spill,FileSystemStorage,2097152,1,2097400,1459088,1072762
1779838637.798579,spill,FileSystemStorage,2097152,1,2097400,1509707,1079366
1779838637.799230,spill,FileSystemStorage,2097152,1,2097400,1470904,1074484
1779838637.799814,spill,FileSystemStorage,2097152,1,2097400,1480023,1079616
1779838637.800834,spill,FileSystemStorage,2097152,1,2097400,1400103,996543
1779838637.801331,spill,FileSystemStorage,2097152,1,2097400,1454214,1048302
1779838637.802172,spill,FileSystemStorage,2097152,1,2097400,1429588,1005070
1779838637.803096,spill,FileSystemStorage,2097152,1,2097400,1537310,1128108
1779838637.803235,spill,FileSystemStorage,2097152,1,2097400,1577115,1167532
1779838637.804063,spill,FileSystemStorage,2097152,1,2097400,1449390,1013377
1779838637.805770,spill,FileSystemStorage,2097152,1,2097400,1654069,1017128
1779838637.805775,spill,FileSystemStorage,2097152,1,2097400,1679937,1021880
1779838637.806317,spill,FileSystemStorage,2097152,1,2097400,1581776,1046157
1779838637.807683,spill,FileSystemStorage,2097152,1,2097400,1490473,1088009
1779838637.807947,spill,FileSystemStorage,2097152,1,2097400,1583548,1137281
1779838637.808147,spill,FileSystemStorage,2097152,1,2097400,1484756,1036304
1779838637.809977,spill,FileSystemStorage,2097152,1,2097400,1588468,1090993
1779838637.810363,spill,FileSystemStorage,2097152,1,2097400,1646757,1096364
1779838637.810447,spill,FileSystemStorage,2097152,1,2097400,1725861,1141003
1779838637.811901,spill,FileSystemStorage,2097152,1,2097400,1559169,1116729
1779838637.812368,spill,FileSystemStorage,2097152,1,2097400,1617079,1155441
1779838637.812376,spill,FileSystemStorage,2097152,1,2097400,1583360,1138996
1779838637.813837,spill,FileSystemStorage,2097152,1,2097400,1518694,1103540
1779838637.814335,spill,FileSystemStorage,2097152,1,2097400,1486756,1090915
1779838637.814418,spill,FileSystemStorage,2097152,1,2097400,1532344,1116285
1779838637.815824,spill,FileSystemStorage,2097152,1,2097400,1638181,1178292
1779838637.816228,spill,FileSystemStorage,2097152,1,2097400,1590883,1091327
1779838637.816266,spill,FileSystemStorage,2097152,1,2097400,1519783,1069239
1779838637.818090,spill,FileSystemStorage,2097152,1,2097400,1551946,1106821
1779838637.818343,spill,FileSystemStorage,2097152,1,2097400,1558326,1129209
1779838637.818361,spill,FileSystemStorage,2097152,1,2097400,1549788,1136491
1779838637.819999,spill,FileSystemStorage,2097152,1,2097400,1550995,1111743
1779838637.820335,spill,FileSystemStorage,2097152,1,2097400,1543958,1099934
1779838637.820484,spill,FileSystemStorage,2097152,1,2097400,1567587,1127897
1779838637.821779,spill,FileSystemStorage,2097152,1,2097400,1459496,1052853
1779838637.822211,spill,FileSystemStorage,2097152,1,2097400,1497635,1084006
1779838637.822336,spill,FileSystemStorage,2097152,1,2097400,1492803,1096340
1779838637.823555,spill,FileSystemStorage,2097152,1,2097400,1499330,1086007
1779838637.824043,spill,FileSystemStorage,2097152,1,2097400,1507772,1099533
1779838637.824237,spill,FileSystemStorage,2097152,1,2097400,1553135,1127005
1779838637.825441,spill,FileSystemStorage,2097152,1,2097400,1555588,1123861
1779838637.825816,spill,FileSystemStorage,2097152,1,2097400,1467885,1078153
1779838637.826035,spill,FileSystemStorage,2097152,1,2097400,1503466,1111683
1779838637.827306,spill,FileSystemStorage,2097152,1,2097400,1567285,1128983
1779838637.827727,spill,FileSystemStorage,2097152,1,2097400,1633086,1178861
1779838637.827813,spill,FileSystemStorage,2097152,1,2097400,1484256,1158267
1779838637.829178,spill,FileSystemStorage,2097152,1,2097400,1562250,1134439
1779838637.829470,spill,FileSystemStorage,2097152,1,2097400,1420413,1089313
1779838637.831008,spill,FileSystemStorage,2097152,1,2097400,1511243,1118999
1779838637.831329,spill,FileSystemStorage,2097152,1,2097400,1553015,1159676
1779838637.832053,spill,FileSystemStorage,2097152,2,4194800,3874595,2325391
1779838637.833206,spill,FileSystemStorage,2097152,1,2097400,1428232,1103783
1779838637.833847,spill,FileSystemStorage,2097152,1,2097400,1480935,1078125
1779838637.835027,spill,FileSystemStorage,2097152,1,2097400,1520047,1102002
1779838637.835175,spill,FileSystemStorage,2097152,2,4194800,3815353,2322930
1779838637.835685,spill,FileSystemStorage,2097152,1,2097400,1528626,1125724
1779838637.836785,spill,FileSystemStorage,2097152,1,2097400,1440552,1050244
1779838637.837189,spill,FileSystemStorage,2097152,1,2097400,1655324,1236689
1779838637.837476,spill,FileSystemStorage,2097152,1,2097400,1480078,1084122
1779838637.838491,spill,FileSystemStorage,2097152,1,2097400,1398032,1018959
1779838637.839120,spill,FileSystemStorage,2097152,1,2097400,1633462,1213837
1779838637.839297,spill,FileSystemStorage,2097152,1,2097400,1521319,1125830
1779838637.840139,spill,FileSystemStorage,2097152,1,2097400,1403292,978289
1779838637.841127,spill,FileSystemStorage,2097152,1,2097400,1540866,1118040
1779838637.841377,spill,FileSystemStorage,2097152,1,2097400,1509796,1124862
1779838637.841927,spill,FileSystemStorage,2097152,1,2097400,1434072,1043348
1779838637.842937,spill,FileSystemStorage,2097152,1,2097400,1533536,1135587
1779838637.843293,spill,FileSystemStorage,2097152,1,2097400,1531983,1139580
1779838637.843708,spill,FileSystemStorage,2097152,1,2097400,1504388,1105967
1779838637.845271,spill,FileSystemStorage,2097152,1,2097400,1590066,1154805
1779838637.845283,spill,FileSystemStorage,2097152,1,2097400,1500533,1109858
1779838637.845519,spill,FileSystemStorage,2097152,1,2097400,1415462,1082114
1779838637.847179,spill,FileSystemStorage,2097152,1,2097400,1553464,1137520
1779838637.847180,spill,FileSystemStorage,2097152,1,2097400,1621875,1158653
1779838637.847337,spill,FileSystemStorage,2097152,1,2097400,1480380,1129874
1779838637.849112,spill,FileSystemStorage,2097152,1,2097400,1447014,1105669
1779838637.849193,spill,FileSystemStorage,2097152,1,2097400,1486876,1095821
1779838637.849302,spill,FileSystemStorage,2097152,1,2097400,1535132,1117261
1779838637.850863,spill,FileSystemStorage,2097152,1,2097400,1448659,1076445
1779838637.851031,spill,FileSystemStorage,2097152,1,2097400,1481552,1138816
1779838637.851134,spill,FileSystemStorage,2097152,1,2097400,1510780,1125848
1779838637.853044,spill,FileSystemStorage,2097152,1,2097400,1490059,1094691
1779838637.853246,spill,FileSystemStorage,2097152,1,2097400,1538980,1135524
1779838637.853252,spill,FileSystemStorage,2097152,1,2097400,1499206,1116340
1779838637.854811,spill,FileSystemStorage,2097152,1,2097400,1486603,1085478
1779838637.855013,spill,FileSystemStorage,2097152,1,2097400,1449250,1105471
1779838637.855227,spill,FileSystemStorage,2097152,1,2097400,1543909,1151350
1779838637.856542,spill,FileSystemStorage,2097152,1,2097400,1401109,1076194
1779838637.856796,spill,FileSystemStorage,2097152,1,2097400,1467053,1097052
1779838637.857005,spill,FileSystemStorage,2097152,1,2097400,1475052,1088756
1779838637.858260,spill,FileSystemStorage,2097152,1,2097400,1399812,1038742
1779838637.858626,spill,FileSystemStorage,2097152,1,2097400,1421273,1051596
1779838637.858726,spill,FileSystemStorage,2097152,1,2097400,1461151,1076746
1779838637.859927,spill,FileSystemStorage,2097152,1,2097400,1413334,1093085
1779838637.860319,spill,FileSystemStorage,2097152,1,2097400,1434831,1090704
1779838637.860477,spill,FileSystemStorage,2097152,1,2097400,1516809,1109464
1779838637.861630,spill,FileSystemStorage,2097152,1,2097400,1403696,1030477
1779838637.862144,spill,FileSystemStorage,2097152,1,2097400,1400211,1064556
1779838637.862266,spill,FileSystemStorage,2097152,1,2097400,1472025,1077810
1779838637.863448,spill,FileSystemStorage,2097152,1,2097400,1497390,1119397
1779838637.863874,spill,FileSystemStorage,2097152,1,2097400,1444405,1131861
1779838637.864040,spill,FileSystemStorage,2097152,1,2097400,1496007,1091846
1779838637.865234,spill,FileSystemStorage,2097152,1,2097400,1396089,1031027
1779838637.865669,spill,FileSystemStorage,2097152,1,2097400,1375263,1060244
1779838637.865915,spill,FileSystemStorage,2097152,1,2097400,1427124,1048956
1779838637.866962,spill,FileSystemStorage,2097152,1,2097400,1411327,1043386
1779838637.867325,spill,FileSystemStorage,2097152,1,2097400,1411327,1103139
1779838637.867575,spill,FileSystemStorage,2097152,1,2097400,1430745,1049416
1779838637.869055,spill,FileSystemStorage,2097152,1,2097400,1448414,1088979
1779838637.869066,spill,FileSystemStorage,2097152,1,2097400,1418056,1108580
1779838637.869435,spill,FileSystemStorage,2097152,1,2097400,1514310,1121525
1779838637.870795,spill,FileSystemStorage,2097152,1,2097400,1467252,1086887
1779838637.870797,spill,FileSystemStorage,2097152,1,2097400,1393945,1100622
1779838637.871198,spill,FileSystemStorage,2097152,1,2097400,1492610,1114173
1779838637.872619,spill,FileSystemStorage,2097152,1,2097400,1481853,1090696
1779838637.872986,spill,FileSystemStorage,2097152,1,2097400,1449103,1087903
1779838637.873120,spill,FileSystemStorage,2097152,1,2097400,1657875,1236349
1779838637.874279,spill,FileSystemStorage,2097152,1,2097400,1349447,1057702
1779838637.874742,spill,FileSystemStorage,2097152,1,2097400,1468699,1091877
1779838637.875064,spill,FileSystemStorage,2097152,1,2097400,1624196,1288352
1779838637.875980,spill,FileSystemStorage,2097152,1,2097400,1427493,1044796
1779838637.876472,spill,FileSystemStorage,2097152,1,2097400,1407879,1109834
1779838637.876912,spill,FileSystemStorage,2097152,1,2097400,1518798,1193610
1779838637.877785,spill,FileSystemStorage,2097152,1,2097400,1388419,1028529
1779838637.878123,spill,FileSystemStorage,2097152,1,2097400,1344162,1060481
1779838637.878824,spill,FileSystemStorage,2097152,1,2097400,1601190,1187115
1779838637.879573,spill,FileSystemStorage,2097152,1,2097400,1477369,1097995
1779838637.879932,spill,FileSystemStorage,2097152,1,2097400,1417824,1082118
1779838637.880981,spill,FileSystemStorage,2097152,1,2097400,1476592,1141446
1779838637.881566,spill,FileSystemStorage,2097152,1,2097400,1369917,1088062
1779838637.881672,spill,FileSystemStorage,2097152,1,2097400,1389725,1111370
1779838637.882783,spill,FileSystemStorage,2097152,1,2097400,1487277,1160929
1779838637.883311,spill,FileSystemStorage,2097152,1,2097400,1448745,1114909
1779838637.883415,spill,FileSystemStorage,2097152,1,2097400,1476649,1178685
1779838637.884885,spill,FileSystemStorage,2097152,1,2097400,1502091,1185648
1779838637.885373,spill,FileSystemStorage,2097152,1,2097400,1407857,1107109
1779838637.885423,spill,FileSystemStorage,2097152,1,2097400,1432023,1111229
1779838637.886677,spill,FileSystemStorage,2097152,1,2097400,1504724,1159169
1779838637.887109,spill,FileSystemStorage,2097152,1,2097400,1384863,1089416
1779838637.887196,spill,FileSystemStorage,2097152,1,2097400,1347262,1054178
1779838637.888566,spill,FileSystemStorage,2097152,1,2097400,1496864,1142991
1779838637.888921,spill,FileSystemStorage,2097152,1,2097400,1375316,1065195
1779838637.889067,spill,FileSystemStorage,2097152,1,2097400,1410731,1100089
1779838637.890505,spill,FileSystemStorage,2097152,1,2097400,1537659,1141365
1779838637.890774,spill,FileSystemStorage,2097152,1,2097400,1516048,1078953
1779838637.891005,spill,FileSystemStorage,2097152,1,2097400,1408782,1043530
1779838637.892419,spill,FileSystemStorage,2097152,1,2097400,1602369,1138076
1779838637.892964,spill,FileSystemStorage,2097152,1,2097400,1447777,1058231
1779838637.893447,spill,FileSystemStorage,2097152,1,2097400,1413527,1015621
1779838637.894520,spill,FileSystemStorage,2097152,1,2097400,1641445,1103963
1779838637.895237,spill,FileSystemStorage,2097152,1,2097400,1504135,1031493
1779838637.896056,spill,FileSystemStorage,2097152,1,2097400,1533663,1016215
1779838637.897030,spill,FileSystemStorage,2097152,1,2097400,1449025,968869
1779838637.897864,spill,FileSystemStorage,2097152,1,2097400,1488751,1092225
1779838637.898648,spill,FileSystemStorage,2097152,1,2097400,1486847,995054
1779838637.899515,spill,FileSystemStorage,2097152,1,2097400,1591916,1048691
1779838637.900318,spill,FileSystemStorage,2097152,1,2097400,1622133,1155014
1779838637.901073,spill,FileSystemStorage,2097152,1,2097400,1372988,995364
1779838637.902313,spill,FileSystemStorage,2097152,1,2097400,1538417,1133138
1779838637.902901,spill,FileSystemStorage,2097152,1,2097400,1398482,1010638
1779838637.903764,spill,FileSystemStorage,2097152,1,2097400,1503604,1084485
1779838637.904526,spill,FileSystemStorage,2097152,1,2097400,1483283,1081031
1779838637.905426,spill,FileSystemStorage,2097152,1,2097400,1329163,952564
1779838637.906272,spill,FileSystemStorage,2097152,1,2097400,1448253,1002103
1779838637.907263,spill,FileSystemStorage,2097152,1,2097400,1650275,1151388
1779838637.907940,spill,FileSystemStorage,2097152,1,2097400,1449575,992685
1779838637.908898,spill,FileSystemStorage,2097152,1,2097400,1406138,1030157
1779838637.909621,spill,FileSystemStorage,2097152,1,2097400,1461167,1093099
1779838637.910299,spill,FileSystemStorage,2097152,1,2097400,1384678,1025443
1779838637.911020,spill,FileSystemStorage,2097152,1,2097400,1384246,993342
1779838637.911861,spill,FileSystemStorage,2097152,1,2097400,1414957,998883
1779838637.912753,spill,FileSystemStorage,2097152,1,2097400,1373978,1012099
1779838637.913543,spill,FileSystemStorage,2097152,1,2097400,1305650,971602
1779838637.914258,spill,FileSystemStorage,2097152,1,2097400,1477499,1057654
1779838637.914927,spill,FileSystemStorage,2097152,1,2097400,1455418,1045629
1779838637.915674,spill,FileSystemStorage,2097152,1,2097400,1460291,1002302
1779838637.916820,spill,FileSystemStorage,2097152,1,2097400,1744051,1164030
1779838637.917460,spill,FileSystemStorage,2097152,1,2097400,1415568,1024869
1779838637.918126,spill,FileSystemStorage,2097152,1,2097400,1441960,1039497
1779838637.919164,spill,FileSystemStorage,2097152,1,2097400,1751596,1210142
1779838637.919738,spill,FileSystemStorage,2097152,1,2097400,1480733,1038676
1779838637.920475,spill,FileSystemStorage,2097152,1,2097400,1441590,1028429
1779838637.921404,spill,FileSystemStorage,2097152,1,2097400,1624559,1130532
1779838637.922254,spill,FileSystemStorage,2097152,1,2097400,1485098,1070753
1779838637.922762,spill,FileSystemStorage,2097152,1,2097400,1388470,1048720
1779838637.923903,spill,FileSystemStorage,2097152,1,2097400,1752044,1203471
1779838637.924361,spill,FileSystemStorage,2097152,1,2097400,1422351,1050379
1779838637.925318,spill,FileSystemStorage,2097152,1,2097400,1427065,964541
1779838637.926159,spill,FileSystemStorage,2097152,1,2097400,1632137,1139163
1779838637.926734,spill,FileSystemStorage,2097152,1,2097400,1418020,1021899
1779838637.927723,spill,FileSystemStorage,2097152,1,2097400,1539723,1016803
1779838637.928505,spill,FileSystemStorage,2097152,1,2097400,1435640,1008418
1779838637.929488,spill,FileSystemStorage,2097152,1,2097400,1482608,1001529
1779838637.930245,spill,FileSystemStorage,2097152,1,2097400,1408930,971201
1779838637.931054,spill,FileSystemStorage,2097152,1,2097400,1470612,1048588
1779838637.931823,spill,FileSystemStorage,2097152,1,2097400,1467595,1017226
1779838637.932722,spill,FileSystemStorage,2097152,1,2097400,1406902,978381
1779838637.933393,spill,FileSystemStorage,2097152,1,2097400,1442415,1020739
1779838637.934168,spill,FileSystemStorage,2097152,1,2097400,1491808,1042373
1779838637.934789,spill,FileSystemStorage,2097152,1,2097400,1392614,1030105
1779838637.935604,spill,FileSystemStorage,2097152,1,2097400,1485215,1043801
1779838637.936547,spill,FileSystemStorage,2097152,1,2097400,1587754,1134267
1779838637.937328,spill,FileSystemStorage,2097152,1,2097400,1434713,1071147
1779838637.938374,spill,FileSystemStorage,2097152,1,2097400,1387451,1000764
1779838637.939082,spill,FileSystemStorage,2097152,1,2097400,1721147,1227898
1779838637.939633,spill,FileSystemStorage,2097152,1,2097400,1531010,1095456
1779838637.940350,spill,FileSystemStorage,2097152,1,2097400,1517628,1047561
1779838637.941342,spill,FileSystemStorage,2097152,1,2097400,1565930,1178684
1779838637.941902,spill,FileSystemStorage,2097152,1,2097400,1456806,1086772
1779838637.942626,spill,FileSystemStorage,2097152,1,2097400,1508720,1077161
1779838637.943488,spill,FileSystemStorage,2097152,1,2097400,1641375,1147180
1779838637.944142,spill,FileSystemStorage,2097152,1,2097400,1414073,1014065
1779838637.945603,spill,FileSystemStorage,2097152,1,2097400,1562418,1055635
1779838637.946034,spill,FileSystemStorage,2097152,1,2097400,1402213,1074343
1779838637.947076,spill,FileSystemStorage,2097152,1,2097400,1687600,1188882
1779838637.947729,spill,FileSystemStorage,2097152,1,2097400,1554094,1106375
1779838637.948406,spill,FileSystemStorage,2097152,1,2097400,1451724,992773
1779838637.949421,spill,FileSystemStorage,2097152,1,2097400,1604577,1160741
1779838637.950038,spill,FileSystemStorage,2097152,1,2097400,1460153,1037058
1779838637.950681,spill,FileSystemStorage,2097152,1,2097400,1404339,973359
1779838637.951851,spill,FileSystemStorage,2097152,1,2097400,1771923,1213782
1779838637.952378,spill,FileSystemStorage,2097152,1,2097400,1425464,1055148
1779838637.953105,spill,FileSystemStorage,2097152,1,2097400,1389685,1016753
1779838637.954117,spill,FileSystemStorage,2097152,1,2097400,1704310,1177709
1779838637.954713,spill,FileSystemStorage,2097152,1,2097400,1434036,996250
1779838637.955453,spill,FileSystemStorage,2097152,1,2097400,1477129,1057984
1779838637.956415,spill,FileSystemStorage,2097152,1,2097400,1623907,1104564
1779838637.957145,spill,FileSystemStorage,2097152,1,2097400,1413540,1009591
1779838637.957872,spill,FileSystemStorage,2097152,1,2097400,1440873,1057005
1779838637.958712,spill,FileSystemStorage,2097152,1,2097400,1613002,1156851
1779838637.959421,spill,FileSystemStorage,2097152,1,2097400,1523625,1072688
1779838637.960103,spill,FileSystemStorage,2097152,1,2097400,1457072,991204
1779838637.961062,spill,FileSystemStorage,2097152,1,2097400,1516956,1028820
1779838637.961763,spill,FileSystemStorage,2097152,1,2097400,1469347,1058864
1779838637.962395,spill,FileSystemStorage,2097152,1,2097400,1353086,980129
1779838637.963218,spill,FileSystemStorage,2097152,1,2097400,1475390,1039066
1779838637.964044,spill,FileSystemStorage,2097152,1,2097400,1499958,956753
1779838637.964903,spill,FileSystemStorage,2097152,1,2097400,1354939,1008930
1779838637.965551,spill,FileSystemStorage,2097152,1,2097400,1488947,1049710
1779838637.966266,spill,FileSystemStorage,2097152,1,2097400,1467220,1003710
1779838637.967113,spill,FileSystemStorage,2097152,1,2097400,1598151,1101981
1779838637.967712,spill,FileSystemStorage,2097152,1,2097400,1421318,1044009
1779838637.968546,spill,FileSystemStorage,2097152,1,2097400,1447618,1015633
1779838637.969273,spill,FileSystemStorage,2097152,1,2097400,1436965,1053678
1779838637.970016,spill,FileSystemStorage,2097152,1,2097400,1386029,971243
1779838637.970837,spill,FileSystemStorage,2097152,1,2097400,1464158,1006184
1779838637.971668,spill,FileSystemStorage,2097152,1,2097400,1519479,1061966
1779838637.972391,spill,FileSystemStorage,2097152,1,2097400,1434616,1031555
1779838637.973248,spill,FileSystemStorage,2097152,1,2097400,1411125,1005325
1779838637.973974,spill,FileSystemStorage,2097152,1,2097400,1470490,1051517
1779838637.974738,spill,FileSystemStorage,2097152,1,2097400,1488992,1023364
1779838637.975383,spill,FileSystemStorage,2097152,1,2097400,1440369,1012626
1779838637.976166,spill,FileSystemStorage,2097152,1,2097400,1434624,1026816
1779838637.977168,spill,FileSystemStorage,2097152,1,2097400,1353293,1007569
1779838637.977716,spill,FileSystemStorage,2097152,1,2097400,1390047,1022508
1779838637.978482,spill,FileSystemStorage,2097152,1,2097400,1464339,1068434
1779838637.979195,spill,FileSystemStorage,2097152,1,2097400,1446219,1032487
1779838637.980000,spill,FileSystemStorage,2097152,1,2097400,1479458,1045684
1779838637.980761,spill,FileSystemStorage,2097152,1,2097400,1435815,1027637
1779838637.981505,spill,FileSystemStorage,2097152,1,2097400,1468808,1036714
1779838637.982222,spill,FileSystemStorage,2097152,1,2097400,1424816,1024731
1779838637.982932,spill,FileSystemStorage,2097152,1,2097400,1433573,1007916
1779838637.984118,spill,FileSystemStorage,2097152,1,2097400,1734203,1186706
1779838637.984861,spill,FileSystemStorage,2097152,1,2097400,1441400,1065658
1779838637.985560,spill,FileSystemStorage,2097152,1,2097400,1499299,1061765
1779838637.986441,spill,FileSystemStorage,2097152,1,2097400,1662340,1171028
1779838637.987091,spill,FileSystemStorage,2097152,1,2097400,1489272,1021204
1779838637.987877,spill,FileSystemStorage,2097152,1,2097400,1524237,1067638
1779838637.988904,spill,FileSystemStorage,2097152,1,2097400,1718559,1264214
1779838637.989763,spill,FileSystemStorage,2097152,1,2097400,1268819,968885
1779838637.990329,spill,FileSystemStorage,2097152,1,2097400,1477405,1077695
1779838637.991211,spill,FileSystemStorage,2097152,1,2097400,1626755,1127144
1779838637.991781,spill,FileSystemStorage,2097152,1,2097400,1400692,1001746
1779838637.993255,spill,FileSystemStorage,2097152,1,2097400,1540045,1126090
1779838637.993767,spill,FileSystemStorage,2097152,1,2097400,1426422,1019691
1779838637.994566,spill,FileSystemStorage,2097152,1,2097400,1426268,998950
1779838637.995593,spill,FileSystemStorage,2097152,1,2097400,1674415,1175892
1779838637.996217,spill,FileSystemStorage,2097152,1,2097400,1474273,1020050
1779838637.997056,spill,FileSystemStorage,2097152,1,2097400,1469130,1041576
1779838637.997817,spill,FileSystemStorage,2097152,1,2097400,1569807,1134878
1779838637.998441,spill,FileSystemStorage,2097152,1,2097400,1410759,971996
1779838637.999322,spill,FileSystemStorage,2097152,1,2097400,1546688,1074158
1779838638.000164,spill,FileSystemStorage,2097152,1,2097400,1603745,1064642
1779838638.001079,spill,FileSystemStorage,2097152,1,2097400,1377537,1019085
1779838638.001664,spill,FileSystemStorage,2097152,1,2097400,1334692,1039999
1779838638.002777,spill,FileSystemStorage,2097152,1,2097400,1515287,1068926
1779838638.003596,spill,FileSystemStorage,2097152,1,2097400,1492162,1049160
1779838638.004285,spill,FileSystemStorage,2097152,1,2097400,1417541,1020887
1779838638.005361,spill,FileSystemStorage,2097152,1,2097400,1427556,976785
1779838638.006250,spill,FileSystemStorage,2097152,1,2097400,1360088,975878
1779838638.007259,spill,FileSystemStorage,2097152,1,2097400,1606713,1141251
1779838638.008022,spill,FileSystemStorage,2097152,1,2097400,1506990,1066515
1779838638.008799,spill,FileSystemStorage,2097152,1,2097400,1347559,1010635
1779838638.009765,spill,FileSystemStorage,2097152,1,2097400,1637580,1160804
1779838638.010440,spill,FileSystemStorage,2097152,1,2097400,1514571,1078316
1779838638.011178,spill,FileSystemStorage,2097152,1,2097400,1552476,1066522
1779838638.012096,spill,FileSystemStorage,2097152,1,2097400,1661220,1140021
1779838638.012840,spill,FileSystemStorage,2097152,1,2097400,1487704,1029307
1779838638.013629,spill,FileSystemStorage,2097152,1,2097400,1424614,1012469
1779838638.014457,spill,FileSystemStorage,2097152,1,2097400,1581316,1133130
1779838638.015206,spill,FileSystemStorage,2097152,1,2097400,1563242,1011552
1779838638.016080,spill,FileSystemStorage,2097152,1,2097400,1666047,1187078
1779838638.016824,spill,FileSystemStorage,2097152,1,2097400,1528680,1017505
1779838638.017604,spill,FileSystemStorage,2097152,1,2097400,1446895,978637
1779838638.018544,spill,FileSystemStorage,2097152,1,2097400,1612820,1136404
1779838638.019368,spill,FileSystemStorage,2097152,1,2097400,1572301,1072978
1779838638.020046,spill,FileSystemStorage,2097152,1,2097400,1415838,969092
1779838638.021174,spill,FileSystemStorage,2097152,1,2097400,1548721,1147155
1779838638.021927,spill,FileSystemStorage,2097152,1,2097400,1501766,1134557
1779838638.022597,spill,FileSystemStorage,2097152,1,2097400,1452799,975973
1779838638.023500,spill,FileSystemStorage,2097152,1,2097400,1525785,1086135
1779838638.024345,spill,FileSystemStorage,2097152,1,2097400,1580419,1108926
1779838638.025096,spill,FileSystemStorage,2097152,1,2097400,1347184,987303
1779838638.025826,spill,FileSystemStorage,2097152,1,2097400,1380656,1018992
1779838638.026775,spill,FileSystemStorage,2097152,1,2097400,1584472,1085780
1779838638.027534,spill,FileSystemStorage,2097152,1,2097400,1553457,1049435
1779838638.028305,spill,FileSystemStorage,2097152,1,2097400,1556795,1115876
1779838638.029057,spill,FileSystemStorage,2097152,1,2097400,1440101,993847
1779838638.029864,spill,FileSystemStorage,2097152,1,2097400,1418078,1021257
1779838638.030791,spill,FileSystemStorage,2097152,1,2097400,1720704,1150437
1779838638.031578,spill,FileSystemStorage,2097152,1,2097400,1536502,1073042
1779838638.032279,spill,FileSystemStorage,2097152,1,2097400,1582649,1052403
1779838638.033215,spill,FileSystemStorage,2097152,1,2097400,1644772,1156616
1779838638.033934,spill,FileSystemStorage,2097152,1,2097400,1528314,1036300
1779838638.034640,spill,FileSystemStorage,2097152,1,2097400,1477355,991199
1779838638.035910,spill,FileSystemStorage,2097152,1,2097400,1728491,1200365
1779838638.036491,spill,FileSystemStorage,2097152,1,2097400,1375606,1042085
1779838638.037362,spill,FileSystemStorage,2097152,1,2097400,1471668,1025798
1779838638.038253,spill,FileSystemStorage,2097152,1,2097400,1628348,1149556
1779838638.038852,spill,FileSystemStorage,2097152,1,2097400,1415228,1033187
1779838638.039694,spill,FileSystemStorage,2097152,1,2097400,1493374,1042538
1779838638.040498,spill,FileSystemStorage,2097152,1,2097400,1529890,1096214
1779838638.041316,spill,FileSystemStorage,2097152,1,2097400,1406297,1032503
1779838638.042005,spill,FileSystemStorage,2097152,1,2097400,1366964,1010863
1779838638.042935,spill,FileSystemStorage,2097152,1,2097400,1635922,1181229
1779838638.043723,spill,FileSystemStorage,2097152,1,2097400,1548894,1065986
1779838638.044364,spill,FileSystemStorage,2097152,1,2097400,1448069,1044035
1779838638.045421,spill,FileSystemStorage,2097152,1,2097400,1507340,1167495
1779838638.045961,spill,FileSystemStorage,2097152,1,2097400,1324475,1010937
1779838638.046791,spill,FileSystemStorage,2097152,1,2097400,1453917,1007927
1779838638.047785,spill,FileSystemStorage,2097152,1,2097400,1684880,1183333
1779838638.048430,spill,FileSystemStorage,2097152,1,2097400,1420029,962339
1779838638.049309,spill,FileSystemStorage,2097152,1,2097400,1406469,1011350
1779838638.050251,spill,FileSystemStorage,2097152,1,2097400,1645913,1171101
1779838638.050837,spill,FileSystemStorage,2097152,1,2097400,1420787,990308
1779838638.051651,spill,FileSystemStorage,2097152,1,2097400,1520068,1059442
1779838638.052480,spill,FileSystemStorage,2097152,1,2097400,1533705,1090471
1779838638.053207,spill,FileSystemStorage,2097152,1,2097400,1437025,992352
1779838638.054009,spill,FileSystemStorage,2097152,1,2097400,1403626,999365
1779838638.055027,spill,FileSystemStorage,2097152,1,2097400,1676164,1143845
1779838638.055663,spill,FileSystemStorage,2097152,1,2097400,1471157,1061999
1779838638.056345,spill,FileSystemStorage,2097152,1,2097400,1430681,998888
1779838638.057410,spill,FileSystemStorage,2097152,1,2097400,1557268,1131999
1779838638.058189,spill,FileSystemStorage,2097152,1,2097400,1406336,1017915
1779838638.058723,spill,FileSystemStorage,2097152,1,2097400,1397512,979404
1779838638.059911,spill,FileSystemStorage,2097152,1,2097400,1828974,1163971
1779838638.060439,spill,FileSystemStorage,2097152,1,2097400,1433463,1057391
1779838638.061536,spill,FileSystemStorage,2097152,1,2097400,1537704,1170083
1779838638.062047,spill,FileSystemStorage,2097152,1,2097400,1404850,1052942
1779838638.062888,spill,FileSystemStorage,2097152,1,2097400,1430531,1010680
1779838638.063813,spill,FileSystemStorage,2097152,1,2097400,1628715,1150251
1779838638.064509,spill,FileSystemStorage,2097152,1,2097400,1411747,1029291
1779838638.065309,spill,FileSystemStorage,2097152,1,2097400,1450010,964015
1779838638.066276,spill,FileSystemStorage,2097152,1,2097400,1608984,1131797
1779838638.066938,spill,FileSystemStorage,2097152,1,2097400,1482623,1053020
1779838638.067738,spill,FileSystemStorage,2097152,1,2097400,1460626,989969
1779838638.068901,spill,FileSystemStorage,2097152,1,2097400,1522829,1128522
1779838638.069530,spill,FileSystemStorage,2097152,1,2097400,1523288,1059215
1779838638.070060,spill,FileSystemStorage,2097152,1,2097400,1397068,972703
1779838638.071034,spill,FileSystemStorage,2097152,1,2097400,1645480,1126301
1779838638.071917,spill,FileSystemStorage,2097152,1,2097400,1593755,1050966
1779838638.072607,spill,FileSystemStorage,2097152,1,2097400,1391530,993641
1779838638.073531,spill,FileSystemStorage,2097152,1,2097400,1589017,1109912
1779838638.074308,spill,FileSystemStorage,2097152,1,2097400,1495472,1006119
1779838638.075021,spill,FileSystemStorage,2097152,1,2097400,1408709,1013475
1779838638.076124,spill,FileSystemStorage,2097152,1,2097400,1614125,1140753
1779838638.076906,spill,FileSystemStorage,2097152,1,2097400,1436030,1056794
1779838638.077409,spill,FileSystemStorage,2097152,1,2097400,1359799,1032073
1779838638.078298,spill,FileSystemStorage,2097152,1,2097400,1453248,1011489
1779838638.079124,spill,FileSystemStorage,2097152,1,2097400,1526675,1028787
1779838638.079941,spill,FileSystemStorage,2097152,1,2097400,1583997,1047570
1779838638.080811,spill,FileSystemStorage,2097152,1,2097400,1415195,1009091
1779838638.081506,spill,FileSystemStorage,2097152,1,2097400,1450520,1021295
1779838638.082277,spill,FileSystemStorage,2097152,1,2097400,1472076,1008694
1779838638.083050,spill,FileSystemStorage,2097152,1,2097400,1465196,1034068
1779838638.083941,spill,FileSystemStorage,2097152,1,2097400,1517656,1044851
1779838638.084655,spill,FileSystemStorage,2097152,1,2097400,1402437,989864
1779838638.085439,spill,FileSystemStorage,2097152,1,2097400,1443801,1007963
1779838638.086276,spill,FileSystemStorage,2097152,1,2097400,1467404,1008857
1779838638.087081,spill,FileSystemStorage,2097152,1,2097400,1457410,985814
1779838638.087913,spill,FileSystemStorage,2097152,1,2097400,1411928,997716
1779838638.088873,spill,FileSystemStorage,2097152,1,2097400,1432219,1015346
1779838638.089647,spill,FileSystemStorage,2097152,1,2097400,1385331,960350
1779838638.090768,spill,FileSystemStorage,2097152,1,2097400,1671926,1151560
1779838638.091347,spill,FileSystemStorage,2097152,1,2097400,1484303,1037362
1779838638.092052,spill,FileSystemStorage,2097152,1,2097400,1445645,987426
1779838638.093276,spill,FileSystemStorage,2097152,1,2097400,1539650,1157503
1779838638.093787,spill,FileSystemStorage,2097152,1,2097400,1369206,1017051
1779838638.094569,spill,FileSystemStorage,2097152,1,2097400,1470014,989538
1779838638.095594,spill,FileSystemStorage,2097152,1,2097400,1635650,1177743
1779838638.096318,spill,FileSystemStorage,2097152,1,2097400,1454872,987189
1779838638.097179,spill,FileSystemStorage,2097152,1,2097400,1342597,978231
1779838638.098227,spill,FileSystemStorage,2097152,1,2097400,1647233,1176057
1779838638.098886,spill,FileSystemStorage,2097152,1,2097400,1457569,1030886
1779838638.099666,spill,FileSystemStorage,2097152,1,2097400,1507840,1070667
1779838638.100559,spill,FileSystemStorage,2097152,1,2097400,1544572,1162167
1779838638.101261,spill,FileSystemStorage,2097152,1,2097400,1343804,979748
1779838638.101937,spill,FileSystemStorage,2097152,240,503376000,318073215,239167192
1779838638.101991,spill,FileSystemStorage,2097152,1,2097400,1393449,968075
1779838638.102927,spill,FileSystemStorage,2097152,1,2097400,1614478,1143645
1779838638.103478,spill,FileSystemStorage,2097152,1,2097400,1361895,966064
1779838638.307956,spill,FileSystemStorage,2097152,1,2097400,1713748,1045839
1779838638.308783,spill,FileSystemStorage,2097152,1,2097400,1766120,1106312
1779838638.310119,spill,FileSystemStorage,2097152,1,2097400,1656439,1068916
1779838638.310535,spill,FileSystemStorage,2097152,1,2097400,1575887,1091537
1779838638.311175,spill,FileSystemStorage,2097152,1,2097400,1501516,1108746
1779838638.312087,spill,FileSystemStorage,2097152,1,2097400,1632039,1042729
1779838638.312920,spill,FileSystemStorage,2097152,1,2097400,1496566,1001458
1779838638.313528,spill,FileSystemStorage,2097152,1,2097400,1471161,1058628
1779838638.314350,spill,FileSystemStorage,2097152,1,2097400,1569876,1024725
1779838638.315178,spill,FileSystemStorage,2097152,1,2097400,1617678,1083042
1779838638.315976,spill,FileSystemStorage,2097152,1,2097400,1522415,1105898
1779838638.316710,spill,FileSystemStorage,2097152,1,2097400,1498217,1035571
1779838638.317469,spill,FileSystemStorage,2097152,1,2097400,1493166,1054047
1779838638.318105,spill,FileSystemStorage,2097152,1,2097400,1552016,1063871
1779838638.318990,spill,FileSystemStorage,2097152,1,2097400,1579627,1026515
1779838638.319790,spill,FileSystemStorage,2097152,1,2097400,1572750,1029468
1779838638.320505,spill,FileSystemStorage,2097152,1,2097400,1441669,1059725
1779838638.321369,spill,FileSystemStorage,2097152,1,2097400,1466569,978633
1779838638.322356,spill,FileSystemStorage,2097152,1,2097400,1435058,971784
1779838638.323125,spill,FileSystemStorage,2097152,1,2097400,1590415,1149538
1779838638.323805,spill,FileSystemStorage,2097152,1,2097400,1554585,1042158
1779838638.324849,spill,FileSystemStorage,2097152,1,2097400,1440213,1033656
1779838638.325428,spill,FileSystemStorage,2097152,1,2097400,1457794,1045675
1779838638.326492,spill,FileSystemStorage,2097152,1,2097400,1661508,1109230
1779838638.327258,spill,FileSystemStorage,2097152,1,2097400,1578707,1067293
1779838638.327990,spill,FileSystemStorage,2097152,1,2097400,1579590,1094262
1779838638.329057,spill,FileSystemStorage,2097152,1,2097400,1666284,1101005
1779838638.330513,spill,FileSystemStorage,2097152,1,2097400,1343557,964053
1779838638.331518,spill,FileSystemStorage,2097152,1,2097400,1595308,1089229
1779838638.332388,spill,FileSystemStorage,2097152,1,2097400,1552994,1012924
1779838638.333147,spill,FileSystemStorage,2097152,1,2097400,1462065,1006512
1779838638.334208,spill,FileSystemStorage,2097152,1,2097400,1594399,1105988
1779838638.334959,spill,FileSystemStorage,2097152,1,2097400,1521555,1068767
1779838638.335489,spill,FileSystemStorage,2097152,1,2097400,1532222,1089523
1779838638.336290,spill,FileSystemStorage,2097152,1,2097400,1545147,998202
1779838638.337317,spill,FileSystemStorage,2097152,1,2097400,1443939,990985
1779838638.337879,spill,FileSystemStorage,2097152,1,2097400,1441319,1018449
1779838638.338734,spill,FileSystemStorage,2097152,1,2097400,1475574,970174
1779838638.339617,spill,FileSystemStorage,2097152,1,2097400,1618346,1057411
1779838638.340294,spill,FileSystemStorage,2097152,1,2097400,1488032,1042882
1779838638.341226,spill,FileSystemStorage,2097152,1,2097400,1438580,953126
1779838638.342221,spill,FileSystemStorage,2097152,1,2097400,1626950,1041161
1779838638.342893,spill,FileSystemStorage,2097152,1,2097400,1537323,1055238
1779838638.343675,spill,FileSystemStorage,2097152,1,2097400,1509570,978519
1779838638.344480,spill,FileSystemStorage,2097152,1,2097400,1470909,999025
1779838638.345228,spill,FileSystemStorage,2097152,1,2097400,1339095,1007454
1779838638.345978,spill,FileSystemStorage,2097152,1,2097400,1397075,1003215
1779838638.346853,spill,FileSystemStorage,2097152,1,2097400,1561866,1014040
1779838638.347585,spill,FileSystemStorage,2097152,1,2097400,1490396,1061263
1779838638.348373,spill,FileSystemStorage,2097152,1,2097400,1503842,997258
1779838638.349483,spill,FileSystemStorage,2097152,1,2097400,1486788,1009350
1779838638.350145,spill,FileSystemStorage,2097152,1,2097400,1418682,972711
1779838638.350918,spill,FileSystemStorage,2097152,1,2097400,1424785,1058605
1779838638.351829,spill,FileSystemStorage,2097152,1,2097400,1553840,1033653
1779838638.352582,spill,FileSystemStorage,2097152,1,2097400,1450945,1012314
1779838638.353318,spill,FileSystemStorage,2097152,1,2097400,1360580,993482
1779838638.354166,spill,FileSystemStorage,2097152,1,2097400,1424132,1048184
1779838638.354862,spill,FileSystemStorage,2097152,1,2097400,1405756,1009657
1779838638.355663,spill,FileSystemStorage,2097152,1,2097400,1431985,1033505
1779838638.356435,spill,FileSystemStorage,2097152,1,2097400,1476676,1034031
1779838638.357311,spill,FileSystemStorage,2097152,1,2097400,1429937,984572
1779838638.358007,spill,FileSystemStorage,2097152,1,2097400,1371590,1054198
1779838638.358852,spill,FileSystemStorage,2097152,1,2097400,1523134,1044919
1779838638.359602,spill,FileSystemStorage,2097152,1,2097400,1515586,1033070
1779838638.360276,spill,FileSystemStorage,2097152,1,2097400,1372008,1028520
1779838638.361407,spill,FileSystemStorage,2097152,1,2097400,1497812,1017471
1779838638.362063,spill,FileSystemStorage,2097152,1,2097400,1449981,1007168
1779838638.362830,spill,FileSystemStorage,2097152,1,2097400,1455305,1050717
1779838638.363694,spill,FileSystemStorage,2097152,1,2097400,1549335,1049345
1779838638.364285,spill,FileSystemStorage,2097152,1,2097400,1416589,1007980
1779838638.365339,spill,FileSystemStorage,2097152,1,2097400,1343121,1012008
1779838638.366162,spill,FileSystemStorage,2097152,1,2097400,1443348,1062675
1779838638.366643,spill,FileSystemStorage,2097152,1,2097400,1394040,1025522
1779838638.367491,spill,FileSystemStorage,2097152,1,2097400,1485286,1063483
1779838638.368379,spill,FileSystemStorage,2097152,1,2097400,1537763,1025927
1779838638.369224,spill,FileSystemStorage,2097152,1,2097400,1433040,972394
1779838638.370007,spill,FileSystemStorage,2097152,1,2097400,1396922,1059360
1779838638.370797,spill,FileSystemStorage,2097152,1,2097400,1461547,1033680
1779838638.371496,spill,FileSystemStorage,2097152,1,2097400,1441676,1038995
1779838638.372303,spill,FileSystemStorage,2097152,1,2097400,1465420,1022154
1779838638.373287,spill,FileSystemStorage,2097152,1,2097400,1439956,984720
1779838638.374093,spill,FileSystemStorage,2097152,1,2097400,1443400,1013700
1779838638.374713,spill,FileSystemStorage,2097152,1,2097400,1422230,1012946
1779838638.375854,spill,FileSystemStorage,2097152,1,2097400,1486052,1013965
1779838638.376790,spill,FileSystemStorage,2097152,1,2097400,1383569,1036530
1779838638.377455,spill,FileSystemStorage,2097152,1,2097400,1424067,994002
1779838638.378287,spill,FileSystemStorage,2097152,1,2097400,1486081,1037325
1779838638.379035,spill,FileSystemStorage,2097152,1,2097400,1532292,1111569
1779838638.379783,spill,FileSystemStorage,2097152,1,2097400,1467287,1006212
1779838638.380710,spill,FileSystemStorage,2097152,1,2097400,1536833,1044622
1779838638.381438,spill,FileSystemStorage,2097152,1,2097400,1446006,1091375
1779838638.382172,spill,FileSystemStorage,2097152,1,2097400,1438090,981012
1779838638.383089,spill,FileSystemStorage,2097152,1,2097400,1561163,1094689
1779838638.383711,spill,FileSystemStorage,2097152,1,2097400,1483664,1050591
1779838638.384502,spill,FileSystemStorage,2097152,1,2097400,1472023,975641
1779838638.385494,spill,FileSystemStorage,2097152,1,2097400,1439038,1022676
1779838638.386150,spill,FileSystemStorage,2097152,1,2097400,1432353,1035936
1779838638.387075,spill,FileSystemStorage,2097152,1,2097400,1546911,1014787
1779838638.387956,spill,FileSystemStorage,2097152,1,2097400,1632104,1053266
1779838638.388780,spill,FileSystemStorage,2097152,1,2097400,1419275,1074048
1779838638.389674,spill,FileSystemStorage,2097152,1,2097400,1493217,1022085
1779838638.390278,spill,FileSystemStorage,2097152,1,2097400,1514487,1109566
1779838638.390920,spill,FileSystemStorage,2097152,1,2097400,1464129,1060101
1779838638.391790,spill,FileSystemStorage,2097152,1,2097400,1503586,1005526
1779838638.392653,spill,FileSystemStorage,2097152,1,2097400,1581382,1063156
1779838638.393185,spill,FileSystemStorage,2097152,1,2097400,1413696,1026183
1779838638.394259,spill,FileSystemStorage,2097152,1,2097400,1499665,1018309
1779838638.394781,spill,FileSystemStorage,2097152,1,2097400,1464996,1050113
1779838638.395629,spill,FileSystemStorage,2097152,1,2097400,1557504,1084158
1779838638.396384,spill,FileSystemStorage,2097152,1,2097400,1465885,992409
1779838638.397376,spill,FileSystemStorage,2097152,1,2097400,1420145,1002184
1779838638.398113,spill,FileSystemStorage,2097152,1,2097400,1372420,1014485
1779838638.398907,spill,FileSystemStorage,2097152,1,2097400,1461149,1034193
1779838638.399680,spill,FileSystemStorage,2097152,1,2097400,1500860,1068707
1779838638.400403,spill,FileSystemStorage,2097152,1,2097400,1386043,1003426
1779838638.401259,spill,FileSystemStorage,2097152,1,2097400,1310128,988180
1779838638.402094,spill,FileSystemStorage,2097152,1,2097400,1423755,1042970
1779838638.402810,spill,FileSystemStorage,2097152,1,2097400,1360025,980582
1779838638.403708,spill,FileSystemStorage,2097152,1,2097400,1477445,1074718
1779838638.404510,spill,FileSystemStorage,2097152,1,2097400,1561774,1061324
1779838638.405155,spill,FileSystemStorage,2097152,1,2097400,1432437,990717
1779838638.406007,spill,FileSystemStorage,2097152,1,2097400,1489396,1053113
1779838638.406698,spill,FileSystemStorage,2097152,1,2097400,1397711,1022402
1779838638.407526,spill,FileSystemStorage,2097152,1,2097400,1484215,1057263
1779838638.408297,spill,FileSystemStorage,2097152,1,2097400,1426503,1038264
1779838638.409251,spill,FileSystemStorage,2097152,1,2097400,1478640,1040450
1779838638.409882,spill,FileSystemStorage,2097152,1,2097400,1368362,1011969
1779838638.410704,spill,FileSystemStorage,2097152,1,2097400,1427083,1005121
1779838638.411544,spill,FileSystemStorage,2097152,1,2097400,1531180,1087371
1779838638.412194,spill,FileSystemStorage,2097152,1,2097400,1412109,1006255
1779838638.413082,spill,FileSystemStorage,2097152,1,2097400,1385864,997549
1779838638.413898,spill,FileSystemStorage,2097152,1,2097400,1512051,1058473
1779838638.414489,spill,FileSystemStorage,2097152,1,2097400,1366259,974876
1779838638.415332,spill,FileSystemStorage,2097152,1,2097400,1499268,1056406
1779838638.416139,spill,FileSystemStorage,2097152,1,2097400,1454500,988022
1779838638.417271,spill,FileSystemStorage,2097152,1,2097400,1503757,1015723
1779838638.417895,spill,FileSystemStorage,2097152,1,2097400,1447413,1070878
1779838638.418611,spill,FileSystemStorage,2097152,1,2097400,1417816,1025870
1779838638.419388,spill,FileSystemStorage,2097152,1,2097400,1421872,1022980
1779838638.420486,spill,FileSystemStorage,2097152,1,2097400,1432544,1024339
1779838638.421536,spill,FileSystemStorage,2097152,1,2097400,1358323,1001080
1779838638.422203,spill,FileSystemStorage,2097152,1,2097400,1497794,1038646
1779838638.423005,spill,FileSystemStorage,2097152,1,2097400,1511345,1062295
1779838638.423771,spill,FileSystemStorage,2097152,1,2097400,1494340,1033607
1779838638.424497,spill,FileSystemStorage,2097152,1,2097400,1426090,1035668
1779838638.425303,spill,FileSystemStorage,2097152,1,2097400,1373292,1021658
1779838638.425972,spill,FileSystemStorage,2097152,1,2097400,1351104,1016273
1779838638.426851,spill,FileSystemStorage,2097152,1,2097400,1506577,1007799
1779838638.427620,spill,FileSystemStorage,2097152,1,2097400,1422515,1057578
1779838638.428410,spill,FileSystemStorage,2097152,1,2097400,1418734,995542
1779838638.429438,spill,FileSystemStorage,2097152,1,2097400,1480631,1002658
1779838638.430011,spill,FileSystemStorage,2097152,1,2097400,1415614,1020048
1779838638.430790,spill,FileSystemStorage,2097152,1,2097400,1410171,986207
1779838638.431681,spill,FileSystemStorage,2097152,1,2097400,1502288,1066242
1779838638.432413,spill,FileSystemStorage,2097152,1,2097400,1422179,1050249
1779838638.433261,spill,FileSystemStorage,2097152,1,2097400,1337738,966984
1779838638.434133,spill,FileSystemStorage,2097152,1,2097400,1400467,1030680
1779838638.434923,spill,FileSystemStorage,2097152,1,2097400,1503022,1069857
1779838638.435692,spill,FileSystemStorage,2097152,1,2097400,1466992,1013608
1779838638.436510,spill,FileSystemStorage,2097152,1,2097400,1421537,1025551
1779838638.437389,spill,FileSystemStorage,2097152,1,2097400,1389665,1000389
1779838638.438187,spill,FileSystemStorage,2097152,1,2097400,1411289,1012981
1779838638.438956,spill,FileSystemStorage,2097152,1,2097400,1489982,1056247
1779838638.439876,spill,FileSystemStorage,2097152,1,2097400,1539606,1044626
1779838638.440575,spill,FileSystemStorage,2097152,1,2097400,1381082,1037726
1779838638.441406,spill,FileSystemStorage,2097152,1,2097400,1374611,1000898
1779838638.442302,spill,FileSystemStorage,2097152,1,2097400,1477199,1002167
1779838638.443109,spill,FileSystemStorage,2097152,1,2097400,1531290,1034443
1779838638.444015,spill,FileSystemStorage,2097152,1,2097400,1578895,992959
1779838638.444756,spill,FileSystemStorage,2097152,1,2097400,1479586,1067866
1779838638.445538,spill,FileSystemStorage,2097152,1,2097400,1401385,999471
1779838638.446260,spill,FileSystemStorage,2097152,1,2097400,1466143,1075088
1779838638.447035,spill,FileSystemStorage,2097152,1,2097400,1468682,1071651
1779838638.447848,spill,FileSystemStorage,2097152,1,2097400,1503137,999358
1779838638.448738,spill,FileSystemStorage,2097152,1,2097400,1500531,1046045
1779838638.449436,spill,FileSystemStorage,2097152,1,2097400,1392423,1012945
1779838638.450285,spill,FileSystemStorage,2097152,1,2097400,1478315,966385
1779838638.451192,spill,FileSystemStorage,2097152,1,2097400,1512039,1057293
1779838638.451874,spill,FileSystemStorage,2097152,1,2097400,1468456,1057719
1779838638.452499,spill,FileSystemStorage,2097152,1,2097400,1432512,1024084
1779838638.453348,spill,FileSystemStorage,2097152,1,2097400,1378749,970778
1779838638.454145,spill,FileSystemStorage,2097152,1,2097400,1450697,1022885
1779838638.454967,spill,FileSystemStorage,2097152,1,2097400,1538855,988030
1779838638.455738,spill,FileSystemStorage,2097152,1,2097400,1454501,1003813
1779838638.456898,spill,FileSystemStorage,2097152,1,2097400,1566166,1041480
1779838638.457520,spill,FileSystemStorage,2097152,1,2097400,1540060,1010365
1779838638.458249,spill,FileSystemStorage,2097152,1,2097400,1489740,981820
1779838638.459229,spill,FileSystemStorage,2097152,1,2097400,1665027,1070186
1779838638.459933,spill,FileSystemStorage,2097152,1,2097400,1560177,1010649
1779838638.460675,spill,FileSystemStorage,2097152,1,2097400,1390297,995294
1779838638.461532,spill,FileSystemStorage,2097152,1,2097400,1480324,1062570
1779838638.462166,spill,FileSystemStorage,2097152,1,2097400,1425906,1011988
1779838638.462908,spill,FileSystemStorage,2097152,1,2097400,1434831,994810
1779838638.463890,spill,FileSystemStorage,2097152,1,2097400,1581363,989367
1779838638.464930,spill,FileSystemStorage,2097152,1,2097400,1412571,982467
1779838638.465465,spill,FileSystemStorage,2097152,1,2097400,1310821,1025331
1779838638.466311,spill,FileSystemStorage,2097152,1,2097400,1496928,984376
1779838638.467082,spill,FileSystemStorage,2097152,1,2097400,1475578,1033757
1779838638.467790,spill,FileSystemStorage,2097152,1,2097400,1429353,1016637
1779838638.468778,spill,FileSystemStorage,2097152,1,2097400,1565098,1017721
1779838638.469445,spill,FileSystemStorage,2097152,1,2097400,1428365,1021602
1779838638.470165,spill,FileSystemStorage,2097152,1,2097400,1358215,978478
1779838638.471124,spill,FileSystemStorage,2097152,1,2097400,1522647,1035353
1779838638.471773,spill,FileSystemStorage,2097152,1,2097400,1418974,1053834
1779838638.472633,spill,FileSystemStorage,2097152,1,2097400,1326070,964947
1779838638.473547,spill,FileSystemStorage,2097152,1,2097400,1559179,1049530
1779838638.474144,spill,FileSystemStorage,2097152,1,2097400,1432303,1010585
1779838638.474897,spill,FileSystemStorage,2097152,1,2097400,1400669,996616
1779838638.475879,spill,FileSystemStorage,2097152,1,2097400,1620978,1081839
1779838638.476411,spill,FileSystemStorage,2097152,1,2097400,1364132,976125
1779838638.477347,spill,FileSystemStorage,2097152,1,2097400,1397400,1006156
1779838638.478049,spill,FileSystemStorage,2097152,1,2097400,1331246,959802
1779838638.478969,spill,FileSystemStorage,2097152,1,2097400,1520291,1050964
1779838638.479744,spill,FileSystemStorage,2097152,1,2097400,1475044,1041406
1779838638.480451,spill,FileSystemStorage,2097152,1,2097400,1393257,974049
1779838638.481376,spill,FileSystemStorage,2097152,1,2097400,1498957,1045368
1779838638.482065,spill,FileSystemStorage,2097152,1,2097400,1436916,962101
1779838638.482831,spill,FileSystemStorage,2097152,1,2097400,1413713,995740
1779838638.483663,spill,FileSystemStorage,2097152,1,2097400,1528123,1079897
1779838638.484286,spill,FileSystemStorage,2097152,1,2097400,1334019,987834
1779838638.485129,spill,FileSystemStorage,2097152,1,2097400,1337538,979523
1779838638.486087,spill,FileSystemStorage,2097152,1,2097400,1518593,1020022
1779838638.486768,spill,FileSystemStorage,2097152,1,2097400,1411059,997775
1779838638.487583,spill,FileSystemStorage,2097152,1,2097400,1449573,987940
1779838638.488508,spill,FileSystemStorage,2097152,1,2097400,1556977,1019551
1779838638.489239,spill,FileSystemStorage,2097152,1,2097400,1402926,1008927
1779838638.489921,spill,FileSystemStorage,2097152,1,2097400,1376081,944774
1779838638.490905,spill,FileSystemStorage,2097152,1,2097400,1591149,1070470
1779838638.491513,spill,FileSystemStorage,2097152,1,2097400,1400290,1021721
1779838638.492293,spill,FileSystemStorage,2097152,1,2097400,1338810,967478
1779838638.493163,spill,FileSystemStorage,2097152,1,2097400,1334807,960667
1779838638.493992,spill,FileSystemStorage,2097152,1,2097400,1312642,944707
1779838638.494845,spill,FileSystemStorage,2097152,1,2097400,1492787,1038905
1779838638.495574,spill,FileSystemStorage,2097152,1,2097400,1435028,1041139
1779838638.496247,spill,FileSystemStorage,2097152,1,2097400,1344992,949128
1779838638.497653,spill,FileSystemStorage,2097152,1,2097400,1377860,1002446
1779838638.498147,spill,FileSystemStorage,2097152,1,2097400,1365930,1018330
1779838638.499116,spill,FileSystemStorage,2097152,1,2097400,1588210,1086197
1779838638.499814,spill,FileSystemStorage,2097152,1,2097400,1536958,1103839
1779838638.500445,spill,FileSystemStorage,2097152,1,2097400,1353736,964778
1779838638.501466,spill,FileSystemStorage,2097152,1,2097400,1442915,1066702
1779838638.502041,spill,FileSystemStorage,2097152,1,2097400,1327808,992362
1779838638.502764,spill,FileSystemStorage,2097152,1,2097400,1344175,973616
1779838638.503786,spill,FileSystemStorage,2097152,1,2097400,1588261,1129432
1779838638.504355,spill,FileSystemStorage,2097152,1,2097400,1333635,947946
1779838638.505362,spill,FileSystemStorage,2097152,1,2097400,1438249,992041
1779838638.506165,spill,FileSystemStorage,2097152,1,2097400,1535300,1061775
1779838638.506810,spill,FileSystemStorage,2097152,1,2097400,1394529,953147
1779838638.507722,spill,FileSystemStorage,2097152,1,2097400,1464482,1035658
1779838638.508548,spill,FileSystemStorage,2097152,1,2097400,1469199,1068093
1779838638.509286,spill,FileSystemStorage,2097152,1,2097400,1406378,977849
1779838638.510518,spill,FileSystemStorage,2097152,1,2097400,1552786,1047155
1779838638.511212,spill,FileSystemStorage,2097152,1,2097400,1453286,1031190
1779838638.512003,spill,FileSystemStorage,2097152,1,2097400,1392067,964718
1779838638.512967,spill,FileSystemStorage,2097152,1,2097400,1404531,1053855
1779838638.513686,spill,FileSystemStorage,2097152,1,2097400,1351405,962564
1779838638.514578,spill,FileSystemStorage,2097152,1,2097400,1351893,939965
1779838638.515521,spill,FileSystemStorage,2097152,1,2097400,1527120,1079676
1779838638.516172,spill,FileSystemStorage,2097152,1,2097400,1348629,954601
1779838638.517145,spill,FileSystemStorage,2097152,1,2097400,1317821,936808
1779838638.518062,spill,FileSystemStorage,2097152,1,2097400,1435212,978262
1779838638.518916,spill,FileSystemStorage,2097152,1,2097400,1442953,964064
1779838638.519775,spill,FileSystemStorage,2097152,1,2097400,1464953,1010263
1779838638.520641,spill,FileSystemStorage,2097152,1,2097400,1470348,999976
1779838638.521343,spill,FileSystemStorage,2097152,1,2097400,1293437,952365
1779838638.522164,spill,FileSystemStorage,2097152,1,2097400,1460905,1055216
1779838638.523015,spill,FileSystemStorage,2097152,1,2097400,1539850,1026555
1779838638.523802,spill,FileSystemStorage,2097152,1,2097400,1495915,1034895
1779838638.524554,spill,FileSystemStorage,2097152,1,2097400,1398010,1038413
1779838638.525371,spill,FileSystemStorage,2097152,1,2097400,1471506,991172
1779838638.526132,spill,FileSystemStorage,2097152,1,2097400,1433216,1037353
1779838638.526817,spill,FileSystemStorage,2097152,1,2097400,1403266,1025308
1779838638.527805,spill,FileSystemStorage,2097152,1,2097400,1567951,1044874
1779838638.528423,spill,FileSystemStorage,2097152,1,2097400,1407706,1017193
1779838638.529613,spill,FileSystemStorage,2097152,1,2097400,1453480,1017277
1779838638.530147,spill,FileSystemStorage,2097152,1,2097400,1401148,1010637
1779838638.531182,spill,FileSystemStorage,2097152,1,2097400,1494594,1040856
1779838638.531800,spill,FileSystemStorage,2097152,1,2097400,1438603,1001402
1779838638.532702,spill,FileSystemStorage,2097152,1,2097400,1328505,998898
1779838638.533455,spill,FileSystemStorage,2097152,1,2097400,1372162,1000559
1779838638.534218,spill,FileSystemStorage,2097152,1,2097400,1485538,1048943
1779838638.535127,spill,FileSystemStorage,2097152,1,2097400,1600228,1065947
1779838638.535817,spill,FileSystemStorage,2097152,1,2097400,1489317,1012150
1779838638.536692,spill,FileSystemStorage,2097152,1,2097400,1465365,1073214
1779838638.537419,spill,FileSystemStorage,2097152,1,2097400,1408355,983566
1779838638.538239,spill,FileSystemStorage,2097152,1,2097400,1404964,958245
1779838638.539179,spill,FileSystemStorage,2097152,1,2097400,1455061,1016606
1779838638.539926,spill,FileSystemStorage,2097152,1,2097400,1421803,983251
1779838638.541091,spill,FileSystemStorage,2097152,1,2097400,1381190,972235
1779838638.541667,spill,FileSystemStorage,2097152,1,2097400,1413382,1018624
1779838638.542575,spill,FileSystemStorage,2097152,1,2097400,1398402,964789
1779838638.543381,spill,FileSystemStorage,2097152,1,2097400,1513925,985973
1779838638.615050,spill,FileSystemStorage,2097152,240,503376000,309010495,234801957
1779838643.824110,restore,FileSystemStorage,2097152,1,2097400,1757436,1639109
1779838643.829472,restore,FileSystemStorage,2097152,1,2097400,1647351,1555451
1779838643.834450,restore,FileSystemStorage,2097152,1,2097400,1623720,1539109
1779838643.839374,restore,FileSystemStorage,2097152,1,2097400,1662597,1573669
1779838643.843781,restore,FileSystemStorage,2097152,1,2097400,1185941,1102100
1779838643.848214,restore,FileSystemStorage,2097152,1,2097400,1292024,1238535
1779838643.851683,restore,FileSystemStorage,2097152,1,2097400,1093961,1040318
1779838643.855798,restore,FileSystemStorage,2097152,1,2097400,1024000,975542
1779838643.859705,restore,FileSystemStorage,2097152,1,2097400,1222135,1178269
1779838643.864003,restore,FileSystemStorage,2097152,1,2097400,1253629,1209720
1779838643.868742,restore,FileSystemStorage,2097152,1,2097400,1356868,1275901
1779838643.874193,restore,FileSystemStorage,2097152,1,2097400,1382554,1305700
1779838643.879481,restore,FileSystemStorage,2097152,1,2097400,1597906,1513349
1779838643.884252,restore,FileSystemStorage,2097152,1,2097400,1454038,1372070
1779838643.889088,restore,FileSystemStorage,2097152,1,2097400,1491825,1405913
1779838643.894725,restore,FileSystemStorage,2097152,1,2097400,1670467,1591577
1779838643.899106,restore,FileSystemStorage,2097152,1,2097400,1323059,1244024
1779838643.904042,restore,FileSystemStorage,2097152,1,2097400,1470262,1417985
1779838643.908506,restore,FileSystemStorage,2097152,1,2097400,1276499,1195994
1779838643.914133,restore,FileSystemStorage,2097152,1,2097400,1472392,1416785
1779838643.920165,restore,FileSystemStorage,2097152,1,2097400,1547842,1465768
1779838643.925681,restore,FileSystemStorage,2097152,1,2097400,1474407,1390384
1779838643.930753,restore,FileSystemStorage,2097152,1,2097400,1336790,1254971
1779838643.936116,restore,FileSystemStorage,2097152,1,2097400,1103201,1043719
1779838643.941475,restore,FileSystemStorage,2097152,1,2097400,1536754,1451575
1779838643.947298,restore,FileSystemStorage,2097152,1,2097400,1249622,1163727
1779838643.952817,restore,FileSystemStorage,2097152,1,2097400,1722094,1635911
1779838643.957582,restore,FileSystemStorage,2097152,1,2097400,1273649,1186750
1779838643.961819,restore,FileSystemStorage,2097152,1,2097400,1477858,1395954
1779838643.967304,restore,FileSystemStorage,2097152,1,2097400,1259793,1176263
1779838643.972860,restore,FileSystemStorage,2097152,1,2097400,1714903,1632599
1779838643.978328,restore,FileSystemStorage,2097152,1,2097400,1048463,960636
1779838643.984776,restore,FileSystemStorage,2097152,1,2097400,1714419,1625462
1779838643.990751,restore,FileSystemStorage,2097152,1,2097400,1488716,1403841
1779838643.995830,restore,FileSystemStorage,2097152,1,2097400,1354232,1264784
1779838644.000994,restore,FileSystemStorage,2097152,1,2097400,1339493,1262874
1779838644.006542,restore,FileSystemStorage,2097152,1,2097400,1286581,1211301
1779838644.012208,restore,FileSystemStorage,2097152,1,2097400,1465629,1381970
1779838644.017548,restore,FileSystemStorage,2097152,1,2097400,1429237,1355633
1779838644.023672,restore,FileSystemStorage,2097152,1,2097400,1254928,1177723
1779838644.029897,restore,FileSystemStorage,2097152,1,2097400,1497207,1423581
1779838644.036186,restore,FileSystemStorage,2097152,1,2097400,1599648,1518290
1779838644.041373,restore,FileSystemStorage,2097152,1,2097400,1510879,1431993
1779838644.047667,restore,FileSystemStorage,2097152,1,2097400,1213972,1120580
1779838644.052541,restore,FileSystemStorage,2097152,1,2097400,1824105,1738653
1779838644.057854,restore,FileSystemStorage,2097152,1,2097400,1214318,1128608
1779838644.062734,restore,FileSystemStorage,2097152,1,2097400,1495894,1399537
1779838644.067906,restore,FileSystemStorage,2097152,1,2097400,1347279,1260488
1779838644.073758,restore,FileSystemStorage,2097152,1,2097400,1519369,1454211
1779838644.079944,restore,FileSystemStorage,2097152,1,2097400,1667282,1567156
1779838644.085609,restore,FileSystemStorage,2097152,1,2097400,1657936,1566458
1779838644.091001,restore,FileSystemStorage,2097152,1,2097400,1397603,1281041
1779838644.095695,restore,FileSystemStorage,2097152,1,2097400,1656098,1567561
1779838644.100645,restore,FileSystemStorage,2097152,1,2097400,1179176,1071100
1779838644.104504,restore,FileSystemStorage,2097152,1,2097400,1091389,998715
1779838644.108019,restore,FileSystemStorage,2097152,1,2097400,1087861,999282
1779838644.112020,restore,FileSystemStorage,2097152,1,2097400,1003172,940737
1779838644.115915,restore,FileSystemStorage,2097152,1,2097400,1094697,1028220
1779838644.120501,restore,FileSystemStorage,2097152,1,2097400,1100935,1019511
1779838644.124080,restore,FileSystemStorage,2097152,1,2097400,1062752,996362
1779838644.128666,restore,FileSystemStorage,2097152,1,2097400,1019726,963643
1779838644.133071,restore,FileSystemStorage,2097152,1,2097400,999884,943425
1779838644.136594,restore,FileSystemStorage,2097152,1,2097400,1060491,980319
1779838644.141227,restore,FileSystemStorage,2097152,1,2097400,1347323,1284795
1779838644.145966,restore,FileSystemStorage,2097152,1,2097400,1270218,1215533
1779838644.150723,restore,FileSystemStorage,2097152,1,2097400,1296821,1239670
1779838644.155803,restore,FileSystemStorage,2097152,1,2097400,1522365,1467805
1779838644.160309,restore,FileSystemStorage,2097152,1,2097400,1516311,1439248
1779838644.165076,restore,FileSystemStorage,2097152,1,2097400,1542280,1463581
1779838644.170639,restore,FileSystemStorage,2097152,1,2097400,1300438,1221199
1779838644.175469,restore,FileSystemStorage,2097152,1,2097400,1539780,1482403
1779838644.181309,restore,FileSystemStorage,2097152,1,2097400,1380302,1300009
1779838644.187551,restore,FileSystemStorage,2097152,1,2097400,1690845,1604765
1779838644.192251,restore,FileSystemStorage,2097152,1,2097400,936567,851876
1779838644.196983,restore,FileSystemStorage,2097152,1,2097400,1301878,1241676
1779838644.202140,restore,FileSystemStorage,2097152,1,2097400,1658944,1575099
1779838644.207850,restore,FileSystemStorage,2097152,1,2097400,1423277,1359900
1779838644.213047,restore,FileSystemStorage,2097152,1,2097400,1357994,1276363
1779838644.218620,restore,FileSystemStorage,2097152,1,2097400,1152798,1078554
1779838644.223709,restore,FileSystemStorage,2097152,1,2097400,1478987,1393343
1779838644.229213,restore,FileSystemStorage,2097152,1,2097400,1316001,1228335
1779838644.235053,restore,FileSystemStorage,2097152,1,2097400,1487221,1400051
1779838644.240731,restore,FileSystemStorage,2097152,1,2097400,1397610,1308130
1779838644.247009,restore,FileSystemStorage,2097152,1,2097400,1367052,1282206
1779838644.251943,restore,FileSystemStorage,2097152,1,2097400,1194161,1110116
1779838644.257864,restore,FileSystemStorage,2097152,1,2097400,1411217,1322411
1779838644.261697,restore,FileSystemStorage,2097152,1,2097400,1324244,1262364
1779838644.266727,restore,FileSystemStorage,2097152,1,2097400,1313006,1229924
1779838644.272613,restore,FileSystemStorage,2097152,1,2097400,1742002,1649334
1779838644.277889,restore,FileSystemStorage,2097152,1,2097400,1286832,1216002
1779838644.281639,restore,FileSystemStorage,2097152,1,2097400,1348339,1275801
1779838644.284175,restore,FileSystemStorage,2097152,1,2097400,1309830,1241328
1779838644.289542,restore,FileSystemStorage,2097152,1,2097400,1473659,1395581
1779838644.293186,restore,FileSystemStorage,2097152,1,2097400,923555,848074
1779838644.298557,restore,FileSystemStorage,2097152,1,2097400,1321669,1247216
1779838644.302616,restore,FileSystemStorage,2097152,1,2097400,1245078,1192658
1779838644.307726,restore,FileSystemStorage,2097152,1,2097400,1331409,1258908
1779838644.313389,restore,FileSystemStorage,2097152,1,2097400,1556539,1480292
1779838644.319406,restore,FileSystemStorage,2097152,1,2097400,1429091,1353818
1779838644.325226,restore,FileSystemStorage,2097152,1,2097400,1566950,1487725
1779838644.330285,restore,FileSystemStorage,2097152,1,2097400,1374598,1298894
1779838644.336676,restore,FileSystemStorage,2097152,1,2097400,1627926,1550484
1779838644.342053,restore,FileSystemStorage,2097152,1,2097400,1463666,1388742
1779838644.347937,restore,FileSystemStorage,2097152,1,2097400,1542955,1460507
1779838644.353427,restore,FileSystemStorage,2097152,1,2097400,1484165,1406108
1779838644.358791,restore,FileSystemStorage,2097152,1,2097400,1349259,1272760
1779838644.364210,restore,FileSystemStorage,2097152,1,2097400,1536907,1449415
1779838644.368581,restore,FileSystemStorage,2097152,1,2097400,1581069,1495601
1779838644.373887,restore,FileSystemStorage,2097152,1,2097400,1311357,1233728
1779838644.378992,restore,FileSystemStorage,2097152,1,2097400,1286153,1213523
1779838644.383004,restore,FileSystemStorage,2097152,1,2097400,1304434,1225851
1779838644.385053,restore,FileSystemStorage,2097152,1,2097400,1074643,999524
1779838644.390664,restore,FileSystemStorage,2097152,1,2097400,1383146,1305541
1779838644.394845,restore,FileSystemStorage,2097152,1,2097400,1191356,1127689
1779838644.400595,restore,FileSystemStorage,2097152,1,2097400,1519411,1440270
1779838644.406694,restore,FileSystemStorage,2097152,1,2097400,1319550,1240595
1779838644.412589,restore,FileSystemStorage,2097152,1,2097400,1667811,1560565
1779838644.418737,restore,FileSystemStorage,2097152,1,2097400,1323604,1249873
1779838644.424353,restore,FileSystemStorage,2097152,1,2097400,1052071,978887
1779838644.429761,restore,FileSystemStorage,2097152,1,2097400,994654,943563
1779838644.434668,restore,FileSystemStorage,2097152,1,2097400,934695,882051
1779838644.441341,restore,FileSystemStorage,2097152,1,2097400,1552750,1478908
1779838644.447624,restore,FileSystemStorage,2097152,1,2097400,1657615,1578602
1779838644.453048,restore,FileSystemStorage,2097152,1,2097400,1074110,999834
1779838644.457512,restore,FileSystemStorage,2097152,1,2097400,1048328,992337
1779838644.462371,restore,FileSystemStorage,2097152,1,2097400,1314364,1258747
1779838644.468032,restore,FileSystemStorage,2097152,1,2097400,1378334,1330342
1779838644.472980,restore,FileSystemStorage,2097152,1,2097400,1387051,1305426
1779838644.478783,restore,FileSystemStorage,2097152,1,2097400,1227150,1150589
1779838644.483745,restore,FileSystemStorage,2097152,1,2097400,1106858,1031529
1779838644.488560,restore,FileSystemStorage,2097152,1,2097400,1049343,988044
1779838644.493469,restore,FileSystemStorage,2097152,1,2097400,882864,809781
1779838644.498549,restore,FileSystemStorage,2097152,1,2097400,1203702,1157194
1779838644.503382,restore,FileSystemStorage,2097152,1,2097400,1036927,988706
1779838644.508668,restore,FileSystemStorage,2097152,1,2097400,1056685,983346
1779838644.513546,restore,FileSystemStorage,2097152,1,2097400,1117994,1061384
1779838644.519111,restore,FileSystemStorage,2097152,1,2097400,1396429,1320777
1779838644.523910,restore,FileSystemStorage,2097152,1,2097400,1290387,1239764
1779838644.529723,restore,FileSystemStorage,2097152,1,2097400,1287425,1216887
1779838644.535578,restore,FileSystemStorage,2097152,1,2097400,1520651,1445626
1779838644.541770,restore,FileSystemStorage,2097152,1,2097400,1503846,1428686
1779838644.547056,restore,FileSystemStorage,2097152,1,2097400,1324800,1247445
1779838644.552084,restore,FileSystemStorage,2097152,1,2097400,1178914,1123385
1779838644.557391,restore,FileSystemStorage,2097152,1,2097400,1336066,1260384
1779838644.562292,restore,FileSystemStorage,2097152,1,2097400,1097963,1024714
1779838644.566582,restore,FileSystemStorage,2097152,1,2097400,1033592,981450
1779838644.571249,restore,FileSystemStorage,2097152,1,2097400,1057828,998846
1779838644.575480,restore,FileSystemStorage,2097152,1,2097400,1019157,959057
1779838644.580635,restore,FileSystemStorage,2097152,1,2097400,1032392,981373
1779838644.586427,restore,FileSystemStorage,2097152,1,2097400,1067030,996581
1779838644.590779,restore,FileSystemStorage,2097152,1,2097400,995943,939236
1779838644.595746,restore,FileSystemStorage,2097152,1,2097400,1734700,1677011
1779838644.601049,restore,FileSystemStorage,2097152,1,2097400,1569368,1496967
1779838644.606329,restore,FileSystemStorage,2097152,1,2097400,1348585,1273438
1779838644.612072,restore,FileSystemStorage,2097152,1,2097400,1509896,1434037
1779838644.617981,restore,FileSystemStorage,2097152,1,2097400,1465185,1386584
1779838644.623745,restore,FileSystemStorage,2097152,1,2097400,1412915,1332546
1779838644.629871,restore,FileSystemStorage,2097152,1,2097400,1396888,1317626
1779838644.634794,restore,FileSystemStorage,2097152,1,2097400,1334418,1261589
1779838644.640691,restore,FileSystemStorage,2097152,1,2097400,1640225,1561862
1779838644.646223,restore,FileSystemStorage,2097152,1,2097400,1305261,1227030
1779838644.652478,restore,FileSystemStorage,2097152,1,2097400,1625715,1528148
1779838644.657907,restore,FileSystemStorage,2097152,1,2097400,1489150,1407796
1779838644.662921,restore,FileSystemStorage,2097152,1,2097400,1375113,1299403
1779838644.668669,restore,FileSystemStorage,2097152,1,2097400,1335488,1259603
1779838644.673988,restore,FileSystemStorage,2097152,1,2097400,1389403,1309868
1779838644.680125,restore,FileSystemStorage,2097152,1,2097400,1583985,1522709
1779838644.685812,restore,FileSystemStorage,2097152,1,2097400,1581992,1498000
1779838644.691531,restore,FileSystemStorage,2097152,1,2097400,1528206,1450881
1779838644.696694,restore,FileSystemStorage,2097152,1,2097400,1630604,1553849
1779838644.702309,restore,FileSystemStorage,2097152,1,2097400,1284572,1208981
1779838644.708440,restore,FileSystemStorage,2097152,1,2097400,1520772,1416542
1779838649.167310,spill,FileSystemStorage,4194304,2,8389104,10161930,4777115
1779838649.169062,spill,FileSystemStorage,4194304,1,4194552,6344503,2551553
1779838649.173491,spill,FileSystemStorage,4194304,1,4194552,4816117,2355476
1779838649.174801,spill,FileSystemStorage,4194304,1,4194552,4880036,2348411
1779838649.175136,spill,FileSystemStorage,4194304,3,12583656,14416560,6693681
1779838649.177462,spill,FileSystemStorage,4194304,1,4194552,3160756,2365295
1779838649.179769,spill,FileSystemStorage,4194304,1,4194552,3716272,2525947
1779838649.180187,spill,FileSystemStorage,4194304,1,4194552,3438808,2632451
1779838649.181452,spill,FileSystemStorage,4194304,1,4194552,3246481,2481472
1779838649.183931,spill,FileSystemStorage,4194304,1,4194552,3367980,2610570
1779838649.184166,spill,FileSystemStorage,4194304,1,4194552,3459797,2662583
1779838649.185271,spill,FileSystemStorage,4194304,1,4194552,3324739,2531403
1779838649.187742,spill,FileSystemStorage,4194304,1,4194552,3262372,2488131
1779838649.187882,spill,FileSystemStorage,4194304,1,4194552,3291079,2517697
1779838649.188970,spill,FileSystemStorage,4194304,1,4194552,3285818,2519418
1779838649.191572,spill,FileSystemStorage,4194304,1,4194552,3232244,2480764
1779838649.191725,spill,FileSystemStorage,4194304,1,4194552,3317495,2577863
1779838649.192610,spill,FileSystemStorage,4194304,1,4194552,3252975,2494026
1779838649.195490,spill,FileSystemStorage,4194304,1,4194552,3283716,2543430
1779838649.195491,spill,FileSystemStorage,4194304,1,4194552,3320521,2548923
1779838649.196300,spill,FileSystemStorage,4194304,1,4194552,3287841,2541557
1779838649.199057,spill,FileSystemStorage,4194304,1,4194552,3201856,2457465
1779838649.199455,spill,FileSystemStorage,4194304,1,4194552,3503674,2695982
1779838649.199847,spill,FileSystemStorage,4194304,1,4194552,3238394,2475286
1779838649.202783,spill,FileSystemStorage,4194304,1,4194552,3179831,2438156
1779838649.203342,spill,FileSystemStorage,4194304,1,4194552,3090689,2486973
1779838649.203398,spill,FileSystemStorage,4194304,1,4194552,3561702,2748781
1779838649.206453,spill,FileSystemStorage,4194304,1,4194552,3241139,2421433
1779838649.207282,spill,FileSystemStorage,4194304,1,4194552,3531974,2717588
1779838649.209936,spill,FileSystemStorage,4194304,1,4194552,3135566,2381475
1779838649.210931,spill,FileSystemStorage,4194304,1,4194552,3258981,2524282
1779838649.211949,spill,FileSystemStorage,4194304,2,8389104,8121415,5012637
1779838649.213440,spill,FileSystemStorage,4194304,1,4194552,3166707,2437764
1779838649.215451,spill,FileSystemStorage,4194304,1,4194552,3307729,2552220
1779838649.215608,spill,FileSystemStorage,4194304,1,4194552,3279857,2569815
1779838649.216973,spill,FileSystemStorage,4194304,1,4194552,3050279,2461805
1779838649.219696,spill,FileSystemStorage,4194304,1,4194552,3306837,2560351
1779838649.220129,spill,FileSystemStorage,4194304,1,4194552,3659004,2813472
1779838649.220688,spill,FileSystemStorage,4194304,1,4194552,3124132,2527781
1779838649.223211,spill,FileSystemStorage,4194304,1,4194552,3127410,2529433
1779838649.224007,spill,FileSystemStorage,4194304,1,4194552,3468613,2807289
1779838649.224308,spill,FileSystemStorage,4194304,1,4194552,3120664,2518425
1779838649.226781,spill,FileSystemStorage,4194304,1,4194552,3098284,2521827
1779838649.227766,spill,FileSystemStorage,4194304,1,4194552,3076141,2481332
1779838649.227860,spill,FileSystemStorage,4194304,1,4194552,3435464,2771848
1779838649.230473,spill,FileSystemStorage,4194304,1,4194552,3078453,2492060
1779838649.231583,spill,FileSystemStorage,4194304,1,4194552,3260477,2639633
1779838649.231720,spill,FileSystemStorage,4194304,1,4194552,3473747,2815189
1779838649.233887,spill,FileSystemStorage,4194304,1,4194552,3089406,2447680
1779838649.235197,spill,FileSystemStorage,4194304,1,4194552,3247270,2590130
1779838649.235420,spill,FileSystemStorage,4194304,1,4194552,3281965,2634786
1779838649.237424,spill,FileSystemStorage,4194304,1,4194552,3104741,2494190
1779838649.238836,spill,FileSystemStorage,4194304,1,4194552,3168204,2575148
1779838649.239413,spill,FileSystemStorage,4194304,1,4194552,3635438,2798808
1779838649.241024,spill,FileSystemStorage,4194304,1,4194552,3273387,2536161
1779838649.242340,spill,FileSystemStorage,4194304,1,4194552,3130994,2527394
1779838649.243387,spill,FileSystemStorage,4194304,1,4194552,3647070,2847231
1779838649.244551,spill,FileSystemStorage,4194304,1,4194552,3158946,2575024
1779838649.245802,spill,FileSystemStorage,4194304,1,4194552,3124485,2496264
1779838649.247329,spill,FileSystemStorage,4194304,1,4194552,3407974,2787926
1779838649.248041,spill,FileSystemStorage,4194304,1,4194552,3145942,2539916
1779838649.249262,spill,FileSystemStorage,4194304,1,4194552,3127321,2527768
1779838649.251061,spill,FileSystemStorage,4194304,1,4194552,3376826,2732897
1779838649.251509,spill,FileSystemStorage,4194304,1,4194552,3123041,2522423
1779838649.252720,spill,FileSystemStorage,4194304,1,4194552,3047676,2460366
1779838649.254903,spill,FileSystemStorage,4194304,1,4194552,3165092,2514747
1779838649.255292,spill,FileSystemStorage,4194304,1,4194552,3052678,2468481
1779838649.256199,spill,FileSystemStorage,4194304,1,4194552,2998985,2423873
1779838649.258895,spill,FileSystemStorage,4194304,1,4194552,3391886,2485781
1779838649.258915,spill,FileSystemStorage,4194304,1,4194552,3321495,2488725
1779838649.259777,spill,FileSystemStorage,4194304,1,4194552,3042853,2468155
1779838649.262719,spill,FileSystemStorage,4194304,1,4194552,3083771,2509618
1779838649.263142,spill,FileSystemStorage,4194304,1,4194552,3505442,2730526
1779838649.263909,spill,FileSystemStorage,4194304,1,4194552,3214491,2464734
1779838649.266293,spill,FileSystemStorage,4194304,1,4194552,3129521,2386920
1779838649.267346,spill,FileSystemStorage,4194304,1,4194552,3466176,2686748
1779838649.267582,spill,FileSystemStorage,4194304,1,4194552,3165498,2428633
1779838649.269706,spill,FileSystemStorage,4194304,1,4194552,3082939,2442440
1779838649.271505,spill,FileSystemStorage,4194304,1,4194552,3608479,2818935
1779838649.271536,spill,FileSystemStorage,4194304,1,4194552,3278465,2541287
1779838649.273299,spill,FileSystemStorage,4194304,1,4194552,3092609,2496521
1779838649.275102,spill,FileSystemStorage,4194304,1,4194552,3162889,2565602
1779838649.275442,spill,FileSystemStorage,4194304,1,4194552,3541308,2732013
1779838649.276737,spill,FileSystemStorage,4194304,1,4194552,3032201,2388639
1779838649.279145,spill,FileSystemStorage,4194304,1,4194552,3354491,2574503
1779838649.279320,spill,FileSystemStorage,4194304,1,4194552,3429159,2780059
1779838649.280236,spill,FileSystemStorage,4194304,1,4194552,3101434,2500665
1779838649.283079,spill,FileSystemStorage,4194304,1,4194552,3407600,2748005
1779838649.283123,spill,FileSystemStorage,4194304,1,4194552,3241829,2633075
1779838649.283901,spill,FileSystemStorage,4194304,1,4194552,3191183,2589101
1779838649.286746,spill,FileSystemStorage,4194304,1,4194552,3294547,2643039
1779838649.286953,spill,FileSystemStorage,4194304,1,4194552,3262686,2520139
1779838649.287330,spill,FileSystemStorage,4194304,1,4194552,3076070,2480425
1779838649.290677,spill,FileSystemStorage,4194304,1,4194552,3309058,2546250
1779838649.290966,spill,FileSystemStorage,4194304,1,4194552,3304866,2670387
1779838649.291083,spill,FileSystemStorage,4194304,1,4194552,3687788,2823546
1779838649.294149,spill,FileSystemStorage,4194304,1,4194552,3089715,2470318
1779838649.294673,spill,FileSystemStorage,4194304,1,4194552,3124856,2532122
1779838649.294896,spill,FileSystemStorage,4194304,1,4194552,3271980,2651436
1779838649.297573,spill,FileSystemStorage,4194304,1,4194552,3033324,2410626
1779838649.298351,spill,FileSystemStorage,4194304,1,4194552,3277319,2475826
1779838649.298898,spill,FileSystemStorage,4194304,1,4194552,3202197,2595805
1779838649.301011,spill,FileSystemStorage,4194304,1,4194552,3055426,2484169
1779838649.301881,spill,FileSystemStorage,4194304,1,4194552,3123119,2500081
1779838649.303201,spill,FileSystemStorage,4194304,1,4194552,3407064,2811284
1779838649.304873,spill,FileSystemStorage,4194304,1,4194552,3152849,2577049
1779838649.305500,spill,FileSystemStorage,4194304,1,4194552,3182095,2596662
1779838649.307405,spill,FileSystemStorage,4194304,1,4194552,3484828,2733911
1779838649.308361,spill,FileSystemStorage,4194304,1,4194552,3114868,2506480
1779838649.309208,spill,FileSystemStorage,4194304,1,4194552,3270282,2521479
1779838649.311535,spill,FileSystemStorage,4194304,1,4194552,3406628,2598186
1779838649.312042,spill,FileSystemStorage,4194304,1,4194552,3304531,2547918
1779838649.312862,spill,FileSystemStorage,4194304,1,4194552,3311448,2534630
1779838649.315365,spill,FileSystemStorage,4194304,1,4194552,3215653,2569225
1779838649.315598,spill,FileSystemStorage,4194304,1,4194552,3183713,2572791
1779838649.316299,spill,FileSystemStorage,4194304,1,4194552,3070562,2463931
1779838649.319156,spill,FileSystemStorage,4194304,1,4194552,3141797,2519596
1779838649.319165,spill,FileSystemStorage,4194304,1,4194552,3204887,2594964
1779838649.319863,spill,FileSystemStorage,4194304,1,4194552,3101861,2501896
1779838649.322667,spill,FileSystemStorage,4194304,1,4194552,3111925,2492374
1779838649.322871,spill,FileSystemStorage,4194304,1,4194552,3142216,2554497
1779838649.323315,spill,FileSystemStorage,4194304,1,4194552,3119592,2537322
1779838649.326196,spill,FileSystemStorage,4194304,1,4194552,3144775,2507002
1779838649.326448,spill,FileSystemStorage,4194304,1,4194552,3143370,2562143
1779838649.326795,spill,FileSystemStorage,4194304,1,4194552,3009682,2431962
1779838649.329758,spill,FileSystemStorage,4194304,1,4194552,3176092,2535042
1779838649.330125,spill,FileSystemStorage,4194304,1,4194552,3229572,2627515
1779838649.330343,spill,FileSystemStorage,4194304,1,4194552,3211589,2609805
1779838649.333261,spill,FileSystemStorage,4194304,1,4194552,3147563,2529103
1779838649.333812,spill,FileSystemStorage,4194304,1,4194552,3376944,2587017
1779838649.334024,spill,FileSystemStorage,4194304,1,4194552,3349388,2561888
1779838649.336858,spill,FileSystemStorage,4194304,1,4194552,3275073,2522455
1779838649.337484,spill,FileSystemStorage,4194304,1,4194552,3316834,2581742
1779838649.337519,spill,FileSystemStorage,4194304,1,4194552,3192056,2569411
1779838649.340286,spill,FileSystemStorage,4194304,1,4194552,3084527,2493365
1779838649.340947,spill,FileSystemStorage,4194304,1,4194552,3147529,2566356
1779838649.340971,spill,FileSystemStorage,4194304,1,4194552,3101332,2506535
1779838649.344658,spill,FileSystemStorage,4194304,1,4194552,3104997,2539456
1779838649.344712,spill,FileSystemStorage,4194304,1,4194552,3074940,2495290
1779838649.348525,spill,FileSystemStorage,4194304,2,8389104,7554764,4873133
1779838649.348557,spill,FileSystemStorage,4194304,1,4194552,3110474,2528426
1779838649.348757,spill,FileSystemStorage,4194304,1,4194552,3052766,2471618
1779838649.352291,spill,FileSystemStorage,4194304,1,4194552,3169978,2567807
1779838649.352601,spill,FileSystemStorage,4194304,1,4194552,3404771,2610408
1779838649.352621,spill,FileSystemStorage,4194304,1,4194552,3432477,2684860
1779838649.356025,spill,FileSystemStorage,4194304,1,4194552,3346394,2571267
1779838649.356138,spill,FileSystemStorage,4194304,1,4194552,3206585,2608049
1779838649.356294,spill,FileSystemStorage,4194304,1,4194552,3303042,2703469
1779838649.359636,spill,FileSystemStorage,4194304,1,4194552,3170152,2574012
1779838649.359799,spill,FileSystemStorage,4194304,1,4194552,3225238,2629883
1779838649.359970,spill,FileSystemStorage,4194304,1,4194552,3325773,2732320
1779838649.363338,spill,FileSystemStorage,4194304,1,4194552,3227895,2612232
1779838649.363342,spill,FileSystemStorage,4194304,1,4194552,3170515,2583770
1779838649.363750,spill,FileSystemStorage,4194304,1,4194552,3358959,2644875
1779838649.366841,spill,FileSystemStorage,4194304,1,4194552,3130530,2538661
1779838649.367007,spill,FileSystemStorage,4194304,1,4194552,3347284,2544329
1779838649.367452,spill,FileSystemStorage,4194304,1,4194552,3200580,2483389
1779838649.370262,spill,FileSystemStorage,4194304,1,4194552,3091802,2492865
1779838649.370550,spill,FileSystemStorage,4194304,1,4194552,3194267,2576981
1779838649.371023,spill,FileSystemStorage,4194304,1,4194552,3220594,2585142
1779838649.373739,spill,FileSystemStorage,4194304,1,4194552,3136263,2499108
1779838649.374167,spill,FileSystemStorage,4194304,1,4194552,3211168,2508189
1779838649.377339,spill,FileSystemStorage,4194304,1,4194552,3264735,2526545
1779838649.377658,spill,FileSystemStorage,4194304,1,4194552,3113655,2478128
1779838649.379385,spill,FileSystemStorage,4194304,2,8389104,7987705,5176990
1779838649.380823,spill,FileSystemStorage,4194304,1,4194552,3119656,2526992
1779838649.381201,spill,FileSystemStorage,4194304,1,4194552,3193401,2591799
1779838649.382857,spill,FileSystemStorage,4194304,1,4194552,3138730,2545455
1779838649.384400,spill,FileSystemStorage,4194304,1,4194552,3139905,2550153
1779838649.384856,spill,FileSystemStorage,4194304,1,4194552,3187242,2570031
1779838649.386441,spill,FileSystemStorage,4194304,1,4194552,3167615,2565461
1779838649.387941,spill,FileSystemStorage,4194304,1,4194552,3222652,2478075
1779838649.388256,spill,FileSystemStorage,4194304,1,4194552,3093852,2488302
1779838649.389915,spill,FileSystemStorage,4194304,1,4194552,3153746,2518976
1779838649.391537,spill,FileSystemStorage,4194304,1,4194552,3265079,2524023
1779838649.391698,spill,FileSystemStorage,4194304,1,4194552,3145947,2541430
1779838649.393258,spill,FileSystemStorage,4194304,1,4194552,3040838,2468768
1779838649.395116,spill,FileSystemStorage,4194304,1,4194552,3261178,2530803
1779838649.395177,spill,FileSystemStorage,4194304,1,4194552,3075519,2504169
1779838649.396514,spill,FileSystemStorage,4194304,1,4194552,2938708,2388694
1779838649.399088,spill,FileSystemStorage,4194304,1,4194552,3189228,2459884
1779838649.399254,spill,FileSystemStorage,4194304,1,4194552,3270423,2551594
1779838649.399944,spill,FileSystemStorage,4194304,1,4194552,3128813,2528633
1779838649.402704,spill,FileSystemStorage,4194304,1,4194552,3029108,2462909
1779838649.403208,spill,FileSystemStorage,4194304,1,4194552,3143135,2568976
1779838649.403763,spill,FileSystemStorage,4194304,1,4194552,3166893,2608479
1779838649.406044,spill,FileSystemStorage,4194304,1,4194552,2994332,2423807
1779838649.406871,spill,FileSystemStorage,4194304,1,4194552,3233768,2506329
1779838649.407228,spill,FileSystemStorage,4194304,1,4194552,3101964,2504103
1779838649.409366,spill,FileSystemStorage,4194304,1,4194552,2999171,2379604
1779838649.410847,spill,FileSystemStorage,4194304,1,4194552,3103250,2523608
1779838649.410902,spill,FileSystemStorage,4194304,1,4194552,3115706,2518996
1779838649.412781,spill,FileSystemStorage,4194304,1,4194552,3103521,2484740
1779838649.414475,spill,FileSystemStorage,4194304,1,4194552,3185076,2460594
1779838649.414666,spill,FileSystemStorage,4194304,1,4194552,3161068,2577768
1779838649.416428,spill,FileSystemStorage,4194304,1,4194552,3340419,2572598
1779838649.417904,spill,FileSystemStorage,4194304,1,4194552,3117045,2480533
1779838649.418059,spill,FileSystemStorage,4194304,1,4194552,3040431,2450062
1779838649.420105,spill,FileSystemStorage,4194304,1,4194552,3154295,2543539
1779838649.421333,spill,FileSystemStorage,4194304,1,4194552,3088528,2501265
1779838649.421532,spill,FileSystemStorage,4194304,1,4194552,3142263,2546369
1779838649.423785,spill,FileSystemStorage,4194304,1,4194552,3121891,2536917
1779838649.424788,spill,FileSystemStorage,4194304,1,4194552,3144615,2521549
1779838649.424942,spill,FileSystemStorage,4194304,1,4194552,3113603,2523225
1779838649.427282,spill,FileSystemStorage,4194304,1,4194552,3137011,2540349
1779838649.428408,spill,FileSystemStorage,4194304,1,4194552,3264956,2514642
1779838649.428451,spill,FileSystemStorage,4194304,1,4194552,3127604,2549849
1779838649.430767,spill,FileSystemStorage,4194304,1,4194552,2948387,2373290
1779838649.432049,spill,FileSystemStorage,4194304,1,4194552,3042774,2465902
1779838649.432163,spill,FileSystemStorage,4194304,1,4194552,3115307,2513783
1779838649.434135,spill,FileSystemStorage,4194304,1,4194552,3002685,2420228
1779838649.435518,spill,FileSystemStorage,4194304,1,4194552,3065103,2475731
1779838649.435845,spill,FileSystemStorage,4194304,1,4194552,3113601,2522057
1779838649.437592,spill,FileSystemStorage,4194304,1,4194552,3122132,2489206
1779838649.439041,spill,FileSystemStorage,4194304,1,4194552,3196007,2472225
1779838649.439427,spill,FileSystemStorage,4194304,1,4194552,3244747,2525239
1779838649.441123,spill,FileSystemStorage,4194304,1,4194552,3208027,2473196
1779838649.442867,spill,FileSystemStorage,4194304,1,4194552,3086732,2455946
1779838649.442966,spill,FileSystemStorage,4194304,1,4194552,3075242,2489344
1779838649.444542,spill,FileSystemStorage,4194304,1,4194552,3055422,2465617
1779838649.446397,spill,FileSystemStorage,4194304,1,4194552,3064852,2460280
1779838649.446621,spill,FileSystemStorage,4194304,1,4194552,3076611,2516665
1779838649.448092,spill,FileSystemStorage,4194304,1,4194552,3259903,2540922
1779838649.449775,spill,FileSystemStorage,4194304,1,4194552,3088067,2466828
1779838649.449956,spill,FileSystemStorage,4194304,1,4194552,3049193,2466708
1779838649.451977,spill,FileSystemStorage,4194304,1,4194552,3086573,2494816
1779838649.453114,spill,FileSystemStorage,4194304,1,4194552,3055953,2481905
1779838649.453381,spill,FileSystemStorage,4194304,1,4194552,3084727,2519285
1779838649.456309,spill,FileSystemStorage,4194304,1,4194552,3172426,2547446
1779838649.456946,spill,FileSystemStorage,4194304,1,4194552,3202149,2626725
1779838649.457143,spill,FileSystemStorage,4194304,1,4194552,3252510,2661930
1779838649.459937,spill,FileSystemStorage,4194304,1,4194552,3208701,2586479
1779838649.460573,spill,FileSystemStorage,4194304,1,4194552,3302071,2695809
1779838649.460682,spill,FileSystemStorage,4194304,1,4194552,3192858,2608558
1779838649.463405,spill,FileSystemStorage,4194304,1,4194552,3175063,2560905
1779838649.464150,spill,FileSystemStorage,4194304,1,4194552,3011628,2422187
1779838649.464235,spill,FileSystemStorage,4194304,1,4194552,3236543,2656735
1779838649.467298,spill,FileSystemStorage,4194304,1,4194552,3206678,2567455
1779838649.467609,spill,FileSystemStorage,4194304,1,4194552,3145218,2521353
1779838649.467830,spill,FileSystemStorage,4194304,1,4194552,3253433,2654742
1779838649.471229,spill,FileSystemStorage,4194304,1,4194552,3183990,2562353
1779838649.471383,spill,FileSystemStorage,4194304,1,4194552,3151509,2553426
1779838649.471547,spill,FileSystemStorage,4194304,1,4194552,3220573,2636260
1779838649.474830,spill,FileSystemStorage,4194304,1,4194552,3134225,2521841
1779838649.475101,spill,FileSystemStorage,4194304,1,4194552,3233442,2609964
1779838649.475125,spill,FileSystemStorage,4194304,1,4194552,3178641,2579342
1779838649.478653,spill,FileSystemStorage,4194304,1,4194552,3143391,2534275
1779838649.478773,spill,FileSystemStorage,4194304,1,4194552,3126974,2511856
1779838649.478845,spill,FileSystemStorage,4194304,1,4194552,3253835,2647626
1779838649.482136,spill,FileSystemStorage,4194304,1,4194552,3168713,2541447
1779838649.482287,spill,FileSystemStorage,4194304,1,4194552,3138499,2564980
1779838649.482492,spill,FileSystemStorage,4194304,1,4194552,3252483,2650133
1779838649.485696,spill,FileSystemStorage,4194304,1,4194552,3224718,2566079
1779838649.485847,spill,FileSystemStorage,4194304,1,4194552,3284019,2646000
1779838649.486082,spill,FileSystemStorage,4194304,1,4194552,3265425,2648175
1779838649.489461,spill,FileSystemStorage,4194304,1,4194552,3273277,2605360
1779838649.489576,spill,FileSystemStorage,4194304,1,4194552,3265367,2642262
1779838649.489791,spill,FileSystemStorage,4194304,1,4194552,3301081,2653583
1779838649.492936,spill,FileSystemStorage,4194304,1,4194552,3148925,2536131
1779838649.493048,spill,FileSystemStorage,4194304,1,4194552,3159655,2581505
1779838649.493320,spill,FileSystemStorage,4194304,1,4194552,3167972,2592784
1779838649.496482,spill,FileSystemStorage,4194304,1,4194552,3099225,2508289
1779838649.496685,spill,FileSystemStorage,4194304,1,4194552,3130841,2558068
1779838649.496840,spill,FileSystemStorage,4194304,1,4194552,3152419,2563296
1779838649.500740,spill,FileSystemStorage,4194304,1,4194552,3185620,2589220
1779838649.500822,spill,FileSystemStorage,4194304,1,4194552,3238487,2655675
1779838649.500862,spill,FileSystemStorage,4194304,1,4194552,3187094,2626202
1779838649.504510,spill,FileSystemStorage,4194304,1,4194552,3073415,2458990
1779838649.504641,spill,FileSystemStorage,4194304,1,4194552,3167874,2538027
1779838649.504741,spill,FileSystemStorage,4194304,1,4194552,3193866,2562995
1779838649.508121,spill,FileSystemStorage,4194304,1,4194552,3183154,2528780
1779838649.508344,spill,FileSystemStorage,4194304,1,4194552,3227000,2591772
1779838649.508403,spill,FileSystemStorage,4194304,1,4194552,3169333,2569294
1779838649.511829,spill,FileSystemStorage,4194304,1,4194552,3152457,2522323
1779838649.512002,spill,FileSystemStorage,4194304,1,4194552,3225570,2575927
1779838649.512127,spill,FileSystemStorage,4194304,1,4194552,3279778,2641837
1779838649.515556,spill,FileSystemStorage,4194304,1,4194552,3186912,2578659
1779838649.515801,spill,FileSystemStorage,4194304,1,4194552,3347117,2575503
1779838649.515902,spill,FileSystemStorage,4194304,1,4194552,3236115,2620904
1779838649.519261,spill,FileSystemStorage,4194304,1,4194552,3185611,2564457
1779838649.519367,spill,FileSystemStorage,4194304,1,4194552,3225902,2591882
1779838649.519460,spill,FileSystemStorage,4194304,1,4194552,3171647,2548823
1779838649.523247,spill,FileSystemStorage,4194304,1,4194552,3176877,2571798
1779838649.523311,spill,FileSystemStorage,4194304,1,4194552,3118645,2492640
1779838649.523320,spill,FileSystemStorage,4194304,1,4194552,3207643,2582161
1779838649.526653,spill,FileSystemStorage,4194304,1,4194552,3045615,2473956
1779838649.527089,spill,FileSystemStorage,4194304,1,4194552,3232031,2635696
1779838649.527095,spill,FileSystemStorage,4194304,1,4194552,3270372,2620294
1779838649.530143,spill,FileSystemStorage,4194304,1,4194552,3075858,2460801
1779838649.530905,spill,FileSystemStorage,4194304,1,4194552,3117836,2510108
1779838649.531042,spill,FileSystemStorage,4194304,1,4194552,3208112,2590793
1779838649.532863,spill,FileSystemStorage,4194304,120,503346240,375542225,290386462
1779838649.533576,spill,FileSystemStorage,4194304,1,4194552,3102947,2472216
1779838649.534368,spill,FileSystemStorage,4194304,1,4194552,3129451,2478793
1779838649.534506,spill,FileSystemStorage,4194304,1,4194552,3120259,2514340
1779838649.536910,spill,FileSystemStorage,4194304,1,4194552,3272535,2494001
1779838649.537816,spill,FileSystemStorage,4194304,1,4194552,3273048,2599354
1779838649.537902,spill,FileSystemStorage,4194304,1,4194552,3202891,2558448
1779838649.538105,spill,FileSystemStorage,4194304,1,4194552,3113754,2502198
1779838649.540647,spill,FileSystemStorage,4194304,1,4194552,3283108,2513036
1779838649.541423,spill,FileSystemStorage,4194304,1,4194552,3189934,2559024
1779838649.541719,spill,FileSystemStorage,4194304,1,4194552,3186190,2518404
1779838649.541857,spill,FileSystemStorage,4194304,1,4194552,3207176,2538088
1779838649.544311,spill,FileSystemStorage,4194304,1,4194552,3262994,2488533
1779838649.544998,spill,FileSystemStorage,4194304,1,4194552,3199293,2567080
1779838649.545294,spill,FileSystemStorage,4194304,1,4194552,3241255,2651437
1779838649.545440,spill,FileSystemStorage,4194304,1,4194552,3229158,2581153
1779838649.547980,spill,FileSystemStorage,4194304,1,4194552,3282142,2507101
1779838649.548473,spill,FileSystemStorage,4194304,1,4194552,3152090,2539634
1779838649.548818,spill,FileSystemStorage,4194304,1,4194552,3186499,2592900
1779838649.548999,spill,FileSystemStorage,4194304,1,4194552,3210293,2603169
1779838649.551549,spill,FileSystemStorage,4194304,1,4194552,3213901,2490532
1779838649.551924,spill,FileSystemStorage,4194304,1,4194552,3110644,2524695
1779838649.552364,spill,FileSystemStorage,4194304,1,4194552,3176130,2598746
1779838649.552541,spill,FileSystemStorage,4194304,1,4194552,3212958,2583545
1779838649.555357,spill,FileSystemStorage,4194304,1,4194552,3108634,2503798
1779838649.555376,spill,FileSystemStorage,4194304,1,4194552,3252566,2508425
1779838649.555738,spill,FileSystemStorage,4194304,1,4194552,3004559,2418358
1779838649.655551,spill,FileSystemStorage,4194304,1,4194552,3264807,2592018
1779838649.656605,spill,FileSystemStorage,4194304,1,4194552,3437828,2643589
1779838649.657874,spill,FileSystemStorage,4194304,1,4194552,3602960,2629002
1779838649.659432,spill,FileSystemStorage,4194304,1,4194552,3415100,2625804
1779838649.660263,spill,FileSystemStorage,4194304,1,4194552,3166419,2546680
1779838649.661539,spill,FileSystemStorage,4194304,1,4194552,3230693,2664203
1779838649.663184,spill,FileSystemStorage,4194304,1,4194552,3346602,2624206
1779838649.663863,spill,FileSystemStorage,4194304,1,4194552,3177572,2574631
1779838649.665103,spill,FileSystemStorage,4194304,1,4194552,3209905,2615384
1779838649.666847,spill,FileSystemStorage,4194304,1,4194552,3294798,2579368
1779838649.667379,spill,FileSystemStorage,4194304,1,4194552,3160005,2593948
1779838649.668776,spill,FileSystemStorage,4194304,1,4194552,3267694,2618729
1779838649.670717,spill,FileSystemStorage,4194304,1,4194552,3303061,2556955
1779838649.670906,spill,FileSystemStorage,4194304,1,4194552,3068878,2489535
1779838649.672390,spill,FileSystemStorage,4194304,1,4194552,3142955,2519803
1779838649.674351,spill,FileSystemStorage,4194304,1,4194552,3206369,2608866
1779838649.674400,spill,FileSystemStorage,4194304,1,4194552,3128731,2553539
1779838649.675905,spill,FileSystemStorage,4194304,1,4194552,3136498,2539809
1779838649.677989,spill,FileSystemStorage,4194304,1,4194552,3196941,2572411
1779838649.678117,spill,FileSystemStorage,4194304,1,4194552,3383166,2579584
1779838649.679304,spill,FileSystemStorage,4194304,1,4194552,3079383,2484712
1779838649.681446,spill,FileSystemStorage,4194304,1,4194552,3092656,2491219
1779838649.681746,spill,FileSystemStorage,4194304,1,4194552,3290618,2486625
1779838649.682742,spill,FileSystemStorage,4194304,1,4194552,3094679,2479026
1779838649.684853,spill,FileSystemStorage,4194304,1,4194552,3073575,2494882
1779838649.685333,spill,FileSystemStorage,4194304,1,4194552,3271838,2579573
1779838649.686235,spill,FileSystemStorage,4194304,1,4194552,3108897,2486377
1779838649.688166,spill,FileSystemStorage,4194304,1,4194552,3017142,2458083
1779838649.688902,spill,FileSystemStorage,4194304,1,4194552,3246934,2539199
1779838649.689775,spill,FileSystemStorage,4194304,1,4194552,3250303,2479429
1779838649.691675,spill,FileSystemStorage,4194304,1,4194552,3005800,2450006
1779838649.692252,spill,FileSystemStorage,4194304,1,4194552,3036907,2477316
1779838649.693195,spill,FileSystemStorage,4194304,1,4194552,3049031,2461600
1779838649.695848,spill,FileSystemStorage,4194304,1,4194552,3257388,2460488
1779838649.695907,spill,FileSystemStorage,4194304,1,4194552,3260799,2512850
1779838649.696668,spill,FileSystemStorage,4194304,1,4194552,2971708,2423835
1779838649.968062,spill,FileSystemStorage,4194304,120,503346240,316399222,243054530
1779838654.963572,restore,FileSystemStorage,4194304,1,4194552,2599394,2503251
1779838654.968901,restore,FileSystemStorage,4194304,1,4194552,2169999,2089667
1779838654.973603,restore,FileSystemStorage,4194304,1,4194552,2078209,1997962
1779838654.979561,restore,FileSystemStorage,4194304,1,4194552,2352358,2276393
1779838654.984831,restore,FileSystemStorage,4194304,1,4194552,2146705,2065149
1779838654.989369,restore,FileSystemStorage,4194304,1,4194552,2329176,2259241
1779838654.994466,restore,FileSystemStorage,4194304,1,4194552,1727927,1642928
1779838655.000417,restore,FileSystemStorage,4194304,1,4194552,2332313,2270274
1779838655.006770,restore,FileSystemStorage,4194304,1,4194552,2348697,2262370
1779838655.013323,restore,FileSystemStorage,4194304,1,4194552,2285747,2203911
1779838655.019773,restore,FileSystemStorage,4194304,1,4194552,2546616,2465065
1779838655.025748,restore,FileSystemStorage,4194304,1,4194552,2366745,2287973
1779838655.031439,restore,FileSystemStorage,4194304,1,4194552,2224146,2150994
1779838655.036720,restore,FileSystemStorage,4194304,1,4194552,2244562,2195586
1779838655.042315,restore,FileSystemStorage,4194304,1,4194552,2189814,2100525
1779838655.046421,restore,FileSystemStorage,4194304,1,4194552,2014321,1964368
1779838655.052357,restore,FileSystemStorage,4194304,1,4194552,2123724,2074680
1779838655.058077,restore,FileSystemStorage,4194304,1,4194552,2179851,2134588
1779838655.063529,restore,FileSystemStorage,4194304,1,4194552,2198309,2152451
1779838655.069327,restore,FileSystemStorage,4194304,1,4194552,1771593,1694694
1779838655.076048,restore,FileSystemStorage,4194304,1,4194552,2304001,2220391
1779838655.082328,restore,FileSystemStorage,4194304,1,4194552,2453662,2371263
1779838655.088504,restore,FileSystemStorage,4194304,1,4194552,2250717,2164262
1779838655.094290,restore,FileSystemStorage,4194304,1,4194552,2210090,2126471
1779838655.100616,restore,FileSystemStorage,4194304,1,4194552,2331424,2249471
1779838655.106933,restore,FileSystemStorage,4194304,1,4194552,2126013,2050731
1779838655.113286,restore,FileSystemStorage,4194304,1,4194552,2331544,2226731
1779838655.120463,restore,FileSystemStorage,4194304,1,4194552,2378029,2286788
1779838655.126360,restore,FileSystemStorage,4194304,1,4194552,1937574,1851476
1779838655.133430,restore,FileSystemStorage,4194304,1,4194552,2489056,2379215
1779838655.139559,restore,FileSystemStorage,4194304,1,4194552,2461919,2373469
1779838655.145188,restore,FileSystemStorage,4194304,1,4194552,2112366,2021178
1779838655.151908,restore,FileSystemStorage,4194304,1,4194552,2267507,2178948
1779838655.157619,restore,FileSystemStorage,4194304,1,4194552,2125057,2040273
1779838655.161356,restore,FileSystemStorage,4194304,1,4194552,1861437,1799598
1779838655.164776,restore,FileSystemStorage,4194304,1,4194552,1884179,1832269
1779838655.169457,restore,FileSystemStorage,4194304,1,4194552,2043830,1969219
1779838655.175431,restore,FileSystemStorage,4194304,1,4194552,2332138,2259223
1779838655.180667,restore,FileSystemStorage,4194304,1,4194552,2008044,1957240
1779838655.185927,restore,FileSystemStorage,4194304,1,4194552,1868295,1791883
1779838655.190342,restore,FileSystemStorage,4194304,1,4194552,2320446,2254509
1779838655.196688,restore,FileSystemStorage,4194304,1,4194552,2232356,2159699
1779838655.202968,restore,FileSystemStorage,4194304,1,4194552,2147223,2073081
1779838655.208280,restore,FileSystemStorage,4194304,1,4194552,2224267,2149413
1779838655.213528,restore,FileSystemStorage,4194304,1,4194552,2503010,2434169
1779838655.219545,restore,FileSystemStorage,4194304,1,4194552,2253695,2181139
1779838655.224584,restore,FileSystemStorage,4194304,1,4194552,2251677,2195299
1779838655.228263,restore,FileSystemStorage,4194304,1,4194552,2134536,2078585
1779838655.232855,restore,FileSystemStorage,4194304,1,4194552,2230455,2127265
1779838655.236887,restore,FileSystemStorage,4194304,1,4194552,2135033,2056813
1779838655.240632,restore,FileSystemStorage,4194304,1,4194552,1989525,1925060
1779838655.244554,restore,FileSystemStorage,4194304,1,4194552,2024721,1969846
1779838655.248718,restore,FileSystemStorage,4194304,1,4194552,2039126,1985628
1779838655.253972,restore,FileSystemStorage,4194304,1,4194552,2091429,2015314
1779838655.257609,restore,FileSystemStorage,4194304,1,4194552,1552493,1496856
1779838655.260856,restore,FileSystemStorage,4194304,1,4194552,1916417,1833354
1779838655.264594,restore,FileSystemStorage,4194304,1,4194552,1935303,1885230
1779838655.270257,restore,FileSystemStorage,4194304,1,4194552,2141477,2060109
1779838655.274524,restore,FileSystemStorage,4194304,1,4194552,1956110,1905114
1779838655.279823,restore,FileSystemStorage,4194304,1,4194552,2043256,1990381
1779838655.284943,restore,FileSystemStorage,4194304,1,4194552,1849580,1801153
1779838655.289429,restore,FileSystemStorage,4194304,1,4194552,2101303,2060439
1779838655.295508,restore,FileSystemStorage,4194304,1,4194552,2303913,2219339
1779838655.300720,restore,FileSystemStorage,4194304,1,4194552,2168161,2118457
1779838655.307115,restore,FileSystemStorage,4194304,1,4194552,2202530,2122413
1779838655.312246,restore,FileSystemStorage,4194304,1,4194552,1893969,1844769
1779838655.318474,restore,FileSystemStorage,4194304,1,4194552,2282693,2199541
1779838655.324835,restore,FileSystemStorage,4194304,1,4194552,2411322,2326803
1779838655.330369,restore,FileSystemStorage,4194304,1,4194552,1873500,1793435
1779838655.336333,restore,FileSystemStorage,4194304,1,4194552,2409808,2323534
1779838655.342125,restore,FileSystemStorage,4194304,1,4194552,2447690,2362496
1779838655.348301,restore,FileSystemStorage,4194304,1,4194552,2470765,2385391
1779838655.353865,restore,FileSystemStorage,4194304,1,4194552,2278237,2194395
1779838655.359978,restore,FileSystemStorage,4194304,1,4194552,2460690,2368838
1779838655.365495,restore,FileSystemStorage,4194304,1,4194552,2138088,2062061
1779838655.371049,restore,FileSystemStorage,4194304,1,4194552,1972508,1886642
1779838655.376826,restore,FileSystemStorage,4194304,1,4194552,2290637,2205760
1779838655.382349,restore,FileSystemStorage,4194304,1,4194552,2122373,2041602
1779838655.387684,restore,FileSystemStorage,4194304,1,4194552,2272234,2209589
1779838655.391998,restore,FileSystemStorage,4194304,1,4194552,1880100,1811443
1779838655.397882,restore,FileSystemStorage,4194304,1,4194552,2152253,2070489
1779838655.402659,restore,FileSystemStorage,4194304,1,4194552,2140129,2075558
1779838655.408368,restore,FileSystemStorage,4194304,1,4194552,2186906,2122994
1779838655.413917,restore,FileSystemStorage,4194304,1,4194552,2164756,2089648
1779838655.419063,restore,FileSystemStorage,4194304,1,4194552,2166422,2105668
1779838655.423611,restore,FileSystemStorage,4194304,1,4194552,1845400,1790830
1779838655.427587,restore,FileSystemStorage,4194304,1,4194552,1871628,1816780
1779838655.432296,restore,FileSystemStorage,4194304,1,4194552,1865488,1797300
1779838655.436953,restore,FileSystemStorage,4194304,1,4194552,1898355,1842708
1779838655.441753,restore,FileSystemStorage,4194304,1,4194552,2208313,2148718
1779838655.447066,restore,FileSystemStorage,4194304,1,4194552,2108372,2052880
1779838655.452713,restore,FileSystemStorage,4194304,1,4194552,2133912,2083270
1779838655.457272,restore,FileSystemStorage,4194304,1,4194552,1731732,1678882
1779838655.462674,restore,FileSystemStorage,4194304,1,4194552,2109920,2058382
1779838655.468075,restore,FileSystemStorage,4194304,1,4194552,1959558,1903652
1779838655.473174,restore,FileSystemStorage,4194304,1,4194552,1784410,1706297
1779838655.477829,restore,FileSystemStorage,4194304,1,4194552,1822354,1758695
1779838655.483593,restore,FileSystemStorage,4194304,1,4194552,2166766,2111033
1779838655.488641,restore,FileSystemStorage,4194304,1,4194552,1776349,1709939
1779838655.494068,restore,FileSystemStorage,4194304,1,4194552,2022788,1949945
1779838655.500121,restore,FileSystemStorage,4194304,1,4194552,2374072,2315502
1779838655.505375,restore,FileSystemStorage,4194304,1,4194552,1837703,1765952
1779838655.510290,restore,FileSystemStorage,4194304,1,4194552,2068547,1986444
1779838655.516320,restore,FileSystemStorage,4194304,1,4194552,2152132,2074811
1779838655.521994,restore,FileSystemStorage,4194304,1,4194552,2182406,2120050
1779838655.527059,restore,FileSystemStorage,4194304,1,4194552,1867693,1799565
1779838655.531997,restore,FileSystemStorage,4194304,1,4194552,1870240,1818524
1779838655.537987,restore,FileSystemStorage,4194304,1,4194552,2248787,2193040
1779838655.544235,restore,FileSystemStorage,4194304,1,4194552,2370343,2301333
1779838655.549920,restore,FileSystemStorage,4194304,1,4194552,2366135,2286129
1779838655.554666,restore,FileSystemStorage,4194304,1,4194552,1824771,1763785
1779838655.561501,restore,FileSystemStorage,4194304,1,4194552,2133690,2057636
1779838655.567576,restore,FileSystemStorage,4194304,1,4194552,2269746,2192682
1779838655.573621,restore,FileSystemStorage,4194304,1,4194552,2192689,2138122
1779838655.578427,restore,FileSystemStorage,4194304,1,4194552,1917986,1843635
1779838655.584282,restore,FileSystemStorage,4194304,1,4194552,2126156,2068381
1779838655.590135,restore,FileSystemStorage,4194304,1,4194552,2360043,2281116
1779838655.596324,restore,FileSystemStorage,4194304,1,4194552,2292791,2210733
1779838655.602273,restore,FileSystemStorage,4194304,1,4194552,2424560,2344501
1779838655.608552,restore,FileSystemStorage,4194304,1,4194552,2429726,2351506
1779838655.614006,restore,FileSystemStorage,4194304,1,4194552,2055190,1976932
1779838655.618941,restore,FileSystemStorage,4194304,1,4194552,2178467,2098530
1779838655.623826,restore,FileSystemStorage,4194304,1,4194552,1939832,1852830
1779838655.628177,restore,FileSystemStorage,4194304,1,4194552,2069732,2015926
1779838655.633163,restore,FileSystemStorage,4194304,1,4194552,1751408,1696529
1779838655.638718,restore,FileSystemStorage,4194304,1,4194552,2018493,1944133
1779838655.644093,restore,FileSystemStorage,4194304,1,4194552,2186758,2127621
1779838655.649593,restore,FileSystemStorage,4194304,1,4194552,2239543,2158937
1779838655.655483,restore,FileSystemStorage,4194304,1,4194552,1935641,1851594
1779838655.659608,restore,FileSystemStorage,4194304,1,4194552,1932593,1871730
1779838655.664504,restore,FileSystemStorage,4194304,1,4194552,2195740,2132862
1779838655.670287,restore,FileSystemStorage,4194304,1,4194552,2130091,2053639
1779838655.676247,restore,FileSystemStorage,4194304,1,4194552,2289347,2230457
1779838655.681420,restore,FileSystemStorage,4194304,1,4194552,1896100,1829661
1779838655.686751,restore,FileSystemStorage,4194304,1,4194552,2179316,2105506
1779838655.693231,restore,FileSystemStorage,4194304,1,4194552,2430468,2353876
1779838655.700342,restore,FileSystemStorage,4194304,1,4194552,2498385,2421454
1779838655.706431,restore,FileSystemStorage,4194304,1,4194552,2014319,1938196
1779838655.713421,restore,FileSystemStorage,4194304,1,4194552,2549297,2450991
1779838655.719553,restore,FileSystemStorage,4194304,1,4194552,2264458,2186853
1779838655.724387,restore,FileSystemStorage,4194304,1,4194552,1735356,1680756
1779838655.729671,restore,FileSystemStorage,4194304,1,4194552,1957625,1881697
1779838655.735478,restore,FileSystemStorage,4194304,1,4194552,2278604,2203838
1779838655.740801,restore,FileSystemStorage,4194304,1,4194552,2285984,2228838
1779838655.746923,restore,FileSystemStorage,4194304,1,4194552,2167446,2087307
1779838655.753448,restore,FileSystemStorage,4194304,1,4194552,2410020,2331011
1779838655.757833,restore,FileSystemStorage,4194304,1,4194552,2081351,2014320
1779838655.761641,restore,FileSystemStorage,4194304,1,4194552,2139306,2057311
1779838655.766061,restore,FileSystemStorage,4194304,1,4194552,2364271,2288101
1779838655.772371,restore,FileSystemStorage,4194304,1,4194552,2384988,2315130
1779838655.777885,restore,FileSystemStorage,4194304,1,4194552,1962454,1883607
1779838655.783191,restore,FileSystemStorage,4194304,1,4194552,2014005,1936728
1779838655.788713,restore,FileSystemStorage,4194304,1,4194552,2040855,1985529
1779838655.794605,restore,FileSystemStorage,4194304,1,4194552,2267257,2192194
1779838655.800378,restore,FileSystemStorage,4194304,1,4194552,2387820,2310931
1779838655.806269,restore,FileSystemStorage,4194304,1,4194552,2226368,2149906
1779838655.812186,restore,FileSystemStorage,4194304,1,4194552,2315937,2236854
1779838655.818006,restore,FileSystemStorage,4194304,1,4194552,2204693,2125205
1779838655.823482,restore,FileSystemStorage,4194304,1,4194552,1908545,1828768
1779838655.828323,restore,FileSystemStorage,4194304,1,4194552,1871916,1815222
1779838655.833126,restore,FileSystemStorage,4194304,1,4194552,2156445,2065276
1779838655.839507,restore,FileSystemStorage,4194304,1,4194552,2266730,2189064
1779838655.845291,restore,FileSystemStorage,4194304,1,4194552,2283526,2207279
1779838655.850401,restore,FileSystemStorage,4194304,1,4194552,2111743,2035845
1779838655.856587,restore,FileSystemStorage,4194304,1,4194552,2264231,2185100
1779838655.862144,restore,FileSystemStorage,4194304,1,4194552,2115761,2053371
1779838655.867413,restore,FileSystemStorage,4194304,1,4194552,2307090,2229777
1779838655.873349,restore,FileSystemStorage,4194304,1,4194552,2397919,2315387
1779838655.879133,restore,FileSystemStorage,4194304,1,4194552,2058509,1980804
1779838655.884181,restore,FileSystemStorage,4194304,1,4194552,1931578,1879196
1779838655.890148,restore,FileSystemStorage,4194304,1,4194552,2230362,2153522
1779838655.895950,restore,FileSystemStorage,4194304,1,4194552,2233125,2154328
1779838655.901557,restore,FileSystemStorage,4194304,1,4194552,1835141,1779479
1779838655.906805,restore,FileSystemStorage,4194304,1,4194552,2151086,2099805
1779838655.912551,restore,FileSystemStorage,4194304,1,4194552,2041245,1978682
1779838655.916918,restore,FileSystemStorage,4194304,1,4194552,1867554,1814716
1779838655.921918,restore,FileSystemStorage,4194304,1,4194552,2040008,1990015
1779838655.927341,restore,FileSystemStorage,4194304,1,4194552,1922383,1870551
1779838655.932104,restore,FileSystemStorage,4194304,1,4194552,1841019,1787854
1779838655.936751,restore,FileSystemStorage,4194304,1,4194552,2056583,2003737
1779838655.941585,restore,FileSystemStorage,4194304,1,4194552,2178915,2125474
1779838655.947594,restore,FileSystemStorage,4194304,1,4194552,2199379,2121720
1779838655.952825,restore,FileSystemStorage,4194304,1,4194552,1815637,1742051
1779838655.957845,restore,FileSystemStorage,4194304,1,4194552,1657092,1583832
1779838655.962688,restore,FileSystemStorage,4194304,1,4194552,2060265,2003215
1779838655.968343,restore,FileSystemStorage,4194304,1,4194552,2216559,2160615
1779838655.973848,restore,FileSystemStorage,4194304,1,4194552,1800531,1747742
1779838655.979064,restore,FileSystemStorage,4194304,1,4194552,2128678,2077974
1779838655.984036,restore,FileSystemStorage,4194304,1,4194552,1940813,1891888
1779838655.988787,restore,FileSystemStorage,4194304,1,4194552,1956175,1900502
1779838655.994085,restore,FileSystemStorage,4194304,1,4194552,2384426,2307889
1779838656.000109,restore,FileSystemStorage,4194304,1,4194552,2371274,2305956
1779838656.006375,restore,FileSystemStorage,4194304,1,4194552,2090630,2014632
1779838656.012499,restore,FileSystemStorage,4194304,1,4194552,2213202,2150227
1779838656.019006,restore,FileSystemStorage,4194304,1,4194552,2204382,2108192
1779838656.024515,restore,FileSystemStorage,4194304,1,4194552,2028472,1948760
1779838656.029328,restore,FileSystemStorage,4194304,1,4194552,1341462,1285782
1779838656.033297,restore,FileSystemStorage,4194304,1,4194552,1135843,1059426
1779838656.038466,restore,FileSystemStorage,4194304,1,4194552,992887,918042
1779838656.043127,restore,FileSystemStorage,4194304,1,4194552,1200451,1123971
1779838660.731529,spill,FileSystemStorage,8388608,1,8388856,9937972,4778832
1779838660.738314,spill,FileSystemStorage,8388608,2,16777712,19687402,9614093
1779838660.739514,spill,FileSystemStorage,8388608,2,16777712,20011817,9957178
1779838660.742271,spill,FileSystemStorage,8388608,1,8388856,9215862,4524491
1779838660.748418,spill,FileSystemStorage,8388608,1,8388856,9545727,4803479
1779838660.749340,spill,FileSystemStorage,8388608,1,8388856,6441449,5038478
1779838660.750936,spill,FileSystemStorage,8388608,1,8388856,10101620,5027338
1779838660.755867,spill,FileSystemStorage,8388608,1,8388856,6569188,5165662
1779838660.756865,spill,FileSystemStorage,8388608,1,8388856,6685527,5244643
1779838660.758630,spill,FileSystemStorage,8388608,1,8388856,6738965,5342237
1779838660.763062,spill,FileSystemStorage,8388608,1,8388856,6598019,5148133
1779838660.763928,spill,FileSystemStorage,8388608,1,8388856,6592410,5178046
1779838660.765507,spill,FileSystemStorage,8388608,1,8388856,6471795,5127613
1779838660.769943,spill,FileSystemStorage,8388608,1,8388856,6323064,5036096
1779838660.770826,spill,FileSystemStorage,8388608,1,8388856,6331019,4955627
1779838660.772260,spill,FileSystemStorage,8388608,1,8388856,6351852,4976242
1779838660.776910,spill,FileSystemStorage,8388608,1,8388856,6343500,4968328
1779838660.778319,spill,FileSystemStorage,8388608,1,8388856,6597630,5237181
1779838660.779420,spill,FileSystemStorage,8388608,1,8388856,6191223,4848340
1779838660.783998,spill,FileSystemStorage,8388608,1,8388856,6476674,5084459
1779838660.785076,spill,FileSystemStorage,8388608,1,8388856,6310798,5151449
1779838660.786272,spill,FileSystemStorage,8388608,1,8388856,6417456,5060088
1779838660.791063,spill,FileSystemStorage,8388608,1,8388856,6381367,4981626
1779838660.791957,spill,FileSystemStorage,8388608,1,8388856,6364537,4906261
1779838660.792963,spill,FileSystemStorage,8388608,1,8388856,6328047,4887935
1779838660.798081,spill,FileSystemStorage,8388608,1,8388856,6087367,4773539
1779838660.798336,spill,FileSystemStorage,8388608,1,8388856,6007726,4954759
1779838660.799552,spill,FileSystemStorage,8388608,1,8388856,6210541,4914910
1779838660.805107,spill,FileSystemStorage,8388608,1,8388856,6429953,4988224
1779838660.805277,spill,FileSystemStorage,8388608,1,8388856,6505794,5075006
1779838660.806575,spill,FileSystemStorage,8388608,1,8388856,6132421,5022995
1779838660.812002,spill,FileSystemStorage,8388608,1,8388856,6538377,5114289
1779838660.812092,spill,FileSystemStorage,8388608,1,8388856,6441526,5028834
1779838660.813306,spill,FileSystemStorage,8388608,1,8388856,6175017,4969770
1779838660.819357,spill,FileSystemStorage,8388608,1,8388856,6528845,5127256
1779838660.819454,spill,FileSystemStorage,8388608,1,8388856,6431457,5067902
1779838660.819833,spill,FileSystemStorage,8388608,1,8388856,6146947,5073620
1779838660.826403,spill,FileSystemStorage,8388608,1,8388856,6009686,4937870
1779838660.826621,spill,FileSystemStorage,8388608,1,8388856,6037142,4977815
1779838660.826628,spill,FileSystemStorage,8388608,1,8388856,6242062,4918416
1779838660.833858,spill,FileSystemStorage,8388608,1,8388856,6291283,5140074
1779838660.834217,spill,FileSystemStorage,8388608,1,8388856,6890577,5220603
1779838660.834234,spill,FileSystemStorage,8388608,1,8388856,6352101,5255387
1779838660.840943,spill,FileSystemStorage,8388608,1,8388856,6660855,5218512
1779838660.841106,spill,FileSystemStorage,8388608,1,8388856,6367846,5214569
1779838660.841295,spill,FileSystemStorage,8388608,1,8388856,6592103,5172564
1779838660.847335,spill,FileSystemStorage,8388608,1,8388856,5971740,4892211
1779838660.847466,spill,FileSystemStorage,8388608,1,8388856,5984195,4893965
1779838660.847847,spill,FileSystemStorage,8388608,1,8388856,6113344,5049301
1779838660.854103,spill,FileSystemStorage,8388608,1,8388856,5856026,4721533
1779838660.854541,spill,FileSystemStorage,8388608,1,8388856,6107067,5057173
1779838660.855242,spill,FileSystemStorage,8388608,1,8388856,6381844,5068827
1779838660.860825,spill,FileSystemStorage,8388608,1,8388856,6263433,5144941
1779838660.861258,spill,FileSystemStorage,8388608,1,8388856,6351915,5242180
1779838660.862344,spill,FileSystemStorage,8388608,1,8388856,6144045,5041985
1779838660.867755,spill,FileSystemStorage,8388608,1,8388856,6344992,5263867
1779838660.867999,spill,FileSystemStorage,8388608,1,8388856,6279678,5170820
1779838660.868943,spill,FileSystemStorage,8388608,1,8388856,6173689,5090831
1779838660.874957,spill,FileSystemStorage,8388608,1,8388856,6302725,5218338
1779838660.875203,spill,FileSystemStorage,8388608,1,8388856,6233656,5151380
1779838660.875740,spill,FileSystemStorage,8388608,1,8388856,6419306,5346673
1779838660.882201,spill,FileSystemStorage,8388608,1,8388856,5960413,4903846
1779838660.882248,spill,FileSystemStorage,8388608,1,8388856,6314929,4981597
1779838660.882560,spill,FileSystemStorage,8388608,1,8388856,6227600,4905336
1779838660.889426,spill,FileSystemStorage,8388608,1,8388856,5994860,4946730
1779838660.889603,spill,FileSystemStorage,8388608,1,8388856,6189629,5128526
1779838660.889628,spill,FileSystemStorage,8388608,1,8388856,6258313,5185445
1779838660.896113,spill,FileSystemStorage,8388608,1,8388856,6243040,5117199
1779838660.896446,spill,FileSystemStorage,8388608,1,8388856,6433787,5268550
1779838660.896491,spill,FileSystemStorage,8388608,1,8388856,6434085,5285135
1779838660.903182,spill,FileSystemStorage,8388608,1,8388856,6334934,5231452
1779838660.903220,spill,FileSystemStorage,8388608,1,8388856,6380357,5241340
1779838660.903409,spill,FileSystemStorage,8388608,1,8388856,6389148,5315927
1779838660.909613,spill,FileSystemStorage,8388608,1,8388856,5937278,4888555
1779838660.909798,spill,FileSystemStorage,8388608,1,8388856,5999378,4946782
1779838660.910227,spill,FileSystemStorage,8388608,1,8388856,6174074,5070603
1779838660.916522,spill,FileSystemStorage,8388608,1,8388856,6208383,5040978
1779838660.916559,spill,FileSystemStorage,8388608,1,8388856,6280083,5082664
1779838660.916675,spill,FileSystemStorage,8388608,1,8388856,6078286,5000428
1779838660.923442,spill,FileSystemStorage,8388608,1,8388856,6159593,5100298
1779838660.923873,spill,FileSystemStorage,8388608,1,8388856,6346149,5304591
1779838660.923954,spill,FileSystemStorage,8388608,1,8388856,6426337,5353562
1779838660.930546,spill,FileSystemStorage,8388608,1,8388856,6108406,4998151
1779838660.931140,spill,FileSystemStorage,8388608,1,8388856,6383599,5255747
1779838660.931271,spill,FileSystemStorage,8388608,1,8388856,6519560,5377471
1779838660.937139,spill,FileSystemStorage,8388608,1,8388856,6189284,5080137
1779838660.938333,spill,FileSystemStorage,8388608,1,8388856,6202012,5125603
1779838660.938552,spill,FileSystemStorage,8388608,1,8388856,6293147,5227659
1779838660.943411,spill,FileSystemStorage,8388608,1,8388856,5922985,4898577
1779838660.944638,spill,FileSystemStorage,8388608,1,8388856,5944381,4848330
1779838660.944835,spill,FileSystemStorage,8388608,1,8388856,5944295,4886137
1779838660.950678,spill,FileSystemStorage,8388608,1,8388856,6237404,4954004
1779838660.951780,spill,FileSystemStorage,8388608,1,8388856,6189011,5165948
1779838660.951912,spill,FileSystemStorage,8388608,1,8388856,6257962,5235141
1779838660.957627,spill,FileSystemStorage,8388608,1,8388856,6193372,5101425
1779838660.959003,spill,FileSystemStorage,8388608,1,8388856,6415535,5322883
1779838660.959215,spill,FileSystemStorage,8388608,1,8388856,6413952,5320450
1779838660.964301,spill,FileSystemStorage,8388608,1,8388856,6090293,4936541
1779838660.966387,spill,FileSystemStorage,8388608,1,8388856,6340654,5221148
1779838660.966799,spill,FileSystemStorage,8388608,1,8388856,6368862,5251826
1779838660.970835,spill,FileSystemStorage,8388608,1,8388856,6114388,5012664
1779838660.973034,spill,FileSystemStorage,8388608,1,8388856,6264091,5095706
1779838660.973493,spill,FileSystemStorage,8388608,1,8388856,6181315,5033164
1779838660.977196,spill,FileSystemStorage,8388608,1,8388856,5740183,4685809
1779838660.979537,spill,FileSystemStorage,8388608,1,8388856,6007091,4951358
1779838660.980140,spill,FileSystemStorage,8388608,1,8388856,6071126,4953701
1779838660.983999,spill,FileSystemStorage,8388608,1,8388856,5926044,4848920
1779838660.987489,spill,FileSystemStorage,8388608,1,8388856,6266317,5179335
1779838660.988070,spill,FileSystemStorage,8388608,1,8388856,6324916,5202675
1779838660.991332,spill,FileSystemStorage,8388608,1,8388856,6378651,5278458
1779838660.994701,spill,FileSystemStorage,8388608,1,8388856,6543409,5388031
1779838660.995580,spill,FileSystemStorage,8388608,1,8388856,6369812,5258740
1779838660.998378,spill,FileSystemStorage,8388608,1,8388856,6144644,5023670
1779838661.001787,spill,FileSystemStorage,8388608,1,8388856,6064200,4988342
1779838661.002616,spill,FileSystemStorage,8388608,1,8388856,5978007,4899738
1779838661.004843,spill,FileSystemStorage,8388608,1,8388856,5931326,4871437
1779838661.008766,spill,FileSystemStorage,8388608,1,8388856,6291358,5177446
1779838661.009219,spill,FileSystemStorage,8388608,1,8388856,6199926,5144785
1779838661.011815,spill,FileSystemStorage,8388608,1,8388856,6145734,5084038
1779838661.015813,spill,FileSystemStorage,8388608,1,8388856,6453352,5312362
1779838661.016404,spill,FileSystemStorage,8388608,1,8388856,6386340,5216442
1779838661.018894,spill,FileSystemStorage,8388608,1,8388856,6184267,5069936
1779838661.023349,spill,FileSystemStorage,8388608,1,8388856,6496601,5299793
1779838661.023553,spill,FileSystemStorage,8388608,1,8388856,6327144,5231414
1779838661.026198,spill,FileSystemStorage,8388608,1,8388856,6303826,5001349
1779838661.030111,spill,FileSystemStorage,8388608,1,8388856,5953568,4911260
1779838661.030293,spill,FileSystemStorage,8388608,1,8388856,6041026,4945306
1779838661.032415,spill,FileSystemStorage,8388608,1,8388856,5842192,4750381
1779838661.037149,spill,FileSystemStorage,8388608,1,8388856,6138983,5105402
1779838661.037173,spill,FileSystemStorage,8388608,1,8388856,6341098,5010323
1779838661.039480,spill,FileSystemStorage,8388608,1,8388856,6104896,5003700
1779838661.044143,spill,FileSystemStorage,8388608,1,8388856,6319340,5214506
1779838661.044302,spill,FileSystemStorage,8388608,1,8388856,6469219,5359329
1779838661.046578,spill,FileSystemStorage,8388608,1,8388856,6461392,5355692
1779838661.050756,spill,FileSystemStorage,8388608,1,8388856,6256850,5180773
1779838661.051020,spill,FileSystemStorage,8388608,1,8388856,6333705,5213096
1779838661.053104,spill,FileSystemStorage,8388608,1,8388856,6161285,5033065
1779838661.057515,spill,FileSystemStorage,8388608,1,8388856,6024246,4985453
1779838661.057560,spill,FileSystemStorage,8388608,1,8388856,6043822,5007401
1779838661.059496,spill,FileSystemStorage,8388608,1,8388856,5896697,4876839
1779838661.064440,spill,FileSystemStorage,8388608,1,8388856,6294003,5163208
1779838661.064689,spill,FileSystemStorage,8388608,1,8388856,6418105,5272464
1779838661.067130,spill,FileSystemStorage,8388608,1,8388856,6115123,5052816
1779838661.071731,spill,FileSystemStorage,8388608,1,8388856,6454930,5370818
1779838661.071728,spill,FileSystemStorage,8388608,1,8388856,6751409,5323033
1779838661.073948,spill,FileSystemStorage,8388608,1,8388856,6034625,4996771
1779838661.078364,spill,FileSystemStorage,8388608,1,8388856,6109929,5011546
1779838661.078400,spill,FileSystemStorage,8388608,1,8388856,5960166,4946643
1779838661.080165,spill,FileSystemStorage,8388608,1,8388856,5893020,4839513
1779838661.085403,spill,FileSystemStorage,8388608,1,8388856,6359403,5049885
1779838661.085535,spill,FileSystemStorage,8388608,1,8388856,6596800,5064952
1779838661.087189,spill,FileSystemStorage,8388608,1,8388856,6100237,5066895
1779838661.092119,spill,FileSystemStorage,8388608,1,8388856,6221391,5166948
1779838661.092297,spill,FileSystemStorage,8388608,1,8388856,6354712,5234893
1779838661.094325,spill,FileSystemStorage,8388608,1,8388856,6089704,5044423
1779838661.099085,spill,FileSystemStorage,8388608,1,8388856,6209395,5173990
1779838661.099489,spill,FileSystemStorage,8388608,1,8388856,6398131,5260887
1779838661.100817,spill,FileSystemStorage,8388608,1,8388856,6086220,4987288
1779838661.106045,spill,FileSystemStorage,8388608,1,8388856,6027747,4906429
1779838661.106402,spill,FileSystemStorage,8388608,1,8388856,6115306,5024536
1779838661.107067,spill,FileSystemStorage,8388608,1,8388856,5897290,4885590
1779838661.112219,spill,FileSystemStorage,8388608,60,503331360,397671836,301925694
1779838661.112683,spill,FileSystemStorage,8388608,1,8388856,5971149,4899846
1779838661.112969,spill,FileSystemStorage,8388608,1,8388856,6104103,5055471
1779838661.114117,spill,FileSystemStorage,8388608,1,8388856,6177927,5006995
1779838661.119766,spill,FileSystemStorage,8388608,1,8388856,6510348,5090437
1779838661.119939,spill,FileSystemStorage,8388608,1,8388856,6387186,5299063
1779838661.120065,spill,FileSystemStorage,8388608,1,8388856,6468966,5377109
1779838661.120740,spill,FileSystemStorage,8388608,1,8388856,6173071,5091506
1779838661.126963,spill,FileSystemStorage,8388608,1,8388856,5994884,4950373
1779838661.127300,spill,FileSystemStorage,8388608,1,8388856,6286235,4883480
1779838661.201833,spill,FileSystemStorage,8388608,1,8388856,6606147,5242333
1779838661.204100,spill,FileSystemStorage,8388608,1,8388856,6538561,5238404
1779838661.208256,spill,FileSystemStorage,8388608,1,8388856,5894588,4862862
1779838661.210936,spill,FileSystemStorage,8388608,1,8388856,6012932,5035197
1779838661.217876,spill,FileSystemStorage,8388608,3,25166568,21404845,14083153
1779838661.487344,spill,FileSystemStorage,8388608,60,503331360,296230134,240766158
1779838666.481611,restore,FileSystemStorage,8388608,1,8388856,3771555,3674776
1779838666.489519,restore,FileSystemStorage,8388608,1,8388856,3852909,3776732
1779838666.496498,restore,FileSystemStorage,8388608,1,8388856,3696127,3624908
1779838666.503453,restore,FileSystemStorage,8388608,1,8388856,3619210,3538123
1779838666.509049,restore,FileSystemStorage,8388608,1,8388856,3019358,2961968
1779838666.514581,restore,FileSystemStorage,8388608,1,8388856,3493210,3444282
1779838666.522004,restore,FileSystemStorage,8388608,1,8388856,3930196,3847350
1779838666.529464,restore,FileSystemStorage,8388608,1,8388856,3867861,3788000
1779838666.537606,restore,FileSystemStorage,8388608,1,8388856,3952452,3878188
1779838666.545799,restore,FileSystemStorage,8388608,1,8388856,3728379,3645789
1779838666.554264,restore,FileSystemStorage,8388608,1,8388856,3787969,3708481
1779838666.563011,restore,FileSystemStorage,8388608,1,8388856,4143662,4042094
1779838666.570999,restore,FileSystemStorage,8388608,1,8388856,3937094,3828086
1779838666.578953,restore,FileSystemStorage,8388608,1,8388856,3998883,3887526
1779838666.587630,restore,FileSystemStorage,8388608,1,8388856,4092067,3996968
1779838666.596103,restore,FileSystemStorage,8388608,1,8388856,3781130,3699432
1779838666.603433,restore,FileSystemStorage,8388608,1,8388856,3428378,3343004
1779838666.611123,restore,FileSystemStorage,8388608,1,8388856,3770146,3686325
1779838666.619077,restore,FileSystemStorage,8388608,1,8388856,3635360,3554803
1779838666.627359,restore,FileSystemStorage,8388608,1,8388856,3695421,3614120
1779838666.635516,restore,FileSystemStorage,8388608,1,8388856,3752021,3675229
1779838666.642893,restore,FileSystemStorage,8388608,1,8388856,3303180,3218313
1779838666.650830,restore,FileSystemStorage,8388608,1,8388856,3875251,3797815
1779838666.659500,restore,FileSystemStorage,8388608,1,8388856,4150667,4063784
1779838666.667716,restore,FileSystemStorage,8388608,1,8388856,3989372,3901961
1779838666.676292,restore,FileSystemStorage,8388608,1,8388856,4027197,3944901
1779838666.684464,restore,FileSystemStorage,8388608,1,8388856,4053007,3972828
1779838666.692578,restore,FileSystemStorage,8388608,1,8388856,3310740,3221647
1779838666.699111,restore,FileSystemStorage,8388608,1,8388856,3386442,3300936
1779838666.706855,restore,FileSystemStorage,8388608,1,8388856,4091041,4001420
1779838666.715777,restore,FileSystemStorage,8388608,1,8388856,4146404,4058811
1779838666.722932,restore,FileSystemStorage,8388608,1,8388856,3908575,3831970
1779838666.731862,restore,FileSystemStorage,8388608,1,8388856,4160940,4067709
1779838666.737996,restore,FileSystemStorage,8388608,1,8388856,3625109,3547418
1779838666.744469,restore,FileSystemStorage,8388608,1,8388856,3821734,3752645
1779838666.750926,restore,FileSystemStorage,8388608,1,8388856,3838965,3768941
1779838666.759022,restore,FileSystemStorage,8388608,1,8388856,4052661,3964777
1779838666.767064,restore,FileSystemStorage,8388608,1,8388856,4184324,4079333
1779838666.773871,restore,FileSystemStorage,8388608,1,8388856,3504539,3427703
1779838666.781590,restore,FileSystemStorage,8388608,1,8388856,3582973,3507207
1779838666.789674,restore,FileSystemStorage,8388608,1,8388856,3681001,3608043
1779838666.797154,restore,FileSystemStorage,8388608,1,8388856,3379320,3305048
1779838666.805029,restore,FileSystemStorage,8388608,1,8388856,4232196,4158812
1779838666.812735,restore,FileSystemStorage,8388608,1,8388856,3909039,3836622
1779838666.820543,restore,FileSystemStorage,8388608,1,8388856,3833857,3760795
1779838666.827489,restore,FileSystemStorage,8388608,1,8388856,3766642,3696732
1779838666.833899,restore,FileSystemStorage,8388608,1,8388856,3805110,3759480
1779838666.838701,restore,FileSystemStorage,8388608,1,8388856,3586132,3531574
1779838666.844602,restore,FileSystemStorage,8388608,1,8388856,3632377,3585276
1779838666.852441,restore,FileSystemStorage,8388608,1,8388856,3792114,3720501
1779838666.860345,restore,FileSystemStorage,8388608,1,8388856,3666734,3591726
1779838666.868375,restore,FileSystemStorage,8388608,1,8388856,3833938,3762400
1779838666.875553,restore,FileSystemStorage,8388608,1,8388856,3824136,3752620
1779838666.883646,restore,FileSystemStorage,8388608,1,8388856,3889686,3816116
1779838666.891621,restore,FileSystemStorage,8388608,1,8388856,4162738,4080370
1779838666.899518,restore,FileSystemStorage,8388608,1,8388856,3633525,3559866
1779838666.907615,restore,FileSystemStorage,8388608,1,8388856,4161837,4086360
1779838666.914517,restore,FileSystemStorage,8388608,1,8388856,3601229,3535666
1779838666.923108,restore,FileSystemStorage,8388608,1,8388856,3731151,3656453
1779838666.931565,restore,FileSystemStorage,8388608,1,8388856,4068719,3993059
1779838666.939056,restore,FileSystemStorage,8388608,1,8388856,3353448,3274954
1779838666.947035,restore,FileSystemStorage,8388608,1,8388856,3981390,3904285
1779838666.955066,restore,FileSystemStorage,8388608,1,8388856,3956019,3880149
1779838666.963074,restore,FileSystemStorage,8388608,1,8388856,3653093,3598991
1779838666.970734,restore,FileSystemStorage,8388608,1,8388856,3741757,3692557
1779838666.978833,restore,FileSystemStorage,8388608,1,8388856,3667222,3592981
1779838666.987062,restore,FileSystemStorage,8388608,1,8388856,4006842,3930119
1779838666.993786,restore,FileSystemStorage,8388608,1,8388856,3781948,3707808
1779838667.001258,restore,FileSystemStorage,8388608,1,8388856,3873908,3800938
1779838667.006402,restore,FileSystemStorage,8388608,1,8388856,2034566,1963632
1779838667.011588,restore,FileSystemStorage,8388608,1,8388856,2150651,2078247
1779838667.018518,restore,FileSystemStorage,8388608,1,8388856,3712283,3663058
1779838667.026181,restore,FileSystemStorage,8388608,1,8388856,3718986,3646029
1779838667.033359,restore,FileSystemStorage,8388608,1,8388856,3658026,3586136
1779838667.040353,restore,FileSystemStorage,8388608,1,8388856,3810998,3732621
1779838667.046650,restore,FileSystemStorage,8388608,1,8388856,2021286,1942911
1779838667.052252,restore,FileSystemStorage,8388608,1,8388856,2264336,2214819
1779838667.058043,restore,FileSystemStorage,8388608,1,8388856,2087283,2015878
1779838667.064314,restore,FileSystemStorage,8388608,1,8388856,2351931,2288572
1779838667.070288,restore,FileSystemStorage,8388608,1,8388856,2195394,2118464
1779838667.076923,restore,FileSystemStorage,8388608,1,8388856,2171488,2096167
1779838667.083105,restore,FileSystemStorage,8388608,1,8388856,2233227,2158333
1779838667.089583,restore,FileSystemStorage,8388608,1,8388856,2080633,1998442
1779838667.096160,restore,FileSystemStorage,8388608,1,8388856,1856323,1769966
1779838667.102111,restore,FileSystemStorage,8388608,1,8388856,2114942,2036213
1779838667.108289,restore,FileSystemStorage,8388608,1,8388856,2213649,2136973
1779838667.113769,restore,FileSystemStorage,8388608,1,8388856,2119614,2033833
1779838667.119562,restore,FileSystemStorage,8388608,1,8388856,2256394,2178218
1779838667.126045,restore,FileSystemStorage,8388608,1,8388856,2013583,1939755
1779838667.132494,restore,FileSystemStorage,8388608,1,8388856,2141573,2064027
1779838667.138441,restore,FileSystemStorage,8388608,1,8388856,2221766,2149538
1779838667.144711,restore,FileSystemStorage,8388608,1,8388856,2217966,2144152
1779838667.151664,restore,FileSystemStorage,8388608,1,8388856,2082200,2006423
1779838667.157915,restore,FileSystemStorage,8388608,1,8388856,2137133,2064240
1779838667.164432,restore,FileSystemStorage,8388608,1,8388856,1935674,1852043
1779838667.171400,restore,FileSystemStorage,8388608,1,8388856,2239318,2161799
1779838667.177814,restore,FileSystemStorage,8388608,1,8388856,2140879,2067477
1779838667.183055,restore,FileSystemStorage,8388608,1,8388856,1974816,1906959
1779838667.187543,restore,FileSystemStorage,8388608,1,8388856,2132584,2075764
1779838667.194110,restore,FileSystemStorage,8388608,1,8388856,1952506,1903576
1779838667.200164,restore,FileSystemStorage,8388608,1,8388856,2115019,2064155
1779838667.205490,restore,FileSystemStorage,8388608,1,8388856,2096676,2022445
1779838667.211339,restore,FileSystemStorage,8388608,1,8388856,1955631,1881268
1779838667.215680,restore,FileSystemStorage,8388608,1,8388856,1756355,1707961
1779838667.219619,restore,FileSystemStorage,8388608,1,8388856,2017929,1963079
1779838667.224554,restore,FileSystemStorage,8388608,1,8388856,2086279,2023191
1779838667.231110,restore,FileSystemStorage,8388608,1,8388856,2158345,2084197
1779838667.236991,restore,FileSystemStorage,8388608,1,8388856,2149096,2058040
1779838667.242719,restore,FileSystemStorage,8388608,1,8388856,2070760,1997779
1779838667.247644,restore,FileSystemStorage,8388608,1,8388856,2122886,2047295
1779838667.253997,restore,FileSystemStorage,8388608,1,8388856,2125189,2049896
1779838667.259541,restore,FileSystemStorage,8388608,1,8388856,2416945,2339309
1779838667.265712,restore,FileSystemStorage,8388608,1,8388856,2147728,2074294
1779838667.272132,restore,FileSystemStorage,8388608,1,8388856,2077550,2001817
1779838667.277780,restore,FileSystemStorage,8388608,1,8388856,1843836,1775076
1779838667.282719,restore,FileSystemStorage,8388608,1,8388856,1982368,1906080
1779838667.289105,restore,FileSystemStorage,8388608,1,8388856,2198876,2146301
1779838667.295509,restore,FileSystemStorage,8388608,1,8388856,2288304,2220819
1779838667.301220,restore,FileSystemStorage,8388608,1,8388856,2254807,2169232
1779838667.306870,restore,FileSystemStorage,8388608,1,8388856,1917397,1842968
1779838667.313015,restore,FileSystemStorage,8388608,1,8388856,1988618,1912860
1779838667.319056,restore,FileSystemStorage,8388608,1,8388856,1860044,1784339
1779838667.323953,restore,FileSystemStorage,8388608,1,8388856,2302690,2230958
1779838667.329829,restore,FileSystemStorage,8388608,1,8388856,2054188,1983812
1779838667.337023,restore,FileSystemStorage,8388608,1,8388856,2146322,2058265
1779838667.343121,restore,FileSystemStorage,8388608,1,8388856,1825031,1748552
1779838667.349623,restore,FileSystemStorage,8388608,1,8388856,2009931,1960618
1779838667.355932,restore,FileSystemStorage,8388608,1,8388856,2267233,2191193
1779838667.361956,restore,FileSystemStorage,8388608,1,8388856,2126996,2054105
1779838667.368435,restore,FileSystemStorage,8388608,1,8388856,1908793,1833910
1779838667.374447,restore,FileSystemStorage,8388608,1,8388856,2120387,2068441
1779838667.380814,restore,FileSystemStorage,8388608,1,8388856,2090099,2013681
1779838667.387393,restore,FileSystemStorage,8388608,1,8388856,2297893,2230925
1779838667.393236,restore,FileSystemStorage,8388608,1,8388856,2181101,2107270
1779838667.399680,restore,FileSystemStorage,8388608,1,8388856,2350678,2268343
1779838667.405088,restore,FileSystemStorage,8388608,1,8388856,2020572,1949033
1779838667.410784,restore,FileSystemStorage,8388608,1,8388856,1913113,1842967
1779838667.417199,restore,FileSystemStorage,8388608,1,8388856,2175179,2120575
1779838667.422875,restore,FileSystemStorage,8388608,1,8388856,1928411,1858186
1779838667.429669,restore,FileSystemStorage,8388608,1,8388856,1907243,1835426
1779838667.436191,restore,FileSystemStorage,8388608,1,8388856,2213227,2139440
1779838667.442279,restore,FileSystemStorage,8388608,1,8388856,2185640,2108910
1779838667.448357,restore,FileSystemStorage,8388608,1,8388856,2338491,2265822
1779838667.454875,restore,FileSystemStorage,8388608,1,8388856,2220250,2146094
1779838667.461692,restore,FileSystemStorage,8388608,1,8388856,2143347,2066716
1779838667.469273,restore,FileSystemStorage,8388608,1,8388856,2500682,2420320
1779838667.474871,restore,FileSystemStorage,8388608,1,8388856,2078924,2003937
1779838667.481063,restore,FileSystemStorage,8388608,1,8388856,2029820,1955116
1779838667.487628,restore,FileSystemStorage,8388608,1,8388856,2188922,2131779
1779838667.493734,restore,FileSystemStorage,8388608,1,8388856,2156236,2083176
1779838667.499629,restore,FileSystemStorage,8388608,1,8388856,2345230,2266506
1779838667.505068,restore,FileSystemStorage,8388608,1,8388856,2014772,1948965
1779838667.511065,restore,FileSystemStorage,8388608,1,8388856,2038124,1965624
1779838667.516048,restore,FileSystemStorage,8388608,1,8388856,2086540,2041949
1779838667.521771,restore,FileSystemStorage,8388608,1,8388856,2198959,2121493
1779838667.528268,restore,FileSystemStorage,8388608,1,8388856,2129128,2053461
1779838667.534368,restore,FileSystemStorage,8388608,1,8388856,2196759,2120311
1779838667.540539,restore,FileSystemStorage,8388608,1,8388856,2169496,2090682
1779838667.546096,restore,FileSystemStorage,8388608,1,8388856,1936136,1862694
1779838667.552243,restore,FileSystemStorage,8388608,1,8388856,2148976,2074086
1779838667.558616,restore,FileSystemStorage,8388608,1,8388856,2115465,2042152
1779838667.565125,restore,FileSystemStorage,8388608,1,8388856,2317478,2243062
1779838667.570831,restore,FileSystemStorage,8388608,1,8388856,1835576,1759764
1779838667.577281,restore,FileSystemStorage,8388608,1,8388856,2186390,2112932
1779838667.582512,restore,FileSystemStorage,8388608,1,8388856,2024632,1968745
1779838667.589289,restore,FileSystemStorage,8388608,1,8388856,2241503,2163664
1779838667.595653,restore,FileSystemStorage,8388608,1,8388856,2125978,2050126
1779838667.601992,restore,FileSystemStorage,8388608,1,8388856,2054474,1979883
1779838667.608459,restore,FileSystemStorage,8388608,1,8388856,2295935,2219697
1779838667.614228,restore,FileSystemStorage,8388608,1,8388856,2105404,2031914
1779838667.620096,restore,FileSystemStorage,8388608,1,8388856,1914779,1844874
1779838667.626367,restore,FileSystemStorage,8388608,1,8388856,2070146,1996756
1779838667.633129,restore,FileSystemStorage,8388608,1,8388856,2315906,2239513
1779838667.638836,restore,FileSystemStorage,8388608,1,8388856,1850147,1777821
1779838667.645335,restore,FileSystemStorage,8388608,1,8388856,2197619,2115043
1779838667.651574,restore,FileSystemStorage,8388608,1,8388856,2117122,2041657
1779838667.658571,restore,FileSystemStorage,8388608,1,8388856,2139340,2066099
1779838667.664371,restore,FileSystemStorage,8388608,1,8388856,2194384,2118582
1779838667.670565,restore,FileSystemStorage,8388608,1,8388856,1999981,1929280
1779838667.677324,restore,FileSystemStorage,8388608,1,8388856,2182917,2106413
1779838667.683580,restore,FileSystemStorage,8388608,1,8388856,2149850,2070466
1779838667.689579,restore,FileSystemStorage,8388608,1,8388856,2129701,2057079
1779838667.696247,restore,FileSystemStorage,8388608,1,8388856,2057757,1978918
1779838667.701774,restore,FileSystemStorage,8388608,1,8388856,2077732,2003937
1779838667.708025,restore,FileSystemStorage,8388608,1,8388856,2183434,2105799
1779838667.714936,restore,FileSystemStorage,8388608,1,8388856,2195500,2121877
1779838667.721601,restore,FileSystemStorage,8388608,1,8388856,2565841,2487277
1779838667.727981,restore,FileSystemStorage,8388608,1,8388856,2163723,2088846
1779838667.734192,restore,FileSystemStorage,8388608,1,8388856,1985375,1911959
1779838667.740524,restore,FileSystemStorage,8388608,1,8388856,2295644,2220089
1779838667.745164,restore,FileSystemStorage,8388608,1,8388856,2071080,1996938
1779838667.749840,restore,FileSystemStorage,8388608,1,8388856,2015019,1941212
1779838667.755459,restore,FileSystemStorage,8388608,1,8388856,2109609,2060391
1779838667.760401,restore,FileSystemStorage,8388608,1,8388856,1952931,1907620
1779838667.765687,restore,FileSystemStorage,8388608,1,8388856,2248261,2168039
1779838667.771106,restore,FileSystemStorage,8388608,1,8388856,2005997,1930217
1779838667.776804,restore,FileSystemStorage,8388608,1,8388856,1972096,1919912
1779838667.782959,restore,FileSystemStorage,8388608,1,8388856,2052968,1981853
1779838667.789335,restore,FileSystemStorage,8388608,1,8388856,2279791,2201781
1779838667.796258,restore,FileSystemStorage,8388608,1,8388856,2324928,2249144
1779838667.801918,restore,FileSystemStorage,8388608,1,8388856,2148611,2073845
1779838667.807828,restore,FileSystemStorage,8388608,1,8388856,2164397,2105005
1779838667.813274,restore,FileSystemStorage,8388608,1,8388856,2275174,2214407
1779838667.819946,restore,FileSystemStorage,8388608,1,8388856,2095312,2025888
1779838667.826536,restore,FileSystemStorage,8388608,1,8388856,2100580,2027206
1779838667.832829,restore,FileSystemStorage,8388608,1,8388856,2205154,2132946
1779838667.836657,restore,FileSystemStorage,8388608,1,8388856,2057766,1991262
1779838667.842577,restore,FileSystemStorage,8388608,1,8388856,2175072,2101103
1779838667.847981,restore,FileSystemStorage,8388608,1,8388856,1876155,1801334
1779838667.854525,restore,FileSystemStorage,8388608,1,8388856,2119558,2042176
1779838667.859832,restore,FileSystemStorage,8388608,1,8388856,2107472,2032996
1779838667.865493,restore,FileSystemStorage,8388608,1,8388856,1653491,1581620
1779838667.871458,restore,FileSystemStorage,8388608,1,8388856,1864188,1792967
1779838667.876797,restore,FileSystemStorage,8388608,1,8388856,2081933,2024963
1779838667.883550,restore,FileSystemStorage,8388608,1,8388856,2127624,2046926
1779838667.889853,restore,FileSystemStorage,8388608,1,8388856,2073421,2002838
1779838667.896375,restore,FileSystemStorage,8388608,1,8388856,2247769,2176130
1779838667.902518,restore,FileSystemStorage,8388608,1,8388856,2079960,2006744
1779838667.908624,restore,FileSystemStorage,8388608,1,8388856,2195733,2122247
1779838667.913827,restore,FileSystemStorage,8388608,1,8388856,2298007,2222476
1779838667.919582,restore,FileSystemStorage,8388608,1,8388856,2232453,2156173
1779838667.925904,restore,FileSystemStorage,8388608,1,8388856,2106552,2034035
1779838667.932269,restore,FileSystemStorage,8388608,1,8388856,2240738,2167530
1779838667.936834,restore,FileSystemStorage,8388608,1,8388856,1999283,1922224
1779838667.942057,restore,FileSystemStorage,8388608,1,8388856,2001191,1930314
1779838667.948125,restore,FileSystemStorage,8388608,1,8388856,2005383,1957985
1779838667.953608,restore,FileSystemStorage,8388608,1,8388856,2032603,1979907
1779838667.959499,restore,FileSystemStorage,8388608,1,8388856,2070700,2001488
1779838667.965699,restore,FileSystemStorage,8388608,1,8388856,2007044,1936864
1779838667.972215,restore,FileSystemStorage,8388608,1,8388856,2095239,2023779
1779838667.977985,restore,FileSystemStorage,8388608,1,8388856,2047741,1977620
1779838667.985101,restore,FileSystemStorage,8388608,1,8388856,2371947,2320398
1779838667.991008,restore,FileSystemStorage,8388608,1,8388856,1946651,1874557
1779838667.996265,restore,FileSystemStorage,8388608,1,8388856,2004703,1954492
1779838668.001706,restore,FileSystemStorage,8388608,1,8388856,2028495,1948464
1779838668.007364,restore,FileSystemStorage,8388608,1,8388856,2004364,1953785
1779838668.012712,restore,FileSystemStorage,8388608,1,8388856,1816314,1759899
1779838668.017833,restore,FileSystemStorage,8388608,1,8388856,1896590,1847750
1779838668.023765,restore,FileSystemStorage,8388608,1,8388856,2004964,1935471
1779838668.030437,restore,FileSystemStorage,8388608,1,8388856,2015902,1946162
1779838668.036453,restore,FileSystemStorage,8388608,1,8388856,2112315,2038441
1779838668.042346,restore,FileSystemStorage,8388608,1,8388856,2131588,2061714
1779838668.048717,restore,FileSystemStorage,8388608,1,8388856,2203623,2129536
1779838668.055589,restore,FileSystemStorage,8388608,1,8388856,2347150,2273555
1779838668.061791,restore,FileSystemStorage,8388608,1,8388856,2047274,1973683
1779838668.066329,restore,FileSystemStorage,8388608,1,8388856,1703711,1644841
1779838668.071578,restore,FileSystemStorage,8388608,1,8388856,2149648,2098273
1779838668.076606,restore,FileSystemStorage,8388608,1,8388856,1776876,1729434
1779838668.082054,restore,FileSystemStorage,8388608,1,8388856,1977996,1905796
1779838668.087985,restore,FileSystemStorage,8388608,1,8388856,2042912,1986809
1779838668.094313,restore,FileSystemStorage,8388608,1,8388856,1955519,1886170
1779838668.100110,restore,FileSystemStorage,8388608,1,8388856,1874447,1823395
1779838668.106019,restore,FileSystemStorage,8388608,1,8388856,1966678,1897242
1779838668.112421,restore,FileSystemStorage,8388608,1,8388856,2249394,2190065
1779838668.118484,restore,FileSystemStorage,8388608,1,8388856,2125987,2043964
1779838668.124585,restore,FileSystemStorage,8388608,1,8388856,2031030,1954564
1779838668.131583,restore,FileSystemStorage,8388608,1,8388856,2260864,2185444
1779838668.137693,restore,FileSystemStorage,8388608,1,8388856,2082047,2008720
1779838668.144298,restore,FileSystemStorage,8388608,1,8388856,2164488,2089889
1779838668.150272,restore,FileSystemStorage,8388608,1,8388856,2191138,2117337
1779838668.156228,restore,FileSystemStorage,8388608,1,8388856,1993083,1920696
1779838668.162423,restore,FileSystemStorage,8388608,1,8388856,2023499,1952181
1779838668.167662,restore,FileSystemStorage,8388608,1,8388856,2102770,2046069
1779838668.174278,restore,FileSystemStorage,8388608,1,8388856,2010664,1938703
1779838668.180023,restore,FileSystemStorage,8388608,1,8388856,2157482,2103247
1779838668.186342,restore,FileSystemStorage,8388608,1,8388856,2022679,1952422
1779838668.192639,restore,FileSystemStorage,8388608,1,8388856,2112133,2040411
1779838668.198608,restore,FileSystemStorage,8388608,1,8388856,2182674,2109865
1779838668.204745,restore,FileSystemStorage,8388608,1,8388856,1968295,1890054
1779838668.210649,restore,FileSystemStorage,8388608,1,8388856,2058718,1984011
1779838668.216542,restore,FileSystemStorage,8388608,1,8388856,2085187,2011853
1779838668.221982,restore,FileSystemStorage,8388608,1,8388856,2189055,2115521
1779838668.228491,restore,FileSystemStorage,8388608,1,8388856,2154314,2081307
1779838668.234487,restore,FileSystemStorage,8388608,1,8388856,2232494,2157831
1779838668.241104,restore,FileSystemStorage,8388608,1,8388856,2188900,2090014
1779838668.247469,restore,FileSystemStorage,8388608,1,8388856,2157006,2083533
1779838668.252686,restore,FileSystemStorage,8388608,1,8388856,2172394,2115139
1779838668.258211,restore,FileSystemStorage,8388608,1,8388856,2017856,1945956
1779838668.264488,restore,FileSystemStorage,8388608,1,8388856,2055168,1984722
1779838668.269446,restore,FileSystemStorage,8388608,1,8388856,1837895,1785017
1779838668.276483,restore,FileSystemStorage,8388608,1,8388856,2254291,2182168
1779838668.282132,restore,FileSystemStorage,8388608,1,8388856,2165372,2090007
1779838668.287801,restore,FileSystemStorage,8388608,1,8388856,2153138,2077390
1779838668.294040,restore,FileSystemStorage,8388608,1,8388856,2197604,2123747
1779838668.299971,restore,FileSystemStorage,8388608,1,8388856,2157237,2085950
1779838668.305917,restore,FileSystemStorage,8388608,1,8388856,2124721,2051805
1779838668.310873,restore,FileSystemStorage,8388608,1,8388856,2001312,1943942
1779838668.315478,restore,FileSystemStorage,8388608,1,8388856,1908527,1853672
1779838668.320451,restore,FileSystemStorage,8388608,1,8388856,2049454,2000181
1779838668.325682,restore,FileSystemStorage,8388608,1,8388856,2195886,2118587
1779838668.331718,restore,FileSystemStorage,8388608,1,8388856,1934334,1862840
1779838668.337077,restore,FileSystemStorage,8388608,1,8388856,2113028,2038285
1779838668.341194,restore,FileSystemStorage,8388608,1,8388856,2193627,2125650
1779838668.346634,restore,FileSystemStorage,8388608,1,8388856,2004731,1936000
1779838668.353961,restore,FileSystemStorage,8388608,1,8388856,2143215,2062078
1779838668.358297,restore,FileSystemStorage,8388608,1,8388856,1995180,1937642
1779838668.364112,restore,FileSystemStorage,8388608,1,8388856,2085898,2029844
1779838668.370534,restore,FileSystemStorage,8388608,1,8388856,1997047,1924172
1779838668.376426,restore,FileSystemStorage,8388608,1,8388856,2162188,2089524
1779838672.819161,spill,FileSystemStorage,16777216,1,16777464,20379935,10141289
1779838672.820919,spill,FileSystemStorage,16777216,1,16777464,21048748,10060283
1779838672.824281,spill,FileSystemStorage,16777216,1,16777464,20227423,9425120
1779838672.840157,spill,FileSystemStorage,16777216,1,16777464,19348347,9892433
1779838672.840457,spill,FileSystemStorage,16777216,1,16777464,18901185,9912484
1779838672.844612,spill,FileSystemStorage,16777216,1,16777464,18879877,9763883
1779838672.853672,spill,FileSystemStorage,16777216,1,16777464,12600339,9915750
1779838672.854156,spill,FileSystemStorage,16777216,1,16777464,12849487,10053221
1779838672.857334,spill,FileSystemStorage,16777216,1,16777464,11896749,9265826
1779838672.866699,spill,FileSystemStorage,16777216,1,16777464,12247163,9707810
1779838672.867391,spill,FileSystemStorage,16777216,1,16777464,12607226,10114197
1779838672.870606,spill,FileSystemStorage,16777216,1,16777464,12140533,9568857
1779838672.880242,spill,FileSystemStorage,16777216,1,16777464,11733101,9856674
1779838672.880453,spill,FileSystemStorage,16777216,1,16777464,12102744,9535168
1779838672.883845,spill,FileSystemStorage,16777216,1,16777464,12183055,10175359
1779838672.892965,spill,FileSystemStorage,16777216,1,16777464,11927449,9975770
1779838672.893797,spill,FileSystemStorage,16777216,1,16777464,12615424,9844101
1779838672.896762,spill,FileSystemStorage,16777216,1,16777464,12072689,9525207
1779838672.906222,spill,FileSystemStorage,16777216,1,16777464,11775021,9841322
1779838672.906265,spill,FileSystemStorage,16777216,1,16777464,12330908,9774641
1779838672.909695,spill,FileSystemStorage,16777216,1,16777464,11892308,9981726
1779838672.918630,spill,FileSystemStorage,16777216,1,16777464,11828345,9783331
1779838672.919335,spill,FileSystemStorage,16777216,1,16777464,12373840,9922791
1779838672.921970,spill,FileSystemStorage,16777216,1,16777464,11578619,9571757
1779838672.932067,spill,FileSystemStorage,16777216,1,16777464,12433809,10079660
1779838672.932644,spill,FileSystemStorage,16777216,1,16777464,12045732,10136884
1779838672.934050,spill,FileSystemStorage,16777216,1,16777464,11680598,9804965
1779838672.945123,spill,FileSystemStorage,16777216,1,16777464,12103849,9532354
1779838672.945763,spill,FileSystemStorage,16777216,1,16777464,12170171,9645885
1779838672.946063,spill,FileSystemStorage,16777216,1,16777464,11592138,9746171
1779838672.958038,spill,FileSystemStorage,16777216,1,16777464,11958642,9941724
1779838672.958256,spill,FileSystemStorage,16777216,1,16777464,11925344,9982872
1779838672.960255,spill,FileSystemStorage,16777216,1,16777464,11796032,9873800
1779838672.970455,spill,FileSystemStorage,16777216,1,16777464,11629149,9637692
1779838672.971313,spill,FileSystemStorage,16777216,1,16777464,12353284,10123343
1779838672.973015,spill,FileSystemStorage,16777216,1,16777464,11550363,9714738
1779838672.983038,spill,FileSystemStorage,16777216,1,16777464,12173804,9626887
1779838672.984863,spill,FileSystemStorage,16777216,1,16777464,11954302,9942458
1779838672.985493,spill,FileSystemStorage,16777216,1,16777464,11942462,9970967
1779838672.995429,spill,FileSystemStorage,16777216,1,16777464,11296151,9366255
1779838672.997348,spill,FileSystemStorage,16777216,1,16777464,11820030,9894843
1779838672.997708,spill,FileSystemStorage,16777216,1,16777464,11697681,9854420
1779838673.008530,spill,FileSystemStorage,16777216,1,16777464,12279464,10268698
1779838673.010126,spill,FileSystemStorage,16777216,1,16777464,11936429,9969413
1779838673.010221,spill,FileSystemStorage,16777216,1,16777464,12225046,10241612
1779838673.021799,spill,FileSystemStorage,16777216,1,16777464,11929345,9935802
1779838673.022658,spill,FileSystemStorage,16777216,1,16777464,12138695,10263245
1779838673.022921,spill,FileSystemStorage,16777216,1,16777464,12242301,10255492
1779838673.034262,spill,FileSystemStorage,16777216,1,16777464,12058300,9950983
1779838673.035793,spill,FileSystemStorage,16777216,1,16777464,12068019,10088572
1779838673.035875,spill,FileSystemStorage,16777216,1,16777464,12024326,10044025
1779838673.047329,spill,FileSystemStorage,16777216,1,16777464,11982692,9993530
1779838673.049124,spill,FileSystemStorage,16777216,1,16777464,11919719,9981755
1779838673.049624,spill,FileSystemStorage,16777216,1,16777464,12213403,10236253
1779838673.060230,spill,FileSystemStorage,16777216,1,16777464,11656555,9696512
1779838673.061570,spill,FileSystemStorage,16777216,1,16777464,11906233,10039346
1779838673.061721,spill,FileSystemStorage,16777216,1,16777464,11531337,9616016
1779838673.073237,spill,FileSystemStorage,16777216,1,16777464,11956256,9924248
1779838673.074068,spill,FileSystemStorage,16777216,1,16777464,12082590,10116465
1779838673.075082,spill,FileSystemStorage,16777216,1,16777464,12039017,10186405
1779838673.086128,spill,FileSystemStorage,16777216,1,16777464,11652029,9807464
1779838673.086242,spill,FileSystemStorage,16777216,1,16777464,11970058,9984969
1779838673.088746,spill,FileSystemStorage,16777216,1,16777464,12451704,10336271
1779838673.098550,spill,FileSystemStorage,16777216,1,16777464,11934354,9876463
1779838673.098570,spill,FileSystemStorage,16777216,1,16777464,11782654,9844378
1779838673.101449,spill,FileSystemStorage,16777216,1,16777464,11710279,9646711
1779838673.111818,spill,FileSystemStorage,16777216,1,16777464,12356153,10346897
1779838673.111965,spill,FileSystemStorage,16777216,1,16777464,12244555,10196502
1779838673.114158,spill,FileSystemStorage,16777216,1,16777464,11927069,9955882
1779838673.124343,spill,FileSystemStorage,16777216,1,16777464,11697119,9743529
1779838673.124810,spill,FileSystemStorage,16777216,1,16777464,11971101,10090887
1779838673.126551,spill,FileSystemStorage,16777216,1,16777464,11844806,9992407
1779838673.137595,spill,FileSystemStorage,16777216,1,16777464,11838518,9887591
1779838673.138470,spill,FileSystemStorage,16777216,1,16777464,12733577,10087716
1779838673.139567,spill,FileSystemStorage,16777216,1,16777464,12219576,10164224
1779838673.150488,spill,FileSystemStorage,16777216,1,16777464,12203142,9895809
1779838673.151020,spill,FileSystemStorage,16777216,1,16777464,12169823,10266782
1779838673.152554,spill,FileSystemStorage,16777216,1,16777464,12073835,9981445
1779838673.162967,spill,FileSystemStorage,16777216,1,16777464,11999792,9938408
1779838673.163840,spill,FileSystemStorage,16777216,1,16777464,11771183,9810858
1779838673.165406,spill,FileSystemStorage,16777216,1,16777464,11851506,9801441
1779838673.176264,spill,FileSystemStorage,16777216,1,16777464,11978794,10059868
1779838673.177477,spill,FileSystemStorage,16777216,1,16777464,12358401,9866446
1779838673.177979,spill,FileSystemStorage,16777216,1,16777464,11962281,10055947
1779838673.185946,spill,FileSystemStorage,16777216,30,503323920,387193546,284311056
1779838673.189163,spill,FileSystemStorage,16777216,1,16777464,11796904,9782518
1779838673.189850,spill,FileSystemStorage,16777216,1,16777464,11292664,9375805
1779838673.190248,spill,FileSystemStorage,16777216,1,16777464,12022381,10089637
1779838673.197795,spill,FileSystemStorage,16777216,1,16777464,10967447,8363669
1779838673.261291,spill,FileSystemStorage,16777216,1,16777464,11415050,8939080
1779838673.296136,spill,FileSystemStorage,16777216,1,16777464,11828353,8885153
1779838673.541169,spill,FileSystemStorage,16777216,30,503323920,293314495,237452043
1779838678.532960,restore,FileSystemStorage,16777216,1,16777464,7675505,7562948
1779838678.544020,restore,FileSystemStorage,16777216,1,16777464,7250875,7164460
1779838678.554302,restore,FileSystemStorage,16777216,1,16777464,7332725,7241151
1779838678.565212,restore,FileSystemStorage,16777216,1,16777464,6890761,6803166
1779838678.576428,restore,FileSystemStorage,16777216,1,16777464,7263508,7175026
1779838678.587582,restore,FileSystemStorage,16777216,1,16777464,7421855,7337677
1779838678.598701,restore,FileSystemStorage,16777216,1,16777464,7130643,7039570
1779838678.609875,restore,FileSystemStorage,16777216,1,16777464,7205858,7121138
1779838678.621213,restore,FileSystemStorage,16777216,1,16777464,7158518,7074908
1779838678.632470,restore,FileSystemStorage,16777216,1,16777464,7140397,7054466
1779838678.643637,restore,FileSystemStorage,16777216,1,16777464,7431305,7346810
1779838678.655414,restore,FileSystemStorage,16777216,1,16777464,7327529,7239185
1779838678.665818,restore,FileSystemStorage,16777216,1,16777464,6991398,6913282
1779838678.677642,restore,FileSystemStorage,16777216,1,16777464,7195179,7113800
1779838678.689399,restore,FileSystemStorage,16777216,1,16777464,7164008,7069167
1779838678.700747,restore,FileSystemStorage,16777216,1,16777464,7493843,7406653
1779838678.712551,restore,FileSystemStorage,16777216,1,16777464,7217496,7135326
1779838678.723023,restore,FileSystemStorage,16777216,1,16777464,6313176,6229677
1779838678.733480,restore,FileSystemStorage,16777216,1,16777464,6809494,6724156
1779838678.745110,restore,FileSystemStorage,16777216,1,16777464,7322754,7262747
1779838678.756443,restore,FileSystemStorage,16777216,1,16777464,7373142,7285581
1779838678.767592,restore,FileSystemStorage,16777216,1,16777464,7227488,7140309
1779838678.778227,restore,FileSystemStorage,16777216,1,16777464,7189439,7110370
1779838678.790312,restore,FileSystemStorage,16777216,1,16777464,7538997,7434180
1779838678.802599,restore,FileSystemStorage,16777216,1,16777464,7498645,7398603
1779838678.813276,restore,FileSystemStorage,16777216,1,16777464,6896992,6809999
1779838678.822898,restore,FileSystemStorage,16777216,1,16777464,7206967,7108097
1779838678.833327,restore,FileSystemStorage,16777216,1,16777464,7069932,6989132
1779838678.843819,restore,FileSystemStorage,16777216,1,16777464,6917350,6835219
1779838678.852752,restore,FileSystemStorage,16777216,1,16777464,6084044,5995430
1779838678.863112,restore,FileSystemStorage,16777216,1,16777464,6317042,6228161
1779838678.874162,restore,FileSystemStorage,16777216,1,16777464,7057913,6967983
1779838678.885395,restore,FileSystemStorage,16777216,1,16777464,7222441,7149161
1779838678.896938,restore,FileSystemStorage,16777216,1,16777464,7234765,7146925
1779838678.906568,restore,FileSystemStorage,16777216,1,16777464,7125492,7036816
1779838678.917586,restore,FileSystemStorage,16777216,1,16777464,6925417,6832115
1779838678.927114,restore,FileSystemStorage,16777216,1,16777464,7221216,7130213
1779838678.937951,restore,FileSystemStorage,16777216,1,16777464,7130030,7029736
1779838678.948266,restore,FileSystemStorage,16777216,1,16777464,6810872,6720498
1779838678.959067,restore,FileSystemStorage,16777216,1,16777464,7023447,6962469
1779838678.969755,restore,FileSystemStorage,16777216,1,16777464,6800038,6725209
1779838678.980586,restore,FileSystemStorage,16777216,1,16777464,7181561,7097318
1779838678.990837,restore,FileSystemStorage,16777216,1,16777464,6732621,6652310
1779838679.001847,restore,FileSystemStorage,16777216,1,16777464,7133478,7052147
1779838679.013073,restore,FileSystemStorage,16777216,1,16777464,7315079,7227811
1779838679.023082,restore,FileSystemStorage,16777216,1,16777464,6562867,6481407
1779838679.033678,restore,FileSystemStorage,16777216,1,16777464,7114881,7054220
1779838679.044741,restore,FileSystemStorage,16777216,1,16777464,7183204,7096231
1779838679.055927,restore,FileSystemStorage,16777216,1,16777464,7032890,6946420
1779838679.065909,restore,FileSystemStorage,16777216,1,16777464,6118708,6012966
1779838679.075883,restore,FileSystemStorage,16777216,1,16777464,6547444,6483842
1779838679.086598,restore,FileSystemStorage,16777216,1,16777464,7575812,7511285
1779838679.097431,restore,FileSystemStorage,16777216,1,16777464,6917016,6819115
1779838679.108184,restore,FileSystemStorage,16777216,1,16777464,7002360,6906848
1779838679.118904,restore,FileSystemStorage,16777216,1,16777464,7008454,6910248
1779838679.130136,restore,FileSystemStorage,16777216,1,16777464,7331326,7217459
1779838679.141421,restore,FileSystemStorage,16777216,1,16777464,7193914,7099430
1779838679.152037,restore,FileSystemStorage,16777216,1,16777464,7068333,6977293
1779838679.162143,restore,FileSystemStorage,16777216,1,16777464,6791293,6723522
1779838679.170076,restore,FileSystemStorage,16777216,1,16777464,3318058,3239739
1779838679.176820,restore,FileSystemStorage,16777216,1,16777464,3298164,3238170
1779838679.184108,restore,FileSystemStorage,16777216,1,16777464,3282829,3205501
1779838679.193922,restore,FileSystemStorage,16777216,1,16777464,5640229,5584152
1779838679.200361,restore,FileSystemStorage,16777216,1,16777464,3353715,3299813
1779838679.206808,restore,FileSystemStorage,16777216,1,16777464,3255076,3200025
1779838679.217149,restore,FileSystemStorage,16777216,1,16777464,6710419,6658790
1779838679.224836,restore,FileSystemStorage,16777216,1,16777464,3274361,3197241
1779838679.231069,restore,FileSystemStorage,16777216,1,16777464,3391845,3336202
1779838679.238238,restore,FileSystemStorage,16777216,1,16777464,3226426,3166998
1779838679.244931,restore,FileSystemStorage,16777216,1,16777464,3269471,3218646
1779838679.251938,restore,FileSystemStorage,16777216,1,16777464,3292549,3217458
1779838679.258306,restore,FileSystemStorage,16777216,1,16777464,3120000,3062573
1779838679.264898,restore,FileSystemStorage,16777216,1,16777464,3113356,3059762
1779838679.272280,restore,FileSystemStorage,16777216,1,16777464,3225489,3151317
1779838679.278255,restore,FileSystemStorage,16777216,1,16777464,3151509,3093980
1779838679.284801,restore,FileSystemStorage,16777216,1,16777464,3362054,3303580
1779838679.291445,restore,FileSystemStorage,16777216,1,16777464,3336383,3261476
1779838679.298346,restore,FileSystemStorage,16777216,1,16777464,3331691,3270571
1779838679.303602,restore,FileSystemStorage,16777216,1,16777464,3367366,3302973
1779838679.309972,restore,FileSystemStorage,16777216,1,16777464,3221120,3170597
1779838679.315828,restore,FileSystemStorage,16777216,1,16777464,3263631,3204527
1779838679.322568,restore,FileSystemStorage,16777216,1,16777464,3195029,3119540
1779838679.329643,restore,FileSystemStorage,16777216,1,16777464,3516373,3458521
1779838679.336112,restore,FileSystemStorage,16777216,1,16777464,3755866,3679822
1779838679.344502,restore,FileSystemStorage,16777216,1,16777464,3783476,3705877
1779838679.352017,restore,FileSystemStorage,16777216,1,16777464,3916584,3824067
1779838679.360225,restore,FileSystemStorage,16777216,1,16777464,4136867,4054069
1779838679.368265,restore,FileSystemStorage,16777216,1,16777464,4037381,3951160
1779838679.376170,restore,FileSystemStorage,16777216,1,16777464,4027438,3945306
1779838679.382609,restore,FileSystemStorage,16777216,1,16777464,3529881,3452658
1779838679.389230,restore,FileSystemStorage,16777216,1,16777464,3495116,3418702
1779838679.396703,restore,FileSystemStorage,16777216,1,16777464,3519897,3440963
1779838679.401293,restore,FileSystemStorage,16777216,1,16777464,3287575,3241664
1779838679.407726,restore,FileSystemStorage,16777216,1,16777464,3506844,3462708
1779838679.414554,restore,FileSystemStorage,16777216,1,16777464,3549494,3497220
1779838679.422472,restore,FileSystemStorage,16777216,1,16777464,3744601,3671955
1779838679.429235,restore,FileSystemStorage,16777216,1,16777464,3535004,3463068
1779838679.435798,restore,FileSystemStorage,16777216,1,16777464,3468903,3391946
1779838679.443068,restore,FileSystemStorage,16777216,1,16777464,3467318,3412540
1779838679.451414,restore,FileSystemStorage,16777216,1,16777464,3667468,3595483
1779838679.458123,restore,FileSystemStorage,16777216,1,16777464,3519260,3473765
1779838679.466146,restore,FileSystemStorage,16777216,1,16777464,3585447,3507672
1779838679.474629,restore,FileSystemStorage,16777216,1,16777464,3797875,3712196
1779838679.481904,restore,FileSystemStorage,16777216,1,16777464,3464669,3385440
1779838679.488617,restore,FileSystemStorage,16777216,1,16777464,3554953,3479246
1779838679.495068,restore,FileSystemStorage,16777216,1,16777464,3513294,3439091
1779838679.502423,restore,FileSystemStorage,16777216,1,16777464,3424267,3374909
1779838679.509805,restore,FileSystemStorage,16777216,1,16777464,3502625,3429411
1779838679.516507,restore,FileSystemStorage,16777216,1,16777464,3472344,3398811
1779838679.523481,restore,FileSystemStorage,16777216,1,16777464,3713833,3638309
1779838679.531060,restore,FileSystemStorage,16777216,1,16777464,3464189,3410802
1779838679.538513,restore,FileSystemStorage,16777216,1,16777464,3434719,3389941
1779838679.546081,restore,FileSystemStorage,16777216,1,16777464,3446936,3404047
1779838679.553923,restore,FileSystemStorage,16777216,1,16777464,3413142,3338272
1779838679.561641,restore,FileSystemStorage,16777216,1,16777464,3463077,3389952
1779838679.568501,restore,FileSystemStorage,16777216,1,16777464,3606427,3531110
1779838679.575612,restore,FileSystemStorage,16777216,1,16777464,3632422,3559805
1779838679.582797,restore,FileSystemStorage,16777216,1,16777464,3576547,3528613
1779838679.589232,restore,FileSystemStorage,16777216,1,16777464,3577210,3523501
1779838679.596718,restore,FileSystemStorage,16777216,1,16777464,3588301,3510992
1779838679.604731,restore,FileSystemStorage,16777216,1,16777464,3522603,3447143
1779838679.612375,restore,FileSystemStorage,16777216,1,16777464,3612275,3557437
1779838679.619714,restore,FileSystemStorage,16777216,1,16777464,3633853,3554877
1779838679.627986,restore,FileSystemStorage,16777216,1,16777464,3545322,3470995
1779838679.635535,restore,FileSystemStorage,16777216,1,16777464,3475556,3403307
1779838679.643618,restore,FileSystemStorage,16777216,1,16777464,3555769,3506453
1779838679.651438,restore,FileSystemStorage,16777216,1,16777464,3693342,3645149
1779838679.658849,restore,FileSystemStorage,16777216,1,16777464,3408106,3366930
1779838679.666172,restore,FileSystemStorage,16777216,1,16777464,3581440,3534822
1779838679.674009,restore,FileSystemStorage,16777216,1,16777464,3569364,3496688
1779838679.681617,restore,FileSystemStorage,16777216,1,16777464,3433592,3362451
1779838679.688639,restore,FileSystemStorage,16777216,1,16777464,3609357,3537396
1779838679.696737,restore,FileSystemStorage,16777216,1,16777464,3442001,3370494
1779838679.704479,restore,FileSystemStorage,16777216,1,16777464,3517764,3447849
1779838679.711787,restore,FileSystemStorage,16777216,1,16777464,3504389,3432772
1779838679.718837,restore,FileSystemStorage,16777216,1,16777464,3425745,3353206
1779838679.725890,restore,FileSystemStorage,16777216,1,16777464,3403615,3346632
1779838679.732638,restore,FileSystemStorage,16777216,1,16777464,3533146,3462662
1779838679.739959,restore,FileSystemStorage,16777216,1,16777464,3474735,3394481
1779838679.747594,restore,FileSystemStorage,16777216,1,16777464,3583601,3535765
1779838679.754094,restore,FileSystemStorage,16777216,1,16777464,3410895,3365899
1779838679.759955,restore,FileSystemStorage,16777216,1,16777464,3413935,3338104
1779838679.767074,restore,FileSystemStorage,16777216,1,16777464,3322120,3247136
1779838679.774577,restore,FileSystemStorage,16777216,1,16777464,3579343,3517750
1779838679.781788,restore,FileSystemStorage,16777216,1,16777464,3655494,3598802
1779838679.789187,restore,FileSystemStorage,16777216,1,16777464,3425791,3344956
1779838679.795708,restore,FileSystemStorage,16777216,1,16777464,3625152,3545857
1779838679.802305,restore,FileSystemStorage,16777216,1,16777464,3491537,3441726
1779838679.809185,restore,FileSystemStorage,16777216,1,16777464,3631113,3552018
1779838679.815677,restore,FileSystemStorage,16777216,1,16777464,3697034,3635797
1779838684.368184,spill,FileSystemStorage,33554432,1,33554680,38621903,18807971
1779838684.369550,spill,FileSystemStorage,33554432,1,33554680,40338255,19598593
1779838684.379253,spill,FileSystemStorage,33554432,1,33554680,38501279,17996293
1779838684.433513,spill,FileSystemStorage,33554432,1,33554680,37573618,17890121
1779838684.445126,spill,FileSystemStorage,33554432,1,33554680,38842512,19718197
1779838684.454218,spill,FileSystemStorage,33554432,1,33554680,38294472,18505072
1779838684.485981,spill,FileSystemStorage,33554432,1,33554680,37159772,18710643
1779838684.496720,spill,FileSystemStorage,33554432,1,33554680,37664736,19073512
1779838684.506468,spill,FileSystemStorage,33554432,1,33554680,37309436,18849644
1779838684.539409,spill,FileSystemStorage,33554432,1,33554680,37379612,17736531
1779838684.552229,spill,FileSystemStorage,33554432,1,33554680,38547036,19110370
1779838684.561573,spill,FileSystemStorage,33554432,1,33554680,38325628,18819703
1779838684.594772,spill,FileSystemStorage,33554432,1,33554680,37412243,18858846
1779838684.606225,spill,FileSystemStorage,33554432,1,33554680,37439788,19222517
1779838684.615093,spill,FileSystemStorage,33554432,1,33554680,36823218,18615833
1779838684.646509,spill,FileSystemStorage,33554432,1,33554680,35819726,17564938
1779838684.659572,spill,FileSystemStorage,33554432,1,33554680,37490013,19131694
1779838684.669211,spill,FileSystemStorage,33554432,1,33554680,37631972,19004829
1779838684.703277,spill,FileSystemStorage,33554432,1,33554680,37664132,18869953
1779838684.714766,spill,FileSystemStorage,33554432,1,33554680,38208400,19484638
1779838684.722636,spill,FileSystemStorage,33554432,1,33554680,36345129,18257467
1779838684.756636,spill,FileSystemStorage,33554432,1,33554680,37091087,18088199
1779838684.768116,spill,FileSystemStorage,33554432,1,33554680,37681927,19629918
1779838684.778392,spill,FileSystemStorage,33554432,1,33554680,38360427,19569539
1779838684.810033,spill,FileSystemStorage,33554432,1,33554680,37223902,18543821
1779838684.820506,spill,FileSystemStorage,33554432,1,33554680,37665261,19163264
1779838684.829872,spill,FileSystemStorage,33554432,1,33554680,36607762,18043295
1779838684.853117,spill,FileSystemStorage,33554432,15,503320200,555372205,268206378
1779838684.864474,spill,FileSystemStorage,33554432,1,33554680,38007167,18933529
1779838684.876366,spill,FileSystemStorage,33554432,1,33554680,38400263,19617163
1779838684.884082,spill,FileSystemStorage,33554432,1,33554680,36729162,18370036
1779838685.058295,spill,FileSystemStorage,33554432,1,33554680,38381274,18938843
1779838685.075583,spill,FileSystemStorage,33554432,1,33554680,45619870,23385519
1779838685.080871,spill,FileSystemStorage,33554432,1,33554680,38253020,19319108
1779838685.113488,spill,FileSystemStorage,33554432,1,33554680,36609997,18097805
1779838685.137266,spill,FileSystemStorage,33554432,1,33554680,38096673,18720690
1779838685.146840,spill,FileSystemStorage,33554432,1,33554680,37673250,19054288
1779838685.167614,spill,FileSystemStorage,33554432,1,33554680,37045089,18550856
1779838685.190722,spill,FileSystemStorage,33554432,1,33554680,37014668,18678036
1779838685.200901,spill,FileSystemStorage,33554432,1,33554680,37994702,19534161
1779838685.220572,spill,FileSystemStorage,33554432,1,33554680,35781271,17311719
1779838685.243440,spill,FileSystemStorage,33554432,1,33554680,36766577,18841766
1779838685.253227,spill,FileSystemStorage,33554432,1,33554680,36428421,17933696
1779838685.274647,spill,FileSystemStorage,33554432,1,33554680,36797097,18313301
1779838685.296114,spill,FileSystemStorage,33554432,1,33554680,34876614,16793555
1779838685.547287,spill,FileSystemStorage,33554432,15,503320200,536559620,255776235
1779838690.554380,restore,FileSystemStorage,33554432,1,33554680,14120009,14027083
1779838690.572376,restore,FileSystemStorage,33554432,1,33554680,13686001,13588407
1779838690.586097,restore,FileSystemStorage,33554432,1,33554680,11887911,11791940
1779838690.603972,restore,FileSystemStorage,33554432,1,33554680,13875114,13785724
1779838690.622533,restore,FileSystemStorage,33554432,1,33554680,13912589,13813991
1779838690.638119,restore,FileSystemStorage,33554432,1,33554680,11521080,11420281
1779838690.657069,restore,FileSystemStorage,33554432,1,33554680,13997707,13894100
1779838690.675755,restore,FileSystemStorage,33554432,1,33554680,14061093,13953420
1779838690.692955,restore,FileSystemStorage,33554432,1,33554680,14073926,13970611
1779838690.709641,restore,FileSystemStorage,33554432,1,33554680,14024567,13922514
1779838690.727898,restore,FileSystemStorage,33554432,1,33554680,13789800,13687172
1779838690.745830,restore,FileSystemStorage,33554432,1,33554680,13866242,13758807
1779838690.765037,restore,FileSystemStorage,33554432,1,33554680,14397060,14286227
1779838690.781309,restore,FileSystemStorage,33554432,1,33554680,11613002,11495899
1779838690.800866,restore,FileSystemStorage,33554432,1,33554680,14713233,14596670
1779838690.819085,restore,FileSystemStorage,33554432,1,33554680,14116978,14002487
1779838690.837693,restore,FileSystemStorage,33554432,1,33554680,14400806,14288072
1779838690.848367,restore,FileSystemStorage,33554432,1,33554680,6830974,6721601
1779838690.859436,restore,FileSystemStorage,33554432,1,33554680,6949511,6849234
1779838690.870680,restore,FileSystemStorage,33554432,1,33554680,6921558,6825857
1779838690.882182,restore,FileSystemStorage,33554432,1,33554680,6784898,6689079
1779838690.893731,restore,FileSystemStorage,33554432,1,33554680,7000915,6929883
1779838690.903038,restore,FileSystemStorage,33554432,1,33554680,6475440,6370234
1779838690.913268,restore,FileSystemStorage,33554432,1,33554680,6387521,6310418
1779838690.924866,restore,FileSystemStorage,33554432,1,33554680,7121866,7019085
1779838690.934742,restore,FileSystemStorage,33554432,1,33554680,7088463,6995493
1779838690.945662,restore,FileSystemStorage,33554432,1,33554680,6725130,6592110
1779838690.956766,restore,FileSystemStorage,33554432,1,33554680,6625805,6522657
1779838690.968065,restore,FileSystemStorage,33554432,1,33554680,7142155,7041251
1779838690.980413,restore,FileSystemStorage,33554432,1,33554680,7134314,7028630
1779838690.991399,restore,FileSystemStorage,33554432,1,33554680,6677834,6576977
1779838691.002958,restore,FileSystemStorage,33554432,1,33554680,6863704,6796299
1779838691.012943,restore,FileSystemStorage,33554432,1,33554680,6767055,6702882
1779838691.024085,restore,FileSystemStorage,33554432,1,33554680,6618140,6525307
1779838691.034803,restore,FileSystemStorage,33554432,1,33554680,6731029,6663110
1779838691.045310,restore,FileSystemStorage,33554432,1,33554680,6661023,6605398
1779838691.056555,restore,FileSystemStorage,33554432,1,33554680,6797851,6714518
1779838691.067852,restore,FileSystemStorage,33554432,1,33554680,6993014,6906566
1779838691.080203,restore,FileSystemStorage,33554432,1,33554680,7439918,7345013
1779838691.091583,restore,FileSystemStorage,33554432,1,33554680,7170563,7075224
1779838691.103441,restore,FileSystemStorage,33554432,1,33554680,7287563,7185638
1779838691.115531,restore,FileSystemStorage,33554432,1,33554680,7215255,7120024
1779838691.127133,restore,FileSystemStorage,33554432,1,33554680,6723122,6623864
1779838691.138251,restore,FileSystemStorage,33554432,1,33554680,6698329,6599456
1779838691.150121,restore,FileSystemStorage,33554432,1,33554680,7012332,6908333
1779838691.161035,restore,FileSystemStorage,33554432,1,33554680,6871360,6769468
1779838691.171505,restore,FileSystemStorage,33554432,1,33554680,7071217,6972370
1779838691.182905,restore,FileSystemStorage,33554432,1,33554680,6716774,6605797
1779838691.194692,restore,FileSystemStorage,33554432,1,33554680,7078442,6972435
1779838691.205884,restore,FileSystemStorage,33554432,1,33554680,6957163,6832882
1779838691.217056,restore,FileSystemStorage,33554432,1,33554680,6614518,6515743
1779838691.228315,restore,FileSystemStorage,33554432,1,33554680,7135644,7042576
1779838691.240061,restore,FileSystemStorage,33554432,1,33554680,7393784,7300495
1779838691.250998,restore,FileSystemStorage,33554432,1,33554680,6861507,6752004
1779838691.261966,restore,FileSystemStorage,33554432,1,33554680,6590175,6462690
1779838691.273241,restore,FileSystemStorage,33554432,1,33554680,6863253,6768857
1779838691.284671,restore,FileSystemStorage,33554432,1,33554680,6857800,6766655
1779838691.296236,restore,FileSystemStorage,33554432,1,33554680,7131006,7035630
1779838691.307676,restore,FileSystemStorage,33554432,1,33554680,7086580,6990348
1779838691.318950,restore,FileSystemStorage,33554432,1,33554680,6964501,6862917
1779838691.330004,restore,FileSystemStorage,33554432,1,33554680,6973576,6871050
1779838691.341151,restore,FileSystemStorage,33554432,1,33554680,6867742,6770173
1779838691.352202,restore,FileSystemStorage,33554432,1,33554680,6506903,6412060
1779838691.361045,restore,FileSystemStorage,33554432,1,33554680,6419316,6350062
1779838691.372229,restore,FileSystemStorage,33554432,1,33554680,6668807,6577872
1779838691.383093,restore,FileSystemStorage,33554432,1,33554680,6767641,6703791
1779838691.393904,restore,FileSystemStorage,33554432,1,33554680,6757604,6686126
1779838691.404747,restore,FileSystemStorage,33554432,1,33554680,6955391,6873460
1779838691.416300,restore,FileSystemStorage,33554432,1,33554680,6744103,6651004
1779838691.427030,restore,FileSystemStorage,33554432,1,33554680,6959377,6887031
1779838691.437371,restore,FileSystemStorage,33554432,1,33554680,6686915,6622961
1779838691.448325,restore,FileSystemStorage,33554432,1,33554680,6977559,6888917
1779838691.457830,restore,FileSystemStorage,33554432,1,33554680,6557176,6482912
1779838691.468366,restore,FileSystemStorage,33554432,1,33554680,6877035,6791613
1779838696.316810,spill,FileSystemStorage,67108864,1,67109112,73874566,36026848
1779838696.419975,spill,FileSystemStorage,67108864,1,67109112,69826066,34579318
1779838696.525124,spill,FileSystemStorage,67108864,1,67109112,71766555,36227608
1779838696.625774,spill,FileSystemStorage,67108864,1,67109112,68490679,33409141
1779838696.720711,spill,FileSystemStorage,67108864,1,67109112,70533217,35547399
1779838696.801442,spill,FileSystemStorage,67108864,8,536872896,572528643,272312309
1779838696.823471,spill,FileSystemStorage,67108864,1,67109112,69131844,34197826
1779838697.061460,spill,FileSystemStorage,67108864,1,67109112,73152313,35359977
1779838697.162781,spill,FileSystemStorage,67108864,1,67109112,70646382,35452805
1779838697.269027,spill,FileSystemStorage,67108864,1,67109112,72622789,36593162
1779838697.371952,spill,FileSystemStorage,67108864,1,67109112,70386160,35436543
1779838697.477417,spill,FileSystemStorage,67108864,1,67109112,72524809,37457208
1779838697.538799,spill,FileSystemStorage,67108864,8,536872896,568537869,270545209
1779838697.576640,spill,FileSystemStorage,67108864,1,67109112,68210560,32950271
1779838698.240335,spill,FileSystemStorage,67108864,8,536872896,526073363,251926377
1779838703.021294,restore,FileSystemStorage,67108864,1,67109112,28295707,28183385
1779838703.052842,restore,FileSystemStorage,67108864,1,67109112,27292625,27186087
1779838703.080808,restore,FileSystemStorage,67108864,1,67109112,24212706,24106206
1779838703.112650,restore,FileSystemStorage,67108864,1,67109112,26986642,26876134
1779838703.142034,restore,FileSystemStorage,67108864,1,67109112,24825871,24703476
1779838703.172377,restore,FileSystemStorage,67108864,1,67109112,26655121,26566447
1779838703.204202,restore,FileSystemStorage,67108864,1,67109112,27739061,27633985
1779838703.235061,restore,FileSystemStorage,67108864,1,67109112,26967278,26852952
1779838703.251817,restore,FileSystemStorage,67108864,1,67109112,12402248,12312806
1779838703.267095,restore,FileSystemStorage,67108864,1,67109112,12946715,12861505
1779838703.282721,restore,FileSystemStorage,67108864,1,67109112,12298361,12224343
1779838703.300032,restore,FileSystemStorage,67108864,1,67109112,13484848,13378987
1779838703.316196,restore,FileSystemStorage,67108864,1,67109112,13374538,13254215
1779838703.333349,restore,FileSystemStorage,67108864,1,67109112,12845447,12741996
1779838703.350569,restore,FileSystemStorage,67108864,1,67109112,12984512,12868468
1779838703.365825,restore,FileSystemStorage,67108864,1,67109112,12195645,12112023
1779838703.384712,restore,FileSystemStorage,67108864,1,67109112,13570747,13467671
1779838703.401580,restore,FileSystemStorage,67108864,1,67109112,13219481,13108200
1779838703.418850,restore,FileSystemStorage,67108864,1,67109112,12634531,12532939
1779838703.435194,restore,FileSystemStorage,67108864,1,67109112,12649958,12549261
1779838703.452832,restore,FileSystemStorage,67108864,1,67109112,13415879,13319189
1779838703.470985,restore,FileSystemStorage,67108864,1,67109112,13306377,13201134
1779838703.488075,restore,FileSystemStorage,67108864,1,67109112,12497981,12380496
1779838703.504807,restore,FileSystemStorage,67108864,1,67109112,12917445,12806524
1779838703.522270,restore,FileSystemStorage,67108864,1,67109112,12711048,12605250
1779838703.539554,restore,FileSystemStorage,67108864,1,67109112,13138733,13031716
1779838703.556822,restore,FileSystemStorage,67108864,1,67109112,12716145,12603354
1779838703.574840,restore,FileSystemStorage,67108864,1,67109112,13099432,12994799
1779838703.592559,restore,FileSystemStorage,67108864,1,67109112,13133675,13023388
1779838703.609349,restore,FileSystemStorage,67108864,1,67109112,13052989,12944005
1779838703.626731,restore,FileSystemStorage,67108864,1,67109112,12911261,12811392
1779838703.643727,restore,FileSystemStorage,67108864,1,67109112,12592894,12484687
1779838703.661360,restore,FileSystemStorage,67108864,1,67109112,13158634,13048885
1779838703.678644,restore,FileSystemStorage,67108864,1,67109112,13057339,12954118
1779838703.695705,restore,FileSystemStorage,67108864,1,67109112,12916323,12818911
1779838703.712936,restore,FileSystemStorage,67108864,1,67109112,12492144,12397367
1779838708.748270,spill,FileSystemStorage,134217728,4,536871904,543183217,251091808
1779838709.433853,spill,FileSystemStorage,134217728,4,536871904,521812687,250650229
1779838710.125578,spill,FileSystemStorage,134217728,4,536871904,524735720,251539534
1779838710.821534,spill,FileSystemStorage,134217728,4,536871904,524292640,253264215
1779838716.212692,restore,FileSystemStorage,134217728,1,134217976,55921773,55813077
1779838716.269789,restore,FileSystemStorage,134217728,1,134217976,54731398,54637084
1779838716.299610,restore,FileSystemStorage,134217728,1,134217976,26060268,25941353
1779838716.329490,restore,FileSystemStorage,134217728,1,134217976,26133141,26021016
1779838716.358472,restore,FileSystemStorage,134217728,1,134217976,25539445,25431459
1779838716.388910,restore,FileSystemStorage,134217728,1,134217976,26124484,26010496
1779838716.418083,restore,FileSystemStorage,134217728,1,134217976,24944236,24830259
1779838716.446339,restore,FileSystemStorage,134217728,1,134217976,25461984,25354360
1779838716.474449,restore,FileSystemStorage,134217728,1,134217976,25829720,25719924
1779838716.504237,restore,FileSystemStorage,134217728,1,134217976,26162154,26056042
1779838716.533083,restore,FileSystemStorage,134217728,1,134217976,25247449,25133073
1779838716.561701,restore,FileSystemStorage,134217728,1,134217976,25549425,25432529
1779838716.591590,restore,FileSystemStorage,134217728,1,134217976,25843736,25725385
1779838716.621839,restore,FileSystemStorage,134217728,1,134217976,25720434,25603530
1779838716.650752,restore,FileSystemStorage,134217728,1,134217976,25388160,25283565
1779838716.680032,restore,FileSystemStorage,134217728,1,134217976,25828445,25736073
