spill,65536,2000,131574000,146947094
spill,65536,1,65787,32104111
spill,65536,2000,131574000,173442645
spill,65536,1651,108614337,157449427
spill,65536,2000,131574000,202196510
spill,65536,1,65787,49204015
spill,65536,1,65787,48945730
spill,65536,5,328935,36578641
spill,65536,2,131574,26109390
spill,65536,6,394722,8584317
spill,65536,1,65787,6438474
spill,65536,3,197361,6064825
spill,65536,1,65787,5893264
spill,65536,1,65787,4405095
spill,65536,3,197361,3719188
spill,65536,5,328935,4209278
spill,65536,4,263148,4249195
spill,65536,1,65787,3476009
spill,65536,2,131574,4148539
spill,65536,3,197361,4557596
spill,65536,1,65787,5137415
spill,65536,1,65787,4825461
spill,65536,2,131574,4109669
spill,65536,3,197361,4074423
spill,65536,1,65787,3300843
spill,65536,1,65787,2801424
spill,65536,2,131574,2522347
spill,65536,3,197361,2885126
spill,65536,1,65787,2946864
spill,65536,1,65787,2970843
spill,65536,1,65787,2913858
spill,65536,1,65787,3211793
spill,65536,1,65787,3384038
spill,65536,1,65787,2423955
spill,65536,2,131574,2714816
spill,65536,1,65787,2734671
spill,65536,3,197361,2748500
spill,65536,1,65787,2763541
spill,65536,4,263148,3197307
spill,65536,5,328935,3305602
spill,65536,4,263148,3344848
spill,65536,2,131574,2815120
spill,65536,3,197361,2713646
spill,65536,1,65787,2645090
spill,65536,1,65787,2763387
spill,65536,3,197361,2654987
spill,65536,1,65787,2607008
spill,65536,2,131574,2615164
spill,65536,1,65787,2631286
spill,65536,1,65787,2419866
spill,65536,1,65787,2494697
spill,65536,2,131574,2646487
spill,65536,2,131574,2563869
spill,65536,2,131574,2662947
spill,65536,1,65787,2676845
spill,65536,1,65787,2442389
spill,65536,1,65787,2419216
spill,65536,2,131574,2943317
spill,65536,1,65787,3078243
spill,65536,1,65787,2727177
spill,65536,3,197361,2740102
spill,65536,1,65787,2437054
spill,65536,2,131574,2380244
spill,65536,2,131574,2696077
spill,65536,2,131574,2681107
spill,65536,1,65787,2548994
spill,65536,1,65787,2498187
spill,65536,1,65787,2567747
spill,65536,2,131574,2680917
spill,65536,1,65787,2796551
spill,65536,1,65787,2743035
spill,65536,1,65787,2907016
spill,65536,2,131574,2897205
spill,65536,1,65787,2510058
spill,65536,3,197361,2189405
spill,65536,1,65787,1923043
spill,65536,2,131574,1650063
spill,65536,1,65787,1188106
spill,65536,3,197361,1000714
spill,65536,2,131574,1124461
spill,65536,2,131574,887675
spill,65536,1,65787,640784
spill,65536,2,131574,669560
spill,65536,1,65787,722419
spill,65536,1,65787,666766
spill,65536,1,65787,1152678
spill,65536,1,65787,1036941
spill,65536,1,65787,889992
spill,65536,2,131574,623028
spill,65536,1,65787,512254
spill,65536,3,197361,717625
spill,65536,3,197361,541395
spill,65536,1,65787,543272
spill,65536,2,131574,846728
spill,65536,1,65787,807301
spill,65536,4,263148,679498
spill,65536,1,65787,781657
spill,65536,2,131574,487592
spill,65536,1,65787,582262
spill,65536,1,65787,766704
spill,65536,1,65787,430970
spill,65536,2,131574,631143
spill,65536,3,197361,519140
spill,65536,1,65787,436039
spill,65536,1,65787,494744
spill,65536,1,65787,397166
spill,65536,1,65787,504119
spill,65536,2,131574,834914
spill,65536,3,197361,601186
spill,65536,1,65787,481496
spill,65536,1,65787,456667
spill,65536,4,263148,633474
spill,65536,4,263148,557742
spill,65536,1,65787,495192
spill,65536,1,65787,439623
spill,65536,2,131574,591824
spill,65536,3,197361,523071
spill,65536,1,65787,421612
spill,65536,2,131574,498282
spill,65536,1,65787,521630
spill,65536,1,65787,392206
spill,65536,2,131574,510328
spill,65536,2,131574,936925
spill,65536,4,263148,1131150
spill,65536,1,65787,965755
spill,65536,1,65787,818890
spill,65536,1,65787,519597
spill,65536,1,65787,616575
spill,65536,2,131574,741196
spill,65536,2,131574,858143
spill,65536,1,65787,739647
spill,65536,1,65787,732975
spill,65536,1,65787,664585
spill,65536,4,263148,839710
spill,65536,1,65787,586535
spill,65536,3,197361,780082
spill,65536,2,131574,713726
spill,65536,1,65787,863364
spill,65536,1,65787,777027
spill,65536,1,65787,419928
spill,65536,1,65787,683240
spill,65536,1,65787,545153
spill,65536,1,65787,546847
spill,65536,1,65787,764777
spill,65536,2,131574,1193353
spill,65536,2,131574,1136025
spill,65536,2,131574,981492
spill,65536,2,131574,719251
spill,65536,1,65787,696624
spill,65536,1,65787,565316
spill,65536,3,197361,1064288
spill,65536,1,65787,648466
spill,65536,2,131574,824376
spill,65536,2,131574,938899
spill,65536,2,131574,768773
spill,65536,1,65787,679397
spill,65536,2,131574,642558
spill,65536,2,131574,511695
spill,65536,1,65787,427566
spill,65536,4,263148,796297
spill,65536,1,65787,564471
spill,65536,2,131574,630579
spill,65536,3,197361,527042
spill,65536,1,65787,531083
spill,65536,2,131574,619690
spill,65536,1,65787,458374
spill,65536,1,65787,412735
spill,65536,1,65787,517732
spill,65536,2,131574,675181
spill,65536,2,131574,863657
spill,65536,5,328935,1016813
spill,65536,2,131574,764441
spill,65536,2,131574,686222
spill,65536,1,65787,432130
spill,65536,3,197361,598351
spill,65536,1,65787,460374
spill,65536,5,328935,806575
spill,65536,2,131574,452080
spill,65536,1,65787,621603
spill,65536,1,65787,404367
spill,65536,2,131574,619750
spill,65536,2,131574,620607
spill,65536,3,197361,715524
spill,65536,2,131574,689401
spill,65536,2,131574,630760
spill,65536,1,65787,620394
spill,65536,1,65787,380504
spill,65536,2,131574,766800
spill,65536,3,197361,677974
spill,65536,2,131574,541360
spill,65536,4,263148,1573214
spill,65536,5,328935,1559109
spill,65536,2,131574,1233513
spill,65536,1,65787,1505912
spill,65536,3,197361,939295
spill,65536,2,131574,758907
spill,65536,1,65787,868864
spill,65536,3,197361,1144540
spill,65536,1,65787,720755
spill,65536,5,328935,690944
spill,65536,2,131574,733030
spill,65536,1,65787,687970
spill,65536,1,65787,661950
spill,65536,3,197361,899255
spill,65536,2,131574,674633
spill,65536,3,197361,710019
spill,65536,1,65787,585881
spill,65536,1,65787,748105
spill,65536,3,197361,873525
spill,65536,4,263148,795209
spill,65536,2,131574,664379
spill,65536,2,131574,634720
spill,65536,1,65787,612799
spill,65536,1,65787,523215
spill,65536,2,131574,1018891
spill,65536,2,131574,528863
spill,65536,1,65787,614217
spill,65536,3,197361,795345
spill,65536,1,65787,564226
spill,65536,2,131574,741573
spill,65536,2,131574,463493
spill,65536,5,328935,923139
spill,65536,3,197361,625515
spill,65536,1,65787,711399
spill,65536,1,65787,645244
spill,65536,1,65787,538436
spill,65536,1,65787,726890
spill,65536,2,131574,520576
spill,65536,1,65787,430187
spill,65536,4,263148,907719
spill,65536,1,65787,611668
spill,65536,1,65787,490839
spill,65536,2,131574,672423
spill,65536,2,131574,481918
spill,65536,1,65787,597749
spill,65536,4,263148,1074211
spill,65536,3,197361,847209
spill,65536,2,131574,765457
spill,65536,1,65787,667065
spill,65536,5,328935,789480
spill,65536,2,131574,929396
spill,65536,1,65787,526580
spill,65536,3,197361,925699
spill,65536,1,65787,703850
spill,65536,1,65787,376904
spill,65536,4,263148,501068
spill,65536,2,131574,740827
spill,65536,1,65787,655451
spill,65536,1,65787,460665
spill,65536,1,65787,466806
spill,65536,6,394722,723988
spill,65536,3,197361,667194
spill,65536,2,131574,901033
spill,65536,5,328935,789554
spill,65536,2,131574,674792
spill,65536,3,197361,706244
spill,65536,3,197361,770480
spill,65536,3,197361,724660
spill,65536,3,197361,687916
spill,65536,2,131574,654131
spill,65536,2,131574,731625
spill,65536,4,263148,721628
spill,65536,2,131574,604655
spill,65536,2,131574,601062
spill,65536,1,65787,486903
spill,65536,2,131574,734930
spill,65536,1,65787,559977
spill,65536,2,131574,778423
spill,65536,3,197361,696968
spill,65536,1,65787,638111
spill,65536,1,65787,510026
spill,65536,3,197361,617504
spill,65536,1,65787,536878
spill,65536,2,131574,629731
spill,65536,3,197361,631970
spill,65536,1,65787,505568
spill,65536,4,263148,724403
spill,65536,2,131574,683125
spill,65536,3,197361,931532
spill,65536,3,197361,822244
spill,65536,1,65787,823045
spill,65536,2,131574,756350
spill,65536,2,131574,685432
spill,65536,2,131574,603614
spill,65536,2,131574,795761
spill,65536,1,65787,492425
spill,65536,1,65787,712601
spill,65536,1,65787,764090
spill,65536,2,131574,629997
spill,65536,3,197361,613805
spill,65536,1,65787,638493
spill,65536,1,65787,822108
spill,65536,2,131574,751209
spill,65536,2,131574,693341
spill,65536,1,65787,644841
spill,65536,1,65787,639970
spill,65536,1,65787,511833
spill,65536,3,197361,765100
spill,65536,1,65787,534164
spill,65536,1,65787,701784
spill,65536,2,131574,747561
spill,65536,1,65787,735451
spill,65536,2,131574,683268
spill,65536,1,65787,696825
spill,65536,1,65787,402581
spill,65536,1,65787,665502
spill,65536,2,131574,818605
spill,65536,2,131574,771849
spill,65536,2,131574,682526
spill,65536,1,65787,761247
spill,65536,2,131574,913294
spill,65536,1,65787,829868
spill,65536,3,197361,986544
spill,65536,1,65787,815988
spill,65536,2,131574,854970
spill,65536,3,197361,963008
spill,65536,2,131574,859410
spill,65536,1,65787,772152
spill,65536,1,65787,606752
spill,65536,2,131574,629930
spill,65536,2,131574,737293
spill,65536,1,65787,567818
spill,65536,1,65787,606073
spill,65536,1,65787,753175
spill,65536,4,263148,1062239
spill,65536,3,197361,910839
spill,65536,1,65787,701222
spill,65536,1,65787,546188
spill,65536,1,65787,497498
spill,65536,1,65787,483403
spill,65536,1,65787,535497
spill,65536,2,131574,492813
spill,65536,1,65787,928296
spill,65536,2,131574,796680
spill,65536,1,65787,519543
spill,65536,3,197361,629341
spill,65536,1,65787,535473
spill,65536,1,65787,654966
spill,65536,1,65787,627189
spill,65536,1,65787,596820
spill,65536,2,131574,756789
spill,65536,1,65787,476587
spill,65536,2,131574,492177
spill,65536,1,65787,581811
spill,65536,1,65787,563191
spill,65536,1,65787,816075
spill,65536,1,65787,520602
spill,65536,3,197361,849211
spill,65536,1,65787,668915
spill,65536,2,131574,677674
spill,65536,1,65787,1025889
spill,65536,1,65787,792387
spill,65536,1,65787,565705
spill,65536,3,197361,839394
spill,65536,1,65787,579523
spill,65536,4,263148,774009
spill,65536,1,65787,536702
spill,65536,1,65787,709101
spill,65536,4,263148,861124
spill,65536,1,65787,536239
spill,65536,2,131574,499942
spill,65536,1,65787,514600
spill,65536,3,197361,914787
spill,65536,2,131574,650630
spill,65536,2,131574,430792
spill,65536,3,197361,624082
spill,65536,1,65787,572738
spill,65536,1,65787,492154
spill,65536,1,65787,775235
spill,65536,3,197361,613220
spill,65536,1,65787,439769
spill,65536,1,65787,722812
spill,65536,2,131574,803525
spill,65536,4,263148,1158802
spill,65536,3,197361,998127
spill,65536,1,65787,1148311
spill,65536,2,131574,743232
spill,65536,1,65787,678431
spill,65536,2,131574,744561
spill,65536,1,65787,754323
spill,65536,2,131574,545863
spill,65536,1,65787,569207
spill,65536,2,131574,613219
spill,65536,1,65787,503259
spill,65536,2,131574,655524
spill,65536,1,65787,449116
spill,65536,1,65787,426323
spill,65536,5,328935,1021505
spill,65536,2,131574,703117
spill,65536,1,65787,707397
spill,65536,3,197361,774610
spill,65536,3,197361,754616
spill,65536,2,131574,715605
spill,65536,4,263148,775560
spill,65536,2,131574,748214
spill,65536,1,65787,659905
spill,65536,1,65787,834064
spill,65536,1,65787,569637
spill,65536,3,197361,864427
spill,65536,1,65787,652548
spill,65536,1,65787,527152
spill,65536,4,263148,1070501
spill,65536,4,263148,747639
spill,65536,2,131574,605884
spill,65536,1,65787,644531
spill,65536,1,65787,679928
spill,65536,2,131574,585271
spill,65536,4,263148,831476
spill,65536,1,65787,852754
spill,65536,1,65787,620119
spill,65536,1,65787,924430
spill,65536,1,65787,1036958
spill,65536,1,65787,542331
spill,65536,1,65787,715628
spill,65536,1,65787,430583
spill,65536,1,65787,573675
spill,65536,5,328935,887162
spill,65536,8,526296,1288423
spill,65536,1,65787,582956
spill,65536,1,65787,741953
spill,65536,4,263148,872419
spill,65536,2,131574,809514
spill,65536,5,328935,844027
spill,65536,1,65787,526598
spill,65536,4,263148,802257
spill,65536,4,263148,824060
spill,65536,1,65787,688706
spill,65536,4,263148,777672
spill,65536,2,131574,684147
spill,65536,1,65787,557739
spill,65536,2,131574,763500
spill,65536,2,131574,647404
spill,65536,3,197361,647758
spill,65536,1,65787,613895
spill,65536,1,65787,743492
spill,65536,3,197361,942753
spill,65536,3,197361,960820
spill,65536,1,65787,880783
spill,65536,2,131574,843928
spill,65536,1,65787,639448
spill,65536,2,131574,740418
spill,65536,2,131574,862699
spill,65536,5,328935,708765
spill,65536,1,65787,577905
spill,65536,1,65787,598352
spill,65536,2,131574,724740
spill,65536,1,65787,880845
spill,65536,4,263148,832281
spill,65536,3,197361,643035
spill,65536,1,65787,777379
spill,65536,2,131574,721184
spill,65536,1,65787,711177
spill,65536,1,65787,670733
spill,65536,1,65787,776212
spill,65536,1,65787,634135
spill,65536,2,131574,843473
spill,65536,4,263148,753294
spill,65536,3,197361,601861
spill,65536,1,65787,822263
spill,65536,3,197361,656457
spill,65536,1,65787,784539
spill,65536,2,131574,602386
spill,65536,1,65787,626825
spill,65536,3,197361,949824
spill,65536,1,65787,884764
spill,65536,4,263148,1263272
spill,65536,1,65787,1017230
spill,65536,1,65787,563493
spill,65536,7,460509,1021492
spill,65536,2,131574,826376
spill,65536,3,197361,696069
spill,65536,1,65787,391855
spill,65536,4,263148,649904
spill,65536,3,197361,841751
spill,65536,1,65787,641974
spill,65536,1,65787,556258
spill,65536,2,131574,743088
spill,65536,4,263148,869589
spill,65536,3,197361,981594
spill,65536,4,263148,874470
spill,65536,1,65787,665714
spill,65536,1,65787,946981
spill,65536,2,131574,435494
spill,65536,3,197361,835090
spill,65536,1,65787,468620
spill,65536,2,131574,687425
spill,65536,2,131574,493917
spill,65536,2,131574,509171
spill,65536,1,65787,534201
spill,65536,2,131574,543247
spill,65536,1,65787,489868
spill,65536,2,131574,617173
spill,65536,1,65787,550521
spill,65536,1,65787,486401
spill,65536,1,65787,563114
spill,65536,1,65787,494879
spill,65536,2,131574,735313
spill,65536,1,65787,440082
spill,65536,2,131574,452308
spill,65536,2,131574,608742
spill,65536,2,131574,568863
spill,65536,6,394722,800725
spill,65536,1,65787,534616
spill,65536,3,197361,591687
spill,65536,2,131574,436213
spill,65536,1,65787,726415
spill,65536,3,197361,1033431
spill,65536,2,131574,574848
spill,65536,4,263148,779851
spill,65536,1,65787,692106
spill,65536,1,65787,499409
spill,65536,2,131574,645607
spill,65536,1,65787,380071
spill,65536,1,65787,440485
spill,65536,4,263148,579124
spill,65536,3,197361,599176
spill,65536,3,197361,613704
spill,65536,1,65787,679838
spill,65536,3,197361,503466
spill,65536,1,65787,734042
spill,65536,1,65787,450532
spill,65536,1,65787,416247
spill,65536,1,65787,751168
spill,65536,2,131574,473776
spill,65536,3,197361,630823
spill,65536,4,263148,703760
spill,65536,4,263148,918103
spill,65536,3,197361,630582
spill,65536,1,65787,485160
spill,65536,1,65787,462027
spill,65536,2,131574,584263
spill,65536,1,65787,522478
spill,65536,2,131574,635965
spill,65536,1,65787,544081
spill,65536,4,263148,795976
spill,65536,1,65787,505060
spill,65536,1,65787,360304
spill,65536,4,263148,760029
spill,65536,1,65787,414334
spill,65536,2,131574,564837
spill,65536,2,131574,703532
spill,65536,3,197361,476506
spill,65536,3,197361,457396
spill,65536,2,131574,411707
spill,65536,2,131574,809210
spill,65536,3,197361,810396
spill,65536,2,131574,527704
spill,65536,1,65787,401407
spill,65536,3,197361,563291
spill,65536,1,65787,760944
spill,65536,2,131574,580439
spill,65536,2,131574,804455
spill,65536,2,131574,617823
spill,65536,2,131574,581760
spill,65536,1,65787,587937
spill,65536,4,263148,751866
spill,65536,1,65787,434923
spill,65536,1,65787,643544
spill,65536,2,131574,737280
spill,65536,2,131574,567826
spill,65536,1,65787,522550
spill,65536,4,263148,1101496
spill,65536,1,65787,403954
spill,65536,3,197361,638723
spill,65536,2,131574,673115
spill,65536,1,65787,829202
spill,65536,1,65787,646164
spill,65536,1,65787,612418
spill,65536,3,197361,487085
spill,65536,1,65787,444248
spill,65536,1,65787,395998
spill,65536,1,65787,660268
spill,65536,2,131574,911331
spill,65536,3,197361,599667
spill,65536,1,65787,552453
spill,65536,1,65787,593562
spill,65536,2,131574,538447
spill,65536,8,526296,1401137
spill,65536,3,197361,792940
spill,65536,3,197361,806808
spill,65536,1,65787,931518
spill,65536,1,65787,1336673
spill,65536,1,65787,758904
spill,65536,4,263148,871349
spill,65536,2,131574,817138
spill,65536,3,197361,837467
spill,65536,2,131574,661067
spill,65536,2,131574,626241
spill,65536,2,131574,614167
spill,65536,1,65787,660210
spill,65536,3,197361,837466
spill,65536,2,131574,766169
spill,65536,1,65787,589256
spill,65536,2,131574,522794
spill,65536,1,65787,543418
spill,65536,2,131574,713853
spill,65536,2,131574,689460
spill,65536,8,526296,979409
spill,65536,1,65787,814807
spill,65536,3,197361,964982
spill,65536,1,65787,540933
spill,65536,2,131574,800766
spill,65536,2,131574,474120
spill,65536,1,65787,481369
spill,65536,3,197361,696315
spill,65536,1,65787,813360
spill,65536,3,197361,552013
spill,65536,3,197361,611463
spill,65536,2,131574,530511
spill,65536,2,131574,614296
spill,65536,1,65787,610067
spill,65536,1,65787,702397
spill,65536,4,263148,627513
spill,65536,2,131574,554796
spill,65536,1,65787,654736
spill,65536,1,65787,541407
spill,65536,1,65787,480808
spill,65536,4,263148,560619
spill,65536,1,65787,446040
spill,65536,3,197361,600601
spill,65536,2,131574,595645
spill,65536,2,131574,522712
spill,65536,1,65787,461356
spill,65536,3,197361,675177
spill,65536,2,131574,463086
spill,65536,1,65787,616313
spill,65536,1,65787,421518
spill,65536,1,65787,428168
spill,65536,1,65787,606665
spill,65536,1,65787,636153
spill,65536,2,131574,648733
spill,65536,3,197361,942874
spill,65536,1,65787,640575
spill,65536,1,65787,456628
spill,65536,2,131574,681975
spill,65536,2,131574,542866
spill,65536,1,65787,455300
spill,65536,1,65787,393374
spill,65536,1,65787,761479
spill,65536,2,131574,764075
spill,65536,1,65787,860431
spill,65536,1,65787,429173
spill,65536,1,65787,429134
spill,65536,1,65787,431823
spill,65536,1,65787,674705
spill,65536,3,197361,742882
spill,65536,2,131574,766401
spill,65536,2,131574,932728
spill,65536,1,65787,595597
spill,65536,1,65787,582674
spill,65536,1,65787,566304
spill,65536,1,65787,1110591
spill,65536,2,131574,831706
spill,65536,1,65787,875383
spill,65536,2,131574,763571
spill,65536,1,65787,1081294
spill,65536,1,65787,622988
spill,65536,1,65787,616394
spill,65536,2,131574,693144
spill,65536,2,131574,926939
spill,65536,1,65787,606733
spill,65536,1,65787,503066
spill,65536,1,65787,795335
spill,65536,2,131574,622573
spill,65536,2,131574,446406
spill,65536,2,131574,606110
spill,65536,2,131574,485810
spill,65536,1,65787,1049272
spill,65536,2,131574,841916
spill,65536,1,65787,529384
spill,65536,1,65787,515109
spill,65536,3,197361,763025
spill,65536,1,65787,726383
spill,65536,3,197361,949059
spill,65536,4,263148,726788
spill,65536,5,328935,704270
spill,65536,1,65787,729459
spill,65536,1,65787,520474
spill,65536,1,65787,834004
spill,65536,1,65787,587343
spill,65536,1,65787,573358
spill,65536,1,65787,592289
spill,65536,1,65787,855907
spill,65536,1,65787,547905
spill,65536,1,65787,518500
spill,65536,3,197361,788235
spill,65536,2,131574,533370
spill,65536,3,197361,579861
spill,65536,2,131574,492540
spill,65536,4,263148,1149629
spill,65536,2,131574,470797
spill,65536,1,65787,728412
spill,65536,1,65787,660160
spill,65536,1,65787,511858
spill,65536,1,65787,684677
spill,65536,1,65787,534264
spill,65536,2,131574,796718
spill,65536,1,65787,662680
spill,65536,1,65787,757256
spill,65536,2,131574,920274
spill,65536,1,65787,639782
spill,65536,1,65787,781598
spill,65536,2,131574,487472
spill,65536,1,65787,947969
spill,65536,1,65787,865309
spill,65536,1,65787,435105
spill,65536,1,65787,669846
spill,65536,1,65787,481923
spill,65536,1,65787,448821
spill,65536,1,65787,1087712
spill,65536,1,65787,607685
spill,65536,1,65787,703538
spill,65536,1,65787,588002
spill,65536,1,65787,614618
spill,65536,1,65787,728125
spill,65536,1,65787,544167
spill,65536,4,263148,1053787
spill,65536,1,65787,573282
spill,65536,2,131574,827722
spill,65536,1,65787,827828
spill,65536,2,131574,843875
spill,65536,1,65787,570010
spill,65536,1,65787,769027
spill,65536,1,65787,704921
spill,65536,1,65787,683531
spill,65536,1,65787,466787
spill,65536,1,65787,739454
spill,65536,2,131574,1013859
spill,65536,2,131574,571333
spill,65536,1,65787,883966
spill,65536,1,65787,478634
spill,65536,2,131574,758210
spill,65536,2,131574,895269
spill,65536,1,65787,574716
spill,65536,2,131574,555954
spill,65536,1,65787,538056
spill,65536,1,65787,540654
spill,65536,1,65787,727023
spill,65536,1,65787,465242
spill,65536,2,131574,556671
spill,65536,2,131574,655881
spill,65536,1,65787,569969
spill,65536,1,65787,662202
spill,65536,1,65787,609656
spill,65536,2,131574,1149970
spill,65536,1,65787,780689
spill,65536,2,131574,863146
spill,65536,2,131574,945014
spill,65536,1,65787,523457
spill,65536,2,131574,731168
spill,65536,1,65787,717817
spill,65536,1,65787,792430
spill,65536,1,65787,679753
spill,65536,2,131574,904298
spill,65536,1,65787,1126840
spill,65536,1,65787,577999
spill,65536,1,65787,610065
spill,65536,2,131574,646458
spill,65536,3,197361,885955
spill,65536,2,131574,742249
spill,65536,2,131574,778648
spill,65536,1,65787,620489
spill,65536,3,197361,869863
spill,65536,1,65787,696799
spill,65536,2,131574,870828
spill,65536,1,65787,631860
spill,65536,1,65787,826611
spill,65536,1,65787,595587
spill,65536,3,197361,1057309
spill,65536,1,65787,699272
spill,65536,1,65787,558736
spill,65536,1,65787,565089
spill,65536,3,197361,759885
spill,65536,1,65787,724612
spill,65536,1,65787,419820
spill,65536,2,131574,523168
spill,65536,1,65787,543242
spill,65536,2,131574,579358
spill,65536,1,65787,669960
spill,65536,1,65787,814274
spill,65536,1,65787,423696
spill,65536,4,263148,958884
spill,65536,1,65787,527580
spill,65536,2,131574,519511
spill,65536,2,131574,431110
spill,65536,1,65787,570874
spill,65536,2,131574,561753
spill,65536,3,197361,833594
spill,65536,1,65787,836554
spill,65536,1,65787,538265
spill,65536,5,328935,708559
spill,65536,1,65787,719487
spill,65536,2,131574,795547
spill,65536,1,65787,579525
spill,65536,1,65787,698575
spill,65536,2,131574,560086
spill,65536,1,65787,436067
spill,65536,1,65787,412290
spill,65536,2,131574,781651
spill,65536,2,131574,644510
spill,65536,1,65787,529973
spill,65536,1,65787,607277
spill,65536,1,65787,425647
spill,65536,3,197361,715115
spill,65536,1,65787,466601
spill,65536,1,65787,334569
spill,65536,2,131574,522328
spill,65536,1,65787,347986
spill,65536,1,65787,519102
spill,65536,1,65787,390045
spill,65536,1,65787,387142
spill,65536,1,65787,515046
spill,65536,1,65787,593248
spill,65536,2,131574,613168
spill,65536,2,131574,547007
spill,65536,1,65787,655924
spill,65536,1,65787,532124
spill,65536,1,65787,445842
spill,65536,1,65787,425643
spill,65536,1,65787,451840
spill,65536,1,65787,558513
spill,65536,1,65787,951654
spill,65536,1,65787,746488
spill,65536,1,65787,447537
spill,65536,1,65787,467050
spill,65536,1,65787,772822
spill,65536,2,131574,600460
spill,65536,1,65787,550525
spill,65536,1,65787,486965
spill,65536,1,65787,596499
spill,65536,1,65787,601892
spill,65536,3,197361,715915
spill,65536,2,131574,544705
spill,65536,1,65787,538382
spill,65536,1,65787,502997
spill,65536,1,65787,489867
spill,65536,1,65787,449151
spill,65536,2,131574,564621
spill,65536,1,65787,416456
spill,65536,2,131574,721411
spill,65536,1,65787,530038
spill,65536,1,65787,500110
spill,65536,1,65787,715123
spill,65536,1,65787,513580
spill,65536,2,131574,600395
spill,65536,1,65787,506216
spill,65536,1,65787,512764
spill,65536,5,328935,726064
spill,65536,1,65787,617592
spill,65536,1,65787,610281
spill,65536,1,65787,536433
spill,65536,1,65787,552657
spill,65536,1,65787,557031
spill,65536,1,65787,415281
spill,65536,2,131574,509342
spill,65536,1,65787,452711
spill,65536,1,65787,493923
spill,65536,1,65787,528364
spill,65536,1,65787,676468
spill,65536,2,131574,672974
spill,65536,1,65787,738468
spill,65536,2,131574,619879
spill,65536,1,65787,621767
spill,65536,2,131574,645617
spill,65536,1,65787,531349
spill,65536,1,65787,460052
spill,65536,1,65787,546548
spill,65536,1,65787,533777
spill,65536,1,65787,566413
spill,65536,2,131574,703467
spill,65536,1,65787,486673
spill,65536,2,131574,601634
spill,65536,1,65787,452099
spill,65536,2,131574,545093
spill,65536,1,65787,813797
spill,65536,1,65787,889856
spill,65536,1,65787,558947
spill,65536,2,131574,560388
spill,65536,1,65787,531597
spill,65536,1,65787,542105
spill,65536,2,131574,441327
spill,65536,1,65787,723516
spill,65536,1,65787,740834
spill,65536,4,263148,1019654
spill,65536,1,65787,467833
spill,65536,2,131574,638558
spill,65536,1,65787,788761
spill,65536,2,131574,670286
spill,65536,2,131574,665931
spill,65536,3,197361,928341
spill,65536,1,65787,635398
spill,65536,1,65787,842017
spill,65536,1,65787,893933
spill,65536,3,197361,1099785
spill,65536,2,131574,939726
spill,65536,1,65787,886839
spill,65536,2,131574,730075
spill,65536,1,65787,754205
spill,65536,1,65787,736170
spill,65536,1,65787,749943
spill,65536,1,65787,720046
spill,65536,1,65787,994072
spill,65536,2,131574,552103
spill,65536,1,65787,491501
spill,65536,1,65787,655911
spill,65536,3,197361,566809
spill,65536,1,65787,722832
spill,65536,2,131574,721876
spill,65536,1,65787,821186
spill,65536,1,65787,721306
spill,65536,1,65787,1200498
spill,65536,2,131574,702609
spill,65536,4,263148,768977
spill,65536,1,65787,770453
spill,65536,1,65787,941873
spill,65536,1,65787,873082
spill,65536,1,65787,1178164
spill,65536,1,65787,755290
spill,65536,1,65787,898593
spill,65536,1,65787,987282
spill,65536,3,197361,1009702
spill,65536,1,65787,998142
spill,65536,1,65787,961443
spill,65536,1,65787,1046695
spill,65536,1,65787,1100288
spill,65536,1,65787,1413387
spill,65536,1,65787,681111
spill,65536,4,263148,851912
spill,65536,1,65787,482871
spill,65536,1,65787,576805
spill,65536,1,65787,789236
spill,65536,1,65787,707744
spill,65536,1,65787,742005
spill,65536,1,65787,992063
spill,65536,1,65787,927415
spill,65536,1,65787,985526
spill,65536,2,131574,796472
spill,65536,1,65787,929847
spill,65536,1,65787,956235
spill,65536,4,263148,861610
spill,65536,1,65787,961452
spill,65536,2,131574,611075
spill,65536,1,65787,653811
spill,65536,1,65787,935433
spill,65536,1,65787,1082559
spill,65536,1,65787,1068081
spill,65536,2,131574,404593
spill,65536,1,65787,484710
spill,65536,1,65787,611048
spill,65536,2,131574,960763
spill,65536,1,65787,792382
spill,65536,2,131574,600010
spill,65536,3,197361,664128
spill,65536,1,65787,919719
spill,65536,1,65787,937538
spill,65536,1,65787,1122705
spill,65536,1,65787,1295538
spill,65536,1,65787,584269
spill,65536,3,197361,593604
spill,65536,2,131574,1116377
spill,65536,1,65787,963772
spill,65536,1,65787,553817
spill,65536,1,65787,609270
spill,65536,3,197361,667339
spill,65536,1,65787,419568
spill,65536,2,131574,905388
spill,65536,1,65787,500925
spill,65536,2,131574,800024
spill,65536,4,263148,828870
spill,65536,1,65787,829364
spill,65536,1,65787,750848
spill,65536,2,131574,846348
spill,65536,1,65787,934983
spill,65536,1,65787,649868
spill,65536,1,65787,903583
spill,65536,1,65787,902385
spill,65536,1,65787,1120634
spill,65536,1,65787,1132620
spill,65536,2,131574,1291513
spill,65536,1,65787,1266441
spill,65536,1,65787,1281788
spill,65536,1,65787,800090
spill,65536,1,65787,776793
spill,65536,1,65787,997158
spill,65536,1,65787,523155
spill,65536,2,131574,584211
spill,65536,2,131574,588467
spill,65536,1,65787,1095016
spill,65536,1,65787,877878
spill,65536,2,131574,1042479
spill,65536,1,65787,1079913
spill,65536,2,131574,888638
spill,65536,1,65787,530907
spill,65536,1,65787,737884
spill,65536,2,131574,1021940
spill,65536,1,65787,586620
spill,65536,1,65787,685252
spill,65536,3,197361,918540
spill,65536,1,65787,665961
spill,65536,1,65787,500615
spill,65536,2,131574,544529
spill,65536,2,131574,533388
spill,65536,2,131574,498475
spill,65536,1,65787,577537
spill,65536,2,131574,546010
spill,65536,1,65787,494508
spill,65536,1,65787,442747
spill,65536,1,65787,349385
spill,65536,2,131574,1063333
spill,65536,1,65787,887090
spill,65536,4,263148,1153332
spill,65536,1,65787,811060
spill,65536,1,65787,550203
spill,65536,1,65787,505540
spill,65536,1,65787,476065
spill,65536,3,197361,597007
spill,65536,1,65787,455623
spill,65536,1,65787,463029
spill,65536,2,131574,561706
spill,65536,1,65787,685690
spill,65536,1,65787,582707
spill,65536,1,65787,430428
spill,65536,3,197361,886740
spill,65536,1,65787,626465
spill,65536,1,65787,712325
spill,65536,1,65787,639705
spill,65536,2,131574,844854
spill,65536,2,131574,954932
spill,65536,2,131574,643310
spill,65536,4,263148,855900
spill,65536,1,65787,687518
spill,65536,1,65787,627989
spill,65536,2,131574,646982
spill,65536,1,65787,794128
spill,65536,1,65787,1067418
spill,65536,1,65787,1003539
spill,65536,1,65787,957059
spill,65536,1,65787,692844
spill,65536,2,131574,430115
spill,65536,2,131574,790700
spill,65536,1,65787,980941
spill,65536,1,65787,991051
spill,65536,2,131574,652144
spill,65536,1,65787,587301
spill,65536,2,131574,636679
spill,65536,1,65787,744264
spill,65536,1,65787,770496
spill,65536,1,65787,571150
spill,65536,1,65787,679930
spill,65536,1,65787,614352
spill,65536,3,197361,659664
spill,65536,3,197361,703240
spill,65536,1,65787,634968
spill,65536,1,65787,459215
spill,65536,3,197361,998942
spill,65536,2,131574,764120
spill,65536,1,65787,667506
spill,65536,1,65787,512285
spill,65536,1,65787,695373
spill,65536,1,65787,410825
spill,65536,4,263148,1220382
spill,65536,4,263148,905919
spill,65536,1,65787,739145
spill,65536,3,197361,718338
spill,65536,1,65787,563124
spill,65536,2,131574,684802
spill,65536,1,65787,646540
spill,65536,1,65787,631896
spill,65536,1,65787,606263
spill,65536,2,131574,672491
spill,65536,1,65787,671584
spill,65536,2,131574,815589
spill,65536,1,65787,541981
spill,65536,1,65787,614172
spill,65536,1,65787,617175
spill,65536,2,131574,754334
spill,65536,1,65787,640727
spill,65536,2,131574,779625
spill,65536,1,65787,672643
spill,65536,1,65787,625857
spill,65536,1,65787,756483
spill,65536,2,131574,599888
spill,65536,4,263148,725053
spill,65536,1651,108614337,105434510
spill,65536,1,65787,31168391
spill,65536,1,65787,5480193
spill,65536,4,263148,3988666
spill,65536,2000,131574000,152380191
spill,65536,2000,131574000,167892129
spill,65536,5,328935,33058871
spill,65536,1,65787,31764197
spill,65536,2000,131574000,186068948
spill,65536,3,197361,29071887
spill,65536,1,65787,17451719
spill,65536,1,65787,17003297
spill,65536,5,328935,16960712
spill,65536,1,65787,4141695
spill,65536,1,65787,3621455
spill,65536,1,65787,3916357
spill,65536,1,65787,3672774
spill,65536,4,263148,3812085
spill,65536,1,65787,3134339
spill,65536,1,65787,3180533
spill,65536,5,328935,3778822
spill,65536,1,65787,3044410
spill,65536,1,65787,2547777
spill,65536,1,65787,2838736
spill,65536,4,263148,3557488
spill,65536,2,131574,3590729
spill,65536,2,131574,3276105
spill,65536,2,131574,2897198
spill,65536,2,131574,3027532
spill,65536,1,65787,3880454
spill,65536,3,197361,3891137
spill,65536,1,65787,3774515
spill,65536,3,197361,3860558
spill,65536,2,131574,3573105
spill,65536,1,65787,3444416
spill,65536,2,131574,4105711
spill,65536,1,65787,3834755
spill,65536,1,65787,3646341
spill,65536,2,131574,4135450
spill,65536,1,65787,3586911
spill,65536,4,263148,3595175
spill,65536,2,131574,2978053
spill,65536,3,197361,3044973
spill,65536,1,65787,3025569
spill,65536,1,65787,2940252
spill,65536,4,263148,3080062
spill,65536,1,65787,3520512
spill,65536,1,65787,2800812
spill,65536,4,263148,3046027
spill,65536,2,131574,3125459
spill,65536,1,65787,2576550
spill,65536,3,197361,3031939
spill,65536,4,263148,2639170
spill,65536,1,65787,2329600
spill,65536,1,65787,2336954
spill,65536,2,131574,2752262
spill,65536,5,328935,2986961
spill,65536,1,65787,2566075
spill,65536,1,65787,2583672
spill,65536,3,197361,2395723
spill,65536,1,65787,2442764
spill,65536,1,65787,2374016
spill,65536,2,131574,2600300
spill,65536,1,65787,2389317
spill,65536,5,328935,2586577
spill,65536,1,65787,1698615
spill,65536,3,197361,1692515
spill,65536,1,65787,1390392
spill,65536,3,197361,1396806
spill,65536,1,65787,653039
spill,65536,2,131574,1126547
spill,65536,1,65787,980797
spill,65536,1,65787,942057
spill,65536,3,197361,802802
spill,65536,1,65787,675667
spill,65536,1,65787,666866
spill,65536,2,131574,660829
spill,65536,2,131574,552366
spill,65536,1,65787,548118
spill,65536,1,65787,474481
spill,65536,1,65787,643993
spill,65536,3,197361,590651
spill,65536,1,65787,555636
spill,65536,1,65787,532594
spill,65536,2,131574,554468
spill,65536,1,65787,507214
spill,65536,5,328935,919486
spill,65536,2,131574,653871
spill,65536,1,65787,687323
spill,65536,2,131574,614540
spill,65536,2,131574,789160
spill,65536,2,131574,691138
spill,65536,2,131574,510238
spill,65536,2,131574,613285
spill,65536,1,65787,660063
spill,65536,2,131574,582555
spill,65536,4,263148,989869
spill,65536,1,65787,755695
spill,65536,1,65787,527169
spill,65536,1,65787,566912
spill,65536,1,65787,617158
spill,65536,1,65787,560980
spill,65536,1,65787,506507
spill,65536,1,65787,506390
spill,65536,1,65787,481976
spill,65536,2,131574,702996
spill,65536,2,131574,662455
spill,65536,1,65787,620621
spill,65536,1,65787,573579
spill,65536,2,131574,617923
spill,65536,1,65787,772778
spill,65536,2,131574,667315
spill,65536,1,65787,542832
spill,65536,1,65787,643333
spill,65536,2,131574,635208
spill,65536,3,197361,885648
spill,65536,2,131574,603113
spill,65536,1,65787,543690
spill,65536,2,131574,546816
spill,65536,1,65787,678586
spill,65536,2,131574,888269
spill,65536,1,65787,450027
spill,65536,1,65787,573914
spill,65536,2,131574,493738
spill,65536,2,131574,686264
spill,65536,3,197361,695036
spill,65536,2,131574,774885
spill,65536,4,263148,606925
spill,65536,2,131574,563345
spill,65536,3,197361,766133
spill,65536,1,65787,577510
spill,65536,1,65787,436628
spill,65536,1,65787,819990
spill,65536,2,131574,731480
spill,65536,2,131574,751269
spill,65536,2,131574,526164
spill,65536,2,131574,573081
spill,65536,1,65787,648533
spill,65536,1,65787,605669
spill,65536,3,197361,572661
spill,65536,3,197361,633827
spill,65536,1,65787,558764
spill,65536,1,65787,618313
spill,65536,1,65787,593911
spill,65536,2,131574,806915
spill,65536,2,131574,752568
spill,65536,1,65787,706227
spill,65536,1,65787,861133
spill,65536,4,263148,613012
spill,65536,2,131574,645941
spill,65536,2,131574,931167
spill,65536,2,131574,502380
spill,65536,1,65787,856322
spill,65536,1,65787,414759
spill,65536,1,65787,777186
spill,65536,1,65787,455214
spill,65536,2,131574,562878
spill,65536,1,65787,647692
spill,65536,3,197361,792530
spill,65536,2,131574,817803
spill,65536,3,197361,1012064
spill,65536,2,131574,594957
spill,65536,3,197361,1069963
spill,65536,1,65787,1356723
spill,65536,2,131574,1771382
spill,65536,2,131574,1684468
spill,65536,1,65787,946367
spill,65536,1,65787,610304
spill,65536,2,131574,1030787
spill,65536,3,197361,1535984
spill,65536,1,65787,947807
spill,65536,1,65787,711283
spill,65536,2,131574,501473
spill,65536,1,65787,700565
spill,65536,1,65787,755764
spill,65536,1,65787,863287
spill,65536,1,65787,634185
spill,65536,1,65787,755258
spill,65536,1,65787,589754
spill,65536,1,65787,1334976
spill,65536,1,65787,1383026
spill,65536,1,65787,1320330
spill,65536,4,263148,1447599
spill,65536,4,263148,1563759
spill,65536,1,65787,1154995
spill,65536,1,65787,1619395
spill,65536,2,131574,1577028
spill,65536,3,197361,777918
spill,65536,3,197361,988870
spill,65536,1,65787,662709
spill,65536,3,197361,832201
spill,65536,2,131574,716628
spill,65536,2,131574,739941
spill,65536,2,131574,627845
spill,65536,2,131574,722963
spill,65536,2,131574,1017620
spill,65536,2,131574,628389
spill,65536,3,197361,807377
spill,65536,1,65787,425060
spill,65536,1,65787,577665
spill,65536,1,65787,601352
spill,65536,4,263148,1290811
spill,65536,3,197361,1078537
spill,65536,5,328935,1043113
spill,65536,2,131574,868225
spill,65536,1,65787,877775
spill,65536,4,263148,1058060
spill,65536,1,65787,585337
spill,65536,1,65787,497818
spill,65536,2,131574,538255
spill,65536,3,197361,684641
spill,65536,4,263148,638060
spill,65536,1,65787,589388
spill,65536,1,65787,396669
spill,65536,4,263148,703098
spill,65536,1,65787,806984
spill,65536,2,131574,576148
spill,65536,3,197361,515886
spill,65536,1,65787,480628
spill,65536,1,65787,365375
spill,65536,3,197361,626706
spill,65536,1,65787,486168
spill,65536,3,197361,610363
spill,65536,1,65787,709871
spill,65536,1,65787,360467
spill,65536,3,197361,500663
spill,65536,2000,131574000,136832552
spill,65536,3,197361,25149228
spill,65536,1651,108614337,158575689
spill,65536,2000,131574000,172018126
spill,65536,2000,131574000,186464609
spill,65536,3,197361,41043272
spill,65536,4,263148,40392059
spill,65536,2,131574,29813010
spill,65536,1,65787,17531202
spill,65536,1,65787,8734634
spill,65536,1,65787,7510534
spill,65536,1,65787,7203736
spill,65536,1,65787,8080447
spill,65536,1,65787,5610332
spill,65536,4,263148,5040268
spill,65536,3,197361,4977938
spill,65536,2,131574,5241805
spill,65536,2,131574,3604210
spill,65536,2,131574,3762991
spill,65536,1,65787,4202189
spill,65536,10,657870,4869596
spill,65536,3,197361,3029960
spill,65536,1,65787,2752505
spill,65536,1,65787,2845385
spill,65536,5,328935,3057773
spill,65536,1,65787,3138685
spill,65536,2,131574,3729493
spill,65536,1,65787,3337169
spill,65536,2,131574,3188271
spill,65536,2,131574,3058745
spill,65536,1,65787,3382672
spill,65536,1,65787,3179778
spill,65536,2,131574,3284129
spill,65536,3,197361,2910587
spill,65536,2,131574,3108988
spill,65536,6,394722,3330664
spill,65536,5,328935,3047013
spill,65536,6,394722,3363727
spill,65536,1,65787,3225153
spill,65536,1,65787,3093542
spill,65536,1,65787,2785911
spill,65536,3,197361,4102154
spill,65536,1,65787,4028953
spill,65536,1,65787,3903633
spill,65536,4,263148,3980301
spill,65536,1,65787,2971365
spill,65536,1,65787,2265373
spill,65536,1,65787,2394208
spill,65536,1,65787,2708411
spill,65536,1,65787,2524536
spill,65536,3,197361,3033623
spill,65536,2,131574,2881082
spill,65536,2,131574,2936218
spill,65536,1,65787,2451768
spill,65536,1,65787,3032970
spill,65536,1,65787,3021570
spill,65536,1,65787,3050511
spill,65536,2,131574,2828226
spill,65536,1,65787,2422771
spill,65536,1,65787,2554509
spill,65536,3,197361,2442112
spill,65536,2,131574,2388757
spill,65536,1,65787,1829922
spill,65536,1,65787,2124116
spill,65536,1,65787,2376487
spill,65536,1,65787,1560677
spill,65536,2,131574,1103910
spill,65536,2,131574,742564
spill,65536,1,65787,740092
spill,65536,1,65787,771029
spill,65536,1,65787,724826
spill,65536,1,65787,730937
spill,65536,1,65787,663645
spill,65536,1,65787,670090
spill,65536,1,65787,670590
spill,65536,2,131574,727691
spill,65536,3,197361,977826
spill,65536,2,131574,1229587
spill,65536,1,65787,678712
spill,65536,2,131574,928065
spill,65536,2,131574,915319
spill,65536,2,131574,999561
spill,65536,1,65787,755576
spill,65536,1,65787,803163
spill,65536,2,131574,790755
spill,65536,1,65787,497062
spill,65536,1,65787,656860
spill,65536,1,65787,518716
spill,65536,2,131574,588636
spill,65536,1,65787,486595
spill,65536,3,197361,839301
spill,65536,1,65787,409768
spill,65536,3,197361,597882
spill,65536,2,131574,549299
spill,65536,1,65787,5580688
spill,65536,2,131574,5595697
spill,65536,2,131574,5580463
spill,65536,2,131574,14762391
spill,65536,1,65787,9753183
spill,65536,1,65787,10337371
spill,65536,1,65787,10286315
spill,65536,3,197361,3623577
spill,65536,2,131574,3288368
spill,65536,2,131574,2924671
spill,65536,1,65787,3104365
spill,65536,4,263148,1299214
spill,65536,3,197361,1287620
spill,65536,2,131574,1600188
spill,65536,1,65787,1440215
spill,65536,1,65787,747164
spill,65536,3,197361,852124
spill,65536,1,65787,810050
spill,65536,2,131574,906759
spill,65536,3,197361,1019160
spill,65536,2,131574,1275232
spill,65536,1,65787,994195
spill,65536,4,263148,1461055
spill,65536,2,131574,729320
spill,65536,2,131574,547399
spill,65536,1,65787,660691
spill,65536,1,65787,643720
spill,65536,1,65787,843177
spill,65536,1,65787,748862
spill,65536,1,65787,800049
spill,65536,3,197361,562979
spill,65536,1,65787,471333
spill,65536,1,65787,896495
spill,65536,1,65787,518386
spill,65536,3,197361,1001298
spill,65536,1,65787,836144
spill,65536,1,65787,683879
spill,65536,4,263148,856720
spill,65536,1,65787,918764
spill,65536,1,65787,816692
spill,65536,2,131574,1135130
spill,65536,3,197361,1057327
spill,65536,3,197361,823924
spill,65536,2,131574,762325
spill,65536,2,131574,627745
spill,65536,6,394722,755717
spill,65536,1,65787,489545
spill,65536,1,65787,636046
spill,65536,1,65787,942910
spill,65536,2,131574,791143
spill,65536,1,65787,1026720
spill,65536,1,65787,779051
spill,65536,1,65787,592361
spill,65536,4,263148,831408
spill,65536,2,131574,1025892
spill,65536,3,197361,1278834
spill,65536,1,65787,1754961
spill,65536,4,263148,1150404
spill,65536,1,65787,1145424
spill,65536,3,197361,729965
spill,65536,3,197361,881439
spill,65536,4,263148,916436
spill,65536,2,131574,1053567
spill,65536,1,65787,531326
spill,65536,1,65787,777864
spill,65536,1,65787,624517
spill,65536,2,131574,424275
spill,65536,3,197361,814257
spill,65536,1,65787,407770
spill,65536,1,65787,912897
spill,65536,2,131574,829325
spill,65536,1,65787,1010906
spill,65536,1,65787,649545
spill,65536,1,65787,463689
spill,65536,1,65787,705044
spill,65536,1,65787,385348
spill,65536,2,131574,442526
spill,65536,1,65787,883996
spill,65536,1,65787,374610
spill,65536,1,65787,845280
spill,65536,2,131574,588701
spill,65536,1,65787,562096
spill,65536,1,65787,514748
spill,65536,2,131574,579296
spill,65536,1,65787,906625
spill,65536,1,65787,1012648
spill,65536,1,65787,596510
spill,65536,1,65787,539294
spill,65536,1,65787,484916
spill,65536,1,65787,581164
spill,65536,1,65787,1063366
spill,65536,1,65787,748126
spill,65536,1,65787,702945
spill,65536,1,65787,1063141
spill,65536,1,65787,858466
spill,65536,1,65787,835390
spill,65536,2,131574,718132
spill,65536,1,65787,723038
spill,65536,1,65787,504963
spill,65536,2,131574,612806
spill,65536,1,65787,676673
spill,65536,1,65787,1119424
spill,65536,1,65787,656311
spill,65536,1,65787,704056
spill,65536,1,65787,432948
spill,65536,1,65787,744887
spill,65536,2,131574,1024971
spill,65536,2,131574,614527
spill,65536,1,65787,429842
spill,65536,1,65787,687404
spill,65536,1,65787,435530
spill,65536,1,65787,823195
spill,65536,2,131574,933814
spill,65536,1,65787,455208
spill,65536,2,131574,608145
spill,65536,1,65787,695075
spill,65536,3,197361,594330
spill,65536,1,65787,567894
spill,65536,2,131574,580336
spill,65536,2,131574,551041
spill,65536,2,131574,634793
spill,65536,1,65787,714335
spill,65536,1,65787,723300
spill,65536,2,131574,770701
spill,65536,2,131574,746153
spill,65536,1,65787,696561
spill,65536,3,197361,849366
spill,65536,2,131574,703877
spill,65536,1,65787,610961
spill,65536,1,65787,581962
spill,65536,1,65787,462217
spill,65536,1,65787,424794
spill,65536,1,65787,376095
spill,65536,1,65787,432920
spill,65536,5,328935,1037801
spill,65536,1,65787,1003045
spill,65536,3,197361,916818
spill,65536,3,197361,806140
spill,65536,1,65787,409971
spill,65536,3,197361,732795
spill,65536,8,526296,1020713
spill,65536,1,65787,648968
spill,65536,2,131574,959837
spill,65536,2,131574,725920
spill,65536,1,65787,776232
spill,65536,2,131574,653183
spill,65536,2,131574,712323
spill,65536,1,65787,1200757
spill,65536,2,131574,399614
spill,65536,2,131574,802068
spill,65536,2,131574,699738
spill,65536,3,197361,590855
spill,65536,3,197361,785973
spill,65536,1,65787,467956
spill,65536,2,131574,392399
spill,65536,2,131574,700054
spill,65536,1,65787,365341
spill,65536,3,197361,630222
spill,65536,2,131574,463819
spill,65536,2,131574,460691
spill,65536,2,131574,535567
spill,65536,2,131574,889918
spill,65536,3,197361,577630
spill,65536,1,65787,428915
spill,65536,1,65787,398238
spill,65536,1,65787,640576
spill,65536,2,131574,497151
spill,65536,3,197361,561234
spill,65536,2,131574,604545
spill,65536,1,65787,862617
spill,65536,1,65787,575596
spill,65536,1,65787,918466
spill,65536,1,65787,579543
spill,65536,3,197361,488706
spill,65536,1,65787,771081
spill,65536,2,131574,624702
spill,65536,1,65787,451291
spill,65536,4,263148,526331
spill,65536,1,65787,470520
spill,65536,1,65787,566393
spill,65536,2,131574,954462
spill,65536,2,131574,775667
spill,65536,2,131574,651398
spill,65536,1,65787,475882
spill,65536,1,65787,588049
spill,65536,4,263148,757562
spill,65536,1,65787,605664
spill,65536,3,197361,561192
spill,65536,2,131574,463504
spill,65536,4,263148,632124
spill,65536,1,65787,518366
spill,65536,1,65787,524781
spill,65536,1,65787,435470
spill,65536,1,65787,421810
spill,65536,1,65787,677213
spill,65536,1,65787,536328
spill,65536,1,65787,453868
spill,65536,1,65787,537289
spill,65536,2,131574,466383
spill,65536,2,131574,412868
spill,65536,1,65787,534760
spill,65536,1,65787,437655
spill,65536,1,65787,382002
spill,65536,1,65787,607050
spill,65536,1,65787,393070
spill,65536,1,65787,486888
spill,65536,2,131574,517024
spill,65536,2,131574,569034
spill,65536,1,65787,513014
spill,65536,1,65787,428729
spill,65536,1,65787,440851
spill,65536,2,131574,443948
spill,65536,1,65787,389419
spill,65536,3,197361,558880
spill,65536,1,65787,487290
spill,65536,1,65787,479948
spill,65536,1,65787,359100
spill,65536,2,131574,447548
spill,65536,3,197361,491516
spill,65536,2,131574,495900
spill,65536,1,65787,480052
spill,65536,1,65787,405438
spill,65536,1,65787,510013
spill,65536,1,65787,430728
spill,65536,1,65787,761466
spill,65536,4,263148,955819
spill,65536,2,131574,793378
spill,65536,1,65787,766026
spill,65536,1,65787,513057
spill,65536,2,131574,617895
spill,65536,1,65787,471503
spill,65536,1,65787,417400
spill,65536,2,131574,483665
spill,65536,4,263148,720739
spill,65536,10,657870,1028054
spill,65536,2,131574,625111
spill,65536,1,65787,468628
spill,65536,1,65787,602455
spill,65536,1,65787,636390
spill,65536,3,197361,521810
spill,65536,1,65787,483111
spill,65536,2,131574,613918
spill,65536,1,65787,436523
spill,65536,2,131574,687837
spill,65536,1,65787,450988
spill,65536,2,131574,645837
spill,65536,2,131574,534808
spill,65536,1,65787,498925
spill,65536,2,131574,566832
spill,65536,1,65787,548459
spill,65536,1,65787,505612
spill,65536,1,65787,514455
spill,65536,1,65787,439522
spill,65536,2,131574,813854
spill,65536,4,263148,702383
spill,65536,2,131574,1076104
spill,65536,1,65787,635032
spill,65536,2,131574,759168
spill,65536,1,65787,681850
spill,65536,2,131574,983939
spill,65536,1,65787,778222
spill,65536,2,131574,691070
spill,65536,2,131574,738424
spill,65536,3,197361,602491
spill,65536,3,197361,880093
spill,65536,3,197361,631550
spill,65536,1,65787,594717
spill,65536,5,328935,804308
spill,65536,1,65787,510504
spill,65536,1,65787,585997
spill,65536,2,131574,548362
spill,65536,3,197361,717481
spill,65536,1,65787,637828
spill,65536,1,65787,557314
spill,65536,2,131574,578312
spill,65536,2,131574,596305
spill,65536,2,131574,717336
spill,65536,2,131574,654837
spill,65536,1,65787,591726
spill,65536,2,131574,615806
spill,65536,1,65787,380403
spill,65536,1,65787,580023
spill,65536,1,65787,510256
spill,65536,2,131574,397616
spill,65536,4,263148,695281
spill,65536,3,197361,753080
spill,65536,1,65787,513801
spill,65536,2,131574,383555
spill,65536,2,131574,445878
spill,65536,1,65787,450379
spill,65536,1,65787,347159
spill,65536,4,263148,723221
spill,65536,1,65787,444282
spill,65536,5,328935,650294
spill,65536,4,263148,562265
spill,65536,1,65787,411826
spill,65536,3,197361,618189
spill,65536,2,131574,607187
spill,65536,1,65787,481687
spill,65536,1,65787,329455
spill,65536,1,65787,520487
spill,65536,2,131574,668584
spill,65536,1,65787,482853
spill,65536,4,263148,1011827
spill,65536,1,65787,958547
spill,65536,6,394722,905982
spill,65536,1653,108745911,102694827
spill,65536,1,65787,31795552
spill,65536,2000,131574000,143103164
spill,65536,1,65787,21849979
spill,65536,2000,131574000,161610908
spill,65536,2,131574,32795965
spill,65536,2000,131574000,173460890
spill,65536,1,65787,38569081
spill,65536,7,460509,37670132
spill,65536,6,394722,25573812
spill,65536,3,197361,24497378
spill,65536,2,131574,3805031
spill,65536,1,65787,4051296
spill,65536,3,197361,3566716
spill,65536,5,328935,3534371
spill,65536,3,197361,2969050
spill,65536,2,131574,3094642
spill,65536,4,263148,3404722
spill,65536,5,328935,3289827
spill,65536,3,197361,2792828
spill,65536,2,131574,3071138
spill,65536,1,65787,2788481
spill,65536,2,131574,2720189
spill,65536,3,197361,2382092
spill,65536,1,65787,2342450
spill,65536,1,65787,2391943
spill,65536,8,526296,2925668
spill,65536,2,131574,2856105
spill,65536,1,65787,2912952
spill,65536,1,65787,2915824
spill,65536,1,65787,2917307
spill,65536,2,131574,2401561
spill,65536,3,197361,2400300
spill,65536,2,131574,2413028
spill,65536,2,131574,2849482
spill,65536,1,65787,2663628
spill,65536,2,131574,2929169
spill,65536,1,65787,2897200
spill,65536,2,131574,2787742
spill,65536,1,65787,2523314
spill,65536,1,65787,2748330
spill,65536,2,131574,2963599
spill,65536,1,65787,2955301
spill,65536,1,65787,2701810
spill,65536,1,65787,2539521
spill,65536,1,65787,2741844
spill,65536,1,65787,2441041
spill,65536,3,197361,2474011
spill,65536,1,65787,2452070
spill,65536,1,65787,2454554
spill,65536,1,65787,2574691
spill,65536,1,65787,2445368
spill,65536,1,65787,2511938
spill,65536,2,131574,2572377
spill,65536,1,65787,2537734
spill,65536,1,65787,2767458
spill,65536,2,131574,2622091
spill,65536,1,65787,2517961
spill,65536,2,131574,2719583
spill,65536,1,65787,2531083
spill,65536,2,131574,2761448
spill,65536,2,131574,2503915
spill,65536,1,65787,2671740
spill,65536,2,131574,2753306
spill,65536,2,131574,3007486
spill,65536,2,131574,2913322
spill,65536,2,131574,3117404
spill,65536,1,65787,2890155
spill,65536,1,65787,2438637
spill,65536,1,65787,2626332
spill,65536,3,197361,2621200
spill,65536,1,65787,1911098
spill,65536,3,197361,1615479
spill,65536,3,197361,1799120
spill,65536,2,131574,885616
spill,65536,1,65787,845153
spill,65536,3,197361,1442619
spill,65536,1,65787,1343540
spill,65536,1,65787,1352550
spill,65536,1,65787,1476203
spill,65536,1,65787,1438858
spill,65536,1,65787,1340332
spill,65536,2,131574,1414709
spill,65536,1,65787,1460634
spill,65536,1,65787,1316238
spill,65536,5,328935,1500751
spill,65536,2,131574,1443749
spill,65536,1,65787,996326
spill,65536,1,65787,827588
spill,65536,1,65787,870476
spill,65536,1,65787,486377
spill,65536,1,65787,689329
spill,65536,3,197361,987582
spill,65536,1,65787,716903
spill,65536,1,65787,587224
spill,65536,3,197361,812489
spill,65536,2,131574,470448
spill,65536,2,131574,851077
spill,65536,1,65787,549968
spill,65536,1,65787,822897
spill,65536,3,197361,1164397
spill,65536,5,328935,800130
spill,65536,1,65787,578189
spill,65536,5,328935,1115862
spill,65536,2,131574,856811
spill,65536,1,65787,610249
spill,65536,1,65787,413666
spill,65536,1,65787,553175
spill,65536,1,65787,478005
spill,65536,1,65787,580437
spill,65536,1,65787,447332
spill,65536,1,65787,397790
spill,65536,2,131574,532565
spill,65536,2,131574,535700
spill,65536,3,197361,490220
spill,65536,1,65787,434479
spill,65536,1,65787,602548
spill,65536,5,328935,1055448
spill,65536,2,131574,832518
spill,65536,1,65787,539985
spill,65536,1,65787,486020
spill,65536,1,65787,524107
spill,65536,1,65787,424725
spill,65536,1,65787,438294
spill,65536,1,65787,327463
spill,65536,8,526296,905188
spill,65536,2,131574,844631
spill,65536,2,131574,629059
spill,65536,1,65787,533266
spill,65536,1,65787,626712
spill,65536,5,328935,712088
spill,65536,2,131574,756583
spill,65536,4,263148,762504
spill,65536,2,131574,785029
spill,65536,2,131574,493024
spill,65536,1,65787,511340
spill,65536,1,65787,510417
spill,65536,3,197361,714468
spill,65536,1,65787,827907
spill,65536,2,131574,554453
spill,65536,4,263148,830959
spill,65536,2,131574,541913
spill,65536,1,65787,803568
spill,65536,6,394722,1048670
spill,65536,2,131574,1015562
spill,65536,1,65787,1036254
spill,65536,2,131574,931348
spill,65536,2,131574,897090
spill,65536,1,65787,783119
spill,65536,1,65787,671644
spill,65536,1,65787,1198780
spill,65536,1,65787,913830
spill,65536,1,65787,950800
spill,65536,1,65787,686358
spill,65536,1,65787,640094
spill,65536,2,131574,982533
spill,65536,3,197361,895413
spill,65536,4,263148,1085887
spill,65536,1,65787,797942
spill,65536,2,131574,736250
spill,65536,1,65787,515418
spill,65536,1,65787,1124515
spill,65536,1,65787,824104
spill,65536,1,65787,1231817
spill,65536,1,65787,1163139
spill,65536,1,65787,444785
spill,65536,1,65787,1187237
spill,65536,3,197361,743263
spill,65536,2,131574,580078
spill,65536,1,65787,572921
spill,65536,1,65787,1052898
spill,65536,1,65787,633185
spill,65536,2,131574,796981
spill,65536,1,65787,685954
spill,65536,1,65787,687427
spill,65536,2,131574,683680
spill,65536,1,65787,644674
spill,65536,2,131574,582288
spill,65536,4,263148,812091
spill,65536,2,131574,831895
spill,65536,1,65787,729635
spill,65536,1,65787,542011
spill,65536,1,65787,763915
spill,65536,1,65787,645469
spill,65536,2,131574,768716
spill,65536,2,131574,717214
spill,65536,4,263148,748838
spill,65536,2,131574,717987
spill,65536,2,131574,809032
spill,65536,1,65787,871164
spill,65536,1,65787,544824
spill,65536,3,197361,1209730
spill,65536,2,131574,683170
spill,65536,4,263148,1273619
spill,65536,2,131574,1011781
spill,65536,2,131574,581399
spill,65536,4,263148,771803
spill,65536,1,65787,589938
spill,65536,1,65787,687169
spill,65536,1,65787,673486
spill,65536,1,65787,817242
spill,65536,1,65787,963034
spill,65536,5,328935,1217953
spill,65536,1,65787,871092
spill,65536,4,263148,905943
spill,65536,5,328935,1342566
spill,65536,1,65787,770793
spill,65536,1,65787,416495
spill,65536,2,131574,648331
spill,65536,1,65787,624597
spill,65536,2,131574,829962
spill,65536,1,65787,634579
spill,65536,3,197361,909440
spill,65536,2,131574,684772
spill,65536,2,131574,863776
spill,65536,4,263148,1226847
spill,65536,1,65787,541603
spill,65536,2,131574,721053
spill,65536,5,328935,891288
spill,65536,1,65787,649511
spill,65536,1,65787,764507
spill,65536,3,197361,810381
spill,65536,2,131574,806522
spill,65536,1,65787,633824
spill,65536,1,65787,965733
spill,65536,3,197361,722925
spill,65536,2,131574,689683
spill,65536,1,65787,642480
spill,65536,1,65787,373831
spill,65536,1,65787,821733
spill,65536,1,65787,489450
spill,65536,4,263148,855637
spill,65536,2,131574,874578
spill,65536,1,65787,882061
spill,65536,2,131574,864253
spill,65536,1,65787,1037076
spill,65536,2,131574,934843
spill,131072,2,262646,1826213
spill,131072,1,131323,2355854
spill,131072,5,656615,3549378
spill,131072,1,131323,601431
spill,131072,1,131323,1348924
spill,131072,2,262646,1687595
spill,131072,1,131323,951055
spill,131072,1,131323,731770
spill,131072,1,131323,490943
spill,131072,1,131323,427692
spill,131072,3,393969,874378
spill,131072,5,656615,776207
spill,131072,3,393969,772959
spill,131072,1,131323,472352
spill,131072,5,656615,825370
spill,131072,1,131323,582902
spill,131072,1,131323,643691
spill,131072,1,131323,469891
spill,131072,3,393969,828849
spill,131072,2,262646,558154
spill,131072,3,393969,694755
spill,131072,1,131323,419365
spill,131072,1,131323,487886
spill,131072,1,131323,410861
spill,131072,1,131323,471467
spill,131072,4,525292,795566
spill,131072,1,131323,385296
spill,131072,3,393969,639586
spill,131072,1,131323,435245
spill,131072,1,131323,417649
spill,131072,4,525292,900824
spill,131072,1,131323,432377
spill,131072,2,262646,640408
spill,131072,4,525292,641747
spill,131072,1,131323,472384
spill,131072,1,131323,437020
spill,131072,1,131323,467429
spill,131072,2,262646,478908
spill,131072,2,262646,624505
spill,131072,2,262646,527227
spill,131072,1,131323,488513
spill,131072,2,262646,466644
spill,131072,1,131323,415749
spill,131072,2,262646,518855
spill,131072,1,131323,497231
spill,131072,2,262646,715558
spill,131072,1,131323,437312
spill,131072,2,262646,665691
spill,131072,1,131323,347014
spill,131072,2,262646,713147
spill,131072,3,393969,692095
spill,131072,2,262646,683295
spill,131072,3,393969,718999
spill,131072,1,131323,411542
spill,131072,2,262646,581275
spill,131072,1,131323,346182
spill,131072,2,262646,619147
spill,131072,2,262646,465306
spill,131072,1,131323,458156
spill,131072,1,131323,656040
spill,131072,6,787938,1300036
spill,131072,1,131323,694512
spill,131072,4,525292,914510
spill,131072,1,131323,673895
spill,131072,4,525292,981960
spill,131072,3,393969,714434
spill,131072,1,131323,495743
spill,131072,1,131323,471918
spill,131072,1,131323,432110
spill,131072,2,262646,556764
spill,131072,1,131323,698662
spill,131072,4,525292,767912
spill,131072,1,131323,1049119
spill,131072,2,262646,809976
spill,131072,1,131323,665711
spill,131072,3,393969,895552
spill,131072,1,131323,395918
spill,131072,1,131323,328658
spill,131072,2,262646,656485
spill,131072,2,262646,492873
spill,131072,1,131323,446818
spill,131072,1,131323,439059
spill,131072,1,131323,1252662
spill,131072,1,131323,962761
spill,131072,1,131323,622421
spill,131072,2,262646,562059
spill,131072,1,131323,455721
spill,131072,1,131323,658210
spill,131072,2,262646,678714
spill,131072,1,131323,626357
spill,131072,2,262646,517475
spill,131072,3,393969,709518
spill,131072,1,131323,395574
spill,131072,2,262646,686396
spill,131072,4,525292,912855
spill,131072,1,131323,795055
spill,131072,2,262646,769278
spill,131072,1,131323,559534
spill,131072,1,131323,809443
spill,131072,1,131323,602712
spill,131072,2,262646,833603
spill,131072,1,131323,625606
spill,131072,3,393969,664482
spill,131072,1,131323,638168
spill,131072,1,131323,453370
spill,131072,2,262646,691992
spill,131072,5,656615,1174329
spill,131072,1,131323,585814
spill,131072,6,787938,990520
spill,131072,1,131323,529592
spill,131072,1,131323,491742
spill,131072,1,131323,534178
spill,131072,1,131323,606044
spill,131072,1,131323,372103
spill,131072,2,262646,656687
spill,131072,1,131323,417514
spill,131072,1,131323,532411
spill,131072,2,262646,531159
spill,131072,1,131323,562101
spill,131072,1,131323,502149
spill,131072,3,393969,931806
spill,131072,1,131323,465853
spill,131072,1,131323,514761
spill,131072,4,525292,827618
spill,131072,2,262646,572316
spill,131072,4,525292,826275
spill,131072,1,131323,541640
spill,131072,1,131323,463131
spill,131072,1,131323,388005
spill,131072,4,525292,885324
spill,131072,1,131323,802852
spill,131072,1,131323,2384745
spill,131072,1,131323,1881526
spill,131072,1,131323,681086
spill,131072,1,131323,692933
spill,131072,1,131323,476769
spill,131072,2,262646,558092
spill,131072,2,262646,645788
spill,131072,2,262646,626614
spill,131072,1,131323,480198
spill,131072,1,131323,668881
spill,131072,2,262646,648408
spill,131072,3,393969,846666
spill,131072,1,131323,490713
spill,131072,4,525292,834375
spill,131072,1,131323,679094
spill,131072,3,393969,602296
spill,131072,3,393969,720250
spill,131072,1,131323,429265
spill,131072,1,131323,585287
spill,131072,2,262646,583627
spill,131072,1,131323,614151
spill,131072,1,131323,752041
spill,131072,1,131323,399823
spill,131072,3,393969,761148
spill,131072,3,393969,618857
spill,131072,1,131323,474783
spill,131072,2,262646,543866
spill,131072,1,131323,511125
spill,131072,1,131323,389825
spill,131072,1,131323,502193
spill,131072,1,131323,491441
spill,131072,1,131323,455991
spill,131072,1,131323,428726
spill,131072,1,131323,535286
spill,131072,3,393969,615483
spill,131072,1,131323,553891
spill,131072,1,131323,440286
spill,131072,2,262646,722992
spill,131072,2,262646,711508
spill,131072,1,131323,434070
spill,131072,3,393969,582583
spill,131072,1,131323,442135
spill,131072,2,262646,591934
spill,131072,3,393969,634148
spill,131072,1,131323,440479
spill,131072,1,131323,433992
spill,131072,1,131323,404122
spill,131072,2,262646,550275
spill,131072,2,262646,588361
spill,131072,1,131323,610991
spill,131072,2,262646,553652
spill,131072,1,131323,482104
spill,131072,1,131323,472838
spill,131072,1,131323,376136
spill,131072,1,131323,438905
spill,131072,1,131323,377786
spill,131072,1,131323,653203
spill,131072,1,131323,364378
spill,131072,4,525292,706967
spill,131072,2,262646,529908
spill,131072,4,525292,726745
spill,131072,3,393969,686762
spill,131072,1,131323,630551
spill,131072,1,131323,614705
spill,131072,2,262646,589420
spill,131072,3,393969,660777
spill,131072,1,131323,397275
spill,131072,2,262646,481701
spill,131072,2,262646,586695
spill,131072,1,131323,465241
spill,131072,1,131323,493911
spill,131072,1,131323,471102
spill,131072,1,131323,388879
spill,131072,1,131323,363402
spill,131072,4,525292,725229
spill,131072,1,131323,400372
spill,131072,3,393969,674448
spill,131072,1,131323,628825
spill,131072,5,656615,934980
spill,131072,1,131323,571920
spill,131072,2,262646,577634
spill,131072,1,131323,414107
spill,131072,1,131323,407195
spill,131072,1,131323,414958
spill,131072,3,393969,671167
spill,131072,1,131323,419309
spill,131072,2,262646,536375
spill,131072,1,131323,446065
spill,131072,1,131323,652118
spill,131072,3,393969,658737
spill,131072,3,393969,774036
spill,131072,1,131323,498608
spill,131072,1,131323,539803
spill,131072,4,525292,1000115
spill,131072,1,131323,483866
spill,131072,1,131323,387552
spill,131072,1,131323,582703
spill,131072,1,131323,426755
spill,131072,1,131323,396961
spill,131072,4,525292,870318
spill,131072,1,131323,374170
spill,131072,2,262646,622816
spill,131072,2,262646,533582
spill,131072,1,131323,458971
spill,131072,1,131323,463646
spill,131072,1,131323,523040
spill,131072,1,131323,532897
spill,131072,2,262646,811055
spill,131072,1,131323,682259
spill,131072,1,131323,379110
spill,131072,2,262646,641394
spill,131072,1,131323,395430
spill,131072,1,131323,481981
spill,131072,1,131323,657268
spill,131072,1,131323,480668
spill,131072,1,131323,484811
spill,131072,2,262646,635071
spill,131072,1,131323,409601
spill,131072,2,262646,602636
spill,131072,3,393969,655126
spill,131072,1,131323,596315
spill,131072,1,131323,568445
spill,131072,1,131323,590016
spill,131072,1,131323,540313
spill,131072,1,131323,637066
spill,131072,1,131323,540050
spill,131072,1,131323,624883
spill,131072,3,393969,663651
spill,131072,3,393969,833161
spill,131072,2,262646,602088
spill,131072,1,131323,527622
spill,131072,1,131323,432673
spill,131072,1,131323,745735
spill,131072,2,262646,756071
spill,131072,1,131323,497056
spill,131072,2,262646,589271
spill,131072,1,131323,657240
spill,131072,3,393969,786917
spill,131072,1,131323,414196
spill,131072,3,393969,789172
spill,131072,1,131323,478445
spill,131072,3,393969,777497
spill,131072,1,131323,448787
spill,131072,1,131323,527166
spill,131072,1,131323,614335
spill,131072,1,131323,508660
spill,131072,4,525292,860928
spill,131072,3,393969,690857
spill,131072,3,393969,1438761
spill,131072,1,131323,395534
spill,131072,2,262646,526597
spill,131072,3,393969,796309
spill,131072,2,262646,601563
spill,131072,4,525292,747333
spill,131072,1,131323,467085
spill,131072,1,131323,497207
spill,131072,1,131323,424340
spill,131072,2,262646,822390
spill,131072,1,131323,960645
spill,131072,2,262646,695052
spill,131072,1,131323,542715
spill,131072,2,262646,509697
spill,131072,1,131323,508419
spill,131072,3,393969,700248
spill,131072,1,131323,800239
spill,131072,1,131323,498778
spill,131072,1,131323,577152
spill,131072,2,262646,612473
spill,131072,1,131323,473895
spill,131072,2,262646,507413
spill,131072,2,262646,984595
spill,131072,4,525292,1349181
spill,131072,1,131323,1760541
spill,131072,2,262646,1676012
spill,131072,2,262646,532275
spill,131072,2,262646,603632
spill,131072,1,131323,426749
spill,131072,3,393969,988957
spill,131072,1,131323,795992
spill,131072,1,131323,415520
spill,131072,1,131323,590516
spill,131072,2,262646,664343
spill,131072,5,656615,853438
spill,131072,2,262646,614437
spill,131072,3,393969,694803
spill,131072,1,131323,409715
spill,131072,2,262646,629898
spill,131072,1,131323,412242
spill,131072,1,131323,493804
spill,131072,3,393969,596954
spill,131072,1,131323,665163
spill,131072,1,131323,514529
spill,131072,2,262646,692675
spill,131072,1,131323,444563
spill,131072,1,131323,591105
spill,131072,2,262646,729708
spill,131072,1,131323,345081
spill,131072,2,262646,623490
spill,131072,1,131323,462100
spill,131072,2,262646,498570
spill,131072,2,262646,657454
spill,131072,1,131323,326733
spill,131072,1,131323,469547
spill,131072,2,262646,540911
spill,131072,1,131323,473334
spill,131072,1,131323,645344
spill,131072,2,262646,742826
spill,131072,3,393969,637679
spill,131072,1,131323,595379
spill,131072,1,131323,481374
spill,131072,4,525292,764674
spill,131072,1,131323,446551
spill,131072,2,262646,493760
spill,131072,1,131323,529413
spill,131072,1,131323,471236
spill,131072,1,131323,496679
spill,131072,3,393969,594426
spill,131072,2,262646,474455
spill,131072,4,525292,977861
spill,131072,2,262646,548973
spill,131072,1,131323,472914
spill,131072,1,131323,376691
spill,131072,1,131323,434937
spill,131072,1,131323,367638
spill,131072,1,131323,504378
spill,131072,1,131323,458285
spill,131072,1,131323,412290
spill,131072,3,393969,620000
spill,131072,1,131323,367601
spill,131072,1,131323,365221
spill,131072,3,393969,701853
spill,131072,1,131323,345269
spill,131072,1,131323,405029
spill,131072,3,393969,572952
spill,131072,1,131323,435754
spill,131072,1,131323,570149
spill,131072,1,131323,752927
spill,131072,2,262646,544187
spill,131072,2,262646,561549
spill,131072,3,393969,611256
spill,131072,1,131323,445713
spill,131072,2,262646,522599
spill,131072,2,262646,564404
spill,131072,2,262646,525643
spill,131072,1,131323,473650
spill,131072,1,131323,367228
spill,131072,1,131323,439665
spill,131072,1,131323,395655
spill,131072,1,131323,422860
spill,131072,3,393969,668035
spill,131072,4,525292,792255
spill,131072,1,131323,435610
spill,131072,1,131323,407131
spill,131072,2,262646,671796
spill,131072,1,131323,369651
spill,131072,2,262646,514973
spill,131072,1,131323,482243
spill,131072,3,393969,646000
spill,131072,1,131323,487827
spill,131072,2,262646,489811
spill,131072,1,131323,732323
spill,131072,5,656615,1054452
spill,131072,1,131323,717379
spill,131072,2,262646,617963
spill,131072,3,393969,763700
spill,131072,1,131323,461036
spill,131072,1,131323,382856
spill,131072,4,525292,814645
spill,131072,1,131323,483973
spill,131072,2,262646,499568
spill,131072,3,393969,599328
spill,131072,2,262646,540419
spill,131072,1,131323,378571
spill,131072,2,262646,539852
spill,131072,1,131323,477438
spill,131072,2,262646,479009
spill,131072,2,262646,614945
spill,131072,1,131323,427873
spill,131072,1,131323,452170
spill,131072,1,131323,398556
spill,131072,3,393969,822969
spill,131072,1,131323,414127
spill,131072,4,525292,818241
spill,131072,3,393969,749772
spill,131072,1,131323,484540
spill,131072,4,525292,882968
spill,131072,1,131323,509257
spill,131072,2,262646,539261
spill,131072,1,131323,394570
spill,131072,1,131323,415658
spill,131072,1,131323,411165
spill,131072,1,131323,392047
spill,131072,1,131323,492640
spill,131072,1,131323,541822
spill,131072,2,262646,514502
spill,131072,1,131323,383893
spill,131072,3,393969,597019
spill,131072,1,131323,527123
spill,131072,1,131323,557049
spill,131072,1,131323,357670
spill,131072,1,131323,422525
spill,131072,2,262646,472865
spill,131072,2,262646,820021
spill,131072,1,131323,448104
spill,131072,1,131323,466500
spill,131072,2,262646,496776
spill,131072,1,131323,454242
spill,131072,2,262646,578103
spill,131072,4,525292,1027271
spill,131072,1,131323,658747
spill,131072,1,131323,549361
spill,131072,1,131323,450532
spill,131072,3,393969,733263
spill,131072,2,262646,688753
spill,131072,1,131323,718663
spill,131072,1,131323,396005
spill,131072,2,262646,593740
spill,131072,1,131323,446501
spill,131072,1,131323,437438
spill,131072,1,131323,393329
spill,131072,1,131323,363289
spill,131072,2,262646,603455
spill,131072,1,131323,465731
spill,131072,1,131323,803786
spill,131072,3,393969,663272
spill,131072,1,131323,578802
spill,131072,1,131323,397745
spill,131072,2,262646,463358
spill,131072,1,131323,422536
spill,131072,1,131323,571697
spill,131072,1,131323,432938
spill,131072,1,131323,524346
spill,131072,1,131323,402745
spill,131072,2,262646,469345
spill,131072,2,262646,548584
spill,131072,1,131323,362716
spill,131072,1,131323,435317
spill,131072,2,262646,540810
spill,131072,1,131323,719480
spill,131072,1,131323,1144241
spill,131072,1,131323,783400
spill,131072,1,131323,745368
spill,131072,1,131323,779365
spill,131072,3,393969,772742
spill,131072,1,131323,760716
spill,131072,2,262646,773665
spill,131072,1,131323,621347
spill,131072,1,131323,691496
spill,131072,2,262646,1259309
spill,131072,1,131323,1210712
spill,131072,2,262646,810454
spill,131072,7,919261,1214862
spill,131072,1,131323,894152
spill,131072,1,131323,1014552
spill,131072,1,131323,541590
spill,131072,1,131323,397697
spill,131072,1,131323,444938
spill,131072,1,131323,555886
spill,131072,1,131323,725627
spill,131072,2,262646,542366
spill,131072,1,131323,686769
spill,131072,1,131323,609989
spill,131072,2,262646,903771
spill,131072,1,131323,396279
spill,131072,1,131323,756736
spill,131072,1,131323,660577
spill,131072,1,131323,632502
spill,131072,2,262646,646619
spill,131072,1,131323,478486
spill,131072,1,131323,492323
spill,131072,1,131323,427580
spill,131072,1,131323,421730
spill,131072,1,131323,588275
spill,131072,1,131323,790300
spill,131072,1,131323,495256
spill,131072,1,131323,604030
spill,131072,2,262646,473302
spill,131072,1,131323,455575
spill,131072,1,131323,392226
spill,131072,2,262646,579222
spill,131072,1,131323,464810
spill,131072,1,131323,1313926
spill,131072,1,131323,3019066
spill,131072,1,131323,1991277
spill,131072,1,131323,902372
spill,131072,2,262646,1162258
spill,131072,1,131323,515983
spill,131072,1,131323,643305
spill,131072,2,262646,966711
spill,131072,2,262646,950848
spill,131072,1,131323,672598
spill,131072,1,131323,1199174
spill,131072,1,131323,614520
spill,131072,1,131323,835377
spill,131072,2,262646,918221
spill,131072,1,131323,764389
spill,131072,2,262646,900619
spill,131072,1,131323,447095
spill,131072,2,262646,1050112
spill,131072,1,131323,1146266
spill,131072,1,131323,983817
spill,131072,1,131323,736026
spill,131072,1,131323,680103
spill,131072,2,262646,1274282
spill,131072,1,131323,585266
spill,131072,1,131323,521934
spill,131072,2,262646,899770
spill,131072,1,131323,760431
spill,131072,1,131323,758531
spill,131072,2,262646,1607755
spill,131072,2,262646,534916
spill,131072,1,131323,696943
spill,131072,1,131323,596835
spill,131072,1,131323,478141
spill,131072,2,262646,731613
spill,131072,2,262646,546326
spill,131072,2,262646,494400
spill,131072,1,131323,1000032
spill,131072,2,262646,647185
spill,131072,2,262646,711275
spill,131072,2,262646,832767
spill,131072,1,131323,547462
spill,131072,2,262646,689512
spill,131072,1,131323,495003
spill,131072,2,262646,646170
spill,131072,1,131323,476678
spill,131072,1,131323,406984
spill,131072,2,262646,485055
spill,131072,1,131323,431710
spill,131072,1,131323,379559
spill,131072,1,131323,532439
spill,131072,1,131323,556986
spill,131072,1,131323,563348
spill,131072,1,131323,634674
spill,131072,2,262646,752315
spill,131072,2,262646,789484
spill,131072,1,131323,909985
spill,131072,1,131323,621041
spill,131072,1,131323,767701
spill,131072,1,131323,451935
spill,131072,1,131323,727756
spill,131072,2,262646,552389
spill,131072,1,131323,494572
spill,131072,1,131323,455639
spill,131072,1,131323,524676
spill,131072,1,131323,748983
spill,131072,2,262646,824089
spill,131072,1,131323,606247
spill,131072,1,131323,420519
spill,131072,1,131323,892922
spill,131072,1,131323,802146
spill,131072,1,131323,435625
spill,131072,1,131323,520726
spill,131072,1,131323,643596
spill,131072,3,393969,660156
spill,131072,1,131323,506530
spill,131072,3,393969,724918
spill,131072,3,393969,874522
spill,131072,1,131323,690410
spill,131072,1,131323,686915
spill,131072,1,131323,426038
spill,131072,2,262646,820529
spill,131072,1,131323,420118
spill,131072,1,131323,693717
spill,131072,1,131323,668743
spill,131072,2,262646,854346
spill,131072,1,131323,650006
spill,131072,1,131323,684668
spill,131072,1,131323,681018
spill,131072,2,262646,588435
spill,131072,2,262646,709849
spill,131072,2,262646,603682
spill,131072,2,262646,935794
spill,131072,1,131323,365826
spill,131072,1,131323,1145549
spill,131072,4,525292,790679
spill,131072,1,131323,689201
spill,131072,2,262646,610800
spill,131072,1,131323,628887
spill,131072,2,262646,590850
spill,131072,1,131323,542400
spill,131072,1,131323,1047424
spill,131072,1,131323,704639
spill,131072,1,131323,725186
spill,131072,1,131323,390797
spill,131072,2,262646,525783
spill,131072,1,131323,595860
spill,131072,1,131323,936226
spill,131072,2,262646,702508
spill,131072,1,131323,467395
spill,131072,1,131323,808858
spill,131072,1,131323,963919
spill,131072,1,131323,771285
spill,131072,1,131323,926550
spill,131072,1,131323,391348
spill,131072,2,262646,590511
spill,131072,1,131323,378121
spill,131072,1,131323,512231
spill,131072,1,131323,377124
spill,131072,1,131323,376908
spill,131072,1,131323,372688
spill,131072,1,131323,415511
spill,131072,1,131323,372927
spill,131072,1,131323,422720
spill,131072,3,393969,636654
spill,131072,1,131323,391021
spill,131072,1,131323,559802
spill,131072,1,131323,740534
spill,131072,1,131323,540854
spill,131072,2,262646,453675
spill,131072,1,131323,737541
spill,131072,1,131323,442497
spill,131072,1,131323,593261
spill,131072,1,131323,704632
spill,131072,2,262646,459102
spill,131072,2,262646,705295
spill,131072,2,262646,451706
spill,131072,1,131323,440183
spill,131072,3,393969,581101
spill,131072,1,131323,507583
spill,131072,1,131323,806656
spill,131072,2,262646,809587
spill,131072,1833,240715059,212189990
spill,131072,1,131323,12689633
spill,131072,2,262646,13275056
spill,131072,1,131323,12776212
spill,131072,2000,262646000,229362844
spill,131072,1,131323,19001855
spill,131072,2,262646,19281864
spill,131072,1,131323,19097493
spill,131072,2,262646,18258107
spill,131072,1,131323,9120248
spill,131072,1,131323,8622765
spill,131072,1,131323,8492531
spill,131072,2,262646,8039343
spill,131072,1,131323,2833866
spill,131072,1,131323,2566836
spill,131072,1,131323,2718729
spill,131072,1,131323,2957363
spill,131072,1,131323,2884345
spill,131072,1,131323,2882485
spill,131072,1,131323,2980410
spill,131072,2,262646,3161014
spill,131072,2,262646,2597204
spill,131072,1,131323,2540462
spill,131072,1,131323,2932596
spill,131072,1,131323,2803273
spill,131072,1,131323,2598636
spill,131072,1,131323,2610055
spill,131072,1,131323,2561164
spill,131072,1,131323,2427050
spill,131072,2,262646,1415797
spill,131072,1,131323,1542176
spill,131072,2,262646,1097616
spill,131072,1,131323,1269365
spill,131072,2,262646,830371
spill,131072,1,131323,820129
spill,131072,1,131323,838881
spill,131072,1,131323,544307
spill,131072,1,131323,912094
spill,131072,1,131323,662555
spill,131072,2,262646,809132
spill,131072,1,131323,841047
spill,131072,1,131323,863393
spill,131072,1,131323,1179607
spill,131072,1,131323,723668
spill,131072,1,131323,596226
spill,131072,3,393969,1449115
spill,131072,1,131323,1341499
spill,131072,1,131323,1291788
spill,131072,2,262646,1855391
spill,131072,2,262646,970858
spill,131072,1,131323,973739
spill,131072,2,262646,1135807
spill,131072,1,131323,1207607
spill,131072,1,131323,845208
spill,131072,1,131323,620100
spill,131072,1,131323,791555
spill,131072,1,131323,660503
spill,131072,1,131323,758785
spill,131072,1,131323,628382
spill,131072,1,131323,1170389
spill,131072,1,131323,1192214
spill,131072,2,262646,1142479
spill,131072,1,131323,1628092
spill,131072,1,131323,815368
spill,131072,2,262646,776924
spill,131072,2,262646,838265
spill,131072,2,262646,1178260
spill,131072,1,131323,913196
spill,131072,1,131323,900792
spill,131072,1,131323,805417
spill,131072,1,131323,774695
spill,131072,1,131323,663270
spill,131072,2,262646,944990
spill,131072,3,393969,933489
spill,131072,1,131323,523584
spill,131072,1,131323,687495
spill,131072,1,131323,741331
spill,131072,1,131323,908876
spill,131072,2,262646,758035
spill,131072,1,131323,660091
spill,131072,2,262646,1057039
spill,131072,3,393969,658427
spill,131072,1,131323,426383
spill,131072,1,131323,509284
spill,131072,1,131323,509988
spill,131072,1,131323,736256
spill,131072,1,131323,664707
spill,131072,1,131323,985110
spill,131072,3,393969,1180474
spill,131072,1,131323,506956
spill,131072,2,262646,600297
spill,131072,1,131323,757775
spill,131072,2,262646,650383
spill,131072,2,262646,661723
spill,131072,2,262646,814515
spill,131072,1,131323,696652
spill,131072,2,262646,819127
spill,131072,1,131323,756696
spill,131072,1,131323,509036
spill,131072,1,131323,636922
spill,131072,1,131323,930813
spill,131072,1,131323,690455
spill,131072,1,131323,662906
spill,131072,1,131323,755079
spill,131072,2,262646,1318284
spill,131072,1,131323,709300
spill,131072,1,131323,763808
spill,131072,1,131323,516833
spill,131072,1,131323,509280
spill,131072,1,131323,496634
spill,131072,1,131323,724121
spill,131072,2,262646,1068053
spill,131072,1,131323,778799
spill,131072,1,131323,565737
spill,131072,4,525292,1007648
spill,131072,2,262646,768544
spill,131072,4,525292,1464829
spill,131072,1,131323,575636
spill,131072,1,131323,1026768
spill,131072,1,131323,585135
spill,131072,2,262646,685988
spill,131072,1,131323,384938
spill,131072,1,131323,616542
spill,131072,1,131323,802943
spill,131072,1,131323,756253
spill,131072,2,262646,1020507
spill,131072,2,262646,589433
spill,131072,1,131323,427426
spill,131072,1,131323,757527
spill,131072,1,131323,471460
spill,131072,1,131323,528298
spill,131072,2,262646,459853
spill,131072,1,131323,543721
spill,131072,2,262646,580859
spill,131072,1,131323,873843
spill,131072,1,131323,549174
spill,131072,1,131323,584612
spill,131072,2,262646,668726
spill,131072,1,131323,547972
spill,131072,2,262646,756509
spill,131072,1,131323,648890
spill,131072,1,131323,623173
spill,131072,1,131323,810453
spill,131072,1,131323,878293
spill,131072,1,131323,459784
spill,131072,1,131323,375749
spill,131072,1,131323,820390
spill,131072,1,131323,492930
spill,131072,1,131323,726119
spill,131072,2,262646,810464
spill,131072,1,131323,491108
spill,131072,1,131323,988579
spill,131072,1,131323,531217
spill,131072,1,131323,930462
spill,131072,2,262646,616529
spill,131072,1,131323,599995
spill,131072,1,131323,451947
spill,131072,1,131323,406470
spill,131072,1,131323,680112
spill,131072,2,262646,623784
spill,131072,2,262646,587916
spill,131072,1,131323,585231
spill,131072,1,131323,535557
spill,131072,1,131323,644046
spill,131072,2,262646,640831
spill,131072,2,262646,639385
spill,131072,1,131323,868309
spill,131072,2,262646,624282
spill,131072,2,262646,963933
spill,131072,2,262646,532763
spill,131072,1,131323,500701
spill,131072,1,131323,618840
spill,131072,2,262646,640195
spill,131072,1,131323,868408
spill,131072,1,131323,780010
spill,131072,1,131323,727293
spill,131072,1,131323,514807
spill,131072,1,131323,514762
spill,131072,1,131323,475130
spill,131072,2,262646,665584
spill,131072,1,131323,646382
spill,131072,1,131323,766995
spill,131072,1,131323,600440
spill,131072,1,131323,599770
spill,131072,1,131323,571880
spill,131072,1,131323,580947
spill,131072,1,131323,547593
spill,131072,2,262646,644228
spill,131072,1,131323,698813
spill,131072,1,131323,628241
spill,131072,2,262646,1029933
spill,131072,1,131323,854828
spill,131072,1,131323,557010
spill,131072,1,131323,706995
spill,131072,2,262646,544251
spill,131072,1,131323,727960
spill,131072,1,131323,1089655
spill,131072,2,262646,620177
spill,131072,1,131323,844930
spill,131072,1,131323,587800
spill,131072,1,131323,481907
spill,131072,1,131323,769069
spill,131072,1,131323,650478
spill,131072,1,131323,444662
spill,131072,1,131323,506582
spill,131072,1,131323,470962
spill,131072,1,131323,445669
spill,131072,1,131323,449634
spill,131072,2,262646,518471
spill,131072,1,131323,544467
spill,131072,1,131323,579838
spill,131072,1,131323,660593
spill,131072,1,131323,453367
spill,131072,1,131323,493558
spill,131072,1,131323,460758
spill,131072,1,131323,720149
spill,131072,1,131323,652569
spill,131072,1,131323,583944
spill,131072,1,131323,983783
spill,131072,1,131323,640120
spill,131072,2,262646,787256
spill,131072,1,131323,457571
spill,131072,1,131323,591600
spill,131072,1,131323,613288
spill,131072,1,131323,467374
spill,131072,2,262646,700973
spill,131072,1,131323,451119
spill,131072,1,131323,402787
spill,131072,1,131323,449020
spill,131072,2,262646,740350
spill,131072,2,262646,540468
spill,131072,1,131323,437275
spill,131072,2,262646,626878
spill,131072,1,131323,543490
spill,131072,1,131323,507250
spill,131072,2,262646,826812
spill,131072,1,131323,486202
spill,131072,1,131323,490279
spill,131072,1,131323,504888
spill,131072,1,131323,913539
spill,131072,2,262646,767819
spill,131072,1,131323,564767
spill,131072,1,131323,786116
spill,131072,1,131323,473568
spill,131072,1,131323,572024
spill,131072,1,131323,457153
spill,131072,1,131323,677810
spill,131072,1,131323,398468
spill,131072,1,131323,611670
spill,131072,1,131323,595005
spill,131072,2,262646,592630
spill,131072,1,131323,359540
spill,131072,1,131323,429585
spill,131072,1,131323,501513
spill,131072,1,131323,667850
spill,131072,2,262646,689991
spill,131072,1,131323,468100
spill,131072,2,262646,697008
spill,131072,1,131323,412786
spill,131072,1,131323,406824
spill,131072,1,131323,597703
spill,131072,1,131323,582942
spill,131072,1,131323,451290
spill,131072,2,262646,693557
spill,131072,1,131323,530998
spill,131072,2,262646,557617
spill,131072,1,131323,776034
spill,131072,1,131323,781695
spill,131072,1,131323,620989
spill,131072,3,393969,935039
spill,131072,1,131323,446017
spill,131072,1,131323,577600
spill,131072,1,131323,741631
spill,131072,1,131323,577617
spill,131072,1,131323,521283
spill,131072,1,131323,546886
spill,131072,2,262646,511318
spill,131072,2,262646,770865
spill,131072,1,131323,786241
spill,131072,2,262646,662133
spill,131072,3,393969,869287
spill,131072,1,131323,546949
spill,131072,2,262646,648886
spill,131072,1,131323,538692
spill,131072,1,131323,580220
spill,131072,1,131323,591879
spill,131072,2,262646,601151
spill,131072,1,131323,518431
spill,131072,1,131323,553141
spill,131072,1,131323,522399
spill,131072,1,131323,607302
spill,131072,2,262646,1078493
spill,131072,2,262646,1068064
spill,131072,1,131323,1056294
spill,131072,1,131323,957879
spill,131072,1,131323,658216
spill,131072,1,131323,481266
spill,131072,1,131323,500715
spill,131072,1,131323,909493
spill,131072,4,525292,927741
spill,131072,1,131323,555576
spill,131072,1,131323,487349
spill,131072,1,131323,512387
spill,131072,1,131323,557475
spill,131072,2,262646,732703
spill,131072,1,131323,548176
spill,131072,2,262646,564406
spill,131072,1,131323,422912
spill,131072,2,262646,564778
spill,131072,1,131323,500380
spill,131072,1,131323,471051
spill,131072,1,131323,496214
spill,131072,2,262646,522038
spill,131072,1,131323,533901
spill,131072,2,262646,752712
spill,131072,2,262646,594774
spill,131072,1,131323,420878
spill,131072,1,131323,478065
spill,131072,3,393969,649627
spill,131072,1,131323,541437
spill,131072,2,262646,505866
spill,131072,2,262646,554897
spill,131072,1,131323,581984
spill,131072,2,262646,737078
spill,131072,2,262646,625323
spill,131072,2,262646,528868
spill,131072,4,525292,902296
spill,131072,2,262646,976155
spill,131072,4,525292,995809
spill,131072,1,131323,834670
spill,131072,1,131323,445918
spill,131072,1,131323,674658
spill,131072,1,131323,515611
spill,131072,1,131323,457805
spill,131072,1,131323,428950
spill,131072,1,131323,520227
spill,131072,1,131323,428489
spill,131072,8,1050584,1192718
spill,131072,2,262646,573141
spill,131072,1,131323,698988
spill,131072,1,131323,929571
spill,131072,3,393969,868352
spill,131072,2,262646,1184787
spill,131072,2,262646,1259749
spill,131072,2,262646,764739
spill,131072,4,525292,1149092
spill,131072,1,131323,702657
spill,131072,2,262646,705380
spill,131072,1,131323,709442
spill,131072,1,131323,803935
spill,131072,2,262646,792382
spill,131072,4,525292,727805
spill,131072,1,131323,888235
spill,131072,1,131323,529814
spill,131072,1,131323,1102898
spill,131072,3,393969,960339
spill,131072,1,131323,768202
spill,131072,2,262646,877440
spill,131072,1,131323,669389
spill,131072,3,393969,873783
spill,131072,2,262646,1031509
spill,131072,2,262646,941670
spill,131072,1,131323,770846
spill,131072,1,131323,741459
spill,131072,3,393969,1251872
spill,131072,1,131323,1041171
spill,131072,1,131323,797048
spill,131072,1,131323,795431
spill,131072,1,131323,757143
spill,131072,2,262646,972706
spill,131072,2,262646,727580
spill,131072,1,131323,710575
spill,131072,1,131323,502993
spill,131072,1,131323,639642
spill,131072,1,131323,522355
spill,131072,2,262646,671372
spill,131072,3,393969,865111
spill,131072,1,131323,496114
spill,131072,3,393969,767505
spill,131072,2,262646,847588
spill,131072,3,393969,1036446
spill,131072,1,131323,627025
spill,131072,2,262646,1025490
spill,131072,1,131323,526836
spill,131072,3,393969,854998
spill,131072,1,131323,649648
spill,131072,1,131323,941431
spill,131072,1,131323,868495
spill,131072,1,131323,801318
spill,131072,1,131323,525683
spill,131072,4,525292,967505
spill,131072,2,262646,649170
spill,131072,1,131323,452140
spill,131072,2,262646,522163
spill,131072,1,131323,527360
spill,131072,2,262646,938355
spill,131072,1,131323,603206
spill,131072,4,525292,958240
spill,131072,1,131323,477722
spill,131072,1,131323,644194
spill,131072,1,131323,555117
spill,131072,4,525292,883706
spill,131072,1,131323,617648
spill,131072,3,393969,833684
spill,131072,1,131323,489800
spill,131072,6,787938,1091341
spill,131072,2,262646,738375
spill,131072,2,262646,634489
spill,131072,2,262646,898004
spill,131072,1,131323,465943
spill,131072,1,131323,433598
spill,131072,1,131323,413797
spill,131072,2,262646,615674
spill,131072,2,262646,615583
spill,131072,4,525292,784152
spill,131072,2,262646,500000
spill,131072,2,262646,587965
spill,131072,2,262646,666574
spill,131072,2,262646,572088
spill,131072,2,262646,510600
spill,131072,3,393969,773320
spill,131072,2,262646,622162
spill,131072,3,393969,743589
spill,131072,2,262646,671843
spill,131072,1,131323,626461
spill,131072,1,131323,644967
spill,131072,1,131323,486689
spill,131072,1,131323,477494
spill,131072,2,262646,562314
spill,131072,2,262646,602407
spill,131072,1,131323,417442
spill,131072,1,131323,723489
spill,131072,2,262646,1071340
spill,131072,2,262646,854109
spill,131072,3,393969,1061044
spill,131072,1,131323,669203
spill,131072,1,131323,617374
spill,131072,3,393969,620533
spill,131072,1,131323,412354
spill,131072,1,131323,5113016
spill,131072,3,393969,4858783
spill,131072,1,131323,1119900
spill,131072,1,131323,1295976
spill,131072,1,131323,622503
spill,131072,5,656615,2138725
spill,131072,2,262646,1520742
spill,131072,2,262646,869537
spill,131072,6,787938,1636393
spill,131072,1,131323,826061
spill,131072,1,131323,763345
spill,131072,1,131323,815740
spill,131072,1,131323,608085
spill,131072,4,525292,1073045
spill,131072,3,393969,854078
spill,131072,2,262646,835015
spill,131072,4,525292,801877
spill,131072,2,262646,550054
spill,131072,4,525292,1007578
spill,131072,1,131323,406647
spill,131072,2,262646,1220813
spill,131072,2,262646,1165437
spill,131072,1,131323,685103
spill,131072,1,131323,934628
spill,131072,2,262646,718815
spill,131072,4,525292,845854
spill,131072,3,393969,1083283
spill,131072,5,656615,998507
spill,131072,1,131323,1052982
spill,131072,2,262646,2186644
spill,131072,1,131323,1066911
spill,131072,5,656615,1390802
spill,131072,4,525292,1411658
spill,131072,2,262646,749560
spill,131072,2,262646,3964523
spill,131072,2,262646,7609947
spill,131072,1,131323,4668885
spill,131072,2,262646,3594516
spill,131072,2,262646,3335662
spill,131072,2,262646,1526405
spill,131072,3,393969,1375910
spill,131072,1,131323,845972
spill,131072,2,262646,1546202
spill,131072,3,393969,1019613
spill,131072,1,131323,643137
spill,131072,1,131323,1235880
spill,131072,1,131323,558574
spill,131072,1,131323,595701
spill,131072,2,262646,643808
spill,131072,1,131323,818700
spill,131072,1,131323,1683746
spill,131072,1,131323,770690
spill,131072,3,393969,776236
spill,131072,9,1181907,1555982
spill,131072,2,262646,517475
spill,131072,3,393969,732560
spill,131072,4,525292,816711
spill,131072,1,131323,484701
spill,131072,5,656615,1125148
spill,131072,2,262646,584837
spill,131072,1,131323,591039
spill,131072,3,393969,937238
spill,131072,6,787938,1383824
spill,131072,2,262646,708493
spill,131072,2,262646,818193
spill,131072,1,131323,517575
spill,131072,4,525292,782292
spill,131072,1,131323,494982
spill,131072,2,262646,566469
spill,131072,3,393969,771803
spill,131072,2,262646,796342
spill,131072,1,131323,591772
spill,131072,3,393969,642491
spill,131072,1,131323,414076
spill,131072,3,393969,906429
spill,131072,1,131323,565956
spill,131072,6,787938,1041683
spill,131072,1,131323,527849
spill,131072,1,131323,800425
spill,131072,2,262646,511861
spill,131072,2,262646,458220
spill,131072,4,525292,982323
spill,131072,1,131323,583195
spill,131072,1,131323,577351
spill,131072,1,131323,737685
spill,131072,1,131323,859789
spill,131072,1,131323,481775
spill,131072,1,131323,555490
spill,131072,2,262646,634657
spill,131072,1,131323,551454
spill,131072,1,131323,412609
spill,131072,1,131323,601052
spill,131072,1,131323,532848
spill,131072,5,656615,1063762
spill,131072,1,131323,450459
spill,131072,2,262646,800132
spill,131072,1,131323,642590
spill,131072,2,262646,693355
spill,131072,1,131323,525799
spill,131072,3,393969,779898
spill,131072,2,262646,792915
spill,131072,1,131323,1393278
spill,131072,1,131323,769362
spill,131072,1,131323,762643
spill,131072,1,131323,814425
spill,131072,1,131323,623617
spill,131072,2,262646,697563
spill,131072,3,393969,905927
spill,131072,2,262646,811977
spill,131072,1,131323,388834
spill,131072,3,393969,620157
spill,131072,2,262646,1240484
spill,131072,3,393969,759567
spill,131072,1,131323,1123430
spill,131072,1,131323,777189
spill,131072,1,131323,384964
spill,131072,3,393969,1252553
spill,131072,2,262646,1001163
spill,131072,1,131323,724714
spill,131072,1,131323,697881
spill,131072,1,131323,661349
spill,131072,4,525292,1051584
spill,131072,1,131323,792865
spill,131072,2,262646,1295636
spill,131072,2,262646,1154084
spill,131072,1,131323,683678
spill,131072,1,131323,859019
spill,131072,2,262646,884416
spill,131072,1,131323,920001
spill,131072,1,131323,652479
spill,131072,1,131323,703871
spill,131072,1,131323,1220753
spill,131072,1,131323,1075170
spill,131072,1,131323,995980
spill,131072,1,131323,1173722
spill,131072,1,131323,761297
spill,131072,2,262646,976831
spill,131072,2,262646,1031793
spill,131072,1,131323,1008029
spill,131072,2,262646,1058822
spill,131072,1,131323,1055744
spill,131072,2,262646,932039
spill,131072,1,131323,1360002
spill,131072,1,131323,840325
spill,131072,2,262646,750293
spill,131072,1,131323,1001258
spill,131072,2,262646,1599205
spill,131072,1,131323,1026303
spill,131072,1,131323,1111611
spill,131072,2,262646,1384473
spill,131072,1,131323,746979
spill,131072,1,131323,1140580
spill,131072,1,131323,1034663
spill,131072,2,262646,1144482
spill,131072,2,262646,936717
spill,131072,2,262646,904116
spill,131072,1,131323,629439
spill,131072,2,262646,912734
spill,131072,1,131323,694850
spill,131072,1,131323,648777
spill,131072,1,131323,671337
spill,131072,2,262646,714999
spill,131072,2,262646,662517
spill,131072,2,262646,875643
spill,131072,1,131323,958205
spill,131072,3,393969,1486976
spill,131072,1,131323,837630
spill,131072,2,262646,799502
spill,131072,1,131323,647758
spill,131072,1,131323,457517
spill,131072,4,525292,822915
spill,131072,1,131323,415944
spill,131072,1,131323,818120
spill,131072,2,262646,914406
spill,131072,1,131323,674626
spill,131072,2,262646,560147
spill,131072,3,393969,765680
spill,131072,2,262646,653002
spill,131072,1,131323,536340
spill,131072,1,131323,544254
spill,131072,2,262646,459944
spill,131072,2,262646,751509
spill,131072,2,262646,649606
spill,131072,1,131323,559151
spill,131072,2,262646,604813
spill,131072,1,131323,788101
spill,131072,1,131323,414094
spill,131072,1,131323,412307
spill,131072,1,131323,796675
spill,131072,1,131323,476750
spill,131072,2,262646,502623
spill,131072,1,131323,772068
spill,131072,1,131323,434425
spill,131072,1,131323,649383
spill,131072,1,131323,652530
spill,131072,2,262646,696919
spill,131072,1,131323,464384
spill,131072,1,131323,591092
spill,131072,1,131323,1008640
spill,131072,1,131323,492978
spill,131072,1,131323,579371
spill,131072,4,525292,703946
spill,131072,2,262646,633276
spill,131072,2,262646,496479
spill,131072,2,262646,688410
spill,131072,2,262646,523082
spill,131072,1,131323,424485
spill,131072,2,262646,571621
spill,131072,1,131323,479884
spill,131072,1,131323,534269
spill,131072,2,262646,764099
spill,131072,1,131323,561429
spill,131072,1,131323,825277
spill,131072,2,262646,874705
spill,131072,2,262646,831649
spill,131072,6,787938,993256
spill,131072,1,131323,396479
spill,131072,2,262646,822088
spill,131072,1,131323,383040
spill,131072,1,131323,425179
spill,131072,1,131323,497002
spill,131072,1,131323,411608
spill,131072,1,131323,532929
spill,131072,2,262646,715967
spill,131072,2,262646,800917
spill,131072,1,131323,1057628
spill,131072,3,393969,672515
spill,131072,1,131323,473596
spill,131072,1,131323,451036
spill,131072,2,262646,543293
spill,131072,2,262646,600832
spill,131072,1,131323,491304
spill,131072,1,131323,633133
spill,131072,1,131323,369994
spill,131072,1,131323,454112
spill,131072,2,262646,649934
spill,131072,2,262646,854035
spill,131072,1,131323,892082
spill,131072,2,262646,761400
spill,131072,1,131323,637031
spill,131072,1,131323,380429
spill,131072,1,131323,632672
spill,131072,1,131323,379457
spill,131072,1,131323,454406
spill,131072,1,131323,646038
spill,131072,4,525292,1003888
spill,131072,1,131323,702814
spill,131072,1,131323,666636
spill,131072,1,131323,900254
spill,131072,1,131323,422341
spill,131072,1,131323,756921
spill,131072,1,131323,541782
spill,131072,1,131323,458891
spill,131072,2,262646,597904
spill,131072,1,131323,462639
spill,131072,1,131323,432466
spill,131072,1,131323,395795
spill,131072,3,393969,603964
spill,131072,1,131323,574581
spill,131072,2,262646,558038
spill,131072,3,393969,673884
spill,131072,2,262646,783501
spill,131072,1,131323,986890
spill,131072,1,131323,919054
spill,131072,2,262646,631307
spill,131072,1,131323,912447
spill,131072,1,131323,722006
spill,131072,1,131323,523284
spill,131072,1,131323,708611
spill,131072,2,262646,829967
spill,131072,1,131323,669303
spill,131072,1,131323,437398
spill,131072,2,262646,745733
spill,131072,1,131323,511763
spill,131072,1,131323,455554
spill,131072,1,131323,442160
spill,131072,1,131323,534912
spill,131072,2,262646,511412
spill,131072,1,131323,369754
spill,131072,2,262646,801967
spill,131072,1,131323,401192
spill,131072,2,262646,634643
spill,131072,4,525292,968267
spill,131072,2,262646,482796
spill,131072,2,262646,566581
spill,131072,2,262646,552812
spill,131072,2,262646,537109
spill,131072,2,262646,481495
spill,131072,2,262646,552050
spill,131072,3,393969,572083
spill,131072,1,131323,471018
spill,131072,1,131323,395123
spill,131072,1,131323,450585
spill,131072,1,131323,454370
spill,131072,2,262646,853002
spill,131072,2,262646,636776
spill,131072,1,131323,386598
spill,131072,2,262646,677540
spill,131072,1,131323,355799
spill,131072,1,131323,358485
spill,131072,2,262646,703769
spill,131072,3,393969,738403
spill,131072,1,131323,667946
spill,131072,1,131323,394685
spill,131072,3,393969,656707
spill,131072,1,131323,402050
spill,131072,2,262646,618257
spill,131072,2,262646,473665
spill,131072,2,262646,484929
spill,131072,2,262646,497885
spill,131072,1,131323,588928
spill,131072,1,131323,478370
spill,131072,1,131323,485023
spill,131072,1,131323,445242
spill,131072,1,131323,415157
spill,131072,2,262646,564979
spill,131072,1,131323,505343
spill,131072,1,131323,745585
spill,131072,1,131323,812758
spill,131072,1,131323,371885
spill,131072,1,131323,535691
spill,131072,1,131323,645026
spill,131072,2,262646,707509
spill,131072,2,262646,514076
spill,131072,1,131323,419951
spill,131072,2,262646,523929
spill,131072,1,131323,607500
spill,131072,4,525292,682355
spill,131072,1,131323,410936
spill,131072,1,131323,426141
spill,131072,5,656615,794088
spill,131072,1,131323,528840
spill,131072,1,131323,448771
spill,131072,1,131323,550992
spill,131072,2,262646,654796
spill,131072,1,131323,427664
spill,131072,1,131323,409784
spill,131072,1,131323,404499
spill,131072,2,262646,464312
spill,131072,1,131323,412977
spill,131072,2,262646,491156
spill,131072,1,131323,454493
spill,131072,1,131323,474224
spill,131072,1,131323,472358
spill,131072,2,262646,535604
spill,131072,3,393969,732879
spill,131072,1,131323,378023
spill,131072,1,131323,356381
spill,131072,1,131323,586365
spill,131072,1,131323,329597
spill,131072,1,131323,542792
spill,131072,2,262646,542982
spill,131072,1,131323,549582
spill,131072,1,131323,393400
spill,131072,1,131323,568249
spill,131072,2,262646,538623
spill,131072,1,131323,400695
spill,131072,1,131323,524132
spill,131072,1,131323,546116
spill,131072,2,262646,675626
spill,131072,1,131323,694359
spill,131072,1,131323,824847
spill,131072,1,131323,579351
spill,131072,2,262646,804693
spill,131072,2,262646,580467
spill,131072,1,131323,486441
spill,131072,2,262646,591885
spill,131072,2,262646,749837
spill,131072,1,131323,503431
spill,131072,1,131323,525044
spill,131072,2,262646,525186
spill,131072,2,262646,543517
spill,131072,1,131323,447336
spill,131072,2,262646,522563
spill,131072,1,131323,579336
spill,131072,1,131323,410828
spill,131072,3,393969,715775
spill,131072,2,262646,628049
spill,131072,1,131323,890454
spill,131072,1,131323,602811
spill,131072,1,131323,583415
spill,131072,1,131323,463079
spill,131072,1,131323,607199
spill,131072,1,131323,550650
spill,131072,1,131323,384949
spill,131072,1,131323,525963
spill,131072,1,131323,411560
spill,131072,1,131323,680019
spill,131072,2,262646,902753
spill,131072,1,131323,498955
spill,131072,3,393969,839801
spill,131072,1,131323,504491
spill,131072,1,131323,530260
spill,131072,1,131323,794538
spill,131072,1,131323,395720
spill,131072,2,262646,462666
spill,131072,1,131323,413671
spill,131072,1,131323,417156
spill,131072,1,131323,546726
spill,131072,2,262646,512311
spill,131072,1,131323,383534
spill,131072,2,262646,672907
spill,131072,1,131323,633217
spill,131072,1,131323,588809
spill,131072,2,262646,924859
spill,131072,1,131323,572662
spill,131072,1,131323,529742
spill,131072,1,131323,486309
spill,131072,2,262646,743387
spill,131072,1,131323,457067
spill,131072,2,262646,628500
spill,131072,1,131323,370536
spill,131072,1,131323,440458
spill,131072,1,131323,437336
spill,131072,3,393969,589818
spill,131072,2,262646,771101
spill,131072,1,131323,671119
spill,131072,1,131323,780530
spill,131072,1,131323,796142
spill,131072,3,393969,687803
spill,131072,1,131323,693950
spill,131072,1,131323,533485
spill,131072,1,131323,732115
spill,131072,1,131323,515337
spill,131072,1,131323,379838
spill,131072,1,131323,394844
spill,131072,2,262646,522527
spill,131072,1,131323,412977
spill,131072,1,131323,666035
spill,131072,3,393969,947277
spill,131072,1,131323,692867
spill,131072,1,131323,457786
spill,131072,1,131323,499417
spill,131072,1,131323,637737
spill,131072,2,262646,595811
spill,131072,1,131323,412145
spill,131072,1,131323,570818
spill,131072,1,131323,680572
spill,131072,1,131323,531668
spill,131072,1,131323,469317
spill,131072,2,262646,912793
spill,131072,1,131323,759625
spill,131072,1,131323,1071310
spill,131072,3,393969,942231
spill,131072,1,131323,700106
spill,131072,1,131323,497699
spill,131072,1,131323,770980
spill,131072,2,262646,652424
spill,131072,1,131323,576594
spill,131072,1,131323,471705
spill,131072,1,131323,650660
spill,131072,2,262646,581294
spill,131072,1,131323,808012
spill,131072,1,131323,821205
spill,131072,1,131323,993338
spill,131072,1,131323,733696
spill,131072,1,131323,432925
spill,131072,1,131323,452584
spill,131072,1,131323,410896
spill,131072,2,262646,779697
spill,131072,1,131323,406500
spill,131072,1,131323,469138
spill,131072,1,131323,379471
spill,131072,1,131323,434337
spill,131072,1,131323,683539
spill,131072,2,262646,538447
spill,131072,1,131323,533067
spill,131072,1,131323,422966
spill,131072,1,131323,782761
spill,131072,2,262646,623715
spill,131072,1,131323,480591
spill,131072,2,262646,656230
spill,131072,1834,240846382,181682484
spill,131072,2,262646,18756170
spill,131072,3,393969,19521754
spill,131072,2,262646,19130642
spill,131072,1,131323,4542807
spill,131072,1,131323,4072805
spill,131072,3,393969,4684334
spill,131072,1,131323,3346071
spill,131072,1,131323,3275805
spill,131072,1,131323,3976145
spill,131072,2000,262646000,211974480
spill,131072,1,131323,17773966
spill,131072,1,131323,18566894
spill,131072,2,262646,18351619
spill,131072,1,131323,19203285
spill,131072,4,525292,10340741
spill,131072,1,131323,10049594
spill,131072,1,131323,10026453
spill,131072,3,393969,8041399
spill,131072,1,131323,4160633
spill,131072,3,393969,3225296
spill,131072,1,131323,3416555
spill,131072,1,131323,3126838
spill,131072,1,131323,3501480
spill,131072,2,262646,3473831
spill,131072,1,131323,3469540
spill,131072,1,131323,3578540
spill,131072,1,131323,2874597
spill,131072,1,131323,2342183
spill,131072,1,131323,2871104
spill,131072,1,131323,2804556
spill,131072,2,262646,2347422
spill,131072,4,525292,2746421
spill,131072,1,131323,2448529
spill,131072,1,131323,2491941
spill,131072,2,262646,1405742
spill,131072,1,131323,1243345
spill,131072,1,131323,1183698
spill,131072,2,262646,1627355
spill,131072,2,262646,689408
spill,131072,1,131323,619052
spill,131072,1,131323,645614
spill,131072,1,131323,545562
spill,131072,3,393969,981150
spill,131072,1,131323,1030193
spill,131072,1,131323,828561
spill,131072,2,262646,826701
spill,131072,1,131323,443421
spill,131072,2,262646,1496558
spill,131072,2,262646,850772
spill,131072,1,131323,745193
spill,131072,2,262646,592023
spill,131072,1,131323,560390
spill,131072,1,131323,639555
spill,131072,1,131323,944115
spill,131072,1,131323,604715
spill,131072,3,393969,849050
spill,131072,3,393969,669684
spill,131072,1,131323,519777
spill,131072,1,131323,437645
spill,131072,1,131323,677040
spill,131072,1,131323,1371091
spill,131072,1,131323,1452408
spill,131072,4,525292,2608471
spill,131072,3,393969,2339590
spill,131072,1,131323,792947
spill,131072,2,262646,1069256
spill,131072,3,393969,1291692
spill,131072,4,525292,1464457
spill,131072,1,131323,1370768
spill,131072,3,393969,1679267
spill,131072,1,131323,537220
spill,131072,4,525292,919737
spill,131072,1,131323,1271107
spill,131072,1,131323,1595148
spill,131072,1,131323,1033878
spill,131072,5,656615,1839048
spill,131072,1,131323,575308
spill,131072,1,131323,1149379
spill,131072,10,1313230,2483150
spill,131072,1,131323,1795644
spill,131072,1,131323,1122346
spill,131072,2,262646,1130573
spill,131072,3,393969,917718
spill,131072,1,131323,815912
spill,131072,1,131323,782479
spill,131072,3,393969,1108796
spill,131072,2,262646,976020
spill,131072,2,262646,1082161
spill,131072,1,131323,583971
spill,131072,1,131323,845103
spill,131072,3,393969,962182
spill,131072,1,131323,965000
spill,131072,2,262646,1000298
spill,131072,1,131323,900109
spill,131072,3,393969,1357228
spill,131072,2,262646,763807
spill,131072,1,131323,894498
spill,131072,2,262646,563921
spill,131072,1,131323,521282
spill,131072,3,393969,766355
spill,131072,2,262646,655580
spill,131072,1,131323,749421
spill,131072,1,131323,482466
spill,131072,4,525292,1038939
spill,131072,3,393969,1203765
spill,131072,1,131323,698873
spill,131072,3,393969,1600499
spill,131072,1,131323,746626
spill,131072,1,131323,1157757
spill,131072,2,262646,854348
spill,131072,1,131323,529765
spill,131072,1,131323,551628
spill,131072,1,131323,755937
spill,131072,1,131323,812301
spill,131072,1,131323,565414
spill,131072,1,131323,563264
spill,131072,1,131323,970536
spill,131072,2,262646,945661
spill,131072,1,131323,586986
spill,131072,1,131323,631425
spill,131072,1,131323,663978
spill,131072,2,262646,692454
spill,131072,2,262646,1249074
spill,131072,1,131323,1187620
spill,131072,1,131323,807235
spill,131072,1,131323,1253213
spill,131072,1,131323,946764
spill,131072,2,262646,800376
spill,131072,2,262646,963955
spill,131072,3,393969,746784
spill,131072,1,131323,868121
spill,131072,2,262646,3400176
spill,131072,1,131323,7217003
spill,131072,1,131323,4943900
spill,131072,1,131323,2636324
spill,131072,1,131323,2741896
spill,131072,3,393969,1334175
spill,131072,1,131323,1161929
spill,131072,1,131323,883199
spill,131072,2,262646,1205464
spill,131072,2,262646,1936361
spill,131072,1,131323,684487
spill,131072,2,262646,742341
spill,131072,1,131323,433929
spill,131072,1,131323,497874
spill,131072,5,656615,1009901
spill,131072,1,131323,480577
spill,131072,1,131323,1002765
spill,131072,1,131323,945151
spill,131072,2,262646,670386
spill,131072,2,262646,755055
spill,131072,2,262646,602633
spill,131072,3,393969,735065
spill,131072,3,393969,719507
spill,131072,1,131323,501419
spill,131072,1,131323,469488
spill,131072,1,131323,448908
spill,131072,4,525292,1088350
spill,131072,1,131323,495728
spill,131072,4,525292,954471
spill,131072,1,131323,426286
spill,131072,3,393969,722490
spill,131072,7,919261,1235091
spill,131072,1,131323,444632
spill,131072,3,393969,558380
spill,131072,6,787938,1134216
spill,131072,1,131323,459165
spill,131072,3,393969,564240
spill,131072,3,393969,857326
spill,131072,2,262646,624883
spill,131072,5,656615,858178
spill,131072,2,262646,773924
spill,131072,5,656615,1458747
spill,131072,4,525292,1038337
spill,131072,3,393969,894777
spill,131072,2,262646,983256
spill,131072,2,262646,636708
spill,131072,1,131323,1420590
spill,131072,5,656615,1705975
spill,131072,1,131323,823915
spill,131072,3,393969,5057479
spill,131072,1,131323,4261034
spill,131072,2,262646,1551878
spill,131072,1,131323,1752477
spill,131072,1,131323,1414730
spill,131072,1,131323,2021017
spill,131072,1,131323,1618901
spill,131072,2,262646,1097117
spill,131072,1,131323,590402
spill,131072,1,131323,950978
spill,131072,3,393969,953708
spill,131072,1,131323,894337
spill,131072,2,262646,1296968
spill,131072,2,262646,1427623
spill,131072,2,262646,562734
spill,131072,2,262646,710735
spill,131072,1,131323,928998
spill,131072,2,262646,1101568
spill,131072,1,131323,674219
spill,131072,1,131323,905392
spill,131072,1,131323,481899
spill,131072,1,131323,597684
spill,131072,1,131323,1062086
spill,131072,1,131323,451457
spill,131072,2,262646,1000137
spill,131072,1,131323,724016
spill,131072,2,262646,606267
spill,131072,1,131323,748220
spill,131072,1,131323,561426
spill,131072,2,262646,903278
spill,131072,2,262646,868606
spill,131072,1,131323,812963
spill,131072,1,131323,885476
spill,131072,2,262646,895806
spill,131072,1,131323,610504
spill,131072,5,656615,1074301
spill,131072,1,131323,816699
spill,131072,1,131323,795620
spill,131072,1,131323,560957
spill,131072,1,131323,750296
spill,131072,1,131323,651366
spill,131072,3,393969,993555
spill,131072,1,131323,394210
spill,131072,4,525292,973293
spill,131072,1,131323,801957
spill,131072,1,131323,609726
spill,131072,2,262646,907650
spill,131072,4,525292,1066438
spill,131072,1,131323,965730
spill,131072,2,262646,678100
spill,131072,1,131323,551821
spill,131072,3,393969,746010
spill,131072,3,393969,1132628
spill,131072,1,131323,730538
spill,131072,1,131323,550578
spill,131072,1,131323,660807
spill,131072,4,525292,1183851
spill,131072,2,262646,1028478
spill,131072,2,262646,771085
spill,131072,2,262646,805671
spill,131072,2,262646,891269
spill,131072,1,131323,839079
spill,131072,2,262646,887541
spill,131072,1,131323,909977
spill,131072,2,262646,687671
spill,131072,1,131323,694663
spill,131072,1,131323,382484
spill,131072,1,131323,636231
spill,131072,1,131323,712817
spill,131072,6,787938,1110264
spill,131072,1,131323,548403
spill,131072,2,262646,804352
spill,131072,2,262646,743714
spill,131072,2,262646,622426
spill,131072,2,262646,668055
spill,131072,1,131323,724691
spill,131072,1,131323,467166
spill,131072,1,131323,834237
spill,131072,1,131323,355155
spill,131072,3,393969,818989
spill,131072,1,131323,1065587
spill,131072,2,262646,644152
spill,131072,2,262646,1199629
spill,131072,1,131323,824478
spill,131072,1,131323,829448
spill,131072,2,262646,702029
spill,131072,3,393969,923253
spill,131072,1,131323,687169
spill,131072,2,262646,1090295
spill,131072,1,131323,1072156
spill,131072,4,525292,1253471
spill,131072,1,131323,895720
spill,131072,3,393969,914526
spill,131072,2,262646,741965
spill,131072,4,525292,959080
spill,131072,1,131323,844707
spill,131072,4,525292,987576
spill,131072,2,262646,610134
spill,131072,1,131323,1026387
spill,131072,1,131323,912962
spill,131072,1,131323,620474
spill,131072,1,131323,886541
spill,131072,3,393969,830188
spill,131072,1,131323,711328
spill,131072,1,131323,586880
spill,131072,2,262646,675076
spill,131072,2,262646,479384
spill,131072,3,393969,740407
spill,131072,1,131323,496453
spill,131072,1,131323,842203
spill,131072,2,262646,825489
spill,131072,1,131323,702154
spill,131072,2,262646,692817
spill,131072,1,131323,392218
spill,131072,1,131323,448839
spill,131072,3,393969,1012773
spill,131072,2,262646,670440
spill,131072,2,262646,762047
spill,131072,1,131323,408560
spill,131072,2,262646,611223
spill,131072,3,393969,926558
spill,131072,1,131323,520621
spill,131072,1,131323,728477
spill,131072,1,131323,540709
spill,131072,1,131323,372897
spill,131072,2,262646,764700
spill,131072,1,131323,441512
spill,131072,1,131323,480786
spill,131072,2,262646,570254
spill,131072,1,131323,599209
spill,131072,8,1050584,1384685
spill,131072,1,131323,495970
spill,131072,3,393969,1089784
spill,131072,2,262646,1038857
spill,131072,2,262646,854954
spill,131072,1,131323,1079232
spill,131072,1,131323,793009
spill,131072,5,656615,1288506
spill,131072,2,262646,880596
spill,131072,1,131323,677473
spill,131072,2,262646,878302
spill,131072,3,393969,875888
spill,131072,1,131323,651005
spill,131072,2,262646,1066725
spill,131072,1,131323,564256
spill,131072,1,131323,834345
spill,131072,3,393969,838066
spill,131072,1,131323,524873
spill,131072,2,262646,671614
spill,131072,4,525292,885455
spill,131072,1,131323,484041
spill,131072,1,131323,525329
spill,131072,2,262646,900830
spill,131072,2,262646,657145
spill,131072,2,262646,831713
spill,131072,2,262646,647175
spill,131072,1,131323,456503
spill,131072,1,131323,415536
spill,131072,1,131323,424647
spill,131072,3,393969,736009
spill,131072,3,393969,675842
spill,131072,2,262646,518848
spill,131072,2,262646,597274
spill,131072,1,131323,526536
spill,131072,1,131323,436178
spill,131072,3,393969,772485
spill,131072,1,131323,573843
spill,131072,2,262646,753712
spill,131072,1,131323,539587
spill,131072,3,393969,937331
spill,131072,1,131323,517050
spill,131072,4,525292,887262
spill,131072,2,262646,677320
spill,131072,1,131323,391741
spill,131072,1,131323,482264
spill,131072,1,131323,558998
spill,131072,1,131323,535655
spill,131072,1,131323,614576
spill,131072,1,131323,778295
spill,131072,1,131323,543024
spill,131072,1,131323,486884
spill,131072,2,262646,543527
spill,131072,2,262646,641866
spill,131072,2,262646,717690
spill,131072,1,131323,483586
spill,131072,1,131323,403256
spill,131072,1,131323,477791
spill,131072,1,131323,566888
spill,131072,1,131323,486180
spill,131072,1,131323,363774
spill,131072,1,131323,466514
spill,131072,1,131323,537415
spill,131072,1,131323,549695
spill,131072,1,131323,487903
spill,131072,2,262646,522240
spill,131072,1,131323,693753
spill,131072,1,131323,554891
spill,131072,3,393969,663182
spill,131072,1,131323,505128
spill,131072,1,131323,596634
spill,131072,1,131323,660242
spill,131072,1,131323,775672
spill,131072,1,131323,504795
spill,131072,1,131323,600972
spill,131072,1,131323,599715
spill,131072,3,393969,669523
spill,131072,1,131323,685110
spill,131072,1,131323,761115
spill,131072,1,131323,595550
spill,131072,1,131323,443370
spill,131072,2,262646,796601
spill,131072,1,131323,452571
spill,131072,1,131323,618000
spill,131072,1,131323,443065
spill,131072,1,131323,397260
spill,131072,2,262646,576206
spill,131072,1,131323,538260
spill,131072,1,131323,468499
spill,131072,1,131323,641416
spill,131072,1,131323,581436
spill,131072,1,131323,544051
spill,131072,1,131323,519750
spill,131072,1,131323,442325
spill,131072,2,262646,593445
spill,131072,1,131323,444125
spill,131072,1,131323,531839
spill,131072,1,131323,931010
spill,131072,1,131323,438468
spill,131072,2,262646,857289
spill,131072,2,262646,640032
spill,131072,1,131323,767222
spill,131072,4,525292,1067295
spill,131072,1,131323,534237
spill,131072,1,131323,531085
spill,131072,1,131323,623726
spill,131072,1,131323,439617
spill,131072,1,131323,614232
spill,131072,1,131323,475438
spill,131072,1,131323,586534
spill,131072,1,131323,656212
spill,131072,1,131323,568292
spill,131072,1,131323,454133
spill,131072,1,131323,455225
spill,131072,1,131323,698698
spill,131072,1,131323,789727
spill,131072,1,131323,752296
spill,131072,1,131323,534147
spill,131072,2,262646,712600
spill,131072,1,131323,494283
spill,131072,1,131323,701169
spill,131072,2,262646,585556
spill,131072,1,131323,584548
spill,131072,1,131323,475730
spill,131072,1,131323,611076
spill,131072,1,131323,446226
spill,131072,2,262646,570688
spill,131072,1,131323,477745
spill,131072,1,131323,397252
spill,131072,1,131323,491812
spill,131072,1,131323,578191
spill,131072,1,131323,1090846
spill,131072,3,393969,746394
spill,131072,1,131323,602625
spill,131072,1,131323,486924
spill,131072,1,131323,714393
spill,131072,2,262646,565209
spill,131072,2,262646,518338
spill,131072,1,131323,496135
spill,131072,2,262646,638242
spill,131072,1,131323,570122
spill,131072,1,131323,707330
spill,131072,5,656615,957891
spill,131072,1,131323,601910
spill,131072,3,393969,792444
spill,131072,1,131323,450038
spill,131072,3,393969,688104
spill,131072,2,262646,473722
spill,131072,2,262646,631544
spill,131072,2,262646,624991
spill,131072,1,131323,350511
spill,131072,2,262646,595968
spill,131072,2,262646,677707
spill,131072,2,262646,713352
spill,131072,1,131323,508720
spill,131072,1,131323,476494
spill,131072,5,656615,1186292
spill,131072,3,393969,722774
spill,131072,2,262646,827351
spill,131072,2,262646,607763
spill,131072,2,262646,975599
spill,131072,2,262646,668937
spill,131072,1,131323,607211
spill,131072,3,393969,780263
spill,131072,3,393969,697290
spill,131072,1,131323,585726
spill,131072,3,393969,686926
spill,131072,2,262646,591308
spill,131072,1,131323,401760
spill,131072,1,131323,613478
spill,131072,4,525292,855144
spill,131072,1,131323,659772
spill,131072,1,131323,480005
spill,131072,2,262646,600097
spill,131072,3,393969,765304
spill,131072,2,262646,645184
spill,131072,2,262646,501469
spill,131072,1,131323,533827
spill,131072,1,131323,701176
spill,131072,2,262646,682306
spill,131072,1,131323,535141
spill,131072,1,131323,830798
spill,131072,2,262646,573916
spill,131072,2,262646,600999
spill,131072,1,131323,435069
spill,131072,2,262646,550481
spill,131072,1,131323,541690
spill,131072,2,262646,468260
spill,131072,1,131323,785561
spill,131072,1,131323,402910
spill,131072,3,393969,670272
spill,131072,2,262646,528885
spill,131072,1,131323,384897
spill,131072,1,131323,756923
spill,131072,1,131323,403626
spill,131072,1,131323,452143
spill,131072,1,131323,406209
spill,131072,1,131323,433015
spill,131072,2,262646,718387
spill,131072,6,787938,882470
spill,131072,2,262646,670595
spill,131072,1,131323,681271
spill,131072,2,262646,529615
spill,131072,1,131323,363681
spill,131072,1,131323,417165
spill,131072,1,131323,641742
spill,131072,1,131323,790959
spill,131072,2,262646,644049
spill,131072,4,525292,761019
spill,131072,1,131323,425266
spill,131072,1,131323,550428
spill,131072,1,131323,365959
spill,131072,1,131323,337737
spill,131072,3,393969,776737
spill,131072,1,131323,445637
spill,131072,2,262646,506085
spill,131072,3,393969,585808
spill,131072,1,131323,546011
spill,131072,1,131323,512121
spill,131072,2,262646,551141
spill,131072,2,262646,534388
spill,131072,1,131323,434833
spill,131072,3,393969,666556
spill,131072,2,262646,836710
spill,131072,1,131323,436333
spill,131072,1,131323,427712
spill,131072,1,131323,415588
spill,131072,2,262646,590267
spill,131072,1,131323,473167
spill,131072,2,262646,494075
spill,131072,1,131323,763781
spill,131072,1,131323,367701
spill,131072,2,262646,694052
spill,131072,3,393969,680337
spill,131072,1,131323,850735
spill,131072,2,262646,869371
spill,131072,2,262646,794391
spill,131072,1,131323,1227812
spill,131072,1,131323,585162
spill,131072,3,393969,931027
spill,131072,1,131323,725749
spill,131072,2,262646,464671
spill,131072,1,131323,375346
spill,131072,1,131323,860519
spill,131072,1,131323,613254
spill,131072,2,262646,568425
spill,131072,1,131323,435620
spill,131072,1,131323,433042
spill,131072,1,131323,674681
spill,131072,1,131323,965849
spill,131072,1,131323,515815
spill,131072,1,131323,821559
spill,131072,1,131323,589790
spill,131072,1,131323,568267
spill,131072,1,131323,514437
spill,131072,1,131323,399577
spill,131072,1,131323,512579
spill,131072,1,131323,408661
spill,131072,1,131323,621474
spill,131072,1,131323,759647
spill,131072,1,131323,450858
spill,131072,1,131323,627775
spill,131072,1,131323,732885
spill,131072,1,131323,453659
spill,131072,1,131323,456505
spill,131072,1,131323,456327
spill,131072,1,131323,480362
spill,131072,1834,240846382,209397258
spill,131072,1,131323,15194066
spill,131072,4,525292,15220435
spill,131072,2,262646,15005288
spill,131072,2000,262646000,227723473
spill,131072,2,262646,17309911
spill,131072,1,131323,17860075
spill,131072,1,131323,17772407
spill,131072,2,262646,18168023
spill,131072,1,131323,9895917
spill,131072,1,131323,9513429
spill,131072,1,131323,9755072
spill,131072,5,656615,7867169
spill,131072,4,525292,3205650
spill,131072,1,131323,3148935
spill,131072,1,131323,3392450
spill,131072,4,525292,3744842
spill,131072,1,131323,2872373
spill,131072,1,131323,3129081
spill,131072,2,262646,3189890
spill,131072,2,262646,3110314
spill,131072,3,393969,2985411
spill,131072,1,131323,3023762
spill,131072,3,393969,3313803
spill,131072,2,262646,2861374
spill,131072,1,131323,2058439
spill,131072,1,131323,1554137
spill,131072,2,262646,1654358
spill,131072,2,262646,1485747
spill,131072,1,131323,1116864
spill,131072,2,262646,695202
spill,131072,3,393969,907764
spill,131072,1,131323,579193
spill,131072,1,131323,479016
spill,131072,1,131323,527656
spill,131072,1,131323,686868
spill,131072,1,131323,407147
spill,131072,3,393969,713264
spill,131072,4,525292,839410
spill,131072,1,131323,469445
spill,131072,2,262646,616089
spill,131072,2,262646,884156
spill,131072,1,131323,467653
spill,131072,2,262646,814838
spill,131072,2,262646,629033
spill,131072,5,656615,859858
spill,131072,1,131323,5231290
spill,131072,3,393969,6847087
spill,131072,2,262646,3015993
spill,131072,1,131323,1866595
spill,131072,2,262646,1395959
spill,131072,2,262646,1562741
spill,131072,3,393969,1709339
spill,131072,2,262646,1558147
spill,131072,1,131323,1205749
spill,131072,3,393969,865915
spill,131072,4,525292,918948
spill,131072,2,262646,945755
spill,131072,2,262646,933061
spill,131072,9,1181907,1871620
spill,131072,1,131323,627764
spill,131072,2,262646,694983
spill,131072,3,393969,837858
spill,131072,4,525292,763832
spill,131072,4,525292,795228
spill,131072,3,393969,894800
spill,131072,1,131323,857466
spill,131072,1,131323,865497
spill,131072,2,262646,987245
spill,131072,1,131323,788738
spill,131072,5,656615,937285
spill,131072,1,131323,808262
spill,131072,4,525292,680051
spill,131072,1,131323,888127
spill,131072,2,262646,598463
spill,131072,4,525292,817380
spill,131072,1,131323,4807850
spill,131072,2,262646,9274928
spill,131072,1,131323,5056870
spill,131072,3,393969,2361035
spill,131072,4,525292,2701194
spill,131072,1,131323,928273
spill,131072,2,262646,1472211
spill,131072,1,131323,523139
spill,131072,1,131323,1168287
spill,131072,2,262646,1138448
spill,131072,2,262646,552897
spill,131072,2,262646,687368
spill,131072,2,262646,601771
spill,131072,1,131323,1425513
spill,131072,1,131323,1557628
spill,131072,2,262646,762974
spill,131072,2,262646,739849
spill,131072,3,393969,755291
spill,131072,3,393969,677944
spill,131072,1,131323,461937
spill,131072,2,262646,623947
spill,131072,1,131323,448954
spill,131072,4,525292,861127
spill,131072,1,131323,545380
spill,131072,1,131323,547056
spill,131072,2,262646,538031
spill,131072,1,131323,655560
spill,131072,5,656615,1004241
spill,131072,1,131323,716698
spill,131072,1,131323,644693
spill,131072,1,131323,446517
spill,131072,2,262646,571934
spill,131072,1,131323,472494
spill,131072,4,525292,1207745
spill,131072,12,1575876,2054512
spill,131072,1,131323,708438
spill,131072,5,656615,1097856
spill,131072,1,131323,747214
spill,131072,1,131323,631569
spill,131072,2,262646,785102
spill,131072,3,393969,650735
spill,131072,4,525292,949504
spill,131072,1,131323,987570
spill,131072,2,262646,1091850
spill,131072,1,131323,951706
spill,131072,4,525292,1757070
spill,131072,1,131323,550426
spill,131072,6,787938,1164044
spill,131072,2,262646,596463
spill,131072,1,131323,609249
spill,131072,2,262646,593691
spill,131072,3,393969,660597
spill,131072,2,262646,513237
spill,131072,1,131323,443745
spill,131072,1,131323,456568
spill,131072,2,262646,683728
spill,131072,2,262646,1045251
spill,131072,1,131323,565597
spill,131072,1,131323,568877
spill,131072,1,131323,431095
spill,131072,1,131323,560359
spill,131072,1,131323,457882
spill,131072,1,131323,565925
spill,131072,1,131323,486505
spill,131072,1,131323,487203
spill,131072,1,131323,605608
spill,131072,1,131323,497979
spill,131072,2,262646,606149
spill,131072,1,131323,362578
spill,131072,4,525292,800364
spill,131072,1,131323,494295
spill,131072,1,131323,456215
spill,131072,1,131323,494197
spill,131072,1,131323,363655
spill,131072,1,131323,426993
spill,131072,1,131323,394437
spill,131072,1,131323,388400
spill,131072,1,131323,404982
spill,131072,2,262646,486723
spill,131072,2,262646,519735
spill,131072,2,262646,531254
spill,131072,2,262646,584832
spill,131072,1,131323,435395
spill,131072,2,262646,525634
spill,131072,2,262646,941676
spill,131072,1,131323,524873
spill,131072,2,262646,662696
spill,131072,1,131323,531027
spill,131072,1,131323,649267
spill,131072,4,525292,1286951
spill,131072,1,131323,651297
spill,131072,1,131323,692806
spill,131072,1,131323,720487
spill,131072,2,262646,806926
spill,131072,2,262646,837024
spill,131072,1,131323,760281
spill,131072,2,262646,706771
spill,131072,1,131323,1002646
spill,131072,1,131323,1369709
spill,131072,1,131323,675213
spill,131072,2,262646,871337
spill,131072,2,262646,1115054
spill,131072,1,131323,1423776
spill,131072,2,262646,1455063
spill,131072,1,131323,1062120
spill,131072,1,131323,1052890
spill,131072,1,131323,1144747
spill,131072,1,131323,551782
spill,131072,2,262646,869973
spill,131072,2,262646,1288304
spill,131072,2,262646,1071683
spill,131072,1,131323,910965
spill,131072,2,262646,925286
spill,131072,1,131323,518422
spill,131072,1,131323,825040
spill,131072,1,131323,581591
spill,131072,1,131323,412190
spill,131072,1,131323,683207
spill,131072,1,131323,746634
spill,131072,1,131323,664838
spill,131072,1,131323,813138
spill,131072,2,262646,560133
spill,131072,1,131323,464730
spill,131072,1,131323,584634
spill,131072,2,262646,533496
spill,131072,2,262646,514485
spill,131072,1,131323,600941
spill,131072,2,262646,848394
spill,131072,1,131323,546985
spill,131072,1,131323,578061
spill,131072,1,131323,700653
spill,131072,2,262646,835544
spill,131072,2,262646,1382626
spill,131072,1,131323,1370092
spill,131072,2,262646,1056924
spill,131072,2,262646,1175030
spill,131072,1,131323,555507
spill,131072,2,262646,622482
spill,131072,2,262646,846203
spill,131072,2,262646,782385
spill,131072,1,131323,667459
spill,131072,1,131323,818278
spill,131072,1,131323,1017547
spill,131072,1,131323,984756
spill,131072,1,131323,703924
spill,131072,2,262646,1190483
spill,131072,2,262646,790446
spill,131072,2,262646,868390
spill,131072,4,525292,1375858
spill,131072,1,131323,717446
spill,131072,2,262646,1167846
spill,131072,1,131323,788742
spill,131072,2,262646,720286
spill,131072,1,131323,536525
spill,131072,2,262646,832808
spill,131072,1,131323,584121
spill,131072,1,131323,405876
spill,131072,2,262646,1026652
spill,131072,1,131323,777178
spill,131072,3,393969,1366605
spill,131072,5,656615,1407457
spill,131072,2,262646,734165
spill,131072,1834,240846382,177846003
spill,131072,2000,262646000,200889916
spill,262144,1,262395,1225758
spill,262144,3,787185,1738690
spill,262144,3,787185,1324978
spill,262144,2,524790,1391141
spill,262144,1,262395,1011822
spill,262144,2,524790,946058
spill,262144,8,2099160,1996088
spill,262144,1,262395,2744628
spill,262144,3,787185,2612030
spill,262144,1,262395,729922
spill,262144,2,524790,1196556
spill,262144,1,262395,635226
spill,262144,1,262395,691480
spill,262144,2,524790,1540005
spill,262144,1,262395,644680
spill,262144,1,262395,855935
spill,262144,1,262395,1028916
spill,262144,2,524790,1057808
spill,262144,1,262395,1096851
spill,262144,1,262395,715371
spill,262144,1,262395,946028
spill,262144,1,262395,569819
spill,262144,1,262395,571560
spill,262144,1,262395,573372
spill,262144,1,262395,506103
spill,262144,1,262395,545412
spill,262144,2,524790,695955
spill,262144,1,262395,575478
spill,262144,2,524790,811031
spill,262144,1,262395,588877
spill,262144,1,262395,418013
spill,262144,1,262395,577635
spill,262144,2,524790,894530
spill,262144,2,524790,960769
spill,262144,1,262395,634473
spill,262144,1,262395,638783
spill,262144,1,262395,523252
spill,262144,2,524790,761207
spill,262144,1,262395,566783
spill,262144,1,262395,554119
spill,262144,1,262395,522211
spill,262144,3,787185,982643
spill,262144,1,262395,652912
spill,262144,2,524790,935695
spill,262144,1,262395,521735
spill,262144,1,262395,549825
spill,262144,2,524790,737408
spill,262144,2,524790,836323
spill,262144,1,262395,692733
spill,262144,2,524790,1069288
spill,262144,1,262395,698489
spill,262144,1,262395,730485
spill,262144,2,524790,850391
spill,262144,2,524790,955819
spill,262144,1,262395,685633
spill,262144,1,262395,801430
spill,262144,2,524790,696438
spill,262144,3,787185,929437
spill,262144,4,1049580,1194946
spill,262144,1,262395,482590
spill,262144,1,262395,483123
spill,262144,1,262395,504619
spill,262144,2,524790,668209
spill,262144,2,524790,972875
spill,262144,1,262395,734280
spill,262144,4,1049580,1375115
spill,262144,1,262395,530426
spill,262144,3,787185,978143
spill,262144,3,787185,1071531
spill,262144,2,524790,792060
spill,262144,2,524790,725076
spill,262144,1,262395,529165
spill,262144,2,524790,773657
spill,262144,2,524790,717786
spill,262144,1,262395,712060
spill,262144,1,262395,712300
spill,262144,1,262395,672856
spill,262144,2,524790,652683
spill,262144,1,262395,609345
spill,262144,1,262395,579656
spill,262144,1,262395,631702
spill,262144,1,262395,717477
spill,262144,1,262395,572511
spill,262144,1,262395,1020282
spill,262144,2,524790,657889
spill,262144,2,524790,1169593
spill,262144,2,524790,760973
spill,262144,1,262395,820259
spill,262144,2,524790,1051188
spill,262144,2,524790,1004645
spill,262144,2,524790,660457
spill,262144,1,262395,558813
spill,262144,1,262395,543563
spill,262144,1,262395,444048
spill,262144,1,262395,576097
spill,262144,2,524790,859715
spill,262144,2,524790,826745
spill,262144,1,262395,674348
spill,262144,2,524790,749092
spill,262144,1,262395,561527
spill,262144,2,524790,819846
spill,262144,1,262395,560844
spill,262144,1,262395,778085
spill,262144,1,262395,813504
spill,262144,1,262395,585041
spill,262144,1,262395,519026
spill,262144,1,262395,714564
spill,262144,1,262395,557438
spill,262144,1,262395,713554
spill,262144,2,524790,741390
spill,262144,2,524790,994765
spill,262144,1,262395,589840
spill,262144,1,262395,698941
spill,262144,1,262395,662204
spill,262144,2,524790,860867
spill,262144,1,262395,874271
spill,262144,1,262395,1075421
spill,262144,2,524790,863095
spill,262144,2,524790,995562
spill,262144,1,262395,677410
spill,262144,1,262395,760357
spill,262144,1,262395,768894
spill,262144,1,262395,753304
spill,262144,1,262395,799452
spill,262144,1,262395,552455
spill,262144,2,524790,766487
spill,262144,2,524790,1132984
spill,262144,2,524790,896357
spill,262144,2,524790,1164034
spill,262144,1,262395,605260
spill,262144,1,262395,593084
spill,262144,1,262395,735150
spill,262144,1,262395,558740
spill,262144,1,262395,1258480
spill,262144,1,262395,664023
spill,262144,1,262395,673384
spill,262144,1,262395,548451
spill,262144,1,262395,655591
spill,262144,1,262395,959472
spill,262144,1,262395,818907
spill,262144,2,524790,715821
spill,262144,1,262395,963922
spill,262144,1,262395,1460385
spill,262144,1,262395,1271918
spill,262144,2,524790,1196162
spill,262144,1,262395,739450
spill,262144,1,262395,661264
spill,262144,2,524790,929795
spill,262144,2,524790,891773
spill,262144,1,262395,744372
spill,262144,1,262395,590750
spill,262144,2,524790,1053902
spill,262144,1,262395,921146
spill,262144,1,262395,535746
spill,262144,1,262395,736499
spill,262144,1,262395,739689
spill,262144,1,262395,712910
spill,262144,1,262395,781787
spill,262144,1,262395,548889
spill,262144,2,524790,921609
spill,262144,1,262395,736670
spill,262144,1,262395,976034
spill,262144,2,524790,895621
spill,262144,2,524790,839194
spill,262144,1,262395,886606
spill,262144,2,524790,991703
spill,262144,1,262395,519187
spill,262144,1,262395,505759
spill,262144,1,262395,709890
spill,262144,1,262395,601408
spill,262144,1,262395,736751
spill,262144,1,262395,734392
spill,262144,1,262395,576460
spill,262144,1,262395,746066
spill,262144,1,262395,717532
spill,262144,1,262395,1019472
spill,262144,2,524790,895939
spill,262144,2,524790,961284
spill,262144,4,1049580,1122122
spill,262144,1,262395,670273
spill,262144,1,262395,549664
spill,262144,1,262395,532554
spill,262144,3,787185,1034411
spill,262144,2,524790,934090
spill,262144,1,262395,659542
spill,262144,2,524790,817570
spill,262144,2,524790,962354
spill,262144,1,262395,703836
spill,262144,2,524790,1089195
spill,262144,1,262395,716661
spill,262144,2,524790,797723
spill,262144,2,524790,865997
spill,262144,1,262395,708839
spill,262144,1,262395,573508
spill,262144,1,262395,552612
spill,262144,1,262395,721175
spill,262144,1,262395,543064
spill,262144,1,262395,647246
spill,262144,1,262395,653584
spill,262144,2,524790,719841
spill,262144,1,262395,600911
spill,262144,1,262395,687039
spill,262144,1,262395,954664
spill,262144,1,262395,999183
spill,262144,2,524790,1051210
spill,262144,1,262395,685031
spill,262144,2,524790,840775
spill,262144,1,262395,627694
spill,262144,1,262395,526667
spill,262144,2,524790,1586531
spill,262144,2,524790,1636123
spill,262144,3,787185,1854222
spill,262144,1,262395,660659
spill,262144,1,262395,904392
spill,262144,1,262395,1051852
spill,262144,1,262395,552073
spill,262144,1,262395,766080
spill,262144,2,524790,1546781
spill,262144,1,262395,488263
spill,262144,1,262395,710848
spill,262144,1,262395,657369
spill,262144,2,524790,950307
spill,262144,1,262395,533497
spill,262144,2,524790,971445
spill,262144,1,262395,443073
spill,262144,2,524790,1068566
spill,262144,1,262395,801053
spill,262144,1,262395,612984
spill,262144,1,262395,667545
spill,262144,1,262395,678251
spill,262144,3,787185,1079572
spill,262144,1,262395,1016625
spill,262144,1,262395,693289
spill,262144,1,262395,755121
spill,262144,2,524790,843240
spill,262144,2,524790,883872
spill,262144,1,262395,580435
spill,262144,1,262395,677794
spill,262144,1,262395,529261
spill,262144,2,524790,904894
spill,262144,2,524790,661339
spill,262144,2,524790,759343
spill,262144,1,262395,756936
spill,262144,2,524790,742370
spill,262144,1,262395,676977
spill,262144,2,524790,1254150
spill,262144,3,787185,1166582
spill,262144,2,524790,1020693
spill,262144,2,524790,946961
spill,262144,1,262395,802267
spill,262144,1,262395,751106
spill,262144,1,262395,588072
spill,262144,1,262395,555822
spill,262144,1,262395,702698
spill,262144,1,262395,541701
spill,262144,2,524790,800069
spill,262144,1,262395,555127
spill,262144,1,262395,644475
spill,262144,3,787185,1502031
spill,262144,1,262395,721662
spill,262144,2,524790,963265
spill,262144,2,524790,729408
spill,262144,3,787185,1151757
spill,262144,3,787185,976723
spill,262144,1,262395,490592
spill,262144,1,262395,663893
spill,262144,2,524790,746597
spill,262144,1,262395,717923
spill,262144,2,524790,740254
spill,262144,4,1049580,1211589
spill,262144,1,262395,568087
spill,262144,1,262395,713251
spill,262144,2,524790,1040160
spill,262144,1,262395,828177
spill,262144,3,787185,1067372
spill,262144,1,262395,884257
spill,262144,1,262395,536670
spill,262144,1,262395,687146
spill,262144,3,787185,956294
spill,262144,1,262395,551050
spill,262144,1,262395,789012
spill,262144,2,524790,1031192
spill,262144,1,262395,464209
spill,262144,1,262395,573742
spill,262144,2,524790,780475
spill,262144,1,262395,641778
spill,262144,1,262395,592274
spill,262144,3,787185,955092
spill,262144,1,262395,564654
spill,262144,1,262395,605051
spill,262144,1,262395,639176
spill,262144,3,787185,1629654
spill,262144,1,262395,861094
spill,262144,2,524790,1089081
spill,262144,1,262395,553074
spill,262144,1,262395,526886
spill,262144,1,262395,537539
spill,262144,1,262395,495327
spill,262144,1,262395,458414
spill,262144,1,262395,534535
spill,262144,1,262395,533264
spill,262144,1,262395,475967
spill,262144,1,262395,477265
spill,262144,1,262395,458028
spill,262144,1,262395,442438
spill,262144,1,262395,446206
spill,262144,1,262395,596222
spill,262144,1,262395,593820
spill,262144,4,1049580,1365312
spill,262144,1,262395,572282
spill,262144,1,262395,665143
spill,262144,6,1574370,1461665
spill,262144,4,1049580,1340155
spill,262144,1,262395,724238
spill,262144,2,524790,901269
spill,262144,1,262395,571418
spill,262144,2,524790,697443
spill,262144,3,787185,976866
spill,262144,1,262395,548565
spill,262144,3,787185,978272
spill,262144,1,262395,544891
spill,262144,1,262395,580272
spill,262144,2,524790,815372
spill,262144,1,262395,798629
spill,262144,1,262395,633990
spill,262144,2,524790,822054
spill,262144,2,524790,688120
spill,262144,2,524790,785951
spill,262144,2,524790,1013454
spill,262144,1,262395,581364
spill,262144,2,524790,944986
spill,262144,1,262395,637932
spill,262144,2,524790,746993
spill,262144,1,262395,548607
spill,262144,2,524790,756080
spill,262144,1,262395,532964
spill,262144,1,262395,526858
spill,262144,1,262395,851267
spill,262144,1,262395,596878
spill,262144,1,262395,481654
spill,262144,1,262395,514874
spill,262144,1,262395,450160
spill,262144,2,524790,727000
spill,262144,1,262395,569961
spill,262144,2,524790,773809
spill,262144,2,524790,702799
spill,262144,1,262395,632627
spill,262144,1,262395,473032
spill,262144,2,524790,697658
spill,262144,1,262395,513010
spill,262144,1,262395,657986
spill,262144,2,524790,693796
spill,262144,1,262395,571998
spill,262144,1,262395,486849
spill,262144,2,524790,726952
spill,262144,1,262395,537045
spill,262144,1,262395,529581
spill,262144,1,262395,587793
spill,262144,1,262395,487715
spill,262144,2,524790,668505
spill,262144,1,262395,544398
spill,262144,2,524790,715058
spill,262144,1,262395,585527
spill,262144,2,524790,757903
spill,262144,1,262395,731667
spill,262144,2,524790,923076
spill,262144,1,262395,704859
spill,262144,2,524790,813542
spill,262144,1,262395,595607
spill,262144,2,524790,634763
spill,262144,1,262395,592441
spill,262144,1,262395,623951
spill,262144,1,262395,843796
spill,262144,1,262395,724554
spill,262144,1,262395,738473
spill,262144,2,524790,795382
spill,262144,1,262395,675367
spill,262144,2,524790,945563
spill,262144,2,524790,1034476
spill,262144,5,1311975,1213195
spill,262144,2,524790,706026
spill,262144,1,262395,721799
spill,262144,1,262395,783223
spill,262144,2,524790,693427
spill,262144,1,262395,515855
spill,262144,2,524790,616397
spill,262144,1,262395,649475
spill,262144,2,524790,836095
spill,262144,1,262395,527156
spill,262144,1,262395,646987
spill,262144,1,262395,641385
spill,262144,3,787185,943846
spill,262144,1,262395,610531
spill,262144,1,262395,745182
spill,262144,2,524790,1102203
spill,262144,2,524790,832747
spill,262144,2,524790,1202511
spill,262144,2,524790,945294
spill,262144,2,524790,718444
spill,262144,1,262395,1001208
spill,262144,1,262395,793530
spill,262144,1,262395,673911
spill,262144,1,262395,548010
spill,262144,1,262395,626192
spill,262144,2,524790,745826
spill,262144,1,262395,815930
spill,262144,1,262395,899477
spill,262144,1,262395,721576
spill,262144,2,524790,780731
spill,262144,5,1311975,1427819
spill,262144,1,262395,908764
spill,262144,1,262395,740735
spill,262144,1,262395,789442
spill,262144,2,524790,779751
spill,262144,1,262395,595341
spill,262144,1,262395,494160
spill,262144,1,262395,471105
spill,262144,2,524790,826714
spill,262144,2,524790,794920
spill,262144,1,262395,572751
spill,262144,3,787185,1367162
spill,262144,1,262395,771547
spill,262144,1,262395,943354
spill,262144,1,262395,959398
spill,262144,1,262395,1053465
spill,262144,1,262395,1307185
spill,262144,1,262395,1846450
spill,262144,2,524790,1388466
spill,262144,1,262395,1450520
spill,262144,1,262395,616359
spill,262144,1,262395,1189711
spill,262144,3,787185,1470939
spill,262144,1,262395,1259450
spill,262144,1,262395,749145
spill,262144,2,524790,805024
spill,262144,2,524790,794998
spill,262144,2,524790,752480
spill,262144,1,262395,600155
spill,262144,1,262395,571063
spill,262144,2,524790,868155
spill,262144,1,262395,551184
spill,262144,1,262395,468248
spill,262144,2,524790,652129
spill,262144,2,524790,736183
spill,262144,1,262395,592476
spill,262144,2,524790,729767
spill,262144,1,262395,587575
spill,262144,1,262395,545008
spill,262144,1,262395,449366
spill,262144,2,524790,867909
spill,262144,2,524790,914785
spill,262144,1,262395,552962
spill,262144,2,524790,761659
spill,262144,1,262395,500782
spill,262144,1,262395,646481
spill,262144,1,262395,480476
spill,262144,1,262395,511571
spill,262144,2,524790,759654
spill,262144,2,524790,625581
spill,262144,1,262395,552541
spill,262144,1,262395,554623
spill,262144,1,262395,527207
spill,262144,1,262395,528403
spill,262144,2,524790,735067
spill,262144,2,524790,789806
spill,262144,1,262395,568001
spill,262144,3,787185,984095
spill,262144,1,262395,568818
spill,262144,1,262395,530849
spill,262144,1,262395,613934
spill,262144,1,262395,572819
spill,262144,2,524790,713848
spill,262144,1,262395,530594
spill,262144,3,787185,869580
spill,262144,1,262395,486724
spill,262144,2,524790,709336
spill,262144,2,524790,700532
spill,262144,1,262395,466499
spill,262144,3,787185,829928
spill,262144,1,262395,444693
spill,262144,2,524790,689666
spill,262144,1,262395,521683
spill,262144,1,262395,519220
spill,262144,2,524790,876338
spill,262144,1,262395,750076
spill,262144,1,262395,688872
spill,262144,1,262395,498209
spill,262144,2,524790,867166
spill,262144,2,524790,619430
spill,262144,1,262395,457121
spill,262144,1,262395,594950
spill,262144,1,262395,501954
spill,262144,2,524790,702539
spill,262144,1,262395,560746
spill,262144,1,262395,662765
spill,262144,2,524790,813254
spill,262144,1,262395,468202
spill,262144,1,262395,464537
spill,262144,2,524790,731700
spill,262144,1,262395,504250
spill,262144,2,524790,671721
spill,262144,1,262395,540083
spill,262144,2,524790,1079590
spill,262144,2,524790,903991
spill,262144,2,524790,651884
spill,262144,1,262395,571320
spill,262144,2,524790,976713
spill,262144,3,787185,903000
spill,262144,1,262395,560722
spill,262144,1,262395,571650
spill,262144,1,262395,726102
spill,262144,1,262395,559753
spill,262144,1,262395,478795
spill,262144,1,262395,543450
spill,262144,2,524790,896504
spill,262144,2,524790,685692
spill,262144,1,262395,467671
spill,262144,1,262395,702361
spill,262144,1,262395,569314
spill,262144,1,262395,520354
spill,262144,1,262395,611575
spill,262144,2,524790,708897
spill,262144,1,262395,516502
spill,262144,2,524790,725221
spill,262144,1,262395,676139
spill,262144,2,524790,863397
spill,262144,1,262395,450223
spill,262144,1,262395,700919
spill,262144,1,262395,780650
spill,262144,2,524790,651961
spill,262144,3,787185,812664
spill,262144,1,262395,702266
spill,262144,1,262395,547480
spill,262144,2,524790,993196
spill,262144,1,262395,558655
spill,262144,2,524790,1141683
spill,262144,1,262395,732398
spill,262144,1,262395,494870
spill,262144,1,262395,822270
spill,262144,1,262395,537098
spill,262144,3,787185,990455
spill,262144,2,524790,709364
spill,262144,1,262395,572911
spill,262144,2,524790,836915
spill,262144,1,262395,452328
spill,262144,1,262395,491777
spill,262144,2,524790,647883
spill,262144,1,262395,562480
spill,262144,2,524790,722047
spill,262144,1,262395,798269
spill,262144,1,262395,457568
spill,262144,1,262395,546199
spill,262144,1,262395,577111
spill,262144,2,524790,853949
spill,262144,2,524790,877658
spill,262144,1,262395,498785
spill,262144,2,524790,695970
spill,262144,1,262395,778803
spill,262144,2,524790,702482
spill,262144,2,524790,852340
spill,262144,2,524790,844599
spill,262144,1,262395,530590
spill,262144,1,262395,572793
spill,262144,2,524790,868525
spill,262144,2,524790,679588
spill,262144,1,262395,608859
spill,262144,1,262395,560935
spill,262144,1,262395,486664
spill,262144,2,524790,679574
spill,262144,1,262395,501353
spill,262144,1,262395,715190
spill,262144,1,262395,747136
spill,262144,1,262395,791928
spill,262144,1,262395,492878
spill,262144,1,262395,662398
spill,262144,1,262395,504621
spill,262144,2,524790,892214
spill,262144,1,262395,705635
spill,262144,1,262395,500897
spill,262144,1,262395,492055
spill,262144,1,262395,645152
spill,262144,1,262395,718174
spill,262144,2,524790,987422
spill,262144,1,262395,456477
spill,262144,2,524790,735511
spill,262144,1,262395,741930
spill,262144,2,524790,715115
spill,262144,1,262395,565209
spill,262144,1,262395,690850
spill,262144,1,262395,521762
spill,262144,2,524790,920170
spill,262144,2,524790,860618
spill,262144,1,262395,596276
spill,262144,3,787185,1021222
spill,262144,1,262395,662974
spill,262144,1,262395,787863
spill,262144,1,262395,501218
spill,262144,2,524790,788231
spill,262144,2,524790,803678
spill,262144,2,524790,728741
spill,262144,2,524790,859991
spill,262144,1,262395,776132
spill,262144,1,262395,699171
spill,262144,1,262395,567370
spill,262144,1,262395,857050
spill,262144,1,262395,853613
spill,262144,1,262395,581783
spill,262144,3,787185,1174173
spill,262144,1,262395,670057
spill,262144,1,262395,930566
spill,262144,2,524790,1096191
spill,262144,1,262395,768912
spill,262144,1,262395,552093
spill,262144,1,262395,904087
spill,262144,2,524790,1135659
spill,262144,1,262395,668443
spill,262144,4,1049580,979503
spill,262144,4,1049580,1386731
spill,262144,2,524790,850142
spill,262144,2,524790,1166271
spill,262144,1,262395,565033
spill,262144,1,262395,722084
spill,262144,3,787185,1240865
spill,262144,1,262395,536583
spill,262144,1,262395,515745
spill,262144,1,262395,807944
spill,262144,3,787185,1119150
spill,262144,1,262395,571393
spill,262144,1,262395,596288
spill,262144,1,262395,658490
spill,262144,1,262395,591952
spill,262144,3,787185,921297
spill,262144,1,262395,710145
spill,262144,1,262395,540441
spill,262144,1,262395,592898
spill,262144,1,262395,645830
spill,262144,2,524790,730869
spill,262144,1,262395,651735
spill,262144,2,524790,701352
spill,262144,2,524790,1206898
spill,262144,1,262395,897695
spill,262144,1,262395,503077
spill,262144,1,262395,619703
spill,262144,1,262395,1011218
spill,262144,1,262395,2588253
spill,262144,1,262395,2715499
spill,262144,1,262395,2389174
spill,262144,1,262395,880707
spill,262144,1,262395,915194
spill,262144,1,262395,1127984
spill,262144,1,262395,712985
spill,262144,1,262395,789833
spill,262144,1,262395,631158
spill,262144,4,1049580,1149212
spill,262144,2,524790,764885
spill,262144,1,262395,1042476
spill,262144,2,524790,1341425
spill,262144,1,262395,1072606
spill,262144,1,262395,645799
spill,262144,1,262395,549413
spill,262144,1,262395,620547
spill,262144,1,262395,446786
spill,262144,1,262395,552015
spill,262144,2,524790,745425
spill,262144,2,524790,792486
spill,262144,1,262395,686065
spill,262144,1,262395,517283
spill,262144,1,262395,451070
spill,262144,1,262395,453213
spill,262144,2,524790,620348
spill,262144,1,262395,709825
spill,262144,3,787185,1063054
spill,262144,1,262395,916886
spill,262144,1,262395,641444
spill,262144,1,262395,758611
spill,262144,1,262395,616347
spill,262144,2,524790,1189426
spill,262144,1,262395,587566
spill,262144,1,262395,857408
spill,262144,1,262395,504880
spill,262144,1,262395,630290
spill,262144,1,262395,960553
spill,262144,1,262395,539908
spill,262144,1,262395,492824
spill,262144,1,262395,514569
spill,262144,2,524790,1160637
spill,262144,1,262395,596500
spill,262144,1,262395,893391
spill,262144,3,787185,1220991
spill,262144,2,524790,890398
spill,262144,1,262395,612468
spill,262144,1,262395,637511
spill,262144,2,524790,1040786
spill,262144,1,262395,771840
spill,262144,2,524790,935130
spill,262144,1,262395,598505
spill,262144,1,262395,836889
spill,262144,1,262395,541814
spill,262144,3,787185,1031399
spill,262144,1,262395,559761
spill,262144,1,262395,551351
spill,262144,1,262395,629781
spill,262144,2,524790,743620
spill,262144,3,787185,976274
spill,262144,2,524790,762074
spill,262144,2,524790,733084
spill,262144,2,524790,991071
spill,262144,1,262395,603343
spill,262144,1,262395,593474
spill,262144,1,262395,543212
spill,262144,2,524790,763885
spill,262144,1,262395,514438
spill,262144,2,524790,697912
spill,262144,2,524790,661919
spill,262144,3,787185,1203052
spill,262144,1,262395,546817
spill,262144,3,787185,1013190
spill,262144,1,262395,561275
spill,262144,2,524790,738396
spill,262144,1,262395,934951
spill,262144,2,524790,905668
spill,262144,1,262395,746173
spill,262144,2,524790,740326
spill,262144,1,262395,528076
spill,262144,1,262395,952532
spill,262144,2,524790,734846
spill,262144,1,262395,516955
spill,262144,1,262395,524616
spill,262144,1,262395,481833
spill,262144,2,524790,734044
spill,262144,2,524790,757152
spill,262144,2,524790,612625
spill,262144,1,262395,494232
spill,262144,4,1049580,1118758
spill,262144,4,1049580,1133318
spill,262144,2,524790,861504
spill,262144,1,262395,822598
spill,262144,2,524790,952971
spill,262144,2,524790,904565
spill,262144,2,524790,1117579
spill,262144,1,262395,697997
spill,262144,1,262395,472697
spill,262144,1,262395,648849
spill,262144,1,262395,839278
spill,262144,2,524790,616718
spill,262144,1,262395,552936
spill,262144,2,524790,1228470
spill,262144,4,1049580,1088760
spill,262144,4,1049580,1097194
spill,262144,1,262395,616316
spill,262144,2,524790,997955
spill,262144,2,524790,971426
spill,262144,1,262395,914362
spill,262144,5,1311975,1185079
spill,262144,1,262395,864656
spill,262144,1,262395,476412
spill,262144,1,262395,690157
spill,262144,1,262395,464837
spill,262144,1,262395,708048
spill,262144,1,262395,571026
spill,262144,1,262395,489393
spill,262144,1,262395,519317
spill,262144,3,787185,914201
spill,262144,1,262395,559304
spill,262144,1,262395,516964
spill,262144,1,262395,478384
spill,262144,1,262395,657011
spill,262144,1,262395,651160
spill,262144,2,524790,792162
spill,262144,1,262395,768721
spill,262144,1,262395,575599
spill,262144,1,262395,494610
spill,262144,2,524790,737778
spill,262144,1,262395,534222
spill,262144,3,787185,834212
spill,262144,1,262395,601926
spill,262144,3,787185,899347
spill,262144,1,262395,463726
spill,262144,3,787185,851946
spill,262144,2,524790,734535
spill,262144,2,524790,714445
spill,262144,1,262395,530805
spill,262144,1,262395,482497
spill,262144,1,262395,548421
spill,262144,2,524790,739985
spill,262144,1,262395,544556
spill,262144,1,262395,512324
spill,262144,1,262395,513650
spill,262144,1,262395,524343
spill,262144,1,262395,532065
spill,262144,1,262395,552043
spill,262144,1,262395,530026
spill,262144,1,262395,480423
spill,262144,2,524790,793493
spill,262144,2,524790,733968
spill,262144,2,524790,698179
spill,262144,1,262395,524096
spill,262144,1,262395,554211
spill,262144,1,262395,535320
spill,262144,2,524790,737120
spill,262144,1,262395,564840
spill,262144,1,262395,513892
spill,262144,1,262395,487145
spill,262144,1,262395,460909
spill,262144,2,524790,699365
spill,262144,1,262395,821286
spill,262144,1,262395,845725
spill,262144,2,524790,1044821
spill,262144,2,524790,726065
spill,262144,1,262395,523267
spill,262144,2,524790,825184
spill,262144,1,262395,509488
spill,262144,1,262395,639309
spill,262144,1,262395,544300
spill,262144,2,524790,666326
spill,262144,1,262395,554979
spill,262144,1,262395,548886
spill,262144,2,524790,856614
spill,262144,1,262395,656354
spill,262144,1,262395,473741
spill,262144,1,262395,499777
spill,262144,1,262395,545968
spill,262144,2,524790,783651
spill,262144,1,262395,631512
spill,262144,1,262395,548875
spill,262144,1,262395,651260
spill,262144,1,262395,515832
spill,262144,2,524790,983634
spill,262144,1,262395,452995
spill,262144,2,524790,603114
spill,262144,2,524790,746331
spill,262144,2,524790,749974
spill,262144,1,262395,484069
spill,262144,1,262395,483935
spill,262144,2,524790,652270
spill,262144,1,262395,526042
spill,262144,1,262395,554415
spill,262144,1,262395,711731
spill,262144,2,524790,667223
spill,262144,1,262395,514754
spill,262144,2,524790,700460
spill,262144,1,262395,629699
spill,262144,1,262395,670215
spill,262144,1,262395,894381
spill,262144,2,524790,686164
spill,262144,1,262395,723383
spill,262144,2,524790,719060
spill,262144,2,524790,911574
spill,262144,1,262395,660779
spill,262144,1,262395,513130
spill,262144,1,262395,809865
spill,262144,1,262395,501235
spill,262144,2,524790,759251
spill,262144,2,524790,761728
spill,262144,2,524790,665940
spill,262144,1,262395,747789
spill,262144,1,262395,472741
spill,262144,2,524790,760043
spill,262144,2,524790,692090
spill,262144,1,262395,539846
spill,262144,1,262395,743608
spill,262144,1,262395,512760
spill,262144,2,524790,812459
spill,262144,1,262395,520221
spill,262144,2,524790,857370
spill,262144,1,262395,622120
spill,262144,2,524790,625187
spill,262144,1,262395,527697
spill,262144,2,524790,965797
spill,262144,2,524790,744693
spill,262144,1,262395,592555
spill,262144,1,262395,567243
spill,262144,1,262395,507460
spill,262144,2,524790,753502
spill,262144,1,262395,511115
spill,262144,2,524790,893415
spill,262144,1,262395,648535
spill,262144,1,262395,686234
spill,262144,1,262395,497230
spill,262144,2,524790,807285
spill,262144,1,262395,587135
spill,262144,2,524790,952886
spill,262144,1,262395,782226
spill,262144,1,262395,593297
spill,262144,1,262395,497634
spill,262144,1,262395,591952
spill,262144,2,524790,720468
spill,262144,1,262395,664516
spill,262144,2,524790,752448
spill,262144,2,524790,724581
spill,262144,1,262395,513629
spill,262144,1,262395,505253
spill,262144,2,524790,780928
spill,262144,2,524790,829960
spill,262144,1,262395,656078
spill,262144,3,787185,941671
spill,262144,1,262395,658256
spill,262144,1,262395,713540
spill,262144,2,524790,1011554
spill,262144,1,262395,470656
spill,262144,2,524790,733276
spill,262144,1,262395,523545
spill,262144,2,524790,735370
spill,262144,1,262395,487038
spill,262144,2,524790,663318
spill,262144,2,524790,802248
spill,262144,1,262395,546334
spill,262144,1,262395,487823
spill,262144,1,262395,501932
spill,262144,1,262395,519075
spill,262144,2,524790,728155
spill,262144,1,262395,486878
spill,262144,2,524790,745752
spill,262144,1,262395,766169
spill,262144,1,262395,589509
spill,262144,1,262395,490181
spill,262144,2,524790,673976
spill,262144,2,524790,667135
spill,262144,1,262395,612133
spill,262144,1,262395,601149
spill,262144,1,262395,594137
spill,262144,1,262395,420480
spill,262144,1,262395,468732
spill,262144,1,262395,524326
spill,262144,1,262395,475420
spill,262144,2,524790,655403
spill,262144,2,524790,719710
spill,262144,1,262395,550689
spill,262144,1,262395,496443
spill,262144,1,262395,497003
spill,262144,2,524790,648504
spill,262144,1,262395,465232
spill,262144,1,262395,538646
spill,262144,1,262395,840271
spill,262144,2,524790,955298
spill,262144,2,524790,1055479
spill,262144,1,262395,532219
spill,262144,1,262395,849301
spill,262144,2,524790,848501
spill,262144,1,262395,672279
spill,262144,1,262395,1010013
spill,262144,2,524790,772576
spill,262144,1,262395,909082
spill,262144,1,262395,574240
spill,262144,2,524790,857701
spill,262144,1,262395,906795
spill,262144,2,524790,802185
spill,262144,1,262395,928231
spill,262144,2,524790,798472
spill,262144,2,524790,680470
spill,262144,1,262395,698753
spill,262144,2,524790,968959
spill,262144,2,524790,628457
spill,262144,1,262395,657459
spill,262144,2,524790,765887
spill,262144,2,524790,751031
spill,262144,1,262395,566804
spill,262144,1,262395,593609
spill,262144,1,262395,781909
spill,262144,2,524790,896686
spill,262144,1,262395,482853
spill,262144,1,262395,537314
spill,262144,1,262395,580002
spill,262144,1,262395,562698
spill,262144,1,262395,659828
spill,262144,1,262395,576298
spill,262144,1,262395,817098
spill,262144,2,524790,739192
spill,262144,1,262395,789445
spill,262144,1,262395,649802
spill,262144,2,524790,900947
spill,262144,1,262395,550213
spill,262144,1,262395,611041
spill,262144,2,524790,3898173
spill,262144,1,262395,769759
spill,262144,2,524790,1501306
spill,262144,1,262395,902172
spill,262144,3,787185,943354
spill,262144,1,262395,754267
spill,262144,4,1049580,1429912
spill,262144,6,1574370,2097741
spill,262144,2,524790,1586096
spill,262144,3,787185,1560918
spill,262144,2,524790,1087229
spill,262144,2,524790,780211
spill,262144,1,262395,697412
spill,262144,1,262395,924226
spill,262144,1,262395,701190
spill,262144,2,524790,1012636
spill,262144,2,524790,1030818
spill,262144,1,262395,1048892
spill,262144,1,262395,996851
spill,262144,1,262395,558970
spill,262144,2,524790,891876
spill,262144,2,524790,935795
spill,262144,1,262395,845866
spill,262144,1,262395,821320
spill,262144,2,524790,761774
spill,262144,2,524790,717870
spill,262144,1,262395,560628
spill,262144,1,262395,647206
spill,262144,2,524790,805887
spill,262144,1,262395,722597
spill,262144,1,262395,805106
spill,262144,2,524790,880409
spill,262144,1,262395,881307
spill,262144,1,262395,543810
spill,262144,1,262395,572503
spill,262144,3,787185,887925
spill,262144,1,262395,650013
spill,262144,1,262395,970984
spill,262144,1,262395,664069
spill,262144,3,787185,1038098
spill,262144,1,262395,706884
spill,262144,2,524790,1114850
spill,262144,1,262395,896610
spill,262144,2,524790,749353
spill,262144,1,262395,445330
spill,262144,1,262395,535146
spill,262144,2,524790,690457
spill,262144,2,524790,843630
spill,262144,1,262395,647746
spill,262144,2,524790,1004992
spill,262144,1,262395,889353
spill,262144,1,262395,661623
spill,262144,2,524790,697753
spill,262144,1,262395,571515
spill,262144,4,1049580,1081904
spill,262144,2,524790,781623
spill,262144,2,524790,655410
spill,262144,1,262395,603244
spill,262144,3,787185,968135
spill,262144,1,262395,660205
spill,262144,2,524790,687103
spill,262144,1,262395,1054012
spill,262144,1,262395,534554
spill,262144,2,524790,802605
spill,262144,1,262395,536731
spill,262144,1,262395,555929
spill,262144,2,524790,853341
spill,262144,1,262395,483285
spill,262144,1,262395,683565
spill,262144,1,262395,621829
spill,262144,2,524790,908419
spill,262144,1,262395,558013
spill,262144,1,262395,501418
spill,262144,1,262395,761602
spill,262144,1,262395,490815
spill,262144,1,262395,569024
spill,262144,4,1049580,999557
spill,262144,1,262395,573226
spill,262144,2,524790,803376
spill,262144,1,262395,559833
spill,262144,1,262395,534214
spill,262144,1,262395,842309
spill,262144,1,262395,540762
spill,262144,2,524790,680021
spill,262144,1,262395,800788
spill,262144,2,524790,853123
spill,262144,3,787185,960024
spill,262144,1,262395,732124
spill,262144,1,262395,519185
spill,262144,1,262395,485858
spill,262144,1,262395,449708
spill,262144,1,262395,605555
spill,262144,2,524790,746182
spill,262144,2,524790,719324
spill,262144,2,524790,859431
spill,262144,1,262395,479003
spill,262144,2,524790,681487
spill,262144,1,262395,530948
spill,262144,2,524790,722354
spill,262144,1,262395,574450
spill,262144,1,262395,702803
spill,262144,1,262395,610323
spill,262144,1,262395,745956
spill,262144,1,262395,543269
spill,262144,1,262395,599692
spill,262144,1,262395,464537
spill,262144,2,524790,691559
spill,262144,2,524790,721407
spill,262144,1,262395,537896
spill,262144,1,262395,593325
spill,262144,1,262395,585360
spill,262144,1,262395,482813
spill,262144,2,524790,757309
spill,262144,1,262395,464674
spill,262144,1,262395,517670
spill,262144,1,262395,607132
spill,262144,1,262395,863741
spill,262144,1,262395,833571
spill,262144,1,262395,913136
spill,262144,2,524790,811774
spill,262144,2,524790,1186830
spill,262144,1,262395,582556
spill,262144,1,262395,673702
spill,262144,1,262395,593608
spill,262144,3,787185,1126061
spill,262144,1,262395,1349971
spill,262144,2,524790,1065316
spill,262144,2,524790,741549
spill,262144,2,524790,675227
spill,262144,1,262395,657813
spill,262144,1,262395,660159
spill,262144,1,262395,898081
spill,262144,1,262395,687853
spill,262144,2,524790,711408
spill,262144,1,262395,867638
spill,262144,1,262395,1175877
spill,262144,1,262395,938253
spill,262144,2,524790,898170
spill,262144,1,262395,700702
spill,262144,1,262395,738831
spill,262144,1,262395,936185
spill,262144,2,524790,679279
spill,262144,1,262395,789766
spill,262144,1,262395,697659
spill,262144,2,524790,883132
spill,262144,1,262395,784356
spill,262144,2,524790,767759
spill,262144,2,524790,932515
spill,262144,1,262395,716325
spill,262144,1,262395,860332
spill,262144,2,524790,1243452
spill,262144,2,524790,818728
spill,262144,2,524790,1249452
spill,262144,1,262395,812930
spill,262144,2,524790,831148
spill,262144,2,524790,835803
spill,262144,1,262395,919250
spill,262144,2,524790,1372657
spill,262144,3,787185,1081679
spill,262144,2,524790,1427070
spill,262144,1,262395,1587991
spill,262144,1,262395,1130004
spill,262144,3,787185,1489125
spill,262144,2,524790,944211
spill,262144,2,524790,1625414
spill,262144,1,262395,896670
spill,262144,2,524790,1174384
spill,262144,5,1311975,1479592
spill,262144,1,262395,867698
spill,262144,1,262395,833113
spill,262144,3,787185,1324445
spill,262144,1,262395,850477
spill,262144,2,524790,1243835
spill,262144,1,262395,1236329
spill,262144,3,787185,1288410
spill,262144,2,524790,932841
spill,262144,1,262395,923833
spill,262144,1,262395,645910
spill,262144,2,524790,1182197
spill,262144,2,524790,1040165
spill,262144,1,262395,1109565
spill,262144,1,262395,603590
spill,262144,1,262395,1112096
spill,262144,1,262395,639045
spill,262144,1,262395,1163273
spill,262144,1,262395,771886
spill,262144,1,262395,634705
spill,262144,3,787185,1036770
spill,262144,1,262395,768405
spill,262144,1,262395,568261
spill,262144,1,262395,562650
spill,262144,2,524790,1092349
spill,262144,2,524790,939059
spill,262144,1,262395,1084521
spill,262144,1,262395,700155
spill,262144,1,262395,653476
spill,262144,1,262395,757726
spill,262144,4,1049580,1079092
spill,262144,2,524790,887585
spill,262144,2,524790,717724
spill,262144,2,524790,727011
spill,262144,3,787185,1077467
spill,262144,1,262395,885882
spill,262144,3,787185,893723
spill,262144,2,524790,1265270
spill,262144,1,262395,846310
spill,262144,1916,502748820,342520443
spill,262144,1,262395,12844856
spill,262144,3,787185,13280785
spill,262144,3,787185,12802805
spill,262144,1,262395,1074036
spill,262144,1,262395,998378
spill,262144,1,262395,1094296
spill,262144,1,262395,640568
spill,262144,1,262395,693621
spill,262144,1,262395,809824
spill,262144,1,262395,823555
spill,262144,1,262395,666191
spill,262144,3,787185,1069685
spill,262144,3,787185,996016
spill,262144,1,262395,874660
spill,262144,1,262395,855913
spill,262144,1,262395,545895
spill,262144,1,262395,498293
spill,262144,3,787185,1753850
spill,262144,3,787185,1554214
spill,262144,1,262395,594343
spill,262144,3,787185,1943950
spill,262144,1,262395,839555
spill,262144,1,262395,682449
spill,262144,1,262395,1219770
spill,262144,1,262395,855602
spill,262144,1,262395,722979
spill,262144,2,524790,838455
spill,262144,1,262395,734270
spill,262144,1,262395,1435210
spill,262144,1,262395,775528
spill,262144,2,524790,705892
spill,262144,1,262395,1017582
spill,262144,1,262395,1310347
spill,262144,1,262395,786792
spill,262144,1,262395,1148676
spill,262144,1,262395,1169560
spill,262144,3,787185,1938665
spill,262144,1,262395,877690
spill,262144,1,262395,1101338
spill,262144,2,524790,766321
spill,262144,1,262395,545390
spill,262144,1,262395,864265
spill,262144,3,787185,1839000
spill,262144,1,262395,1586849
spill,262144,3,787185,1561148
spill,262144,2,524790,1354163
spill,262144,2,524790,939363
spill,262144,3,787185,1572239
spill,262144,2,524790,718783
spill,262144,1,262395,914079
spill,262144,1,262395,1999986
spill,262144,2,524790,1670631
spill,262144,1,262395,765072
spill,262144,1,262395,790244
spill,262144,1,262395,818542
spill,262144,1,262395,694042
spill,262144,4,1049580,1431844
spill,262144,1,262395,878146
spill,262144,1,262395,834404
spill,262144,1,262395,694765
spill,262144,1,262395,910917
spill,262144,1,262395,786498
spill,262144,2,524790,1578282
spill,262144,2,524790,1585779
spill,262144,1,262395,1140094
spill,262144,1,262395,848618
spill,262144,1,262395,1000144
spill,262144,2,524790,1514184
spill,262144,1,262395,1271909
spill,262144,4,1049580,1112098
spill,262144,1,262395,771967
spill,262144,2,524790,777090
spill,262144,2,524790,1006269
spill,262144,3,787185,1312908
spill,262144,1,262395,1127372
spill,262144,2,524790,1040072
spill,262144,2,524790,1108057
spill,262144,1,262395,760253
spill,262144,1,262395,586454
spill,262144,1,262395,880460
spill,262144,1,262395,675519
spill,262144,3,787185,1102325
spill,262144,1,262395,650222
spill,262144,1,262395,821924
spill,262144,2,524790,1371398
spill,262144,1,262395,787979
spill,262144,2,524790,1326275
spill,262144,2,524790,1036414
spill,262144,1,262395,717694
spill,262144,2,524790,1150125
spill,262144,1,262395,920005
spill,262144,1,262395,795966
spill,262144,1,262395,561088
spill,262144,1,262395,784093
spill,262144,3,787185,1337352
spill,262144,3,787185,1709786
spill,262144,1,262395,1278735
spill,262144,1,262395,1005937
spill,262144,3,787185,3128335
spill,262144,5,1311975,2159617
spill,262144,3,787185,1769263
spill,262144,5,1311975,1919926
spill,262144,3,787185,1181769
spill,262144,5,1311975,1788317
spill,262144,1,262395,1080900
spill,262144,1,262395,937326
spill,262144,3,787185,983374
spill,262144,1,262395,612032
spill,262144,1,262395,1061538
spill,262144,3,787185,1460595
spill,262144,1,262395,511092
spill,262144,1,262395,815614
spill,262144,1,262395,555321
spill,262144,2,524790,906260
spill,262144,2,524790,892280
spill,262144,3,787185,1059438
spill,262144,1,262395,542941
spill,262144,1,262395,477089
spill,262144,3,787185,1025448
spill,262144,1,262395,475624
spill,262144,2,524790,843078
spill,262144,1,262395,736181
spill,262144,1,262395,756554
spill,262144,2,524790,1062630
spill,262144,1,262395,871850
spill,262144,1,262395,527755
spill,262144,2,524790,990364
spill,262144,1,262395,537857
spill,262144,1,262395,1082104
spill,262144,1,262395,1086824
spill,262144,1,262395,813542
spill,262144,2,524790,800176
spill,262144,2,524790,885050
spill,262144,3,787185,1109638
spill,262144,2,524790,1034725
spill,262144,1,262395,937671
spill,262144,1,262395,1113887
spill,262144,2,524790,1178173
spill,262144,2,524790,1509038
spill,262144,1,262395,537745
spill,262144,3,787185,1133594
spill,262144,2,524790,851035
spill,262144,2,524790,759580
spill,262144,3,787185,1187907
spill,262144,1,262395,770336
spill,262144,3,787185,942275
spill,262144,1,262395,590175
spill,262144,1,262395,818435
spill,262144,2,524790,1187420
spill,262144,1,262395,563100
spill,262144,1,262395,595860
spill,262144,1,262395,711195
spill,262144,1,262395,553881
spill,262144,1,262395,601845
spill,262144,1,262395,667618
spill,262144,3,787185,946358
spill,262144,1,262395,530781
spill,262144,1,262395,558184
spill,262144,1,262395,564635
spill,262144,3,787185,883664
spill,262144,1,262395,591292
spill,262144,1,262395,752749
spill,262144,1,262395,581938
spill,262144,1,262395,669787
spill,262144,1,262395,568566
spill,262144,1,262395,508532
spill,262144,1,262395,521632
spill,262144,1,262395,534644
spill,262144,2,524790,824091
spill,262144,1,262395,602729
spill,262144,1,262395,574351
spill,262144,1,262395,540277
spill,262144,1,262395,788454
spill,262144,1,262395,644941
spill,262144,1,262395,586034
spill,262144,2,524790,950305
spill,262144,1,262395,999125
spill,262144,1,262395,748405
spill,262144,1,262395,751625
spill,262144,1,262395,667939
spill,262144,1,262395,547698
spill,262144,1,262395,829490
spill,262144,1,262395,695623
spill,262144,2,524790,998962
spill,262144,1,262395,589787
spill,262144,1,262395,583936
spill,262144,1,262395,723342
spill,262144,2,524790,745705
spill,262144,1,262395,590207
spill,262144,1,262395,638023
spill,262144,1,262395,638572
spill,262144,1,262395,638761
spill,262144,1,262395,490155
spill,262144,2,524790,963879
spill,262144,1,262395,623326
spill,262144,1,262395,631357
spill,262144,2,524790,1168625
spill,262144,2,524790,907147
spill,262144,1,262395,675164
spill,262144,1,262395,686834
spill,262144,1,262395,843354
spill,262144,2,524790,998589
spill,262144,2,524790,1159005
spill,262144,1,262395,643133
spill,262144,3,787185,978327
spill,262144,1,262395,958302
spill,262144,2,524790,849981
spill,262144,1,262395,835651
spill,262144,1,262395,724045
spill,262144,1,262395,580523
spill,262144,2,524790,782116
spill,262144,1,262395,620958
spill,262144,1,262395,623007
spill,262144,1,262395,571434
spill,262144,1,262395,793462
spill,262144,1,262395,630001
spill,262144,1,262395,563827
spill,262144,2,524790,710052
spill,262144,1,262395,533833
spill,262144,1,262395,566344
spill,262144,1,262395,699876
spill,262144,1,262395,569622
spill,262144,1,262395,656675
spill,262144,1,262395,530203
spill,262144,2,524790,828584
spill,262144,1,262395,549163
spill,262144,1,262395,521809
spill,262144,1,262395,522835
spill,262144,1,262395,676585
spill,262144,1,262395,556808
spill,262144,1,262395,469988
spill,262144,1,262395,642921
spill,262144,1,262395,593867
spill,262144,1,262395,549438
spill,262144,1,262395,495454
spill,262144,1,262395,734721
spill,262144,1,262395,515903
spill,262144,1,262395,549755
spill,262144,1,262395,829934
spill,262144,1,262395,831723
spill,262144,2,524790,838841
spill,262144,2,524790,683244
spill,262144,1,262395,540380
spill,262144,2,524790,966426
spill,262144,1,262395,669140
spill,262144,2,524790,1020321
spill,262144,1,262395,550110
spill,262144,1,262395,526177
spill,262144,2,524790,876190
spill,262144,3,787185,1507283
spill,262144,1,262395,1014955
spill,262144,1,262395,602099
spill,262144,1,262395,863260
spill,262144,1,262395,676909
spill,262144,2,524790,841721
spill,262144,2,524790,835710
spill,262144,1,262395,514066
spill,262144,2,524790,1007702
spill,262144,1,262395,528688
spill,262144,1,262395,926777
spill,262144,2,524790,753154
spill,262144,2,524790,1189703
spill,262144,1,262395,638409
spill,262144,1,262395,976361
spill,262144,1,262395,731302
spill,262144,2,524790,921924
spill,262144,1,262395,828398
spill,262144,1,262395,574181
spill,262144,2,524790,893716
spill,262144,1,262395,578312
spill,262144,1,262395,491698
spill,262144,2,524790,669460
spill,262144,2,524790,843680
spill,262144,1,262395,898868
spill,262144,1,262395,679925
spill,262144,1,262395,699366
spill,262144,4,1049580,1064059
spill,262144,1,262395,644899
spill,262144,1,262395,812320
spill,262144,2,524790,821873
spill,262144,1,262395,586096
spill,262144,3,787185,848733
spill,262144,2,524790,903806
spill,262144,1,262395,929875
spill,262144,1,262395,1025556
spill,262144,1,262395,693446
spill,262144,1,262395,790315
spill,262144,2,524790,661345
spill,262144,1,262395,463386
spill,262144,1,262395,467385
spill,262144,2,524790,837695
spill,262144,2,524790,693520
spill,262144,2,524790,917220
spill,262144,1,262395,575173
spill,262144,2,524790,672195
spill,262144,1,262395,614020
spill,262144,1,262395,851979
spill,262144,1,262395,860221
spill,262144,1,262395,821211
spill,262144,1,262395,741580
spill,262144,1,262395,533975
spill,262144,1,262395,487935
spill,262144,2,524790,667005
spill,262144,1,262395,500107
spill,262144,1,262395,563964
spill,262144,1,262395,452360
spill,262144,1,262395,448785
spill,262144,2,524790,656591
spill,262144,1,262395,509284
spill,262144,1,262395,506714
spill,262144,1,262395,516332
spill,262144,1,262395,525758
spill,262144,1,262395,514835
spill,262144,1,262395,516983
spill,262144,2,524790,862105
spill,262144,1,262395,588362
spill,262144,2,524790,868304
spill,262144,1,262395,549396
spill,262144,1,262395,489150
spill,262144,1,262395,489796
spill,262144,1,262395,572053
spill,262144,1,262395,473197
spill,262144,2,524790,920755
spill,262144,1,262395,968332
spill,262144,2,524790,1343076
spill,262144,1,262395,922564
spill,262144,2,524790,979638
spill,262144,1,262395,788979
spill,262144,3,787185,904226
spill,262144,3,787185,815285
spill,262144,1,262395,584560
spill,262144,1,262395,941464
spill,262144,2,524790,1479444
spill,262144,1,262395,1109644
spill,262144,1,262395,683556
spill,262144,1,262395,796752
spill,262144,1,262395,746608
spill,262144,2,524790,869903
spill,262144,1,262395,565726
spill,262144,2,524790,935213
spill,262144,2,524790,597153
spill,262144,1,262395,713936
spill,262144,2,524790,970875
spill,262144,1,262395,485298
spill,262144,2,524790,952593
spill,262144,2,524790,864542
spill,262144,1,262395,1199566
spill,262144,1,262395,681003
spill,262144,2,524790,614195
spill,262144,3,787185,1161259
spill,262144,1,262395,734089
spill,262144,1,262395,501104
spill,262144,1,262395,580421
spill,262144,1,262395,718037
spill,262144,4,1049580,1455364
spill,262144,2,524790,1462093
spill,262144,1,262395,1312218
spill,262144,1,262395,845198
spill,262144,1,262395,1061331
spill,262144,3,787185,946921
spill,262144,4,1049580,1116293
spill,262144,5,1311975,1276658
spill,262144,1,262395,950134
spill,262144,1,262395,844458
spill,262144,1,262395,644452
spill,262144,1,262395,947174
spill,262144,2,524790,983712
spill,262144,2,524790,841562
spill,262144,2,524790,655036
spill,262144,2,524790,862227
spill,262144,1,262395,834001
spill,262144,3,787185,1360795
spill,262144,2,524790,1037275
spill,262144,1,262395,871727
spill,262144,1,262395,644484
spill,262144,3,787185,1062410
spill,262144,2,524790,748737
spill,262144,2,524790,695749
spill,262144,2,524790,672748
spill,262144,1,262395,880348
spill,262144,1,262395,460180
spill,262144,2,524790,791742
spill,262144,2,524790,923678
spill,262144,1,262395,810676
spill,262144,1,262395,893442
spill,262144,1,262395,758255
spill,262144,1,262395,721957
spill,262144,2,524790,749534
spill,262144,1,262395,523961
spill,262144,1,262395,1012954
spill,262144,1,262395,554302
spill,262144,3,787185,1053757
spill,262144,1,262395,729570
spill,262144,1,262395,667945
spill,262144,1,262395,577080
spill,262144,1,262395,716470
spill,262144,2,524790,1288259
spill,262144,1,262395,624792
spill,262144,2,524790,1029273
spill,262144,1,262395,773738
spill,262144,2,524790,863873
spill,262144,3,787185,864955
spill,262144,1,262395,782580
spill,262144,2,524790,718192
spill,262144,1,262395,753951
spill,262144,5,1311975,1303156
spill,262144,2,524790,883044
spill,262144,1,262395,886728
spill,262144,4,1049580,951623
spill,262144,2,524790,701827
spill,262144,1,262395,592948
spill,262144,2,524790,2657563
spill,262144,1,262395,5082955
spill,262144,2,524790,1408630
spill,262144,2,524790,1342277
spill,262144,2,524790,1646695
spill,262144,1,262395,772259
spill,262144,9,2361555,2764417
spill,262144,1,262395,902963
spill,262144,1,262395,824948
spill,262144,1,262395,1099223
spill,262144,5,1311975,1369228
spill,262144,1,262395,574642
spill,262144,2,524790,846204
spill,262144,2,524790,846444
spill,262144,1,262395,670455
spill,262144,1,262395,528061
spill,262144,1,262395,715719
spill,262144,1,262395,462064
spill,262144,1,262395,601998
spill,262144,2,524790,677025
spill,262144,4,1049580,1227100
spill,262144,1,262395,517202
spill,262144,3,787185,889450
spill,262144,2,524790,839202
spill,262144,2,524790,1301322
spill,262144,1,262395,735975
spill,262144,1,262395,840582
spill,262144,1,262395,561227
spill,262144,2,524790,832924
spill,262144,3,787185,888816
spill,262144,1,262395,516176
spill,262144,3,787185,1142442
spill,262144,2,524790,867451
spill,262144,1,262395,508020
spill,262144,1,262395,831715
spill,262144,1,262395,649743
spill,262144,1,262395,766405
spill,262144,2,524790,1041070
spill,262144,2,524790,890058
spill,262144,1,262395,585191
spill,262144,1,262395,704003
spill,262144,1,262395,598293
spill,262144,1,262395,494671
spill,262144,3,787185,997288
spill,262144,1,262395,507517
spill,262144,1,262395,521962
spill,262144,1,262395,517947
spill,262144,1,262395,536556
spill,262144,1,262395,578434
spill,262144,1,262395,559450
spill,262144,1,262395,538178
spill,262144,1,262395,522410
spill,262144,1,262395,484469
spill,262144,1,262395,502907
spill,262144,1,262395,486090
spill,262144,1,262395,495312
spill,262144,1,262395,620522
spill,262144,1,262395,511764
spill,262144,2,524790,673625
spill,262144,1,262395,420580
spill,262144,1,262395,531284
spill,262144,1,262395,559460
spill,262144,2,524790,703810
spill,262144,1,262395,603247
spill,262144,1,262395,513722
spill,262144,1,262395,553951
spill,262144,2,524790,738958
spill,262144,1,262395,645818
spill,262144,2,524790,681908
spill,262144,1,262395,872568
spill,262144,1,262395,568819
spill,262144,1,262395,498923
spill,262144,2,524790,986072
spill,262144,1,262395,893934
spill,262144,2,524790,965049
spill,262144,1,262395,586378
spill,262144,1,262395,662948
spill,262144,1,262395,525894
spill,262144,3,787185,851209
spill,262144,1,262395,493077
spill,262144,1,262395,657807
spill,262144,2,524790,699934
spill,262144,1,262395,509588
spill,262144,1,262395,564293
spill,262144,1,262395,510881
spill,262144,1,262395,500242
spill,262144,2,524790,705829
spill,262144,1,262395,623691
spill,262144,1,262395,581010
spill,262144,1,262395,743919
spill,262144,1,262395,604007
spill,262144,2,524790,752418
spill,262144,2,524790,637973
spill,262144,5,1311975,1328081
spill,262144,4,1049580,1154258
spill,262144,1,262395,1106090
spill,262144,3,787185,1051993
spill,262144,1,262395,944814
spill,262144,1,262395,874463
spill,262144,2,524790,703789
spill,262144,4,1049580,1092152
spill,262144,1,262395,600069
spill,262144,3,787185,1552851
spill,262144,1,262395,1247968
spill,262144,2,524790,930385
spill,262144,2,524790,899488
spill,262144,1,262395,610392
spill,262144,1,262395,855636
spill,262144,1,262395,541137
spill,262144,1,262395,774650
spill,262144,1,262395,726912
spill,262144,1,262395,537741
spill,262144,1,262395,618209
spill,262144,2,524790,867515
spill,262144,1,262395,550583
spill,262144,2,524790,748561
spill,262144,1,262395,894602
spill,262144,2,524790,861573
spill,262144,1,262395,759082
spill,262144,1,262395,711709
spill,262144,1,262395,514816
spill,262144,2,524790,726099
spill,262144,2,524790,903951
spill,262144,1,262395,619831
spill,262144,3,787185,956547
spill,262144,2,524790,727367
spill,262144,1,262395,671125
spill,262144,2,524790,743381
spill,262144,1,262395,619911
spill,262144,1,262395,875911
spill,262144,2,524790,792317
spill,262144,1,262395,621765
spill,262144,1,262395,570021
spill,262144,2,524790,821075
spill,262144,1,262395,530597
spill,262144,2,524790,804055
spill,262144,1,262395,638370
spill,262144,2,524790,666905
spill,262144,2,524790,807281
spill,262144,1,262395,535102
spill,262144,1,262395,631507
spill,262144,1,262395,521691
spill,262144,1,262395,511814
spill,262144,1,262395,630291
spill,262144,1,262395,532651
spill,262144,1,262395,468453
spill,262144,1,262395,540702
spill,262144,1,262395,523786
spill,262144,1,262395,495168
spill,262144,1,262395,501317
spill,262144,1,262395,530822
spill,262144,1,262395,541660
spill,262144,1,262395,587334
spill,262144,1,262395,462480
spill,262144,1,262395,634087
spill,262144,1,262395,689586
spill,262144,1,262395,777097
spill,262144,2,524790,806948
spill,262144,1,262395,660664
spill,262144,2,524790,814512
spill,262144,1,262395,571752
spill,262144,1,262395,583407
spill,262144,1,262395,707559
spill,262144,2,524790,654632
spill,262144,3,787185,1033007
spill,262144,1,262395,729121
spill,262144,2,524790,893113
spill,262144,2,524790,873930
spill,262144,2,524790,963366
spill,262144,2,524790,791406
spill,262144,1,262395,577776
spill,262144,1,262395,743689
spill,262144,2,524790,896815
spill,262144,3,787185,991474
spill,262144,1,262395,767606
spill,262144,1,262395,652442
spill,262144,4,1049580,1327834
spill,262144,1,262395,719734
spill,262144,1,262395,842863
spill,262144,1,262395,548770
spill,262144,2,524790,716768
spill,262144,1,262395,483118
spill,262144,1,262395,564092
spill,262144,1,262395,523819
spill,262144,2,524790,836534
spill,262144,1,262395,516063
spill,262144,1,262395,550238
spill,262144,1,262395,543908
spill,262144,1,262395,794590
spill,262144,1,262395,601961
spill,262144,3,787185,971852
spill,262144,2,524790,939871
spill,262144,1,262395,663769
spill,262144,1,262395,558534
spill,262144,2,524790,1123656
spill,262144,1,262395,639121
spill,262144,1,262395,742934
spill,262144,2,524790,804330
spill,262144,1,262395,625590
spill,262144,1,262395,504821
spill,262144,2,524790,855944
spill,262144,1,262395,569974
spill,262144,1,262395,780003
spill,262144,2,524790,962694
spill,262144,1,262395,579574
spill,262144,1,262395,723545
spill,262144,1,262395,699172
spill,262144,1,262395,577031
spill,262144,2,524790,715445
spill,262144,2,524790,908738
spill,262144,1,262395,517451
spill,262144,2,524790,925860
spill,262144,1,262395,593045
spill,262144,2,524790,670198
spill,262144,1,262395,665435
spill,262144,1,262395,595367
spill,262144,1,262395,511977
spill,262144,1,262395,613603
spill,262144,1,262395,572935
spill,262144,2,524790,665668
spill,262144,1,262395,510429
spill,262144,1,262395,455652
spill,262144,1,262395,583076
spill,262144,1,262395,562228
spill,262144,1,262395,520436
spill,262144,1,262395,561721
spill,262144,3,787185,877795
spill,262144,2,524790,754183
spill,262144,1,262395,551456
spill,262144,1,262395,645447
spill,262144,1,262395,543694
spill,262144,1,262395,621086
spill,262144,2,524790,764578
spill,262144,1,262395,596569
spill,262144,1,262395,523067
spill,262144,1,262395,758090
spill,262144,1,262395,697061
spill,262144,1,262395,458910
spill,262144,1,262395,557122
spill,262144,1,262395,856965
spill,262144,1,262395,941698
spill,262144,4,1049580,1360540
spill,262144,1,262395,932915
spill,262144,2,524790,805578
spill,262144,3,787185,909097
spill,262144,2,524790,908915
spill,262144,5,1311975,1340926
spill,262144,2,524790,976259
spill,262144,1,262395,709797
spill,262144,2,524790,834381
spill,262144,2,524790,842272
spill,262144,1,262395,531748
spill,262144,1,262395,673385
spill,262144,2,524790,833836
spill,262144,1,262395,641287
spill,262144,2,524790,939050
spill,262144,1,262395,544950
spill,262144,3,787185,988697
spill,262144,1,262395,859128
spill,262144,1,262395,795904
spill,262144,4,1049580,1405358
spill,262144,1,262395,967366
spill,262144,3,787185,848913
spill,262144,1,262395,637776
spill,262144,1,262395,542550
spill,262144,2,524790,859218
spill,262144,1,262395,573450
spill,262144,1,262395,526425
spill,262144,1,262395,565187
spill,262144,1,262395,552598
spill,262144,2,524790,651212
spill,262144,2,524790,760261
spill,262144,1,262395,651112
spill,262144,1,262395,852271
spill,262144,2,524790,611464
spill,262144,1,262395,802406
spill,262144,1,262395,691870
spill,262144,1,262395,514617
spill,262144,3,787185,1064470
spill,262144,1,262395,655917
spill,262144,1,262395,529380
spill,262144,1,262395,749325
spill,262144,1,262395,574769
spill,262144,1,262395,635898
spill,262144,1,262395,772223
spill,262144,1,262395,692804
spill,262144,1,262395,721734
spill,262144,1,262395,746474
spill,262144,1,262395,876569
spill,262144,1,262395,1312912
spill,262144,2,524790,1047652
spill,262144,2,524790,853679
spill,262144,1,262395,785153
spill,262144,1,262395,747599
spill,262144,1,262395,788403
spill,262144,3,787185,1640822
spill,262144,1,262395,1387461
spill,262144,2,524790,1465295
spill,262144,1,262395,627936
spill,262144,2,524790,1028155
spill,262144,1,262395,609075
spill,262144,1,262395,703101
spill,262144,1,262395,728953
spill,262144,2,524790,802770
spill,262144,1,262395,610737
spill,262144,1,262395,577789
spill,262144,1,262395,583801
spill,262144,1,262395,843809
spill,262144,1,262395,895229
spill,262144,1,262395,788053
spill,262144,9,2361555,2575020
spill,262144,1,262395,1063746
spill,262144,1,262395,602026
spill,262144,2,524790,2740569
spill,262144,2,524790,3257144
spill,262144,1,262395,4926632
spill,262144,1,262395,2863960
spill,262144,1,262395,2600355
spill,262144,2,524790,1426174
spill,262144,1,262395,1408400
spill,262144,2,524790,1232536
spill,262144,2,524790,1063688
spill,262144,2,524790,1114739
spill,262144,12,3148740,3023953
spill,262144,3,787185,1562337
spill,262144,1,262395,999596
spill,262144,2,524790,1200411
spill,262144,1,262395,1256368
spill,262144,4,1049580,1353546
spill,262144,1,262395,989458
spill,262144,2,524790,1080428
spill,262144,2,524790,1080496
spill,262144,1,262395,990352
spill,262144,2,524790,1334210
spill,262144,1,262395,834107
spill,262144,2,524790,1507875
spill,262144,3,787185,1523681
spill,262144,1,262395,1527029
spill,262144,1,262395,704923
spill,262144,1,262395,1513339
spill,262144,2,524790,1447832
spill,262144,1,262395,791289
spill,262144,1,262395,638282
spill,262144,1,262395,723132
spill,262144,3,787185,1127542
spill,262144,1,262395,834484
spill,262144,2,524790,1303544
spill,262144,1,262395,1166220
spill,262144,1,262395,671638
spill,262144,1,262395,991612
spill,262144,3,787185,1243182
spill,262144,2,524790,1127461
spill,262144,1,262395,739943
spill,262144,1,262395,883220
spill,262144,3,787185,909079
spill,262144,1,262395,568415
spill,262144,2,524790,939429
spill,262144,1,262395,523200
spill,262144,1,262395,599394
spill,262144,1,262395,755270
spill,262144,3,787185,1349966
spill,262144,1,262395,917209
spill,262144,1,262395,790680
spill,262144,1,262395,836019
spill,262144,1,262395,605088
spill,262144,3,787185,892047
spill,262144,1,262395,653046
spill,262144,1,262395,524295
spill,262144,1,262395,823379
spill,262144,2,524790,868142
spill,262144,1,262395,608502
spill,262144,2,524790,683982
spill,262144,1,262395,565514
spill,262144,1,262395,798807
spill,262144,1,262395,614289
spill,262144,1,262395,650525
spill,262144,1,262395,514820
spill,262144,1,262395,783808
spill,262144,1,262395,633985
spill,262144,2,524790,785182
spill,262144,1,262395,661099
spill,262144,1,262395,762045
spill,262144,1,262395,719977
spill,262144,1,262395,1165835
spill,262144,1,262395,520539
spill,262144,1,262395,555144
spill,262144,1,262395,783070
spill,262144,1,262395,776439
spill,262144,3,787185,1035462
spill,262144,1,262395,723986
spill,262144,2,524790,1166472
spill,262144,3,787185,985483
spill,262144,2,524790,875256
spill,262144,2,524790,841124
spill,262144,1,262395,815897
spill,262144,1,262395,671831
spill,262144,2,524790,1073477
spill,262144,3,787185,1098195
spill,262144,1,262395,836908
spill,262144,1,262395,949757
spill,262144,1,262395,639953
spill,262144,1,262395,627967
spill,262144,1,262395,590078
spill,262144,2,524790,736024
spill,262144,2,524790,1093136
spill,262144,3,787185,1022526
spill,262144,1,262395,874575
spill,262144,1,262395,750988
spill,262144,1,262395,640162
spill,262144,1,262395,1023387
spill,262144,2,524790,1154706
spill,262144,1,262395,1042126
spill,262144,1,262395,790948
spill,262144,1,262395,757102
spill,262144,1,262395,753352
spill,262144,1,262395,782197
spill,262144,1,262395,696003
spill,262144,1,262395,702245
spill,262144,1,262395,812788
spill,262144,1,262395,658328
spill,262144,2,524790,1003710
spill,262144,1,262395,748922
spill,262144,1,262395,800269
spill,262144,2,524790,1199980
spill,262144,1,262395,1024979
spill,262144,1,262395,726850
spill,262144,3,787185,1235226
spill,262144,1,262395,772041
spill,262144,5,1311975,1519291
spill,262144,3,787185,1325143
spill,262144,2,524790,1005734
spill,262144,1,262395,654172
spill,262144,2,524790,1165491
spill,262144,1,262395,728629
spill,262144,1,262395,738668
spill,262144,2,524790,896239
spill,262144,1,262395,787901
spill,262144,1,262395,640215
spill,262144,3,787185,933186
spill,262144,1,262395,645044
spill,262144,2,524790,936533
spill,262144,2,524790,733654
spill,262144,1,262395,764853
spill,262144,2,524790,885994
spill,262144,1,262395,658698
spill,262144,1,262395,668116
spill,262144,2,524790,702651
spill,262144,1,262395,575100
spill,262144,1,262395,724767
spill,262144,1,262395,517119
spill,262144,2,524790,874051
spill,262144,1,262395,465865
spill,262144,2,524790,770789
spill,262144,1,262395,980150
spill,262144,1,262395,625296
spill,262144,1,262395,718372
spill,262144,1,262395,526894
spill,262144,1,262395,492514
spill,262144,1,262395,508389
spill,262144,1,262395,560980
spill,262144,1,262395,446194
spill,262144,1,262395,413587
spill,262144,1,262395,438529
spill,262144,1,262395,458508
spill,262144,1,262395,470920
spill,262144,1,262395,597494
spill,262144,1,262395,708591
spill,262144,1,262395,745052
spill,262144,1,262395,792838
spill,262144,1,262395,718136
spill,262144,1,262395,580995
spill,262144,1,262395,481019
spill,262144,1,262395,532840
spill,262144,2,524790,681448
spill,262144,1,262395,511755
spill,262144,1,262395,560737
spill,262144,1,262395,429895
spill,262144,1,262395,673373
spill,262144,2,524790,642622
spill,262144,1,262395,666021
spill,262144,1,262395,661089
spill,262144,1,262395,500413
spill,262144,2,524790,841263
spill,262144,1,262395,464870
spill,262144,1,262395,556863
spill,262144,1,262395,464298
spill,262144,1,262395,522139
spill,262144,1,262395,713157
spill,262144,1,262395,451575
spill,262144,1,262395,513301
spill,262144,1,262395,461767
spill,262144,1,262395,561465
spill,262144,1,262395,514554
spill,262144,1,262395,567389
spill,262144,1,262395,552337
spill,262144,1,262395,580162
spill,262144,1,262395,460275
spill,262144,1,262395,628417
spill,262144,1,262395,483267
spill,262144,1,262395,568914
spill,262144,2,524790,643427
spill,262144,1,262395,563810
spill,262144,1,262395,672230
spill,262144,1,262395,527836
spill,262144,1,262395,506451
spill,262144,1,262395,571308
spill,262144,1,262395,530459
spill,262144,2,524790,827037
spill,262144,2,524790,730765
spill,262144,1,262395,548805
spill,262144,1,262395,650538
spill,262144,1,262395,459490
spill,262144,1,262395,717283
spill,262144,1,262395,757071
spill,262144,1,262395,599791
spill,262144,1,262395,639685
spill,262144,1,262395,817140
spill,262144,1,262395,562464
spill,262144,1,262395,578085
spill,262144,1,262395,607228
spill,262144,1,262395,562887
spill,262144,2,524790,853661
spill,262144,1,262395,531987
spill,262144,1,262395,664058
spill,262144,2,524790,983172
spill,262144,1,262395,505418
spill,262144,1,262395,542997
spill,262144,1,262395,486386
spill,262144,2,524790,763084
spill,262144,1,262395,651297
spill,262144,1,262395,590752
spill,262144,1,262395,827846
spill,262144,1,262395,542638
spill,262144,1,262395,484120
spill,262144,2,524790,751308
spill,262144,1,262395,446208
spill,262144,1,262395,630628
spill,262144,2,524790,676933
spill,262144,1,262395,484140
spill,262144,1,262395,482391
spill,262144,2,524790,732225
spill,262144,1,262395,538478
spill,262144,1,262395,567586
spill,262144,2,524790,1032512
spill,262144,1,262395,552296
spill,262144,1,262395,700619
spill,262144,4,1049580,1034508
spill,262144,2,524790,830137
spill,262144,1,262395,535785
spill,262144,2,524790,668481
spill,262144,1,262395,552790
spill,262144,1,262395,520884
spill,262144,1,262395,524527
spill,262144,1,262395,520059
spill,262144,1,262395,694872
spill,262144,1,262395,733156
spill,262144,1,262395,567181
spill,262144,1,262395,502785
spill,262144,1,262395,477700
spill,262144,1,262395,570300
spill,262144,1,262395,680200
spill,262144,1,262395,699858
spill,262144,1,262395,533198
spill,262144,1,262395,516284
spill,262144,1,262395,431880
spill,262144,3,787185,1184461
spill,262144,1,262395,463670
spill,262144,1,262395,461471
spill,262144,1,262395,705683
spill,262144,2,524790,871786
spill,262144,1,262395,801654
spill,262144,2,524790,784775
spill,262144,1,262395,631112
spill,262144,1,262395,517579
spill,262144,3,787185,923007
spill,262144,1,262395,530653
spill,262144,1,262395,523960
spill,262144,1,262395,673358
spill,262144,1,262395,511896
spill,262144,1,262395,483606
spill,262144,1,262395,566034
spill,262144,1,262395,528507
spill,262144,1,262395,558432
spill,262144,1,262395,446650
spill,262144,1,262395,524539
spill,262144,1919,503536005,360052519
spill,262144,1,262395,12186160
spill,262144,1,262395,12280949
spill,262144,1,262395,12243746
spill,262144,3,787185,1888828
spill,262144,3,787185,1738310
spill,262144,1,262395,1479472
spill,262144,3,787185,2881888
spill,262144,1,262395,1469440
spill,262144,6,1574370,3029631
spill,262144,1,262395,2238698
spill,262144,2,524790,2691334
spill,262144,1,262395,1141355
spill,262144,4,1049580,1968556
spill,262144,1,262395,1090615
spill,262144,1,262395,715093
spill,262144,3,787185,969724
spill,262144,1,262395,1683152
spill,262144,1,262395,898313
spill,262144,1,262395,796594
spill,262144,2,524790,971165
spill,262144,2,524790,1223610
spill,262144,1,262395,1099024
spill,262144,1,262395,1470317
spill,262144,2,524790,1349637
spill,262144,4,1049580,1196063
spill,262144,2,524790,1091155
spill,262144,1,262395,708888
spill,262144,2,524790,1359723
spill,262144,1,262395,1004117
spill,262144,2,524790,1249439
spill,262144,3,787185,2358700
spill,262144,3,787185,1117027
spill,262144,1,262395,1280507
spill,262144,1,262395,1081296
spill,262144,1,262395,1118878
spill,262144,1,262395,1129232
spill,262144,2,524790,1189254
spill,262144,1,262395,1015136
spill,262144,2,524790,1677314
spill,262144,3,787185,1739488
spill,262144,1,262395,1030524
spill,262144,2,524790,995478
spill,262144,2,524790,1311822
spill,262144,2,524790,1189992
spill,262144,1,262395,1034455
spill,262144,1,262395,1047883
spill,262144,4,1049580,1596369
spill,262144,2,524790,1256809
spill,262144,2,524790,977256
spill,262144,2,524790,891466
spill,262144,1,262395,797034
spill,262144,1,262395,1567606
spill,262144,2,524790,1641097
spill,262144,1,262395,2138565
spill,262144,1,262395,4820201
spill,262144,5,1311975,1784741
spill,262144,1,262395,1048972
spill,262144,3,787185,1225285
spill,262144,2,524790,766817
spill,262144,1,262395,797795
spill,262144,1,262395,626488
spill,262144,1,262395,559084
spill,262144,1,262395,495146
spill,262144,1,262395,685945
spill,262144,11,2886345,2581090
spill,262144,2,524790,1463228
spill,262144,2,524790,1157567
spill,262144,1,262395,1247028
spill,262144,2,524790,752868
spill,262144,2,524790,656438
spill,262144,1,262395,1219412
spill,262144,1,262395,1025085
spill,262144,1,262395,1031816
spill,262144,1,262395,864393
spill,262144,2,524790,1086241
spill,262144,1,262395,782328
spill,262144,1,262395,954573
spill,262144,1,262395,1213355
spill,262144,2,524790,1120872
spill,262144,1,262395,617186
spill,262144,1,262395,581828
spill,262144,2,524790,991010
spill,262144,2,524790,832067
spill,262144,1,262395,624849
spill,262144,1,262395,939145
spill,262144,2,524790,826747
spill,262144,1,262395,697281
spill,262144,3,787185,1021946
spill,262144,1,262395,610253
spill,262144,1,262395,454223
spill,262144,1,262395,698803
spill,262144,1,262395,535243
spill,262144,1,262395,520969
spill,262144,1,262395,530636
spill,262144,1,262395,574736
spill,262144,1,262395,545874
spill,262144,1,262395,565480
spill,262144,2,524790,860639
spill,262144,1,262395,564544
spill,262144,2,524790,760380
spill,262144,1,262395,529095
spill,262144,1,262395,566730
spill,262144,1,262395,581589
spill,262144,1,262395,538887
spill,262144,1,262395,540415
spill,262144,1,262395,540420
spill,262144,1,262395,511959
spill,262144,1,262395,473186
spill,262144,2,524790,627848
spill,262144,1,262395,504514
spill,262144,1,262395,621557
spill,262144,2,524790,717315
spill,262144,1,262395,499326
spill,262144,1,262395,565427
spill,262144,1,262395,570196
spill,262144,1,262395,486203
spill,262144,1,262395,497331
spill,262144,1,262395,575761
spill,262144,1,262395,450975
spill,262144,2,524790,882498
spill,262144,1,262395,524955
spill,262144,1,262395,613056
spill,262144,1,262395,461383
spill,262144,1,262395,540720
spill,262144,1,262395,613060
spill,262144,1,262395,508672
spill,262144,1,262395,504503
spill,262144,1,262395,565739
spill,262144,1,262395,563015
spill,262144,1,262395,505528
spill,262144,1,262395,484249
spill,262144,2,524790,639220
spill,262144,1,262395,443886
spill,262144,1,262395,508944
spill,262144,1,262395,472901
spill,262144,1,262395,545349
spill,262144,1,262395,465920
spill,262144,1,262395,468462
spill,262144,2,524790,652881
spill,262144,1,262395,530126
spill,262144,1,262395,547072
spill,262144,1,262395,522722
spill,262144,1,262395,500432
spill,262144,1,262395,504203
spill,262144,1,262395,593033
spill,262144,1,262395,485760
spill,262144,1,262395,498621
spill,262144,1,262395,504295
spill,262144,1,262395,472197
spill,262144,1,262395,488111
spill,262144,1,262395,540389
spill,262144,1,262395,552264
spill,262144,1,262395,485145
spill,262144,2,524790,669843
spill,262144,1,262395,534210
spill,262144,1,262395,531926
spill,262144,2,524790,889631
spill,262144,1,262395,842311
spill,262144,1,262395,491459
spill,262144,2,524790,875073
spill,262144,2,524790,780557
spill,262144,1,262395,661895
spill,262144,2,524790,763873
spill,262144,1,262395,808657
spill,262144,2,524790,925785
spill,262144,1,262395,826172
spill,262144,1,262395,570428
spill,262144,2,524790,810468
spill,262144,1,262395,755880
spill,262144,2,524790,1222372
spill,262144,1,262395,676726
spill,262144,2,524790,769345
spill,262144,2,524790,892356
spill,262144,2,524790,1195441
spill,262144,3,787185,996675
spill,262144,2,524790,1098682
spill,262144,1,262395,832909
spill,262144,1,262395,751397
spill,262144,1,262395,658638
spill,262144,1,262395,550573
spill,262144,4,1049580,1348349
spill,262144,1,262395,796148
spill,262144,1,262395,878504
spill,262144,1,262395,652533
spill,262144,1,262395,977906
spill,262144,1,262395,891190
spill,262144,1,262395,537651
spill,262144,1,262395,882620
spill,262144,2,524790,816004
spill,262144,2,524790,1062709
spill,262144,1,262395,786598
spill,262144,1,262395,915557
spill,262144,2,524790,796430
spill,262144,1,262395,1127442
spill,262144,1,262395,837490
spill,262144,2,524790,1115963
spill,262144,1,262395,703000
spill,262144,1,262395,1289669
spill,262144,1,262395,1104565
spill,262144,1,262395,698871
spill,262144,1,262395,954930
spill,262144,1,262395,1630456
spill,262144,1,262395,1477816
spill,262144,1,262395,1616975
spill,262144,2,524790,1206486
spill,262144,1,262395,1164321
spill,262144,1,262395,1020107
spill,262144,2,524790,1041681
spill,262144,1,262395,870188
spill,262144,1,262395,662104
spill,262144,2,524790,1191757
spill,262144,1,262395,1061844
spill,262144,2,524790,1141432
spill,262144,1,262395,682310
spill,262144,1,262395,1140272
spill,262144,3,787185,1028660
spill,262144,2,524790,903084
spill,262144,1,262395,728087
spill,262144,2,524790,1040608
spill,262144,1,262395,639848
spill,262144,1,262395,521625
spill,262144,1,262395,1056622
spill,262144,1,262395,1097237
spill,262144,1,262395,1060291
spill,262144,2,524790,1347921
spill,262144,2,524790,911265
spill,262144,1,262395,1237494
spill,262144,1,262395,898282
spill,262144,2,524790,1170611
spill,262144,1,262395,646368
spill,262144,4,1049580,1526595
spill,262144,4,1049580,1124186
spill,262144,2,524790,836783
spill,262144,1,262395,589665
spill,262144,1,262395,539041
spill,262144,1,262395,808197
spill,262144,3,787185,841865
spill,262144,2,524790,738765
spill,262144,2,524790,855664
spill,262144,1,262395,590909
spill,262144,2,524790,1031514
spill,262144,1,262395,574447
spill,262144,3,787185,873551
spill,262144,1,262395,563132
spill,262144,1,262395,773422
spill,262144,1,262395,806069
spill,262144,1,262395,980248
spill,262144,3,787185,811326
spill,262144,2,524790,804646
spill,262144,1,262395,583427
spill,262144,3,787185,1054948
spill,262144,1,262395,634743
spill,262144,1,262395,1128613
spill,262144,1,262395,628268
spill,262144,2,524790,1288900
spill,262144,2,524790,815203
spill,262144,2,524790,693161
spill,262144,1,262395,511486
spill,262144,1,262395,524065
spill,262144,1,262395,492860
spill,262144,1,262395,576892
spill,262144,2,524790,610914
spill,262144,1,262395,520586
spill,262144,2,524790,1203895
spill,262144,1,262395,508283
spill,262144,2,524790,905675
spill,262144,1,262395,1028948
spill,262144,2,524790,654017
spill,262144,2,524790,862558
spill,262144,1,262395,892288
spill,262144,1,262395,663294
spill,262144,1,262395,489883
spill,262144,2,524790,842074
spill,262144,1,262395,597059
spill,262144,1,262395,539320
spill,262144,2,524790,882301
spill,262144,1,262395,477323
spill,262144,3,787185,981318
spill,262144,3,787185,917435
spill,262144,1,262395,744190
spill,262144,2,524790,799234
spill,262144,2,524790,759303
spill,262144,1,262395,600580
spill,262144,1,262395,646486
spill,262144,2,524790,822198
spill,262144,1,262395,578895
spill,262144,2,524790,815005
spill,262144,1,262395,549497
spill,262144,1,262395,518427
spill,262144,3,787185,824192
spill,262144,1,262395,516574
spill,262144,2,524790,853651
spill,262144,1,262395,558220
spill,262144,2,524790,742878
spill,262144,1,262395,571931
spill,262144,1,262395,752492
spill,262144,2,524790,829379
spill,262144,1,262395,852066
spill,262144,1,262395,560375
spill,262144,1,262395,647029
spill,262144,2,524790,1003577
spill,262144,1,262395,1067251
spill,262144,2,524790,858504
spill,262144,2,524790,949104
spill,262144,1,262395,633690
spill,262144,1,262395,519146
spill,262144,3,787185,909756
spill,262144,1,262395,685061
spill,262144,1,262395,787450
spill,262144,1,262395,708794
spill,262144,1,262395,566890
spill,262144,1,262395,472041
spill,262144,1,262395,608964
spill,262144,4,1049580,1081160
spill,262144,2,524790,783216
spill,262144,1,262395,564653
spill,262144,1,262395,556152
spill,262144,1,262395,512131
spill,262144,1,262395,458233
spill,262144,1,262395,468558
spill,262144,1,262395,813973
spill,262144,1,262395,721535
spill,262144,1,262395,727873
spill,262144,1,262395,578860
spill,262144,1,262395,678436
spill,262144,2,524790,702110
spill,262144,1,262395,531048
spill,262144,1,262395,523173
spill,262144,1,262395,542342
spill,262144,2,524790,644397
spill,262144,1,262395,493281
spill,262144,1,262395,478705
spill,262144,1,262395,493826
spill,262144,1,262395,526917
spill,262144,1,262395,543886
spill,262144,1,262395,455029
spill,262144,2,524790,715010
spill,262144,1,262395,589296
spill,262144,1,262395,590405
spill,262144,1,262395,473789
spill,262144,1,262395,453389
spill,262144,1,262395,527963
spill,262144,1,262395,517771
spill,262144,1,262395,496505
spill,262144,1,262395,514242
spill,262144,1,262395,503911
spill,262144,1,262395,585853
spill,262144,2,524790,657140
spill,262144,2,524790,785521
spill,262144,1,262395,521623
spill,262144,1,262395,592340
spill,262144,3,787185,1035440
spill,262144,1,262395,732769
spill,262144,1,262395,551190
spill,262144,1,262395,783972
spill,262144,1,262395,619947
spill,262144,2,524790,845198
spill,262144,1,262395,693387
spill,262144,2,524790,669625
spill,262144,1,262395,495597
spill,262144,1,262395,448704
spill,262144,1,262395,545109
spill,262144,2,524790,650155
spill,262144,1,262395,482439
spill,262144,1,262395,531685
spill,262144,1,262395,697230
spill,262144,1,262395,565311
spill,262144,1,262395,531641
spill,262144,1,262395,589461
spill,262144,1,262395,524230
spill,262144,1,262395,599435
spill,262144,1,262395,509309
spill,262144,1,262395,529627
spill,262144,1,262395,484346
spill,262144,1,262395,651525
spill,262144,3,787185,1083710
spill,262144,2,524790,848778
spill,262144,1,262395,723168
spill,262144,1,262395,499382
spill,262144,1,262395,803377
spill,262144,2,524790,1027248
spill,262144,1,262395,1086108
spill,262144,1,262395,952409
spill,262144,2,524790,1271957
spill,262144,1,262395,811663
spill,262144,2,524790,1224578
spill,262144,2,524790,733016
spill,262144,1,262395,832260
spill,262144,2,524790,765108
spill,262144,2,524790,2147744
spill,262144,1,262395,2129197
spill,262144,2,524790,4476794
spill,262144,2,524790,1443441
spill,262144,1,262395,684302
spill,262144,3,787185,929873
spill,262144,2,524790,739143
spill,262144,2,524790,778657
spill,262144,2,524790,727004
spill,262144,1,262395,531949
spill,262144,3,787185,893289
spill,262144,1,262395,513229
spill,262144,1,262395,611100
spill,262144,8,2099160,1924560
spill,262144,2,524790,707790
spill,262144,1,262395,583036
spill,262144,1,262395,614516
spill,262144,1,262395,447134
spill,262144,2,524790,764350
spill,262144,2,524790,810975
spill,262144,1,262395,474095
spill,262144,2,524790,666113
spill,262144,1,262395,549455
spill,262144,1,262395,531353
spill,262144,1,262395,469421
spill,262144,1,262395,512090
spill,262144,2,524790,785596
spill,262144,1,262395,718363
spill,262144,1,262395,474961
spill,262144,1,262395,523543
spill,262144,1,262395,541158
spill,262144,1,262395,535595
spill,262144,1,262395,516990
spill,262144,1,262395,589677
spill,262144,1,262395,531195
spill,262144,2,524790,630844
spill,262144,1,262395,428789
spill,262144,1,262395,534981
spill,262144,1916,502748820,302138017
spill,524288,1,524539,1604970
spill,524288,2,1049078,2076454
spill,524288,2,1049078,2438377
spill,524288,2,1049078,1188234
spill,524288,1,524539,908315
spill,524288,3,1573617,1564874
spill,524288,1,524539,736585
spill,524288,2,1049078,1037836
spill,524288,1,524539,639285
spill,524288,1,524539,809789
spill,524288,1,524539,687732
spill,524288,1,524539,629067
spill,524288,1,524539,1038220
spill,524288,1,524539,729369
spill,524288,1,524539,870895
spill,524288,2,1049078,1553664
spill,524288,2,1049078,1412220
spill,524288,2,1049078,1022395
spill,524288,2,1049078,1074375
spill,524288,2,1049078,1155125
spill,524288,1,524539,737832
spill,524288,1,524539,643730
spill,524288,1,524539,705282
spill,524288,1,524539,833382
spill,524288,2,1049078,1756027
spill,524288,2,1049078,1375777
spill,524288,2,1049078,1928366
spill,524288,2,1049078,1437299
spill,524288,1,524539,1016315
spill,524288,2,1049078,1150509
spill,524288,1,524539,802330
spill,524288,1,524539,934359
spill,524288,1,524539,773484
spill,524288,1,524539,755627
spill,524288,1,524539,1106123
spill,524288,1,524539,1165633
spill,524288,2,1049078,1354118
spill,524288,1,524539,1040453
spill,524288,1,524539,1343115
spill,524288,2,1049078,1333978
spill,524288,1,524539,910230
spill,524288,1,524539,1071068
spill,524288,2,1049078,1445687
spill,524288,2,1049078,1402920
spill,524288,2,1049078,1162818
spill,524288,1,524539,941427
spill,524288,1,524539,1020853
spill,524288,1,524539,766033
spill,524288,1,524539,681636
spill,524288,1,524539,979509
spill,524288,1,524539,767982
spill,524288,1,524539,867090
spill,524288,2,1049078,1069977
spill,524288,1,524539,803361
spill,524288,1,524539,808316
spill,524288,1,524539,759137
spill,524288,1,524539,782233
spill,524288,1,524539,779472
spill,524288,2,1049078,1183077
spill,524288,2,1049078,1095560
spill,524288,1,524539,705270
spill,524288,2,1049078,1085263
spill,524288,2,1049078,1129321
spill,524288,2,1049078,1179406
spill,524288,1,524539,1013695
spill,524288,1,524539,731066
spill,524288,1,524539,809263
spill,524288,1,524539,861506
spill,524288,2,1049078,1075872
spill,524288,1,524539,874696
spill,524288,1,524539,818514
spill,524288,1,524539,758011
spill,524288,2,1049078,1287555
spill,524288,2,1049078,1299030
spill,524288,2,1049078,1117262
spill,524288,1,524539,658228
spill,524288,2,1049078,1045189
spill,524288,2,1049078,1251865
spill,524288,1,524539,681504
spill,524288,1,524539,747469
spill,524288,1,524539,1089518
spill,524288,1,524539,1002388
spill,524288,1,524539,1179697
spill,524288,2,1049078,1365838
spill,524288,2,1049078,1138337
spill,524288,2,1049078,1169852
spill,524288,1,524539,714135
spill,524288,2,1049078,1125593
spill,524288,2,1049078,1233780
spill,524288,1,524539,803290
spill,524288,1,524539,822549
spill,524288,1,524539,957106
spill,524288,1,524539,716687
spill,524288,1,524539,799987
spill,524288,1,524539,837518
spill,524288,1,524539,798132
spill,524288,1,524539,997771
spill,524288,2,1049078,1015279
spill,524288,1,524539,840647
spill,524288,2,1049078,1304081
spill,524288,1,524539,648193
spill,524288,1,524539,754851
spill,524288,1,524539,756204
spill,524288,1,524539,657846
spill,524288,1,524539,793254
spill,524288,1,524539,679209
spill,524288,2,1049078,1063186
spill,524288,1,524539,970822
spill,524288,1,524539,767567
spill,524288,1,524539,770888
spill,524288,1,524539,857262
spill,524288,1,524539,931255
spill,524288,2,1049078,1076463
spill,524288,1,524539,723719
spill,524288,1,524539,673785
spill,524288,2,1049078,1204488
spill,524288,1,524539,674908
spill,524288,1,524539,777632
spill,524288,1,524539,875255
spill,524288,1,524539,677897
spill,524288,1,524539,794448
spill,524288,1,524539,697927
spill,524288,1,524539,1033935
spill,524288,1,524539,853853
spill,524288,3,1573617,1514327
spill,524288,2,1049078,1205660
spill,524288,1,524539,741020
spill,524288,2,1049078,1160861
spill,524288,1,524539,771271
spill,524288,1,524539,753415
spill,524288,1,524539,718097
spill,524288,1,524539,692162
spill,524288,1,524539,683062
spill,524288,3,1573617,1505459
spill,524288,1,524539,815224
spill,524288,2,1049078,1181632
spill,524288,1,524539,951422
spill,524288,2,1049078,1009055
spill,524288,2,1049078,1014978
spill,524288,1,524539,1078659
spill,524288,1,524539,714696
spill,524288,3,1573617,1426061
spill,524288,2,1049078,1170322
spill,524288,2,1049078,1058129
spill,524288,1,524539,738122
spill,524288,1,524539,935725
spill,524288,1,524539,725394
spill,524288,1,524539,1117138
spill,524288,1,524539,1024724
spill,524288,3,1573617,1486011
spill,524288,1,524539,955945
spill,524288,1,524539,745595
spill,524288,1,524539,722828
spill,524288,1,524539,822750
spill,524288,1,524539,713936
spill,524288,2,1049078,1045112
spill,524288,1,524539,606390
spill,524288,1,524539,800948
spill,524288,3,1573617,1736925
spill,524288,2,1049078,1103714
spill,524288,3,1573617,1514594
spill,524288,1,524539,689704
spill,524288,1,524539,650917
spill,524288,1,524539,945728
spill,524288,2,1049078,1193543
spill,524288,1,524539,715979
spill,524288,1,524539,716500
spill,524288,1,524539,705068
spill,524288,1,524539,683762
spill,524288,1,524539,764800
spill,524288,1,524539,653270
spill,524288,1,524539,714802
spill,524288,1,524539,764651
spill,524288,1,524539,748103
spill,524288,1,524539,888249
spill,524288,3,1573617,1399627
spill,524288,1,524539,640138
spill,524288,1,524539,697124
spill,524288,1,524539,707674
spill,524288,1,524539,584109
spill,524288,1,524539,650894
spill,524288,2,1049078,1011376
spill,524288,1,524539,707226
spill,524288,2,1049078,1097278
spill,524288,1,524539,685889
spill,524288,1,524539,812966
spill,524288,1,524539,809082
spill,524288,3,1573617,1942422
spill,524288,1,524539,725634
spill,524288,1,524539,783300
spill,524288,2,1049078,1199751
spill,524288,1,524539,780655
spill,524288,1,524539,656458
spill,524288,2,1049078,1309269
spill,524288,2,1049078,1244785
spill,524288,1,524539,633182
spill,524288,2,1049078,1061407
spill,524288,2,1049078,1039694
spill,524288,1,524539,673436
spill,524288,1,524539,915985
spill,524288,1,524539,1208337
spill,524288,1,524539,939460
spill,524288,1,524539,827234
spill,524288,1,524539,938283
spill,524288,2,1049078,973294
spill,524288,1,524539,700702
spill,524288,1,524539,649587
spill,524288,1,524539,990767
spill,524288,3,1573617,1704418
spill,524288,1,524539,614030
spill,524288,2,1049078,1408868
spill,524288,1,524539,1120246
spill,524288,2,1049078,1509883
spill,524288,1,524539,1271590
spill,524288,1,524539,1003598
spill,524288,2,1049078,1519324
spill,524288,1,524539,731899
spill,524288,2,1049078,1125335
spill,524288,1,524539,965111
spill,524288,1,524539,745111
spill,524288,1,524539,816783
spill,524288,1,524539,743748
spill,524288,2,1049078,1353367
spill,524288,1,524539,838999
spill,524288,1,524539,723846
spill,524288,1,524539,1092139
spill,524288,2,1049078,1268728
spill,524288,2,1049078,1033338
spill,524288,1,524539,832728
spill,524288,1,524539,978414
spill,524288,1,524539,623477
spill,524288,1,524539,685720
spill,524288,1,524539,851219
spill,524288,2,1049078,1049250
spill,524288,1,524539,918057
spill,524288,2,1049078,1212353
spill,524288,1,524539,731397
spill,524288,1,524539,745960
spill,524288,1,524539,696857
spill,524288,3,1573617,1876851
spill,524288,1,524539,685474
spill,524288,2,1049078,1315557
spill,524288,1,524539,821159
spill,524288,1,524539,708141
spill,524288,2,1049078,1089344
spill,524288,1,524539,871583
spill,524288,1,524539,847531
spill,524288,1,524539,808847
spill,524288,1,524539,712107
spill,524288,1,524539,1030518
spill,524288,2,1049078,997815
spill,524288,1,524539,878596
spill,524288,2,1049078,1176274
spill,524288,2,1049078,1012693
spill,524288,1,524539,965540
spill,524288,2,1049078,1071524
spill,524288,1,524539,1118223
spill,524288,1,524539,802468
spill,524288,1,524539,748271
spill,524288,1,524539,741866
spill,524288,1,524539,723459
spill,524288,1,524539,941625
spill,524288,1,524539,647091
spill,524288,1,524539,688760
spill,524288,1,524539,955779
spill,524288,2,1049078,1138952
spill,524288,1,524539,826608
spill,524288,2,1049078,1051085
spill,524288,2,1049078,1066187
spill,524288,1,524539,624167
spill,524288,1,524539,934128
spill,524288,1,524539,667773
spill,524288,1,524539,822921
spill,524288,1,524539,926010
spill,524288,2,1049078,1136078
spill,524288,1,524539,723737
spill,524288,1,524539,885088
spill,524288,1,524539,946190
spill,524288,2,1049078,1064724
spill,524288,1,524539,872294
spill,524288,1,524539,657219
spill,524288,2,1049078,1071980
spill,524288,1,524539,785063
spill,524288,1,524539,973422
spill,524288,1,524539,621337
spill,524288,1,524539,812020
spill,524288,1,524539,890051
spill,524288,1,524539,734500
spill,524288,1,524539,709417
spill,524288,1,524539,858604
spill,524288,1,524539,699702
spill,524288,1,524539,737992
spill,524288,1,524539,673627
spill,524288,1,524539,689760
spill,524288,2,1049078,1295277
spill,524288,1,524539,686788
spill,524288,1,524539,793325
spill,524288,2,1049078,1112314
spill,524288,1,524539,693667
spill,524288,2,1049078,1183685
spill,524288,4,2098156,1865387
spill,524288,2,1049078,1224941
spill,524288,2,1049078,1037375
spill,524288,2,1049078,1218445
spill,524288,1,524539,744005
spill,524288,1,524539,697767
spill,524288,1,524539,787491
spill,524288,1,524539,843105
spill,524288,2,1049078,1065711
spill,524288,1,524539,911637
spill,524288,2,1049078,1119038
spill,524288,1,524539,671002
spill,524288,1,524539,1200173
spill,524288,1,524539,1153238
spill,524288,2,1049078,1867999
spill,524288,1,524539,1205066
spill,524288,2,1049078,1043717
spill,524288,2,1049078,1171218
spill,524288,1,524539,778107
spill,524288,1,524539,989837
spill,524288,1,524539,695925
spill,524288,1,524539,674441
spill,524288,2,1049078,1016265
spill,524288,1,524539,805119
spill,524288,2,1049078,1068083
spill,524288,1,524539,824816
spill,524288,1,524539,907161
spill,524288,1,524539,682075
spill,524288,2,1049078,1047158
spill,524288,2,1049078,1241882
spill,524288,1,524539,785950
spill,524288,2,1049078,1105372
spill,524288,1,524539,681274
spill,524288,1,524539,681919
spill,524288,2,1049078,1114076
spill,524288,1,524539,646420
spill,524288,1,524539,767922
spill,524288,2,1049078,1086683
spill,524288,1,524539,796880
spill,524288,1,524539,778110
spill,524288,1,524539,1095599
spill,524288,2,1049078,983862
spill,524288,2,1049078,1030180
spill,524288,1,524539,747733
spill,524288,2,1049078,1178417
spill,524288,1,524539,616472
spill,524288,1,524539,727744
spill,524288,2,1049078,1028933
spill,524288,1,524539,691336
spill,524288,1,524539,638366
spill,524288,1,524539,750577
spill,524288,1,524539,929553
spill,524288,2,1049078,1397965
spill,524288,2,1049078,1217851
spill,524288,1,524539,771552
spill,524288,1,524539,906274
spill,524288,1,524539,826532
spill,524288,3,1573617,1547844
spill,524288,1,524539,837822
spill,524288,1,524539,752896
spill,524288,2,1049078,1058293
spill,524288,1,524539,716153
spill,524288,2,1049078,1039253
spill,524288,1,524539,721742
spill,524288,1,524539,721999
spill,524288,1,524539,666066
spill,524288,1,524539,750339
spill,524288,1,524539,805745
spill,524288,1,524539,651594
spill,524288,1,524539,680664
spill,524288,1,524539,712766
spill,524288,1,524539,667922
spill,524288,2,1049078,1098504
spill,524288,1,524539,592902
spill,524288,1,524539,825795
spill,524288,1,524539,729896
spill,524288,1,524539,632660
spill,524288,1,524539,686254
spill,524288,1,524539,755804
spill,524288,1,524539,666034
spill,524288,1,524539,678460
spill,524288,1,524539,1156113
spill,524288,2,1049078,1130526
spill,524288,1,524539,808959
spill,524288,1,524539,716747
spill,524288,1,524539,830008
spill,524288,2,1049078,1111636
spill,524288,1,524539,615753
spill,524288,1,524539,659695
spill,524288,1,524539,770783
spill,524288,1,524539,621272
spill,524288,1,524539,700944
spill,524288,1,524539,697547
spill,524288,1,524539,669082
spill,524288,1,524539,938490
spill,524288,3,1573617,1502402
spill,524288,2,1049078,1260887
spill,524288,1,524539,682870
spill,524288,1,524539,746715
spill,524288,1,524539,753540
spill,524288,1,524539,692964
spill,524288,1,524539,699283
spill,524288,2,1049078,1112381
spill,524288,2,1049078,1076324
spill,524288,1,524539,843115
spill,524288,2,1049078,1083807
spill,524288,1,524539,943553
spill,524288,2,1049078,1283229
spill,524288,1,524539,804547
spill,524288,1,524539,877337
spill,524288,1,524539,1056910
spill,524288,1,524539,768622
spill,524288,2,1049078,1544545
spill,524288,1,524539,1161387
spill,524288,1,524539,698292
spill,524288,1,524539,707930
spill,524288,2,1049078,1146097
spill,524288,1,524539,835785
spill,524288,1,524539,1004902
spill,524288,1,524539,1088221
spill,524288,1,524539,680947
spill,524288,2,1049078,990697
spill,524288,2,1049078,1254351
spill,524288,1,524539,790575
spill,524288,2,1049078,1287190
spill,524288,1,524539,949851
spill,524288,1,524539,1080165
spill,524288,2,1049078,952646
spill,524288,1,524539,967091
spill,524288,2,1049078,1087545
spill,524288,1,524539,660711
spill,524288,1,524539,862307
spill,524288,1,524539,1174844
spill,524288,2,1049078,1239312
spill,524288,1,524539,1059760
spill,524288,1,524539,1254272
spill,524288,1,524539,1139588
spill,524288,1,524539,836691
spill,524288,1,524539,830665
spill,524288,1,524539,866754
spill,524288,2,1049078,1306137
spill,524288,2,1049078,1283327
spill,524288,2,1049078,1623303
spill,524288,2,1049078,1332555
spill,524288,1,524539,1396921
spill,524288,1,524539,1145906
spill,524288,1,524539,1144734
spill,524288,1,524539,727537
spill,524288,1,524539,825586
spill,524288,2,1049078,1245223
spill,524288,1,524539,719935
spill,524288,1,524539,752058
spill,524288,1,524539,757689
spill,524288,1,524539,1265764
spill,524288,1,524539,2161879
spill,524288,1,524539,1877278
spill,524288,1,524539,2282574
spill,524288,1,524539,710005
spill,524288,1,524539,746903
spill,524288,1,524539,964293
spill,524288,1,524539,727815
spill,524288,1,524539,1321677
spill,524288,2,1049078,1692930
spill,524288,2,1049078,1210401
spill,524288,1,524539,1685696
spill,524288,2,1049078,1528182
spill,524288,2,1049078,1718366
spill,524288,1,524539,809974
spill,524288,1,524539,747553
spill,524288,1,524539,752312
spill,524288,1,524539,985017
spill,524288,1,524539,985116
spill,524288,1,524539,911838
spill,524288,1,524539,982438
spill,524288,2,1049078,1081619
spill,524288,2,1049078,1209472
spill,524288,2,1049078,1069204
spill,524288,2,1049078,1350780
spill,524288,2,1049078,1250721
spill,524288,1,524539,758173
spill,524288,1,524539,803020
spill,524288,1,524539,772713
spill,524288,1,524539,919521
spill,524288,1,524539,881435
spill,524288,2,1049078,1313098
spill,524288,1,524539,893985
spill,524288,1,524539,803121
spill,524288,1,524539,847934
spill,524288,1,524539,981972
spill,524288,2,1049078,1183022
spill,524288,1,524539,819902
spill,524288,2,1049078,1323651
spill,524288,3,1573617,1646904
spill,524288,1,524539,838448
spill,524288,2,1049078,1540148
spill,524288,1,524539,1103240
spill,524288,2,1049078,1335189
spill,524288,1,524539,820558
spill,524288,1,524539,988189
spill,524288,3,1573617,1517526
spill,524288,2,1049078,1178251
spill,524288,2,1049078,1091748
spill,524288,1,524539,884614
spill,524288,1,524539,680650
spill,524288,1,524539,697570
spill,524288,2,1049078,1065167
spill,524288,1,524539,771887
spill,524288,1,524539,790418
spill,524288,2,1049078,1299880
spill,524288,2,1049078,1082719
spill,524288,1,524539,584177
spill,524288,2,1049078,1176900
spill,524288,1,524539,741716
spill,524288,2,1049078,1225907
spill,524288,1,524539,699412
spill,524288,2,1049078,1109872
spill,524288,2,1049078,1049703
spill,524288,1,524539,719499
spill,524288,2,1049078,1133845
spill,524288,1,524539,869748
spill,524288,2,1049078,1389178
spill,524288,1,524539,608606
spill,524288,1,524539,984396
spill,524288,1,524539,942104
spill,524288,1,524539,638262
spill,524288,1,524539,715682
spill,524288,1,524539,649647
spill,524288,2,1049078,1294409
spill,524288,2,1049078,1099366
spill,524288,2,1049078,1050113
spill,524288,1,524539,882704
spill,524288,1,524539,778747
spill,524288,3,1573617,1737921
spill,524288,1,524539,708427
spill,524288,1,524539,642108
spill,524288,1,524539,638101
spill,524288,1,524539,944341
spill,524288,1,524539,649910
spill,524288,1,524539,919704
spill,524288,1,524539,636271
spill,524288,4,2098156,1856161
spill,524288,1,524539,775709
spill,524288,1,524539,760417
spill,524288,1,524539,779282
spill,524288,1,524539,671205
spill,524288,1,524539,723157
spill,524288,2,1049078,1335867
spill,524288,1,524539,668784
spill,524288,2,1049078,999472
spill,524288,1,524539,670745
spill,524288,1,524539,988272
spill,524288,1,524539,611624
spill,524288,1,524539,817605
spill,524288,2,1049078,1134620
spill,524288,1,524539,854158
spill,524288,1,524539,689071
spill,524288,1,524539,663873
spill,524288,2,1049078,1585385
spill,524288,2,1049078,1068158
spill,524288,2,1049078,1072279
spill,524288,1,524539,841390
spill,524288,1,524539,763626
spill,524288,1,524539,988608
spill,524288,2,1049078,1149630
spill,524288,1,524539,706681
spill,524288,2,1049078,1006576
spill,524288,1,524539,640800
spill,524288,2,1049078,1155661
spill,524288,2,1049078,1274781
spill,524288,2,1049078,1028802
spill,524288,2,1049078,1095960
spill,524288,1,524539,715527
spill,524288,1,524539,959685
spill,524288,1,524539,731551
spill,524288,2,1049078,1016302
spill,524288,1,524539,672304
spill,524288,1,524539,654335
spill,524288,2,1049078,968830
spill,524288,5,2622695,1954379
spill,524288,2,1049078,1165316
spill,524288,2,1049078,1072048
spill,524288,1,524539,693277
spill,524288,3,1573617,1346026
spill,524288,2,1049078,993404
spill,524288,1,524539,1293686
spill,524288,1,524539,626323
spill,524288,1,524539,1036687
spill,524288,2,1049078,1384393
spill,524288,3,1573617,1289235
spill,524288,1,524539,709695
spill,524288,2,1049078,1059556
spill,524288,1,524539,660335
spill,524288,1,524539,630861
spill,524288,3,1573617,1392250
spill,524288,1,524539,928418
spill,524288,1,524539,649770
spill,524288,1,524539,968901
spill,524288,1,524539,612800
spill,524288,1,524539,674958
spill,524288,2,1049078,961897
spill,524288,2,1049078,962728
spill,524288,1,524539,795407
spill,524288,1,524539,664053
spill,524288,3,1573617,1303772
spill,524288,1,524539,733343
spill,524288,2,1049078,1097859
spill,524288,1,524539,774752
spill,524288,1,524539,744127
spill,524288,1,524539,771711
spill,524288,1,524539,1046445
spill,524288,2,1049078,1179935
spill,524288,1,524539,1085837
spill,524288,1,524539,752427
spill,524288,2,1049078,1448384
spill,524288,1,524539,1007728
spill,524288,1,524539,767370
spill,524288,3,1573617,1519532
spill,524288,1,524539,1392057
spill,524288,1,524539,2421277
spill,524288,1,524539,780001
spill,524288,3,1573617,2000779
spill,524288,2,1049078,1502838
spill,524288,1,524539,1250314
spill,524288,1,524539,916680
spill,524288,1,524539,1074435
spill,524288,1,524539,1179408
spill,524288,1,524539,718637
spill,524288,1,524539,907791
spill,524288,2,1049078,1051095
spill,524288,2,1049078,1249002
spill,524288,1,524539,1066207
spill,524288,1,524539,1399411
spill,524288,1,524539,1432024
spill,524288,1,524539,840164
spill,524288,3,1573617,1693745
spill,524288,2,1049078,1645046
spill,524288,2,1049078,2146232
spill,524288,3,1573617,1978504
spill,524288,1,524539,1441673
spill,524288,2,1049078,1196803
spill,524288,2,1049078,1004633
spill,524288,2,1049078,1364697
spill,524288,2,1049078,1104464
spill,524288,1,524539,883343
spill,524288,2,1049078,1354510
spill,524288,1,524539,1267467
spill,524288,1,524539,1239094
spill,524288,1,524539,918503
spill,524288,2,1049078,1064264
spill,524288,2,1049078,1083247
spill,524288,1,524539,663702
spill,524288,2,1049078,1075287
spill,524288,2,1049078,1392049
spill,524288,2,1049078,1068414
spill,524288,1,524539,1170452
spill,524288,1,524539,922573
spill,524288,1,524539,648563
spill,524288,1,524539,1169673
spill,524288,2,1049078,965843
spill,524288,1,524539,710146
spill,524288,1,524539,665131
spill,524288,1,524539,601269
spill,524288,2,1049078,952071
spill,524288,1,524539,752153
spill,524288,2,1049078,1138143
spill,524288,1,524539,767247
spill,524288,1,524539,662829
spill,524288,2,1049078,1442168
spill,524288,1,524539,950444
spill,524288,1,524539,724686
spill,524288,1,524539,705960
spill,524288,1,524539,775457
spill,524288,1,524539,667408
spill,524288,1,524539,633437
spill,524288,1,524539,707178
spill,524288,2,1049078,1211329
spill,524288,1,524539,713366
spill,524288,1,524539,677167
spill,524288,3,1573617,1519867
spill,524288,3,1573617,1379884
spill,524288,1,524539,873325
spill,524288,1,524539,743404
spill,524288,1,524539,774901
spill,524288,1,524539,859216
spill,524288,2,1049078,1181139
spill,524288,1,524539,787733
spill,524288,2,1049078,1060777
spill,524288,1,524539,618918
spill,524288,3,1573617,1327870
spill,524288,1,524539,687741
spill,524288,2,1049078,993869
spill,524288,1,524539,801108
spill,524288,2,1049078,983346
spill,524288,2,1049078,1079973
spill,524288,1,524539,886691
spill,524288,2,1049078,1064464
spill,524288,1,524539,714958
spill,524288,1,524539,714989
spill,524288,1,524539,654291
spill,524288,2,1049078,1109032
spill,524288,1,524539,610767
spill,524288,1,524539,890923
spill,524288,2,1049078,1186111
spill,524288,1,524539,708706
spill,524288,2,1049078,1129175
spill,524288,1,524539,622587
spill,524288,1,524539,643401
spill,524288,1,524539,775287
spill,524288,1,524539,658724
spill,524288,1,524539,624349
spill,524288,1,524539,704198
spill,524288,1,524539,829604
spill,524288,2,1049078,1039328
spill,524288,2,1049078,968348
spill,524288,1,524539,762613
spill,524288,2,1049078,1181832
spill,524288,1,524539,829345
spill,524288,1,524539,724745
spill,524288,1,524539,881179
spill,524288,1,524539,644524
spill,524288,1,524539,939892
spill,524288,1,524539,973305
spill,524288,2,1049078,1311272
spill,524288,1,524539,744689
spill,524288,1,524539,866043
spill,524288,1,524539,873513
spill,524288,1,524539,689518
spill,524288,2,1049078,1034026
spill,524288,2,1049078,1111276
spill,524288,1,524539,973634
spill,524288,2,1049078,1240462
spill,524288,1,524539,987240
spill,524288,2,1049078,1064711
spill,524288,3,1573617,1329798
spill,524288,2,1049078,1271354
spill,524288,3,1573617,1446585
spill,524288,2,1049078,1320441
spill,524288,1,524539,1104833
spill,524288,1,524539,897931
spill,524288,1,524539,1285165
spill,524288,2,1049078,1167464
spill,524288,2,1049078,1010499
spill,524288,2,1049078,1034623
spill,524288,2,1049078,1425594
spill,524288,3,1573617,1778198
spill,524288,2,1049078,1514284
spill,524288,1,524539,779779
spill,524288,1,524539,715857
spill,524288,4,2098156,1731635
spill,524288,1,524539,1199020
spill,524288,2,1049078,1622698
spill,524288,2,1049078,1549524
spill,524288,2,1049078,1825105
spill,524288,1,524539,1109329
spill,524288,1,524539,1215022
spill,524288,1,524539,1863513
spill,524288,1,524539,1732461
spill,524288,2,1049078,1534477
spill,524288,1,524539,1233974
spill,524288,2,1049078,2074635
spill,524288,2,1049078,2567900
spill,524288,2,1049078,1244130
spill,524288,1,524539,1134366
spill,524288,1,524539,1372027
spill,524288,1,524539,1597964
spill,524288,1,524539,1654224
spill,524288,1,524539,817025
spill,524288,1,524539,838815
spill,524288,1,524539,1224095
spill,524288,2,1049078,1352664
spill,524288,1,524539,1207540
spill,524288,1,524539,1129142
spill,524288,2,1049078,1442590
spill,524288,1,524539,1077135
spill,524288,2,1049078,1044172
spill,524288,1,524539,2179227
spill,524288,2,1049078,2406367
spill,524288,2,1049078,1388371
spill,524288,4,2098156,1635706
spill,524288,2,1049078,1085790
spill,524288,1,524539,955918
spill,524288,1,524539,781389
spill,524288,1,524539,766814
spill,524288,1,524539,1112179
spill,524288,2,1049078,932066
spill,524288,1,524539,926180
spill,524288,1,524539,851557
spill,524288,1,524539,713427
spill,524288,1,524539,639864
spill,524288,2,1049078,973208
spill,524288,2,1049078,949684
spill,524288,1,524539,685355
spill,524288,2,1049078,1270795
spill,524288,1,524539,966987
spill,524288,1,524539,1256994
spill,524288,1,524539,698412
spill,524288,2,1049078,1020356
spill,524288,1,524539,701481
spill,524288,1,524539,849624
spill,524288,2,1049078,1109551
spill,524288,1,524539,755476
spill,524288,1,524539,825680
spill,524288,1,524539,918707
spill,524288,2,1049078,1017304
spill,524288,1,524539,789875
spill,524288,3,1573617,1559286
spill,524288,1,524539,1059314
spill,524288,2,1049078,1096410
spill,524288,1,524539,964990
spill,524288,2,1049078,1312847
spill,524288,1,524539,811457
spill,524288,1,524539,784594
spill,524288,1,524539,1124785
spill,524288,1,524539,1186627
spill,524288,1,524539,847365
spill,524288,1,524539,699966
spill,524288,1,524539,974070
spill,524288,1,524539,624981
spill,524288,1,524539,791314
spill,524288,1,524539,1125780
spill,524288,1,524539,810817
spill,524288,1,524539,1189968
spill,524288,4,2098156,1959665
spill,524288,1,524539,818146
spill,524288,1,524539,834881
spill,524288,1,524539,962648
spill,524288,1,524539,701757
spill,524288,1,524539,918821
spill,524288,3,1573617,1657362
spill,524288,1,524539,821632
spill,524288,1,524539,1131182
spill,524288,1,524539,736146
spill,524288,1,524539,732445
spill,524288,1,524539,938708
spill,524288,1,524539,722466
spill,524288,1,524539,657754
spill,524288,1,524539,720342
spill,524288,3,1573617,1310252
spill,524288,1,524539,714713
spill,524288,1,524539,723329
spill,524288,1,524539,682142
spill,524288,1,524539,666973
spill,524288,1,524539,719057
spill,524288,2,1049078,1101764
spill,524288,1,524539,762519
spill,524288,1,524539,627479
spill,524288,1,524539,661989
spill,524288,2,1049078,936425
spill,524288,2,1049078,1012479
spill,524288,1,524539,771389
spill,524288,1,524539,813360
spill,524288,1,524539,726006
spill,524288,2,1049078,1073723
spill,524288,1,524539,653272
spill,524288,1,524539,785754
spill,524288,1,524539,810471
spill,524288,1,524539,673167
spill,524288,1,524539,748432
spill,524288,1,524539,959764
spill,524288,1,524539,794518
spill,524288,958,502508362,330317246
spill,524288,1,524539,6565390
spill,524288,2,1049078,7197742
spill,524288,2,1049078,7116853
spill,524288,1,524539,2204871
spill,524288,1,524539,1987680
spill,524288,3,1573617,2034656
spill,524288,1,524539,1593031
spill,524288,1,524539,1483874
spill,524288,1,524539,1024949
spill,524288,1,524539,887947
spill,524288,1,524539,1200178
spill,524288,2,1049078,1779106
spill,524288,1,524539,1105553
spill,524288,2,1049078,1816676
spill,524288,4,2098156,1939069
spill,524288,1,524539,1346795
spill,524288,2,1049078,1202802
spill,524288,3,1573617,1893345
spill,524288,1,524539,1125278
spill,524288,3,1573617,1724886
spill,524288,1,524539,1315357
spill,524288,1,524539,983747
spill,524288,2,1049078,1541527
spill,524288,1,524539,1684012
spill,524288,1,524539,1362764
spill,524288,2,1049078,1598273
spill,524288,1,524539,1053195
spill,524288,1,524539,1078345
spill,524288,1,524539,1606601
spill,524288,2,1049078,1383086
spill,524288,2,1049078,1376643
spill,524288,2,1049078,1449460
spill,524288,1,524539,1383406
spill,524288,2,1049078,1231766
spill,524288,1,524539,1031414
spill,524288,1,524539,783775
spill,524288,1,524539,956481
spill,524288,2,1049078,1271553
spill,524288,1,524539,982442
spill,524288,1,524539,986154
spill,524288,1,524539,713898
spill,524288,1,524539,1090352
spill,524288,1,524539,645960
spill,524288,1,524539,706538
spill,524288,1,524539,724668
spill,524288,1,524539,890274
spill,524288,3,1573617,1436483
spill,524288,1,524539,943333
spill,524288,1,524539,902001
spill,524288,1,524539,930112
spill,524288,1,524539,1162656
spill,524288,1,524539,1210964
spill,524288,1,524539,1358071
spill,524288,2,1049078,1242786
spill,524288,1,524539,957102
spill,524288,2,1049078,1214174
spill,524288,1,524539,931678
spill,524288,1,524539,935655
spill,524288,2,1049078,1663900
spill,524288,1,524539,1308073
spill,524288,2,1049078,1262056
spill,524288,1,524539,664875
spill,524288,1,524539,1023804
spill,524288,2,1049078,1287525
spill,524288,2,1049078,1136075
spill,524288,2,1049078,1184923
spill,524288,1,524539,839850
spill,524288,2,1049078,1594576
spill,524288,1,524539,701061
spill,524288,2,1049078,1090921
spill,524288,1,524539,887099
spill,524288,2,1049078,1322854
spill,524288,1,524539,831657
spill,524288,1,524539,666354
spill,524288,1,524539,676194
spill,524288,1,524539,952715
spill,524288,1,524539,697298
spill,524288,2,1049078,1173280
spill,524288,1,524539,908412
spill,524288,1,524539,896646
spill,524288,1,524539,681519
spill,524288,1,524539,908072
spill,524288,1,524539,1061407
spill,524288,1,524539,781539
spill,524288,1,524539,1192234
spill,524288,2,1049078,1649529
spill,524288,2,1049078,1411844
spill,524288,1,524539,1435599
spill,524288,1,524539,1468853
spill,524288,1,524539,2133346
spill,524288,1,524539,1086533
spill,524288,3,1573617,1669475
spill,524288,2,1049078,1368241
spill,524288,2,1049078,1225433
spill,524288,1,524539,1141957
spill,524288,1,524539,1234331
spill,524288,1,524539,940043
spill,524288,2,1049078,1427357
spill,524288,1,524539,908694
spill,524288,1,524539,1203962
spill,524288,2,1049078,1527542
spill,524288,1,524539,1362329
spill,524288,2,1049078,1612554
spill,524288,1,524539,1225125
spill,524288,1,524539,1608250
spill,524288,1,524539,1255716
spill,524288,2,1049078,1407775
spill,524288,2,1049078,1958204
spill,524288,1,524539,1119134
spill,524288,1,524539,1500042
spill,524288,4,2098156,2421096
spill,524288,1,524539,1164511
spill,524288,1,524539,1282980
spill,524288,1,524539,736105
spill,524288,2,1049078,1524141
spill,524288,1,524539,1121731
spill,524288,1,524539,849587
spill,524288,1,524539,891472
spill,524288,1,524539,642070
spill,524288,1,524539,1078194
spill,524288,2,1049078,1306929
spill,524288,2,1049078,1497283
spill,524288,2,1049078,1221973
spill,524288,1,524539,1023377
spill,524288,1,524539,998871
spill,524288,1,524539,744497
spill,524288,2,1049078,1018658
spill,524288,1,524539,1409937
spill,524288,2,1049078,1120553
spill,524288,1,524539,1534452
spill,524288,1,524539,1252794
spill,524288,1,524539,1168957
spill,524288,1,524539,1244013
spill,524288,1,524539,1253903
spill,524288,1,524539,813080
spill,524288,1,524539,1086018
spill,524288,2,1049078,1328741
spill,524288,2,1049078,1074268
spill,524288,1,524539,1122752
spill,524288,1,524539,842657
spill,524288,2,1049078,1181550
spill,524288,1,524539,974750
spill,524288,1,524539,1127186
spill,524288,2,1049078,1528812
spill,524288,2,1049078,1464260
spill,524288,1,524539,901981
spill,524288,1,524539,908418
spill,524288,1,524539,950131
spill,524288,1,524539,1110269
spill,524288,1,524539,1335246
spill,524288,3,1573617,1870183
spill,524288,1,524539,1585015
spill,524288,1,524539,1391284
spill,524288,1,524539,1494396
spill,524288,1,524539,1089873
spill,524288,1,524539,1147887
spill,524288,2,1049078,1285077
spill,524288,1,524539,1027315
spill,524288,1,524539,959290
spill,524288,1,524539,887759
spill,524288,1,524539,1077024
spill,524288,1,524539,992520
spill,524288,1,524539,744153
spill,524288,1,524539,1178998
spill,524288,1,524539,932367
spill,524288,2,1049078,1458878
spill,524288,1,524539,767594
spill,524288,4,2098156,2209476
spill,524288,2,1049078,1474841
spill,524288,2,1049078,1122957
spill,524288,1,524539,1005147
spill,524288,1,524539,1485814
spill,524288,1,524539,898866
spill,524288,1,524539,737641
spill,524288,2,1049078,1133012
spill,524288,2,1049078,922982
spill,524288,1,524539,730512
spill,524288,1,524539,749895
spill,524288,1,524539,908486
spill,524288,1,524539,895721
spill,524288,1,524539,722270
spill,524288,1,524539,677279
spill,524288,1,524539,721965
spill,524288,1,524539,871547
spill,524288,2,1049078,1283986
spill,524288,1,524539,735191
spill,524288,2,1049078,1080535
spill,524288,1,524539,1327426
spill,524288,1,524539,889986
spill,524288,3,1573617,1391232
spill,524288,2,1049078,1146449
spill,524288,3,1573617,1834262
spill,524288,2,1049078,1125696
spill,524288,2,1049078,1046119
spill,524288,1,524539,719781
spill,524288,1,524539,715352
spill,524288,3,1573617,1444846
spill,524288,2,1049078,970428
spill,524288,2,1049078,1049020
spill,524288,1,524539,714840
spill,524288,1,524539,801801
spill,524288,2,1049078,1026425
spill,524288,1,524539,687104
spill,524288,1,524539,887302
spill,524288,1,524539,1256515
spill,524288,1,524539,1010842
spill,524288,2,1049078,1664242
spill,524288,1,524539,869744
spill,524288,1,524539,650055
spill,524288,1,524539,760022
spill,524288,1,524539,746018
spill,524288,1,524539,671625
spill,524288,1,524539,772235
spill,524288,2,1049078,1432623
spill,524288,1,524539,681639
spill,524288,3,1573617,1969957
spill,524288,1,524539,1264754
spill,524288,1,524539,919961
spill,524288,2,1049078,1412210
spill,524288,1,524539,664346
spill,524288,3,1573617,1663375
spill,524288,2,1049078,1385017
spill,524288,1,524539,904441
spill,524288,1,524539,789748
spill,524288,1,524539,845623
spill,524288,2,1049078,1293032
spill,524288,1,524539,715088
spill,524288,2,1049078,1109204
spill,524288,2,1049078,1281060
spill,524288,2,1049078,1244979
spill,524288,2,1049078,1348685
spill,524288,1,524539,656179
spill,524288,1,524539,1093192
spill,524288,1,524539,797300
spill,524288,1,524539,736130
spill,524288,1,524539,949556
spill,524288,1,524539,654942
spill,524288,3,1573617,1667568
spill,524288,2,1049078,1157265
spill,524288,1,524539,813482
spill,524288,1,524539,809445
spill,524288,1,524539,875096
spill,524288,1,524539,1012472
spill,524288,2,1049078,1234598
spill,524288,1,524539,1358664
spill,524288,1,524539,1305406
spill,524288,1,524539,1236540
spill,524288,1,524539,1055916
spill,524288,1,524539,1076375
spill,524288,1,524539,954935
spill,524288,1,524539,1027121
spill,524288,1,524539,1067244
spill,524288,1,524539,751776
spill,524288,1,524539,933358
spill,524288,2,1049078,1093510
spill,524288,1,524539,1869441
spill,524288,1,524539,1798154
spill,524288,2,1049078,3181360
spill,524288,2,1049078,2257063
spill,524288,2,1049078,1395745
spill,524288,1,524539,1414958
spill,524288,2,1049078,1799617
spill,524288,2,1049078,1611425
spill,524288,1,524539,695025
spill,524288,1,524539,1005260
spill,524288,2,1049078,1573936
spill,524288,3,1573617,1559904
spill,524288,2,1049078,1550933
spill,524288,1,524539,860971
spill,524288,1,524539,1188973
spill,524288,3,1573617,1796464
spill,524288,1,524539,793769
spill,524288,1,524539,812542
spill,524288,2,1049078,1908462
spill,524288,3,1573617,1489710
spill,524288,1,524539,1731443
spill,524288,1,524539,687451
spill,524288,1,524539,1428667
spill,524288,2,1049078,1344877
spill,524288,2,1049078,1078621
spill,524288,4,2098156,2450307
spill,524288,2,1049078,1624884
spill,524288,2,1049078,1496887
spill,524288,1,524539,811896
spill,524288,2,1049078,1482305
spill,524288,1,524539,1125831
spill,524288,1,524539,989777
spill,524288,3,1573617,2193061
spill,524288,1,524539,1493460
spill,524288,2,1049078,1746526
spill,524288,1,524539,987735
spill,524288,1,524539,745998
spill,524288,1,524539,1085980
spill,524288,1,524539,848156
spill,524288,1,524539,818427
spill,524288,2,1049078,1268818
spill,524288,2,1049078,1076259
spill,524288,1,524539,1113369
spill,524288,1,524539,655151
spill,524288,2,1049078,1077479
spill,524288,1,524539,670436
spill,524288,1,524539,779607
spill,524288,1,524539,1455689
spill,524288,1,524539,1133154
spill,524288,3,1573617,2360192
spill,524288,1,524539,1511971
spill,524288,1,524539,993431
spill,524288,1,524539,818860
spill,524288,1,524539,1018637
spill,524288,2,1049078,1516101
spill,524288,1,524539,1608928
spill,524288,2,1049078,1594021
spill,524288,1,524539,1514059
spill,524288,2,1049078,1281735
spill,524288,1,524539,1498137
spill,524288,1,524539,1120393
spill,524288,2,1049078,1386972
spill,524288,2,1049078,1336309
spill,524288,1,524539,734743
spill,524288,1,524539,1670097
spill,524288,2,1049078,1160207
spill,524288,1,524539,1003604
spill,524288,1,524539,1196720
spill,524288,1,524539,698867
spill,524288,1,524539,980459
spill,524288,4,2098156,1923058
spill,524288,2,1049078,1354329
spill,524288,2,1049078,1398117
spill,524288,2,1049078,1614993
spill,524288,1,524539,1033092
spill,524288,3,1573617,2032118
spill,524288,2,1049078,1319314
spill,524288,1,524539,674351
spill,524288,2,1049078,1459772
spill,524288,1,524539,1369387
spill,524288,1,524539,1370348
spill,524288,1,524539,986587
spill,524288,2,1049078,1554805
spill,524288,2,1049078,1124553
spill,524288,1,524539,714005
spill,524288,1,524539,845160
spill,524288,1,524539,861961
spill,524288,1,524539,681368
spill,524288,3,1573617,1396516
spill,524288,1,524539,923310
spill,524288,1,524539,912100
spill,524288,2,1049078,1031848
spill,524288,1,524539,769398
spill,524288,2,1049078,1092116
spill,524288,2,1049078,1006529
spill,524288,1,524539,904347
spill,524288,1,524539,942743
spill,524288,2,1049078,1009582
spill,524288,1,524539,708148
spill,524288,1,524539,1033589
spill,524288,1,524539,899938
spill,524288,2,1049078,1350108
spill,524288,1,524539,912805
spill,524288,1,524539,772362
spill,524288,2,1049078,1084899
spill,524288,1,524539,735663
spill,524288,2,1049078,1389469
spill,524288,1,524539,798218
spill,524288,1,524539,657187
spill,524288,1,524539,915521
spill,524288,1,524539,1122769
spill,524288,2,1049078,1252091
spill,524288,1,524539,954561
spill,524288,1,524539,854486
spill,524288,1,524539,931739
spill,524288,2,1049078,1047577
spill,524288,1,524539,831503
spill,524288,1,524539,807055
spill,524288,1,524539,777518
spill,524288,1,524539,759790
spill,524288,1,524539,863619
spill,524288,2,1049078,1298208
spill,524288,1,524539,811629
spill,524288,1,524539,683781
spill,524288,2,1049078,1275756
spill,524288,1,524539,773748
spill,524288,2,1049078,1131414
spill,524288,1,524539,817583
spill,524288,1,524539,1093790
spill,524288,2,1049078,1492289
spill,524288,1,524539,1421113
spill,524288,2,1049078,2069808
spill,524288,1,524539,1002800
spill,524288,2,1049078,1272162
spill,524288,5,2622695,2137833
spill,524288,2,1049078,1518110
spill,524288,2,1049078,1788131
spill,524288,1,524539,1580154
spill,524288,1,524539,861110
spill,524288,1,524539,772989
spill,524288,1,524539,837107
spill,524288,4,2098156,1562056
spill,524288,1,524539,694815
spill,524288,1,524539,970170
spill,524288,1,524539,1156576
spill,524288,2,1049078,1398210
spill,524288,1,524539,1155670
spill,524288,1,524539,1072262
spill,524288,3,1573617,2065023
spill,524288,1,524539,982179
spill,524288,4,2098156,1704176
spill,524288,1,524539,1153488
spill,524288,1,524539,1487268
spill,524288,2,1049078,1880840
spill,524288,1,524539,2664794
spill,524288,1,524539,2172450
spill,524288,2,1049078,1675558
spill,524288,1,524539,1532691
spill,524288,3,1573617,2514440
spill,524288,1,524539,915750
spill,524288,1,524539,900540
spill,524288,1,524539,763396
spill,524288,4,2098156,2324569
spill,524288,1,524539,713227
spill,524288,4,2098156,2257829
spill,524288,1,524539,1518589
spill,524288,2,1049078,1655419
spill,524288,2,1049078,1383093
spill,524288,1,524539,887212
spill,524288,1,524539,943814
spill,524288,3,1573617,1663919
spill,524288,2,1049078,1351147
spill,524288,2,1049078,1834606
spill,524288,2,1049078,1528573
spill,524288,1,524539,1370797
spill,524288,1,524539,1082243
spill,524288,1,524539,1233896
spill,524288,1,524539,1015809
spill,524288,1,524539,889579
spill,524288,1,524539,1051873
spill,524288,2,1049078,1491384
spill,524288,4,2098156,1828598
spill,524288,1,524539,1393240
spill,524288,1,524539,1131528
spill,524288,2,1049078,1199663
spill,524288,1,524539,996071
spill,524288,1,524539,825115
spill,524288,2,1049078,1116348
spill,524288,2,1049078,2018700
spill,524288,1,524539,1344584
spill,524288,2,1049078,1748432
spill,524288,1,524539,1082779
spill,524288,1,524539,1106816
spill,524288,1,524539,1460884
spill,524288,1,524539,1256741
spill,524288,2,1049078,1698352
spill,524288,2,1049078,1757799
spill,524288,3,1573617,1672700
spill,524288,1,524539,1022799
spill,524288,2,1049078,1343741
spill,524288,1,524539,863791
spill,524288,2,1049078,1379112
spill,524288,1,524539,993500
spill,524288,1,524539,1047763
spill,524288,1,524539,916046
spill,524288,1,524539,1007573
spill,524288,1,524539,1444727
spill,524288,2,1049078,1363479
spill,524288,1,524539,1314821
spill,524288,1,524539,876762
spill,524288,1,524539,978638
spill,524288,1,524539,1128966
spill,524288,1,524539,1184582
spill,524288,1,524539,1074906
spill,524288,1,524539,1175336
spill,524288,1,524539,767365
spill,524288,1,524539,900680
spill,524288,2,1049078,1388070
spill,524288,2,1049078,1903948
spill,524288,2,1049078,1510063
spill,524288,1,524539,752232
spill,524288,1,524539,970544
spill,524288,2,1049078,1067303
spill,524288,2,1049078,1054497
spill,524288,2,1049078,1129293
spill,524288,2,1049078,1108688
spill,524288,2,1049078,911753
spill,524288,1,524539,790152
spill,524288,2,1049078,1201598
spill,524288,1,524539,883287
spill,524288,2,1049078,1325132
spill,524288,1,524539,808230
spill,524288,2,1049078,1353567
spill,524288,1,524539,650241
spill,524288,2,1049078,1097400
spill,524288,1,524539,1180872
spill,524288,2,1049078,1490340
spill,524288,1,524539,1433847
spill,524288,1,524539,1027297
spill,524288,3,1573617,1312931
spill,524288,1,524539,706047
spill,524288,1,524539,720720
spill,524288,2,1049078,1343362
spill,524288,1,524539,649978
spill,524288,3,1573617,1301390
spill,524288,1,524539,793905
spill,524288,1,524539,645529
spill,524288,1,524539,594007
spill,524288,3,1573617,1353243
spill,524288,1,524539,799152
spill,524288,1,524539,634936
spill,524288,1,524539,738098
spill,524288,1,524539,634789
spill,524288,1,524539,635436
spill,524288,1,524539,994726
spill,524288,2,1049078,1063615
spill,524288,1,524539,1366876
spill,524288,2,1049078,1181284
spill,524288,1,524539,631844
spill,524288,2,1049078,973036
spill,524288,1,524539,774011
spill,524288,1,524539,841526
spill,524288,1,524539,829763
spill,524288,3,1573617,1457858
spill,524288,1,524539,995936
spill,524288,1,524539,735482
spill,524288,1,524539,801952
spill,524288,2,1049078,1082809
spill,524288,1,524539,767897
spill,524288,1,524539,841441
spill,524288,1,524539,850980
spill,524288,2,1049078,909545
spill,524288,1,524539,718397
spill,524288,1,524539,706882
spill,524288,1,524539,717798
spill,524288,1,524539,1054477
spill,524288,1,524539,903123
spill,524288,1,524539,1041359
spill,524288,1,524539,807440
spill,524288,2,1049078,950645
spill,524288,1,524539,781195
spill,524288,1,524539,648765
spill,524288,1,524539,730729
spill,524288,1,524539,656071
spill,524288,1,524539,639099
spill,524288,2,1049078,1170374
spill,524288,1,524539,631427
spill,524288,1,524539,962130
spill,524288,1,524539,674610
spill,524288,1,524539,787920
spill,524288,1,524539,706450
spill,524288,1,524539,678369
spill,524288,1,524539,697345
spill,524288,1,524539,630801
spill,524288,2,1049078,940085
spill,524288,2,1049078,1093825
spill,524288,2,1049078,1221560
spill,524288,2,1049078,1120508
spill,524288,2,1049078,1082474
spill,524288,1,524539,637189
spill,524288,1,524539,658956
spill,524288,2,1049078,1029799
spill,524288,2,1049078,1019625
spill,524288,2,1049078,1117633
spill,524288,2,1049078,1000306
spill,524288,1,524539,898960
spill,524288,1,524539,661931
spill,524288,2,1049078,1085281
spill,524288,1,524539,807793
spill,524288,1,524539,646294
spill,524288,1,524539,648896
spill,524288,1,524539,667846
spill,524288,1,524539,624030
spill,524288,1,524539,691037
spill,524288,1,524539,678589
spill,524288,1,524539,923412
spill,524288,1,524539,670071
spill,524288,2,1049078,1326657
spill,524288,2,1049078,1142891
spill,524288,1,524539,1025927
spill,524288,2,1049078,1099805
spill,524288,1,524539,681070
spill,524288,1,524539,713031
spill,524288,2,1049078,1107110
spill,524288,1,524539,696714
spill,524288,1,524539,677241
spill,524288,2,1049078,984601
spill,524288,2,1049078,1007027
spill,524288,2,1049078,1124701
spill,524288,1,524539,690437
spill,524288,2,1049078,1107769
spill,524288,2,1049078,999901
spill,524288,1,524539,781648
spill,524288,1,524539,638699
spill,524288,1,524539,683218
spill,524288,1,524539,677355
spill,524288,1,524539,760203
spill,524288,1,524539,618454
spill,524288,2,1049078,1019541
spill,524288,1,524539,617192
spill,524288,1,524539,651241
spill,524288,2,1049078,1062545
spill,524288,2,1049078,1026323
spill,524288,1,524539,757100
spill,524288,2,1049078,1017064
spill,524288,1,524539,700170
spill,524288,1,524539,826981
spill,524288,1,524539,616024
spill,524288,1,524539,696430
spill,524288,1,524539,700659
spill,524288,1,524539,621938
spill,524288,1,524539,666427
spill,524288,1,524539,860532
spill,524288,1,524539,701119
spill,524288,1,524539,626799
spill,524288,2,1049078,982149
spill,524288,2,1049078,1019236
spill,524288,1,524539,617681
spill,524288,2,1049078,969928
spill,524288,1,524539,698357
spill,524288,1,524539,932031
spill,524288,1,524539,969961
spill,524288,1,524539,1072020
spill,524288,1,524539,854685
spill,524288,1,524539,783764
spill,524288,2,1049078,1041975
spill,524288,1,524539,771358
spill,524288,1,524539,606791
spill,524288,2,1049078,1142117
spill,524288,1,524539,684081
spill,524288,1,524539,953106
spill,524288,1,524539,987845
spill,524288,1,524539,737917
spill,524288,1,524539,625834
spill,524288,1,524539,1062549
spill,524288,1,524539,879947
spill,524288,1,524539,728148
spill,524288,1,524539,689807
spill,524288,1,524539,660100
spill,524288,2,1049078,954659
spill,524288,1,524539,741023
spill,524288,2,1049078,875462
spill,524288,2,1049078,1414815
spill,524288,1,524539,843412
spill,524288,2,1049078,1163819
spill,524288,3,1573617,1180588
spill,524288,1,524539,909426
spill,524288,1,524539,699217
spill,524288,2,1049078,935337
spill,524288,1,524539,659394
spill,524288,1,524539,740150
spill,524288,1,524539,790630
spill,524288,2,1049078,892464
spill,524288,1,524539,603763
spill,524288,1,524539,646273
spill,524288,1,524539,868441
spill,524288,1,524539,763802
spill,524288,959,503032901,313986328
spill,524288,1,524539,6963829
spill,524288,2,1049078,7122847
spill,1048576,1,1048827,2040758
spill,1048576,2,2097654,2927497
spill,1048576,2,2097654,2748505
spill,1048576,3,3146481,3336841
spill,1048576,2,2097654,2375712
spill,1048576,1,1048827,1248266
spill,1048576,1,1048827,1513526
spill,1048576,2,2097654,1865432
spill,1048576,1,1048827,1251920
spill,1048576,1,1048827,1895780
spill,1048576,1,1048827,1551776
spill,1048576,1,1048827,1258901
spill,1048576,1,1048827,1387242
spill,1048576,2,2097654,2835831
spill,1048576,1,1048827,1087866
spill,1048576,1,1048827,1170592
spill,1048576,1,1048827,1184787
spill,1048576,1,1048827,1140258
spill,1048576,2,2097654,1985990
spill,1048576,1,1048827,1088038
spill,1048576,1,1048827,2042216
spill,1048576,2,2097654,1798201
spill,1048576,1,1048827,1441575
spill,1048576,2,2097654,1698819
spill,1048576,1,1048827,1284038
spill,1048576,1,1048827,1112983
spill,1048576,2,2097654,1875395
spill,1048576,1,1048827,1219830
spill,1048576,1,1048827,1060215
spill,1048576,2,2097654,1823725
spill,1048576,1,1048827,1032233
spill,1048576,1,1048827,1121706
spill,1048576,2,2097654,1756104
spill,1048576,1,1048827,1211445
spill,1048576,2,2097654,1818710
spill,1048576,2,2097654,2041491
spill,1048576,2,2097654,1771366
spill,1048576,1,1048827,1122775
spill,1048576,1,1048827,1223497
spill,1048576,1,1048827,1036683
spill,1048576,1,1048827,1133279
spill,1048576,1,1048827,1428260
spill,1048576,2,2097654,2332711
spill,1048576,1,1048827,1341347
spill,1048576,1,1048827,1395998
spill,1048576,1,1048827,1550652
spill,1048576,2,2097654,2028241
spill,1048576,1,1048827,1186740
spill,1048576,1,1048827,970592
spill,1048576,1,1048827,1247114
spill,1048576,1,1048827,1483197
spill,1048576,1,1048827,1476082
spill,1048576,1,1048827,1408378
spill,1048576,1,1048827,1164840
spill,1048576,1,1048827,1073754
spill,1048576,1,1048827,1032878
spill,1048576,1,1048827,1019241
spill,1048576,2,2097654,1839550
spill,1048576,2,2097654,1971158
spill,1048576,1,1048827,1404772
spill,1048576,1,1048827,1117101
spill,1048576,1,1048827,1109429
spill,1048576,1,1048827,1314261
spill,1048576,1,1048827,1067606
spill,1048576,2,2097654,2026596
spill,1048576,1,1048827,1120102
spill,1048576,1,1048827,1160568
spill,1048576,2,2097654,1887621
spill,1048576,1,1048827,1151689
spill,1048576,2,2097654,1745759
spill,1048576,1,1048827,1093828
spill,1048576,2,2097654,1758920
spill,1048576,1,1048827,1074948
spill,1048576,2,2097654,1751486
spill,1048576,1,1048827,1146727
spill,1048576,1,1048827,1549991
spill,1048576,1,1048827,1123886
spill,1048576,1,1048827,1294684
spill,1048576,1,1048827,1063687
spill,1048576,1,1048827,1246903
spill,1048576,1,1048827,1225524
spill,1048576,1,1048827,1041926
spill,1048576,1,1048827,1108117
spill,1048576,2,2097654,1735090
spill,1048576,2,2097654,1848977
spill,1048576,1,1048827,1310186
spill,1048576,2,2097654,2224206
spill,1048576,2,2097654,1767872
spill,1048576,1,1048827,1570585
spill,1048576,2,2097654,1988024
spill,1048576,1,1048827,1118515
spill,1048576,1,1048827,1147901
spill,1048576,1,1048827,1386608
spill,1048576,3,3146481,2616263
spill,1048576,1,1048827,1410947
spill,1048576,1,1048827,1174473
spill,1048576,1,1048827,1514075
spill,1048576,1,1048827,1090067
spill,1048576,2,2097654,1768384
spill,1048576,1,1048827,1406506
spill,1048576,1,1048827,1211765
spill,1048576,1,1048827,1028623
spill,1048576,1,1048827,1250740
spill,1048576,2,2097654,2612368
spill,1048576,1,1048827,1180540
spill,1048576,2,2097654,2108645
spill,1048576,1,1048827,1400456
spill,1048576,1,1048827,1536358
spill,1048576,1,1048827,1445274
spill,1048576,1,1048827,1160211
spill,1048576,2,2097654,1916255
spill,1048576,2,2097654,2176641
spill,1048576,1,1048827,1080563
spill,1048576,1,1048827,969077
spill,1048576,1,1048827,1080202
spill,1048576,1,1048827,1561995
spill,1048576,2,2097654,2275494
spill,1048576,2,2097654,2156332
spill,1048576,1,1048827,1219427
spill,1048576,1,1048827,1402772
spill,1048576,1,1048827,1171380
spill,1048576,1,1048827,1060407
spill,1048576,2,2097654,1729494
spill,1048576,1,1048827,1076158
spill,1048576,2,2097654,1805462
spill,1048576,1,1048827,1380735
spill,1048576,2,2097654,1790237
spill,1048576,1,1048827,1203450
spill,1048576,1,1048827,987323
spill,1048576,1,1048827,1033279
spill,1048576,1,1048827,1007231
spill,1048576,1,1048827,1047529
spill,1048576,1,1048827,1371880
spill,1048576,2,2097654,1838859
spill,1048576,1,1048827,1079247
spill,1048576,1,1048827,1035030
spill,1048576,1,1048827,1149457
spill,1048576,1,1048827,982368
spill,1048576,1,1048827,979190
spill,1048576,1,1048827,1012126
spill,1048576,1,1048827,1022682
spill,1048576,1,1048827,1050348
spill,1048576,1,1048827,960597
spill,1048576,1,1048827,1068482
spill,1048576,1,1048827,992138
spill,1048576,1,1048827,1153689
spill,1048576,1,1048827,1114017
spill,1048576,3,3146481,2410476
spill,1048576,2,2097654,1859728
spill,1048576,1,1048827,941164
spill,1048576,1,1048827,1103770
spill,1048576,1,1048827,1087817
spill,1048576,1,1048827,1345444
spill,1048576,1,1048827,1148270
spill,1048576,2,2097654,1782623
spill,1048576,1,1048827,1444633
spill,1048576,2,2097654,1673089
spill,1048576,2,2097654,1963174
spill,1048576,1,1048827,1038812
spill,1048576,2,2097654,1706913
spill,1048576,1,1048827,1113107
spill,1048576,2,2097654,1739582
spill,1048576,2,2097654,1802055
spill,1048576,1,1048827,1051862
spill,1048576,1,1048827,1216687
spill,1048576,1,1048827,1068385
spill,1048576,1,1048827,1064729
spill,1048576,1,1048827,1003023
spill,1048576,1,1048827,1308726
spill,1048576,2,2097654,1678909
spill,1048576,1,1048827,1207322
spill,1048576,2,2097654,1762337
spill,1048576,2,2097654,1787894
spill,1048576,1,1048827,1175376
spill,1048576,1,1048827,1161274
spill,1048576,1,1048827,1151265
spill,1048576,1,1048827,1074354
spill,1048576,1,1048827,1081052
spill,1048576,1,1048827,1373935
spill,1048576,2,2097654,2022752
spill,1048576,1,1048827,1307930
spill,1048576,1,1048827,1160472
spill,1048576,1,1048827,1054795
spill,1048576,1,1048827,1291697
spill,1048576,1,1048827,1046373
spill,1048576,1,1048827,1169747
spill,1048576,2,2097654,1781905
spill,1048576,1,1048827,1040084
spill,1048576,1,1048827,1112681
spill,1048576,1,1048827,1182810
spill,1048576,1,1048827,1066642
spill,1048576,2,2097654,1816347
spill,1048576,1,1048827,1036858
spill,1048576,2,2097654,1833515
spill,1048576,1,1048827,1074837
spill,1048576,1,1048827,1153828
spill,1048576,1,1048827,1273396
spill,1048576,1,1048827,1048919
spill,1048576,2,2097654,1877305
spill,1048576,1,1048827,1349309
spill,1048576,1,1048827,1147732
spill,1048576,2,2097654,2025654
spill,1048576,1,1048827,1001091
spill,1048576,1,1048827,1012438
spill,1048576,1,1048827,1059969
spill,1048576,1,1048827,1040803
spill,1048576,1,1048827,1248093
spill,1048576,1,1048827,1165199
spill,1048576,2,2097654,1909917
spill,1048576,1,1048827,1215236
spill,1048576,1,1048827,1227991
spill,1048576,1,1048827,1109312
spill,1048576,1,1048827,1053284
spill,1048576,1,1048827,1085592
spill,1048576,2,2097654,1778536
spill,1048576,2,2097654,2212248
spill,1048576,1,1048827,1520825
spill,1048576,1,1048827,1712805
spill,1048576,1,1048827,1094522
spill,1048576,1,1048827,1043219
spill,1048576,2,2097654,1706893
spill,1048576,2,2097654,1884782
spill,1048576,1,1048827,1607806
spill,1048576,1,1048827,1214179
spill,1048576,1,1048827,1342256
spill,1048576,1,1048827,981348
spill,1048576,1,1048827,1176602
spill,1048576,1,1048827,963894
spill,1048576,2,2097654,1920215
spill,1048576,1,1048827,934652
spill,1048576,2,2097654,1817974
spill,1048576,1,1048827,1083200
spill,1048576,1,1048827,1099256
spill,1048576,1,1048827,1361884
spill,1048576,1,1048827,1443987
spill,1048576,1,1048827,1009656
spill,1048576,2,2097654,2076720
spill,1048576,2,2097654,1720901
spill,1048576,2,2097654,1663023
spill,1048576,1,1048827,1040119
spill,1048576,1,1048827,1124536
spill,1048576,1,1048827,1044519
spill,1048576,1,1048827,1296267
spill,1048576,1,1048827,1424538
spill,1048576,1,1048827,1119692
spill,1048576,1,1048827,1036564
spill,1048576,1,1048827,1039254
spill,1048576,2,2097654,1784398
spill,1048576,1,1048827,931840
spill,1048576,1,1048827,1026483
spill,1048576,1,1048827,1145263
spill,1048576,2,2097654,1807662
spill,1048576,2,2097654,1929967
spill,1048576,1,1048827,1033858
spill,1048576,1,1048827,1290468
spill,1048576,1,1048827,1185565
spill,1048576,2,2097654,1978001
spill,1048576,2,2097654,1879793
spill,1048576,1,1048827,1113521
spill,1048576,1,1048827,1113971
spill,1048576,1,1048827,1157510
spill,1048576,1,1048827,1514314
spill,1048576,1,1048827,967155
spill,1048576,2,2097654,1747271
spill,1048576,1,1048827,1026893
spill,1048576,2,2097654,1734769
spill,1048576,1,1048827,1063441
spill,1048576,1,1048827,1107516
spill,1048576,1,1048827,1280073
spill,1048576,1,1048827,1015469
spill,1048576,1,1048827,1203160
spill,1048576,1,1048827,1189726
spill,1048576,2,2097654,1951231
spill,1048576,2,2097654,1734823
spill,1048576,1,1048827,949198
spill,1048576,1,1048827,1135644
spill,1048576,2,2097654,1854655
spill,1048576,2,2097654,1664220
spill,1048576,2,2097654,1611711
spill,1048576,1,1048827,1084866
spill,1048576,2,2097654,1779390
spill,1048576,1,1048827,1156594
spill,1048576,1,1048827,1095912
spill,1048576,2,2097654,1697483
spill,1048576,1,1048827,1200991
spill,1048576,1,1048827,1193730
spill,1048576,2,2097654,2104308
spill,1048576,1,1048827,1202012
spill,1048576,1,1048827,1013479
spill,1048576,1,1048827,1048355
spill,1048576,1,1048827,1027871
spill,1048576,1,1048827,1059918
spill,1048576,2,2097654,1734003
spill,1048576,1,1048827,1000421
spill,1048576,1,1048827,1147005
spill,1048576,2,2097654,1970827
spill,1048576,2,2097654,1752565
spill,1048576,2,2097654,1684737
spill,1048576,1,1048827,949313
spill,1048576,1,1048827,1470183
spill,1048576,1,1048827,1028388
spill,1048576,1,1048827,1021483
spill,1048576,1,1048827,1381277
spill,1048576,1,1048827,1187197
spill,1048576,1,1048827,1051377
spill,1048576,1,1048827,1063907
spill,1048576,1,1048827,984480
spill,1048576,2,2097654,1736313
spill,1048576,2,2097654,1602218
spill,1048576,2,2097654,1661094
spill,1048576,2,2097654,1691065
spill,1048576,1,1048827,1279884
spill,1048576,1,1048827,1294521
spill,1048576,2,2097654,1830567
spill,1048576,1,1048827,1397039
spill,1048576,1,1048827,1117014
spill,1048576,2,2097654,1825825
spill,1048576,1,1048827,1238455
spill,1048576,1,1048827,1178440
spill,1048576,1,1048827,1228788
spill,1048576,1,1048827,1582964
spill,1048576,1,1048827,1259833
spill,1048576,1,1048827,978776
spill,1048576,1,1048827,1291088
spill,1048576,1,1048827,1276226
spill,1048576,1,1048827,1012285
spill,1048576,1,1048827,986127
spill,1048576,1,1048827,981649
spill,1048576,2,2097654,1581368
spill,1048576,2,2097654,1804401
spill,1048576,1,1048827,1293744
spill,1048576,2,2097654,1699034
spill,1048576,1,1048827,1524841
spill,1048576,1,1048827,1059501
spill,1048576,2,2097654,1648124
spill,1048576,1,1048827,946735
spill,1048576,2,2097654,1590458
spill,1048576,1,1048827,1071065
spill,1048576,2,2097654,1694570
spill,1048576,1,1048827,1051789
spill,1048576,1,1048827,993150
spill,1048576,1,1048827,1036818
spill,1048576,1,1048827,1021423
spill,1048576,1,1048827,965261
spill,1048576,1,1048827,1068794
spill,1048576,1,1048827,1022561
spill,1048576,1,1048827,1074223
spill,1048576,3,3146481,2333033
spill,1048576,1,1048827,1035453
spill,1048576,1,1048827,1039832
spill,1048576,1,1048827,1123488
spill,1048576,1,1048827,1043420
spill,1048576,1,1048827,1051960
spill,1048576,1,1048827,1014395
spill,1048576,1,1048827,1096458
spill,1048576,1,1048827,1108955
spill,1048576,1,1048827,1059386
spill,1048576,1,1048827,924673
spill,1048576,1,1048827,996766
spill,1048576,1,1048827,1143861
spill,1048576,1,1048827,1092855
spill,1048576,1,1048827,1238335
spill,1048576,1,1048827,1249085
spill,1048576,1,1048827,924233
spill,1048576,1,1048827,1011830
spill,1048576,1,1048827,1120516
spill,1048576,1,1048827,1021232
spill,1048576,2,2097654,1571536
spill,1048576,1,1048827,1046830
spill,1048576,1,1048827,1058645
spill,1048576,1,1048827,1219896
spill,1048576,2,2097654,1657140
spill,1048576,1,1048827,1262724
spill,1048576,1,1048827,1324559
spill,1048576,1,1048827,1231903
spill,1048576,1,1048827,1562443
spill,1048576,2,2097654,2299687
spill,1048576,1,1048827,1258894
spill,1048576,1,1048827,1170787
spill,1048576,2,2097654,1715314
spill,1048576,1,1048827,1314084
spill,1048576,1,1048827,1298619
spill,1048576,1,1048827,1276955
spill,1048576,1,1048827,1126013
spill,1048576,1,1048827,1064430
spill,1048576,2,2097654,2061016
spill,1048576,1,1048827,1215650
spill,1048576,1,1048827,1319502
spill,1048576,1,1048827,1451321
spill,1048576,1,1048827,1227361
spill,1048576,2,2097654,1807072
spill,1048576,2,2097654,1808590
spill,1048576,2,2097654,1655110
spill,1048576,1,1048827,1034013
spill,1048576,1,1048827,1288321
spill,1048576,1,1048827,1053410
spill,1048576,1,1048827,1102744
spill,1048576,1,1048827,1561766
spill,1048576,2,2097654,2194736
spill,1048576,1,1048827,1511382
spill,1048576,3,3146481,2739675
spill,1048576,2,2097654,1893609
spill,1048576,1,1048827,1368715
spill,1048576,2,2097654,2001527
spill,1048576,1,1048827,1245856
spill,1048576,1,1048827,1132699
spill,1048576,2,2097654,1804281
spill,1048576,1,1048827,1227391
spill,1048576,1,1048827,1027106
spill,1048576,1,1048827,1342848
spill,1048576,1,1048827,1379071
spill,1048576,3,3146481,2566234
spill,1048576,1,1048827,1261114
spill,1048576,1,1048827,1648911
spill,1048576,1,1048827,1141419
spill,1048576,2,2097654,2193101
spill,1048576,1,1048827,1279157
spill,1048576,2,2097654,1760111
spill,1048576,1,1048827,1660950
spill,1048576,1,1048827,1411054
spill,1048576,2,2097654,1717033
spill,1048576,2,2097654,1672413
spill,1048576,1,1048827,1145750
spill,1048576,2,2097654,1858636
spill,1048576,2,2097654,2018961
spill,1048576,1,1048827,1420593
spill,1048576,1,1048827,1074844
spill,1048576,1,1048827,1167007
spill,1048576,1,1048827,1421557
spill,1048576,1,1048827,1222802
spill,1048576,2,2097654,2121918
spill,1048576,1,1048827,1593018
spill,1048576,1,1048827,1341004
spill,1048576,1,1048827,1234282
spill,1048576,2,2097654,1711310
spill,1048576,1,1048827,1346894
spill,1048576,2,2097654,2023827
spill,1048576,1,1048827,1168627
spill,1048576,2,2097654,2085948
spill,1048576,1,1048827,1802131
spill,1048576,1,1048827,979098
spill,1048576,2,2097654,2088075
spill,1048576,1,1048827,1155598
spill,1048576,2,2097654,2346777
spill,1048576,1,1048827,1275150
spill,1048576,2,2097654,1699215
spill,1048576,1,1048827,1341219
spill,1048576,1,1048827,1413400
spill,1048576,1,1048827,1183778
spill,1048576,1,1048827,1192899
spill,1048576,1,1048827,1280369
spill,1048576,1,1048827,1155560
spill,1048576,2,2097654,2335423
spill,1048576,1,1048827,949294
spill,1048576,2,2097654,2012682
spill,1048576,3,3146481,2890588
spill,1048576,1,1048827,1705936
spill,1048576,2,2097654,2707377
spill,1048576,2,2097654,1686142
spill,1048576,2,2097654,1774587
spill,1048576,1,1048827,1338792
spill,1048576,1,1048827,1369026
spill,1048576,2,2097654,1630878
spill,1048576,1,1048827,1569099
spill,1048576,1,1048827,1355679
spill,1048576,1,1048827,1127054
spill,1048576,1,1048827,957902
spill,1048576,2,2097654,1587949
spill,1048576,1,1048827,1298603
spill,1048576,3,3146481,2274360
spill,1048576,1,1048827,1048491
spill,1048576,1,1048827,1043745
spill,1048576,1,1048827,1025079
spill,1048576,1,1048827,975632
spill,1048576,1,1048827,1157225
spill,1048576,1,1048827,1004350
spill,1048576,1,1048827,1157072
spill,1048576,2,2097654,1647873
spill,1048576,1,1048827,1185091
spill,1048576,1,1048827,1272081
spill,1048576,1,1048827,1327243
spill,1048576,2,2097654,1595293
spill,1048576,1,1048827,1003320
spill,1048576,1,1048827,1597401
spill,1048576,1,1048827,1175232
spill,1048576,2,2097654,1805696
spill,1048576,1,1048827,967741
spill,1048576,2,2097654,2021765
spill,1048576,1,1048827,1185607
spill,1048576,1,1048827,1122022
spill,1048576,1,1048827,1123786
spill,1048576,2,2097654,2044879
spill,1048576,2,2097654,1828303
spill,1048576,1,1048827,1515983
spill,1048576,2,2097654,1992003
spill,1048576,1,1048827,1090628
spill,1048576,1,1048827,1241730
spill,1048576,1,1048827,1941930
spill,1048576,2,2097654,2106426
spill,1048576,1,1048827,1288299
spill,1048576,1,1048827,1297541
spill,1048576,1,1048827,1210467
spill,1048576,2,2097654,2441795
spill,1048576,1,1048827,1249985
spill,1048576,2,2097654,2038095
spill,1048576,1,1048827,1549433
spill,1048576,1,1048827,1238441
spill,1048576,2,2097654,1746244
spill,1048576,1,1048827,1456096
spill,1048576,1,1048827,1120517
spill,1048576,1,1048827,1254051
spill,1048576,1,1048827,1167082
spill,1048576,2,2097654,1983162
spill,1048576,1,1048827,1777974
spill,1048576,2,2097654,1694791
spill,1048576,1,1048827,1063823
spill,1048576,1,1048827,929196
spill,1048576,1,1048827,1139261
spill,1048576,1,1048827,1034612
spill,1048576,2,2097654,1899719
spill,1048576,1,1048827,1055585
spill,1048576,2,2097654,1632486
spill,1048576,1,1048827,1019686
spill,1048576,1,1048827,948298
spill,1048576,1,1048827,1009314
spill,1048576,1,1048827,945355
spill,1048576,1,1048827,1000592
spill,1048576,1,1048827,999846
spill,1048576,1,1048827,1099825
spill,1048576,1,1048827,1027874
spill,1048576,1,1048827,1072365
spill,1048576,1,1048827,1091362
spill,1048576,1,1048827,1020213
spill,1048576,1,1048827,1032189
spill,1048576,1,1048827,940313
spill,1048576,1,1048827,936773
spill,1048576,1,1048827,1056242
spill,1048576,1,1048827,1019950
spill,1048576,1,1048827,999808
spill,1048576,1,1048827,1054432
spill,1048576,1,1048827,940194
spill,1048576,1,1048827,1050468
spill,1048576,2,2097654,1561121
spill,1048576,1,1048827,1331342
spill,1048576,2,2097654,1785003
spill,1048576,1,1048827,1468898
spill,1048576,1,1048827,1225944
spill,1048576,1,1048827,1549811
spill,1048576,1,1048827,962700
spill,1048576,1,1048827,956657
spill,1048576,2,2097654,1563527
spill,1048576,1,1048827,1208905
spill,1048576,1,1048827,1027773
spill,1048576,2,2097654,1957712
spill,1048576,1,1048827,1347792
spill,1048576,1,1048827,1105234
spill,1048576,3,3146481,2370447
spill,1048576,1,1048827,1158782
spill,1048576,1,1048827,1324302
spill,1048576,1,1048827,1134328
spill,1048576,2,2097654,1995428
spill,1048576,2,2097654,1585002
spill,1048576,1,1048827,1054298
spill,1048576,2,2097654,1762925
spill,1048576,1,1048827,1689686
spill,1048576,1,1048827,1462310
spill,1048576,1,1048827,1439468
spill,1048576,1,1048827,1136537
spill,1048576,1,1048827,1106439
spill,1048576,2,2097654,1853963
spill,1048576,1,1048827,1104896
spill,1048576,1,1048827,922012
spill,1048576,1,1048827,1362087
spill,1048576,2,2097654,1677436
spill,1048576,1,1048827,1046372
spill,1048576,1,1048827,1236364
spill,1048576,1,1048827,1079571
spill,1048576,2,2097654,1934579
spill,1048576,1,1048827,1226905
spill,1048576,2,2097654,1711335
spill,1048576,2,2097654,1802441
spill,1048576,1,1048827,1186709
spill,1048576,2,2097654,1735981
spill,1048576,1,1048827,1313943
spill,1048576,2,2097654,1533529
spill,1048576,1,1048827,1773733
spill,1048576,1,1048827,1530365
spill,1048576,2,2097654,2180955
spill,1048576,1,1048827,1589210
spill,1048576,1,1048827,1512401
spill,1048576,1,1048827,1111728
spill,1048576,2,2097654,1907469
spill,1048576,1,1048827,1479420
spill,1048576,1,1048827,1344802
spill,1048576,1,1048827,1697713
spill,1048576,2,2097654,2021035
spill,1048576,1,1048827,1767048
spill,1048576,1,1048827,1531324
spill,1048576,1,1048827,1591098
spill,1048576,3,3146481,2586674
spill,1048576,2,2097654,1838284
spill,1048576,1,1048827,1369468
spill,1048576,2,2097654,2157364
spill,1048576,1,1048827,1143132
spill,1048576,3,3146481,2674292
spill,1048576,1,1048827,1516719
spill,1048576,3,3146481,2376151
spill,1048576,1,1048827,1473669
spill,1048576,2,2097654,1962586
spill,1048576,1,1048827,1275215
spill,1048576,1,1048827,1451826
spill,1048576,3,3146481,2676047
spill,1048576,2,2097654,2225575
spill,1048576,1,1048827,1313915
spill,1048576,1,1048827,1192521
spill,1048576,2,2097654,2093166
spill,1048576,1,1048827,1259462
spill,1048576,479,502388133,316721414
spill,1048576,1,1048827,4437930
spill,1048576,2,2097654,5132947
spill,1048576,2,2097654,4420617
spill,1048576,1,1048827,2240173
spill,1048576,1,1048827,2096463
spill,1048576,2,2097654,2549187
spill,1048576,4,4195308,3625524
spill,1048576,1,1048827,2012841
spill,1048576,2,2097654,3164870
spill,1048576,1,1048827,2073294
spill,1048576,1,1048827,1952055
spill,1048576,3,3146481,3562138
spill,1048576,1,1048827,2228635
spill,1048576,1,1048827,2359017
spill,1048576,2,2097654,2439676
spill,1048576,1,1048827,1994162
spill,1048576,2,2097654,2336982
spill,1048576,2,2097654,1939223
spill,1048576,1,1048827,1752206
spill,1048576,1,1048827,1348866
spill,1048576,1,1048827,1184272
spill,1048576,1,1048827,1501814
spill,1048576,1,1048827,1472918
spill,1048576,2,2097654,2745563
spill,1048576,1,1048827,1260602
spill,1048576,2,2097654,1803035
spill,1048576,1,1048827,1583063
spill,1048576,1,1048827,1682753
spill,1048576,2,2097654,2203316
spill,1048576,1,1048827,1221211
spill,1048576,1,1048827,1059360
spill,1048576,3,3146481,2825705
spill,1048576,2,2097654,2032632
spill,1048576,2,2097654,2231498
spill,1048576,1,1048827,1462012
spill,1048576,2,2097654,2047348
spill,1048576,1,1048827,1293969
spill,1048576,1,1048827,1375436
spill,1048576,2,2097654,2743021
spill,1048576,1,1048827,2016451
spill,1048576,1,1048827,1248060
spill,1048576,2,2097654,2192578
spill,1048576,2,2097654,2017783
spill,1048576,1,1048827,1578823
spill,1048576,1,1048827,1178566
spill,1048576,1,1048827,1340791
spill,1048576,1,1048827,1348823
spill,1048576,1,1048827,1321955
spill,1048576,1,1048827,2004779
spill,1048576,1,1048827,1209440
spill,1048576,1,1048827,2212719
spill,1048576,1,1048827,1709311
spill,1048576,1,1048827,1715930
spill,1048576,1,1048827,2378230
spill,1048576,1,1048827,1801563
spill,1048576,3,3146481,2498755
spill,1048576,2,2097654,2574550
spill,1048576,2,2097654,2071185
spill,1048576,1,1048827,1784477
spill,1048576,1,1048827,1254275
spill,1048576,2,2097654,1933187
spill,1048576,1,1048827,1841362
spill,1048576,1,1048827,1544025
spill,1048576,1,1048827,1727515
spill,1048576,1,1048827,1598327
spill,1048576,1,1048827,1170712
spill,1048576,1,1048827,1295952
spill,1048576,2,2097654,2028113
spill,1048576,1,1048827,1255065
spill,1048576,1,1048827,1389792
spill,1048576,1,1048827,1533061
spill,1048576,2,2097654,1932034
spill,1048576,1,1048827,1639679
spill,1048576,1,1048827,1369112
spill,1048576,1,1048827,1105768
spill,1048576,1,1048827,1033843
spill,1048576,1,1048827,993382
spill,1048576,1,1048827,1037371
spill,1048576,1,1048827,1418308
spill,1048576,1,1048827,1282567
spill,1048576,2,2097654,1989495
spill,1048576,3,3146481,2701792
spill,1048576,1,1048827,1435868
spill,1048576,2,2097654,2133825
spill,1048576,1,1048827,1435694
spill,1048576,2,2097654,2238060
spill,1048576,1,1048827,1527834
spill,1048576,1,1048827,1153845
spill,1048576,2,2097654,2017197
spill,1048576,1,1048827,1663518
spill,1048576,1,1048827,1260147
spill,1048576,2,2097654,2181520
spill,1048576,1,1048827,1629325
spill,1048576,1,1048827,2264573
spill,1048576,1,1048827,1382897
spill,1048576,1,1048827,1162331
spill,1048576,2,2097654,1944719
spill,1048576,2,2097654,2022622
spill,1048576,1,1048827,1429997
spill,1048576,2,2097654,2032077
spill,1048576,1,1048827,1297887
spill,1048576,1,1048827,1066994
spill,1048576,2,2097654,1804458
spill,1048576,1,1048827,1335736
spill,1048576,1,1048827,1240293
spill,1048576,1,1048827,1237354
spill,1048576,3,3146481,2310627
spill,1048576,1,1048827,1204033
spill,1048576,1,1048827,1050315
spill,1048576,1,1048827,1011978
spill,1048576,3,3146481,2503511
spill,1048576,1,1048827,1241741
spill,1048576,3,3146481,2539587
spill,1048576,1,1048827,1260599
spill,1048576,1,1048827,1010492
spill,1048576,1,1048827,1044201
spill,1048576,2,2097654,2162394
spill,1048576,1,1048827,1519425
spill,1048576,1,1048827,1093288
spill,1048576,1,1048827,1249666
spill,1048576,2,2097654,1625353
spill,1048576,1,1048827,995284
spill,1048576,1,1048827,1012381
spill,1048576,1,1048827,1467660
spill,1048576,1,1048827,1024492
spill,1048576,3,3146481,2587270
spill,1048576,1,1048827,1023786
spill,1048576,1,1048827,1021420
spill,1048576,1,1048827,969323
spill,1048576,2,2097654,1596503
spill,1048576,2,2097654,1684164
spill,1048576,2,2097654,1751216
spill,1048576,1,1048827,1122654
spill,1048576,2,2097654,2000883
spill,1048576,1,1048827,1104953
spill,1048576,1,1048827,1006225
spill,1048576,1,1048827,1135940
spill,1048576,1,1048827,939141
spill,1048576,1,1048827,1233273
spill,1048576,1,1048827,1313180
spill,1048576,3,3146481,2321722
spill,1048576,1,1048827,974158
spill,1048576,1,1048827,1221056
spill,1048576,1,1048827,1063958
spill,1048576,1,1048827,1368317
spill,1048576,1,1048827,1395272
spill,1048576,3,3146481,2505606
spill,1048576,1,1048827,1262620
spill,1048576,1,1048827,1290687
spill,1048576,1,1048827,1269966
spill,1048576,1,1048827,1134162
spill,1048576,2,2097654,1632166
spill,1048576,1,1048827,1369599
spill,1048576,2,2097654,1819993
spill,1048576,3,3146481,2672054
spill,1048576,2,2097654,2181836
spill,1048576,1,1048827,1158086
spill,1048576,2,2097654,1902194
spill,1048576,2,2097654,1862050
spill,1048576,1,1048827,1260698
spill,1048576,3,3146481,2390606
spill,1048576,1,1048827,1314398
spill,1048576,1,1048827,1328446
spill,1048576,1,1048827,1517935
spill,1048576,3,3146481,2994031
spill,1048576,3,3146481,2767417
spill,1048576,1,1048827,1911639
spill,1048576,4,4195308,3243051
spill,1048576,2,2097654,2401138
spill,1048576,1,1048827,1800317
spill,1048576,1,1048827,1059484
spill,1048576,1,1048827,1252550
spill,1048576,1,1048827,1041478
spill,1048576,2,2097654,1879506
spill,1048576,2,2097654,1860021
spill,1048576,1,1048827,1261915
spill,1048576,1,1048827,1712284
spill,1048576,1,1048827,1026443
spill,1048576,1,1048827,1148774
spill,1048576,1,1048827,1303607
spill,1048576,2,2097654,1705329
spill,1048576,2,2097654,1797570
spill,1048576,2,2097654,1844423
spill,1048576,1,1048827,1329978
spill,1048576,1,1048827,1264579
spill,1048576,2,2097654,1528519
spill,1048576,1,1048827,1483537
spill,1048576,1,1048827,1475472
spill,1048576,2,2097654,1633304
spill,1048576,2,2097654,2044081
spill,1048576,1,1048827,1239528
spill,1048576,2,2097654,1662730
spill,1048576,1,1048827,1360343
spill,1048576,2,2097654,1691730
spill,1048576,1,1048827,1203014
spill,1048576,1,1048827,1654497
spill,1048576,1,1048827,1077831
spill,1048576,2,2097654,2067499
spill,1048576,2,2097654,1787656
spill,1048576,1,1048827,1405301
spill,1048576,1,1048827,1536459
spill,1048576,2,2097654,2157057
spill,1048576,2,2097654,2502354
spill,1048576,1,1048827,1302307
spill,1048576,1,1048827,1119433
spill,1048576,1,1048827,1002850
spill,1048576,1,1048827,1417272
spill,1048576,1,1048827,1179450
spill,1048576,1,1048827,1175847
spill,1048576,2,2097654,2382200
spill,1048576,1,1048827,1051800
spill,1048576,2,2097654,1827441
spill,1048576,1,1048827,1817613
spill,1048576,2,2097654,2297111
spill,1048576,1,1048827,1800721
spill,1048576,1,1048827,1725647
spill,1048576,1,1048827,1282086
spill,1048576,1,1048827,1158920
spill,1048576,1,1048827,1111047
spill,1048576,1,1048827,1069010
spill,1048576,1,1048827,1066123
spill,1048576,1,1048827,1172663
spill,1048576,2,2097654,1779021
spill,1048576,1,1048827,1203407
spill,1048576,1,1048827,1267498
spill,1048576,1,1048827,1046359
spill,1048576,2,2097654,1914357
spill,1048576,1,1048827,969143
spill,1048576,1,1048827,947586
spill,1048576,1,1048827,1777888
spill,1048576,2,2097654,1614004
spill,1048576,1,1048827,1527905
spill,1048576,1,1048827,1197727
spill,1048576,1,1048827,1195274
spill,1048576,2,2097654,1883089
spill,1048576,1,1048827,1046432
spill,1048576,1,1048827,1401969
spill,1048576,1,1048827,1447697
spill,1048576,3,3146481,2420980
spill,1048576,1,1048827,1088230
spill,1048576,1,1048827,1006444
spill,1048576,1,1048827,1224874
spill,1048576,1,1048827,1059324
spill,1048576,1,1048827,1721820
spill,1048576,3,3146481,2918990
spill,1048576,1,1048827,1496947
spill,1048576,1,1048827,1598875
spill,1048576,1,1048827,1236322
spill,1048576,1,1048827,1207403
spill,1048576,3,3146481,2309008
spill,1048576,1,1048827,1134246
spill,1048576,2,2097654,1668949
spill,1048576,1,1048827,1109750
spill,1048576,1,1048827,1135762
spill,1048576,2,2097654,2135259
spill,1048576,1,1048827,1247414
spill,1048576,2,2097654,1728590
spill,1048576,1,1048827,1297417
spill,1048576,2,2097654,1834720
spill,1048576,1,1048827,1007268
spill,1048576,1,1048827,1106415
spill,1048576,1,1048827,1227523
spill,1048576,2,2097654,2106091
spill,1048576,1,1048827,1275245
spill,1048576,1,1048827,1242752
spill,1048576,1,1048827,1139359
spill,1048576,1,1048827,959267
spill,1048576,1,1048827,1550949
spill,1048576,2,2097654,1870649
spill,1048576,2,2097654,1701444
spill,1048576,1,1048827,1349231
spill,1048576,1,1048827,1189274
spill,1048576,1,1048827,1148471
spill,1048576,1,1048827,1253769
spill,1048576,1,1048827,1461485
spill,1048576,1,1048827,996202
spill,1048576,1,1048827,1222753
spill,1048576,1,1048827,1181849
spill,1048576,1,1048827,1343324
spill,1048576,2,2097654,1888086
spill,1048576,1,1048827,1317138
spill,1048576,1,1048827,1089375
spill,1048576,2,2097654,1921793
spill,1048576,1,1048827,1096001
spill,1048576,1,1048827,1106269
spill,1048576,1,1048827,1306405
spill,1048576,1,1048827,1218174
spill,1048576,2,2097654,1798195
spill,1048576,2,2097654,2010919
spill,1048576,2,2097654,1723236
spill,1048576,1,1048827,1195445
spill,1048576,1,1048827,1040170
spill,1048576,1,1048827,1240715
spill,1048576,1,1048827,1551721
spill,1048576,1,1048827,1020348
spill,1048576,1,1048827,1297748
spill,1048576,2,2097654,1767421
spill,1048576,1,1048827,1078378
spill,1048576,2,2097654,1672241
spill,1048576,1,1048827,1126609
spill,1048576,1,1048827,1370852
spill,1048576,1,1048827,1370442
spill,1048576,2,2097654,2277274
spill,1048576,1,1048827,1358881
spill,1048576,1,1048827,1125712
spill,1048576,1,1048827,1055921
spill,1048576,2,2097654,2061302
spill,1048576,1,1048827,1027082
spill,1048576,1,1048827,1153899
spill,1048576,1,1048827,1254547
spill,1048576,2,2097654,1666164
spill,1048576,2,2097654,2222885
spill,1048576,1,1048827,1581668
spill,1048576,1,1048827,1197020
spill,1048576,1,1048827,1235120
spill,1048576,2,2097654,1667767
spill,1048576,1,1048827,1052050
spill,1048576,3,3146481,2215189
spill,1048576,1,1048827,1135346
spill,1048576,1,1048827,971615
spill,1048576,1,1048827,1297703
spill,1048576,1,1048827,1228856
spill,1048576,1,1048827,1110530
spill,1048576,1,1048827,1150026
spill,1048576,1,1048827,1165971
spill,1048576,1,1048827,1246085
spill,1048576,1,1048827,1040542
spill,1048576,1,1048827,1111441
spill,1048576,1,1048827,1123744
spill,1048576,1,1048827,1131509
spill,1048576,2,2097654,2050886
spill,1048576,1,1048827,1662223
spill,1048576,1,1048827,1256149
spill,1048576,1,1048827,1147564
spill,1048576,2,2097654,1997843
spill,1048576,1,1048827,1119532
spill,1048576,1,1048827,1057027
spill,1048576,3,3146481,2585801
spill,1048576,2,2097654,1759751
spill,1048576,1,1048827,1845338
spill,1048576,1,1048827,1472051
spill,1048576,1,1048827,1563099
spill,1048576,1,1048827,1112456
spill,1048576,1,1048827,1031777
spill,1048576,2,2097654,1679550
spill,1048576,1,1048827,1100590
spill,1048576,1,1048827,1003323
spill,1048576,1,1048827,1005586
spill,1048576,1,1048827,1167435
spill,1048576,1,1048827,1135228
spill,1048576,1,1048827,1180453
spill,1048576,2,2097654,1837987
spill,1048576,1,1048827,1184078
spill,1048576,1,1048827,1345900
spill,1048576,2,2097654,1773375
spill,1048576,2,2097654,1599172
spill,1048576,2,2097654,1705396
spill,1048576,1,1048827,1401559
spill,1048576,1,1048827,1176315
spill,1048576,2,2097654,2326651
spill,1048576,1,1048827,1214030
spill,1048576,1,1048827,1180834
spill,1048576,2,2097654,2034164
spill,1048576,1,1048827,1461778
spill,1048576,1,1048827,1109138
spill,1048576,1,1048827,1179586
spill,1048576,2,2097654,2097183
spill,1048576,1,1048827,1320160
spill,1048576,1,1048827,1254782
spill,1048576,1,1048827,1258798
spill,1048576,1,1048827,1219455
spill,1048576,1,1048827,1067780
spill,1048576,3,3146481,2524076
spill,1048576,1,1048827,1093547
spill,1048576,1,1048827,1231142
spill,1048576,1,1048827,1181711
spill,1048576,1,1048827,1421433
spill,1048576,1,1048827,1299390
spill,1048576,1,1048827,975222
spill,1048576,1,1048827,1207686
spill,1048576,1,1048827,1027179
spill,1048576,1,1048827,1067620
spill,1048576,2,2097654,1909242
spill,1048576,1,1048827,1151436
spill,1048576,1,1048827,1232860
spill,1048576,1,1048827,1232804
spill,1048576,1,1048827,1148250
spill,1048576,1,1048827,1065724
spill,1048576,1,1048827,1003425
spill,1048576,1,1048827,1007217
spill,1048576,2,2097654,1877372
spill,1048576,1,1048827,896410
spill,1048576,1,1048827,1238711
spill,1048576,1,1048827,1087425
spill,1048576,1,1048827,996541
spill,1048576,1,1048827,1376640
spill,1048576,1,1048827,1155335
spill,1048576,1,1048827,993656
spill,1048576,2,2097654,1651757
spill,1048576,1,1048827,1034966
spill,1048576,1,1048827,912058
spill,1048576,1,1048827,1152697
spill,1048576,1,1048827,1238014
spill,1048576,1,1048827,1254897
spill,1048576,2,2097654,1655000
spill,1048576,2,2097654,1599943
spill,1048576,1,1048827,1040743
spill,1048576,2,2097654,1831277
spill,1048576,1,1048827,1345266
spill,1048576,2,2097654,1645560
spill,1048576,1,1048827,1003727
spill,1048576,1,1048827,996232
spill,1048576,1,1048827,1194765
spill,1048576,1,1048827,995944
spill,1048576,1,1048827,1029555
spill,1048576,1,1048827,1195119
spill,1048576,1,1048827,1237981
spill,1048576,2,2097654,2056197
spill,1048576,1,1048827,1370944
spill,1048576,1,1048827,1184013
spill,1048576,1,1048827,1552255
spill,1048576,1,1048827,1063258
spill,1048576,2,2097654,1722521
spill,1048576,2,2097654,1977329
spill,1048576,3,3146481,2646793
spill,1048576,1,1048827,1903749
spill,1048576,1,1048827,1701243
spill,1048576,1,1048827,1344639
spill,1048576,1,1048827,1371312
spill,1048576,4,4195308,2927890
spill,1048576,1,1048827,1093614
spill,1048576,2,2097654,1889387
spill,1048576,1,1048827,1007502
spill,1048576,1,1048827,1155117
spill,1048576,2,2097654,1849763
spill,1048576,1,1048827,1635008
spill,1048576,1,1048827,1010358
spill,1048576,1,1048827,1074450
spill,1048576,2,2097654,2096306
spill,1048576,1,1048827,1185661
spill,1048576,1,1048827,1187899
spill,1048576,3,3146481,2834346
spill,1048576,1,1048827,1374424
spill,1048576,1,1048827,1262679
spill,1048576,3,3146481,2501963
spill,1048576,1,1048827,994717
spill,1048576,2,2097654,1776975
spill,1048576,1,1048827,1080308
spill,1048576,2,2097654,1828296
spill,1048576,2,2097654,1756273
spill,1048576,2,2097654,1806526
spill,1048576,1,1048827,1058134
spill,1048576,1,1048827,1031595
spill,1048576,1,1048827,1021871
spill,1048576,2,2097654,1739082
spill,1048576,1,1048827,1179239
spill,1048576,1,1048827,1012294
spill,1048576,1,1048827,1065534
spill,1048576,1,1048827,1121637
spill,1048576,2,2097654,1980117
spill,1048576,1,1048827,1043953
spill,1048576,1,1048827,954547
spill,1048576,2,2097654,1563996
spill,1048576,2,2097654,1559184
spill,1048576,479,502388133,304753411
spill,2097152,1,2097406,2605040
spill,2097152,2,4194812,3848846
spill,2097152,2,4194812,3727417
spill,2097152,1,2097406,2332260
spill,2097152,1,2097406,2464669
spill,2097152,2,4194812,3437456
spill,2097152,1,2097406,1916132
spill,2097152,1,2097406,1841702
spill,2097152,1,2097406,2139991
spill,2097152,1,2097406,1715554
spill,2097152,1,2097406,2239779
spill,2097152,1,2097406,2612556
spill,2097152,1,2097406,2078451
spill,2097152,1,2097406,2120548
spill,2097152,1,2097406,2833954
spill,2097152,1,2097406,2007131
spill,2097152,1,2097406,2004079
spill,2097152,1,2097406,2030590
spill,2097152,1,2097406,2527535
spill,2097152,1,2097406,1965984
spill,2097152,1,2097406,2001119
spill,2097152,1,2097406,2145055
spill,2097152,1,2097406,2103211
spill,2097152,1,2097406,1748455
spill,2097152,1,2097406,2002746
spill,2097152,1,2097406,2074244
spill,2097152,1,2097406,2036315
spill,2097152,1,2097406,2277639
spill,2097152,1,2097406,2080879
spill,2097152,1,2097406,1819474
spill,2097152,1,2097406,1971731
spill,2097152,1,2097406,1864790
spill,2097152,1,2097406,1846423
spill,2097152,1,2097406,1939346
spill,2097152,1,2097406,1727705
spill,2097152,1,2097406,1857697
spill,2097152,1,2097406,2729557
spill,2097152,1,2097406,1728306
spill,2097152,1,2097406,1854796
spill,2097152,1,2097406,2688100
spill,2097152,1,2097406,1921048
spill,2097152,1,2097406,2147184
spill,2097152,1,2097406,2288991
spill,2097152,1,2097406,2766044
spill,2097152,1,2097406,2105326
spill,2097152,1,2097406,2002279
spill,2097152,1,2097406,2229043
spill,2097152,1,2097406,2827847
spill,2097152,1,2097406,2091765
spill,2097152,1,2097406,2079163
spill,2097152,1,2097406,2370484
spill,2097152,1,2097406,2105382
spill,2097152,1,2097406,2203628
spill,2097152,1,2097406,2660878
spill,2097152,1,2097406,2181397
spill,2097152,1,2097406,2067244
spill,2097152,1,2097406,1854108
spill,2097152,1,2097406,2018551
spill,2097152,1,2097406,2059200
spill,2097152,1,2097406,1881051
spill,2097152,1,2097406,2163110
spill,2097152,1,2097406,1952208
spill,2097152,2,4194812,3644047
spill,2097152,1,2097406,2287735
spill,2097152,1,2097406,2042245
spill,2097152,1,2097406,2133163
spill,2097152,1,2097406,2157092
spill,2097152,1,2097406,1866312
spill,2097152,1,2097406,1990685
spill,2097152,1,2097406,2080410
spill,2097152,1,2097406,2098443
spill,2097152,1,2097406,1947409
spill,2097152,1,2097406,2282993
spill,2097152,1,2097406,2008478
spill,2097152,1,2097406,2070203
spill,2097152,1,2097406,2094396
spill,2097152,1,2097406,2166111
spill,2097152,1,2097406,2045439
spill,2097152,1,2097406,1907994
spill,2097152,1,2097406,1999642
spill,2097152,1,2097406,2084499
spill,2097152,1,2097406,2052982
spill,2097152,1,2097406,2016158
spill,2097152,1,2097406,2196159
spill,2097152,1,2097406,2007486
spill,2097152,1,2097406,1893358
spill,2097152,1,2097406,2131810
spill,2097152,1,2097406,2356460
spill,2097152,1,2097406,1923235
spill,2097152,1,2097406,2097786
spill,2097152,1,2097406,2177110
spill,2097152,1,2097406,2053507
spill,2097152,1,2097406,1967320
spill,2097152,1,2097406,2094447
spill,2097152,1,2097406,2312866
spill,2097152,1,2097406,1749186
spill,2097152,1,2097406,2045006
spill,2097152,1,2097406,2101850
spill,2097152,1,2097406,1736977
spill,2097152,1,2097406,2003607
spill,2097152,1,2097406,2186632
spill,2097152,1,2097406,1710604
spill,2097152,1,2097406,1951119
spill,2097152,1,2097406,1923154
spill,2097152,1,2097406,1516113
spill,2097152,1,2097406,2017637
spill,2097152,1,2097406,1924876
spill,2097152,1,2097406,1627373
spill,2097152,1,2097406,1625175
spill,2097152,1,2097406,2067384
spill,2097152,1,2097406,2105228
spill,2097152,1,2097406,1675079
spill,2097152,1,2097406,1977362
spill,2097152,1,2097406,2021247
spill,2097152,1,2097406,1641773
spill,2097152,1,2097406,2119558
spill,2097152,1,2097406,1918278
spill,2097152,1,2097406,1565468
spill,2097152,1,2097406,2004352
spill,2097152,1,2097406,1997856
spill,2097152,1,2097406,1765393
spill,2097152,1,2097406,1971831
spill,2097152,1,2097406,2122017
spill,2097152,1,2097406,1794143
spill,2097152,1,2097406,1685879
spill,2097152,1,2097406,1979109
spill,2097152,1,2097406,2081209
spill,2097152,1,2097406,1682063
spill,2097152,1,2097406,2106940
spill,2097152,1,2097406,2017150
spill,2097152,1,2097406,1749948
spill,2097152,1,2097406,2189379
spill,2097152,1,2097406,2181858
spill,2097152,1,2097406,1730577
spill,2097152,1,2097406,2078785
spill,2097152,1,2097406,2083313
spill,2097152,1,2097406,1514812
spill,2097152,1,2097406,1647956
spill,2097152,1,2097406,1684336
spill,2097152,1,2097406,1927849
spill,2097152,1,2097406,1616864
spill,2097152,1,2097406,1664310
spill,2097152,1,2097406,1653367
spill,2097152,1,2097406,1737511
spill,2097152,1,2097406,1733186
spill,2097152,1,2097406,1747645
spill,2097152,1,2097406,1599621
spill,2097152,1,2097406,1618299
spill,2097152,1,2097406,1746054
spill,2097152,1,2097406,1681804
spill,2097152,1,2097406,1883385
spill,2097152,1,2097406,1784698
spill,2097152,1,2097406,1661800
spill,2097152,1,2097406,1665388
spill,2097152,1,2097406,1734575
spill,2097152,1,2097406,1615619
spill,2097152,1,2097406,1592297
spill,2097152,1,2097406,1836622
spill,2097152,1,2097406,1714844
spill,2097152,1,2097406,1667951
spill,2097152,1,2097406,1697817
spill,2097152,1,2097406,1671261
spill,2097152,1,2097406,1598017
spill,2097152,1,2097406,1660504
spill,2097152,1,2097406,1699306
spill,2097152,1,2097406,1721666
spill,2097152,1,2097406,1779265
spill,2097152,1,2097406,1608173
spill,2097152,1,2097406,1641869
spill,2097152,1,2097406,1689411
spill,2097152,1,2097406,1548994
spill,2097152,1,2097406,2043449
spill,2097152,1,2097406,1783600
spill,2097152,1,2097406,1677558
spill,2097152,1,2097406,1676617
spill,2097152,1,2097406,1693960
spill,2097152,1,2097406,1609404
spill,2097152,1,2097406,1602495
spill,2097152,1,2097406,1860560
spill,2097152,1,2097406,1754619
spill,2097152,1,2097406,1698990
spill,2097152,1,2097406,1732378
spill,2097152,1,2097406,1657443
spill,2097152,1,2097406,1567479
spill,2097152,1,2097406,1658682
spill,2097152,1,2097406,1774777
spill,2097152,1,2097406,1622350
spill,2097152,1,2097406,1661201
spill,2097152,1,2097406,1811618
spill,2097152,1,2097406,1626277
spill,2097152,1,2097406,1704424
spill,2097152,1,2097406,1733915
spill,2097152,1,2097406,1746339
spill,2097152,1,2097406,1729605
spill,2097152,1,2097406,1635211
spill,2097152,1,2097406,1593343
spill,2097152,1,2097406,1814460
spill,2097152,1,2097406,1715702
spill,2097152,1,2097406,1853760
spill,2097152,1,2097406,1843262
spill,2097152,1,2097406,1806173
spill,2097152,1,2097406,1624327
spill,2097152,1,2097406,1653610
spill,2097152,1,2097406,1673073
spill,2097152,1,2097406,1757413
spill,2097152,1,2097406,1622789
spill,2097152,1,2097406,1678127
spill,2097152,1,2097406,1790323
spill,2097152,1,2097406,1689534
spill,2097152,1,2097406,1651129
spill,2097152,1,2097406,1607856
spill,2097152,1,2097406,1881415
spill,2097152,1,2097406,1688647
spill,2097152,1,2097406,1685660
spill,2097152,1,2097406,1642993
spill,2097152,1,2097406,1769111
spill,2097152,1,2097406,1713053
spill,2097152,1,2097406,1689275
spill,2097152,1,2097406,1733250
spill,2097152,1,2097406,1706921
spill,2097152,1,2097406,1758587
spill,2097152,1,2097406,1637286
spill,2097152,1,2097406,1745860
spill,2097152,1,2097406,1680862
spill,2097152,1,2097406,1676731
spill,2097152,1,2097406,1776654
spill,2097152,1,2097406,1628800
spill,2097152,1,2097406,1675440
spill,2097152,1,2097406,1569657
spill,2097152,1,2097406,1938311
spill,2097152,1,2097406,1780408
spill,2097152,1,2097406,1779355
spill,2097152,1,2097406,1823915
spill,2097152,1,2097406,1648224
spill,2097152,1,2097406,1936251
spill,2097152,1,2097406,1787938
spill,2097152,1,2097406,1888080
spill,2097152,1,2097406,1771748
spill,2097152,1,2097406,1902506
spill,2097152,1,2097406,1855989
spill,2097152,1,2097406,1994133
spill,2097152,1,2097406,1672269
spill,2097152,1,2097406,1682811
spill,2097152,1,2097406,1819807
spill,2097152,1,2097406,1819754
spill,2097152,1,2097406,1782148
spill,2097152,1,2097406,1993527
spill,2097152,1,2097406,1569885
spill,2097152,1,2097406,1682281
spill,2097152,1,2097406,1877433
spill,2097152,1,2097406,1823528
spill,2097152,1,2097406,1675232
spill,2097152,1,2097406,1746017
spill,2097152,1,2097406,1684870
spill,2097152,1,2097406,1936833
spill,2097152,1,2097406,1927275
spill,2097152,1,2097406,1653051
spill,2097152,1,2097406,1791934
spill,2097152,1,2097406,1803538
spill,2097152,1,2097406,1840270
spill,2097152,1,2097406,1748882
spill,2097152,1,2097406,1869594
spill,2097152,1,2097406,1606142
spill,2097152,1,2097406,1716049
spill,2097152,1,2097406,2045844
spill,2097152,1,2097406,1658211
spill,2097152,1,2097406,2148407
spill,2097152,1,2097406,1895147
spill,2097152,1,2097406,1609460
spill,2097152,1,2097406,1725667
spill,2097152,1,2097406,1578531
spill,2097152,1,2097406,1825988
spill,2097152,1,2097406,1738683
spill,2097152,1,2097406,1894290
spill,2097152,1,2097406,1818240
spill,2097152,1,2097406,1695247
spill,2097152,1,2097406,1939758
spill,2097152,1,2097406,1755187
spill,2097152,1,2097406,1793547
spill,2097152,1,2097406,2039421
spill,2097152,1,2097406,1634130
spill,2097152,1,2097406,1823397
spill,2097152,1,2097406,1803046
spill,2097152,1,2097406,2059708
spill,2097152,1,2097406,1844479
spill,2097152,1,2097406,1745177
spill,2097152,1,2097406,1747820
spill,2097152,1,2097406,1731445
spill,2097152,1,2097406,1667196
spill,2097152,1,2097406,1792605
spill,2097152,1,2097406,1770922
spill,2097152,1,2097406,1649938
spill,2097152,1,2097406,1606386
spill,2097152,1,2097406,1583385
spill,2097152,1,2097406,1633490
spill,2097152,1,2097406,2065586
spill,2097152,1,2097406,2131100
spill,2097152,1,2097406,1865368
spill,2097152,1,2097406,1739346
spill,2097152,1,2097406,1826141
spill,2097152,1,2097406,1578765
spill,2097152,1,2097406,1746142
spill,2097152,1,2097406,1813831
spill,2097152,1,2097406,1879355
spill,2097152,1,2097406,1847174
spill,2097152,1,2097406,1950334
spill,2097152,1,2097406,1867229
spill,2097152,1,2097406,1758835
spill,2097152,1,2097406,1746131
spill,2097152,1,2097406,1848406
spill,2097152,1,2097406,1651582
spill,2097152,1,2097406,1736636
spill,2097152,1,2097406,1987078
spill,2097152,1,2097406,1777075
spill,2097152,1,2097406,1775861
spill,2097152,1,2097406,1737055
spill,2097152,1,2097406,1643817
spill,2097152,1,2097406,2004102
spill,2097152,1,2097406,1942565
spill,2097152,1,2097406,1782854
spill,2097152,1,2097406,2050128
spill,2097152,2,4194812,3356328
spill,2097152,1,2097406,1955693
spill,2097152,1,2097406,1556628
spill,2097152,1,2097406,1657917
spill,2097152,1,2097406,1969638
spill,2097152,1,2097406,2055475
spill,2097152,1,2097406,1994649
spill,2097152,1,2097406,1837884
spill,2097152,1,2097406,1889141
spill,2097152,1,2097406,1717341
spill,2097152,1,2097406,1840211
spill,2097152,1,2097406,1738450
spill,2097152,1,2097406,1848736
spill,2097152,1,2097406,1737935
spill,2097152,1,2097406,1751730
spill,2097152,1,2097406,1899774
spill,2097152,1,2097406,1723955
spill,2097152,1,2097406,1798788
spill,2097152,1,2097406,1860693
spill,2097152,1,2097406,1678960
spill,2097152,1,2097406,1589280
spill,2097152,1,2097406,1754530
spill,2097152,1,2097406,1781312
spill,2097152,1,2097406,1884813
spill,2097152,1,2097406,1826961
spill,2097152,1,2097406,1761815
spill,2097152,1,2097406,1729845
spill,2097152,1,2097406,1754053
spill,2097152,1,2097406,1848052
spill,2097152,1,2097406,1888002
spill,2097152,1,2097406,1910848
spill,2097152,1,2097406,1698885
spill,2097152,1,2097406,1803444
spill,2097152,1,2097406,1806839
spill,2097152,1,2097406,1933042
spill,2097152,1,2097406,1886501
spill,2097152,1,2097406,1927410
spill,2097152,1,2097406,1725128
spill,2097152,1,2097406,1903887
spill,2097152,1,2097406,1743032
spill,2097152,1,2097406,1726180
spill,2097152,1,2097406,1855884
spill,2097152,1,2097406,1696127
spill,2097152,1,2097406,1867276
spill,2097152,1,2097406,1822479
spill,2097152,1,2097406,2049160
spill,2097152,1,2097406,1767052
spill,2097152,1,2097406,1781524
spill,2097152,1,2097406,1803571
spill,2097152,1,2097406,1903726
spill,2097152,1,2097406,1616689
spill,2097152,1,2097406,1685851
spill,2097152,1,2097406,1782366
spill,2097152,1,2097406,2149144
spill,2097152,1,2097406,1847737
spill,2097152,1,2097406,1878173
spill,2097152,1,2097406,1589783
spill,2097152,1,2097406,1781669
spill,2097152,1,2097406,2010689
spill,2097152,1,2097406,1761865
spill,2097152,1,2097406,2055743
spill,2097152,2,4194812,3243715
spill,2097152,1,2097406,1800534
spill,2097152,1,2097406,2054039
spill,2097152,1,2097406,1837770
spill,2097152,1,2097406,1746538
spill,2097152,1,2097406,2050066
spill,2097152,1,2097406,1869137
spill,2097152,1,2097406,1741634
spill,2097152,1,2097406,1724836
spill,2097152,1,2097406,1839397
spill,2097152,1,2097406,1898795
spill,2097152,1,2097406,1613917
spill,2097152,1,2097406,1920325
spill,2097152,1,2097406,1825560
spill,2097152,1,2097406,1685031
spill,2097152,1,2097406,2093343
spill,2097152,1,2097406,1678891
spill,2097152,1,2097406,1685085
spill,2097152,1,2097406,1747829
spill,2097152,1,2097406,1898112
spill,2097152,1,2097406,1729607
spill,2097152,1,2097406,1745216
spill,2097152,1,2097406,1902770
spill,2097152,1,2097406,1772899
spill,2097152,1,2097406,1796704
spill,2097152,1,2097406,1793480
spill,2097152,240,503377440,310577690
spill,2097152,1,2097406,3018561
spill,2097152,1,2097406,2260772
spill,2097152,1,2097406,1844766
spill,2097152,1,2097406,2250121
spill,2097152,1,2097406,2090953
spill,2097152,2,4194812,3099612
spill,2097152,1,2097406,1963185
spill,2097152,1,2097406,2051956
spill,2097152,1,2097406,1868078
spill,2097152,1,2097406,1822264
spill,2097152,1,2097406,1946424
spill,2097152,1,2097406,2019458
spill,2097152,1,2097406,1754246
spill,2097152,1,2097406,1976390
spill,2097152,1,2097406,2038679
spill,2097152,1,2097406,1942932
spill,2097152,1,2097406,2046764
spill,2097152,1,2097406,1894703
spill,2097152,1,2097406,1770721
spill,2097152,1,2097406,2094657
spill,2097152,1,2097406,1843547
spill,2097152,1,2097406,1980967
spill,2097152,1,2097406,2001331
spill,2097152,1,2097406,1709868
spill,2097152,1,2097406,1966056
spill,2097152,1,2097406,1991617
spill,2097152,1,2097406,1658893
spill,2097152,1,2097406,1763944
spill,2097152,1,2097406,1951620
spill,2097152,1,2097406,2054836
spill,2097152,1,2097406,1855421
spill,2097152,1,2097406,1894081
spill,2097152,1,2097406,1786365
spill,2097152,1,2097406,1766687
spill,2097152,1,2097406,2037379
spill,2097152,1,2097406,1730859
spill,2097152,1,2097406,1845427
spill,2097152,1,2097406,1946175
spill,2097152,1,2097406,1742741
spill,2097152,1,2097406,1804834
spill,2097152,1,2097406,1994669
spill,2097152,1,2097406,1726412
spill,2097152,1,2097406,1836377
spill,2097152,1,2097406,1615497
spill,2097152,1,2097406,1863730
spill,2097152,1,2097406,1965630
spill,2097152,1,2097406,1709322
spill,2097152,1,2097406,1805441
spill,2097152,1,2097406,1928126
spill,2097152,1,2097406,1715732
spill,2097152,1,2097406,1784768
spill,2097152,1,2097406,1970519
spill,2097152,1,2097406,1806210
spill,2097152,1,2097406,1727392
spill,2097152,1,2097406,1837139
spill,2097152,1,2097406,1534499
spill,2097152,1,2097406,1681629
spill,2097152,1,2097406,1806863
spill,2097152,1,2097406,1660675
spill,2097152,1,2097406,1814817
spill,2097152,1,2097406,1720058
spill,2097152,1,2097406,1631714
spill,2097152,1,2097406,1850240
spill,2097152,1,2097406,1893707
spill,2097152,1,2097406,1633532
spill,2097152,1,2097406,1716772
spill,2097152,1,2097406,1863389
spill,2097152,1,2097406,1679789
spill,2097152,1,2097406,1742982
spill,2097152,1,2097406,1829118
spill,2097152,1,2097406,1603614
spill,2097152,1,2097406,1741171
spill,2097152,1,2097406,1831949
spill,2097152,1,2097406,1699794
spill,2097152,1,2097406,1713465
spill,2097152,1,2097406,1845471
spill,2097152,1,2097406,1608135
spill,2097152,1,2097406,1855251
spill,2097152,1,2097406,1952716
spill,2097152,1,2097406,1709120
spill,2097152,1,2097406,1772088
spill,2097152,1,2097406,1769828
spill,2097152,1,2097406,1769171
spill,2097152,1,2097406,1838642
spill,2097152,1,2097406,1762199
spill,2097152,1,2097406,1617544
spill,2097152,1,2097406,1794809
spill,2097152,1,2097406,1935198
spill,2097152,1,2097406,1681778
spill,2097152,1,2097406,1829140
spill,2097152,1,2097406,1662430
spill,2097152,1,2097406,1727020
spill,2097152,1,2097406,1878771
spill,2097152,1,2097406,1789830
spill,2097152,1,2097406,1767024
spill,2097152,1,2097406,1809690
spill,2097152,1,2097406,1780113
spill,2097152,1,2097406,1762523
spill,2097152,1,2097406,1920477
spill,2097152,1,2097406,1712915
spill,2097152,1,2097406,1605236
spill,2097152,1,2097406,1793787
spill,2097152,1,2097406,1774790
spill,2097152,1,2097406,1684855
spill,2097152,1,2097406,1822200
spill,2097152,1,2097406,1703236
spill,2097152,1,2097406,1756103
spill,2097152,1,2097406,1987272
spill,2097152,1,2097406,1676627
spill,2097152,1,2097406,1660685
spill,2097152,1,2097406,1854921
spill,2097152,1,2097406,1720860
spill,2097152,1,2097406,1741693
spill,2097152,1,2097406,1833842
spill,2097152,1,2097406,1754241
spill,2097152,1,2097406,1631210
spill,2097152,1,2097406,1659630
spill,2097152,1,2097406,1948814
spill,2097152,1,2097406,1702111
spill,2097152,1,2097406,1676622
spill,2097152,1,2097406,1707072
spill,2097152,1,2097406,1677701
spill,2097152,1,2097406,1963849
spill,2097152,1,2097406,1791688
spill,2097152,1,2097406,1643861
spill,2097152,1,2097406,1600105
spill,2097152,1,2097406,2063988
spill,2097152,1,2097406,1716394
spill,2097152,1,2097406,2010264
spill,2097152,1,2097406,1743485
spill,2097152,1,2097406,1782012
spill,2097152,1,2097406,2044793
spill,2097152,1,2097406,1770315
spill,2097152,1,2097406,1739046
spill,2097152,1,2097406,1688193
spill,2097152,1,2097406,1631618
spill,2097152,1,2097406,1835685
spill,2097152,1,2097406,1764297
spill,2097152,1,2097406,1560460
spill,2097152,1,2097406,1515388
spill,2097152,1,2097406,1655639
spill,2097152,1,2097406,1665651
spill,2097152,1,2097406,1699866
spill,2097152,1,2097406,1835002
spill,2097152,1,2097406,1663155
spill,2097152,1,2097406,1913906
spill,2097152,1,2097406,1954111
spill,2097152,1,2097406,1776182
spill,2097152,1,2097406,1882607
spill,2097152,1,2097406,1604500
spill,2097152,1,2097406,1644098
spill,2097152,1,2097406,1826183
spill,2097152,1,2097406,1995292
spill,2097152,1,2097406,1712983
spill,2097152,1,2097406,1604435
spill,2097152,1,2097406,1754353
spill,2097152,1,2097406,1715495
spill,2097152,1,2097406,1630213
spill,2097152,1,2097406,1731297
spill,2097152,1,2097406,1546371
spill,2097152,1,2097406,1715744
spill,2097152,1,2097406,1789132
spill,2097152,1,2097406,1850850
spill,2097152,1,2097406,1621248
spill,2097152,1,2097406,1641772
spill,2097152,1,2097406,1820055
spill,2097152,1,2097406,1727424
spill,2097152,1,2097406,1808750
spill,2097152,1,2097406,1708867
spill,2097152,1,2097406,1668967
spill,2097152,1,2097406,1644360
spill,2097152,1,2097406,1884783
spill,2097152,1,2097406,1727398
spill,2097152,1,2097406,1559336
spill,2097152,1,2097406,1693286
spill,2097152,1,2097406,1708081
spill,2097152,1,2097406,1756319
spill,2097152,1,2097406,1756049
spill,2097152,1,2097406,1590683
spill,2097152,1,2097406,1733375
spill,2097152,1,2097406,1882965
spill,2097152,1,2097406,1633078
spill,2097152,1,2097406,1882300
spill,2097152,1,2097406,1585724
spill,2097152,1,2097406,1735365
spill,2097152,1,2097406,1717088
spill,2097152,1,2097406,1664672
spill,2097152,1,2097406,1726467
spill,2097152,1,2097406,1582790
spill,2097152,1,2097406,1772421
spill,2097152,1,2097406,1879106
spill,2097152,1,2097406,1752094
spill,2097152,1,2097406,1648066
spill,2097152,1,2097406,1780025
spill,2097152,1,2097406,1819960
spill,2097152,1,2097406,1818479
spill,2097152,1,2097406,1751624
spill,2097152,1,2097406,1828275
spill,2097152,1,2097406,1617939
spill,2097152,1,2097406,1823872
spill,2097152,1,2097406,1709825
spill,2097152,1,2097406,1653362
spill,2097152,1,2097406,1645413
spill,2097152,1,2097406,1578170
spill,2097152,1,2097406,1708943
spill,2097152,1,2097406,1855229
spill,2097152,1,2097406,1669135
spill,2097152,1,2097406,1635380
spill,2097152,1,2097406,1641243
spill,2097152,1,2097406,1668650
spill,2097152,1,2097406,1718320
spill,2097152,1,2097406,1591156
spill,2097152,1,2097406,1879953
spill,2097152,1,2097406,1590651
spill,2097152,1,2097406,1634003
spill,2097152,1,2097406,1687753
spill,2097152,1,2097406,1606984
spill,2097152,1,2097406,1743261
spill,2097152,1,2097406,1614776
spill,2097152,1,2097406,1727224
spill,2097152,1,2097406,1816631
spill,2097152,1,2097406,1794620
spill,2097152,1,2097406,1651176
spill,2097152,1,2097406,1818030
spill,2097152,1,2097406,1597983
spill,2097152,1,2097406,1772186
spill,2097152,1,2097406,1686390
spill,2097152,1,2097406,1688677
spill,2097152,1,2097406,1679530
spill,2097152,1,2097406,1835579
spill,2097152,1,2097406,1728549
spill,2097152,1,2097406,1654431
spill,2097152,1,2097406,1720169
spill,2097152,1,2097406,1596585
spill,2097152,1,2097406,1719720
spill,2097152,1,2097406,1797340
spill,2097152,1,2097406,1669692
spill,2097152,1,2097406,1585694
spill,2097152,1,2097406,1637642
spill,2097152,1,2097406,1929056
spill,2097152,1,2097406,1727179
spill,2097152,1,2097406,1689152
spill,2097152,1,2097406,1686138
spill,2097152,1,2097406,1727227
spill,2097152,1,2097406,1639111
spill,2097152,1,2097406,1813103
spill,2097152,1,2097406,2058853
spill,2097152,1,2097406,1676930
spill,2097152,1,2097406,1645923
spill,2097152,1,2097406,1730833
spill,2097152,1,2097406,1711056
spill,2097152,1,2097406,1709184
spill,2097152,1,2097406,1649671
spill,2097152,1,2097406,1662535
spill,2097152,1,2097406,1636088
spill,2097152,1,2097406,1745991
spill,2097152,1,2097406,2026871
spill,2097152,1,2097406,1676336
spill,2097152,1,2097406,1663327
spill,2097152,1,2097406,1718702
spill,2097152,1,2097406,1747260
spill,2097152,1,2097406,1625838
spill,2097152,1,2097406,1850991
spill,2097152,1,2097406,1609139
spill,2097152,1,2097406,1768713
spill,2097152,1,2097406,1793864
spill,2097152,1,2097406,1717340
spill,2097152,1,2097406,1640089
spill,2097152,1,2097406,1643905
spill,2097152,1,2097406,1695039
spill,2097152,1,2097406,1727065
spill,2097152,1,2097406,1685884
spill,2097152,1,2097406,1583820
spill,2097152,1,2097406,1611415
spill,2097152,1,2097406,1829653
spill,2097152,1,2097406,1746355
spill,2097152,1,2097406,1574450
spill,2097152,1,2097406,1618242
spill,2097152,1,2097406,1581081
spill,2097152,1,2097406,1825041
spill,2097152,1,2097406,1701564
spill,2097152,1,2097406,1529447
spill,2097152,1,2097406,1885145
spill,2097152,1,2097406,1868230
spill,2097152,1,2097406,1721730
spill,2097152,1,2097406,1791095
spill,2097152,1,2097406,1885993
spill,2097152,1,2097406,1653222
spill,2097152,1,2097406,1888832
spill,2097152,1,2097406,1826223
spill,2097152,1,2097406,1866799
spill,2097152,1,2097406,1763353
spill,2097152,1,2097406,1641732
spill,2097152,1,2097406,1624873
spill,2097152,1,2097406,1685209
spill,2097152,1,2097406,1781171
spill,2097152,1,2097406,1673086
spill,2097152,1,2097406,1696370
spill,2097152,1,2097406,1685268
spill,2097152,1,2097406,1643374
spill,2097152,1,2097406,1683775
spill,2097152,1,2097406,1760617
spill,2097152,1,2097406,1669446
spill,2097152,1,2097406,1694293
spill,2097152,240,503377440,298922189
spill,4194304,2,8389116,6778242
spill,4194304,2,8389116,8851366
spill,4194304,1,4194558,3874870
spill,4194304,2,8389116,8335861
spill,4194304,1,4194558,4035413
spill,4194304,1,4194558,3412826
spill,4194304,1,4194558,4104596
spill,4194304,1,4194558,4276049
spill,4194304,1,4194558,4184601
spill,4194304,1,4194558,4022974
spill,4194304,1,4194558,4091051
spill,4194304,1,4194558,3976243
spill,4194304,1,4194558,3424924
spill,4194304,1,4194558,3031634
spill,4194304,1,4194558,3278890
spill,4194304,1,4194558,3448092
spill,4194304,1,4194558,3734937
spill,4194304,1,4194558,3772219
spill,4194304,1,4194558,3066099
spill,4194304,1,4194558,3511489
spill,4194304,1,4194558,3148031
spill,4194304,1,4194558,3234621
spill,4194304,1,4194558,3204736
spill,4194304,1,4194558,3214275
spill,4194304,1,4194558,3085984
spill,4194304,1,4194558,3331125
spill,4194304,1,4194558,3240936
spill,4194304,1,4194558,3540172
spill,4194304,1,4194558,3184043
spill,4194304,1,4194558,3185010
spill,4194304,1,4194558,3269292
spill,4194304,1,4194558,3329016
spill,4194304,1,4194558,3513313
spill,4194304,1,4194558,3087659
spill,4194304,1,4194558,3018346
spill,4194304,1,4194558,3182245
spill,4194304,1,4194558,3057308
spill,4194304,1,4194558,3122813
spill,4194304,1,4194558,3159761
spill,4194304,1,4194558,3090227
spill,4194304,1,4194558,3179557
spill,4194304,1,4194558,3524387
spill,4194304,1,4194558,3049319
spill,4194304,1,4194558,3192827
spill,4194304,1,4194558,3182196
spill,4194304,1,4194558,2966687
spill,4194304,1,4194558,3147992
spill,4194304,1,4194558,3164887
spill,4194304,1,4194558,2931902
spill,4194304,1,4194558,2896597
spill,4194304,1,4194558,3170884
spill,4194304,1,4194558,3055450
spill,4194304,1,4194558,3086821
spill,4194304,1,4194558,3146285
spill,4194304,1,4194558,2990197
spill,4194304,1,4194558,3175933
spill,4194304,1,4194558,3120795
spill,4194304,1,4194558,2922680
spill,4194304,1,4194558,3203226
spill,4194304,1,4194558,3139806
spill,4194304,1,4194558,2855666
spill,4194304,1,4194558,3039368
spill,4194304,1,4194558,2914697
spill,4194304,1,4194558,3149299
spill,4194304,1,4194558,2815940
spill,4194304,1,4194558,3008983
spill,4194304,1,4194558,2923570
spill,4194304,1,4194558,3080047
spill,4194304,1,4194558,3073200
spill,4194304,1,4194558,2859324
spill,4194304,1,4194558,2998820
spill,4194304,1,4194558,3177578
spill,4194304,1,4194558,2993215
spill,4194304,1,4194558,3305294
spill,4194304,1,4194558,3282398
spill,4194304,1,4194558,3261026
spill,4194304,1,4194558,3053272
spill,4194304,1,4194558,3184685
spill,4194304,1,4194558,3108870
spill,4194304,1,4194558,2994772
spill,4194304,1,4194558,3310054
spill,4194304,1,4194558,3269333
spill,4194304,1,4194558,3114832
spill,4194304,1,4194558,3544264
spill,4194304,1,4194558,3196388
spill,4194304,1,4194558,3018199
spill,4194304,1,4194558,3444578
spill,4194304,1,4194558,3122064
spill,4194304,1,4194558,3048572
spill,4194304,1,4194558,3316618
spill,4194304,1,4194558,2945150
spill,4194304,1,4194558,2963137
spill,4194304,1,4194558,3293178
spill,4194304,1,4194558,3315970
spill,4194304,1,4194558,3013588
spill,4194304,1,4194558,3120668
spill,4194304,1,4194558,3408112
spill,4194304,1,4194558,3507875
spill,4194304,1,4194558,3293277
spill,4194304,1,4194558,3775601
spill,4194304,1,4194558,3543558
spill,4194304,1,4194558,3318489
spill,4194304,1,4194558,3479109
spill,4194304,1,4194558,3495404
spill,4194304,1,4194558,3346234
spill,4194304,1,4194558,3135540
spill,4194304,1,4194558,3023293
spill,4194304,1,4194558,3656186
spill,4194304,1,4194558,3154089
spill,4194304,1,4194558,3139251
spill,4194304,1,4194558,3247114
spill,4194304,1,4194558,3114685
spill,4194304,1,4194558,3190209
spill,4194304,1,4194558,3201170
spill,4194304,1,4194558,3159638
spill,4194304,1,4194558,3339808
spill,4194304,1,4194558,3213776
spill,4194304,1,4194558,3156321
spill,4194304,1,4194558,2921514
spill,4194304,1,4194558,3308461
spill,4194304,1,4194558,2950734
spill,4194304,1,4194558,3122409
spill,4194304,1,4194558,3183629
spill,4194304,1,4194558,3416608
spill,4194304,1,4194558,3134859
spill,4194304,1,4194558,2888983
spill,4194304,1,4194558,3222594
spill,4194304,1,4194558,3142264
spill,4194304,1,4194558,2972285
spill,4194304,1,4194558,3323089
spill,4194304,1,4194558,3077085
spill,4194304,1,4194558,2902878
spill,4194304,1,4194558,3032064
spill,4194304,1,4194558,3254413
spill,4194304,1,4194558,3061607
spill,4194304,1,4194558,3138296
spill,4194304,1,4194558,3304644
spill,4194304,1,4194558,3022869
spill,4194304,1,4194558,3013920
spill,4194304,1,4194558,3285714
spill,4194304,1,4194558,2883237
spill,4194304,1,4194558,2969144
spill,4194304,1,4194558,3163805
spill,4194304,1,4194558,2974831
spill,4194304,1,4194558,2898081
spill,4194304,1,4194558,3440556
spill,4194304,1,4194558,2969006
spill,4194304,1,4194558,3053712
spill,4194304,1,4194558,3219511
spill,4194304,1,4194558,2939068
spill,4194304,1,4194558,3076455
spill,4194304,1,4194558,2926167
spill,4194304,1,4194558,3394987
spill,4194304,1,4194558,3013909
spill,4194304,1,4194558,3017216
spill,4194304,1,4194558,3211218
spill,4194304,1,4194558,2893924
spill,4194304,1,4194558,2881194
spill,4194304,1,4194558,3119454
spill,4194304,1,4194558,2907203
spill,4194304,1,4194558,2881913
spill,4194304,1,4194558,3180523
spill,4194304,1,4194558,3060426
spill,4194304,1,4194558,2945605
spill,4194304,1,4194558,3226414
spill,4194304,1,4194558,2986179
spill,4194304,1,4194558,3118696
spill,4194304,1,4194558,3314300
spill,4194304,1,4194558,3142176
spill,4194304,1,4194558,3043141
spill,4194304,1,4194558,3256553
spill,4194304,1,4194558,3076432
spill,4194304,1,4194558,2980490
spill,4194304,1,4194558,2964089
spill,4194304,1,4194558,3166747
spill,4194304,1,4194558,2925674
spill,4194304,1,4194558,3194359
spill,4194304,1,4194558,3336454
spill,4194304,1,4194558,2857167
spill,4194304,1,4194558,3312310
spill,4194304,1,4194558,3472762
spill,4194304,1,4194558,3044814
spill,4194304,1,4194558,2984401
spill,4194304,1,4194558,3893093
spill,4194304,1,4194558,3554988
spill,4194304,1,4194558,3276995
spill,4194304,1,4194558,3345179
spill,4194304,1,4194558,2987511
spill,4194304,1,4194558,3220982
spill,4194304,1,4194558,3473678
spill,4194304,1,4194558,3476223
spill,4194304,1,4194558,3192267
spill,4194304,1,4194558,3043904
spill,4194304,1,4194558,3045381
spill,4194304,1,4194558,3253109
spill,4194304,1,4194558,2887986
spill,4194304,1,4194558,3138835
spill,4194304,1,4194558,3332994
spill,4194304,1,4194558,2969334
spill,4194304,1,4194558,2985609
spill,4194304,1,4194558,2920106
spill,4194304,1,4194558,3341244
spill,4194304,1,4194558,3183554
spill,4194304,1,4194558,2918769
spill,4194304,1,4194558,3063030
spill,4194304,1,4194558,3275062
spill,4194304,1,4194558,2935694
spill,4194304,1,4194558,3222562
spill,4194304,1,4194558,3199380
spill,4194304,1,4194558,2954471
spill,4194304,1,4194558,2904748
spill,4194304,1,4194558,3256527
spill,4194304,1,4194558,2930834
spill,4194304,1,4194558,3001587
spill,4194304,1,4194558,3255999
spill,4194304,1,4194558,3036203
spill,4194304,1,4194558,3334606
spill,4194304,1,4194558,3163655
spill,4194304,1,4194558,3077904
spill,4194304,1,4194558,2974745
spill,4194304,1,4194558,3220728
spill,4194304,1,4194558,2959422
spill,4194304,1,4194558,3040775
spill,4194304,1,4194558,3227144
spill,4194304,1,4194558,3077276
spill,4194304,1,4194558,3015812
spill,4194304,1,4194558,3402779
spill,4194304,1,4194558,2921858
spill,4194304,1,4194558,2886542
spill,4194304,1,4194558,3173035
spill,4194304,1,4194558,3300214
spill,4194304,1,4194558,3071647
spill,4194304,1,4194558,3451709
spill,4194304,1,4194558,3058279
spill,4194304,1,4194558,3150091
spill,4194304,1,4194558,3213540
spill,4194304,1,4194558,3053551
spill,4194304,1,4194558,3031433
spill,4194304,1,4194558,3151344
spill,4194304,1,4194558,3232723
spill,4194304,1,4194558,2949270
spill,4194304,1,4194558,3283047
spill,4194304,1,4194558,3036749
spill,4194304,1,4194558,3009829
spill,4194304,1,4194558,3015290
spill,4194304,1,4194558,3248490
spill,4194304,1,4194558,3035228
spill,4194304,1,4194558,2998427
spill,4194304,1,4194558,3281115
spill,4194304,1,4194558,3117892
spill,4194304,1,4194558,3175756
spill,4194304,1,4194558,3344427
spill,4194304,1,4194558,3589742
spill,4194304,1,4194558,3015353
spill,4194304,1,4194558,2938459
spill,4194304,1,4194558,3360336
spill,4194304,1,4194558,3099828
spill,4194304,1,4194558,3024590
spill,4194304,1,4194558,3195810
spill,4194304,1,4194558,2958154
spill,4194304,1,4194558,2904031
spill,4194304,1,4194558,3097535
spill,4194304,1,4194558,3117583
spill,4194304,1,4194558,3105405
spill,4194304,1,4194558,3006761
spill,4194304,1,4194558,3005215
spill,4194304,1,4194558,2936070
spill,4194304,1,4194558,3566743
spill,4194304,1,4194558,3034157
spill,4194304,1,4194558,2942507
spill,4194304,1,4194558,3072382
spill,4194304,1,4194558,3335750
spill,4194304,1,4194558,3071071
spill,4194304,1,4194558,2979294
spill,4194304,1,4194558,3014917
spill,4194304,1,4194558,3051614
spill,4194304,1,4194558,2846784
spill,4194304,1,4194558,2987421
spill,4194304,1,4194558,3164049
spill,4194304,1,4194558,3213337
spill,4194304,1,4194558,3033202
spill,4194304,1,4194558,3178855
spill,4194304,1,4194558,2885749
spill,4194304,1,4194558,3286243
spill,4194304,1,4194558,3290413
spill,4194304,1,4194558,2987666
spill,4194304,1,4194558,3250582
spill,4194304,1,4194558,3495243
spill,4194304,120,503346960,314758489
spill,4194304,1,4194558,3617191
spill,4194304,1,4194558,3248436
spill,4194304,1,4194558,3486285
spill,4194304,1,4194558,3655700
spill,4194304,1,4194558,3134722
spill,4194304,1,4194558,3309386
spill,4194304,1,4194558,3293389
spill,4194304,1,4194558,3608546
spill,4194304,1,4194558,3184437
spill,4194304,1,4194558,3012092
spill,4194304,1,4194558,3278395
spill,4194304,1,4194558,3048449
spill,4194304,1,4194558,3240653
spill,4194304,1,4194558,3121017
spill,4194304,1,4194558,3045268
spill,4194304,1,4194558,3294272
spill,4194304,1,4194558,3326009
spill,4194304,1,4194558,4318434
spill,4194304,1,4194558,3521375
spill,4194304,1,4194558,3558230
spill,4194304,1,4194558,3476958
spill,4194304,1,4194558,3587380
spill,4194304,1,4194558,3243139
spill,4194304,1,4194558,2990667
spill,4194304,1,4194558,3400712
spill,4194304,1,4194558,3149663
spill,4194304,1,4194558,3085306
spill,4194304,1,4194558,3206311
spill,4194304,1,4194558,3132644
spill,4194304,1,4194558,3135341
spill,4194304,1,4194558,3462309
spill,4194304,1,4194558,3237022
spill,4194304,1,4194558,3326243
spill,4194304,1,4194558,2953575
spill,4194304,1,4194558,3173704
spill,4194304,1,4194558,3343844
spill,4194304,1,4194558,3155214
spill,4194304,1,4194558,3095433
spill,4194304,1,4194558,3085174
spill,4194304,1,4194558,2995751
spill,4194304,1,4194558,3067563
spill,4194304,1,4194558,3006463
spill,4194304,1,4194558,2994418
spill,4194304,1,4194558,3104796
spill,4194304,1,4194558,3183955
spill,4194304,1,4194558,2971908
spill,4194304,1,4194558,3049774
spill,4194304,1,4194558,3246507
spill,4194304,1,4194558,2962228
spill,4194304,1,4194558,3166872
spill,4194304,1,4194558,2793811
spill,4194304,1,4194558,2899427
spill,4194304,1,4194558,2999951
spill,4194304,1,4194558,3059660
spill,4194304,1,4194558,2934605
spill,4194304,1,4194558,3110603
spill,4194304,1,4194558,2925196
spill,4194304,1,4194558,2937265
spill,4194304,1,4194558,3200919
spill,4194304,1,4194558,2992766
spill,4194304,1,4194558,2930217
spill,4194304,1,4194558,3186324
spill,4194304,1,4194558,2788954
spill,4194304,1,4194558,3054698
spill,4194304,1,4194558,2992461
spill,4194304,1,4194558,2860021
spill,4194304,1,4194558,3272390
spill,4194304,1,4194558,3046048
spill,4194304,120,503346960,265963202
spill,8388608,2,16777724,12032953
spill,8388608,2,16777724,13054952
spill,8388608,1,8388862,8463333
spill,8388608,1,8388862,6376906
spill,8388608,1,8388862,5988099
spill,8388608,1,8388862,5966587
spill,8388608,1,8388862,6058387
spill,8388608,1,8388862,6291722
spill,8388608,1,8388862,6281356
spill,8388608,1,8388862,6120703
spill,8388608,1,8388862,6130126
spill,8388608,1,8388862,6380381
spill,8388608,1,8388862,5590631
spill,8388608,1,8388862,5913508
spill,8388608,1,8388862,5864726
spill,8388608,1,8388862,6121542
spill,8388608,1,8388862,5905503
spill,8388608,1,8388862,6116895
spill,8388608,1,8388862,6103979
spill,8388608,1,8388862,5762949
spill,8388608,1,8388862,6339859
spill,8388608,1,8388862,6074819
spill,8388608,1,8388862,5721451
spill,8388608,1,8388862,5801272
spill,8388608,1,8388862,5744438
spill,8388608,1,8388862,5386597
spill,8388608,1,8388862,5831238
spill,8388608,1,8388862,5736775
spill,8388608,1,8388862,5791110
spill,8388608,1,8388862,6033141
spill,8388608,1,8388862,6240144
spill,8388608,1,8388862,6122943
spill,8388608,1,8388862,5701932
spill,8388608,1,8388862,5797071
spill,8388608,1,8388862,5759226
spill,8388608,1,8388862,6077875
spill,8388608,1,8388862,5725502
spill,8388608,1,8388862,5672174
spill,8388608,1,8388862,5749647
spill,8388608,1,8388862,5523161
spill,8388608,1,8388862,5704166
spill,8388608,1,8388862,5589779
spill,8388608,1,8388862,5887496
spill,8388608,1,8388862,5749357
spill,8388608,1,8388862,5813004
spill,8388608,1,8388862,5776992
spill,8388608,1,8388862,6152062
spill,8388608,1,8388862,6023104
spill,8388608,1,8388862,5616129
spill,8388608,1,8388862,5731814
spill,8388608,1,8388862,5676799
spill,8388608,1,8388862,5409679
spill,8388608,1,8388862,5613517
spill,8388608,1,8388862,5981600
spill,8388608,1,8388862,5886654
spill,8388608,1,8388862,5599336
spill,8388608,1,8388862,5558306
spill,8388608,1,8388862,5925941
spill,8388608,1,8388862,5222393
spill,8388608,1,8388862,5893181
spill,8388608,1,8388862,5807936
spill,8388608,1,8388862,5560963
spill,8388608,1,8388862,6115251
spill,8388608,1,8388862,5626507
spill,8388608,1,8388862,5847362
spill,8388608,1,8388862,5770271
spill,8388608,1,8388862,5357755
spill,8388608,1,8388862,5683573
spill,8388608,1,8388862,5538757
spill,8388608,1,8388862,5546484
spill,8388608,1,8388862,5554687
spill,8388608,1,8388862,5537472
spill,8388608,1,8388862,5561093
spill,8388608,1,8388862,5468081
spill,8388608,1,8388862,5508003
spill,8388608,1,8388862,5676325
spill,8388608,1,8388862,5733995
spill,8388608,1,8388862,5602132
spill,8388608,1,8388862,5538884
spill,8388608,1,8388862,5467965
spill,8388608,1,8388862,5643205
spill,8388608,1,8388862,5557805
spill,8388608,1,8388862,6108569
spill,8388608,1,8388862,5584765
spill,8388608,1,8388862,5660613
spill,8388608,1,8388862,5822184
spill,8388608,1,8388862,5752100
spill,8388608,1,8388862,5415743
spill,8388608,1,8388862,5992660
spill,8388608,1,8388862,5692047
spill,8388608,1,8388862,5885312
spill,8388608,1,8388862,5733271
spill,8388608,1,8388862,5922052
spill,8388608,1,8388862,6025947
spill,8388608,1,8388862,5897916
spill,8388608,1,8388862,5766138
spill,8388608,1,8388862,6036305
spill,8388608,1,8388862,5711531
spill,8388608,1,8388862,5505733
spill,8388608,1,8388862,5621638
spill,8388608,1,8388862,5331839
spill,8388608,1,8388862,5948462
spill,8388608,1,8388862,6062119
spill,8388608,1,8388862,5585451
spill,8388608,1,8388862,5762288
spill,8388608,1,8388862,5300014
spill,8388608,1,8388862,5367910
spill,8388608,1,8388862,5721053
spill,8388608,1,8388862,5348005
spill,8388608,1,8388862,5500371
spill,8388608,1,8388862,5791503
spill,8388608,1,8388862,5601338
spill,8388608,1,8388862,5734172
spill,8388608,1,8388862,5642226
spill,8388608,1,8388862,5612672
spill,8388608,1,8388862,5626754
spill,8388608,1,8388862,6269194
spill,8388608,1,8388862,5753841
spill,8388608,1,8388862,5710354
spill,8388608,1,8388862,5120891
spill,8388608,1,8388862,5830513
spill,8388608,1,8388862,5473655
spill,8388608,1,8388862,5566477
spill,8388608,1,8388862,5919383
spill,8388608,1,8388862,6173186
spill,8388608,1,8388862,6007411
spill,8388608,1,8388862,5864352
spill,8388608,1,8388862,5833588
spill,8388608,1,8388862,5554174
spill,8388608,1,8388862,5689272
spill,8388608,1,8388862,5924221
spill,8388608,1,8388862,6199287
spill,8388608,1,8388862,5768544
spill,8388608,1,8388862,5968037
spill,8388608,1,8388862,5623864
spill,8388608,1,8388862,5845706
spill,8388608,1,8388862,5444238
spill,8388608,1,8388862,5457511
spill,8388608,1,8388862,5838668
spill,8388608,1,8388862,5787476
spill,8388608,1,8388862,5562522
spill,8388608,1,8388862,5969773
spill,8388608,1,8388862,5959056
spill,8388608,1,8388862,5786043
spill,8388608,1,8388862,5823861
spill,8388608,1,8388862,5705992
spill,8388608,1,8388862,5563327
spill,8388608,1,8388862,5782929
spill,8388608,1,8388862,5657014
spill,8388608,1,8388862,6167343
spill,8388608,1,8388862,5673601
spill,8388608,1,8388862,5894971
spill,8388608,1,8388862,5893555
spill,8388608,1,8388862,5659168
spill,8388608,1,8388862,5718491
spill,8388608,1,8388862,5728235
spill,8388608,60,503331720,314899570
spill,8388608,1,8388862,6298001
spill,8388608,1,8388862,6520476
spill,8388608,1,8388862,5731309
spill,8388608,1,8388862,5709171
spill,8388608,1,8388862,5896138
spill,8388608,1,8388862,6690363
spill,8388608,1,8388862,5749504
spill,8388608,1,8388862,4828237
spill,8388608,1,8388862,6188250
spill,8388608,1,8388862,6841002
spill,8388608,1,8388862,6812929
spill,8388608,1,8388862,6502158
spill,8388608,1,8388862,5755476
spill,8388608,1,8388862,5793264
spill,8388608,1,8388862,5890478
spill,8388608,1,8388862,5931038
spill,8388608,2,16777724,10892032
spill,8388608,1,8388862,6281003
spill,8388608,1,8388862,5313917
spill,8388608,1,8388862,5434620
spill,8388608,1,8388862,6007905
spill,8388608,60,503331720,259626023
spill,16777216,1,16777470,12912297
spill,16777216,1,16777470,12867611
spill,16777216,1,16777470,13685062
spill,16777216,1,16777470,11709070
spill,16777216,1,16777470,11718715
spill,16777216,1,16777470,11366046
spill,16777216,1,16777470,11352243
spill,16777216,1,16777470,11839210
spill,16777216,1,16777470,12328650
spill,16777216,1,16777470,15142010
spill,16777216,1,16777470,11620717
spill,16777216,1,16777470,11442018
spill,16777216,1,16777470,13449591
spill,16777216,1,16777470,12041230
spill,16777216,1,16777470,11360484
spill,16777216,1,16777470,11612722
spill,16777216,1,16777470,14196884
spill,16777216,1,16777470,10680546
spill,16777216,1,16777470,11405562
spill,16777216,1,16777470,10584148
spill,16777216,1,16777470,11970469
spill,16777216,1,16777470,11335009
spill,16777216,1,16777470,10946774
spill,16777216,1,16777470,13981882
spill,16777216,1,16777470,10836537
spill,16777216,1,16777470,11135058
spill,16777216,1,16777470,12918569
spill,16777216,1,16777470,10801323
spill,16777216,1,16777470,11632684
spill,16777216,1,16777470,14379876
spill,16777216,1,16777470,11132255
spill,16777216,1,16777470,10994434
spill,16777216,1,16777470,11113948
spill,16777216,1,16777470,12572275
spill,16777216,1,16777470,10985572
spill,16777216,1,16777470,11089687
spill,16777216,1,16777470,13397438
spill,16777216,1,16777470,11535438
spill,16777216,1,16777470,10829120
spill,16777216,1,16777470,10993525
spill,16777216,1,16777470,12362145
spill,16777216,1,16777470,11225703
spill,16777216,1,16777470,11238025
spill,16777216,1,16777470,14082726
spill,16777216,1,16777470,11168649
spill,16777216,1,16777470,10905929
spill,16777216,1,16777470,12770258
spill,16777216,1,16777470,10867037
spill,16777216,1,16777470,10910999
spill,16777216,1,16777470,11180846
spill,16777216,1,16777470,14537288
spill,16777216,1,16777470,10805547
spill,16777216,1,16777470,11281300
spill,16777216,1,16777470,11449654
spill,16777216,1,16777470,13434264
spill,16777216,1,16777470,11537743
spill,16777216,1,16777470,11629004
spill,16777216,1,16777470,13148323
spill,16777216,1,16777470,11687243
spill,16777216,1,16777470,11337329
spill,16777216,1,16777470,13951143
spill,16777216,1,16777470,11458582
spill,16777216,1,16777470,11166482
spill,16777216,1,16777470,13688820
spill,16777216,1,16777470,10773056
spill,16777216,1,16777470,10947258
spill,16777216,1,16777470,10984679
spill,16777216,1,16777470,13136786
spill,16777216,1,16777470,11022945
spill,16777216,1,16777470,11191655
spill,16777216,30,503324100,313019623
spill,16777216,1,16777470,11129046
spill,16777216,1,16777470,13033688
spill,16777216,1,16777470,11060717
spill,16777216,1,16777470,11541406
spill,16777216,1,16777470,10649350
spill,16777216,1,16777470,12565826
spill,16777216,1,16777470,12155925
spill,16777216,1,16777470,12346539
spill,16777216,1,16777470,12036493
spill,16777216,1,16777470,11609848
spill,16777216,1,16777470,12183720
spill,16777216,1,16777470,11149840
spill,16777216,1,16777470,11569649
spill,16777216,1,16777470,11663145
spill,16777216,1,16777470,12590687
spill,16777216,1,16777470,11645225
spill,16777216,1,16777470,11822605
spill,16777216,1,16777470,10867197
spill,16777216,1,16777470,10932351
spill,16777216,1,16777470,10893522
spill,16777216,30,503324100,273123550
spill,33554432,1,33554686,23677314
spill,33554432,1,33554686,26384794
spill,33554432,1,33554686,23017242
spill,33554432,1,33554686,21767697
spill,33554432,1,33554686,21094536
spill,33554432,1,33554686,22305270
spill,33554432,1,33554686,20460858
spill,33554432,1,33554686,20884614
spill,33554432,1,33554686,20787102
spill,33554432,1,33554686,20590630
spill,33554432,1,33554686,21226066
spill,33554432,1,33554686,20567402
spill,33554432,1,33554686,20885788
spill,33554432,1,33554686,21628207
spill,33554432,1,33554686,21072269
spill,33554432,1,33554686,20760669
spill,33554432,1,33554686,21704451
spill,33554432,15,503320290,293577118
spill,33554432,1,33554686,21391138
spill,33554432,1,33554686,21912082
spill,33554432,1,33554686,22610446
spill,33554432,1,33554686,22129058
spill,33554432,1,33554686,22141858
spill,33554432,1,33554686,21454570
spill,33554432,1,33554686,22544582
spill,33554432,1,33554686,21146735
spill,33554432,1,33554686,21567998
spill,33554432,1,33554686,21470052
spill,33554432,1,33554686,21102825
spill,33554432,1,33554686,21299753
spill,33554432,1,33554686,21655058
spill,33554432,1,33554686,21117749
spill,33554432,1,33554686,20803037
spill,33554432,1,33554686,21583686
spill,33554432,1,33554686,20406052
spill,33554432,1,33554686,21127250
spill,33554432,1,33554686,21283242
spill,33554432,1,33554686,20911168
spill,33554432,1,33554686,20860092
spill,33554432,15,503320290,303912272
spill,33554432,1,33554686,20448424
spill,67108864,1,67109118,41470551
spill,67108864,1,67109118,38414843
spill,67108864,1,67109118,37692350
spill,67108864,1,67109118,37715150
spill,67108864,8,536872944,296424997
spill,67108864,1,67109118,38450221
spill,67108864,1,67109118,41701440
spill,67108864,1,67109118,39353336
spill,67108864,1,67109118,38604342
spill,67108864,1,67109118,38105032
spill,67108864,8,536872944,294432017
spill,67108864,1,67109118,35371779
spill,67108864,1,67109118,38568003
spill,67108864,1,67109118,38496126
spill,67108864,8,536872944,266454356
spill,134217728,4,536871928,273351939
spill,134217728,4,536871928,254988907
spill,134217728,4,536871928,252730324
spill,134217728,4,536871928,257035070
