spill,65536,3,197361,1537199
spill,65536,2,131574,554927
spill,65536,3,197361,510574
spill,65536,1,65787,982754
spill,65536,2,131574,1672143
spill,65536,4,263148,1284844
spill,65536,3,197361,1199380
spill,65536,3,197361,725117
spill,65536,1,65787,378638
spill,65536,1,65787,327952
spill,65536,1,65787,425103
spill,65536,2,131574,396922
spill,65536,4,263148,2580401
spill,65536,1,65787,371555
spill,65536,3,197361,653150
spill,65536,3,197361,956389
spill,65536,1,65787,432974
spill,65536,2,131574,1419846
spill,65536,4,263148,932894
spill,65536,9,592083,931910
spill,65536,1,65787,549241
spill,65536,3,197361,468367
spill,65536,3,197361,713555
spill,65536,1,65787,385672
spill,65536,3,197361,616385
spill,65536,4,263148,600289
spill,65536,4,263148,636115
spill,65536,1,65787,533064
spill,65536,3,197361,604700
spill,65536,1,65787,462604
spill,65536,1,65787,341600
spill,65536,5,328935,617315
spill,65536,1,65787,376059
spill,65536,8,526296,817158
spill,65536,1,65787,426388
spill,65536,2,131574,534593
spill,65536,1,65787,445170
spill,65536,3,197361,600923
spill,65536,5,328935,993196
spill,65536,1,65787,915709
spill,65536,4,263148,844238
spill,65536,1,65787,656989
spill,65536,1,65787,411283
spill,65536,1,65787,403896
spill,65536,1,65787,387682
spill,65536,7,460509,793856
spill,65536,1,65787,468534
spill,65536,5,328935,666493
spill,65536,4,263148,640341
spill,65536,1,65787,397247
spill,65536,1,65787,314393
spill,65536,4,263148,586112
spill,65536,3,197361,466458
spill,65536,1,65787,479564
spill,65536,1,65787,597131
spill,65536,1,65787,351370
spill,65536,6,394722,860555
spill,65536,2,131574,453320
spill,65536,1,65787,307469
spill,65536,4,263148,940636
spill,65536,1,65787,374180
spill,65536,4,263148,500467
spill,65536,1,65787,538404
spill,65536,2,131574,493554
spill,65536,1,65787,325329
spill,65536,1,65787,306009
spill,65536,1,65787,290286
spill,65536,2,131574,513116
spill,65536,2,131574,480833
spill,65536,1,65787,388491
spill,65536,1,65787,527040
spill,65536,1,65787,359533
spill,65536,1,65787,342940
spill,65536,1,65787,682390
spill,65536,1,65787,378600
spill,65536,1,65787,473738
spill,65536,4,263148,515830
spill,65536,1,65787,410988
spill,65536,1,65787,429030
spill,65536,2,131574,404286
spill,65536,2,131574,373972
spill,65536,1,65787,304168
spill,65536,1,65787,472815
spill,65536,2,131574,470057
spill,65536,1,65787,1439878
spill,65536,2,131574,1394950
spill,65536,1,65787,464269
spill,65536,1,65787,636143
spill,65536,1,65787,642427
spill,65536,1,65787,564685
spill,65536,1,65787,347559
spill,65536,6,394722,761890
spill,65536,4,263148,585707
spill,65536,1,65787,350782
spill,65536,1,65787,319894
spill,65536,2,131574,512543
spill,65536,2,131574,470387
spill,65536,1,65787,586849
spill,65536,2,131574,680839
spill,65536,1,65787,555681
spill,65536,1,65787,479264
spill,65536,1,65787,329800
spill,65536,1,65787,446071
spill,65536,1,65787,362611
spill,65536,5,328935,614339
spill,65536,1,65787,330146
spill,65536,1,65787,326567
spill,65536,4,263148,472266
spill,65536,1,65787,380883
spill,65536,1,65787,420727
spill,65536,2,131574,415716
spill,65536,1,65787,383397
spill,65536,1,65787,407335
spill,65536,1,65787,369817
spill,65536,2,131574,453367
spill,65536,1,65787,442365
spill,65536,1,65787,368210
spill,65536,2,131574,462284
spill,65536,2,131574,454586
spill,65536,2,131574,451728
spill,65536,1,65787,418078
spill,65536,1,65787,352898
spill,65536,2,131574,465515
spill,65536,2,131574,373810
spill,65536,1,65787,556944
spill,65536,4,263148,473833
spill,65536,1,65787,343554
spill,65536,3,197361,497335
spill,65536,1,65787,456235
spill,65536,1,65787,339855
spill,65536,2,131574,493500
spill,65536,1,65787,357729
spill,65536,4,263148,630974
spill,65536,3,197361,584489
spill,65536,2,131574,409121
spill,65536,3,197361,679931
spill,65536,2,131574,354066
spill,65536,1,65787,369803
spill,65536,1,65787,455226
spill,65536,1,65787,368889
spill,65536,1,65787,331737
spill,65536,1,65787,421815
spill,65536,2,131574,417254
spill,65536,2,131574,470830
spill,65536,3,197361,458478
spill,65536,1,65787,410930
spill,65536,1,65787,303791
spill,65536,2,131574,405086
spill,65536,1,65787,433690
spill,65536,2,131574,470079
spill,65536,1,65787,388387
spill,65536,1,65787,350972
spill,65536,2,131574,394362
spill,65536,2,131574,465225
spill,65536,2,131574,404733
spill,65536,2,131574,458609
spill,65536,1,65787,621766
spill,65536,1,65787,320009
spill,65536,2,131574,418463
spill,65536,1,65787,352047
spill,65536,1,65787,1122013
spill,65536,1,65787,1019451
spill,65536,1,65787,957486
spill,65536,3,197361,1006173
spill,65536,1,65787,525877
spill,65536,1,65787,542381
spill,65536,1,65787,476340
spill,65536,1,65787,454901
spill,65536,1,65787,376510
spill,65536,2,131574,690306
spill,65536,2,131574,456601
spill,65536,1,65787,443267
spill,65536,2,131574,450647
spill,65536,1,65787,422173
spill,65536,2,131574,384960
spill,65536,2,131574,460282
spill,65536,1,65787,376295
spill,65536,2,131574,444902
spill,65536,3,197361,482502
spill,65536,1,65787,428055
spill,65536,1,65787,326391
spill,65536,1,65787,378940
spill,65536,1,65787,361119
spill,65536,1,65787,355533
spill,65536,1,65787,385594
spill,65536,2,131574,464603
spill,65536,3,197361,443472
spill,65536,1,65787,378598
spill,65536,1,65787,376278
spill,65536,2,131574,390672
spill,65536,5,328935,669231
spill,65536,1,65787,361684
spill,65536,1,65787,351036
spill,65536,1,65787,317284
spill,65536,1,65787,321899
spill,65536,1,65787,364745
spill,65536,1,65787,460468
spill,65536,1,65787,382464
spill,65536,1,65787,338054
spill,65536,3,197361,431977
spill,65536,2,131574,497723
spill,65536,3,197361,463901
spill,65536,1,65787,448063
spill,65536,2,131574,593568
spill,65536,2,131574,540111
spill,65536,1,65787,625215
spill,65536,3,197361,670329
spill,65536,1,65787,383268
spill,65536,1,65787,501675
spill,65536,1,65787,528170
spill,65536,1,65787,360223
spill,65536,1,65787,540045
spill,65536,1,65787,424764
spill,65536,1,65787,339746
spill,65536,5,328935,579028
spill,65536,1,65787,480644
spill,65536,1,65787,456622
spill,65536,1,65787,307618
spill,65536,5,328935,684845
spill,65536,1,65787,489512
spill,65536,2,131574,546534
spill,65536,1,65787,488356
spill,65536,3,197361,462338
spill,65536,2,131574,444787
spill,65536,1,65787,428327
spill,65536,3,197361,507972
spill,65536,1,65787,503034
spill,65536,3,197361,441274
spill,65536,1,65787,330583
spill,65536,2,131574,486949
spill,65536,1,65787,330861
spill,65536,6,394722,584876
spill,65536,1,65787,576585
spill,65536,1,65787,373353
spill,65536,1,65787,469306
spill,65536,2,131574,690709
spill,65536,1,65787,450085
spill,65536,6,394722,681730
spill,65536,3,197361,519362
spill,65536,3,197361,516013
spill,65536,2,131574,483301
spill,65536,1,65787,351636
spill,65536,1,65787,347827
spill,65536,1,65787,341532
spill,65536,2,131574,425304
spill,65536,2,131574,430435
spill,65536,1,65787,385359
spill,65536,2,131574,492807
spill,65536,1,65787,375410
spill,65536,1,65787,327398
spill,65536,4,263148,596649
spill,65536,3,197361,528741
spill,65536,3,197361,961525
spill,65536,3,197361,1223905
spill,65536,2,131574,1352374
spill,65536,1,65787,1038784
spill,65536,4,263148,600497
spill,65536,3,197361,525928
spill,65536,3,197361,495785
spill,65536,2,131574,470905
spill,65536,2,131574,387635
spill,65536,6,394722,745581
spill,65536,1,65787,457098
spill,65536,1,65787,574882
spill,65536,2,131574,399255
spill,65536,2,131574,481135
spill,65536,5,328935,728285
spill,65536,3,197361,477868
spill,65536,1,65787,412027
spill,65536,1,65787,363627
spill,65536,1,65787,368028
spill,65536,3,197361,510581
spill,65536,2,131574,518301
spill,65536,1,65787,352813
spill,65536,3,197361,601058
spill,65536,1,65787,410149
spill,65536,1,65787,460798
spill,65536,2,131574,461513
spill,65536,5,328935,703347
spill,65536,2,131574,550804
spill,65536,1,65787,414889
spill,65536,4,263148,672456
spill,65536,2,131574,397929
spill,65536,1,65787,400608
spill,65536,1,65787,388236
spill,65536,1,65787,350454
spill,65536,1,65787,383300
spill,65536,1,65787,572235
spill,65536,2,131574,463268
spill,65536,2,131574,531991
spill,65536,2,131574,366169
spill,65536,3,197361,576922
spill,65536,1,65787,337897
spill,65536,2,131574,435975
spill,65536,1,65787,469178
spill,65536,2,131574,762556
spill,65536,1,65787,519291
spill,65536,1,65787,495564
spill,65536,2,131574,612401
spill,65536,2,131574,628043
spill,65536,1,65787,417939
spill,65536,1,65787,500779
spill,65536,1,65787,453943
spill,65536,1,65787,422293
spill,65536,1,65787,436253
spill,65536,1,65787,339660
spill,65536,1,65787,335047
spill,65536,1,65787,416174
spill,65536,1,65787,389195
spill,65536,2,131574,469089
spill,65536,1,65787,322185
spill,65536,1,65787,379223
spill,65536,2,131574,473954
spill,65536,3,197361,761194
spill,65536,1,65787,557255
spill,65536,4,263148,708060
spill,65536,1,65787,382021
spill,65536,1,65787,383765
spill,65536,1,65787,412641
spill,65536,3,197361,608728
spill,65536,3,197361,472324
spill,65536,1,65787,392494
spill,65536,1,65787,350005
spill,65536,1,65787,439541
spill,65536,3,197361,494378
spill,65536,1,65787,428006
spill,65536,1,65787,373566
spill,65536,1,65787,437395
spill,65536,2,131574,427509
spill,65536,1,65787,475819
spill,65536,1,65787,371198
spill,65536,2,131574,376200
spill,65536,1,65787,403076
spill,65536,1,65787,341108
spill,65536,1,65787,392384
spill,65536,2,131574,568202
spill,65536,1,65787,327890
spill,65536,2,131574,488207
spill,65536,1,65787,365109
spill,65536,1,65787,403098
spill,65536,2,131574,449523
spill,65536,2,131574,467584
spill,65536,1,65787,373596
spill,65536,1,65787,382563
spill,65536,1,65787,356155
spill,65536,1,65787,348028
spill,65536,2,131574,482005
spill,65536,2,131574,443649
spill,65536,5,328935,840059
spill,65536,1,65787,879924
spill,65536,2,131574,492417
spill,65536,2,131574,780978
spill,65536,2,131574,391779
spill,65536,2,131574,483157
spill,65536,1,65787,363571
spill,65536,1,65787,328593
spill,65536,2,131574,530404
spill,65536,3,197361,508452
spill,65536,2,131574,528820
spill,65536,2,131574,410286
spill,65536,3,197361,565949
spill,65536,1,65787,353259
spill,65536,1,65787,456930
spill,65536,1,65787,440133
spill,65536,1,65787,490930
spill,65536,1,65787,445376
spill,65536,1,65787,382758
spill,65536,4,263148,532089
spill,65536,3,197361,547900
spill,65536,1,65787,471590
spill,65536,4,263148,1584937
spill,65536,1,65787,2347383
spill,65536,2,131574,1566983
spill,65536,2,131574,1224466
spill,65536,1,65787,815066
spill,65536,1,65787,907977
spill,65536,2,131574,867868
spill,65536,1,65787,477209
spill,65536,2,131574,565259
spill,65536,1,65787,433212
spill,65536,2,131574,592270
spill,65536,3,197361,532828
spill,65536,2,131574,743668
spill,65536,1,65787,734232
spill,65536,1,65787,436062
spill,65536,4,263148,1042265
spill,65536,1,65787,600600
spill,65536,2,131574,685970
spill,65536,6,394722,757311
spill,65536,1,65787,492309
spill,65536,1,65787,565707
spill,65536,1,65787,444269
spill,65536,4,263148,616524
spill,65536,4,263148,650183
spill,65536,1,65787,463071
spill,65536,1,65787,492869
spill,65536,2,131574,831142
spill,65536,1,65787,388429
spill,65536,1,65787,1113963
spill,65536,4,263148,582120
spill,65536,1,65787,819101
spill,65536,3,197361,727571
spill,65536,1,65787,430502
spill,65536,2,131574,487912
spill,65536,1,65787,572434
spill,65536,1,65787,486207
spill,65536,1,65787,519737
spill,65536,4,263148,574781
spill,65536,2,131574,646820
spill,65536,5,328935,847532
spill,65536,1,65787,890834
spill,65536,2,131574,802855
spill,65536,3,197361,799891
spill,65536,2,131574,565242
spill,65536,1,65787,746956
spill,65536,3,197361,737268
spill,65536,1,65787,405545
spill,65536,2,131574,713216
spill,65536,2,131574,422649
spill,65536,1,65787,527106
spill,65536,1,65787,350398
spill,65536,1,65787,457273
spill,65536,2,131574,467371
spill,65536,1,65787,580817
spill,65536,5,328935,855090
spill,65536,2,131574,402653
spill,65536,1,65787,579505
spill,65536,1,65787,833290
spill,65536,2,131574,702844
spill,65536,4,263148,458816
spill,65536,1,65787,551237
spill,65536,1,65787,399428
spill,65536,1,65787,438073
spill,65536,2,131574,827124
spill,65536,2,131574,646767
spill,65536,1,65787,1042510
spill,65536,5,328935,970082
spill,65536,1826,120127062,126163305
spill,65536,1,65787,14765526
spill,65536,4,263148,15836889
spill,65536,1,65787,17354793
spill,65536,2000,131574000,147153035
spill,65536,4,263148,21966420
spill,65536,1,65787,24425775
spill,65536,3,197361,23552051
spill,65536,2,131574,22312980
spill,65536,1,65787,7155198
spill,65536,1,65787,5924307
spill,65536,1,65787,4855741
spill,65536,5,328935,5160995
spill,65536,2,131574,5013438
spill,65536,3,197361,4601028
spill,65536,1,65787,4199081
spill,65536,2,131574,4464147
spill,65536,1,65787,3531672
spill,65536,1,65787,3608670
spill,65536,3,197361,3047170
spill,65536,1,65787,2887144
spill,65536,2,131574,3006488
spill,65536,3,197361,3215828
spill,65536,1,65787,3062505
spill,65536,1,65787,3373669
spill,65536,1,65787,2872794
spill,65536,5,328935,3457317
spill,65536,1,65787,2808096
spill,65536,1,65787,3740522
spill,65536,1,65787,3822681
spill,65536,2,131574,3885151
spill,65536,4,263148,3930645
spill,65536,1,65787,3216748
spill,65536,1,65787,2769721
spill,65536,2,131574,2504583
spill,65536,1,65787,2702368
spill,65536,3,197361,1554609
spill,65536,3,197361,1302991
spill,65536,1,65787,1056625
spill,65536,2,131574,1060422
spill,65536,1,65787,567041
spill,65536,3,197361,919268
spill,65536,1,65787,671888
spill,65536,1,65787,602448
spill,65536,3,197361,935930
spill,65536,3,197361,617855
spill,65536,1,65787,565390
spill,65536,2,131574,653835
spill,65536,1,65787,764644
spill,65536,1,65787,776858
spill,65536,2,131574,894902
spill,65536,1,65787,425628
spill,65536,1,65787,890220
spill,65536,6,394722,764478
spill,65536,4,263148,682438
spill,65536,3,197361,892929
spill,65536,1,65787,604633
spill,65536,1,65787,708825
spill,65536,2,131574,1004168
spill,65536,5,328935,1320071
spill,65536,1,65787,1385109
spill,65536,1,65787,950599
spill,65536,2,131574,1382605
spill,65536,2,131574,871529
spill,65536,1,65787,654969
spill,65536,3,197361,830080
spill,65536,2,131574,793991
spill,65536,1,65787,620242
spill,65536,2,131574,715555
spill,65536,1,65787,948566
spill,65536,1,65787,513082
spill,65536,1,65787,888405
spill,65536,1,65787,697759
spill,65536,1,65787,599606
spill,65536,1,65787,505828
spill,65536,2,131574,620702
spill,65536,1,65787,655695
spill,65536,2,131574,1095919
spill,65536,1,65787,950594
spill,65536,1,65787,1142463
spill,65536,3,197361,841599
spill,65536,1,65787,589515
spill,65536,2,131574,432201
spill,65536,1,65787,486130
spill,65536,1,65787,464296
spill,65536,1,65787,576907
spill,65536,2,131574,515340
spill,65536,1,65787,637605
spill,65536,2,131574,792577
spill,65536,1,65787,664184
spill,65536,2,131574,604087
spill,65536,1,65787,367500
spill,65536,1,65787,561095
spill,65536,1,65787,870996
spill,65536,2,131574,644180
spill,65536,4,263148,529273
spill,65536,1,65787,443959
spill,65536,2,131574,576498
spill,65536,2,131574,509865
spill,65536,1,65787,445803
spill,65536,1,65787,463970
spill,65536,2,131574,578709
spill,65536,1,65787,460330
spill,65536,2,131574,473481
spill,65536,1,65787,563406
spill,65536,2,131574,647550
spill,65536,2,131574,938914
spill,65536,1,65787,838956
spill,65536,2,131574,460845
spill,65536,1,65787,352898
spill,65536,4,263148,818362
spill,65536,1,65787,677499
spill,65536,3,197361,1031610
spill,65536,1,65787,514119
spill,65536,1,65787,689571
spill,65536,1,65787,588292
spill,65536,1,65787,702952
spill,65536,2,131574,791877
spill,65536,1,65787,447374
spill,65536,1,65787,540215
spill,65536,1,65787,339102
spill,65536,1,65787,630302
spill,65536,1,65787,374167
spill,65536,1,65787,566273
spill,65536,1,65787,442995
spill,65536,1,65787,551900
spill,65536,1,65787,480150
spill,65536,2,131574,430219
spill,65536,1,65787,630027
spill,65536,2,131574,421023
spill,65536,1,65787,342973
spill,65536,1,65787,737663
spill,65536,2,131574,479856
spill,65536,1,65787,578901
spill,65536,3,197361,582334
spill,65536,1,65787,460584
spill,65536,3,197361,880272
spill,65536,2,131574,605102
spill,65536,1,65787,478863
spill,65536,1,65787,417884
spill,65536,1,65787,482416
spill,65536,2,131574,474700
spill,65536,1,65787,393168
spill,65536,2,131574,401934
spill,65536,1,65787,351816
spill,65536,1,65787,473346
spill,65536,1,65787,473551
spill,65536,1,65787,777427
spill,65536,1,65787,463421
spill,65536,1,65787,350487
spill,65536,1,65787,371446
spill,65536,1,65787,580297
spill,65536,1,65787,571884
spill,65536,1,65787,481675
spill,65536,1,65787,594400
spill,65536,1,65787,536893
spill,65536,1,65787,401521
spill,65536,2,131574,521626
spill,65536,1,65787,559320
spill,65536,1,65787,563903
spill,65536,1,65787,653187
spill,65536,1,65787,743300
spill,65536,2,131574,557660
spill,65536,1,65787,549029
spill,65536,1,65787,451147
spill,65536,1,65787,340761
spill,65536,2,131574,429852
spill,65536,1,65787,436642
spill,65536,1,65787,878515
spill,65536,1,65787,483715
spill,65536,1,65787,574256
spill,65536,1,65787,410265
spill,65536,1,65787,335036
spill,65536,1,65787,508955
spill,65536,1,65787,371610
spill,65536,1,65787,577128
spill,65536,1,65787,368031
spill,65536,1,65787,435454
spill,65536,1,65787,393414
spill,65536,1,65787,409946
spill,65536,1,65787,379654
spill,65536,1,65787,382272
spill,65536,1,65787,740202
spill,65536,1,65787,364648
spill,65536,1,65787,362433
spill,65536,1,65787,346985
spill,65536,1,65787,532274
spill,65536,2,131574,442130
spill,65536,1,65787,403352
spill,65536,1,65787,584856
spill,65536,1,65787,374718
spill,65536,1,65787,567786
spill,65536,2,131574,576866
spill,65536,2,131574,742848
spill,65536,1,65787,574802
spill,65536,2,131574,501690
spill,65536,1,65787,486446
spill,65536,2,131574,493535
spill,65536,2,131574,472270
spill,65536,2,131574,488297
spill,65536,2,131574,429687
spill,65536,2,131574,476242
spill,65536,1,65787,407623
spill,65536,1,65787,746452
spill,65536,1,65787,733976
spill,65536,1,65787,512295
spill,65536,1,65787,314926
spill,65536,1,65787,346273
spill,65536,2,131574,609028
spill,65536,2,131574,509634
spill,65536,1,65787,380996
spill,65536,2,131574,636530
spill,65536,1,65787,395471
spill,65536,1,65787,517950
spill,65536,1,65787,307059
spill,65536,3,197361,549896
spill,65536,3,197361,595248
spill,65536,1,65787,462830
spill,65536,1,65787,431953
spill,65536,1,65787,438713
spill,65536,1,65787,516516
spill,65536,1,65787,494709
spill,65536,1,65787,475684
spill,65536,1,65787,477540
spill,65536,1,65787,454326
spill,65536,1,65787,704625
spill,65536,2,131574,595326
spill,65536,3,197361,646005
spill,65536,1,65787,442326
spill,65536,1,65787,451900
spill,65536,1,65787,415772
spill,65536,1,65787,551668
spill,65536,1,65787,422606
spill,65536,1,65787,376483
spill,65536,2,131574,474471
spill,65536,3,197361,760805
spill,65536,1,65787,487583
spill,65536,1,65787,421896
spill,65536,1,65787,567199
spill,65536,2,131574,565346
spill,65536,2,131574,763048
spill,65536,1,65787,641130
spill,65536,1,65787,389261
spill,65536,1,65787,527863
spill,65536,2,131574,602045
spill,65536,2,131574,629438
spill,65536,2,131574,461352
spill,65536,1,65787,464591
spill,65536,1,65787,438347
spill,65536,1,65787,653426
spill,65536,1,65787,605107
spill,65536,1,65787,1223930
spill,65536,2,131574,1216465
spill,65536,2,131574,1290096
spill,65536,1,65787,1598218
spill,65536,1,65787,1162392
spill,65536,1,65787,1281636
spill,65536,1,65787,504426
spill,65536,1,65787,504792
spill,65536,1,65787,586047
spill,65536,1,65787,702898
spill,65536,1,65787,850238
spill,65536,1,65787,529766
spill,65536,1,65787,528907
spill,65536,2,131574,745914
spill,65536,1,65787,917916
spill,65536,1,65787,561717
spill,65536,1,65787,559855
spill,65536,1,65787,450998
spill,65536,2,131574,721462
spill,65536,1,65787,604015
spill,65536,1,65787,743961
spill,65536,2,131574,727627
spill,65536,1,65787,433003
spill,65536,1,65787,692282
spill,65536,1,65787,711297
spill,65536,1,65787,435385
spill,65536,1,65787,418125
spill,65536,2,131574,546743
spill,65536,1,65787,375537
spill,65536,2,131574,626958
spill,65536,1,65787,407050
spill,65536,1,65787,404614
spill,65536,1,65787,399340
spill,65536,1,65787,352301
spill,65536,1,65787,789224
spill,65536,1,65787,540427
spill,65536,2,131574,799640
spill,65536,2,131574,612632
spill,65536,1,65787,440181
spill,65536,1,65787,420974
spill,65536,1,65787,511960
spill,65536,1,65787,465981
spill,65536,2,131574,419146
spill,65536,1,65787,473249
spill,65536,1,65787,597257
spill,65536,2,131574,537782
spill,65536,1,65787,755747
spill,65536,1,65787,499268
spill,65536,1,65787,793422
spill,65536,1,65787,773068
spill,65536,2,131574,974268
spill,65536,1,65787,1028303
spill,65536,1,65787,926622
spill,65536,1,65787,646402
spill,65536,3,197361,680879
spill,65536,3,197361,737369
spill,65536,1,65787,793785
spill,65536,1,65787,934126
spill,65536,1,65787,1020991
spill,65536,1,65787,506428
spill,65536,2,131574,506017
spill,65536,5,328935,1173532
spill,65536,1,65787,572734
spill,65536,1,65787,282360
spill,65536,1,65787,372722
spill,65536,1,65787,492108
spill,65536,2,131574,414034
spill,65536,5,328935,642176
spill,65536,1,65787,619871
spill,65536,2,131574,540076
spill,65536,1,65787,617580
spill,65536,1,65787,755097
spill,65536,1,65787,750822
spill,65536,2,131574,877055
spill,65536,1,65787,628061
spill,65536,1,65787,498764
spill,65536,1,65787,800661
spill,65536,1,65787,420429
spill,65536,1,65787,676581
spill,65536,1,65787,529935
spill,65536,1,65787,535782
spill,65536,1,65787,414768
spill,65536,1,65787,420119
spill,65536,1,65787,352707
spill,65536,1,65787,444538
spill,65536,1,65787,454422
spill,65536,1,65787,378797
spill,65536,1,65787,336963
spill,65536,2,131574,423214
spill,65536,1,65787,354349
spill,65536,1,65787,450782
spill,65536,1,65787,805627
spill,65536,1,65787,360856
spill,65536,1,65787,391668
spill,65536,1,65787,408200
spill,65536,1,65787,339833
spill,65536,2,131574,577613
spill,65536,1,65787,443214
spill,65536,1,65787,428275
spill,65536,1,65787,439921
spill,65536,1,65787,481125
spill,65536,1,65787,596041
spill,65536,1,65787,513221
spill,65536,1,65787,643905
spill,65536,1,65787,507950
spill,65536,1,65787,518015
spill,65536,1,65787,607468
spill,65536,1,65787,667916
spill,65536,2,131574,509691
spill,65536,1,65787,646685
spill,65536,1,65787,492083
spill,65536,1,65787,430091
spill,65536,1,65787,468271
spill,65536,1,65787,461033
spill,65536,1,65787,412662
spill,65536,2,131574,514342
spill,65536,1,65787,748573
spill,65536,1,65787,475405
spill,65536,1,65787,539137
spill,65536,1,65787,395662
spill,65536,1,65787,447475
spill,65536,2,131574,498385
spill,65536,1,65787,434335
spill,65536,1,65787,435434
spill,65536,1,65787,354855
spill,65536,2,131574,503734
spill,65536,1,65787,423060
spill,65536,2,131574,500494
spill,65536,1,65787,375239
spill,65536,2,131574,522920
spill,65536,1,65787,379870
spill,65536,2,131574,577168
spill,65536,1,65787,700030
spill,65536,1,65787,687693
spill,65536,1,65787,524125
spill,65536,1,65787,766675
spill,65536,1,65787,470922
spill,65536,2,131574,479646
spill,65536,1,65787,510736
spill,65536,2,131574,481038
spill,65536,1,65787,448095
spill,65536,1,65787,466907
spill,65536,1,65787,382937
spill,65536,1,65787,433555
spill,65536,1,65787,399942
spill,65536,1,65787,466603
spill,65536,1,65787,509934
spill,65536,1,65787,416326
spill,65536,1,65787,502766
spill,65536,1,65787,507551
spill,65536,1,65787,443022
spill,65536,1,65787,373756
spill,65536,1,65787,367161
spill,65536,1,65787,351592
spill,65536,1,65787,481667
spill,65536,1,65787,421266
spill,65536,2,131574,514220
spill,65536,1,65787,387094
spill,65536,1,65787,362974
spill,65536,2,131574,517994
spill,65536,1,65787,378664
spill,65536,2,131574,410059
spill,65536,2,131574,397906
spill,65536,1,65787,446420
spill,65536,2,131574,492992
spill,65536,1,65787,502780
spill,65536,2,131574,496850
spill,65536,1,65787,478279
spill,65536,2,131574,441645
spill,65536,2,131574,543780
spill,65536,2,131574,500122
spill,65536,1,65787,570309
spill,65536,1,65787,548586
spill,65536,2,131574,478891
spill,65536,1,65787,513035
spill,65536,1,65787,408104
spill,65536,1,65787,423522
spill,65536,1,65787,498397
spill,65536,2,131574,462278
spill,65536,1,65787,394276
spill,65536,4,263148,769982
spill,65536,1,65787,462851
spill,65536,1,65787,495186
spill,65536,4,263148,672861
spill,65536,3,197361,484063
spill,65536,2,131574,417306
spill,65536,5,328935,669132
spill,65536,2,131574,568437
spill,65536,1,65787,335910
spill,65536,2,131574,520340
spill,65536,1,65787,425145
spill,65536,2,131574,498791
spill,65536,1,65787,415045
spill,65536,1,65787,408568
spill,65536,2,131574,399585
spill,65536,2,131574,456065
spill,65536,1,65787,527575
spill,65536,1,65787,464743
spill,65536,3,197361,771386
spill,65536,1,65787,496752
spill,65536,2,131574,553471
spill,65536,1,65787,489722
spill,65536,1,65787,420073
spill,65536,1,65787,533894
spill,65536,1,65787,440668
spill,65536,1,65787,524250
spill,65536,3,197361,566535
spill,65536,1,65787,567011
spill,65536,2,131574,492353
spill,65536,1,65787,514674
spill,65536,1,65787,407519
spill,65536,2,131574,615771
spill,65536,2,131574,744345
spill,65536,1,65787,525054
spill,65536,1,65787,486620
spill,65536,2,131574,559901
spill,65536,1,65787,471524
spill,65536,2,131574,672615
spill,65536,2,131574,677022
spill,65536,1,65787,378106
spill,65536,1,65787,466614
spill,65536,1,65787,443642
spill,65536,3,197361,519993
spill,65536,1,65787,371357
spill,65536,2,131574,493711
spill,65536,1,65787,796664
spill,65536,1,65787,526329
spill,65536,1,65787,869375
spill,65536,3,197361,879115
spill,65536,1,65787,878420
spill,65536,2,131574,844663
spill,65536,2,131574,558750
spill,65536,2,131574,556033
spill,65536,2,131574,492039
spill,65536,2,131574,535398
spill,65536,2,131574,519335
spill,65536,1,65787,554193
spill,65536,1,65787,539006
spill,65536,2,131574,560509
spill,65536,1,65787,471092
spill,65536,1,65787,621507
spill,65536,2,131574,518925
spill,65536,1,65787,497861
spill,65536,1,65787,421776
spill,65536,1,65787,396293
spill,65536,2,131574,421827
spill,65536,1,65787,428021
spill,65536,1,65787,369012
spill,65536,2,131574,433727
spill,65536,1,65787,598269
spill,65536,1,65787,383990
spill,65536,2,131574,428780
spill,65536,1,65787,3745590
spill,65536,1,65787,3911687
spill,65536,2,131574,1480533
spill,65536,1,65787,654069
spill,65536,2,131574,831493
spill,65536,4,263148,1069614
spill,65536,4,263148,1099701
spill,65536,1,65787,951341
spill,65536,2,131574,877020
spill,65536,10,657870,1315206
spill,65536,3,197361,541407
spill,65536,1,65787,624365
spill,65536,1,65787,427176
spill,65536,2,131574,426184
spill,65536,3,197361,455874
spill,65536,1,65787,393776
spill,65536,2,131574,433633
spill,65536,1,65787,685138
spill,65536,2,131574,436208
spill,65536,1,65787,462228
spill,65536,2,131574,400265
spill,65536,2,131574,386940
spill,65536,1,65787,414652
spill,65536,2,131574,404844
spill,65536,1,65787,313323
spill,65536,1,65787,349061
spill,65536,1,65787,324816
spill,65536,1,65787,401291
spill,65536,3,197361,805920
spill,65536,1,65787,694919
spill,65536,1,65787,614649
spill,65536,1,65787,775997
spill,65536,1,65787,448005
spill,65536,1,65787,713255
spill,65536,1,65787,721381
spill,65536,1,65787,1310193
spill,65536,1,65787,1057812
spill,65536,1,65787,1292460
spill,65536,2,131574,639330
spill,65536,1,65787,435294
spill,65536,1,65787,620405
spill,65536,2,131574,927182
spill,65536,1,65787,669884
spill,65536,1,65787,677860
spill,65536,2,131574,7049740
spill,65536,1,65787,7095348
spill,65536,2,131574,1838521
spill,65536,2,131574,2384017
spill,65536,1,65787,1699711
spill,65536,1,65787,1454968
spill,65536,1,65787,370124
spill,65536,1,65787,645983
spill,65536,1,65787,464801
spill,65536,1,65787,485049
spill,65536,4,263148,1109727
spill,65536,2,131574,986089
spill,65536,3,197361,594516
spill,65536,5,328935,647237
spill,65536,9,592083,1000634
spill,65536,2,131574,615916
spill,65536,6,394722,779549
spill,65536,1,65787,454776
spill,65536,2,131574,554682
spill,65536,2,131574,656603
spill,65536,2,131574,523885
spill,65536,1,65787,466043
spill,65536,2,131574,581446
spill,65536,2,131574,401164
spill,65536,2,131574,627509
spill,65536,2,131574,547515
spill,65536,1,65787,512211
spill,65536,1,65787,346264
spill,65536,1,65787,447264
spill,65536,1,65787,412927
spill,65536,1,65787,416072
spill,65536,1,65787,478379
spill,65536,2,131574,413662
spill,65536,5,328935,723208
spill,65536,2,131574,535737
spill,65536,2,131574,1132740
spill,65536,2,131574,833851
spill,65536,1,65787,813684
spill,65536,2,131574,792419
spill,65536,1,65787,834006
spill,65536,3,197361,1060936
spill,65536,1,65787,705244
spill,65536,2,131574,917026
spill,65536,1,65787,738892
spill,65536,2,131574,701378
spill,65536,1,65787,567362
spill,65536,1,65787,435028
spill,65536,1,65787,665135
spill,65536,2,131574,698483
spill,65536,1,65787,776641
spill,65536,1,65787,390628
spill,65536,1,65787,667205
spill,65536,3,197361,563354
spill,65536,2,131574,452516
spill,65536,2,131574,771315
spill,65536,2,131574,634597
spill,65536,1,65787,644013
spill,65536,1,65787,448543
spill,65536,1,65787,613554
spill,65536,1,65787,820866
spill,65536,1,65787,538608
spill,65536,1,65787,640520
spill,65536,2,131574,608546
spill,65536,1,65787,357813
spill,65536,3,197361,609463
spill,65536,2,131574,422929
spill,65536,1,65787,451595
spill,65536,1,65787,549992
spill,65536,1,65787,518291
spill,65536,4,263148,602871
spill,65536,2,131574,424950
spill,65536,2,131574,500201
spill,65536,2,131574,514746
spill,65536,2,131574,448296
spill,65536,1,65787,525073
spill,65536,1,65787,467218
spill,65536,1,65787,632846
spill,65536,1,65787,432920
spill,65536,1,65787,535371
spill,65536,1,65787,538905
spill,65536,2,131574,559779
spill,65536,1,65787,693030
spill,65536,1,65787,330287
spill,65536,1,65787,411202
spill,65536,1,65787,350840
spill,65536,1,65787,407576
spill,65536,1,65787,400176
spill,65536,1,65787,358048
spill,65536,2,131574,487873
spill,65536,2,131574,624624
spill,65536,1,65787,585302
spill,65536,1,65787,601901
spill,65536,1,65787,646448
spill,65536,1,65787,674207
spill,65536,1,65787,606216
spill,65536,1,65787,518244
spill,65536,1,65787,461528
spill,65536,2,131574,471204
spill,65536,1,65787,496457
spill,65536,3,197361,514083
spill,65536,2,131574,480555
spill,65536,2,131574,663663
spill,65536,2,131574,566944
spill,65536,1,65787,532593
spill,65536,2,131574,807373
spill,65536,2,131574,512238
spill,65536,1,65787,381025
spill,65536,2,131574,512430
spill,65536,1,65787,398721
spill,65536,2,131574,430849
spill,65536,1,65787,474615
spill,65536,1,65787,508206
spill,65536,3,197361,564937
spill,65536,3,197361,526450
spill,65536,2,131574,481241
spill,65536,2,131574,451412
spill,65536,2,131574,475193
spill,65536,1,65787,366940
spill,65536,2,131574,676504
spill,65536,1,65787,456458
spill,65536,1,65787,939908
spill,65536,2,131574,483999
spill,65536,1,65787,388610
spill,65536,1,65787,581620
spill,65536,2,131574,443708
spill,65536,1,65787,477572
spill,65536,1,65787,340301
spill,65536,3,197361,558375
spill,65536,1,65787,473915
spill,65536,1,65787,432078
spill,65536,1,65787,404956
spill,65536,1,65787,345996
spill,65536,1,65787,381511
spill,65536,1,65787,401903
spill,65536,1,65787,359086
spill,65536,2,131574,417354
spill,65536,1,65787,433065
spill,65536,2,131574,441050
spill,65536,1,65787,369870
spill,65536,2,131574,422983
spill,65536,1,65787,370204
spill,65536,1,65787,359852
spill,65536,1,65787,385543
spill,65536,1,65787,331204
spill,65536,1,65787,394760
spill,65536,1,65787,360578
spill,65536,1,65787,417642
spill,65536,1,65787,394666
spill,65536,1,65787,426603
spill,65536,1,65787,318697
spill,65536,1,65787,375727
spill,65536,1,65787,361059
spill,65536,1,65787,388195
spill,65536,2,131574,408290
spill,65536,1,65787,319559
spill,65536,1,65787,442313
spill,65536,2,131574,432921
spill,65536,1,65787,392033
spill,65536,2,131574,410417
spill,65536,1,65787,414537
spill,65536,1,65787,379482
spill,65536,1,65787,357965
spill,65536,3,197361,443489
spill,65536,1,65787,479028
spill,65536,1,65787,412747
spill,65536,2,131574,507511
spill,65536,3,197361,489669
spill,65536,1,65787,375949
spill,65536,1,65787,350325
spill,65536,2,131574,351914
spill,65536,1,65787,353888
spill,65536,2,131574,517206
spill,65536,1,65787,420609
spill,65536,1,65787,504794
spill,65536,2,131574,481592
spill,65536,1,65787,405488
spill,65536,2,131574,420615
spill,65536,1,65787,480005
spill,65536,1,65787,355656
spill,65536,1,65787,311815
spill,65536,1,65787,356920
spill,65536,2,131574,383321
spill,65536,1,65787,358125
spill,65536,2,131574,399190
spill,65536,2,131574,381637
spill,65536,1,65787,326048
spill,65536,3,197361,429881
spill,65536,2,131574,472706
spill,65536,1,65787,684641
spill,65536,1,65787,528010
spill,65536,2,131574,512556
spill,65536,2,131574,483451
spill,65536,1,65787,315714
spill,65536,1,65787,473992
spill,65536,2,131574,360330
spill,65536,2,131574,436277
spill,65536,1,65787,471377
spill,65536,1,65787,608829
spill,65536,1,65787,430995
spill,65536,2,131574,510210
spill,65536,2,131574,454215
spill,65536,1,65787,369163
spill,65536,1,65787,481103
spill,65536,1,65787,359232
spill,65536,2,131574,756268
spill,65536,1,65787,772484
spill,65536,1,65787,672520
spill,65536,2,131574,509070
spill,65536,1,65787,382008
spill,65536,1,65787,436882
spill,65536,1,65787,379741
spill,65536,1,65787,347512
spill,65536,1,65787,307292
spill,65536,1,65787,325343
spill,65536,1,65787,324288
spill,65536,1,65787,348920
spill,65536,1,65787,319603
spill,65536,1,65787,362484
spill,65536,2,131574,409410
spill,65536,1,65787,507341
spill,65536,1,65787,333217
spill,65536,1,65787,367788
spill,65536,1,65787,325168
spill,65536,1,65787,371040
spill,65536,1,65787,375440
spill,65536,1,65787,320195
spill,65536,1,65787,327608
spill,65536,2,131574,482165
spill,65536,1,65787,363641
spill,65536,2,131574,457649
spill,65536,1,65787,329662
spill,65536,1,65787,466388
spill,65536,1,65787,481168
spill,65536,1,65787,408941
spill,65536,1,65787,375956
spill,65536,1,65787,378646
spill,65536,1,65787,372139
spill,65536,1,65787,405358
spill,65536,1,65787,354183
spill,65536,2,131574,447998
spill,65536,1,65787,618732
spill,65536,1,65787,438660
spill,65536,1,65787,438344
spill,65536,2,131574,522342
spill,65536,1,65787,341239
spill,65536,1,65787,349870
spill,65536,1,65787,452225
spill,65536,2,131574,390814
spill,65536,1,65787,434132
spill,65536,1,65787,373720
spill,65536,1,65787,423782
spill,65536,1,65787,426795
spill,65536,1,65787,389371
spill,65536,1,65787,303335
spill,65536,1,65787,353173
spill,65536,1,65787,370818
spill,65536,1,65787,357880
spill,65536,1,65787,492480
spill,65536,1,65787,641683
spill,65536,1,65787,562080
spill,65536,2,131574,392946
spill,65536,2,131574,406594
spill,65536,1,65787,550990
spill,65536,1,65787,416571
spill,65536,1,65787,309164
spill,65536,1,65787,413899
spill,65536,2,131574,409348
spill,65536,1,65787,501516
spill,65536,1,65787,369467
spill,65536,1,65787,395942
spill,65536,2,131574,588384
spill,65536,1,65787,475247
spill,65536,1,65787,386306
spill,65536,1,65787,415898
spill,65536,1,65787,360165
spill,65536,1,65787,585997
spill,65536,1,65787,379770
spill,65536,1,65787,551882
spill,65536,1,65787,366956
spill,65536,1,65787,371052
spill,65536,1,65787,474201
spill,65536,1,65787,328245
spill,65536,2,131574,592099
spill,65536,2,131574,517189
spill,65536,1,65787,495481
spill,65536,1,65787,398984
spill,65536,1,65787,339555
spill,65536,1,65787,406965
spill,65536,1,65787,353104
spill,65536,1,65787,348180
spill,65536,1,65787,300404
spill,65536,1,65787,408558
spill,65536,1,65787,439656
spill,65536,1,65787,405905
spill,65536,1,65787,421678
spill,65536,1,65787,520250
spill,65536,1,65787,432138
spill,65536,1,65787,443023
spill,65536,1,65787,632014
spill,65536,1,65787,514954
spill,65536,2,131574,460900
spill,65536,1,65787,399305
spill,65536,2,131574,498442
spill,65536,1,65787,343433
spill,65536,1,65787,805142
spill,65536,1,65787,411153
spill,65536,1,65787,503160
spill,65536,1,65787,584190
spill,65536,1,65787,372535
spill,65536,1,65787,761336
spill,65536,1,65787,540031
spill,65536,1,65787,454984
spill,65536,1,65787,378591
spill,65536,1,65787,356884
spill,65536,3,197361,682370
spill,65536,1,65787,393477
spill,65536,1,65787,447456
spill,65536,2,131574,404447
spill,65536,2,131574,587720
spill,65536,1,65787,411184
spill,65536,2,131574,452414
spill,65536,2,131574,563080
spill,65536,1,65787,444672
spill,65536,1,65787,379580
spill,65536,1,65787,416728
spill,65536,2,131574,544415
spill,65536,1,65787,432986
spill,65536,1,65787,520054
spill,65536,1,65787,435983
spill,65536,1,65787,301817
spill,65536,1,65787,596233
spill,65536,2,131574,542505
spill,65536,2,131574,509329
spill,65536,1,65787,478151
spill,65536,2,131574,499917
spill,65536,1,65787,679074
spill,65536,1,65787,312834
spill,65536,2,131574,565255
spill,65536,1,65787,348429
spill,65536,2,131574,419243
spill,65536,1,65787,748481
spill,65536,1,65787,495787
spill,65536,1,65787,895980
spill,65536,1,65787,642005
spill,65536,2,131574,948038
spill,65536,1,65787,768591
spill,65536,3,197361,548259
spill,65536,1,65787,350403
spill,65536,1,65787,369469
spill,65536,1826,120127062,119246106
spill,65536,1,65787,14812299
spill,65536,1,65787,15805917
spill,65536,3,197361,15215146
spill,65536,2000,131574000,138953101
spill,65536,1,65787,16290454
spill,65536,1,65787,3622565
spill,65536,1,65787,3700426
spill,65536,1,65787,1540741
spill,65536,1,65787,1571925
spill,65536,1,65787,828200
spill,65536,1,65787,1048989
spill,65536,1,65787,1044228
spill,65536,7,460509,1142125
spill,65536,1,65787,1336947
spill,65536,1,65787,1365660
spill,65536,9,592083,1409700
spill,65536,12,789444,1621400
spill,65536,1,65787,424981
spill,65536,1,65787,653035
spill,65536,2,131574,1269740
spill,65536,3,197361,1139563
spill,65536,1,65787,974410
spill,65536,1,65787,1124406
spill,65536,4,263148,1338980
spill,65536,1,65787,1175892
spill,65536,2,131574,682447
spill,65536,1,65787,1026380
spill,65536,2,131574,528018
spill,65536,2,131574,577222
spill,65536,1,65787,540391
spill,65536,2,131574,808812
spill,65536,1,65787,460649
spill,65536,2,131574,863754
spill,65536,1,65787,488183
spill,65536,1,65787,454102
spill,65536,1,65787,474799
spill,65536,1,65787,498373
spill,65536,2,131574,590891
spill,65536,2,131574,526921
spill,65536,2,131574,1054994
spill,65536,1,65787,667912
spill,65536,4,263148,1593872
spill,65536,1,65787,756070
spill,65536,3,197361,1009589
spill,65536,2,131574,960577
spill,65536,3,197361,882321
spill,65536,1,65787,572722
spill,65536,1,65787,1044160
spill,65536,2,131574,806210
spill,65536,1,65787,609044
spill,65536,3,197361,1276725
spill,65536,1,65787,1133055
spill,65536,1,65787,389899
spill,65536,3,197361,1119932
spill,65536,1,65787,805413
spill,65536,1,65787,693574
spill,65536,4,263148,761034
spill,65536,1,65787,812043
spill,65536,3,197361,1140480
spill,65536,1,65787,988605
spill,65536,2,131574,646092
spill,65536,1,65787,857948
spill,65536,2,131574,939026
spill,65536,3,197361,869438
spill,65536,1,65787,584191
spill,65536,1,65787,601049
spill,65536,2,131574,626443
spill,65536,1,65787,983389
spill,65536,2,131574,1271889
spill,65536,1,65787,433010
spill,65536,2,131574,632057
spill,65536,2,131574,544435
spill,65536,3,197361,551251
spill,65536,1,65787,654961
spill,65536,2,131574,762839
spill,65536,1,65787,951388
spill,65536,1,65787,763159
spill,65536,1,65787,649660
spill,65536,1,65787,496657
spill,65536,1,65787,485600
spill,65536,3,197361,544279
spill,65536,1,65787,558487
spill,65536,2,131574,785382
spill,65536,1,65787,585994
spill,65536,1,65787,679154
spill,65536,2,131574,1312411
spill,65536,1,65787,1267832
spill,65536,2,131574,818127
spill,65536,2,131574,664566
spill,65536,1,65787,737039
spill,65536,1,65787,1008749
spill,65536,2,131574,641289
spill,65536,3,197361,673406
spill,65536,4,263148,1566720
spill,65536,2,131574,1569066
spill,65536,3,197361,903093
spill,65536,2,131574,672415
spill,65536,2,131574,607357
spill,65536,1,65787,653429
spill,65536,1,65787,869158
spill,65536,1,65787,857129
spill,65536,1,65787,963913
spill,65536,2,131574,646392
spill,65536,2,131574,776062
spill,65536,1,65787,614255
spill,65536,4,263148,669679
spill,65536,3,197361,1226298
spill,65536,1,65787,703637
spill,65536,1,65787,837030
spill,65536,1,65787,701207
spill,65536,1,65787,728872
spill,65536,1,65787,588243
spill,65536,2,131574,596212
spill,65536,1,65787,526911
spill,65536,2,131574,624105
spill,65536,2,131574,804152
spill,65536,1,65787,692935
spill,65536,1,65787,1032141
spill,65536,1,65787,434913
spill,65536,1,65787,829072
spill,65536,1,65787,725885
spill,65536,3,197361,607278
spill,65536,2,131574,745880
spill,65536,1,65787,524387
spill,65536,1,65787,670069
spill,65536,1,65787,738064
spill,65536,2,131574,898499
spill,65536,3,197361,599414
spill,65536,1,65787,428588
spill,65536,1,65787,968266
spill,65536,1,65787,886930
spill,65536,2,131574,726821
spill,65536,5,328935,779865
spill,65536,2,131574,1039897
spill,65536,1,65787,1201477
spill,65536,2,131574,1156534
spill,65536,1,65787,692179
spill,65536,1,65787,1131339
spill,65536,2,131574,1030064
spill,65536,2,131574,472428
spill,65536,2,131574,596613
spill,65536,1,65787,450974
spill,65536,1,65787,456220
spill,65536,1,65787,708713
spill,65536,1,65787,1113409
spill,65536,1,65787,404331
spill,65536,2,131574,770457
spill,65536,1,65787,423736
spill,65536,1,65787,646568
spill,65536,2,131574,522350
spill,65536,1,65787,411994
spill,65536,1,65787,707073
spill,65536,1,65787,645722
spill,65536,2,131574,905242
spill,65536,1,65787,624428
spill,65536,2,131574,1107177
spill,65536,1,65787,425456
spill,65536,5,328935,817217
spill,65536,1,65787,622066
spill,65536,1,65787,862307
spill,65536,2,131574,1292352
spill,65536,1,65787,799010
spill,65536,1,65787,490722
spill,65536,3,197361,740663
spill,65536,2,131574,969208
spill,65536,1,65787,1188179
spill,65536,1,65787,1325902
spill,65536,1,65787,1135731
spill,65536,4,263148,1121449
spill,65536,2,131574,1714205
spill,65536,1,65787,1279590
spill,65536,1,65787,861306
spill,65536,2,131574,562544
spill,65536,1,65787,755816
spill,65536,1,65787,421204
spill,65536,1,65787,650045
spill,65536,1,65787,605886
spill,65536,3,197361,715640
spill,65536,1,65787,718769
spill,65536,1,65787,467426
spill,65536,1,65787,442372
spill,65536,2,131574,876335
spill,65536,1,65787,837918
spill,65536,2,131574,681043
spill,65536,1,65787,419467
spill,65536,1,65787,345293
spill,65536,1,65787,397900
spill,65536,2,131574,691853
spill,65536,1,65787,752883
spill,65536,1,65787,679599
spill,65536,3,197361,556149
spill,65536,1,65787,415694
spill,65536,2,131574,661457
spill,65536,5,328935,1560132
spill,65536,2,131574,1307367
spill,65536,1,65787,571395
spill,65536,2,131574,495182
spill,65536,2,131574,1019619
spill,65536,1,65787,791846
spill,65536,4,263148,863652
spill,65536,4,263148,790493
spill,65536,2,131574,1704746
spill,65536,1,65787,1612833
spill,65536,6,394722,1226846
spill,65536,1,65787,997542
spill,65536,2,131574,617217
spill,65536,1,65787,880018
spill,65536,4,263148,832940
spill,65536,1,65787,624201
spill,65536,2,131574,474805
spill,65536,3,197361,517056
spill,65536,5,328935,852069
spill,65536,2,131574,418965
spill,65536,2,131574,600191
spill,65536,1,65787,380681
spill,65536,2,131574,458980
spill,65536,1,65787,429326
spill,65536,1,65787,387417
spill,65536,2,131574,534496
spill,65536,1,65787,614136
spill,65536,2,131574,977110
spill,65536,1826,120127062,109920400
spill,65536,1,65787,16785179
spill,65536,1,65787,16726823
spill,65536,1,65787,17410028
spill,65536,2000,131574000,130855122
spill,65536,2,131574,20193568
spill,65536,2,131574,20566512
spill,65536,5,328935,3110821
spill,65536,2,131574,2252999
spill,65536,2,131574,1396927
spill,65536,2,131574,1733604
spill,65536,2,131574,1146324
spill,65536,1,65787,1193215
spill,65536,1,65787,717095
spill,65536,1,65787,880912
spill,65536,1,65787,618851
spill,65536,1,65787,911464
spill,65536,9,592083,954445
spill,65536,3,197361,818602
spill,65536,3,197361,978137
spill,65536,1,65787,789584
spill,65536,1,65787,628422
spill,65536,2,131574,731629
spill,65536,2,131574,754233
spill,65536,1,65787,3269638
spill,65536,4,263148,4344641
spill,65536,5,328935,8908133
spill,65536,3,197361,12181301
spill,65536,1,65787,7217753
spill,65536,4,263148,5032733
spill,65536,6,394722,5139017
spill,65536,5,328935,4508463
spill,65536,2,131574,2720585
spill,65536,1,65787,2000163
spill,65536,1,65787,1515022
spill,65536,12,789444,1814000
spill,65536,12,789444,1618016
spill,65536,1,65787,1219924
spill,65536,1,65787,999562
spill,65536,1,65787,877377
spill,65536,1,65787,539619
spill,65536,1,65787,744575
spill,65536,1,65787,1193249
spill,65536,2,131574,899925
spill,65536,1,65787,672168
spill,65536,1,65787,839105
spill,65536,3,197361,1452497
spill,65536,11,723657,1849010
spill,65536,4,263148,1099001
spill,65536,2,131574,1194826
spill,65536,5,328935,1021085
spill,65536,4,263148,1468403
spill,65536,1,65787,1065312
spill,65536,5,328935,1097900
spill,65536,1,65787,569345
spill,65536,4,263148,975949
spill,65536,2,131574,1513173
spill,65536,3,197361,1535643
spill,65536,1,65787,1125525
spill,65536,1,65787,1052010
spill,65536,10,657870,1491081
spill,65536,4,263148,1026229
spill,65536,1,65787,995771
spill,65536,1,65787,891361
spill,65536,1,65787,986740
spill,65536,1,65787,1191383
spill,65536,3,197361,744025
spill,65536,2,131574,1038410
spill,65536,1,65787,713832
spill,65536,1,65787,692296
spill,65536,3,197361,735620
spill,65536,2,131574,516830
spill,65536,1,65787,740830
spill,65536,2,131574,854818
spill,65536,1,65787,606492
spill,65536,9,592083,1403455
spill,65536,6,394722,1286769
spill,65536,3,197361,738309
spill,65536,2,131574,1004925
spill,65536,1,65787,901933
spill,65536,1,65787,1284704
spill,65536,1,65787,826388
spill,65536,1,65787,1368222
spill,65536,1,65787,1216973
spill,65536,3,197361,1064911
spill,65536,3,197361,1071572
spill,65536,2,131574,784677
spill,65536,3,197361,1371257
spill,65536,2,131574,1076745
spill,65536,1,65787,1185739
spill,65536,1,65787,544116
spill,65536,1,65787,964008
spill,65536,1,65787,556256
spill,65536,1,65787,588993
spill,65536,2,131574,627407
spill,65536,1,65787,506470
spill,65536,1,65787,815155
spill,65536,1,65787,820317
spill,65536,1,65787,755072
spill,65536,4,263148,889630
spill,65536,1,65787,641382
spill,65536,1,65787,838151
spill,65536,2,131574,703079
spill,65536,4,263148,891223
spill,65536,3,197361,594339
spill,65536,1,65787,429699
spill,65536,1,65787,781360
spill,65536,1,65787,426764
spill,65536,1,65787,597699
spill,65536,3,197361,1051141
spill,65536,1,65787,566249
spill,65536,2,131574,693490
spill,65536,4,263148,984657
spill,65536,4,263148,761379
spill,65536,2,131574,521551
spill,65536,2,131574,645116
spill,65536,1,65787,609342
spill,65536,3,197361,1007809
spill,65536,1,65787,614375
spill,65536,3,197361,1098069
spill,65536,2,131574,838609
spill,65536,1,65787,1041397
spill,65536,8,526296,1054466
spill,65536,2,131574,533757
spill,65536,6,394722,1157457
spill,65536,5,328935,912772
spill,65536,1,65787,1044500
spill,65536,2,131574,1963145
spill,65536,1,65787,1897089
spill,65536,1,65787,1157383
spill,65536,1,65787,837175
spill,65536,2,131574,705115
spill,65536,2,131574,799342
spill,65536,1,65787,880287
spill,65536,3,197361,1014706
spill,65536,1,65787,748906
spill,65536,1,65787,668072
spill,65536,1,65787,851762
spill,65536,2,131574,682582
spill,65536,2,131574,474420
spill,65536,1,65787,586122
spill,65536,1,65787,605411
spill,65536,1,65787,427448
spill,65536,5,328935,685791
spill,65536,10,657870,965442
spill,65536,1,65787,605347
spill,65536,1,65787,1158598
spill,65536,2,131574,1395585
spill,65536,2,131574,1217077
spill,65536,2,131574,865014
spill,65536,1,65787,895563
spill,65536,1,65787,431511
spill,65536,4,263148,914252
spill,65536,3,197361,708938
spill,65536,1,65787,445231
spill,65536,1,65787,1193653
spill,65536,1,65787,916040
spill,65536,1,65787,1274397
spill,65536,1,65787,682628
spill,65536,1,65787,624258
spill,65536,2,131574,823168
spill,65536,1,65787,607598
spill,65536,2,131574,973020
spill,65536,1,65787,785841
spill,65536,1,65787,506197
spill,65536,1,65787,597607
spill,65536,1,65787,550198
spill,65536,1,65787,567732
spill,65536,2,131574,1200855
spill,65536,1,65787,436006
spill,65536,1,65787,402319
spill,65536,1,65787,736191
spill,65536,1,65787,641847
spill,65536,1,65787,556577
spill,65536,1,65787,335593
spill,65536,1,65787,622015
spill,65536,1,65787,517174
spill,65536,1,65787,412885
spill,65536,3,197361,974290
spill,65536,1,65787,720937
spill,65536,2,131574,549009
spill,65536,1,65787,985499
spill,65536,2,131574,598770
spill,65536,2,131574,658376
spill,65536,3,197361,614607
spill,65536,2,131574,466292
spill,65536,1,65787,467580
spill,65536,1,65787,570899
spill,65536,1,65787,723619
spill,65536,1,65787,488485
spill,65536,1,65787,376511
spill,65536,3,197361,851719
spill,65536,1,65787,419769
spill,65536,1,65787,515825
spill,65536,2,131574,492626
spill,65536,7,460509,652433
spill,65536,2,131574,616047
spill,65536,3,197361,553472
spill,65536,1,65787,425513
spill,65536,3,197361,541685
spill,65536,1,65787,793977
spill,65536,1,65787,678382
spill,65536,1,65787,1449568
spill,65536,1,65787,921926
spill,65536,1,65787,516864
spill,65536,3,197361,1095603
spill,65536,1,65787,774104
spill,65536,1,65787,881116
spill,65536,2,131574,648262
spill,65536,3,197361,531429
spill,65536,1,65787,674774
spill,65536,4,263148,802275
spill,65536,1,65787,1057328
spill,65536,2,131574,646020
spill,65536,3,197361,776690
spill,65536,1,65787,758391
spill,65536,1826,120127062,121583996
spill,65536,3,197361,13716317
spill,65536,6,394722,13481840
spill,65536,1,65787,13334426
spill,65536,2000,131574000,136708950
spill,65536,2,131574,15262786
spill,65536,1,65787,14965803
spill,65536,2,131574,15352115
spill,65536,2,131574,14879727
spill,65536,1,65787,6550690
spill,65536,1,65787,6570528
spill,65536,1,65787,6587046
spill,65536,1,65787,6583606
spill,65536,1,65787,2847813
spill,65536,3,197361,2827136
spill,65536,1,65787,2938390
spill,65536,1,65787,2942313
spill,65536,1,65787,2895043
spill,65536,2,131574,2907939
spill,65536,1,65787,2806697
spill,65536,4,263148,3079261
spill,65536,1,65787,3427013
spill,65536,5,328935,3755796
spill,65536,1,65787,3949067
spill,65536,1,65787,4350153
spill,65536,1,65787,3338806
spill,65536,2,131574,3144574
spill,65536,3,197361,3232594
spill,65536,1,65787,3987215
spill,65536,2,131574,3102883
spill,65536,1,65787,3164787
spill,65536,1,65787,3401461
spill,65536,5,328935,2789882
spill,65536,3,197361,1928835
spill,65536,1,65787,1872830
spill,65536,1,65787,1609103
spill,65536,2,131574,1098470
spill,65536,1,65787,1040244
spill,65536,1,65787,963156
spill,65536,7,460509,1522184
spill,65536,2,131574,935172
spill,65536,2,131574,831996
spill,65536,1,65787,769497
spill,65536,2,131574,735652
spill,65536,2,131574,1063693
spill,65536,1,65787,918660
spill,65536,2,131574,1120426
spill,65536,2,131574,836580
spill,65536,1,65787,461829
spill,65536,1,65787,671324
spill,65536,1,65787,659985
spill,65536,3,197361,768377
spill,65536,1,65787,728319
spill,65536,1,65787,765815
spill,65536,2,131574,588748
spill,65536,2,131574,756943
spill,65536,2,131574,915593
spill,65536,2,131574,1012732
spill,65536,1,65787,819285
spill,65536,1,65787,852131
spill,65536,3,197361,1110932
spill,65536,2,131574,482039
spill,65536,2,131574,1071184
spill,65536,1,65787,596783
spill,65536,2,131574,873619
spill,65536,1,65787,1066902
spill,65536,1,65787,410509
spill,65536,1,65787,630500
spill,65536,2,131574,853945
spill,65536,1,65787,566119
spill,65536,1,65787,701033
spill,65536,2,131574,506398
spill,65536,1,65787,870504
spill,65536,1,65787,872572
spill,65536,3,197361,864081
spill,65536,2,131574,509985
spill,65536,1,65787,473544
spill,65536,1,65787,546056
spill,65536,2,131574,694890
spill,65536,1,65787,799039
spill,65536,3,197361,1030081
spill,65536,1,65787,754995
spill,65536,1,65787,621120
spill,65536,1,65787,862608
spill,65536,2,131574,869440
spill,65536,4,263148,895350
spill,65536,2,131574,859855
spill,65536,2,131574,518206
spill,65536,1,65787,548277
spill,65536,1,65787,581656
spill,131072,1,131323,1776924
spill,131072,5,656615,2094529
spill,131072,1,131323,538124
spill,131072,7,919261,1203836
spill,131072,1,131323,457062
spill,131072,1,131323,417466
spill,131072,2,262646,749420
spill,131072,1,131323,592983
spill,131072,4,525292,731572
spill,131072,1,131323,465694
spill,131072,5,656615,1041761
spill,131072,1,131323,1269336
spill,131072,3,393969,1863600
spill,131072,1,131323,413248
spill,131072,1,131323,389390
spill,131072,1,131323,383847
spill,131072,2,262646,514504
spill,131072,1,131323,383832
spill,131072,1,131323,411336
spill,131072,1,131323,1650722
spill,131072,3,393969,673379
spill,131072,3,393969,1292871
spill,131072,5,656615,1622015
spill,131072,3,393969,1284866
spill,131072,1,131323,648881
spill,131072,1,131323,812148
spill,131072,1,131323,419823
spill,131072,4,525292,706854
spill,131072,1,131323,444300
spill,131072,3,393969,732033
spill,131072,1,131323,374100
spill,131072,1,131323,402235
spill,131072,5,656615,769421
spill,131072,2,262646,449725
spill,131072,2,262646,543471
spill,131072,2,262646,466421
spill,131072,1,131323,441283
spill,131072,4,525292,717630
spill,131072,1,131323,453651
spill,131072,2,262646,658473
spill,131072,2,262646,816331
spill,131072,4,525292,693420
spill,131072,1,131323,628348
spill,131072,2,262646,593872
spill,131072,1,131323,697910
spill,131072,3,393969,621574
spill,131072,2,262646,614326
spill,131072,3,393969,796680
spill,131072,1,131323,408379
spill,131072,1,131323,397083
spill,131072,3,393969,682126
spill,131072,1,131323,471987
spill,131072,4,525292,735554
spill,131072,2,262646,761846
spill,131072,3,393969,776366
spill,131072,1,131323,596325
spill,131072,1,131323,590349
spill,131072,1,131323,393880
spill,131072,2,262646,802668
spill,131072,1,131323,672952
spill,131072,1,131323,627928
spill,131072,4,525292,845010
spill,131072,2,262646,663743
spill,131072,1,131323,615380
spill,131072,1,131323,468291
spill,131072,1,131323,485187
spill,131072,4,525292,869772
spill,131072,2,262646,656370
spill,131072,1,131323,551941
spill,131072,3,393969,722691
spill,131072,1,131323,463708
spill,131072,1,131323,436694
spill,131072,3,393969,682516
spill,131072,1,131323,480865
spill,131072,1,131323,479575
spill,131072,1,131323,554202
spill,131072,2,262646,538166
spill,131072,2,262646,845418
spill,131072,4,525292,699275
spill,131072,1,131323,459812
spill,131072,1,131323,341759
spill,131072,4,525292,848732
spill,131072,5,656615,950622
spill,131072,4,525292,830164
spill,131072,2,262646,751398
spill,131072,1,131323,527874
spill,131072,1,131323,458634
spill,131072,4,525292,713204
spill,131072,4,525292,712580
spill,131072,1,131323,522677
spill,131072,1,131323,494441
spill,131072,4,525292,773245
spill,131072,1,131323,518007
spill,131072,1,131323,489095
spill,131072,2,262646,791768
spill,131072,1,131323,772040
spill,131072,1,131323,1292735
spill,131072,2,262646,991344
spill,131072,3,393969,1119861
spill,131072,3,393969,622343
spill,131072,1,131323,615940
spill,131072,2,262646,609061
spill,131072,1,131323,431707
spill,131072,1,131323,527505
spill,131072,1,131323,580860
spill,131072,2,262646,525325
spill,131072,1,131323,555447
spill,131072,1,131323,499101
spill,131072,1,131323,460726
spill,131072,1,131323,411057
spill,131072,1,131323,439385
spill,131072,4,525292,932816
spill,131072,1,131323,695190
spill,131072,2,262646,713425
spill,131072,3,393969,824760
spill,131072,3,393969,776297
spill,131072,1,131323,713183
spill,131072,1,131323,544310
spill,131072,2,262646,573278
spill,131072,3,393969,706952
spill,131072,2,262646,576678
spill,131072,1,131323,511461
spill,131072,1,131323,511550
spill,131072,3,393969,640355
spill,131072,2,262646,579130
spill,131072,1,131323,447440
spill,131072,1,131323,477753
spill,131072,1,131323,546510
spill,131072,5,656615,1044779
spill,131072,1,131323,656247
spill,131072,1,131323,612140
spill,131072,1,131323,510593
spill,131072,5,656615,1077907
spill,131072,2,262646,536719
spill,131072,2,262646,528987
spill,131072,2,262646,622218
spill,131072,1,131323,471928
spill,131072,2,262646,565951
spill,131072,2,262646,561651
spill,131072,1,131323,462308
spill,131072,3,393969,512468
spill,131072,1,131323,421183
spill,131072,3,393969,670224
spill,131072,2,262646,591438
spill,131072,1,131323,494868
spill,131072,1,131323,374235
spill,131072,1,131323,439704
spill,131072,2,262646,572943
spill,131072,1,131323,395415
spill,131072,3,393969,683885
spill,131072,4,525292,747023
spill,131072,1,131323,436086
spill,131072,2,262646,592663
spill,131072,1,131323,390094
spill,131072,2,262646,502796
spill,131072,2,262646,554646
spill,131072,3,393969,558492
spill,131072,2,262646,527130
spill,131072,2,262646,547371
spill,131072,1,131323,439189
spill,131072,3,393969,753033
spill,131072,2,262646,552153
spill,131072,3,393969,628576
spill,131072,1,131323,403613
spill,131072,3,393969,669183
spill,131072,2,262646,551403
spill,131072,1,131323,442333
spill,131072,4,525292,686337
spill,131072,2,262646,478207
spill,131072,1,131323,429457
spill,131072,3,393969,636751
spill,131072,1,131323,515741
spill,131072,2,262646,564479
spill,131072,1,131323,530062
spill,131072,1,131323,568208
spill,131072,3,393969,816499
spill,131072,1,131323,409094
spill,131072,3,393969,605792
spill,131072,1,131323,1073372
spill,131072,2,262646,487033
spill,131072,1,131323,523517
spill,131072,3,393969,808080
spill,131072,1,131323,470597
spill,131072,1,131323,499784
spill,131072,1,131323,498110
spill,131072,2,262646,515914
spill,131072,1,131323,438142
spill,131072,1,131323,471570
spill,131072,1,131323,410135
spill,131072,1,131323,452665
spill,131072,1,131323,424557
spill,131072,1,131323,487423
spill,131072,1,131323,385081
spill,131072,1,131323,672797
spill,131072,1,131323,529390
spill,131072,2,262646,600943
spill,131072,1,131323,551890
spill,131072,1,131323,473404
spill,131072,1,131323,736812
spill,131072,2,262646,550649
spill,131072,4,525292,801321
spill,131072,1,131323,421285
spill,131072,2,262646,605849
spill,131072,2,262646,523622
spill,131072,1,131323,459753
spill,131072,2,262646,499891
spill,131072,3,393969,674697
spill,131072,3,393969,673065
spill,131072,1,131323,561321
spill,131072,1,131323,415685
spill,131072,1,131323,497936
spill,131072,3,393969,798053
spill,131072,1,131323,449303
spill,131072,1,131323,436185
spill,131072,2,262646,619183
spill,131072,2,262646,600915
spill,131072,1,131323,518483
spill,131072,2,262646,589233
spill,131072,2,262646,549561
spill,131072,1,131323,622374
spill,131072,1,131323,462594
spill,131072,1,131323,437047
spill,131072,1,131323,480289
spill,131072,2,262646,511440
spill,131072,4,525292,795885
spill,131072,2,262646,612293
spill,131072,1,131323,488895
spill,131072,1,131323,561319
spill,131072,1,131323,596138
spill,131072,1,131323,368051
spill,131072,1,131323,446909
spill,131072,5,656615,862041
spill,131072,1,131323,452733
spill,131072,1,131323,450776
spill,131072,1,131323,496867
spill,131072,1,131323,411349
spill,131072,1,131323,455966
spill,131072,1,131323,567090
spill,131072,1,131323,550669
spill,131072,1,131323,390213
spill,131072,4,525292,785617
spill,131072,2,262646,692738
spill,131072,1,131323,480574
spill,131072,1,131323,1132958
spill,131072,2,262646,1390016
spill,131072,2,262646,2483976
spill,131072,2,262646,1958336
spill,131072,2,262646,1851861
spill,131072,2,262646,1006523
spill,131072,1,131323,1037589
spill,131072,1,131323,1002219
spill,131072,2,262646,840572
spill,131072,1,131323,782882
spill,131072,1,131323,603541
spill,131072,2,262646,561762
spill,131072,1,131323,463598
spill,131072,2,262646,607915
spill,131072,1,131323,446822
spill,131072,2,262646,714757
spill,131072,1,131323,486999
spill,131072,1,131323,413196
spill,131072,1,131323,432720
spill,131072,2,262646,577673
spill,131072,1,131323,441959
spill,131072,1,131323,507151
spill,131072,1,131323,468950
spill,131072,1,131323,560984
spill,131072,1,131323,480595
spill,131072,1,131323,525262
spill,131072,1,131323,619171
spill,131072,1,131323,544710
spill,131072,1,131323,438896
spill,131072,1,131323,411192
spill,131072,1,131323,470887
spill,131072,2,262646,625220
spill,131072,2,262646,474713
spill,131072,3,393969,679379
spill,131072,1,131323,529349
spill,131072,1,131323,739665
spill,131072,1,131323,822307
spill,131072,2,262646,814502
spill,131072,2,262646,820002
spill,131072,1,131323,440494
spill,131072,1,131323,464929
spill,131072,2,262646,572017
spill,131072,1,131323,479092
spill,131072,1,131323,556154
spill,131072,1,131323,679898
spill,131072,2,262646,788958
spill,131072,1,131323,807183
spill,131072,1,131323,1037458
spill,131072,1,131323,906991
spill,131072,1,131323,627353
spill,131072,1,131323,584714
spill,131072,1,131323,469823
spill,131072,1,131323,481066
spill,131072,2,262646,565422
spill,131072,1,131323,447280
spill,131072,2,262646,525775
spill,131072,1,131323,403381
spill,131072,1,131323,488134
spill,131072,1,131323,359974
spill,131072,1,131323,518129
spill,131072,2,262646,519102
spill,131072,2,262646,484383
spill,131072,1,131323,463856
spill,131072,1,131323,411073
spill,131072,2,262646,587555
spill,131072,1,131323,654592
spill,131072,1,131323,506854
spill,131072,1,131323,511889
spill,131072,1,131323,527182
spill,131072,1,131323,483245
spill,131072,2,262646,558829
spill,131072,1,131323,526119
spill,131072,2,262646,746276
spill,131072,1,131323,499254
spill,131072,1,131323,449230
spill,131072,1,131323,448775
spill,131072,1,131323,447024
spill,131072,1,131323,368702
spill,131072,1,131323,460649
spill,131072,4,525292,808992
spill,131072,1,131323,427137
spill,131072,1,131323,715708
spill,131072,1,131323,477241
spill,131072,1,131323,402122
spill,131072,1,131323,368993
spill,131072,2,262646,552308
spill,131072,1,131323,436966
spill,131072,1,131323,447887
spill,131072,2,262646,547375
spill,131072,1,131323,675587
spill,131072,2,262646,784669
spill,131072,1,131323,701238
spill,131072,1,131323,438335
spill,131072,1,131323,878487
spill,131072,2,262646,667192
spill,131072,1,131323,477248
spill,131072,1,131323,585100
spill,131072,1,131323,519800
spill,131072,2,262646,532328
spill,131072,1,131323,566509
spill,131072,1,131323,644058
spill,131072,1,131323,425223
spill,131072,1,131323,462859
spill,131072,1,131323,483125
spill,131072,1,131323,460167
spill,131072,2,262646,508709
spill,131072,1,131323,525305
spill,131072,1,131323,638175
spill,131072,1,131323,499546
spill,131072,1,131323,607052
spill,131072,1,131323,517857
spill,131072,1,131323,424957
spill,131072,1,131323,509986
spill,131072,1,131323,467805
spill,131072,2,262646,603084
spill,131072,1,131323,422447
spill,131072,1,131323,487705
spill,131072,1,131323,444245
spill,131072,1,131323,432821
spill,131072,1,131323,464940
spill,131072,2,262646,533087
spill,131072,1,131323,413005
spill,131072,2,262646,738084
spill,131072,1,131323,597776
spill,131072,2,262646,795259
spill,131072,1,131323,361510
spill,131072,2,262646,524675
spill,131072,1,131323,534675
spill,131072,1,131323,430466
spill,131072,1,131323,654932
spill,131072,2,262646,606184
spill,131072,1,131323,483560
spill,131072,1,131323,697382
spill,131072,1,131323,599206
spill,131072,1,131323,505912
spill,131072,1,131323,435090
spill,131072,1,131323,446178
spill,131072,1,131323,709300
spill,131072,1,131323,434478
spill,131072,1,131323,505341
spill,131072,2,262646,702240
spill,131072,1,131323,517794
spill,131072,2,262646,667990
spill,131072,1,131323,698203
spill,131072,1,131323,605003
spill,131072,2,262646,649761
spill,131072,2,262646,637817
spill,131072,1,131323,450669
spill,131072,1,131323,378062
spill,131072,1,131323,619641
spill,131072,3,393969,848411
spill,131072,1,131323,472337
spill,131072,1,131323,454156
spill,131072,1,131323,598675
spill,131072,2,262646,586951
spill,131072,1,131323,501815
spill,131072,1,131323,416557
spill,131072,1,131323,586263
spill,131072,1,131323,719767
spill,131072,1,131323,403379
spill,131072,1,131323,417389
spill,131072,1,131323,504260
spill,131072,1,131323,396453
spill,131072,2,262646,490683
spill,131072,2,262646,543241
spill,131072,1,131323,609475
spill,131072,1,131323,609216
spill,131072,1,131323,480186
spill,131072,1,131323,360211
spill,131072,2,262646,468360
spill,131072,1,131323,431753
spill,131072,2,262646,593017
spill,131072,2,262646,592732
spill,131072,1,131323,586086
spill,131072,1,131323,440146
spill,131072,2,262646,689753
spill,131072,1,131323,565212
spill,131072,3,393969,940736
spill,131072,1,131323,499551
spill,131072,1,131323,418897
spill,131072,1,131323,434490
spill,131072,1,131323,688892
spill,131072,1,131323,431272
spill,131072,1,131323,451756
spill,131072,1,131323,454181
spill,131072,1,131323,507558
spill,131072,1,131323,472369
spill,131072,1,131323,531258
spill,131072,2,262646,570203
spill,131072,1,131323,365251
spill,131072,1,131323,389326
spill,131072,1,131323,462041
spill,131072,2,262646,823354
spill,131072,1,131323,480058
spill,131072,2,262646,549137
spill,131072,1,131323,514991
spill,131072,1,131323,522892
spill,131072,2,262646,583903
spill,131072,1,131323,591450
spill,131072,1,131323,432573
spill,131072,1,131323,528137
spill,131072,1,131323,490931
spill,131072,1,131323,617780
spill,131072,2,262646,602360
spill,131072,2,262646,566424
spill,131072,2,262646,820885
spill,131072,1,131323,430992
spill,131072,1,131323,426562
spill,131072,1,131323,654799
spill,131072,1,131323,544960
spill,131072,2,262646,557623
spill,131072,1,131323,438798
spill,131072,3,393969,654105
spill,131072,3,393969,611658
spill,131072,1,131323,392682
spill,131072,2,262646,618797
spill,131072,1,131323,505697
spill,131072,1,131323,638787
spill,131072,2,262646,677203
spill,131072,1,131323,486090
spill,131072,2,262646,885267
spill,131072,1,131323,620711
spill,131072,1,131323,478379
spill,131072,1,131323,567910
spill,131072,2,262646,504375
spill,131072,3,393969,737209
spill,131072,1,131323,575565
spill,131072,1,131323,469985
spill,131072,1,131323,670979
spill,131072,1,131323,615765
spill,131072,2,262646,514135
spill,131072,1,131323,438707
spill,131072,2,262646,797905
spill,131072,1,131323,604248
spill,131072,1,131323,565409
spill,131072,1,131323,922139
spill,131072,1,131323,496461
spill,131072,1,131323,538800
spill,131072,1,131323,499241
spill,131072,1,131323,689370
spill,131072,1,131323,821111
spill,131072,2,262646,1158530
spill,131072,1,131323,552820
spill,131072,1,131323,470366
spill,131072,1,131323,787030
spill,131072,1,131323,632463
spill,131072,2,262646,897084
spill,131072,1,131323,932679
spill,131072,1,131323,855307
spill,131072,1,131323,938397
spill,131072,1,131323,677360
spill,131072,1,131323,549325
spill,131072,1,131323,746599
spill,131072,1,131323,469115
spill,131072,1,131323,1201528
spill,131072,3,393969,1137559
spill,131072,1,131323,983310
spill,131072,2,262646,991336
spill,131072,2,262646,964466
spill,131072,1,131323,1493249
spill,131072,2,262646,2704954
spill,131072,1,131323,2937775
spill,131072,1,131323,2053382
spill,131072,2,262646,1223014
spill,131072,1,131323,1058900
spill,131072,1,131323,1311156
spill,131072,1,131323,807230
spill,131072,1,131323,824668
spill,131072,2,262646,790391
spill,131072,1,131323,666528
spill,131072,1,131323,714563
spill,131072,2,262646,698368
spill,131072,1,131323,601265
spill,131072,2,262646,1143670
spill,131072,1,131323,1096910
spill,131072,1,131323,1327789
spill,131072,1,131323,1174777
spill,131072,4,525292,1552880
spill,131072,2,262646,942914
spill,131072,1,131323,1019117
spill,131072,1,131323,825877
spill,131072,2,262646,1000519
spill,131072,1,131323,831594
spill,131072,2,262646,651367
spill,131072,2,262646,1140913
spill,131072,1,131323,613935
spill,131072,1,131323,833420
spill,131072,1,131323,844783
spill,131072,1,131323,448243
spill,131072,1,131323,853319
spill,131072,1,131323,410569
spill,131072,1,131323,449088
spill,131072,1,131323,692366
spill,131072,1,131323,479004
spill,131072,2,262646,688354
spill,131072,1,131323,441163
spill,131072,1,131323,673171
spill,131072,1,131323,600452
spill,131072,2,262646,1014076
spill,131072,2,262646,766311
spill,131072,1,131323,548330
spill,131072,1,131323,593139
spill,131072,1,131323,622997
spill,131072,1,131323,522825
spill,131072,1,131323,706406
spill,131072,2,262646,769663
spill,131072,2,262646,982248
spill,131072,1,131323,678308
spill,131072,1,131323,538348
spill,131072,1,131323,607987
spill,131072,2,262646,583188
spill,131072,1,131323,495862
spill,131072,2,262646,666957
spill,131072,2,262646,525916
spill,131072,2,262646,647286
spill,131072,2,262646,804428
spill,131072,1,131323,622239
spill,131072,2,262646,476699
spill,131072,1,131323,423658
spill,131072,1,131323,431848
spill,131072,2,262646,575907
spill,131072,2,262646,681043
spill,131072,2,262646,632028
spill,131072,2,262646,789030
spill,131072,1,131323,709060
spill,131072,3,393969,1134613
spill,131072,1,131323,618002
spill,131072,1,131323,638200
spill,131072,2,262646,631282
spill,131072,1,131323,569387
spill,131072,1,131323,500790
spill,131072,3,393969,902567
spill,131072,1,131323,465348
spill,131072,1,131323,426698
spill,131072,1,131323,583653
spill,131072,1,131323,529508
spill,131072,2,262646,691769
spill,131072,3,393969,641257
spill,131072,2,262646,528809
spill,131072,1,131323,471318
spill,131072,1,131323,497000
spill,131072,1,131323,602855
spill,131072,1,131323,857172
spill,131072,2,262646,559264
spill,131072,1,131323,777410
spill,131072,3,393969,782625
spill,131072,1,131323,780103
spill,131072,1,131323,499035
spill,131072,1,131323,533620
spill,131072,5,656615,1035590
spill,131072,1,131323,664998
spill,131072,2,262646,520829
spill,131072,3,393969,954543
spill,131072,1,131323,581829
spill,131072,1,131323,637824
spill,131072,5,656615,973245
spill,131072,5,656615,1000398
spill,131072,2,262646,762437
spill,131072,1,131323,492678
spill,131072,3,393969,743824
spill,131072,3,393969,784198
spill,131072,2,262646,665067
spill,131072,1,131323,637372
spill,131072,2,262646,454969
spill,131072,4,525292,772880
spill,131072,2,262646,503266
spill,131072,3,393969,787781
spill,131072,1,131323,367044
spill,131072,3,393969,728924
spill,131072,2,262646,653260
spill,131072,1,131323,452767
spill,131072,1,131323,446106
spill,131072,1,131323,413200
spill,131072,2,262646,736491
spill,131072,1,131323,423260
spill,131072,1,131323,315219
spill,131072,2,262646,598515
spill,131072,3,393969,789771
spill,131072,1,131323,989989
spill,131072,1,131323,511437
spill,131072,2,262646,978341
spill,131072,2,262646,745128
spill,131072,2,262646,614935
spill,131072,1,131323,433945
spill,131072,1,131323,581944
spill,131072,2,262646,869690
spill,131072,1,131323,652707
spill,131072,2,262646,650140
spill,131072,2,262646,572496
spill,131072,1,131323,726849
spill,131072,1,131323,838651
spill,131072,1,131323,666036
spill,131072,1,131323,591014
spill,131072,2,262646,731098
spill,131072,2,262646,724645
spill,131072,1,131323,626872
spill,131072,1,131323,800964
spill,131072,1,131323,567524
spill,131072,1,131323,485297
spill,131072,1,131323,413779
spill,131072,1,131323,657907
spill,131072,1,131323,394204
spill,131072,1,131323,469837
spill,131072,1,131323,379410
spill,131072,1,131323,431825
spill,131072,1,131323,384954
spill,131072,1,131323,561656
spill,131072,1,131323,434244
spill,131072,1,131323,393508
spill,131072,1,131323,359275
spill,131072,1,131323,498832
spill,131072,5,656615,819790
spill,131072,2,262646,650832
spill,131072,1,131323,462950
spill,131072,1,131323,410519
spill,131072,2,262646,541843
spill,131072,1,131323,926335
spill,131072,3,393969,848028
spill,131072,1,131323,573938
spill,131072,1,131323,624567
spill,131072,2,262646,744395
spill,131072,1,131323,881435
spill,131072,1,131323,482669
spill,131072,2,262646,550139
spill,131072,1,131323,743202
spill,131072,1,131323,723303
spill,131072,2,262646,601775
spill,131072,2,262646,670580
spill,131072,2,262646,1035517
spill,131072,1,131323,547018
spill,131072,1,131323,659614
spill,131072,2,262646,766193
spill,131072,1,131323,681428
spill,131072,2,262646,687924
spill,131072,1,131323,535606
spill,131072,1,131323,569817
spill,131072,1,131323,486555
spill,131072,1,131323,541681
spill,131072,2,262646,895036
spill,131072,1,131323,437808
spill,131072,2,262646,747443
spill,131072,3,393969,595797
spill,131072,1,131323,605464
spill,131072,2,262646,571612
spill,131072,1,131323,575010
spill,131072,1,131323,486879
spill,131072,1,131323,645360
spill,131072,1,131323,500475
spill,131072,2,262646,532154
spill,131072,1,131323,592232
spill,131072,3,393969,672103
spill,131072,1,131323,451911
spill,131072,1,131323,402254
spill,131072,1,131323,495474
spill,131072,1,131323,446426
spill,131072,2,262646,734202
spill,131072,2,262646,743059
spill,131072,3,393969,903317
spill,131072,1,131323,747116
spill,131072,3,393969,1035932
spill,131072,1,131323,633186
spill,131072,1,131323,581432
spill,131072,1,131323,492687
spill,131072,2,262646,1021906
spill,131072,1,131323,497089
spill,131072,2,262646,622254
spill,131072,1,131323,634313
spill,131072,1,131323,644159
spill,131072,1,131323,658294
spill,131072,1,131323,541943
spill,131072,1,131323,518680
spill,131072,1,131323,550442
spill,131072,1,131323,518330
spill,131072,2,262646,623647
spill,131072,1,131323,614135
spill,131072,1,131323,506648
spill,131072,1,131323,383396
spill,131072,1,131323,617673
spill,131072,1,131323,465211
spill,131072,1,131323,565747
spill,131072,1,131323,551200
spill,131072,1,131323,407465
spill,131072,1,131323,404246
spill,131072,1,131323,627537
spill,131072,1,131323,555005
spill,131072,2,262646,800398
spill,131072,1,131323,591214
spill,131072,1,131323,378276
spill,131072,1,131323,550582
spill,131072,1,131323,624947
spill,131072,1,131323,598316
spill,131072,1,131323,633740
spill,131072,2,262646,628417
spill,131072,1,131323,751192
spill,131072,2,262646,1008449
spill,131072,1,131323,900278
spill,131072,1,131323,649494
spill,131072,1,131323,571886
spill,131072,2,262646,707197
spill,131072,1,131323,1079560
spill,131072,2,262646,744735
spill,131072,1,131323,742900
spill,131072,1,131323,1030225
spill,131072,1,131323,710271
spill,131072,2,262646,1170781
spill,131072,3,393969,750424
spill,131072,1,131323,522259
spill,131072,1,131323,519005
spill,131072,1,131323,1032559
spill,131072,1,131323,1272289
spill,131072,1,131323,1365913
spill,131072,1,131323,985984
spill,131072,1,131323,927270
spill,131072,1,131323,915051
spill,131072,1,131323,1157358
spill,131072,1,131323,1254264
spill,131072,2,262646,1268905
spill,131072,1,131323,871856
spill,131072,2,262646,630651
spill,131072,2,262646,992041
spill,131072,2,262646,965768
spill,131072,1,131323,840186
spill,131072,1,131323,831586
spill,131072,1,131323,1016638
spill,131072,1,131323,1014079
spill,131072,3,393969,1258749
spill,131072,1,131323,692876
spill,131072,1,131323,1119331
spill,131072,3,393969,701760
spill,131072,1,131323,1204822
spill,131072,1,131323,880636
spill,131072,2,262646,621140
spill,131072,1,131323,1250395
spill,131072,2,262646,1344954
spill,131072,1,131323,1417627
spill,131072,2,262646,1157167
spill,131072,2,262646,1273591
spill,131072,1,131323,2511002
spill,131072,2,262646,3466267
spill,131072,2,262646,3645370
spill,131072,1,131323,2467375
spill,131072,1,131323,1413286
spill,131072,1,131323,1227899
spill,131072,2,262646,1298746
spill,131072,1,131323,546667
spill,131072,2,262646,645259
spill,131072,1,131323,1094584
spill,131072,1,131323,992440
spill,131072,1,131323,1109451
spill,131072,1,131323,550030
spill,131072,3,393969,1267378
spill,131072,1,131323,1162852
spill,131072,4,525292,1686771
spill,131072,3,393969,1021348
spill,131072,2,262646,858274
spill,131072,1,131323,954629
spill,131072,1916,251614868,185246932
spill,131072,2,262646,13258725
spill,131072,1,131323,13338936
spill,131072,2,262646,13342626
spill,131072,3,393969,14661751
spill,131072,2,262646,3939410
spill,131072,1,131323,3584391
spill,131072,2,262646,3678475
spill,131072,4,525292,3391534
spill,131072,1,131323,2955688
spill,131072,1,131323,2982205
spill,131072,1,131323,2991801
spill,131072,2,262646,2051487
spill,131072,1,131323,988733
spill,131072,1,131323,954709
spill,131072,1,131323,1309636
spill,131072,4,525292,1099361
spill,131072,2,262646,1496878
spill,131072,2,262646,1603166
spill,131072,3,393969,2066315
spill,131072,1,131323,1105287
spill,131072,1,131323,1254955
spill,131072,1,131323,492403
spill,131072,1,131323,836956
spill,131072,1,131323,633460
spill,131072,1,131323,516150
spill,131072,1,131323,503446
spill,131072,1,131323,519143
spill,131072,9,1181907,1428800
spill,131072,3,393969,912240
spill,131072,1,131323,584218
spill,131072,1,131323,888001
spill,131072,2,262646,910568
spill,131072,2,262646,1451161
spill,131072,1,131323,1382626
spill,131072,3,393969,1443375
spill,131072,1,131323,1642212
spill,131072,2,262646,2066534
spill,131072,7,919261,2155727
spill,131072,6,787938,2291962
spill,131072,2,262646,2143412
spill,131072,1,131323,1685818
spill,131072,3,393969,2641008
spill,131072,2,262646,1734208
spill,131072,1,131323,1618579
spill,131072,2,262646,731973
spill,131072,3,393969,1072066
spill,131072,4,525292,1414600
spill,131072,1,131323,655684
spill,131072,1,131323,895137
spill,131072,2,262646,1056106
spill,131072,1,131323,526937
spill,131072,1,131323,1530056
spill,131072,2,262646,959688
spill,131072,2,262646,888230
spill,131072,1,131323,519037
spill,131072,2,262646,1188416
spill,131072,1,131323,1213742
spill,131072,2,262646,1312852
spill,131072,1,131323,1135037
spill,131072,1,131323,1241545
spill,131072,1,131323,1235538
spill,131072,1,131323,568850
spill,131072,2,262646,737675
spill,131072,3,393969,1189933
spill,131072,1,131323,954435
spill,131072,2,262646,925308
spill,131072,2,262646,901116
spill,131072,1,131323,999977
spill,131072,1,131323,528750
spill,131072,4,525292,940298
spill,131072,5,656615,1488428
spill,131072,3,393969,1499410
spill,131072,2,262646,1125188
spill,131072,1,131323,1098749
spill,131072,1,131323,546136
spill,131072,1,131323,1259940
spill,131072,6,787938,1094630
spill,131072,1,131323,438585
spill,131072,2,262646,899936
spill,131072,7,919261,1262776
spill,131072,1,131323,1148627
spill,131072,1,131323,1812036
spill,131072,1,131323,1166812
spill,131072,1,131323,974438
spill,131072,4,525292,1435357
spill,131072,2,262646,1165656
spill,131072,1,131323,789281
spill,131072,2,262646,1260882
spill,131072,1,131323,821678
spill,131072,2,262646,817485
spill,131072,2,262646,556572
spill,131072,1,131323,990452
spill,131072,1,131323,865439
spill,131072,1,131323,479258
spill,131072,3,393969,1021531
spill,131072,1,131323,867750
spill,131072,1,131323,730891
spill,131072,1,131323,858743
spill,131072,1,131323,558989
spill,131072,4,525292,998232
spill,131072,1,131323,1078711
spill,131072,2,262646,699700
spill,131072,1,131323,723504
spill,131072,1,131323,412608
spill,131072,3,393969,885583
spill,131072,1,131323,443342
spill,131072,1,131323,762696
spill,131072,1,131323,533192
spill,131072,3,393969,907410
spill,131072,1,131323,763500
spill,131072,1,131323,637263
spill,131072,1,131323,717572
spill,131072,2,262646,591140
spill,131072,1,131323,453072
spill,131072,3,393969,1032940
spill,131072,1,131323,1006245
spill,131072,1,131323,604328
spill,131072,2,262646,758897
spill,131072,1,131323,673527
spill,131072,2,262646,560727
spill,131072,2,262646,787302
spill,131072,2,262646,620618
spill,131072,1,131323,607560
spill,131072,1,131323,424096
spill,131072,1,131323,844303
spill,131072,2,262646,832578
spill,131072,2,262646,935538
spill,131072,4,525292,776986
spill,131072,1,131323,448343
spill,131072,1,131323,544975
spill,131072,3,393969,708164
spill,131072,1,131323,625603
spill,131072,1,131323,1063251
spill,131072,1,131323,1001797
spill,131072,3,393969,1464096
spill,131072,1,131323,1245617
spill,131072,1,131323,1230813
spill,131072,1,131323,944947
spill,131072,2,262646,686732
spill,131072,1,131323,619264
spill,131072,1,131323,745540
spill,131072,1,131323,612456
spill,131072,1,131323,922339
spill,131072,1,131323,565879
spill,131072,2,262646,606901
spill,131072,2,262646,882427
spill,131072,1,131323,652578
spill,131072,1,131323,549953
spill,131072,1,131323,748213
spill,131072,1,131323,855580
spill,131072,2,262646,1033729
spill,131072,2,262646,646074
spill,131072,1,131323,647611
spill,131072,1,131323,964683
spill,131072,1,131323,1013428
spill,131072,2,262646,978923
spill,131072,3,393969,745054
spill,131072,1,131323,716364
spill,131072,1,131323,1206324
spill,131072,4,525292,1150462
spill,131072,1,131323,1342071
spill,131072,2,262646,1446835
spill,131072,2,262646,1114117
spill,131072,1,131323,1254644
spill,131072,1,131323,873901
spill,131072,1,131323,869182
spill,131072,2,262646,762163
spill,131072,1,131323,1566706
spill,131072,1,131323,737561
spill,131072,1,131323,1066630
spill,131072,1,131323,622072
spill,131072,2,262646,912984
spill,131072,1,131323,470482
spill,131072,2,262646,968686
spill,131072,2,262646,851161
spill,131072,1,131323,1077836
spill,131072,1,131323,785754
spill,131072,1,131323,825507
spill,131072,3,393969,668057
spill,131072,2,262646,998836
spill,131072,3,393969,884680
spill,131072,1,131323,473883
spill,131072,2,262646,806497
spill,131072,1,131323,910509
spill,131072,1,131323,1522169
spill,131072,1,131323,1374439
spill,131072,1,131323,803487
spill,131072,2,262646,1188245
spill,131072,1,131323,735705
spill,131072,4,525292,1027478
spill,131072,2,262646,743422
spill,131072,1,131323,525402
spill,131072,2,262646,605974
spill,131072,1,131323,534465
spill,131072,1,131323,592356
spill,131072,1,131323,449299
spill,131072,1,131323,553860
spill,131072,1,131323,652121
spill,131072,1,131323,541602
spill,131072,2,262646,543031
spill,131072,2,262646,813525
spill,131072,1,131323,583804
spill,131072,1,131323,591736
spill,131072,1,131323,516897
spill,131072,1,131323,432476
spill,131072,1,131323,636911
spill,131072,2,262646,731731
spill,131072,1,131323,864262
spill,131072,1,131323,614728
spill,131072,1,131323,591816
spill,131072,1,131323,580834
spill,131072,2,262646,881561
spill,131072,1,131323,468648
spill,131072,1,131323,388038
spill,131072,2,262646,525668
spill,131072,1,131323,512150
spill,131072,1,131323,574858
spill,131072,1,131323,475199
spill,131072,1,131323,504477
spill,131072,1,131323,422382
spill,131072,1,131323,393409
spill,131072,1,131323,511860
spill,131072,1,131323,385608
spill,131072,1,131323,566167
spill,131072,2,262646,542095
spill,131072,1,131323,427420
spill,131072,1,131323,394992
spill,131072,1,131323,613993
spill,131072,1,131323,454563
spill,131072,1,131323,341788
spill,131072,1,131323,557009
spill,131072,1,131323,401510
spill,131072,1,131323,360893
spill,131072,1,131323,523148
spill,131072,1,131323,418329
spill,131072,1,131323,389496
spill,131072,1,131323,503701
spill,131072,1,131323,435335
spill,131072,1,131323,437334
spill,131072,1,131323,503937
spill,131072,1,131323,420107
spill,131072,1,131323,464660
spill,131072,1,131323,497231
spill,131072,2,262646,666940
spill,131072,1,131323,618834
spill,131072,1,131323,821777
spill,131072,1,131323,570340
spill,131072,1,131323,454679
spill,131072,1,131323,522316
spill,131072,4,525292,742019
spill,131072,1,131323,566907
spill,131072,1,131323,504991
spill,131072,1,131323,433931
spill,131072,1,131323,634895
spill,131072,1,131323,401023
spill,131072,1,131323,417447
spill,131072,1,131323,560609
spill,131072,2,262646,534851
spill,131072,1,131323,513206
spill,131072,1,131323,569534
spill,131072,1,131323,535448
spill,131072,1,131323,533308
spill,131072,1,131323,560480
spill,131072,1,131323,546321
spill,131072,1,131323,503468
spill,131072,1,131323,550743
spill,131072,1,131323,451114
spill,131072,1,131323,607282
spill,131072,1,131323,581312
spill,131072,1,131323,542070
spill,131072,1,131323,429110
spill,131072,1,131323,483289
spill,131072,1,131323,425052
spill,131072,1,131323,389262
spill,131072,2,262646,639850
spill,131072,1,131323,462640
spill,131072,1,131323,546382
spill,131072,1,131323,415634
spill,131072,1,131323,412345
spill,131072,1,131323,459363
spill,131072,3,393969,846214
spill,131072,1,131323,752862
spill,131072,1,131323,569659
spill,131072,2,262646,2078939
spill,131072,5,656615,2295336
spill,131072,2,262646,1006935
spill,131072,1,131323,901400
spill,131072,1,131323,953408
spill,131072,4,525292,975315
spill,131072,3,393969,1197055
spill,131072,1,131323,814230
spill,131072,1,131323,626461
spill,131072,1,131323,604890
spill,131072,1,131323,771620
spill,131072,1,131323,583985
spill,131072,1,131323,588450
spill,131072,3,393969,727571
spill,131072,1,131323,779681
spill,131072,3,393969,1606082
spill,131072,1,131323,1084700
spill,131072,12,1575876,2225149
spill,131072,1,131323,761898
spill,131072,1,131323,692564
spill,131072,1,131323,986689
spill,131072,1,131323,665554
spill,131072,2,262646,687441
spill,131072,1,131323,791008
spill,131072,2,262646,692446
spill,131072,2,262646,810916
spill,131072,1,131323,536378
spill,131072,2,262646,766304
spill,131072,1,131323,701164
spill,131072,2,262646,1097414
spill,131072,1,131323,686022
spill,131072,2,262646,938701
spill,131072,1,131323,766270
spill,131072,1,131323,599106
spill,131072,1,131323,562599
spill,131072,1,131323,564000
spill,131072,1,131323,496826
spill,131072,2,262646,531733
spill,131072,1,131323,585032
spill,131072,3,393969,844939
spill,131072,2,262646,505644
spill,131072,1,131323,507579
spill,131072,1,131323,538910
spill,131072,1,131323,407960
spill,131072,1,131323,457064
spill,131072,1,131323,532813
spill,131072,2,262646,580728
spill,131072,1,131323,532896
spill,131072,1,131323,584340
spill,131072,1,131323,472900
spill,131072,1,131323,435348
spill,131072,1,131323,503082
spill,131072,1,131323,380788
spill,131072,2,262646,628291
spill,131072,1,131323,437985
spill,131072,1,131323,497215
spill,131072,1,131323,430566
spill,131072,1,131323,441989
spill,131072,2,262646,694291
spill,131072,1,131323,532257
spill,131072,1,131323,426604
spill,131072,2,262646,616048
spill,131072,1,131323,563569
spill,131072,1,131323,577957
spill,131072,2,262646,565566
spill,131072,1,131323,643886
spill,131072,1,131323,626901
spill,131072,1,131323,427208
spill,131072,1,131323,501494
spill,131072,1,131323,535010
spill,131072,2,262646,513929
spill,131072,2,262646,518714
spill,131072,1,131323,593168
spill,131072,1,131323,621155
spill,131072,2,262646,623350
spill,131072,1,131323,523969
spill,131072,1,131323,445103
spill,131072,2,262646,734305
spill,131072,1,131323,729967
spill,131072,1,131323,501611
spill,131072,1,131323,488116
spill,131072,1,131323,837641
spill,131072,1,131323,826436
spill,131072,1,131323,1087682
spill,131072,1,131323,746296
spill,131072,1,131323,437412
spill,131072,2,262646,754110
spill,131072,2,262646,648871
spill,131072,1,131323,439423
spill,131072,2,262646,512252
spill,131072,1,131323,368491
spill,131072,2,262646,679918
spill,131072,1,131323,456012
spill,131072,1,131323,365011
spill,131072,1,131323,518837
spill,131072,1,131323,407569
spill,131072,1,131323,422203
spill,131072,1,131323,495030
spill,131072,1,131323,453573
spill,131072,1,131323,461175
spill,131072,2,262646,656414
spill,131072,1,131323,418943
spill,131072,1,131323,514869
spill,131072,1,131323,963841
spill,131072,1,131323,884898
spill,131072,3,393969,681212
spill,131072,1,131323,857757
spill,131072,1,131323,516565
spill,131072,1,131323,488121
spill,131072,1,131323,812337
spill,131072,1,131323,536980
spill,131072,2,262646,941034
spill,131072,1,131323,494926
spill,131072,1,131323,774411
spill,131072,2,262646,884536
spill,131072,2,262646,677941
spill,131072,1,131323,760433
spill,131072,1,131323,749559
spill,131072,1,131323,684529
spill,131072,1,131323,441451
spill,131072,2,262646,669739
spill,131072,1,131323,574913
spill,131072,1,131323,434970
spill,131072,1,131323,390429
spill,131072,1,131323,393874
spill,131072,1,131323,709333
spill,131072,2,262646,1018158
spill,131072,1,131323,596907
spill,131072,1,131323,718325
spill,131072,2,262646,680585
spill,131072,2,262646,792166
spill,131072,1,131323,612226
spill,131072,1,131323,793934
spill,131072,1,131323,544260
spill,131072,1,131323,616246
spill,131072,1,131323,793061
spill,131072,3,393969,887299
spill,131072,2,262646,1419248
spill,131072,2,262646,619827
spill,131072,2,262646,881566
spill,131072,1,131323,857011
spill,131072,2,262646,649273
spill,131072,2,262646,607068
spill,131072,1,131323,985405
spill,131072,2,262646,823060
spill,131072,1,131323,893328
spill,131072,1,131323,567818
spill,131072,1,131323,722598
spill,131072,1,131323,633550
spill,131072,2,262646,811918
spill,131072,2,262646,622548
spill,131072,1,131323,544231
spill,131072,1,131323,867042
spill,131072,1,131323,434186
spill,131072,2,262646,993970
spill,131072,1,131323,625142
spill,131072,2,262646,753145
spill,131072,2,262646,844819
spill,131072,1,131323,1192875
spill,131072,1,131323,730795
spill,131072,1,131323,712343
spill,131072,2,262646,1102041
spill,131072,1,131323,457496
spill,131072,1,131323,725450
spill,131072,2,262646,571271
spill,131072,4,525292,866251
spill,131072,2,262646,749809
spill,131072,1,131323,810336
spill,131072,2,262646,626117
spill,131072,2,262646,731877
spill,131072,1,131323,518003
spill,131072,1,131323,658145
spill,131072,1,131323,403909
spill,131072,2,262646,778179
spill,131072,1,131323,596474
spill,131072,3,393969,852120
spill,131072,3,393969,785406
spill,131072,1,131323,510276
spill,131072,1,131323,369094
spill,131072,2,262646,846313
spill,131072,1,131323,402859
spill,131072,1,131323,575159
spill,131072,1,131323,502265
spill,131072,1,131323,756166
spill,131072,2,262646,1014468
spill,131072,1,131323,1102042
spill,131072,2,262646,966860
spill,131072,2,262646,765783
spill,131072,4,525292,737197
spill,131072,1,131323,677632
spill,131072,1,131323,695473
spill,131072,1,131323,707576
spill,131072,1,131323,590906
spill,131072,4,525292,1126243
spill,131072,3,393969,991965
spill,131072,1,131323,833559
spill,131072,1,131323,804856
spill,131072,1,131323,568380
spill,131072,1,131323,761751
spill,131072,1,131323,766450
spill,131072,1,131323,567529
spill,131072,1,131323,748698
spill,131072,1,131323,656498
spill,131072,1,131323,908253
spill,131072,3,393969,1001191
spill,131072,2,262646,1057884
spill,131072,1,131323,624655
spill,131072,1,131323,780168
spill,131072,1,131323,615178
spill,131072,2,262646,628250
spill,131072,1,131323,794460
spill,131072,1,131323,912532
spill,131072,1,131323,673552
spill,131072,2,262646,1506814
spill,131072,1,131323,879948
spill,131072,2,262646,1264443
spill,131072,2,262646,755972
spill,131072,1,131323,717585
spill,131072,1,131323,879708
spill,131072,1,131323,669815
spill,131072,1,131323,578723
spill,131072,3,393969,977146
spill,131072,2,262646,616282
spill,131072,5,656615,974904
spill,131072,1,131323,703620
spill,131072,1,131323,1365450
spill,131072,3,393969,805161
spill,131072,1,131323,829328
spill,131072,1,131323,609001
spill,131072,2,262646,579615
spill,131072,1,131323,605728
spill,131072,1,131323,402443
spill,131072,3,393969,894399
spill,131072,1,131323,642798
spill,131072,2,262646,677878
spill,131072,1,131323,391431
spill,131072,4,525292,1030342
spill,131072,1,131323,749822
spill,131072,3,393969,1111942
spill,131072,1,131323,558270
spill,131072,1,131323,456468
spill,131072,3,393969,1105480
spill,131072,3,393969,855928
spill,131072,1,131323,720720
spill,131072,1,131323,376147
spill,131072,1,131323,559974
spill,131072,2,262646,566616
spill,131072,1,131323,508910
spill,131072,1,131323,668353
spill,131072,1,131323,424015
spill,131072,1,131323,408173
spill,131072,1,131323,657442
spill,131072,1,131323,1078210
spill,131072,1,131323,1044381
spill,131072,1,131323,692688
spill,131072,1,131323,380287
spill,131072,1,131323,865401
spill,131072,1,131323,579548
spill,131072,2,262646,913663
spill,131072,1,131323,613906
spill,131072,3,393969,1092130
spill,131072,1,131323,718532
spill,131072,1,131323,453147
spill,131072,1,131323,797381
spill,131072,2,262646,653751
spill,131072,1,131323,675634
spill,131072,2,262646,922766
spill,131072,1,131323,1072070
spill,131072,1,131323,826431
spill,131072,2,262646,534680
spill,131072,1,131323,535456
spill,131072,1,131323,427734
spill,131072,2,262646,755666
spill,131072,3,393969,1400849
spill,131072,1,131323,767051
spill,131072,2,262646,875916
spill,131072,1,131323,580813
spill,131072,2,262646,785524
spill,131072,2,262646,806243
spill,131072,1,131323,970713
spill,131072,4,525292,1101225
spill,131072,1,131323,987305
spill,131072,1,131323,920645
spill,131072,4,525292,747464
spill,131072,2,262646,589519
spill,131072,1,131323,640501
spill,131072,1,131323,799540
spill,131072,4,525292,731214
spill,131072,3,393969,624881
spill,131072,1,131323,584749
spill,131072,2,262646,769737
spill,131072,1,131323,586831
spill,131072,1,131323,633864
spill,131072,1,131323,454902
spill,131072,1,131323,792252
spill,131072,2,262646,504689
spill,131072,1,131323,584294
spill,131072,2,262646,465246
spill,131072,1,131323,567826
spill,131072,1,131323,522355
spill,131072,2,262646,584943
spill,131072,1,131323,417363
spill,131072,2,262646,449133
spill,131072,1,131323,459800
spill,131072,1,131323,462455
spill,131072,2,262646,525223
spill,131072,1,131323,510611
spill,131072,1,131323,523524
spill,131072,2,262646,958855
spill,131072,2,262646,511888
spill,131072,1,131323,529107
spill,131072,1,131323,481428
spill,131072,1,131323,493829
spill,131072,1,131323,536765
spill,131072,1,131323,1718170
spill,131072,1,131323,1707765
spill,131072,3,393969,1646660
spill,131072,1,131323,1227954
spill,131072,1,131323,924432
spill,131072,4,525292,1915325
spill,131072,3,393969,1263416
spill,131072,2,262646,869050
spill,131072,4,525292,760995
spill,131072,5,656615,1021433
spill,131072,2,262646,1209867
spill,131072,1,131323,564713
spill,131072,4,525292,1050392
spill,131072,1,131323,960222
spill,131072,1,131323,490798
spill,131072,3,393969,652927
spill,131072,6,787938,920543
spill,131072,1,131323,513776
spill,131072,3,393969,950156
spill,131072,3,393969,1110253
spill,131072,1916,251614868,192516954
spill,131072,1,131323,12517691
spill,131072,1,131323,12528001
spill,131072,1,131323,12993710
spill,131072,1,131323,12702905
spill,131072,3,393969,2337503
spill,131072,1,131323,1823348
spill,131072,2,262646,1662658
spill,131072,1,131323,2523137
spill,131072,3,393969,2989130
spill,131072,8,1050584,3001626
spill,131072,1,131323,1687830
spill,131072,2,262646,1462592
spill,131072,1,131323,1157615
spill,131072,2,262646,693877
spill,131072,1,131323,764606
spill,131072,2,262646,1741513
spill,131072,3,393969,1696623
spill,131072,1,131323,1431325
spill,131072,3,393969,1264063
spill,131072,1,131323,491127
spill,131072,4,525292,1344704
spill,131072,1,131323,655575
spill,131072,4,525292,1131526
spill,131072,3,393969,787713
spill,131072,1,131323,444331
spill,131072,3,393969,1024209
spill,131072,1,131323,822912
spill,131072,1,131323,1287080
spill,131072,2,262646,1446783
spill,131072,1,131323,1699451
spill,131072,1,131323,1419081
spill,131072,1,131323,905118
spill,131072,1,131323,918182
spill,131072,2,262646,1095517
spill,131072,2,262646,751592
spill,131072,2,262646,1012437
spill,131072,3,393969,1161534
spill,131072,1,131323,1012237
spill,131072,3,393969,1133573
spill,131072,5,656615,1039583
spill,131072,3,393969,730054
spill,131072,4,525292,952220
spill,131072,2,262646,592392
spill,131072,1,131323,423596
spill,131072,1,131323,703380
spill,131072,1,131323,699653
spill,131072,3,393969,709085
spill,131072,1,131323,533363
spill,131072,1,131323,512538
spill,131072,1,131323,866060
spill,131072,1,131323,513545
spill,131072,1,131323,795208
spill,131072,2,262646,1017277
spill,131072,1,131323,667175
spill,131072,1,131323,657980
spill,131072,1,131323,693134
spill,131072,1,131323,701478
spill,131072,1,131323,505532
spill,131072,1,131323,505144
spill,131072,1,131323,456030
spill,131072,3,393969,754351
spill,131072,1,131323,428628
spill,131072,2,262646,985264
spill,131072,2,262646,594988
spill,131072,2,262646,872812
spill,131072,1,131323,1023186
spill,131072,3,393969,788600
spill,131072,1,131323,1429807
spill,131072,1,131323,812729
spill,131072,1,131323,1076234
spill,131072,1,131323,453190
spill,131072,1,131323,625461
spill,131072,1,131323,563059
spill,131072,3,393969,1221684
spill,131072,1,131323,585055
spill,131072,1,131323,646151
spill,131072,3,393969,694070
spill,131072,3,393969,709703
spill,131072,1,131323,622433
spill,131072,2,262646,704481
spill,131072,1,131323,566223
spill,131072,1,131323,584411
spill,131072,3,393969,778106
spill,131072,1,131323,449946
spill,131072,1,131323,536813
spill,131072,2,262646,925212
spill,131072,1,131323,534341
spill,131072,4,525292,787641
spill,131072,1,131323,638295
spill,131072,2,262646,1064723
spill,131072,1,131323,818440
spill,131072,1,131323,562422
spill,131072,1,131323,714300
spill,131072,1,131323,525297
spill,131072,2,262646,754372
spill,131072,1,131323,738609
spill,131072,1,131323,778831
spill,131072,1,131323,545846
spill,131072,1,131323,448790
spill,131072,1,131323,544745
spill,131072,1,131323,490224
spill,131072,1,131323,806549
spill,131072,1,131323,489430
spill,131072,3,393969,771286
spill,131072,1,131323,577258
spill,131072,4,525292,773763
spill,131072,1,131323,467555
spill,131072,1,131323,624211
spill,131072,2,262646,670346
spill,131072,1,131323,488880
spill,131072,3,393969,906253
spill,131072,1,131323,430694
spill,131072,1,131323,548121
spill,131072,2,262646,830159
spill,131072,1,131323,454622
spill,131072,1,131323,643754
spill,131072,2,262646,643320
spill,131072,1,131323,500367
spill,131072,1,131323,380952
spill,131072,1,131323,463310
spill,131072,2,262646,565302
spill,131072,3,393969,643117
spill,131072,1,131323,526729
spill,131072,1,131323,468066
spill,131072,2,262646,557776
spill,131072,1,131323,437665
spill,131072,1,131323,422045
spill,131072,1,131323,473359
spill,131072,1,131323,487378
spill,131072,1,131323,595467
spill,131072,1,131323,462038
spill,131072,1,131323,376628
spill,131072,1,131323,452521
spill,131072,1,131323,521646
spill,131072,1,131323,409291
spill,131072,1,131323,375400
spill,131072,1,131323,421440
spill,131072,1,131323,417592
spill,131072,1,131323,366078
spill,131072,1,131323,357440
spill,131072,1,131323,399348
spill,131072,1,131323,616745
spill,131072,2,262646,693841
spill,131072,1,131323,506018
spill,131072,1,131323,396231
spill,131072,1,131323,401207
spill,131072,1,131323,432259
spill,131072,1,131323,483799
spill,131072,1,131323,492030
spill,131072,1,131323,741093
spill,131072,1,131323,442412
spill,131072,1,131323,602599
spill,131072,2,262646,744451
spill,131072,2,262646,512186
spill,131072,2,262646,504162
spill,131072,1,131323,542199
spill,131072,1,131323,494402
spill,131072,1,131323,530163
spill,131072,1,131323,467791
spill,131072,2,262646,561753
spill,131072,1,131323,437326
spill,131072,1,131323,407561
spill,131072,1,131323,483872
spill,131072,2,262646,656236
spill,131072,1,131323,507666
spill,131072,1,131323,446782
spill,131072,1,131323,457845
spill,131072,1,131323,383060
spill,131072,1,131323,426733
spill,131072,1,131323,618825
spill,131072,1,131323,418987
spill,131072,2,262646,572824
spill,131072,1,131323,382447
spill,131072,1,131323,457843
spill,131072,1,131323,499940
spill,131072,1,131323,511202
spill,131072,1,131323,427995
spill,131072,1,131323,407966
spill,131072,1,131323,450318
spill,131072,1,131323,493433
spill,131072,1,131323,467599
spill,131072,1,131323,424573
spill,131072,1,131323,409702
spill,131072,1,131323,359530
spill,131072,1,131323,385646
spill,131072,1,131323,459957
spill,131072,1,131323,362061
spill,131072,1,131323,434358
spill,131072,1,131323,375797
spill,131072,1,131323,439012
spill,131072,1,131323,556743
spill,131072,1,131323,400544
spill,131072,1,131323,335480
spill,131072,1,131323,560358
spill,131072,1,131323,399029
spill,131072,1,131323,600398
spill,131072,1,131323,363777
spill,131072,1,131323,420963
spill,131072,1,131323,416560
spill,131072,1,131323,464305
spill,131072,1,131323,356019
spill,131072,1,131323,438235
spill,131072,1,131323,388664
spill,131072,1,131323,521613
spill,131072,1,131323,578414
spill,131072,1,131323,439970
spill,131072,1,131323,526554
spill,131072,1,131323,441785
spill,131072,1,131323,448216
spill,131072,1,131323,436720
spill,131072,1,131323,507144
spill,131072,1,131323,475925
spill,131072,1,131323,487526
spill,131072,1,131323,488873
spill,131072,2,262646,828228
spill,131072,1,131323,458608
spill,131072,1,131323,464890
spill,131072,1,131323,433431
spill,131072,1,131323,463241
spill,131072,1,131323,405232
spill,131072,1,131323,509854
spill,131072,1,131323,493378
spill,131072,1,131323,410098
spill,131072,1,131323,517605
spill,131072,1,131323,456460
spill,131072,1,131323,419173
spill,131072,2,262646,489811
spill,131072,1,131323,401160
spill,131072,2,262646,472258
spill,131072,1,131323,407749
spill,131072,2,262646,864539
spill,131072,3,393969,1168571
spill,131072,2,262646,1281135
spill,131072,1,131323,1264668
spill,131072,1,131323,811861
spill,131072,2,262646,778224
spill,131072,1,131323,558036
spill,131072,1,131323,388259
spill,131072,1,131323,1123412
spill,131072,1,131323,1360248
spill,131072,1,131323,922130
spill,131072,1,131323,1111428
spill,131072,1,131323,1043316
spill,131072,1,131323,1048314
spill,131072,1,131323,622602
spill,131072,2,262646,855910
spill,131072,1,131323,527620
spill,131072,2,262646,721047
spill,131072,2,262646,739167
spill,131072,2,262646,875665
spill,131072,1,131323,833687
spill,131072,1,131323,919258
spill,131072,2,262646,942147
spill,131072,1,131323,690830
spill,131072,1,131323,559952
spill,131072,2,262646,841988
spill,131072,2,262646,612635
spill,131072,1,131323,547648
spill,131072,2,262646,770797
spill,131072,1,131323,409712
spill,131072,1,131323,437135
spill,131072,2,262646,577206
spill,131072,2,262646,749546
spill,131072,1,131323,615292
spill,131072,1,131323,722493
spill,131072,4,525292,781092
spill,131072,1,131323,453114
spill,131072,1,131323,614948
spill,131072,1,131323,598102
spill,131072,1,131323,470996
spill,131072,1,131323,475960
spill,131072,1,131323,398505
spill,131072,1,131323,547908
spill,131072,1,131323,437360
spill,131072,1,131323,435911
spill,131072,1,131323,441250
spill,131072,1,131323,444298
spill,131072,1,131323,414297
spill,131072,1,131323,402466
spill,131072,2,262646,731091
spill,131072,1,131323,422687
spill,131072,1,131323,566210
spill,131072,2,262646,684916
spill,131072,1,131323,622910
spill,131072,1,131323,709365
spill,131072,1,131323,432331
spill,131072,2,262646,746608
spill,131072,1,131323,461361
spill,131072,1,131323,523500
spill,131072,1,131323,453039
spill,131072,1,131323,657163
spill,131072,2,262646,547569
spill,131072,1,131323,525475
spill,131072,1,131323,526776
spill,131072,1,131323,510565
spill,131072,1,131323,494076
spill,131072,1,131323,518160
spill,131072,1,131323,471563
spill,131072,1,131323,421649
spill,131072,1,131323,693989
spill,131072,1,131323,469738
spill,131072,1,131323,372887
spill,131072,1,131323,533345
spill,131072,1,131323,450623
spill,131072,1,131323,444049
spill,131072,2,262646,865810
spill,131072,1,131323,427993
spill,131072,2,262646,716549
spill,131072,1,131323,3667963
spill,131072,2,262646,789786
spill,131072,1,131323,590785
spill,131072,2,262646,715781
spill,131072,6,787938,1081815
spill,131072,1,131323,620487
spill,131072,1,131323,662774
spill,131072,1,131323,527255
spill,131072,1,131323,889537
spill,131072,1,131323,816125
spill,131072,1,131323,714928
spill,131072,2,262646,954236
spill,131072,2,262646,832225
spill,131072,1,131323,910330
spill,131072,3,393969,839682
spill,131072,2,262646,853005
spill,131072,2,262646,611389
spill,131072,2,262646,675948
spill,131072,1,131323,560180
spill,131072,1,131323,500372
spill,131072,2,262646,599064
spill,131072,1,131323,496446
spill,131072,1,131323,464634
spill,131072,2,262646,654956
spill,131072,1,131323,642456
spill,131072,1,131323,657651
spill,131072,1,131323,490894
spill,131072,1,131323,436756
spill,131072,1,131323,441751
spill,131072,1,131323,384771
spill,131072,1,131323,497066
spill,131072,2,262646,519865
spill,131072,1,131323,499154
spill,131072,2,262646,545037
spill,131072,1,131323,435672
spill,131072,1,131323,482428
spill,131072,1,131323,473209
spill,131072,1,131323,400978
spill,131072,1,131323,417091
spill,131072,1,131323,369775
spill,131072,1,131323,468568
spill,131072,1,131323,457576
spill,131072,1,131323,802925
spill,131072,1,131323,484119
spill,131072,1,131323,716381
spill,131072,1,131323,560676
spill,131072,1,131323,487866
spill,131072,1,131323,544450
spill,131072,1,131323,617495
spill,131072,1,131323,568248
spill,131072,1,131323,527655
spill,131072,2,262646,560710
spill,131072,1,131323,617121
spill,131072,1,131323,532982
spill,131072,1,131323,489374
spill,131072,1,131323,488315
spill,131072,2,262646,566930
spill,131072,1,131323,499441
spill,131072,1,131323,537622
spill,131072,1,131323,586699
spill,131072,1,131323,468787
spill,131072,1,131323,423254
spill,131072,1,131323,519266
spill,131072,1,131323,426256
spill,131072,1,131323,448680
spill,131072,1,131323,520014
spill,131072,1,131323,531287
spill,131072,1,131323,662088
spill,131072,2,262646,574930
spill,131072,1,131323,454922
spill,131072,1,131323,448498
spill,131072,1,131323,501022
spill,131072,1,131323,511471
spill,131072,1,131323,811507
spill,131072,1,131323,577105
spill,131072,2,262646,652054
spill,131072,1,131323,481969
spill,131072,1,131323,475180
spill,131072,2,262646,644524
spill,131072,1,131323,444344
spill,131072,1,131323,696490
spill,131072,1,131323,453502
spill,131072,2,262646,534210
spill,131072,1,131323,363365
spill,131072,2,262646,573413
spill,131072,1,131323,372861
spill,131072,1,131323,377299
spill,131072,1,131323,407213
spill,131072,1,131323,692179
spill,131072,1,131323,382771
spill,131072,1,131323,506664
spill,131072,1,131323,393297
spill,131072,1,131323,360047
spill,131072,1,131323,399113
spill,131072,2,262646,637748
spill,131072,1,131323,561695
spill,131072,1,131323,595775
spill,131072,1,131323,393261
spill,131072,1,131323,835061
spill,131072,1,131323,400967
spill,131072,1,131323,420876
spill,131072,2,262646,642527
spill,131072,1,131323,442295
spill,131072,1,131323,569028
spill,131072,1,131323,393490
spill,131072,1,131323,378315
spill,131072,2,262646,596570
spill,131072,1,131323,526773
spill,131072,1,131323,570349
spill,131072,1,131323,408760
spill,131072,1,131323,531938
spill,131072,1,131323,464761
spill,131072,2,262646,938477
spill,131072,1,131323,478605
spill,131072,2,262646,599711
spill,131072,1,131323,438211
spill,131072,1,131323,500064
spill,131072,2,262646,659962
spill,131072,1,131323,637441
spill,131072,1,131323,513581
spill,131072,2,262646,615721
spill,131072,1,131323,447373
spill,131072,2,262646,519414
spill,131072,3,393969,682950
spill,131072,1,131323,635655
spill,131072,1,131323,733955
spill,131072,1,131323,469909
spill,131072,2,262646,700633
spill,131072,1,131323,686959
spill,131072,1,131323,589201
spill,131072,1,131323,462011
spill,131072,1,131323,731350
spill,131072,1,131323,510373
spill,131072,1,131323,440066
spill,131072,1,131323,510965
spill,131072,2,262646,528393
spill,131072,1,131323,481370
spill,131072,1,131323,443626
spill,131072,1,131323,683856
spill,131072,1,131323,417934
spill,131072,2,262646,505111
spill,131072,1,131323,555259
spill,131072,1,131323,817095
spill,131072,1,131323,459835
spill,131072,1,131323,447989
spill,131072,1,131323,575454
spill,131072,1,131323,430190
spill,131072,1,131323,492579
spill,131072,1,131323,436740
spill,131072,1,131323,425279
spill,131072,1,131323,435649
spill,131072,1,131323,702634
spill,131072,1,131323,479279
spill,131072,1,131323,371227
spill,131072,1,131323,379805
spill,131072,1,131323,762064
spill,131072,2,262646,617858
spill,131072,1,131323,492957
spill,131072,1,131323,410960
spill,131072,1,131323,544485
spill,131072,1,131323,458415
spill,131072,1,131323,467894
spill,131072,1,131323,569105
spill,131072,1,131323,416347
spill,131072,1,131323,474993
spill,131072,1,131323,378340
spill,131072,2,262646,673446
spill,131072,1,131323,415182
spill,131072,2,262646,793793
spill,131072,1,131323,666892
spill,131072,1,131323,412818
spill,131072,1,131323,576828
spill,131072,1,131323,527076
spill,131072,1,131323,531938
spill,131072,1,131323,423477
spill,131072,2,262646,710271
spill,131072,1,131323,447917
spill,131072,1,131323,430333
spill,131072,1,131323,548612
spill,131072,1,131323,725495
spill,131072,1,131323,414884
spill,131072,1,131323,604832
spill,131072,1,131323,960173
spill,131072,1,131323,735903
spill,131072,4,525292,774634
spill,131072,2,262646,701278
spill,131072,1,131323,561367
spill,131072,1,131323,412881
spill,131072,4,525292,950186
spill,131072,4,525292,1145995
spill,131072,1,131323,1446637
spill,131072,1,131323,1157718
spill,131072,1,131323,795403
spill,131072,1,131323,464659
spill,131072,2,262646,602770
spill,131072,2,262646,663058
spill,131072,1,131323,630602
spill,131072,4,525292,824452
spill,131072,1,131323,606294
spill,131072,1,131323,692287
spill,131072,1,131323,511762
spill,131072,2,262646,1015398
spill,131072,3,393969,1255522
spill,131072,1,131323,938780
spill,131072,3,393969,705032
spill,131072,1,131323,768337
spill,131072,4,525292,1304823
spill,131072,3,393969,1016023
spill,131072,1,131323,636262
spill,131072,1,131323,654392
spill,131072,1,131323,654101
spill,131072,1,131323,815725
spill,131072,1,131323,784291
spill,131072,6,787938,1521380
spill,131072,1,131323,693649
spill,131072,2,262646,550324
spill,131072,2,262646,489040
spill,131072,1,131323,561888
spill,131072,1,131323,569831
spill,131072,1,131323,417761
spill,131072,2,262646,544218
spill,131072,2,262646,701949
spill,131072,1,131323,553366
spill,131072,1,131323,450602
spill,131072,1,131323,396458
spill,131072,1,131323,746717
spill,131072,1,131323,527929
spill,131072,1,131323,782644
spill,131072,1,131323,559737
spill,131072,1,131323,700678
spill,131072,1,131323,518116
spill,131072,1,131323,496137
spill,131072,1,131323,356149
spill,131072,1,131323,433674
spill,131072,1,131323,515812
spill,131072,4,525292,793940
spill,131072,3,393969,610148
spill,131072,2,262646,477036
spill,131072,2,262646,464027
spill,131072,1,131323,575846
spill,131072,2,262646,830771
spill,131072,1,131323,464480
spill,131072,1,131323,826300
spill,131072,2,262646,664677
spill,131072,1,131323,568545
spill,131072,1,131323,406870
spill,131072,8,1050584,990177
spill,131072,3,393969,589002
spill,131072,1,131323,849584
spill,131072,1,131323,871863
spill,131072,1,131323,592316
spill,131072,1,131323,452765
spill,131072,1,131323,475723
spill,131072,2,262646,873859
spill,131072,3,393969,612035
spill,131072,2,262646,644541
spill,131072,1,131323,491786
spill,131072,1,131323,570849
spill,131072,1,131323,380611
spill,131072,3,393969,661452
spill,131072,1,131323,823162
spill,131072,1,131323,514678
spill,131072,1,131323,626424
spill,131072,2,262646,1014575
spill,131072,2,262646,1154876
spill,131072,2,262646,1071565
spill,131072,1,131323,831783
spill,131072,3,393969,979124
spill,131072,2,262646,523285
spill,131072,1,131323,507271
spill,131072,4,525292,918395
spill,131072,1,131323,407065
spill,131072,1,131323,744322
spill,131072,2,262646,973162
spill,131072,2,262646,1043827
spill,131072,1,131323,861851
spill,131072,1917,251746191,164927451
spill,131072,1,131323,13618058
spill,262144,1,262395,2625351
spill,262144,1,262395,2783360
spill,262144,6,1574370,2132109
spill,262144,2,524790,1740229
spill,262144,7,1836765,2256027
spill,262144,1,262395,922958
spill,262144,1,262395,899022
spill,262144,1,262395,489025
spill,262144,1,262395,857048
spill,262144,2,524790,680505
spill,262144,1,262395,1086540
spill,262144,1,262395,754096
spill,262144,1,262395,1234053
spill,262144,3,787185,1258197
spill,262144,1,262395,693692
spill,262144,1,262395,697395
spill,262144,1,262395,733058
spill,262144,3,787185,1251497
spill,262144,1,262395,607216
spill,262144,1,262395,1073340
spill,262144,1,262395,1504431
spill,262144,2,524790,1275884
spill,262144,2,524790,810630
spill,262144,1,262395,543299
spill,262144,1,262395,798471
spill,262144,1,262395,486855
spill,262144,1,262395,712190
spill,262144,2,524790,762667
spill,262144,1,262395,785065
spill,262144,1,262395,496072
spill,262144,1,262395,834816
spill,262144,1,262395,848225
spill,262144,1,262395,501864
spill,262144,3,787185,1028430
spill,262144,1,262395,586797
spill,262144,1,262395,889185
spill,262144,2,524790,807757
spill,262144,1,262395,519791
spill,262144,1,262395,872030
spill,262144,1,262395,823360
spill,262144,1,262395,849481
spill,262144,2,524790,689796
spill,262144,1,262395,601659
spill,262144,2,524790,656376
spill,262144,2,524790,948037
spill,262144,2,524790,646051
spill,262144,1,262395,678480
spill,262144,1,262395,542980
spill,262144,1,262395,521507
spill,262144,1,262395,695972
spill,262144,1,262395,573801
spill,262144,1,262395,828759
spill,262144,1,262395,494765
spill,262144,1,262395,474504
spill,262144,1,262395,789983
spill,262144,2,524790,663097
spill,262144,2,524790,909205
spill,262144,1,262395,737496
spill,262144,1,262395,625887
spill,262144,2,524790,1202793
spill,262144,1,262395,677014
spill,262144,1,262395,797221
spill,262144,1,262395,496946
spill,262144,1,262395,546785
spill,262144,1,262395,811672
spill,262144,1,262395,441426
spill,262144,1,262395,482699
spill,262144,3,787185,1228488
spill,262144,3,787185,832620
spill,262144,2,524790,922335
spill,262144,1,262395,547611
spill,262144,1,262395,934764
spill,262144,2,524790,1241473
spill,262144,1,262395,797203
spill,262144,1,262395,959377
spill,262144,1,262395,1763697
spill,262144,1,262395,867712
spill,262144,1,262395,863964
spill,262144,1,262395,830806
spill,262144,1,262395,738362
spill,262144,1,262395,645952
spill,262144,1,262395,843182
spill,262144,1,262395,687185
spill,262144,1,262395,1001633
spill,262144,1,262395,1081616
spill,262144,2,524790,1068688
spill,262144,1,262395,663512
spill,262144,2,524790,902387
spill,262144,1,262395,797570
spill,262144,1,262395,532305
spill,262144,2,524790,781173
spill,262144,1,262395,649183
spill,262144,3,787185,1354119
spill,262144,1,262395,564515
spill,262144,1,262395,562575
spill,262144,1,262395,730528
spill,262144,1,262395,618356
spill,262144,1,262395,619567
spill,262144,1,262395,868260
spill,262144,1,262395,692243
spill,262144,1,262395,740786
spill,262144,1,262395,962178
spill,262144,1,262395,1005085
spill,262144,1,262395,1376900
spill,262144,2,524790,650076
spill,262144,1,262395,694489
spill,262144,2,524790,1018658
spill,262144,1,262395,660575
spill,262144,1,262395,474793
spill,262144,2,524790,1024050
spill,262144,2,524790,762212
spill,262144,2,524790,791369
spill,262144,1,262395,747867
spill,262144,1,262395,961870
spill,262144,2,524790,888045
spill,262144,1,262395,717831
spill,262144,1,262395,976697
spill,262144,3,787185,953313
spill,262144,2,524790,959743
spill,262144,1,262395,829992
spill,262144,1,262395,675121
spill,262144,1,262395,669848
spill,262144,1,262395,495130
spill,262144,1,262395,868466
spill,262144,1,262395,421664
spill,262144,2,524790,896636
spill,262144,2,524790,962904
spill,262144,1,262395,626011
spill,262144,2,524790,870828
spill,262144,1,262395,476626
spill,262144,1,262395,767293
spill,262144,2,524790,1251653
spill,262144,3,787185,1091119
spill,262144,2,524790,954274
spill,262144,2,524790,1013049
spill,262144,1,262395,700175
spill,262144,1,262395,615271
spill,262144,1,262395,713695
spill,262144,1,262395,621899
spill,262144,3,787185,930852
spill,262144,1,262395,893877
spill,262144,2,524790,1224911
spill,262144,1,262395,952278
spill,262144,1,262395,699266
spill,262144,1,262395,722205
spill,262144,1,262395,1126134
spill,262144,1,262395,645146
spill,262144,1,262395,808298
spill,262144,1,262395,1388550
spill,262144,2,524790,1632460
spill,262144,1,262395,1307024
spill,262144,1,262395,887862
spill,262144,1,262395,1042319
spill,262144,2,524790,1117705
spill,262144,2,524790,1358672
spill,262144,1,262395,971025
spill,262144,2,524790,1409507
spill,262144,1,262395,919962
spill,262144,3,787185,1160468
spill,262144,2,524790,1227555
spill,262144,1,262395,681835
spill,262144,1,262395,723965
spill,262144,1,262395,785341
spill,262144,1,262395,705919
spill,262144,1,262395,757356
spill,262144,2,524790,873231
spill,262144,1,262395,939858
spill,262144,1,262395,1476463
spill,262144,1,262395,783605
spill,262144,1,262395,648440
spill,262144,1,262395,875553
spill,262144,2,524790,808408
spill,262144,1,262395,883061
spill,262144,1,262395,735008
spill,262144,1,262395,589636
spill,262144,2,524790,761912
spill,262144,1,262395,673531
spill,262144,2,524790,828741
spill,262144,1,262395,701395
spill,262144,1,262395,991555
spill,262144,1,262395,886942
spill,262144,1,262395,774680
spill,262144,1,262395,850374
spill,262144,1,262395,870965
spill,262144,3,787185,1502089
spill,262144,1,262395,630338
spill,262144,1,262395,992078
spill,262144,1,262395,843316
spill,262144,1,262395,669201
spill,262144,1,262395,693157
spill,262144,1,262395,710296
spill,262144,2,524790,782476
spill,262144,1,262395,754408
spill,262144,1,262395,878452
spill,262144,1,262395,867253
spill,262144,1,262395,687747
spill,262144,1,262395,676563
spill,262144,1,262395,664463
spill,262144,2,524790,815500
spill,262144,1,262395,740023
spill,262144,1,262395,742390
spill,262144,2,524790,825650
spill,262144,1,262395,897296
spill,262144,2,524790,813216
spill,262144,1,262395,680252
spill,262144,1,262395,690114
spill,262144,2,524790,820576
spill,262144,2,524790,880315
spill,262144,1,262395,989458
spill,262144,1,262395,972671
spill,262144,1,262395,885797
spill,262144,1,262395,530914
spill,262144,2,524790,809275
spill,262144,2,524790,1070494
spill,262144,1,262395,531001
spill,262144,1,262395,521021
spill,262144,1,262395,501272
spill,262144,2,524790,986302
spill,262144,2,524790,792754
spill,262144,1,262395,557431
spill,262144,1,262395,729339
spill,262144,1,262395,604652
spill,262144,3,787185,1061683
spill,262144,1,262395,930686
spill,262144,2,524790,1153520
spill,262144,1,262395,1063727
spill,262144,1,262395,1019125
spill,262144,1,262395,808591
spill,262144,1,262395,1344576
spill,262144,2,524790,2028215
spill,262144,1,262395,2037439
spill,262144,1,262395,1546796
spill,262144,1,262395,1174688
spill,262144,1,262395,1096806
spill,262144,1,262395,856123
spill,262144,1,262395,822903
spill,262144,2,524790,934580
spill,262144,1,262395,795153
spill,262144,1,262395,734290
spill,262144,1,262395,718119
spill,262144,1,262395,818538
spill,262144,1,262395,678433
spill,262144,1,262395,689563
spill,262144,1,262395,543152
spill,262144,1,262395,733000
spill,262144,2,524790,734376
spill,262144,1,262395,655137
spill,262144,1,262395,732183
spill,262144,1,262395,974658
spill,262144,1,262395,1090609
spill,262144,2,524790,1780568
spill,262144,2,524790,1145515
spill,262144,1,262395,586409
spill,262144,1,262395,889896
spill,262144,1,262395,551735
spill,262144,3,787185,1042253
spill,262144,1,262395,926340
spill,262144,1,262395,760206
spill,262144,1,262395,855890
spill,262144,2,524790,1201921
spill,262144,1,262395,747027
spill,262144,1,262395,1064544
spill,262144,1,262395,627112
spill,262144,1,262395,870768
spill,262144,2,524790,1170083
spill,262144,1,262395,806909
spill,262144,1,262395,770317
spill,262144,1,262395,790376
spill,262144,1,262395,624128
spill,262144,1,262395,606284
spill,262144,2,524790,791708
spill,262144,2,524790,776550
spill,262144,2,524790,759547
spill,262144,2,524790,1142259
spill,262144,1,262395,801140
spill,262144,1,262395,739534
spill,262144,1,262395,1180434
spill,262144,3,787185,1492002
spill,262144,1,262395,932315
spill,262144,1,262395,883411
spill,262144,1,262395,536338
spill,262144,2,524790,729434
spill,262144,1,262395,963615
spill,262144,2,524790,812109
spill,262144,1,262395,692578
spill,262144,2,524790,1295610
spill,262144,2,524790,1305084
spill,262144,2,524790,1680850
spill,262144,2,524790,1454980
spill,262144,1,262395,887294
spill,262144,2,524790,1199035
spill,262144,1,262395,904527
spill,262144,1,262395,887528
spill,262144,2,524790,978077
spill,262144,1,262395,470610
spill,262144,1,262395,949982
spill,262144,1,262395,744358
spill,262144,1,262395,836131
spill,262144,1,262395,967037
spill,262144,1,262395,910649
spill,262144,1,262395,740035
spill,262144,2,524790,695479
spill,262144,1,262395,781067
spill,262144,1,262395,1179328
spill,262144,1,262395,547541
spill,262144,1,262395,944584
spill,262144,1,262395,692945
spill,262144,1,262395,538666
spill,262144,1,262395,558162
spill,262144,1,262395,772999
spill,262144,1,262395,647326
spill,262144,1,262395,1341626
spill,262144,1,262395,1474909
spill,262144,2,524790,1401270
spill,262144,1,262395,1651813
spill,262144,2,524790,1354837
spill,262144,1,262395,1542772
spill,262144,1,262395,1018563
spill,262144,2,524790,957068
spill,262144,2,524790,1722176
spill,262144,1,262395,1143173
spill,262144,2,524790,1838048
spill,262144,1,262395,1613383
spill,262144,2,524790,1415556
spill,262144,2,524790,1738184
spill,262144,1,262395,966547
spill,262144,1,262395,1350125
spill,262144,1,262395,974383
spill,262144,2,524790,1316613
spill,262144,2,524790,1246175
spill,262144,1,262395,1319378
spill,262144,3,787185,1409264
spill,262144,1,262395,1202020
spill,262144,1,262395,1080188
spill,262144,2,524790,1114056
spill,262144,1,262395,1121758
spill,262144,1,262395,857994
spill,262144,1,262395,895764
spill,262144,1,262395,1824986
spill,262144,1,262395,1885266
spill,262144,2,524790,1529829
spill,262144,1,262395,695870
spill,262144,1,262395,964942
spill,262144,1,262395,758430
spill,262144,2,524790,1120596
spill,262144,1,262395,1079668
spill,262144,3,787185,1419067
spill,262144,2,524790,1773567
spill,262144,2,524790,1011869
spill,262144,1,262395,655844
spill,262144,1,262395,1130105
spill,262144,1,262395,634540
spill,262144,1,262395,943020
spill,262144,1,262395,606802
spill,262144,1,262395,695771
spill,262144,2,524790,1032765
spill,262144,1,262395,573479
spill,262144,1,262395,801089
spill,262144,1,262395,796249
spill,262144,1,262395,511039
spill,262144,2,524790,721465
spill,262144,2,524790,757791
spill,262144,1,262395,593779
spill,262144,2,524790,928306
spill,262144,1,262395,630276
spill,262144,2,524790,1269120
spill,262144,1,262395,725073
spill,262144,2,524790,1008956
spill,262144,1,262395,1015289
spill,262144,2,524790,1056291
spill,262144,2,524790,1147614
spill,262144,1,262395,936799
spill,262144,1,262395,661801
spill,262144,2,524790,1317396
spill,262144,1,262395,737095
spill,262144,3,787185,1829913
spill,262144,1,262395,968927
spill,262144,1,262395,1187458
spill,262144,1,262395,904937
spill,262144,2,524790,1424475
spill,262144,1,262395,1331742
spill,262144,1,262395,1017228
spill,262144,1,262395,971438
spill,262144,3,787185,1186359
spill,262144,1,262395,1016846
spill,262144,2,524790,1296846
spill,262144,5,1311975,2126615
spill,262144,1,262395,926221
spill,262144,1,262395,963655
spill,262144,2,524790,1215042
spill,262144,2,524790,1188538
spill,262144,3,787185,1572603
spill,262144,1,262395,854422
spill,262144,4,1049580,1596299
spill,262144,1,262395,1186138
spill,262144,4,1049580,1677105
spill,262144,3,787185,2008413
spill,262144,4,1049580,1989835
spill,262144,2,524790,966152
spill,262144,1,262395,974766
spill,262144,4,1049580,1651147
spill,262144,3,787185,1342079
spill,262144,1,262395,1115438
spill,262144,1,262395,1070687
spill,262144,2,524790,1337046
spill,262144,1,262395,1180091
spill,262144,1,262395,1056090
spill,262144,2,524790,1118974
spill,262144,1,262395,1079214
spill,262144,1,262395,1385648
spill,262144,1,262395,925421
spill,262144,3,787185,1381762
spill,262144,2,524790,1718512
spill,262144,3,787185,1785381
spill,262144,2,524790,1441216
spill,262144,1,262395,1836533
spill,262144,2,524790,1572615
spill,262144,1,262395,1106367
spill,262144,2,524790,1115289
spill,262144,3,787185,1823488
spill,262144,2,524790,1605753
spill,262144,1,262395,1103609
spill,262144,1,262395,1227203
spill,262144,2,524790,1233957
spill,262144,1,262395,1024847
spill,262144,2,524790,1003887
spill,262144,2,524790,1161578
spill,262144,1,262395,926243
spill,262144,2,524790,765278
spill,262144,1,262395,781528
spill,262144,2,524790,1054165
spill,262144,2,524790,911182
spill,262144,1,262395,812956
spill,262144,2,524790,1126884
spill,262144,2,524790,713877
spill,262144,1,262395,1050074
spill,262144,1,262395,1026005
spill,262144,3,787185,1405012
spill,262144,2,524790,993311
spill,262144,1,262395,707577
spill,262144,2,524790,1002562
spill,262144,3,787185,1238616
spill,262144,1,262395,682565
spill,262144,1,262395,764353
spill,262144,1,262395,653599
spill,262144,2,524790,746043
spill,262144,2,524790,1384144
spill,262144,1,262395,655591
spill,262144,1,262395,695547
spill,262144,1,262395,630334
spill,262144,2,524790,722371
spill,262144,4,1049580,1323135
spill,262144,2,524790,765742
spill,262144,1,262395,695300
spill,262144,1,262395,548253
spill,262144,2,524790,936665
spill,262144,2,524790,885628
spill,262144,2,524790,727829
spill,262144,1,262395,775527
spill,262144,1,262395,898153
spill,262144,2,524790,1100150
spill,262144,1,262395,1968238
spill,262144,2,524790,1698614
spill,262144,4,1049580,2273541
spill,262144,1,262395,640850
spill,262144,1,262395,817440
spill,262144,2,524790,939190
spill,262144,1,262395,657515
spill,262144,1,262395,994209
spill,262144,1,262395,1253297
spill,262144,2,524790,952893
spill,262144,2,524790,967132
spill,262144,1,262395,1065405
spill,262144,1,262395,1006378
spill,262144,2,524790,916331
spill,262144,1,262395,890290
spill,262144,1,262395,697435
spill,262144,1,262395,567577
spill,262144,2,524790,759022
spill,262144,1,262395,917391
spill,262144,1,262395,755046
spill,262144,3,787185,1206040
spill,262144,2,524790,923305
spill,262144,1,262395,563585
spill,262144,1,262395,766677
spill,262144,1,262395,900459
spill,262144,1,262395,571178
spill,262144,3,787185,1024259
spill,262144,1,262395,836738
spill,262144,1,262395,899048
spill,262144,959,251636805,177076836
spill,262144,2,524790,6894084
spill,262144,1,262395,6996325
spill,262144,1,262395,6944850
spill,262144,2,524790,6836190
spill,262144,1,262395,2488900
spill,262144,2,524790,2047810
spill,262144,3,787185,2199197
spill,262144,2,524790,2075833
spill,262144,1,262395,957866
spill,262144,1,262395,948772
spill,262144,1,262395,925962
spill,262144,1,262395,541991
spill,262144,2,524790,1285180
spill,262144,2,524790,822610
spill,262144,2,524790,888278
spill,262144,1,262395,590182
spill,262144,2,524790,785439
spill,262144,1,262395,1185706
spill,262144,1,262395,1323600
spill,262144,1,262395,1545173
spill,262144,4,1049580,1639309
spill,262144,1,262395,1369676
spill,262144,1,262395,1709616
spill,262144,4,1049580,1815874
spill,262144,2,524790,850047
spill,262144,1,262395,1109318
spill,262144,1,262395,1089136
spill,262144,1,262395,1013048
spill,262144,1,262395,769214
spill,262144,2,524790,940637
spill,262144,4,1049580,1799682
spill,262144,1,262395,814733
spill,262144,1,262395,751075
spill,262144,1,262395,1214959
spill,262144,1,262395,674120
spill,262144,2,524790,1091744
spill,262144,1,262395,624694
spill,262144,1,262395,662625
spill,262144,1,262395,708129
spill,262144,1,262395,939623
spill,262144,1,262395,1115417
spill,262144,3,787185,1607650
spill,262144,1,262395,979085
spill,262144,3,787185,1169691
spill,262144,1,262395,725968
spill,262144,2,524790,1155318
spill,262144,1,262395,568238
spill,262144,1,262395,1128164
spill,262144,2,524790,1296756
spill,262144,2,524790,1018026
spill,262144,2,524790,1390710
spill,262144,4,1049580,2222511
spill,262144,2,524790,1707607
spill,262144,1,262395,1091405
spill,262144,1,262395,926899
spill,262144,3,787185,1496878
spill,262144,1,262395,1160577
spill,262144,1,262395,1054790
spill,262144,1,262395,1484828
spill,262144,1,262395,1039626
spill,262144,1,262395,1027301
spill,262144,1,262395,1318476
spill,262144,1,262395,1302644
spill,262144,1,262395,1086695
spill,262144,1,262395,1968926
spill,262144,1,262395,1453877
spill,262144,3,787185,1401744
spill,262144,1,262395,1098619
spill,262144,1,262395,644804
spill,262144,1,262395,889905
spill,262144,2,524790,879189
spill,262144,2,524790,1172714
spill,262144,1,262395,1032102
spill,262144,1,262395,1343370
spill,262144,2,524790,969099
spill,262144,2,524790,851123
spill,262144,1,262395,700092
spill,262144,1,262395,514064
spill,262144,2,524790,1018126
spill,262144,2,524790,1327237
spill,262144,1,262395,1241190
spill,262144,1,262395,1010086
spill,262144,1,262395,825937
spill,262144,1,262395,1323655
spill,262144,1,262395,1036421
spill,262144,1,262395,1248857
spill,262144,1,262395,809336
spill,262144,3,787185,1186609
spill,262144,1,262395,965652
spill,262144,1,262395,1059352
spill,262144,1,262395,959795
spill,262144,2,524790,1103658
spill,262144,1,262395,1298331
spill,262144,1,262395,1246759
spill,262144,2,524790,1471745
spill,262144,1,262395,1248101
spill,262144,1,262395,1233957
spill,262144,1,262395,1175905
spill,262144,2,524790,1255815
spill,262144,1,262395,712871
spill,262144,1,262395,687653
spill,262144,1,262395,1682929
spill,262144,1,262395,956229
spill,262144,1,262395,580759
spill,262144,2,524790,1037726
spill,262144,3,787185,1200900
spill,262144,2,524790,800036
spill,262144,2,524790,835420
spill,262144,1,262395,762917
spill,262144,2,524790,784355
spill,262144,1,262395,659503
spill,262144,1,262395,681700
spill,262144,1,262395,628818
spill,262144,1,262395,545284
spill,262144,3,787185,1063205
spill,262144,1,262395,611876
spill,262144,1,262395,739717
spill,262144,2,524790,682326
spill,262144,1,262395,525597
spill,262144,2,524790,1047053
spill,262144,1,262395,1128250
spill,262144,1,262395,1210220
spill,262144,1,262395,1153540
spill,262144,1,262395,851041
spill,262144,1,262395,693037
spill,262144,1,262395,843237
spill,262144,1,262395,1083540
spill,262144,1,262395,722946
spill,262144,1,262395,529061
spill,262144,2,524790,1008287
spill,262144,1,262395,1969978
spill,262144,3,787185,1528979
spill,262144,2,524790,972401
spill,262144,3,787185,1296344
spill,262144,1,262395,787753
spill,262144,2,524790,1061034
spill,262144,1,262395,840686
spill,262144,1,262395,1178793
spill,262144,1,262395,642381
spill,262144,1,262395,658940
spill,262144,1,262395,1121326
spill,262144,1,262395,1065346
spill,262144,2,524790,962778
spill,262144,1,262395,847735
spill,262144,4,1049580,1338383
spill,262144,2,524790,813181
spill,262144,2,524790,1015033
spill,262144,1,262395,1020921
spill,262144,2,524790,883239
spill,262144,1,262395,922997
spill,262144,2,524790,1068590
spill,262144,1,262395,678277
spill,262144,3,787185,968821
spill,262144,1,262395,888321
spill,262144,1,262395,822852
spill,262144,2,524790,786285
spill,262144,1,262395,564005
spill,262144,1,262395,475043
spill,262144,1,262395,564695
spill,262144,1,262395,1030179
spill,262144,2,524790,907373
spill,262144,1,262395,539577
spill,262144,1,262395,538615
spill,262144,1,262395,601812
spill,262144,1,262395,663149
spill,262144,2,524790,887159
spill,262144,2,524790,953350
spill,262144,1,262395,1038919
spill,262144,1,262395,1728781
spill,262144,1,262395,1093032
spill,262144,1,262395,793325
spill,262144,1,262395,618919
spill,262144,1,262395,623997
spill,262144,2,524790,1092869
spill,262144,2,524790,689043
spill,262144,1,262395,793480
spill,262144,1,262395,599225
spill,262144,1,262395,869459
spill,262144,3,787185,890137
spill,262144,2,524790,793198
spill,262144,2,524790,818296
spill,262144,1,262395,776621
spill,262144,2,524790,963318
spill,262144,1,262395,822001
spill,262144,1,262395,821155
spill,262144,1,262395,543154
spill,262144,2,524790,988472
spill,262144,1,262395,493837
spill,262144,2,524790,718150
spill,262144,1,262395,663931
spill,262144,1,262395,667817
spill,262144,1,262395,612921
spill,262144,1,262395,793537
spill,262144,1,262395,944066
spill,262144,1,262395,485601
spill,262144,2,524790,755320
spill,262144,1,262395,603947
spill,262144,1,262395,515894
spill,262144,1,262395,469802
spill,262144,1,262395,614298
spill,262144,1,262395,528598
spill,262144,1,262395,491980
spill,262144,1,262395,532546
spill,262144,2,524790,725027
spill,262144,1,262395,628607
spill,262144,1,262395,529500
spill,262144,2,524790,774221
spill,262144,1,262395,813507
spill,262144,1,262395,701312
spill,262144,1,262395,771081
spill,262144,1,262395,939159
spill,262144,1,262395,797217
spill,262144,1,262395,808725
spill,262144,2,524790,976339
spill,262144,1,262395,1280156
spill,262144,1,262395,1103534
spill,262144,2,524790,1005433
spill,262144,1,262395,1266972
spill,262144,1,262395,932744
spill,262144,1,262395,521214
spill,262144,2,524790,1450109
spill,262144,2,524790,832146
spill,262144,1,262395,1386323
spill,262144,1,262395,1012113
spill,262144,1,262395,1180579
spill,262144,1,262395,822871
spill,262144,1,262395,1207404
spill,262144,2,524790,921810
spill,262144,1,262395,548686
spill,262144,3,787185,1143884
spill,262144,1,262395,575183
spill,262144,3,787185,1475310
spill,262144,2,524790,1235934
spill,262144,1,262395,1012630
spill,262144,2,524790,928340
spill,262144,1,262395,1018921
spill,262144,1,262395,786004
spill,262144,1,262395,529133
spill,262144,4,1049580,1322228
spill,262144,1,262395,1155229
spill,262144,2,524790,912670
spill,262144,1,262395,1054054
spill,262144,1,262395,984263
spill,262144,1,262395,1046398
spill,262144,1,262395,1015276
spill,262144,4,1049580,1740110
spill,262144,4,1049580,1427188
spill,262144,2,524790,1032056
spill,262144,2,524790,944662
spill,262144,1,262395,822068
spill,262144,2,524790,1122327
spill,262144,2,524790,809120
spill,262144,1,262395,882997
spill,262144,1,262395,522319
spill,262144,1,262395,559540
spill,262144,2,524790,962597
spill,262144,1,262395,715687
spill,262144,2,524790,974714
spill,262144,1,262395,608417
spill,262144,1,262395,1273382
spill,262144,2,524790,1409901
spill,262144,1,262395,1024870
spill,262144,1,262395,1265917
spill,262144,3,787185,1540346
spill,262144,1,262395,1119521
spill,262144,1,262395,925312
spill,262144,3,787185,930142
spill,262144,2,524790,1158174
spill,262144,1,262395,604437
spill,262144,1,262395,736410
spill,262144,3,787185,1467557
spill,262144,1,262395,1012822
spill,262144,1,262395,771322
spill,262144,2,524790,803936
spill,262144,1,262395,679844
spill,262144,3,787185,1163629
spill,262144,2,524790,913403
spill,262144,2,524790,1029675
spill,262144,1,262395,754372
spill,262144,2,524790,1245107
spill,262144,1,262395,754660
spill,262144,1,262395,1159048
spill,262144,2,524790,1211078
spill,262144,1,262395,663908
spill,262144,2,524790,1739030
spill,262144,2,524790,1978902
spill,262144,2,524790,2406976
spill,262144,2,524790,875042
spill,262144,3,787185,1738782
spill,262144,3,787185,1220096
spill,262144,2,524790,998990
spill,262144,2,524790,912404
spill,262144,1,262395,775634
spill,262144,1,262395,1098806
spill,262144,3,787185,1717494
spill,262144,1,262395,1209343
spill,262144,1,262395,762312
spill,262144,2,524790,941915
spill,262144,1,262395,1160119
spill,262144,1,262395,1342657
spill,262144,1,262395,751687
spill,262144,2,524790,948489
spill,262144,3,787185,1220092
spill,262144,2,524790,884298
spill,262144,1,262395,1278209
spill,262144,1,262395,1191989
spill,262144,2,524790,1938532
spill,262144,2,524790,951510
spill,262144,2,524790,1302117
spill,262144,1,262395,847973
spill,262144,2,524790,826001
spill,262144,1,262395,672834
spill,262144,2,524790,1606179
spill,262144,3,787185,1260585
spill,262144,6,1574370,1434725
spill,262144,1,262395,692427
spill,262144,2,524790,978814
spill,262144,1,262395,487911
spill,262144,1,262395,688563
spill,262144,1,262395,585579
spill,262144,1,262395,524082
spill,262144,2,524790,981617
spill,262144,1,262395,783071
spill,262144,2,524790,880502
spill,262144,1,262395,690299
spill,262144,2,524790,875953
spill,262144,1,262395,604504
spill,262144,2,524790,715943
spill,262144,1,262395,542994
spill,262144,1,262395,800330
spill,262144,1,262395,491368
spill,262144,1,262395,559932
spill,262144,1,262395,662902
spill,262144,1,262395,583176
spill,262144,1,262395,852828
spill,262144,2,524790,717912
spill,262144,1,262395,789955
spill,262144,2,524790,646090
spill,262144,959,251636805,147950682
spill,262144,2,524790,6537285
spill,262144,1,262395,6343867
spill,262144,1,262395,6614313
spill,262144,4,1049580,2001162
spill,262144,4,1049580,2275760
spill,262144,3,787185,1766293
spill,262144,4,1049580,1945786
spill,262144,2,524790,1351037
spill,262144,2,524790,1666694
spill,262144,1,262395,986733
spill,262144,2,524790,1704918
spill,262144,1,262395,729849
spill,262144,1,262395,919778
spill,262144,2,524790,1000127
spill,262144,3,787185,1436587
spill,262144,2,524790,1128919
spill,262144,1,262395,1683924
spill,262144,3,787185,1740488
spill,262144,1,262395,1028804
spill,262144,2,524790,902224
spill,262144,1,262395,962878
spill,262144,3,787185,1359009
spill,262144,2,524790,1102587
spill,262144,1,262395,1213976
spill,262144,2,524790,2099288
spill,262144,1,262395,1379779
spill,262144,1,262395,751098
spill,262144,1,262395,1238461
spill,262144,5,1311975,2448685
spill,262144,1,262395,1355197
spill,262144,3,787185,1821220
spill,262144,1,262395,1680447
spill,262144,2,524790,1465315
spill,262144,2,524790,1726271
spill,262144,3,787185,1390984
spill,262144,1,262395,1500432
spill,262144,3,787185,1598842
spill,262144,2,524790,1318002
spill,262144,1,262395,1183830
spill,262144,1,262395,1136223
spill,262144,1,262395,1420238
spill,262144,1,262395,702328
spill,262144,3,787185,1821844
spill,262144,1,262395,1181474
spill,262144,3,787185,1947350
spill,262144,1,262395,1481324
spill,262144,2,524790,1517854
spill,262144,1,262395,900330
spill,262144,1,262395,1101572
spill,262144,2,524790,1085482
spill,262144,1,262395,1003023
spill,262144,1,262395,932512
spill,262144,1,262395,704828
spill,262144,1,262395,1144185
spill,262144,1,262395,920776
spill,262144,1,262395,1085363
spill,262144,1,262395,902744
spill,262144,2,524790,1277188
spill,262144,6,1574370,2958248
spill,262144,3,787185,1278298
spill,262144,1,262395,794317
spill,262144,1,262395,1048134
spill,262144,3,787185,1071711
spill,262144,2,524790,1603707
spill,262144,1,262395,1267699
spill,262144,1,262395,1158526
spill,262144,1,262395,1414580
spill,262144,1,262395,1250238
spill,262144,1,262395,896764
spill,262144,1,262395,1398160
spill,262144,2,524790,1666940
spill,262144,5,1311975,2467046
spill,262144,2,524790,1371236
spill,262144,1,262395,1261860
spill,262144,1,262395,1115846
spill,262144,2,524790,1237818
spill,262144,1,262395,714381
spill,262144,2,524790,1458279
spill,262144,3,787185,1688033
spill,262144,1,262395,1817855
spill,262144,3,787185,2264819
spill,262144,2,524790,1292496
spill,262144,2,524790,1158340
spill,262144,4,1049580,1973665
spill,262144,5,1311975,1946149
spill,262144,1,262395,1344581
spill,262144,2,524790,1027258
spill,262144,2,524790,1215205
spill,262144,2,524790,982152
spill,262144,1,262395,870710
spill,262144,2,524790,1199934
spill,262144,2,524790,1670323
spill,262144,3,787185,1604681
spill,262144,1,262395,1297160
spill,262144,1,262395,1363886
spill,262144,1,262395,1058851
spill,262144,1,262395,1168901
spill,262144,1,262395,768969
spill,262144,2,524790,1359844
spill,262144,1,262395,1048330
spill,262144,1,262395,1272085
spill,262144,1,262395,1463715
spill,262144,1,262395,1560424
spill,262144,1,262395,1564329
spill,262144,1,262395,1726822
spill,262144,1,262395,2231211
spill,262144,2,524790,1449809
spill,262144,1,262395,1492323
spill,262144,2,524790,1912279
spill,262144,1,262395,1520821
spill,262144,2,524790,1714100
spill,262144,1,262395,1381046
spill,262144,1,262395,1240719
spill,262144,1,262395,1241726
spill,262144,1,262395,1868366
spill,262144,1,262395,1670473
spill,262144,1,262395,1484402
spill,262144,1,262395,2014291
spill,262144,3,787185,2415615
spill,262144,1,262395,1256882
spill,262144,1,262395,1318479
spill,262144,2,524790,1778534
spill,262144,4,1049580,2315413
spill,262144,1,262395,2143754
spill,262144,2,524790,1263663
spill,262144,1,262395,1066165
spill,262144,1,262395,859711
spill,262144,1,262395,859323
spill,262144,1,262395,909174
spill,262144,3,787185,1386425
spill,262144,1,262395,1033309
spill,262144,2,524790,1010389
spill,262144,2,524790,1134515
spill,262144,2,524790,1142677
spill,262144,2,524790,1138196
spill,262144,1,262395,724332
spill,262144,2,524790,1212077
spill,262144,2,524790,1318583
spill,262144,1,262395,1318799
spill,262144,1,262395,1034146
spill,262144,2,524790,1237280
spill,262144,1,262395,779180
spill,262144,2,524790,1545105
spill,262144,1,262395,728809
spill,262144,2,524790,1232600
spill,262144,1,262395,1055383
spill,262144,3,787185,1623878
spill,262144,1,262395,1354982
spill,262144,3,787185,1592296
spill,262144,1,262395,966597
spill,262144,1,262395,902678
spill,262144,1,262395,684309
spill,262144,3,787185,1511614
spill,262144,1,262395,968201
spill,262144,7,1836765,2379945
spill,262144,2,524790,1100092
spill,262144,2,524790,1295612
spill,262144,1,262395,1057681
spill,262144,4,1049580,2036824
spill,262144,1,262395,1157503
spill,262144,3,787185,1813499
spill,262144,1,262395,1328807
spill,262144,2,524790,1273771
spill,262144,1,262395,599221
spill,262144,2,524790,1227947
spill,262144,1,262395,1314547
spill,262144,1,262395,1514567
spill,262144,4,1049580,1876903
spill,262144,1,262395,1561178
spill,262144,1,262395,1323898
spill,262144,1,262395,1115271
spill,262144,3,787185,1643416
spill,262144,1,262395,1359402
spill,262144,3,787185,1544084
spill,262144,3,787185,1514339
spill,262144,1,262395,1093827
spill,262144,2,524790,1092848
spill,262144,1,262395,918061
spill,262144,1,262395,875224
spill,262144,3,787185,1232300
spill,262144,2,524790,1338752
spill,262144,2,524790,1443187
spill,262144,1,262395,1511061
spill,262144,1,262395,1201224
spill,262144,1,262395,1616163
spill,262144,2,524790,1173316
spill,262144,1,262395,1102986
spill,262144,2,524790,1211936
spill,262144,1,262395,942967
spill,262144,4,1049580,1727484
spill,262144,1,262395,1012716
spill,262144,1,262395,903433
spill,262144,1,262395,1146445
spill,262144,3,787185,1449784
spill,262144,1,262395,677256
spill,262144,2,524790,1408164
spill,262144,1,262395,1370651
spill,262144,1,262395,1287074
spill,262144,3,787185,1829774
spill,262144,1,262395,1028752
spill,262144,1,262395,1579394
spill,262144,2,524790,1431066
spill,262144,3,787185,1243722
spill,262144,1,262395,1052247
spill,262144,3,787185,1133252
spill,262144,1,262395,1539409
spill,262144,2,524790,1627204
spill,262144,1,262395,1118690
spill,262144,1,262395,1068194
spill,262144,1,262395,1486368
spill,262144,2,524790,715612
spill,262144,4,1049580,1709158
spill,262144,1,262395,813629
spill,262144,2,524790,1012881
spill,262144,1,262395,800082
spill,262144,1,262395,1492362
spill,262144,1,262395,2237608
spill,262144,1,262395,2116571
spill,262144,2,524790,1300372
spill,262144,2,524790,1194687
spill,262144,4,1049580,1636408
spill,262144,3,787185,1303228
spill,262144,1,262395,1006518
spill,262144,1,262395,596417
spill,262144,1,262395,1245505
spill,262144,2,524790,1120577
spill,262144,1,262395,725510
spill,262144,2,524790,1100952
spill,262144,1,262395,687725
spill,262144,3,787185,1611338
spill,262144,2,524790,924884
spill,262144,1,262395,922884
spill,262144,1,262395,813073
spill,262144,1,262395,631834
spill,262144,2,524790,734100
spill,262144,1,262395,662683
spill,262144,1,262395,583529
spill,262144,2,524790,830067
spill,262144,1,262395,460302
spill,262144,1,262395,795884
spill,262144,1,262395,609815
spill,262144,1,262395,680966
spill,262144,1,262395,754693
spill,262144,2,524790,1170194
spill,262144,1,262395,924263
spill,262144,1,262395,576877
spill,262144,1,262395,1241750
spill,262144,2,524790,775896
spill,262144,2,524790,854568
spill,262144,1,262395,554751
spill,262144,1,262395,967970
spill,262144,1,262395,545019
spill,262144,1,262395,523737
spill,262144,1,262395,757515
spill,262144,1,262395,575823
spill,262144,1,262395,785047
spill,262144,1,262395,703908
spill,262144,1,262395,602647
spill,262144,1,262395,739538
spill,262144,1,262395,545606
spill,262144,1,262395,646819
spill,262144,2,524790,681203
spill,262144,1,262395,569972
spill,262144,3,787185,1209445
spill,262144,3,787185,869943
spill,262144,1,262395,894187
spill,262144,1,262395,905798
spill,262144,1,262395,543580
spill,262144,2,524790,889370
spill,262144,2,524790,934409
spill,262144,2,524790,810973
spill,262144,2,524790,798772
spill,262144,1,262395,1130068
spill,262144,2,524790,961520
spill,262144,2,524790,832324
spill,262144,1,262395,1516778
spill,262144,1,262395,1485899
spill,262144,2,524790,1331334
spill,262144,1,262395,1209022
spill,262144,2,524790,938547
spill,262144,2,524790,1263819
spill,262144,1,262395,704381
spill,262144,1,262395,869704
spill,262144,3,787185,1431177
spill,262144,1,262395,600389
spill,262144,2,524790,762104
spill,262144,2,524790,1098815
spill,262144,2,524790,767726
spill,262144,1,262395,553852
spill,262144,1,262395,1404348
spill,262144,1,262395,997452
spill,262144,1,262395,521807
spill,262144,1,262395,505938
spill,262144,1,262395,479210
spill,262144,3,787185,1139734
spill,262144,1,262395,499342
spill,262144,3,787185,1318798
spill,262144,2,524790,1033577
spill,262144,1,262395,741443
spill,262144,1,262395,2068951
spill,262144,2,524790,1183651
spill,262144,2,524790,1255408
spill,262144,1,262395,876212
spill,262144,1,262395,1022393
spill,262144,1,262395,662981
spill,262144,3,787185,1487291
spill,262144,1,262395,1316069
spill,262144,3,787185,1369334
spill,262144,1,262395,557194
spill,262144,2,524790,1185204
spill,262144,1,262395,734567
spill,262144,2,524790,1092555
spill,262144,2,524790,966378
spill,262144,1,262395,725599
spill,262144,1,262395,801504
spill,262144,2,524790,1328873
spill,262144,2,524790,733495
spill,262144,2,524790,955277
spill,262144,3,787185,954678
spill,262144,1,262395,812078
spill,262144,1,262395,855197
spill,262144,1,262395,509535
spill,262144,1,262395,1353396
spill,262144,2,524790,1998084
spill,262144,2,524790,2009856
spill,262144,1,262395,1182692
spill,262144,1,262395,1232858
spill,262144,2,524790,690534
spill,262144,1,262395,859355
spill,262144,2,524790,758064
spill,262144,2,524790,2060130
spill,262144,2,524790,1595752
spill,262144,1,262395,1106900
spill,262144,3,787185,1343514
spill,262144,2,524790,1051470
spill,262144,1,262395,912107
spill,262144,1,262395,774044
spill,262144,1,262395,899983
spill,262144,2,524790,1565265
spill,262144,2,524790,712890
spill,262144,2,524790,1014583
spill,262144,958,251374410,171082415
spill,262144,1,262395,6440961
spill,262144,2,524790,6912795
spill,524288,1,524539,2156388
spill,524288,1,524539,2171596
spill,524288,1,524539,1492546
spill,524288,1,524539,1161796
spill,524288,1,524539,1316969
spill,524288,1,524539,1015753
spill,524288,1,524539,1140975
spill,524288,1,524539,2271131
spill,524288,5,2622695,2744227
spill,524288,1,524539,1212774
spill,524288,1,524539,1039305
spill,524288,1,524539,1459946
spill,524288,2,1049078,1526581
spill,524288,1,524539,1562182
spill,524288,2,1049078,2090730
spill,524288,1,524539,1139841
spill,524288,1,524539,1251690
spill,524288,1,524539,741037
spill,524288,1,524539,966635
spill,524288,2,1049078,1395665
spill,524288,3,1573617,1444996
spill,524288,1,524539,1109396
spill,524288,1,524539,1099141
spill,524288,1,524539,733001
spill,524288,1,524539,934111
spill,524288,2,1049078,1570559
spill,524288,2,1049078,1150897
spill,524288,2,1049078,1312274
spill,524288,1,524539,821830
spill,524288,1,524539,753888
spill,524288,1,524539,895035
spill,524288,2,1049078,1332161
spill,524288,2,1049078,1124023
spill,524288,1,524539,788038
spill,524288,1,524539,1076248
spill,524288,1,524539,817839
spill,524288,1,524539,693553
spill,524288,1,524539,969797
spill,524288,3,1573617,1685674
spill,524288,2,1049078,1172542
spill,524288,2,1049078,1159821
spill,524288,1,524539,706125
spill,524288,1,524539,728341
spill,524288,1,524539,779232
spill,524288,1,524539,818349
spill,524288,2,1049078,1071375
spill,524288,1,524539,718326
spill,524288,1,524539,823919
spill,524288,2,1049078,1167169
spill,524288,1,524539,872363
spill,524288,3,1573617,1500253
spill,524288,1,524539,834012
spill,524288,1,524539,1037769
spill,524288,2,1049078,1278376
spill,524288,1,524539,761603
spill,524288,1,524539,835438
spill,524288,1,524539,740319
spill,524288,2,1049078,1367672
spill,524288,1,524539,703055
spill,524288,2,1049078,1303700
spill,524288,1,524539,871345
spill,524288,2,1049078,1271394
spill,524288,2,1049078,1408973
spill,524288,1,524539,948149
spill,524288,2,1049078,1141766
spill,524288,1,524539,838244
spill,524288,1,524539,736072
spill,524288,3,1573617,1835551
spill,524288,2,1049078,1303324
spill,524288,2,1049078,1092313
spill,524288,1,524539,875181
spill,524288,1,524539,816513
spill,524288,1,524539,749397
spill,524288,1,524539,935341
spill,524288,1,524539,794352
spill,524288,1,524539,702671
spill,524288,1,524539,837533
spill,524288,2,1049078,1277417
spill,524288,2,1049078,1179825
spill,524288,1,524539,919777
spill,524288,1,524539,834117
spill,524288,1,524539,786465
spill,524288,2,1049078,1286566
spill,524288,1,524539,735737
spill,524288,1,524539,942399
spill,524288,1,524539,1049252
spill,524288,2,1049078,1203455
spill,524288,2,1049078,1149545
spill,524288,1,524539,627440
spill,524288,2,1049078,1171488
spill,524288,2,1049078,1333683
spill,524288,1,524539,733642
spill,524288,2,1049078,1152511
spill,524288,2,1049078,1025966
spill,524288,2,1049078,1019300
spill,524288,2,1049078,1539436
spill,524288,2,1049078,1285249
spill,524288,2,1049078,1419575
spill,524288,1,524539,823878
spill,524288,1,524539,872929
spill,524288,2,1049078,1265470
spill,524288,1,524539,740892
spill,524288,1,524539,705244
spill,524288,1,524539,733922
spill,524288,1,524539,687651
spill,524288,2,1049078,1114137
spill,524288,2,1049078,1076902
spill,524288,2,1049078,1146773
spill,524288,2,1049078,1222398
spill,524288,1,524539,885793
spill,524288,1,524539,929688
spill,524288,1,524539,783282
spill,524288,2,1049078,1259476
spill,524288,1,524539,683375
spill,524288,2,1049078,1309531
spill,524288,1,524539,860236
spill,524288,1,524539,898982
spill,524288,2,1049078,1108525
spill,524288,1,524539,773378
spill,524288,2,1049078,1331028
spill,524288,1,524539,803254
spill,524288,1,524539,779628
spill,524288,2,1049078,1112014
spill,524288,1,524539,735645
spill,524288,1,524539,785091
spill,524288,1,524539,862888
spill,524288,1,524539,773135
spill,524288,2,1049078,1132987
spill,524288,1,524539,671637
spill,524288,1,524539,687244
spill,524288,1,524539,719616
spill,524288,1,524539,741740
spill,524288,2,1049078,1076575
spill,524288,1,524539,938272
spill,524288,1,524539,940691
spill,524288,1,524539,1053026
spill,524288,1,524539,831448
spill,524288,2,1049078,1418810
spill,524288,1,524539,804060
spill,524288,1,524539,1113604
spill,524288,1,524539,731079
spill,524288,2,1049078,1129515
spill,524288,1,524539,1024515
spill,524288,1,524539,732717
spill,524288,1,524539,685831
spill,524288,2,1049078,1196402
spill,524288,1,524539,836463
spill,524288,2,1049078,1527764
spill,524288,1,524539,711203
spill,524288,1,524539,925818
spill,524288,1,524539,1037948
spill,524288,1,524539,693183
spill,524288,2,1049078,1384534
spill,524288,1,524539,1217042
spill,524288,1,524539,996509
spill,524288,2,1049078,1170978
spill,524288,2,1049078,1439708
spill,524288,2,1049078,1590010
spill,524288,1,524539,1190847
spill,524288,1,524539,1031068
spill,524288,1,524539,788905
spill,524288,3,1573617,1969710
spill,524288,1,524539,819863
spill,524288,1,524539,723108
spill,524288,1,524539,929146
spill,524288,1,524539,952388
spill,524288,1,524539,892451
spill,524288,2,1049078,1660023
spill,524288,2,1049078,1372448
spill,524288,1,524539,809797
spill,524288,1,524539,1076993
spill,524288,1,524539,959045
spill,524288,2,1049078,1348335
spill,524288,1,524539,1039671
spill,524288,2,1049078,1270523
spill,524288,2,1049078,1198516
spill,524288,1,524539,927803
spill,524288,1,524539,945062
spill,524288,1,524539,905050
spill,524288,1,524539,949130
spill,524288,1,524539,1039703
spill,524288,1,524539,1208992
spill,524288,1,524539,923436
spill,524288,2,1049078,1178939
spill,524288,2,1049078,1523873
spill,524288,1,524539,731330
spill,524288,1,524539,696218
spill,524288,1,524539,750505
spill,524288,1,524539,1046834
spill,524288,1,524539,833330
spill,524288,1,524539,1268383
spill,524288,1,524539,1238917
spill,524288,1,524539,1382190
spill,524288,1,524539,818217
spill,524288,1,524539,1100635
spill,524288,2,1049078,1548606
spill,524288,2,1049078,1102726
spill,524288,1,524539,772352
spill,524288,1,524539,1038517
spill,524288,1,524539,700544
spill,524288,2,1049078,1313295
spill,524288,1,524539,1392742
spill,524288,1,524539,1764772
spill,524288,1,524539,1030438
spill,524288,1,524539,889896
spill,524288,1,524539,1129866
spill,524288,2,1049078,1368633
spill,524288,1,524539,694141
spill,524288,1,524539,677663
spill,524288,1,524539,950992
spill,524288,2,1049078,1296917
spill,524288,1,524539,767547
spill,524288,1,524539,1257562
spill,524288,2,1049078,1107250
spill,524288,1,524539,1253296
spill,524288,1,524539,873854
spill,524288,2,1049078,1397324
spill,524288,1,524539,895968
spill,524288,1,524539,736461
spill,524288,1,524539,715342
spill,524288,1,524539,859505
spill,524288,2,1049078,1277259
spill,524288,2,1049078,1269504
spill,524288,1,524539,947611
spill,524288,2,1049078,1450315
spill,524288,1,524539,737970
spill,524288,1,524539,749222
spill,524288,1,524539,971470
spill,524288,3,1573617,1638714
spill,524288,1,524539,857415
spill,524288,2,1049078,1169033
spill,524288,3,1573617,1718994
spill,524288,1,524539,815147
spill,524288,1,524539,787357
spill,524288,2,1049078,1569580
spill,524288,1,524539,725001
spill,524288,1,524539,700644
spill,524288,1,524539,928011
spill,524288,2,1049078,1097093
spill,524288,2,1049078,1020245
spill,524288,1,524539,767508
spill,524288,3,1573617,1532532
spill,524288,2,1049078,1378183
spill,524288,1,524539,746575
spill,524288,3,1573617,1828603
spill,524288,1,524539,767607
spill,524288,2,1049078,1169006
spill,524288,1,524539,679488
spill,524288,2,1049078,1121799
spill,524288,2,1049078,1041272
spill,524288,2,1049078,1014112
spill,524288,2,1049078,1125390
spill,524288,1,524539,694595
spill,524288,2,1049078,1007678
spill,524288,1,524539,723229
spill,524288,1,524539,757229
spill,524288,1,524539,573098
spill,524288,1,524539,722057
spill,524288,1,524539,786300
spill,524288,2,1049078,1019005
spill,524288,1,524539,814672
spill,524288,1,524539,902980
spill,524288,1,524539,675708
spill,524288,1,524539,890938
spill,524288,2,1049078,1035658
spill,524288,1,524539,659087
spill,524288,1,524539,830730
spill,524288,1,524539,680505
spill,524288,1,524539,676678
spill,524288,2,1049078,955844
spill,524288,1,524539,723040
spill,524288,1,524539,666755
spill,524288,2,1049078,1125966
spill,524288,1,524539,684395
spill,524288,1,524539,773917
spill,524288,1,524539,996103
spill,524288,2,1049078,1242237
spill,524288,2,1049078,991329
spill,524288,1,524539,814160
spill,524288,1,524539,724807
spill,524288,2,1049078,959728
spill,524288,2,1049078,1047522
spill,524288,2,1049078,1278900
spill,524288,2,1049078,1066880
spill,524288,1,524539,800594
spill,524288,1,524539,694590
spill,524288,1,524539,702978
spill,524288,1,524539,713680
spill,524288,2,1049078,1072655
spill,524288,1,524539,829504
spill,524288,1,524539,700287
spill,524288,1,524539,698173
spill,524288,1,524539,619799
spill,524288,1,524539,655687
spill,524288,1,524539,712965
spill,524288,1,524539,793125
spill,524288,2,1049078,1159495
spill,524288,2,1049078,1040539
spill,524288,1,524539,681806
spill,524288,1,524539,862622
spill,524288,1,524539,1025942
spill,524288,1,524539,1108483
spill,524288,2,1049078,1264770
spill,524288,2,1049078,1316501
spill,524288,1,524539,995743
spill,524288,2,1049078,1543170
spill,524288,1,524539,712465
spill,524288,2,1049078,1091114
spill,524288,1,524539,1402814
spill,524288,1,524539,1521851
spill,524288,2,1049078,1534907
spill,524288,1,524539,1614936
spill,524288,1,524539,1484087
spill,524288,2,1049078,1759575
spill,524288,1,524539,1354280
spill,524288,2,1049078,1637386
spill,524288,1,524539,947449
spill,524288,1,524539,1047105
spill,524288,1,524539,1041774
spill,524288,2,1049078,1912520
spill,524288,2,1049078,1442623
spill,524288,2,1049078,1453992
spill,524288,2,1049078,1180199
spill,524288,4,2098156,2432952
spill,524288,2,1049078,1723792
spill,524288,2,1049078,1315481
spill,524288,1,524539,1338678
spill,524288,2,1049078,1564651
spill,524288,1,524539,1218921
spill,524288,1,524539,1006084
spill,524288,2,1049078,1187613
spill,524288,1,524539,705588
spill,524288,1,524539,631170
spill,524288,1,524539,947032
spill,524288,2,1049078,1462322
spill,524288,1,524539,868914
spill,524288,2,1049078,1193037
spill,524288,3,1573617,1686427
spill,524288,1,524539,1212513
spill,524288,3,1573617,1739233
spill,524288,1,524539,824565
spill,524288,2,1049078,1319384
spill,524288,1,524539,1657268
spill,524288,1,524539,986486
spill,524288,1,524539,886890
spill,524288,2,1049078,1476446
spill,524288,1,524539,1508700
spill,524288,2,1049078,1307453
spill,524288,2,1049078,1202730
spill,524288,1,524539,905497
spill,524288,2,1049078,1278022
spill,524288,1,524539,1356918
spill,524288,1,524539,759087
spill,524288,1,524539,894335
spill,524288,1,524539,1070565
spill,524288,1,524539,823820
spill,524288,1,524539,1673487
spill,524288,3,1573617,2050684
spill,524288,1,524539,1952962
spill,524288,1,524539,1179546
spill,524288,2,1049078,1570692
spill,524288,1,524539,1234965
spill,524288,1,524539,1492358
spill,524288,1,524539,1044153
spill,524288,1,524539,1362633
spill,524288,1,524539,1592454
spill,524288,2,1049078,1710335
spill,524288,1,524539,1495079
spill,524288,1,524539,973577
spill,524288,1,524539,1017742
spill,524288,1,524539,1513293
spill,524288,2,1049078,1716359
spill,524288,1,524539,801328
spill,524288,2,1049078,2070375
spill,524288,2,1049078,1788199
spill,524288,1,524539,1385766
spill,524288,1,524539,1061439
spill,524288,1,524539,1630264
spill,524288,6,3147234,2352953
spill,524288,2,1049078,1137801
spill,524288,1,524539,1124723
spill,524288,1,524539,981098
spill,524288,1,524539,1156207
spill,524288,5,2622695,2191238
spill,524288,1,524539,1888029
spill,524288,1,524539,1877007
spill,524288,1,524539,1225006
spill,524288,2,1049078,1816438
spill,524288,2,1049078,1690828
spill,524288,1,524539,1619939
spill,524288,1,524539,1210943
spill,524288,3,1573617,2061848
spill,524288,1,524539,1309738
spill,524288,2,1049078,1191232
spill,524288,1,524539,1087443
spill,524288,2,1049078,1224414
spill,524288,1,524539,1161162
spill,524288,1,524539,1009207
spill,524288,1,524539,1027740
spill,524288,1,524539,849597
spill,524288,2,1049078,1464854
spill,524288,1,524539,1111245
spill,524288,479,251254181,161570737
spill,524288,1,524539,4387661
spill,524288,1,524539,3898282
spill,524288,2,1049078,4346045
spill,524288,1,524539,3639193
spill,524288,1,524539,1361292
spill,524288,1,524539,1565054
spill,524288,2,1049078,2634217
spill,524288,1,524539,1253820
spill,524288,1,524539,1710425
spill,524288,4,2098156,2829773
spill,524288,1,524539,1837155
spill,524288,4,2098156,2633343
spill,524288,1,524539,1479134
spill,524288,2,1049078,2087496
spill,524288,1,524539,1519700
spill,524288,2,1049078,1519407
spill,524288,1,524539,1174271
spill,524288,1,524539,907028
spill,524288,1,524539,1345509
spill,524288,2,1049078,1221697
spill,524288,1,524539,818095
spill,524288,2,1049078,1089415
spill,524288,1,524539,787482
spill,524288,1,524539,753393
spill,524288,1,524539,770240
spill,524288,3,1573617,1798266
spill,524288,1,524539,1236816
spill,524288,2,1049078,1832602
spill,524288,2,1049078,1352851
spill,524288,1,524539,747714
spill,524288,2,1049078,1361617
spill,524288,1,524539,773143
spill,524288,2,1049078,1011972
spill,524288,1,524539,1057294
spill,524288,1,524539,809691
spill,524288,1,524539,714450
spill,524288,2,1049078,997975
spill,524288,3,1573617,1228803
spill,524288,2,1049078,1106932
spill,524288,2,1049078,1063156
spill,524288,1,524539,935792
spill,524288,1,524539,633958
spill,524288,2,1049078,1333709
spill,524288,1,524539,809925
spill,524288,3,1573617,1269689
spill,524288,1,524539,708345
spill,524288,1,524539,841820
spill,524288,1,524539,857770
spill,524288,1,524539,746169
spill,524288,1,524539,781607
spill,524288,3,1573617,1400666
spill,524288,2,1049078,1125650
spill,524288,1,524539,766272
spill,524288,1,524539,658484
spill,524288,1,524539,913440
spill,524288,1,524539,936344
spill,524288,1,524539,1072464
spill,524288,1,524539,648049
spill,524288,1,524539,744427
spill,524288,2,1049078,987466
spill,524288,2,1049078,1079053
spill,524288,1,524539,838048
spill,524288,1,524539,629872
spill,524288,1,524539,753819
spill,524288,1,524539,808429
spill,524288,1,524539,711793
spill,524288,1,524539,756839
spill,524288,1,524539,656146
spill,524288,1,524539,975675
spill,524288,1,524539,1198639
spill,524288,1,524539,972469
spill,524288,1,524539,796420
spill,524288,1,524539,890369
spill,524288,1,524539,771086
spill,524288,1,524539,765661
spill,524288,1,524539,710975
spill,524288,1,524539,962256
spill,524288,1,524539,841774
spill,524288,1,524539,1313096
spill,524288,1,524539,763262
spill,524288,1,524539,997859
spill,524288,1,524539,757376
spill,524288,1,524539,953972
spill,524288,1,524539,1100724
spill,524288,2,1049078,1507536
spill,524288,1,524539,1297996
spill,524288,1,524539,891789
spill,524288,1,524539,963061
spill,524288,2,1049078,2223796
spill,524288,1,524539,1523626
spill,524288,1,524539,1638617
spill,524288,2,1049078,1702740
spill,524288,2,1049078,1472508
spill,524288,2,1049078,1395068
spill,524288,1,524539,1118741
spill,524288,2,1049078,1733591
spill,524288,4,2098156,2299567
spill,524288,1,524539,980191
spill,524288,1,524539,1368722
spill,524288,3,1573617,1912638
spill,524288,2,1049078,1532339
spill,524288,1,524539,1060173
spill,524288,3,1573617,1868453
spill,524288,1,524539,1652050
spill,524288,1,524539,1093043
spill,524288,1,524539,938843
spill,524288,2,1049078,1607639
spill,524288,2,1049078,1296418
spill,524288,2,1049078,1656870
spill,524288,1,524539,1280770
spill,524288,1,524539,1077820
spill,524288,1,524539,1545076
spill,524288,2,1049078,1461937
spill,524288,1,524539,894588
spill,524288,1,524539,809306
spill,524288,2,1049078,1404944
spill,524288,3,1573617,1633066
spill,524288,1,524539,986676
spill,524288,1,524539,1056321
spill,524288,1,524539,1069082
spill,524288,1,524539,867615
spill,524288,1,524539,986746
spill,524288,2,1049078,1445794
spill,524288,1,524539,946635
spill,524288,1,524539,852574
spill,524288,2,1049078,1532516
spill,524288,1,524539,626198
spill,524288,2,1049078,1118849
spill,524288,1,524539,865603
spill,524288,1,524539,928106
spill,524288,1,524539,825229
spill,524288,1,524539,1093445
spill,524288,1,524539,1170662
spill,524288,2,1049078,1443467
spill,524288,1,524539,972216
spill,524288,2,1049078,1123477
spill,524288,2,1049078,1081502
spill,524288,1,524539,900437
spill,524288,2,1049078,1032835
spill,524288,2,1049078,1552388
spill,524288,2,1049078,1485591
spill,524288,2,1049078,1310475
spill,524288,2,1049078,1341695
spill,524288,1,524539,733624
spill,524288,1,524539,1488046
spill,524288,1,524539,755354
spill,524288,3,1573617,1351170
spill,524288,2,1049078,1397253
spill,524288,1,524539,936760
spill,524288,1,524539,1400563
spill,524288,3,1573617,2023913
spill,524288,2,1049078,1655603
spill,524288,1,524539,844118
spill,524288,1,524539,860922
spill,524288,1,524539,1274463
spill,524288,1,524539,983687
spill,524288,1,524539,1124800
spill,524288,3,1573617,2050411
spill,524288,1,524539,980830
spill,524288,1,524539,989771
spill,524288,1,524539,1012638
spill,524288,1,524539,721685
spill,524288,3,1573617,1765542
spill,524288,1,524539,1029430
spill,524288,2,1049078,984374
spill,524288,1,524539,833971
spill,524288,2,1049078,1229441
spill,524288,1,524539,932022
spill,524288,1,524539,1053472
spill,524288,2,1049078,1123150
spill,524288,1,524539,707293
spill,524288,1,524539,688533
spill,524288,2,1049078,967085
spill,524288,2,1049078,1134762
spill,524288,1,524539,675759
spill,524288,1,524539,659800
spill,524288,1,524539,682225
spill,524288,1,524539,890312
spill,524288,2,1049078,1207446
spill,524288,1,524539,783429
spill,524288,1,524539,863673
spill,524288,1,524539,652306
spill,524288,1,524539,653547
spill,524288,2,1049078,925131
spill,524288,1,524539,877584
spill,524288,2,1049078,1497740
spill,524288,1,524539,1114112
spill,524288,1,524539,915640
spill,524288,1,524539,989132
spill,524288,1,524539,712427
spill,524288,2,1049078,905674
spill,524288,1,524539,784083
spill,524288,2,1049078,1084609
spill,524288,4,2098156,1850698
spill,524288,3,1573617,1686436
spill,524288,2,1049078,1081504
spill,524288,2,1049078,1154067
spill,524288,2,1049078,1521699
spill,524288,2,1049078,1385160
spill,524288,2,1049078,1270507
spill,524288,1,524539,906692
spill,524288,4,2098156,1650571
spill,524288,2,1049078,1521809
spill,524288,1,524539,1164385
spill,524288,3,1573617,1319196
spill,524288,2,1049078,977815
spill,524288,2,1049078,1315959
spill,524288,2,1049078,1337394
spill,524288,1,524539,1056130
spill,524288,1,524539,842631
spill,524288,1,524539,856327
spill,524288,3,1573617,1569847
spill,524288,2,1049078,1211325
spill,524288,1,524539,613710
spill,524288,3,1573617,1644850
spill,524288,1,524539,1260315
spill,524288,1,524539,1696188
spill,524288,1,524539,884068
spill,524288,1,524539,1025499
spill,524288,1,524539,814849
spill,524288,1,524539,932869
spill,524288,1,524539,1095943
spill,524288,3,1573617,1505565
spill,524288,2,1049078,1430228
spill,524288,2,1049078,1484872
spill,524288,2,1049078,1448038
spill,524288,2,1049078,1136588
spill,524288,1,524539,803109
spill,524288,2,1049078,1188513
spill,524288,1,524539,777835
spill,524288,1,524539,804688
spill,524288,2,1049078,1310977
spill,524288,2,1049078,1056675
spill,524288,2,1049078,1189828
spill,524288,1,524539,1105860
spill,524288,2,1049078,1525422
spill,524288,1,524539,1463998
spill,524288,1,524539,1330721
spill,524288,1,524539,1032860
spill,524288,1,524539,981477
spill,524288,1,524539,808283
spill,524288,1,524539,1090348
spill,524288,1,524539,943769
spill,524288,3,1573617,1696101
spill,524288,1,524539,1279031
spill,524288,2,1049078,1146739
spill,524288,2,1049078,1093303
spill,524288,1,524539,922770
spill,524288,2,1049078,1120253
spill,524288,2,1049078,1086885
spill,524288,1,524539,789036
spill,524288,2,1049078,1103672
spill,524288,2,1049078,990076
spill,524288,1,524539,841138
spill,524288,1,524539,889393
spill,524288,1,524539,720416
spill,524288,1,524539,613274
spill,524288,1,524539,728368
spill,524288,1,524539,595867
spill,524288,1,524539,650015
spill,524288,2,1049078,1056720
spill,524288,1,524539,737559
spill,524288,1,524539,810280
spill,524288,2,1049078,1056929
spill,524288,2,1049078,985901
spill,524288,1,524539,758564
spill,524288,1,524539,629902
spill,524288,1,524539,642971
spill,524288,1,524539,619639
spill,524288,1,524539,788258
spill,524288,2,1049078,946326
spill,524288,1,524539,839057
spill,524288,1,524539,678791
spill,524288,1,524539,726007
spill,524288,1,524539,690652
spill,524288,1,524539,653216
spill,524288,1,524539,642174
spill,524288,2,1049078,1064440
spill,524288,1,524539,695311
spill,524288,1,524539,663703
spill,524288,1,524539,662675
spill,524288,1,524539,768187
spill,524288,1,524539,653676
spill,524288,1,524539,1255744
spill,524288,1,524539,1019472
spill,524288,1,524539,830863
spill,524288,2,1049078,1316731
spill,524288,2,1049078,1059724
spill,524288,1,524539,1064954
spill,524288,2,1049078,1549242
spill,524288,1,524539,1009212
spill,524288,1,524539,810082
spill,524288,3,1573617,1914893
spill,524288,1,524539,1341782
spill,524288,1,524539,1189466
spill,524288,1,524539,760765
spill,524288,1,524539,718183
spill,524288,2,1049078,1518385
spill,524288,1,524539,964566
spill,524288,1,524539,1367238
spill,524288,1,524539,990545
spill,524288,2,1049078,1097561
spill,524288,2,1049078,1346973
spill,524288,1,524539,880782
spill,524288,1,524539,988410
spill,524288,1,524539,1145084
spill,524288,3,1573617,1903075
spill,524288,2,1049078,1308419
spill,524288,1,524539,884250
spill,524288,2,1049078,1239435
spill,524288,1,524539,663348
spill,524288,4,2098156,1550413
spill,524288,3,1573617,1521197
spill,524288,2,1049078,1236907
spill,524288,1,524539,1220217
spill,524288,1,524539,628202
spill,524288,1,524539,845867
spill,524288,2,1049078,1169816
spill,524288,2,1049078,897109
spill,524288,1,524539,644531
spill,524288,1,524539,756273
spill,524288,478,250729642,156142306
spill,524288,2,1049078,4020226
spill,524288,3,1573617,3672830
spill,1048576,1,1048827,2845472
spill,1048576,1,1048827,2507472
spill,1048576,2,2097654,2822418
spill,1048576,1,1048827,1884976
spill,1048576,1,1048827,1594962
spill,1048576,3,3146481,5906870
spill,1048576,1,1048827,1312330
spill,1048576,1,1048827,1547929
spill,1048576,1,1048827,1242212
spill,1048576,1,1048827,1123636
spill,1048576,1,1048827,1149591
spill,1048576,2,2097654,2823588
spill,1048576,2,2097654,2623415
spill,1048576,2,2097654,2136187
spill,1048576,2,2097654,2180010
spill,1048576,1,1048827,1159356
spill,1048576,1,1048827,1414960
spill,1048576,1,1048827,1347013
spill,1048576,2,2097654,2059479
spill,1048576,1,1048827,1099095
spill,1048576,2,2097654,1758518
spill,1048576,1,1048827,1649450
spill,1048576,1,1048827,1222718
spill,1048576,1,1048827,1256401
spill,1048576,1,1048827,1473907
spill,1048576,1,1048827,1170312
spill,1048576,4,4195308,3426233
spill,1048576,2,2097654,1873201
spill,1048576,1,1048827,1283172
spill,1048576,1,1048827,1234610
spill,1048576,1,1048827,1165277
spill,1048576,1,1048827,1321583
spill,1048576,2,2097654,2088069
spill,1048576,1,1048827,1255350
spill,1048576,1,1048827,1207988
spill,1048576,2,2097654,1998138
spill,1048576,1,1048827,1176059
spill,1048576,2,2097654,1749877
spill,1048576,1,1048827,1128337
spill,1048576,1,1048827,990989
spill,1048576,1,1048827,1156959
spill,1048576,1,1048827,1129670
spill,1048576,2,2097654,1873230
spill,1048576,1,1048827,1161361
spill,1048576,1,1048827,1584537
spill,1048576,1,1048827,1260845
spill,1048576,1,1048827,1295624
spill,1048576,1,1048827,1317837
spill,1048576,1,1048827,1075124
spill,1048576,2,2097654,1808256
spill,1048576,2,2097654,2064623
spill,1048576,3,3146481,2480029
spill,1048576,1,1048827,1085971
spill,1048576,1,1048827,1037769
spill,1048576,1,1048827,1191726
spill,1048576,1,1048827,1065196
spill,1048576,1,1048827,1307023
spill,1048576,2,2097654,2461270
spill,1048576,1,1048827,1430300
spill,1048576,1,1048827,1586968
spill,1048576,1,1048827,1195402
spill,1048576,1,1048827,1160766
spill,1048576,2,2097654,1875454
spill,1048576,1,1048827,1186224
spill,1048576,2,2097654,2629336
spill,1048576,2,2097654,2102879
spill,1048576,1,1048827,1432321
spill,1048576,1,1048827,1558855
spill,1048576,1,1048827,1133516
spill,1048576,2,2097654,1746159
spill,1048576,1,1048827,1385983
spill,1048576,2,2097654,2510811
spill,1048576,2,2097654,1970606
spill,1048576,2,2097654,1706026
spill,1048576,1,1048827,1804475
spill,1048576,2,2097654,1855010
spill,1048576,2,2097654,1848141
spill,1048576,1,1048827,1186572
spill,1048576,2,2097654,2268187
spill,1048576,1,1048827,1183797
spill,1048576,1,1048827,1332690
spill,1048576,3,3146481,2389878
spill,1048576,2,2097654,1666776
spill,1048576,1,1048827,1134295
spill,1048576,1,1048827,1498600
spill,1048576,3,3146481,2593830
spill,1048576,2,2097654,1896501
spill,1048576,1,1048827,1192165
spill,1048576,2,2097654,1749201
spill,1048576,2,2097654,1831675
spill,1048576,1,1048827,1106235
spill,1048576,2,2097654,1741682
spill,1048576,2,2097654,1911938
spill,1048576,1,1048827,1293114
spill,1048576,2,2097654,1954015
spill,1048576,1,1048827,1501750
spill,1048576,2,2097654,1589107
spill,1048576,1,1048827,1171566
spill,1048576,1,1048827,1122440
spill,1048576,1,1048827,992256
spill,1048576,2,2097654,1789320
spill,1048576,2,2097654,1730192
spill,1048576,1,1048827,1258107
spill,1048576,2,2097654,1904215
spill,1048576,1,1048827,1072060
spill,1048576,1,1048827,1061256
spill,1048576,1,1048827,950103
spill,1048576,2,2097654,1774545
spill,1048576,1,1048827,1058267
spill,1048576,2,2097654,1603589
spill,1048576,1,1048827,1171895
spill,1048576,2,2097654,1737023
spill,1048576,2,2097654,1793413
spill,1048576,1,1048827,1099181
spill,1048576,1,1048827,932442
spill,1048576,1,1048827,919269
spill,1048576,1,1048827,1068006
spill,1048576,2,2097654,1744610
spill,1048576,1,1048827,1117474
spill,1048576,1,1048827,1107685
spill,1048576,1,1048827,1204796
spill,1048576,1,1048827,1096075
spill,1048576,2,2097654,2012754
spill,1048576,1,1048827,977797
spill,1048576,1,1048827,1057569
spill,1048576,2,2097654,1706252
spill,1048576,1,1048827,1093570
spill,1048576,1,1048827,1070901
spill,1048576,1,1048827,1166514
spill,1048576,2,2097654,1757756
spill,1048576,3,3146481,2404330
spill,1048576,1,1048827,1219636
spill,1048576,1,1048827,1004085
spill,1048576,1,1048827,1023734
spill,1048576,2,2097654,1868080
spill,1048576,1,1048827,1244354
spill,1048576,1,1048827,1777644
spill,1048576,1,1048827,1350646
spill,1048576,1,1048827,979338
spill,1048576,1,1048827,1093844
spill,1048576,2,2097654,1738336
spill,1048576,2,2097654,1803490
spill,1048576,1,1048827,959822
spill,1048576,2,2097654,1869229
spill,1048576,2,2097654,1645975
spill,1048576,1,1048827,1086577
spill,1048576,1,1048827,1081322
spill,1048576,1,1048827,1357751
spill,1048576,2,2097654,1880418
spill,1048576,1,1048827,1059080
spill,1048576,1,1048827,1196134
spill,1048576,2,2097654,1604889
spill,1048576,2,2097654,2202593
spill,1048576,1,1048827,1317691
spill,1048576,2,2097654,1745208
spill,1048576,1,1048827,1238738
spill,1048576,1,1048827,963084
spill,1048576,2,2097654,1768682
spill,1048576,1,1048827,1075443
spill,1048576,2,2097654,1887826
spill,1048576,1,1048827,1494076
spill,1048576,2,2097654,1747269
spill,1048576,1,1048827,1173331
spill,1048576,1,1048827,1234179
spill,1048576,1,1048827,1585297
spill,1048576,1,1048827,1077831
spill,1048576,1,1048827,1304490
spill,1048576,1,1048827,997407
spill,1048576,1,1048827,1102429
spill,1048576,2,2097654,2570721
spill,1048576,1,1048827,1275100
spill,1048576,1,1048827,1367802
spill,1048576,1,1048827,1360819
spill,1048576,1,1048827,1012575
spill,1048576,1,1048827,952488
spill,1048576,1,1048827,972988
spill,1048576,1,1048827,906524
spill,1048576,2,2097654,1713118
spill,1048576,1,1048827,1117192
spill,1048576,1,1048827,1065095
spill,1048576,1,1048827,999689
spill,1048576,2,2097654,1671012
spill,1048576,1,1048827,997372
spill,1048576,1,1048827,1127801
spill,1048576,1,1048827,1078817
spill,1048576,1,1048827,1180410
spill,1048576,1,1048827,1011479
spill,1048576,1,1048827,915968
spill,1048576,1,1048827,1144925
spill,1048576,1,1048827,1014849
spill,1048576,2,2097654,1855332
spill,1048576,2,2097654,1684522
spill,1048576,1,1048827,1433075
spill,1048576,2,2097654,1851397
spill,1048576,1,1048827,1043064
spill,1048576,2,2097654,1748682
spill,1048576,1,1048827,1160027
spill,1048576,1,1048827,1191584
spill,1048576,2,2097654,2072867
spill,1048576,1,1048827,1111991
spill,1048576,1,1048827,1023872
spill,1048576,2,2097654,1844882
spill,1048576,1,1048827,1318338
spill,1048576,2,2097654,1980567
spill,1048576,2,2097654,1928409
spill,1048576,1,1048827,1073230
spill,1048576,2,2097654,1976938
spill,1048576,1,1048827,1522823
spill,1048576,2,2097654,1593641
spill,1048576,1,1048827,1172065
spill,1048576,1,1048827,1831888
spill,1048576,1,1048827,1041074
spill,1048576,2,2097654,1882350
spill,1048576,1,1048827,1405719
spill,1048576,1,1048827,1178483
spill,1048576,2,2097654,2027411
spill,1048576,1,1048827,1318446
spill,1048576,2,2097654,1839152
spill,1048576,1,1048827,1131001
spill,1048576,1,1048827,1408585
spill,1048576,1,1048827,1515778
spill,1048576,1,1048827,1109706
spill,1048576,1,1048827,1442710
spill,1048576,1,1048827,1219621
spill,1048576,1,1048827,1460594
spill,1048576,1,1048827,1457401
spill,1048576,3,3146481,3317100
spill,1048576,1,1048827,999758
spill,1048576,3,3146481,2305689
spill,1048576,1,1048827,1401101
spill,1048576,1,1048827,1531680
spill,1048576,1,1048827,1372199
spill,1048576,1,1048827,1231078
spill,1048576,2,2097654,2399782
spill,1048576,2,2097654,1986285
spill,1048576,1,1048827,1592545
spill,1048576,3,3146481,2339130
spill,1048576,1,1048827,1726663
spill,1048576,1,1048827,1346036
spill,1048576,1,1048827,2137284
spill,1048576,1,1048827,1054115
spill,1048576,2,2097654,2350798
spill,1048576,1,1048827,1902033
spill,1048576,2,2097654,3028252
spill,1048576,2,2097654,2275232
spill,1048576,1,1048827,2192613
spill,1048576,1,1048827,1492669
spill,1048576,1,1048827,1555866
spill,1048576,1,1048827,1482109
spill,1048576,2,2097654,2593131
spill,1048576,1,1048827,1684000
spill,1048576,1,1048827,1577661
spill,1048576,2,2097654,2363111
spill,1048576,2,2097654,1698548
spill,1048576,1,1048827,1654366
spill,1048576,1,1048827,1999698
spill,1048576,1,1048827,1491143
spill,1048576,1,1048827,1781394
spill,1048576,2,2097654,2386794
spill,1048576,2,2097654,2301648
spill,1048576,1,1048827,2162875
spill,1048576,1,1048827,1210186
spill,1048576,1,1048827,1497114
spill,1048576,2,2097654,1893535
spill,1048576,1,1048827,1819962
spill,1048576,1,1048827,1561573
spill,1048576,2,2097654,2629759
spill,1048576,1,1048827,1252401
spill,1048576,2,2097654,2353211
spill,1048576,2,2097654,2043810
spill,1048576,239,250669653,163764505
spill,1048576,3,3146481,3287416
spill,1048576,1,1048827,2038238
spill,1048576,1,1048827,2293500
spill,1048576,1,1048827,2424794
spill,1048576,1,1048827,2358823
spill,1048576,2,2097654,2501664
spill,1048576,2,2097654,3618494
spill,1048576,1,1048827,2720261
spill,1048576,2,2097654,2390639
spill,1048576,1,1048827,1772325
spill,1048576,2,2097654,2602347
spill,1048576,1,1048827,1616714
spill,1048576,2,2097654,2338138
spill,1048576,1,1048827,1874605
spill,1048576,1,1048827,1687942
spill,1048576,3,3146481,2937278
spill,1048576,1,1048827,2201839
spill,1048576,2,2097654,2530604
spill,1048576,1,1048827,2011103
spill,1048576,1,1048827,1801223
spill,1048576,1,1048827,1512760
spill,1048576,2,2097654,1758957
spill,1048576,1,1048827,1278161
spill,1048576,1,1048827,1157411
spill,1048576,1,1048827,1384937
spill,1048576,2,2097654,2487651
spill,1048576,1,1048827,1295665
spill,1048576,1,1048827,1687014
spill,1048576,1,1048827,1621500
spill,1048576,1,1048827,1678260
spill,1048576,1,1048827,1297732
spill,1048576,2,2097654,2651849
spill,1048576,2,2097654,2309429
spill,1048576,1,1048827,1743894
spill,1048576,1,1048827,1837330
spill,1048576,1,1048827,1634969
spill,1048576,2,2097654,2269342
spill,1048576,1,1048827,1865432
spill,1048576,1,1048827,1299375
spill,1048576,1,1048827,1247495
spill,1048576,1,1048827,1181918
spill,1048576,1,1048827,1534503
spill,1048576,2,2097654,2212223
spill,1048576,1,1048827,1578222
spill,1048576,2,2097654,1900313
spill,1048576,1,1048827,1153708
spill,1048576,2,2097654,1750478
spill,1048576,2,2097654,2648899
spill,1048576,1,1048827,1089342
spill,1048576,1,1048827,1235386
spill,1048576,1,1048827,1773199
spill,1048576,3,3146481,2399253
spill,1048576,1,1048827,1905435
spill,1048576,1,1048827,1203239
spill,1048576,1,1048827,1450139
spill,1048576,2,2097654,2281562
spill,1048576,1,1048827,1639109
spill,1048576,1,1048827,1205720
spill,1048576,1,1048827,1342945
spill,1048576,1,1048827,1364959
spill,1048576,2,2097654,1949924
spill,1048576,1,1048827,1529274
spill,1048576,1,1048827,1136405
spill,1048576,1,1048827,1374301
spill,1048576,1,1048827,1270230
spill,1048576,1,1048827,995356
spill,1048576,1,1048827,1186739
spill,1048576,2,2097654,1866247
spill,1048576,1,1048827,1308351
spill,1048576,2,2097654,1860716
spill,1048576,1,1048827,1253833
spill,1048576,1,1048827,1251490
spill,1048576,1,1048827,1361987
spill,1048576,1,1048827,1351972
spill,1048576,1,1048827,1122221
spill,1048576,1,1048827,1018106
spill,1048576,1,1048827,1561156
spill,1048576,1,1048827,1132750
spill,1048576,2,2097654,2082175
spill,1048576,2,2097654,1920080
spill,1048576,1,1048827,1525049
spill,1048576,1,1048827,1156931
spill,1048576,1,1048827,1537302
spill,1048576,1,1048827,1418425
spill,1048576,1,1048827,1009117
spill,1048576,2,2097654,2115830
spill,1048576,1,1048827,1323671
spill,1048576,2,2097654,1932843
spill,1048576,1,1048827,1209038
spill,1048576,1,1048827,1090268
spill,1048576,1,1048827,1055235
spill,1048576,1,1048827,1142889
spill,1048576,1,1048827,1184424
spill,1048576,1,1048827,1142974
spill,1048576,1,1048827,1052761
spill,1048576,1,1048827,1058373
spill,1048576,1,1048827,1177303
spill,1048576,1,1048827,976151
spill,1048576,1,1048827,1246522
spill,1048576,1,1048827,1019162
spill,1048576,1,1048827,1016873
spill,1048576,1,1048827,1362376
spill,1048576,1,1048827,992775
spill,1048576,1,1048827,1027048
spill,1048576,2,2097654,2118103
spill,1048576,1,1048827,1385489
spill,1048576,2,2097654,1848264
spill,1048576,1,1048827,1329555
spill,1048576,2,2097654,1989792
spill,1048576,1,1048827,1209537
spill,1048576,1,1048827,1079885
spill,1048576,1,1048827,1452395
spill,1048576,2,2097654,2337029
spill,1048576,2,2097654,1779020
spill,1048576,1,1048827,1357974
spill,1048576,1,1048827,1266525
spill,1048576,1,1048827,1597635
spill,1048576,1,1048827,1433087
spill,1048576,3,3146481,2526080
spill,1048576,2,2097654,2096945
spill,1048576,1,1048827,1525199
spill,1048576,1,1048827,1354544
spill,1048576,1,1048827,1571959
spill,1048576,1,1048827,1614203
spill,1048576,3,3146481,2997753
spill,1048576,1,1048827,1335934
spill,1048576,1,1048827,1708319
spill,1048576,1,1048827,1308835
spill,1048576,1,1048827,1426310
spill,1048576,1,1048827,1727468
spill,1048576,1,1048827,1271114
spill,1048576,2,2097654,2508696
spill,1048576,1,1048827,1321821
spill,1048576,1,1048827,1128463
spill,1048576,1,1048827,1054319
spill,1048576,1,1048827,1853208
spill,1048576,1,1048827,1546963
spill,1048576,2,2097654,1934953
spill,1048576,2,2097654,1827543
spill,1048576,1,1048827,1200757
spill,1048576,2,2097654,1626530
spill,1048576,1,1048827,995657
spill,1048576,1,1048827,1058218
spill,1048576,1,1048827,990117
spill,1048576,1,1048827,1538613
spill,1048576,1,1048827,1262373
spill,1048576,1,1048827,1220190
spill,1048576,1,1048827,1268954
spill,1048576,2,2097654,1618529
spill,1048576,1,1048827,1235821
spill,1048576,1,1048827,1419844
spill,1048576,1,1048827,1340642
spill,1048576,1,1048827,1267061
spill,1048576,2,2097654,2210581
spill,1048576,1,1048827,1210788
spill,1048576,2,2097654,2167501
spill,1048576,1,1048827,1190646
spill,1048576,1,1048827,1165094
spill,1048576,2,2097654,2013968
spill,1048576,1,1048827,1582001
spill,1048576,1,1048827,1359342
spill,1048576,1,1048827,1494951
spill,1048576,1,1048827,1306131
spill,1048576,1,1048827,2125328
spill,1048576,1,1048827,2067664
spill,1048576,1,1048827,1873034
spill,1048576,1,1048827,1176524
spill,1048576,2,2097654,2384471
spill,1048576,2,2097654,1892595
spill,1048576,1,1048827,1564291
spill,1048576,1,1048827,1606236
spill,1048576,3,3146481,3299992
spill,1048576,2,2097654,2316813
spill,1048576,1,1048827,2178278
spill,1048576,2,2097654,2606314
spill,1048576,1,1048827,2019344
spill,1048576,2,2097654,1833769
spill,1048576,1,1048827,1162203
spill,1048576,1,1048827,1710239
spill,1048576,1,1048827,1552933
spill,1048576,1,1048827,1351695
spill,1048576,1,1048827,1446872
spill,1048576,1,1048827,1229910
spill,1048576,2,2097654,1953384
spill,1048576,1,1048827,1200361
spill,1048576,2,2097654,2552688
spill,1048576,1,1048827,2014893
spill,1048576,1,1048827,1283509
spill,1048576,1,1048827,1469715
spill,1048576,2,2097654,2045835
spill,1048576,1,1048827,2003585
spill,1048576,1,1048827,1747086
spill,1048576,2,2097654,1923460
spill,1048576,1,1048827,1671733
spill,1048576,1,1048827,1659886
spill,1048576,1,1048827,1584125
spill,1048576,2,2097654,2083485
spill,1048576,1,1048827,1687269
spill,1048576,1,1048827,1539905
spill,1048576,2,2097654,1792498
spill,1048576,1,1048827,1473145
spill,1048576,2,2097654,2113622
spill,1048576,3,3146481,2529858
spill,1048576,1,1048827,1420384
spill,1048576,1,1048827,1357095
spill,1048576,2,2097654,2368278
spill,1048576,1,1048827,1279498
spill,1048576,1,1048827,1330877
spill,1048576,2,2097654,1791757
spill,1048576,2,2097654,1932117
spill,1048576,4,4195308,3328167
spill,1048576,2,2097654,2368461
spill,1048576,1,1048827,1481391
spill,1048576,1,1048827,1550622
spill,1048576,2,2097654,2058378
spill,1048576,1,1048827,1540884
spill,1048576,1,1048827,1612922
spill,1048576,2,2097654,1646374
spill,1048576,2,2097654,1943280
spill,1048576,2,2097654,1719770
spill,1048576,2,2097654,2040037
spill,1048576,1,1048827,1205387
spill,1048576,1,1048827,1575458
spill,1048576,1,1048827,1031877
spill,1048576,1,1048827,1013064
spill,1048576,1,1048827,1066255
spill,1048576,2,2097654,1689253
spill,1048576,1,1048827,993440
spill,1048576,1,1048827,969764
spill,1048576,2,2097654,1657953
spill,1048576,1,1048827,1235446
spill,1048576,1,1048827,950023
spill,1048576,239,250669653,157332691
spill,1048576,1,1048827,3014369
spill,1048576,1,1048827,2296196
spill,2097152,1,2097406,3716808
spill,2097152,2,4194812,6310526
spill,2097152,1,2097406,3433940
spill,2097152,3,6292218,8757347
spill,2097152,1,2097406,2854717
spill,2097152,1,2097406,1848459
spill,2097152,1,2097406,2589285
spill,2097152,1,2097406,2487343
spill,2097152,1,2097406,2382193
spill,2097152,1,2097406,1996629
spill,2097152,1,2097406,3411356
spill,2097152,1,2097406,3347810
spill,2097152,1,2097406,2049191
spill,2097152,1,2097406,1933487
spill,2097152,1,2097406,2244035
spill,2097152,1,2097406,2243205
spill,2097152,1,2097406,1831263
spill,2097152,1,2097406,2327951
spill,2097152,1,2097406,2181401
spill,2097152,1,2097406,1805719
spill,2097152,1,2097406,2149280
spill,2097152,1,2097406,2265642
spill,2097152,1,2097406,2053010
spill,2097152,1,2097406,2389817
spill,2097152,1,2097406,1819413
spill,2097152,1,2097406,2401702
spill,2097152,1,2097406,1798776
spill,2097152,1,2097406,2354263
spill,2097152,1,2097406,1885475
spill,2097152,1,2097406,2432061
spill,2097152,2,4194812,4630823
spill,2097152,1,2097406,2170318
spill,2097152,1,2097406,1980972
spill,2097152,1,2097406,1752486
spill,2097152,1,2097406,1913031
spill,2097152,1,2097406,1877949
spill,2097152,1,2097406,1821712
spill,2097152,1,2097406,1830969
spill,2097152,1,2097406,1970165
spill,2097152,1,2097406,1767877
spill,2097152,1,2097406,1627331
spill,2097152,1,2097406,1730598
spill,2097152,1,2097406,1752483
spill,2097152,1,2097406,1694996
spill,2097152,1,2097406,1726855
spill,2097152,1,2097406,1878541
spill,2097152,1,2097406,1805405
spill,2097152,1,2097406,2244025
spill,2097152,1,2097406,2581038
spill,2097152,1,2097406,1877910
spill,2097152,1,2097406,1808407
spill,2097152,1,2097406,2426932
spill,2097152,1,2097406,2396356
spill,2097152,1,2097406,1647629
spill,2097152,1,2097406,2551909
spill,2097152,1,2097406,2248268
spill,2097152,1,2097406,1756658
spill,2097152,1,2097406,2009712
spill,2097152,1,2097406,1787316
spill,2097152,1,2097406,2404555
spill,2097152,1,2097406,2042824
spill,2097152,1,2097406,1812035
spill,2097152,1,2097406,1792192
spill,2097152,1,2097406,1647690
spill,2097152,1,2097406,2095088
spill,2097152,1,2097406,2034416
spill,2097152,1,2097406,1768195
spill,2097152,1,2097406,2110817
spill,2097152,1,2097406,2514634
spill,2097152,1,2097406,1799646
spill,2097152,1,2097406,2385944
spill,2097152,1,2097406,1701069
spill,2097152,1,2097406,2498413
spill,2097152,1,2097406,1966691
spill,2097152,1,2097406,1841197
spill,2097152,1,2097406,2381812
spill,2097152,1,2097406,2090405
spill,2097152,1,2097406,1865191
spill,2097152,1,2097406,2519245
spill,2097152,1,2097406,2158489
spill,2097152,1,2097406,1798397
spill,2097152,1,2097406,1939702
spill,2097152,1,2097406,1693485
spill,2097152,1,2097406,1714986
spill,2097152,1,2097406,2050730
spill,2097152,1,2097406,1776567
spill,2097152,1,2097406,1640829
spill,2097152,1,2097406,1750698
spill,2097152,1,2097406,1641067
spill,2097152,1,2097406,1903450
spill,2097152,1,2097406,1872760
spill,2097152,1,2097406,1787792
spill,2097152,1,2097406,1791989
spill,2097152,1,2097406,1769602
spill,2097152,1,2097406,2011664
spill,2097152,1,2097406,1903940
spill,2097152,1,2097406,1823233
spill,2097152,1,2097406,1859710
spill,2097152,1,2097406,1722060
spill,2097152,1,2097406,1707059
spill,2097152,1,2097406,1899894
spill,2097152,1,2097406,1709586
spill,2097152,1,2097406,1836461
spill,2097152,1,2097406,2004067
spill,2097152,1,2097406,1717179
spill,2097152,1,2097406,1895925
spill,2097152,1,2097406,1673311
spill,2097152,1,2097406,1814126
spill,2097152,1,2097406,1913384
spill,2097152,1,2097406,1905375
spill,2097152,1,2097406,1787387
spill,2097152,1,2097406,1668071
spill,2097152,1,2097406,2524713
spill,2097152,1,2097406,1895131
spill,2097152,1,2097406,1694309
spill,2097152,1,2097406,1946219
spill,2097152,1,2097406,1830812
spill,2097152,1,2097406,1815751
spill,2097152,1,2097406,1740179
spill,2097152,1,2097406,1661871
spill,2097152,1,2097406,1756360
spill,2097152,1,2097406,1786408
spill,2097152,1,2097406,2122324
spill,2097152,1,2097406,1817732
spill,2097152,1,2097406,1802410
spill,2097152,1,2097406,1893898
spill,2097152,1,2097406,1792002
spill,2097152,1,2097406,1833897
spill,2097152,1,2097406,1954465
spill,2097152,1,2097406,1706559
spill,2097152,1,2097406,1799154
spill,2097152,1,2097406,1783626
spill,2097152,1,2097406,1845196
spill,2097152,1,2097406,1680265
spill,2097152,1,2097406,1706372
spill,2097152,1,2097406,1760036
spill,2097152,1,2097406,1632636
spill,2097152,1,2097406,1980543
spill,2097152,1,2097406,1717923
spill,2097152,1,2097406,1939776
spill,2097152,1,2097406,1650594
spill,2097152,1,2097406,1695595
spill,2097152,1,2097406,1667424
spill,2097152,1,2097406,1751541
spill,2097152,1,2097406,1665049
spill,2097152,1,2097406,1671967
spill,2097152,1,2097406,1702486
spill,2097152,1,2097406,1940815
spill,2097152,1,2097406,1687829
spill,2097152,1,2097406,1939159
spill,2097152,1,2097406,1731690
spill,2097152,1,2097406,1697170
spill,2097152,1,2097406,1766068
spill,2097152,1,2097406,1838232
spill,2097152,1,2097406,1771285
spill,2097152,1,2097406,1624916
spill,2097152,1,2097406,1821750
spill,2097152,1,2097406,1929705
spill,2097152,1,2097406,1883377
spill,2097152,1,2097406,1684119
spill,2097152,1,2097406,1695370
spill,2097152,1,2097406,1689192
spill,2097152,1,2097406,1769764
spill,2097152,1,2097406,1760752
spill,2097152,1,2097406,1685190
spill,2097152,1,2097406,1692714
spill,2097152,1,2097406,1599588
spill,2097152,1,2097406,1863431
spill,2097152,1,2097406,1738339
spill,2097152,1,2097406,1782902
spill,2097152,1,2097406,1711026
spill,2097152,1,2097406,1723763
spill,2097152,1,2097406,1774747
spill,2097152,1,2097406,1877854
spill,2097152,1,2097406,1714654
spill,2097152,1,2097406,1862391
spill,2097152,1,2097406,1803141
spill,2097152,1,2097406,1845723
spill,2097152,1,2097406,1729818
spill,2097152,1,2097406,1807668
spill,2097152,1,2097406,1692665
spill,2097152,1,2097406,1743395
spill,2097152,1,2097406,1774791
spill,2097152,1,2097406,1707543
spill,2097152,1,2097406,1764967
spill,2097152,1,2097406,1657884
spill,2097152,1,2097406,1706174
spill,2097152,1,2097406,1760848
spill,2097152,1,2097406,1755383
spill,2097152,1,2097406,1769507
spill,2097152,1,2097406,1829855
spill,2097152,1,2097406,1759599
spill,2097152,1,2097406,1654770
spill,2097152,1,2097406,2004895
spill,2097152,1,2097406,1750170
spill,2097152,1,2097406,1778238
spill,2097152,1,2097406,1846823
spill,2097152,1,2097406,1651225
spill,2097152,1,2097406,1765161
spill,2097152,1,2097406,1965443
spill,2097152,1,2097406,1600895
spill,2097152,1,2097406,1657953
spill,2097152,1,2097406,1697268
spill,2097152,1,2097406,1687989
spill,2097152,1,2097406,1701212
spill,2097152,120,251688720,167069048
spill,2097152,1,2097406,2053886
spill,2097152,1,2097406,1524834
spill,2097152,1,2097406,2161151
spill,2097152,2,4194812,4476638
spill,2097152,1,2097406,2235839
spill,2097152,2,4194812,3827959
spill,2097152,1,2097406,2100111
spill,2097152,1,2097406,2290054
spill,2097152,1,2097406,1961602
spill,2097152,1,2097406,2054843
spill,2097152,1,2097406,2034129
spill,2097152,1,2097406,1954106
spill,2097152,1,2097406,1868589
spill,2097152,1,2097406,2126248
spill,2097152,2,4194812,3242660
spill,2097152,1,2097406,2263877
spill,2097152,1,2097406,1793392
spill,2097152,1,2097406,1919182
spill,2097152,1,2097406,1862763
spill,2097152,1,2097406,1868152
spill,2097152,1,2097406,1896958
spill,2097152,1,2097406,1925554
spill,2097152,1,2097406,2134520
spill,2097152,1,2097406,1936583
spill,2097152,1,2097406,1984277
spill,2097152,1,2097406,1794429
spill,2097152,1,2097406,1938744
spill,2097152,1,2097406,2082668
spill,2097152,1,2097406,1936784
spill,2097152,1,2097406,1791156
spill,2097152,1,2097406,1681995
spill,2097152,1,2097406,1951369
spill,2097152,1,2097406,1873400
spill,2097152,1,2097406,1795520
spill,2097152,1,2097406,1921125
spill,2097152,1,2097406,1935485
spill,2097152,1,2097406,2324652
spill,2097152,1,2097406,2088585
spill,2097152,1,2097406,1881721
spill,2097152,1,2097406,1880251
spill,2097152,1,2097406,1916244
spill,2097152,1,2097406,2143678
spill,2097152,1,2097406,1798485
spill,2097152,1,2097406,1773142
spill,2097152,1,2097406,1702319
spill,2097152,1,2097406,1979684
spill,2097152,1,2097406,1938617
spill,2097152,1,2097406,1770396
spill,2097152,1,2097406,1641030
spill,2097152,1,2097406,1896150
spill,2097152,1,2097406,1894029
spill,2097152,1,2097406,1981766
spill,2097152,1,2097406,1820302
spill,2097152,1,2097406,1703737
spill,2097152,1,2097406,1779409
spill,2097152,1,2097406,1902117
spill,2097152,1,2097406,1862916
spill,2097152,1,2097406,1935131
spill,2097152,1,2097406,1632596
spill,2097152,1,2097406,1874236
spill,2097152,1,2097406,2028534
spill,2097152,1,2097406,1672870
spill,2097152,1,2097406,1790080
spill,2097152,1,2097406,1984836
spill,2097152,1,2097406,1844839
spill,2097152,1,2097406,1854877
spill,2097152,1,2097406,1782573
spill,2097152,1,2097406,1704780
spill,2097152,1,2097406,1745557
spill,2097152,1,2097406,1935031
spill,2097152,1,2097406,1682418
spill,2097152,1,2097406,1848574
spill,2097152,1,2097406,1883300
spill,2097152,1,2097406,1855059
spill,2097152,1,2097406,2049696
spill,2097152,1,2097406,1932434
spill,2097152,1,2097406,1787336
spill,2097152,1,2097406,1783296
spill,2097152,1,2097406,1921325
spill,2097152,1,2097406,1703585
spill,2097152,1,2097406,1723503
spill,2097152,1,2097406,1701896
spill,2097152,1,2097406,1795615
spill,2097152,1,2097406,1693292
spill,2097152,1,2097406,1782398
spill,2097152,1,2097406,1651209
spill,2097152,1,2097406,1623645
spill,2097152,1,2097406,1684402
spill,2097152,1,2097406,1721683
spill,2097152,1,2097406,1647816
spill,2097152,1,2097406,1668158
spill,2097152,1,2097406,1605344
spill,2097152,1,2097406,1794065
spill,2097152,1,2097406,1848552
spill,2097152,1,2097406,1731925
spill,2097152,1,2097406,1830746
spill,2097152,1,2097406,1781480
spill,2097152,1,2097406,1798068
spill,2097152,1,2097406,2059195
spill,2097152,1,2097406,1959509
spill,2097152,1,2097406,1730088
spill,2097152,1,2097406,1827200
spill,2097152,1,2097406,1893113
spill,2097152,1,2097406,1801964
spill,2097152,1,2097406,1755817
spill,2097152,1,2097406,1767637
spill,2097152,1,2097406,1669610
spill,2097152,1,2097406,1810105
spill,2097152,1,2097406,1835644
spill,2097152,1,2097406,1747396
spill,2097152,1,2097406,1734252
spill,2097152,1,2097406,1775738
spill,2097152,1,2097406,1835197
spill,2097152,1,2097406,1967639
spill,2097152,1,2097406,1669323
spill,2097152,1,2097406,1784316
spill,2097152,1,2097406,1846150
spill,2097152,1,2097406,1723169
spill,2097152,1,2097406,1912053
spill,2097152,1,2097406,2133187
spill,2097152,1,2097406,1633504
spill,2097152,1,2097406,1651232
spill,2097152,1,2097406,2095333
spill,2097152,1,2097406,2933755
spill,2097152,1,2097406,1718259
spill,2097152,1,2097406,1574658
spill,2097152,1,2097406,1762690
spill,2097152,1,2097406,1760915
spill,2097152,1,2097406,1814629
spill,2097152,1,2097406,1841432
spill,2097152,1,2097406,1694405
spill,2097152,1,2097406,1740455
spill,2097152,1,2097406,1910523
spill,2097152,1,2097406,1642141
spill,2097152,1,2097406,1670747
spill,2097152,1,2097406,1603101
spill,2097152,1,2097406,1730843
spill,2097152,1,2097406,1831569
spill,2097152,1,2097406,1679612
spill,2097152,1,2097406,1763582
spill,2097152,1,2097406,1756262
spill,2097152,1,2097406,1704758
spill,2097152,1,2097406,2063681
spill,2097152,1,2097406,1713426
spill,2097152,1,2097406,2017134
spill,2097152,1,2097406,1604460
spill,2097152,1,2097406,1680871
spill,2097152,120,251688720,155546017
spill,4194304,1,4194558,8426359
spill,4194304,1,4194558,9017601
spill,4194304,2,8389116,10994313
spill,4194304,5,20972790,25130330
spill,4194304,1,4194558,5901597
spill,4194304,5,20972790,25055919
spill,4194304,2,8389116,6432540
spill,4194304,1,4194558,4827214
spill,4194304,1,4194558,4202462
spill,4194304,1,4194558,4301006
spill,4194304,2,8389116,6916030
spill,4194304,2,8389116,10317983
spill,4194304,1,4194558,3884856
spill,4194304,1,4194558,3744475
spill,4194304,1,4194558,3647941
spill,4194304,1,4194558,3660761
spill,4194304,1,4194558,3593572
spill,4194304,1,4194558,3814271
spill,4194304,1,4194558,3614822
spill,4194304,1,4194558,3603496
spill,4194304,1,4194558,3734757
spill,4194304,1,4194558,3503823
spill,4194304,1,4194558,3485338
spill,4194304,1,4194558,3718702
spill,4194304,1,4194558,3446926
spill,4194304,1,4194558,3317257
spill,4194304,1,4194558,3456283
spill,4194304,1,4194558,3960494
spill,4194304,1,4194558,3701515
spill,4194304,1,4194558,3394770
spill,4194304,1,4194558,3801751
spill,4194304,1,4194558,3791709
spill,4194304,1,4194558,3709362
spill,4194304,1,4194558,3564420
spill,4194304,1,4194558,3681830
spill,4194304,1,4194558,3479480
spill,4194304,1,4194558,3287097
spill,4194304,1,4194558,3456917
spill,4194304,1,4194558,3614802
spill,4194304,1,4194558,3531523
spill,4194304,1,4194558,3515766
spill,4194304,1,4194558,3590150
spill,4194304,1,4194558,3594490
spill,4194304,1,4194558,3637796
spill,4194304,1,4194558,3592828
spill,4194304,1,4194558,3577594
spill,4194304,1,4194558,4153461
spill,4194304,1,4194558,3598828
spill,4194304,1,4194558,3336526
spill,4194304,1,4194558,3664027
spill,4194304,1,4194558,3535460
spill,4194304,1,4194558,3392817
spill,4194304,1,4194558,3508847
spill,4194304,1,4194558,3549506
spill,4194304,1,4194558,3547108
spill,4194304,1,4194558,3410502
spill,4194304,1,4194558,3472264
spill,4194304,1,4194558,3303566
spill,4194304,1,4194558,3381773
spill,4194304,1,4194558,3494449
spill,4194304,1,4194558,3412709
spill,4194304,1,4194558,3534000
spill,4194304,1,4194558,3578611
spill,4194304,1,4194558,3706553
spill,4194304,1,4194558,3705606
spill,4194304,1,4194558,3528674
spill,4194304,1,4194558,3917161
spill,4194304,1,4194558,3776778
spill,4194304,1,4194558,4016702
spill,4194304,1,4194558,3593802
spill,4194304,1,4194558,3397403
spill,4194304,1,4194558,3824463
spill,4194304,1,4194558,4032405
spill,4194304,1,4194558,3749502
spill,4194304,1,4194558,3405157
spill,4194304,1,4194558,3646328
spill,4194304,1,4194558,3749281
spill,4194304,1,4194558,3731706
spill,4194304,1,4194558,3330436
spill,4194304,1,4194558,3546826
spill,4194304,1,4194558,3749235
spill,4194304,1,4194558,3336102
spill,4194304,1,4194558,3418991
spill,4194304,1,4194558,3847307
spill,4194304,1,4194558,3404476
spill,4194304,1,4194558,3372085
spill,4194304,1,4194558,4062298
spill,4194304,1,4194558,3519404
spill,4194304,1,4194558,3366491
spill,4194304,1,4194558,3852388
spill,4194304,1,4194558,3529636
spill,4194304,1,4194558,3312191
spill,4194304,1,4194558,4095654
spill,4194304,1,4194558,3432641
spill,4194304,1,4194558,3376399
spill,4194304,1,4194558,3347696
spill,4194304,1,4194558,3419828
spill,4194304,1,4194558,3263552
spill,4194304,1,4194558,3325809
spill,4194304,1,4194558,3405570
spill,4194304,1,4194558,3456411
spill,4194304,1,4194558,3305819
spill,4194304,1,4194558,3239237
spill,4194304,1,4194558,3598884
spill,4194304,1,4194558,3573253
spill,4194304,1,4194558,3383463
spill,4194304,1,4194558,3320984
spill,4194304,1,4194558,3651206
spill,4194304,1,4194558,3296386
spill,4194304,1,4194558,3442331
spill,4194304,1,4194558,3343516
spill,4194304,1,4194558,3387070
spill,4194304,1,4194558,3462586
spill,4194304,1,4194558,3356038
spill,4194304,1,4194558,3336687
spill,4194304,1,4194558,3462181
spill,4194304,1,4194558,3600482
spill,4194304,1,4194558,3530565
spill,4194304,1,4194558,3382819
spill,4194304,1,4194558,3328034
spill,4194304,1,4194558,3661983
spill,4194304,1,4194558,3407281
spill,4194304,1,4194558,3448403
spill,4194304,1,4194558,3682684
spill,4194304,1,4194558,3688394
spill,4194304,60,251673480,193703827
spill,4194304,1,4194558,3833847
spill,4194304,1,4194558,3814592
spill,4194304,1,4194558,3411922
spill,4194304,1,4194558,3628952
spill,4194304,1,4194558,3303166
spill,4194304,1,4194558,3413425
spill,4194304,1,4194558,3502741
spill,4194304,1,4194558,3609491
spill,4194304,1,4194558,3209703
spill,4194304,1,4194558,3916207
spill,4194304,1,4194558,4082846
spill,4194304,1,4194558,4148417
spill,4194304,1,4194558,3501391
spill,4194304,1,4194558,3784108
spill,4194304,1,4194558,3836962
spill,4194304,1,4194558,3634430
spill,4194304,1,4194558,3658139
spill,4194304,1,4194558,4010084
spill,4194304,1,4194558,3604742
spill,4194304,1,4194558,3535275
spill,4194304,1,4194558,3839165
spill,4194304,1,4194558,3797318
spill,4194304,1,4194558,3542325
spill,4194304,1,4194558,4170397
spill,4194304,1,4194558,3493325
spill,4194304,1,4194558,3720306
spill,4194304,1,4194558,3690375
spill,4194304,1,4194558,4103954
spill,4194304,1,4194558,3552335
spill,4194304,1,4194558,3682475
spill,4194304,1,4194558,3692266
spill,4194304,1,4194558,3562592
spill,4194304,1,4194558,3439766
spill,4194304,1,4194558,3903963
spill,4194304,1,4194558,3530979
spill,4194304,1,4194558,3631141
spill,4194304,1,4194558,3592857
spill,4194304,1,4194558,3935801
spill,4194304,1,4194558,3335451
spill,4194304,1,4194558,3700642
spill,4194304,1,4194558,4259636
spill,4194304,1,4194558,3293229
spill,4194304,60,251673480,165863142
spill,8388608,1,8388862,11197908
spill,8388608,1,8388862,9424117
spill,8388608,1,8388862,6287985
spill,8388608,6,50333172,51165248
spill,8388608,1,8388862,7252387
spill,8388608,1,8388862,7510410
spill,8388608,1,8388862,6852763
spill,8388608,1,8388862,11798758
spill,8388608,1,8388862,7298539
spill,8388608,1,8388862,6160623
spill,8388608,1,8388862,6210961
spill,8388608,1,8388862,10209407
spill,8388608,1,8388862,6854621
spill,8388608,1,8388862,7177239
spill,8388608,1,8388862,6465917
spill,8388608,1,8388862,6978205
spill,8388608,1,8388862,6870845
spill,8388608,1,8388862,6633450
spill,8388608,1,8388862,6544731
spill,8388608,1,8388862,6515133
spill,8388608,1,8388862,6422640
spill,8388608,1,8388862,6525087
spill,8388608,1,8388862,6527477
spill,8388608,1,8388862,6529753
spill,8388608,1,8388862,6769515
spill,8388608,1,8388862,6687169
spill,8388608,1,8388862,6619970
spill,8388608,1,8388862,6320468
spill,8388608,1,8388862,6645999
spill,8388608,1,8388862,6779012
spill,8388608,1,8388862,6646944
spill,8388608,1,8388862,6593770
spill,8388608,1,8388862,6969572
spill,8388608,1,8388862,6479511
spill,8388608,1,8388862,6336715
spill,8388608,1,8388862,6725518
spill,8388608,1,8388862,6350336
spill,8388608,1,8388862,6105641
spill,8388608,1,8388862,6042724
spill,8388608,1,8388862,6939709
spill,8388608,1,8388862,6779543
spill,8388608,1,8388862,6808395
spill,8388608,2,16777724,15285565
spill,8388608,1,8388862,5989221
spill,8388608,1,8388862,6131093
spill,8388608,1,8388862,6290364
spill,8388608,1,8388862,6415586
spill,8388608,1,8388862,6216193
spill,8388608,1,8388862,6331350
spill,8388608,1,8388862,6726753
spill,8388608,1,8388862,6410430
spill,8388608,1,8388862,6571582
spill,8388608,1,8388862,6574439
spill,8388608,1,8388862,6545540
spill,8388608,1,8388862,6328386
spill,8388608,30,251665860,194898543
spill,8388608,1,8388862,6843917
spill,8388608,1,8388862,6285509
spill,8388608,1,8388862,7414728
spill,8388608,1,8388862,7068987
spill,8388608,1,8388862,6365707
spill,8388608,1,8388862,7112026
spill,8388608,1,8388862,7655136
spill,8388608,1,8388862,7031188
spill,8388608,1,8388862,6885414
spill,8388608,1,8388862,6672645
spill,8388608,1,8388862,6741950
spill,8388608,1,8388862,6386453
spill,8388608,1,8388862,6538319
spill,8388608,1,8388862,6839597
spill,8388608,1,8388862,6808711
spill,8388608,1,8388862,6544347
spill,8388608,1,8388862,6487396
spill,8388608,1,8388862,7171342
spill,8388608,1,8388862,6715340
spill,8388608,1,8388862,6293299
spill,8388608,1,8388862,6337871
spill,8388608,1,8388862,6547351
spill,8388608,1,8388862,6480994
spill,8388608,1,8388862,6099346
spill,8388608,1,8388862,7280558
spill,8388608,1,8388862,6798131
spill,8388608,1,8388862,6535853
spill,8388608,1,8388862,6519568
spill,8388608,30,251665860,164181810
spill,16777216,3,50332410,57212102
spill,16777216,1,16777470,12316280
spill,16777216,1,16777470,12886250
spill,16777216,1,16777470,20872494
spill,16777216,1,16777470,11761579
spill,16777216,1,16777470,11934878
spill,16777216,1,16777470,19134219
spill,16777216,1,16777470,11918624
spill,16777216,1,16777470,11733977
spill,16777216,1,16777470,13548344
spill,16777216,1,16777470,12127955
spill,16777216,1,16777470,11677861
spill,16777216,1,16777470,11814247
spill,16777216,1,16777470,11688071
spill,16777216,1,16777470,12558046
spill,16777216,15,251662050,205334534
spill,16777216,1,16777470,12161443
spill,16777216,1,16777470,11787922
spill,16777216,1,16777470,12275981
spill,16777216,1,16777470,13353306
spill,16777216,1,16777470,12162522
spill,16777216,1,16777470,12601038
spill,16777216,1,16777470,12779662
spill,16777216,1,16777470,13193947
spill,16777216,1,16777470,12637905
spill,16777216,1,16777470,12912515
spill,16777216,1,16777470,11900119
spill,16777216,1,16777470,21313411
spill,16777216,1,16777470,12451217
spill,16777216,1,16777470,12365129
spill,16777216,1,16777470,12249380
spill,16777216,1,16777470,11651044
spill,16777216,1,16777470,19106765
spill,16777216,1,16777470,13126065
spill,16777216,1,16777470,12145376
spill,16777216,1,16777470,11984301
spill,16777216,1,16777470,12029360
spill,16777216,1,16777470,12310591
spill,16777216,1,16777470,11874146
spill,16777216,1,16777470,12650735
spill,16777216,1,16777470,12128311
spill,16777216,1,16777470,12051150
spill,16777216,1,16777470,12074429
spill,16777216,15,251662050,181685194
spill,33554432,1,33554686,40132256
spill,33554432,1,33554686,36787293
spill,33554432,1,33554686,36952983
spill,33554432,1,33554686,35907248
spill,33554432,1,33554686,37039197
spill,33554432,8,268437488,289810459
spill,33554432,1,33554686,35565246
spill,33554432,1,33554686,37926515
spill,33554432,1,33554686,36153391
spill,33554432,1,33554686,37017742
spill,33554432,1,33554686,35781070
spill,33554432,1,33554686,37260904
spill,33554432,8,268437488,287083519
spill,33554432,1,33554686,35021301
spill,33554432,8,268437488,261383415
