1779838784.468383,spill,FileSystemStorage,65536,2000,131562000,137059977,90669150
1779838784.473758,spill,FileSystemStorage,65536,1,65781,267380,57995
1779838784.489530,spill,FileSystemStorage,65536,2000,131562000,149050501,93078777
1779838784.490606,spill,FileSystemStorage,65536,1651,108604431,122513182,75637467
1779838784.491275,spill,FileSystemStorage,65536,2000,131562000,156608956,100239533
1779838784.506412,spill,FileSystemStorage,65536,1,65781,275042,59833
1779838784.509269,spill,FileSystemStorage,65536,1,65781,273033,60228
1779838784.522307,spill,FileSystemStorage,65536,5,328905,468151,202548
1779838784.532988,spill,FileSystemStorage,65536,2,131562,338698,102686
1779838784.555612,spill,FileSystemStorage,65536,6,394686,544097,243565
1779838784.558219,spill,FileSystemStorage,65536,1,65781,249754,57289
1779838784.558605,spill,FileSystemStorage,65536,3,197343,374040,138119
1779838784.558784,spill,FileSystemStorage,65536,1,65781,266339,67984
1779838784.564256,spill,FileSystemStorage,65536,1,65781,514576,63486
1779838784.564691,spill,FileSystemStorage,65536,3,197343,370667,156740
1779838784.565102,spill,FileSystemStorage,65536,5,328905,766381,224553
1779838784.565261,spill,FileSystemStorage,65536,4,263124,750085,233188
1779838784.568089,spill,FileSystemStorage,65536,1,65781,238067,70616
1779838784.568467,spill,FileSystemStorage,65536,2,131562,265979,100343
1779838784.568554,spill,FileSystemStorage,65536,3,197343,335317,140572
1779838784.568747,spill,FileSystemStorage,65536,1,65781,232028,47774
1779838784.572068,spill,FileSystemStorage,65536,1,65781,438642,63727
1779838784.573128,spill,FileSystemStorage,65536,2,131562,528376,105388
1779838784.573181,spill,FileSystemStorage,65536,3,197343,549219,139538
1779838784.573655,spill,FileSystemStorage,65536,1,65781,193756,47861
1779838784.576419,spill,FileSystemStorage,65536,1,65781,221585,64869
1779838784.576675,spill,FileSystemStorage,65536,3,197343,284640,130918
1779838784.576855,spill,FileSystemStorage,65536,2,131562,232562,90185
1779838784.577054,spill,FileSystemStorage,65536,1,65781,215902,55415
1779838784.579303,spill,FileSystemStorage,65536,1,65781,232680,71982
1779838784.579336,spill,FileSystemStorage,65536,1,65781,178247,54462
1779838784.579439,spill,FileSystemStorage,65536,1,65781,195769,53691
1779838784.579987,spill,FileSystemStorage,65536,1,65781,226884,57345
1779838784.582223,spill,FileSystemStorage,65536,1,65781,173961,56365
1779838784.582484,spill,FileSystemStorage,65536,2,131562,280162,113815
1779838784.582690,spill,FileSystemStorage,65536,1,65781,249778,70230
1779838784.583270,spill,FileSystemStorage,65536,3,197343,324711,134578
1779838784.584688,spill,FileSystemStorage,65536,1,65781,186175,56881
1779838784.585172,spill,FileSystemStorage,65536,4,263124,415125,203900
1779838784.585697,spill,FileSystemStorage,65536,5,328905,419319,210474
1779838784.585920,spill,FileSystemStorage,65536,4,263124,343025,160336
1779838784.587647,spill,FileSystemStorage,65536,2,131562,228831,92586
1779838784.588300,spill,FileSystemStorage,65536,3,197343,367309,160197
1779838784.588786,spill,FileSystemStorage,65536,1,65781,208433,56095
1779838784.589254,spill,FileSystemStorage,65536,1,65781,187438,60357
1779838784.590407,spill,FileSystemStorage,65536,3,197343,285545,122314
1779838784.590841,spill,FileSystemStorage,65536,1,65781,203408,64940
1779838784.591428,spill,FileSystemStorage,65536,2,131562,214932,87304
1779838784.592013,spill,FileSystemStorage,65536,1,65781,214769,56971
1779838784.592956,spill,FileSystemStorage,65536,1,65781,187973,56578
1779838784.593513,spill,FileSystemStorage,65536,1,65781,233552,69242
1779838784.594107,spill,FileSystemStorage,65536,2,131562,239755,90902
1779838784.594563,spill,FileSystemStorage,65536,2,131562,264408,95315
1779838784.595429,spill,FileSystemStorage,65536,2,131562,220243,88348
1779838784.596025,spill,FileSystemStorage,65536,1,65781,219266,70426
1779838784.596674,spill,FileSystemStorage,65536,1,65781,174040,54419
1779838784.596999,spill,FileSystemStorage,65536,1,65781,161438,50276
1779838784.598132,spill,FileSystemStorage,65536,2,131562,233094,90537
1779838784.598848,spill,FileSystemStorage,65536,1,65781,210467,64598
1779838784.599145,spill,FileSystemStorage,65536,1,65781,181990,49864
1779838784.599613,spill,FileSystemStorage,65536,3,197343,274006,126703
1779838784.601082,spill,FileSystemStorage,65536,1,65781,168596,50336
1779838784.601768,spill,FileSystemStorage,65536,2,131562,226827,89992
1779838784.601897,spill,FileSystemStorage,65536,2,131562,223443,84674
1779838784.602253,spill,FileSystemStorage,65536,2,131562,200997,83675
1779838784.603565,spill,FileSystemStorage,65536,1,65781,222277,55674
1779838784.604254,spill,FileSystemStorage,65536,1,65781,181037,49036
1779838784.604429,spill,FileSystemStorage,65536,1,65781,202064,57695
1779838784.605065,spill,FileSystemStorage,65536,2,131562,307996,112072
1779838784.606105,spill,FileSystemStorage,65536,1,65781,193124,53759
1779838784.606740,spill,FileSystemStorage,65536,1,65781,170284,49159
1779838784.607045,spill,FileSystemStorage,65536,1,65781,244103,87373
1779838784.607737,spill,FileSystemStorage,65536,2,131562,250056,95139
1779838784.608857,spill,FileSystemStorage,65536,1,65781,168940,53158
1779838784.609598,spill,FileSystemStorage,65536,3,197343,281368,123542
1779838784.609929,spill,FileSystemStorage,65536,1,65781,221311,66788
1779838784.610843,spill,FileSystemStorage,65536,2,131562,246900,100972
1779838784.611409,spill,FileSystemStorage,65536,1,65781,181840,49431
1779838784.611802,spill,FileSystemStorage,65536,3,197343,263226,121159
1779838784.611961,spill,FileSystemStorage,65536,2,131562,304923,116455
1779838784.612402,spill,FileSystemStorage,65536,2,131562,226713,90882
1779838784.612631,spill,FileSystemStorage,65536,1,65781,202632,63278
1779838784.612793,spill,FileSystemStorage,65536,2,131562,256591,99465
1779838784.612990,spill,FileSystemStorage,65536,1,65781,209098,63847
1779838784.613337,spill,FileSystemStorage,65536,1,65781,202981,50246
1779838784.613354,spill,FileSystemStorage,65536,1,65781,170371,51125
1779838784.613488,spill,FileSystemStorage,65536,1,65781,141066,46022
1779838784.613801,spill,FileSystemStorage,65536,1,65781,185700,54414
1779838784.614246,spill,FileSystemStorage,65536,2,131562,194727,94031
1779838784.614294,spill,FileSystemStorage,65536,1,65781,184101,64065
1779838784.614308,spill,FileSystemStorage,65536,3,197343,256200,132552
1779838784.614643,spill,FileSystemStorage,65536,3,197343,256934,129807
1779838784.614737,spill,FileSystemStorage,65536,1,65781,183357,50496
1779838784.614961,spill,FileSystemStorage,65536,2,131562,285814,112317
1779838784.615023,spill,FileSystemStorage,65536,1,65781,262161,87350
1779838784.615280,spill,FileSystemStorage,65536,4,263124,288965,151816
1779838784.615531,spill,FileSystemStorage,65536,1,65781,195970,63842
1779838784.615699,spill,FileSystemStorage,65536,2,131562,229771,100197
1779838784.615714,spill,FileSystemStorage,65536,1,65781,147411,56069
1779838784.615746,spill,FileSystemStorage,65536,1,65781,132916,48402
1779838784.616146,spill,FileSystemStorage,65536,1,65781,172070,56033
1779838784.616162,spill,FileSystemStorage,65536,2,131562,238295,93190
1779838784.616451,spill,FileSystemStorage,65536,3,197343,245774,121733
1779838784.616488,spill,FileSystemStorage,65536,1,65781,141915,55137
1779838784.616578,spill,FileSystemStorage,65536,1,65781,173021,48910
1779838784.616874,spill,FileSystemStorage,65536,1,65781,147584,57839
1779838784.616911,spill,FileSystemStorage,65536,1,65781,141752,62532
1779838784.616912,spill,FileSystemStorage,65536,2,131562,269103,116182
1779838784.617132,spill,FileSystemStorage,65536,3,197343,220440,118243
1779838784.617392,spill,FileSystemStorage,65536,1,65781,169582,51453
1779838784.617483,spill,FileSystemStorage,65536,1,65781,152970,51646
1779838784.617505,spill,FileSystemStorage,65536,4,263124,296611,164917
1779838784.617766,spill,FileSystemStorage,65536,4,263124,254883,151582
1779838784.617860,spill,FileSystemStorage,65536,1,65781,134651,44416
1779838784.617950,spill,FileSystemStorage,65536,1,65781,124791,44460
1779838784.618059,spill,FileSystemStorage,65536,2,131562,249402,93245
1779838784.618301,spill,FileSystemStorage,65536,3,197343,217645,118694
1779838784.618331,spill,FileSystemStorage,65536,1,65781,108740,44991
1779838784.618448,spill,FileSystemStorage,65536,2,131562,174193,81683
1779838784.618608,spill,FileSystemStorage,65536,1,65781,191856,62588
1779838784.618728,spill,FileSystemStorage,65536,1,65781,127715,47097
1779838784.618870,spill,FileSystemStorage,65536,2,131562,195622,90138
1779838784.619181,spill,FileSystemStorage,65536,1,65781,141465,52376
1779838784.619179,spill,FileSystemStorage,65536,2,131562,243084,104628
1779838784.619194,spill,FileSystemStorage,65536,4,263124,410704,216371
1779838784.619526,spill,FileSystemStorage,65536,1,65781,158515,44593
1779838784.620105,spill,FileSystemStorage,65536,1,65781,191715,55442
1779838784.620165,spill,FileSystemStorage,65536,2,131562,188274,86441
1779838784.620244,spill,FileSystemStorage,65536,2,131562,225810,103573
1779838784.620254,spill,FileSystemStorage,65536,1,65781,226186,65490
1779838784.620521,spill,FileSystemStorage,65536,1,65781,134806,49302
1779838784.620763,spill,FileSystemStorage,65536,1,65781,147500,51775
1779838784.620959,spill,FileSystemStorage,65536,1,65781,117286,48266
1779838784.621198,spill,FileSystemStorage,65536,4,263124,390901,200857
1779838784.621312,spill,FileSystemStorage,65536,1,65781,142392,46940
1779838784.621706,spill,FileSystemStorage,65536,2,131562,189371,90029
1779838784.621696,spill,FileSystemStorage,65536,3,197343,310849,139274
1779838784.621879,spill,FileSystemStorage,65536,1,65781,215533,65447
1779838784.621904,spill,FileSystemStorage,65536,1,65781,148711,53773
1779838784.622344,spill,FileSystemStorage,65536,1,65781,113195,44751
1779838784.622487,spill,FileSystemStorage,65536,1,65781,180002,55719
1779838784.622724,spill,FileSystemStorage,65536,1,65781,207906,66272
1779838784.622750,spill,FileSystemStorage,65536,1,65781,187319,56334
1779838784.622958,spill,FileSystemStorage,65536,2,131562,223151,106781
1779838784.623043,spill,FileSystemStorage,65536,2,131562,232494,132871
1779838784.623250,spill,FileSystemStorage,65536,1,65781,174381,56531
1779838784.623312,spill,FileSystemStorage,65536,2,131562,194493,85824
1779838784.624106,spill,FileSystemStorage,65536,2,131562,258739,106765
1779838784.624264,spill,FileSystemStorage,65536,1,65781,193434,55374
1779838784.624281,spill,FileSystemStorage,65536,1,65781,159097,57495
1779838784.624326,spill,FileSystemStorage,65536,3,197343,257813,125154
1779838784.624793,spill,FileSystemStorage,65536,1,65781,138477,53890
1779838784.624841,spill,FileSystemStorage,65536,2,131562,251790,100843
1779838784.625132,spill,FileSystemStorage,65536,2,131562,208235,88285
1779838784.625217,spill,FileSystemStorage,65536,2,131562,207741,86230
1779838784.625622,spill,FileSystemStorage,65536,1,65781,153169,54890
1779838784.625678,spill,FileSystemStorage,65536,2,131562,272426,114434
1779838784.625904,spill,FileSystemStorage,65536,2,131562,230433,96588
1779838784.626065,spill,FileSystemStorage,65536,4,263124,289873,160185
1779838784.626119,spill,FileSystemStorage,65536,1,65781,126806,44669
1779838784.626253,spill,FileSystemStorage,65536,1,65781,205000,53280
1779838784.626413,spill,FileSystemStorage,65536,2,131562,202419,86815
1779838784.626664,spill,FileSystemStorage,65536,3,197343,236562,115770
1779838784.626764,spill,FileSystemStorage,65536,1,65781,211620,55572
1779838784.626843,spill,FileSystemStorage,65536,2,131562,227873,100336
1779838784.627000,spill,FileSystemStorage,65536,1,65781,173553,48229
1779838784.627160,spill,FileSystemStorage,65536,1,65781,150038,52379
1779838784.627262,spill,FileSystemStorage,65536,1,65781,154585,50261
1779838784.627594,spill,FileSystemStorage,65536,2,131562,213087,100007
1779838784.627718,spill,FileSystemStorage,65536,5,328905,413611,224735
1779838784.627815,spill,FileSystemStorage,65536,2,131562,189460,91327
1779838784.627836,spill,FileSystemStorage,65536,2,131562,206440,94317
1779838784.628109,spill,FileSystemStorage,65536,2,131562,193459,92716
1779838784.628454,spill,FileSystemStorage,65536,1,65781,148325,53097
1779838784.628508,spill,FileSystemStorage,65536,3,197343,223159,135898
1779838784.628775,spill,FileSystemStorage,65536,1,65781,156508,51799
1779838784.628793,spill,FileSystemStorage,65536,5,328905,379086,206659
1779838784.628907,spill,FileSystemStorage,65536,1,65781,154212,45862
1779838784.629097,spill,FileSystemStorage,65536,2,131562,230225,86805
1779838784.629299,spill,FileSystemStorage,65536,2,131562,212399,100789
1779838784.629344,spill,FileSystemStorage,65536,1,65781,160508,52894
1779838784.629552,spill,FileSystemStorage,65536,2,131562,192609,81141
1779838784.629716,spill,FileSystemStorage,65536,3,197343,358259,158613
1779838784.629829,spill,FileSystemStorage,65536,2,131562,199381,85564
1779838784.629923,spill,FileSystemStorage,65536,2,131562,208258,91200
1779838784.630116,spill,FileSystemStorage,65536,1,65781,119855,46225
1779838784.630316,spill,FileSystemStorage,65536,2,131562,244067,107340
1779838784.630414,spill,FileSystemStorage,65536,1,65781,121967,45541
1779838784.630608,spill,FileSystemStorage,65536,3,197343,265687,139637
1779838784.630841,spill,FileSystemStorage,65536,2,131562,149833,76762
1779838784.631195,spill,FileSystemStorage,65536,4,263124,497797,261686
1779838784.631258,spill,FileSystemStorage,65536,5,328905,399558,216270
1779838784.631267,spill,FileSystemStorage,65536,1,65781,172703,52155
1779838784.631456,spill,FileSystemStorage,65536,2,131562,207450,83156
1779838784.632616,spill,FileSystemStorage,65536,3,197343,338366,160216
1779838784.632726,spill,FileSystemStorage,65536,1,65781,151896,52616
1779838784.632722,spill,FileSystemStorage,65536,3,197343,289757,146368
1779838784.632730,spill,FileSystemStorage,65536,2,131562,211207,93754
1779838784.633429,spill,FileSystemStorage,65536,1,65781,218198,67004
1779838784.633588,spill,FileSystemStorage,65536,5,328905,311939,191259
1779838784.633648,spill,FileSystemStorage,65536,2,131562,191533,81031
1779838784.633843,spill,FileSystemStorage,65536,1,65781,175411,56957
1779838784.634270,spill,FileSystemStorage,65536,1,65781,226543,57865
1779838784.634398,spill,FileSystemStorage,65536,3,197343,337576,124548
1779838784.634568,spill,FileSystemStorage,65536,2,131562,299563,106602
1779838784.634668,spill,FileSystemStorage,65536,3,197343,332010,138935
1779838784.634818,spill,FileSystemStorage,65536,1,65781,162138,48749
1779838784.635107,spill,FileSystemStorage,65536,1,65781,233010,56647
1779838784.635253,spill,FileSystemStorage,65536,3,197343,424058,178518
1779838784.635344,spill,FileSystemStorage,65536,4,263124,311459,163135
1779838784.635469,spill,FileSystemStorage,65536,2,131562,200170,85913
1779838784.635843,spill,FileSystemStorage,65536,2,131562,193519,81709
1779838784.635959,spill,FileSystemStorage,65536,1,65781,161625,47831
1779838784.636079,spill,FileSystemStorage,65536,1,65781,156837,48936
1779838784.636139,spill,FileSystemStorage,65536,2,131562,290330,116175
1779838784.636483,spill,FileSystemStorage,65536,2,131562,198968,87495
1779838784.636548,spill,FileSystemStorage,65536,1,65781,146315,52376
1779838784.636654,spill,FileSystemStorage,65536,3,197343,227256,118711
1779838784.636981,spill,FileSystemStorage,65536,1,65781,157135,57376
1779838784.637057,spill,FileSystemStorage,65536,2,131562,284605,122579
1779838784.637470,spill,FileSystemStorage,65536,2,131562,216440,94301
1779838784.637519,spill,FileSystemStorage,65536,5,328905,417897,222363
1779838784.637621,spill,FileSystemStorage,65536,3,197343,225286,114451
1779838784.637676,spill,FileSystemStorage,65536,1,65781,186960,61498
1779838784.637850,spill,FileSystemStorage,65536,1,65781,121410,45943
1779838784.638178,spill,FileSystemStorage,65536,1,65781,162554,51616
1779838784.638189,spill,FileSystemStorage,65536,1,65781,193478,60611
1779838784.638593,spill,FileSystemStorage,65536,2,131562,199565,94558
1779838784.638654,spill,FileSystemStorage,65536,4,263124,410906,220559
1779838784.638690,spill,FileSystemStorage,65536,1,65781,119680,46657
1779838784.638928,spill,FileSystemStorage,65536,1,65781,200610,57773
1779838784.639203,spill,FileSystemStorage,65536,1,65781,147752,53476
1779838784.639221,spill,FileSystemStorage,65536,2,131562,197574,90200
1779838784.639549,spill,FileSystemStorage,65536,4,263124,388975,206504
1779838784.639569,spill,FileSystemStorage,65536,2,131562,234301,95952
1779838784.639683,spill,FileSystemStorage,65536,1,65781,124108,46120
1779838784.639828,spill,FileSystemStorage,65536,3,197343,215748,116202
1779838784.640025,spill,FileSystemStorage,65536,2,131562,189715,77698
1779838784.640467,spill,FileSystemStorage,65536,1,65781,213180,69803
1779838784.640527,spill,FileSystemStorage,65536,5,328905,365322,218805
1779838784.640919,spill,FileSystemStorage,65536,2,131562,187241,84674
1779838784.641101,spill,FileSystemStorage,65536,3,197343,259123,127274
1779838784.641109,spill,FileSystemStorage,65536,1,65781,154224,54979
1779838784.641119,spill,FileSystemStorage,65536,1,65781,219367,71923
1779838784.641578,spill,FileSystemStorage,65536,2,131562,171903,84236
1779838784.641671,spill,FileSystemStorage,65536,1,65781,149707,58564
1779838784.641733,spill,FileSystemStorage,65536,4,263124,266625,156257
1779838784.641792,spill,FileSystemStorage,65536,1,65781,202465,63295
1779838784.642066,spill,FileSystemStorage,65536,1,65781,139048,47569
1779838784.642136,spill,FileSystemStorage,65536,1,65781,136678,48426
1779838784.642548,spill,FileSystemStorage,65536,6,394686,372391,238152
1779838784.642544,spill,FileSystemStorage,65536,2,131562,272550,126014
1779838784.642653,spill,FileSystemStorage,65536,3,197343,264264,140413
1779838784.642847,spill,FileSystemStorage,65536,5,328905,380196,230538
1779838784.643151,spill,FileSystemStorage,65536,2,131562,228531,91004
1779838784.643362,spill,FileSystemStorage,65536,3,197343,252574,126165
1779838784.643545,spill,FileSystemStorage,65536,3,197343,356798,166308
1779838784.643571,spill,FileSystemStorage,65536,3,197343,285464,140684
1779838784.643864,spill,FileSystemStorage,65536,3,197343,238732,117824
1779838784.644009,spill,FileSystemStorage,65536,2,131562,204542,84383
1779838784.644227,spill,FileSystemStorage,65536,2,131562,268220,123793
1779838784.644289,spill,FileSystemStorage,65536,4,263124,286680,161545
1779838784.644488,spill,FileSystemStorage,65536,2,131562,166146,83205
1779838784.644674,spill,FileSystemStorage,65536,2,131562,203980,83500
1779838784.644845,spill,FileSystemStorage,65536,1,65781,136238,44615
1779838784.644968,spill,FileSystemStorage,65536,2,131562,265200,109103
1779838784.645105,spill,FileSystemStorage,65536,2,131562,180526,85397
1779838784.645178,spill,FileSystemStorage,65536,1,65781,117005,46107
1779838784.645462,spill,FileSystemStorage,65536,3,197343,240816,116872
1779838784.645641,spill,FileSystemStorage,65536,1,65781,206607,63925
1779838784.645761,spill,FileSystemStorage,65536,1,65781,129441,48034
1779838784.645937,spill,FileSystemStorage,65536,3,197343,226564,116844
1779838784.646042,spill,FileSystemStorage,65536,1,65781,135018,53467
1779838784.646343,spill,FileSystemStorage,65536,2,131562,264048,114589
1779838784.646401,spill,FileSystemStorage,65536,3,197343,226533,121260
1779838784.646632,spill,FileSystemStorage,65536,1,65781,165551,77599
1779838784.646641,spill,FileSystemStorage,65536,4,263124,290422,165726
1779838784.647008,spill,FileSystemStorage,65536,2,131562,217425,114599
1779838784.647229,spill,FileSystemStorage,65536,3,197343,372202,168857
1779838784.647277,spill,FileSystemStorage,65536,3,197343,244885,125602
1779838784.647325,spill,FileSystemStorage,65536,1,65781,192074,50103
1779838784.647928,spill,FileSystemStorage,65536,2,131562,179939,91438
1779838784.647940,spill,FileSystemStorage,65536,2,131562,272691,120846
1779838784.648011,spill,FileSystemStorage,65536,2,131562,175700,82450
1779838784.648136,spill,FileSystemStorage,65536,2,131562,208451,85286
1779838784.648579,spill,FileSystemStorage,65536,1,65781,147204,58292
1779838784.648583,spill,FileSystemStorage,65536,1,65781,211488,71425
1779838784.648644,spill,FileSystemStorage,65536,1,65781,134603,48579
1779838784.649058,spill,FileSystemStorage,65536,2,131562,266336,95028
1779838784.649199,spill,FileSystemStorage,65536,3,197343,251239,127081
1779838784.649322,spill,FileSystemStorage,65536,1,65781,196791,61317
1779838784.649368,spill,FileSystemStorage,65536,1,65781,115566,49321
1779838784.649616,spill,FileSystemStorage,65536,2,131562,228892,95737
1779838784.649776,spill,FileSystemStorage,65536,2,131562,204656,86534
1779838784.649957,spill,FileSystemStorage,65536,1,65781,185465,62407
1779838784.649965,spill,FileSystemStorage,65536,1,65781,134435,48315
1779838784.650400,spill,FileSystemStorage,65536,1,65781,154634,58289
1779838784.650497,spill,FileSystemStorage,65536,3,197343,303312,137773
1779838784.650609,spill,FileSystemStorage,65536,1,65781,158868,50606
1779838784.650636,spill,FileSystemStorage,65536,1,65781,217937,66615
1779838784.651058,spill,FileSystemStorage,65536,2,131562,242336,111073
1779838784.651096,spill,FileSystemStorage,65536,1,65781,177834,49900
1779838784.651194,spill,FileSystemStorage,65536,2,131562,171586,80754
1779838784.651339,spill,FileSystemStorage,65536,1,65781,179731,55493
1779838784.651702,spill,FileSystemStorage,65536,1,65781,134330,48063
1779838784.651791,spill,FileSystemStorage,65536,1,65781,149296,55832
1779838784.651996,spill,FileSystemStorage,65536,2,131562,178806,88134
1779838784.652098,spill,FileSystemStorage,65536,2,131562,269582,120047
1779838784.652139,spill,FileSystemStorage,65536,2,131562,177728,83751
1779838784.652513,spill,FileSystemStorage,65536,1,65781,175384,54661
1779838784.652747,spill,FileSystemStorage,65536,2,131562,208930,82283
1779838784.652819,spill,FileSystemStorage,65536,1,65781,151925,47256
1779838784.652966,spill,FileSystemStorage,65536,3,197343,322148,153687
1779838784.653343,spill,FileSystemStorage,65536,1,65781,222786,51578
1779838784.653852,spill,FileSystemStorage,65536,2,131562,364501,95145
1779838784.653885,spill,FileSystemStorage,65536,3,197343,463816,134098
1779838784.653922,spill,FileSystemStorage,65536,2,131562,313604,121349
1779838784.654224,spill,FileSystemStorage,65536,1,65781,250525,45424
1779838784.654639,spill,FileSystemStorage,65536,1,65781,282258,46497
1779838784.654743,spill,FileSystemStorage,65536,2,131562,174343,89435
1779838784.654773,spill,FileSystemStorage,65536,2,131562,287836,116286
1779838784.654871,spill,FileSystemStorage,65536,1,65781,139169,47725
1779838784.655307,spill,FileSystemStorage,65536,1,65781,229273,61751
1779838784.655582,spill,FileSystemStorage,65536,1,65781,198966,71483
1779838784.655739,spill,FileSystemStorage,65536,4,263124,288000,176700
1779838784.655743,spill,FileSystemStorage,65536,3,197343,280877,139615
1779838784.655763,spill,FileSystemStorage,65536,1,65781,137111,53363
1779838784.656219,spill,FileSystemStorage,65536,1,65781,213587,68783
1779838784.656324,spill,FileSystemStorage,65536,1,65781,133264,47457
1779838784.656442,spill,FileSystemStorage,65536,1,65781,180907,56865
1779838784.656735,spill,FileSystemStorage,65536,1,65781,181742,63651
1779838784.656777,spill,FileSystemStorage,65536,1,65781,158675,56554
1779838784.656859,spill,FileSystemStorage,65536,2,131562,170835,84189
1779838784.657065,spill,FileSystemStorage,65536,2,131562,228793,80760
1779838784.657289,spill,FileSystemStorage,65536,1,65781,153972,54124
1779838784.657404,spill,FileSystemStorage,65536,3,197343,299697,134361
1779838784.657457,spill,FileSystemStorage,65536,1,65781,178327,51965
1779838784.657676,spill,FileSystemStorage,65536,1,65781,140878,46479
1779838784.657833,spill,FileSystemStorage,65536,1,65781,162735,44254
1779838784.657934,spill,FileSystemStorage,65536,1,65781,142095,51150
1779838784.657990,spill,FileSystemStorage,65536,2,131562,262502,112511
1779838784.658340,spill,FileSystemStorage,65536,1,65781,155722,44136
1779838784.658490,spill,FileSystemStorage,65536,2,131562,178652,94072
1779838784.658523,spill,FileSystemStorage,65536,1,65781,135990,45527
1779838784.658805,spill,FileSystemStorage,65536,1,65781,138993,50518
1779838784.658839,spill,FileSystemStorage,65536,1,65781,212882,68660
1779838784.659090,spill,FileSystemStorage,65536,3,197343,279056,175783
1779838784.659172,spill,FileSystemStorage,65536,1,65781,139741,45398
1779838784.659560,spill,FileSystemStorage,65536,1,65781,213975,65828
1779838784.659571,spill,FileSystemStorage,65536,1,65781,191011,62102
1779838784.659747,spill,FileSystemStorage,65536,2,131562,211466,85439
1779838784.660061,spill,FileSystemStorage,65536,1,65781,159324,49462
1779838784.660325,spill,FileSystemStorage,65536,3,197343,329184,160933
1779838784.660375,spill,FileSystemStorage,65536,1,65781,150198,51418
1779838784.660558,spill,FileSystemStorage,65536,1,65781,148019,49802
1779838784.660949,spill,FileSystemStorage,65536,4,263124,308059,158684
1779838784.661042,spill,FileSystemStorage,65536,1,65781,203421,64301
1779838784.661164,spill,FileSystemStorage,65536,1,65781,152075,48066
1779838784.661359,spill,FileSystemStorage,65536,4,263124,311344,176245
1779838784.661400,spill,FileSystemStorage,65536,1,65781,132130,50617
1779838784.661795,spill,FileSystemStorage,65536,2,131562,198508,101560
1779838784.661788,spill,FileSystemStorage,65536,3,197343,327234,155816
1779838784.661814,spill,FileSystemStorage,65536,1,65781,157221,58550
1779838784.662165,spill,FileSystemStorage,65536,2,131562,169861,81517
1779838784.662279,spill,FileSystemStorage,65536,2,131562,164678,79470
1779838784.662436,spill,FileSystemStorage,65536,3,197343,257794,121932
1779838784.662507,spill,FileSystemStorage,65536,1,65781,200854,64558
1779838784.662727,spill,FileSystemStorage,65536,1,65781,167195,54711
1779838784.662909,spill,FileSystemStorage,65536,1,65781,162361,49175
1779838784.663107,spill,FileSystemStorage,65536,3,197343,279353,149390
1779838784.663147,spill,FileSystemStorage,65536,1,65781,258182,67861
1779838784.663230,spill,FileSystemStorage,65536,1,65781,146991,52656
1779838784.663692,spill,FileSystemStorage,65536,2,131562,206852,100083
1779838784.663755,spill,FileSystemStorage,65536,4,263124,296528,172193
1779838784.663764,spill,FileSystemStorage,65536,3,197343,239572,133309
1779838784.664331,spill,FileSystemStorage,65536,1,65781,221045,70799
1779838784.664761,spill,FileSystemStorage,65536,1,65781,154878,55459
1779838784.664763,spill,FileSystemStorage,65536,2,131562,220191,94676
1779838784.664912,spill,FileSystemStorage,65536,2,131562,197779,86511
1779838784.665004,spill,FileSystemStorage,65536,1,65781,214855,63457
1779838784.665226,spill,FileSystemStorage,65536,2,131562,182251,80457
1779838784.665450,spill,FileSystemStorage,65536,1,65781,148598,48456
1779838784.665529,spill,FileSystemStorage,65536,2,131562,228440,85943
1779838784.665710,spill,FileSystemStorage,65536,1,65781,149622,49758
1779838784.665813,spill,FileSystemStorage,65536,2,131562,272531,115506
1779838784.666070,spill,FileSystemStorage,65536,1,65781,145117,56180
1779838784.666274,spill,FileSystemStorage,65536,1,65781,162120,58743
1779838784.666415,spill,FileSystemStorage,65536,5,328905,375909,224776
1779838784.666498,spill,FileSystemStorage,65536,2,131562,271296,111568
1779838784.666710,spill,FileSystemStorage,65536,1,65781,155294,53624
1779838784.666952,spill,FileSystemStorage,65536,3,197343,284864,153586
1779838784.667070,spill,FileSystemStorage,65536,3,197343,309092,165523
1779838784.667222,spill,FileSystemStorage,65536,2,131562,295169,114777
1779838784.667428,spill,FileSystemStorage,65536,4,263124,288009,158242
1779838784.667718,spill,FileSystemStorage,65536,2,131562,234402,87162
1779838784.667835,spill,FileSystemStorage,65536,1,65781,187079,60561
1779838784.667945,spill,FileSystemStorage,65536,1,65781,149048,48041
1779838784.668154,spill,FileSystemStorage,65536,3,197343,251342,133899
1779838784.668228,spill,FileSystemStorage,65536,1,65781,155108,54296
1779838784.668693,spill,FileSystemStorage,65536,1,65781,145835,53647
1779838784.668726,spill,FileSystemStorage,65536,4,263124,406705,220141
1779838784.668900,spill,FileSystemStorage,65536,1,65781,136527,50037
1779838784.668989,spill,FileSystemStorage,65536,4,263124,311433,180627
1779838784.669204,spill,FileSystemStorage,65536,2,131562,186326,81348
1779838784.669585,spill,FileSystemStorage,65536,1,65781,249979,70818
1779838784.669626,spill,FileSystemStorage,65536,1,65781,236187,70442
1779838784.669754,spill,FileSystemStorage,65536,4,263124,322644,159757
1779838784.669849,spill,FileSystemStorage,65536,2,131562,209632,98622
1779838784.670142,spill,FileSystemStorage,65536,1,65781,161380,49326
1779838784.670405,spill,FileSystemStorage,65536,1,65781,145926,51987
1779838784.670443,spill,FileSystemStorage,65536,1,65781,218146,64035
1779838784.670790,spill,FileSystemStorage,65536,1,65781,265166,63717
1779838784.671106,spill,FileSystemStorage,65536,1,65781,194565,57040
1779838784.671149,spill,FileSystemStorage,65536,1,65781,182166,59622
1779838784.671604,spill,FileSystemStorage,65536,1,65781,149188,56860
1779838784.671710,spill,FileSystemStorage,65536,1,65781,162010,65769
1779838784.671719,spill,FileSystemStorage,65536,5,328905,412184,242274
1779838784.671743,spill,FileSystemStorage,65536,8,526248,663369,409545
1779838784.672040,spill,FileSystemStorage,65536,1,65781,126602,45807
1779838784.672382,spill,FileSystemStorage,65536,1,65781,189064,57030
1779838784.672432,spill,FileSystemStorage,65536,4,263124,290698,163607
1779838784.672616,spill,FileSystemStorage,65536,2,131562,287118,112522
1779838784.672809,spill,FileSystemStorage,65536,5,328905,305106,184805
1779838784.673125,spill,FileSystemStorage,65536,1,65781,136212,48939
1779838784.673259,spill,FileSystemStorage,65536,4,263124,302325,173533
1779838784.673526,spill,FileSystemStorage,65536,4,263124,380246,205789
1779838784.673630,spill,FileSystemStorage,65536,1,65781,145374,50036
1779838784.673956,spill,FileSystemStorage,65536,2,131562,217282,97591
1779838784.673964,spill,FileSystemStorage,65536,4,263124,284143,172624
1779838784.674159,spill,FileSystemStorage,65536,1,65781,131910,52120
1779838784.674202,spill,FileSystemStorage,65536,2,131562,247629,106218
1779838784.674668,spill,FileSystemStorage,65536,3,197343,231959,126592
1779838784.674675,spill,FileSystemStorage,65536,2,131562,281005,106084
1779838784.674770,spill,FileSystemStorage,65536,1,65781,157903,53434
1779838784.674943,spill,FileSystemStorage,65536,1,65781,213209,77134
1779838784.675367,spill,FileSystemStorage,65536,3,197343,289719,124094
1779838784.675535,spill,FileSystemStorage,65536,1,65781,160499,57111
1779838784.675569,spill,FileSystemStorage,65536,3,197343,239681,124156
1779838784.675858,spill,FileSystemStorage,65536,2,131562,254703,103905
1779838784.676175,spill,FileSystemStorage,65536,1,65781,172437,54048
1779838784.676362,spill,FileSystemStorage,65536,2,131562,231946,103720
1779838784.676440,spill,FileSystemStorage,65536,2,131562,187251,84211
1779838784.676730,spill,FileSystemStorage,65536,5,328905,375265,200397
1779838784.676780,spill,FileSystemStorage,65536,1,65781,140930,51203
1779838784.677013,spill,FileSystemStorage,65536,1,65781,150771,56211
1779838784.677137,spill,FileSystemStorage,65536,2,131562,190847,92673
1779838784.677455,spill,FileSystemStorage,65536,4,263124,253247,150070
1779838784.677605,spill,FileSystemStorage,65536,1,65781,203590,65049
1779838784.677762,spill,FileSystemStorage,65536,3,197343,251115,129375
1779838784.677924,spill,FileSystemStorage,65536,1,65781,146345,44559
1779838784.678234,spill,FileSystemStorage,65536,1,65781,172907,55808
1779838784.678231,spill,FileSystemStorage,65536,2,131562,257660,113353
1779838784.678301,spill,FileSystemStorage,65536,1,65781,151663,55457
1779838784.678661,spill,FileSystemStorage,65536,1,65781,131451,47179
1779838784.678911,spill,FileSystemStorage,65536,1,65781,156412,52777
1779838784.679013,spill,FileSystemStorage,65536,2,131562,325027,134116
1779838784.679158,spill,FileSystemStorage,65536,4,263124,345386,186607
1779838784.679568,spill,FileSystemStorage,65536,1,65781,132606,48643
1779838784.679696,spill,FileSystemStorage,65536,3,197343,261379,126679
1779838784.679762,spill,FileSystemStorage,65536,1,65781,205873,70512
1779838784.679873,spill,FileSystemStorage,65536,3,197343,274022,138393
1779838784.680246,spill,FileSystemStorage,65536,1,65781,148246,61003
1779838784.680248,spill,FileSystemStorage,65536,2,131562,218921,89800
1779838784.680506,spill,FileSystemStorage,65536,3,197343,265678,140813
1779838784.680791,spill,FileSystemStorage,65536,1,65781,136807,60491
1779838784.680906,spill,FileSystemStorage,65536,4,263124,380591,205832
1779838784.681090,spill,FileSystemStorage,65536,1,65781,136637,48797
1779838784.681679,spill,FileSystemStorage,65536,1,65781,145595,51928
1779838784.681742,spill,FileSystemStorage,65536,7,460467,475324,303114
1779838784.681888,spill,FileSystemStorage,65536,2,131562,286495,115403
1779838784.682005,spill,FileSystemStorage,65536,3,197343,249483,125617
1779838784.682592,spill,FileSystemStorage,65536,1,65781,159212,59806
1779838784.682601,spill,FileSystemStorage,65536,4,263124,349458,196535
1779838784.682598,spill,FileSystemStorage,65536,3,197343,334046,166136
1779838784.682636,spill,FileSystemStorage,65536,1,65781,202777,67036
1779838784.683055,spill,FileSystemStorage,65536,2,131562,207411,105933
1779838784.683120,spill,FileSystemStorage,65536,1,65781,199870,53624
1779838784.683299,spill,FileSystemStorage,65536,4,263124,287017,152417
1779838784.683612,spill,FileSystemStorage,65536,3,197343,267357,124066
1779838784.683856,spill,FileSystemStorage,65536,4,263124,298089,157751
1779838784.683994,spill,FileSystemStorage,65536,1,65781,140218,54715
1779838784.684089,spill,FileSystemStorage,65536,1,65781,189568,57328
1779838784.684537,spill,FileSystemStorage,65536,3,197343,262168,143656
1779838784.684594,spill,FileSystemStorage,65536,2,131562,202502,92644
1779838784.684683,spill,FileSystemStorage,65536,1,65781,156033,57005
1779838784.684838,spill,FileSystemStorage,65536,2,131562,211184,89676
1779838784.685068,spill,FileSystemStorage,65536,2,131562,209030,90132
1779838784.685107,spill,FileSystemStorage,65536,2,131562,191205,85540
1779838784.685277,spill,FileSystemStorage,65536,1,65781,138542,47535
1779838784.685513,spill,FileSystemStorage,65536,2,131562,198560,92468
1779838784.685538,spill,FileSystemStorage,65536,1,65781,129823,51235
1779838784.685552,spill,FileSystemStorage,65536,2,131562,220331,102584
1779838784.685652,spill,FileSystemStorage,65536,1,65781,133846,51521
1779838784.686039,spill,FileSystemStorage,65536,1,65781,144878,48660
1779838784.686115,spill,FileSystemStorage,65536,1,65781,150855,53426
1779838784.686194,spill,FileSystemStorage,65536,1,65781,118201,50057
1779838784.686261,spill,FileSystemStorage,65536,2,131562,307413,108570
1779838784.686490,spill,FileSystemStorage,65536,1,65781,158346,54278
1779838784.686721,spill,FileSystemStorage,65536,2,131562,172826,84742
1779838784.686883,spill,FileSystemStorage,65536,2,131562,220836,95358
1779838784.687020,spill,FileSystemStorage,65536,2,131562,262840,136979
1779838784.687056,spill,FileSystemStorage,65536,6,394686,449890,303827
1779838784.687190,spill,FileSystemStorage,65536,1,65781,155665,52809
1779838784.687598,spill,FileSystemStorage,65536,3,197343,260979,137756
1779838784.687592,spill,FileSystemStorage,65536,3,197343,301507,145766
1779838784.687726,spill,FileSystemStorage,65536,2,131562,178075,81941
1779838784.687767,spill,FileSystemStorage,65536,1,65781,154905,48588
1779838784.688083,spill,FileSystemStorage,65536,2,131562,194521,82420
1779838784.688277,spill,FileSystemStorage,65536,4,263124,277338,153940
1779838784.688299,spill,FileSystemStorage,65536,1,65781,159880,50095
1779838784.688583,spill,FileSystemStorage,65536,1,65781,134427,55797
1779838784.688592,spill,FileSystemStorage,65536,2,131562,203958,95642
1779838784.688888,spill,FileSystemStorage,65536,1,65781,126726,51555
1779838784.689008,spill,FileSystemStorage,65536,1,65781,163945,47089
1779838784.689279,spill,FileSystemStorage,65536,4,263124,311211,175592
1779838784.689291,spill,FileSystemStorage,65536,3,197343,260974,140091
1779838784.689389,spill,FileSystemStorage,65536,3,197343,232468,122689
1779838784.689402,spill,FileSystemStorage,65536,1,65781,138456,60058
1779838784.689803,spill,FileSystemStorage,65536,3,197343,229425,119939
1779838784.690063,spill,FileSystemStorage,65536,1,65781,140336,48855
1779838784.690112,spill,FileSystemStorage,65536,1,65781,126924,46858
1779838784.690172,spill,FileSystemStorage,65536,1,65781,122948,43661
1779838784.690217,spill,FileSystemStorage,65536,1,65781,160952,55892
1779838784.690634,spill,FileSystemStorage,65536,2,131562,198311,101172
1779838784.690746,spill,FileSystemStorage,65536,3,197343,266340,143622
1779838784.690830,spill,FileSystemStorage,65536,4,263124,278439,172653
1779838784.690889,spill,FileSystemStorage,65536,4,263124,322033,189655
1779838784.691227,spill,FileSystemStorage,65536,3,197343,283395,131895
1779838784.691284,spill,FileSystemStorage,65536,1,65781,137577,43961
1779838784.691539,spill,FileSystemStorage,65536,1,65781,192262,55020
1779838784.691550,spill,FileSystemStorage,65536,2,131562,211951,93656
1779838784.691752,spill,FileSystemStorage,65536,1,65781,135455,52316
1779838784.691753,spill,FileSystemStorage,65536,2,131562,190368,88395
1779838784.692163,spill,FileSystemStorage,65536,1,65781,120596,46245
1779838784.692304,spill,FileSystemStorage,65536,1,65781,160166,53996
1779838784.692348,spill,FileSystemStorage,65536,4,263124,294404,175133
1779838784.692506,spill,FileSystemStorage,65536,1,65781,122174,45722
1779838784.692688,spill,FileSystemStorage,65536,4,263124,306348,169309
1779838784.692860,spill,FileSystemStorage,65536,2,131562,205833,94471
1779838784.692888,spill,FileSystemStorage,65536,1,65781,134034,53418
1779838784.692891,spill,FileSystemStorage,65536,2,131562,228886,103546
1779838784.693223,spill,FileSystemStorage,65536,3,197343,230339,122934
1779838784.693419,spill,FileSystemStorage,65536,3,197343,238443,120023
1779838784.693565,spill,FileSystemStorage,65536,2,131562,260656,96324
1779838784.693629,spill,FileSystemStorage,65536,2,131562,178132,86930
1779838784.693801,spill,FileSystemStorage,65536,3,197343,272962,132536
1779838784.693841,spill,FileSystemStorage,65536,2,131562,193241,93409
1779838784.694015,spill,FileSystemStorage,65536,1,65781,137794,43288
1779838784.694325,spill,FileSystemStorage,65536,2,131562,185954,85216
1779838784.694437,spill,FileSystemStorage,65536,3,197343,257525,130822
1779838784.694458,spill,FileSystemStorage,65536,2,131562,179371,97929
1779838784.694467,spill,FileSystemStorage,65536,1,65781,172398,52456
1779838784.695007,spill,FileSystemStorage,65536,2,131562,239159,106861
1779838784.695103,spill,FileSystemStorage,65536,2,131562,239523,119305
1779838784.695142,spill,FileSystemStorage,65536,1,65781,199536,58749
1779838784.695163,spill,FileSystemStorage,65536,4,263124,334615,193494
1779838784.695539,spill,FileSystemStorage,65536,1,65781,135030,51430
1779838784.695589,spill,FileSystemStorage,65536,1,65781,130104,51001
1779838784.695800,spill,FileSystemStorage,65536,2,131562,196434,82458
1779838784.696065,spill,FileSystemStorage,65536,4,263124,330577,169249
1779838784.696113,spill,FileSystemStorage,65536,2,131562,176044,87200
1779838784.696253,spill,FileSystemStorage,65536,1,65781,199738,56139
1779838784.696616,spill,FileSystemStorage,65536,3,197343,263464,133457
1779838784.696622,spill,FileSystemStorage,65536,1,65781,150534,49868
1779838784.696778,spill,FileSystemStorage,65536,2,131562,207483,97694
1779838784.696996,spill,FileSystemStorage,65536,1,65781,181439,55671
1779838784.697034,spill,FileSystemStorage,65536,1,65781,134453,55286
1779838784.697108,spill,FileSystemStorage,65536,1,65781,121663,41881
1779838784.697484,spill,FileSystemStorage,65536,3,197343,227833,117670
1779838784.697634,spill,FileSystemStorage,65536,1,65781,152060,49260
1779838784.697727,spill,FileSystemStorage,65536,1,65781,120073,43607
1779838784.698030,spill,FileSystemStorage,65536,1,65781,153705,51190
1779838784.698094,spill,FileSystemStorage,65536,2,131562,208363,84703
1779838784.698228,spill,FileSystemStorage,65536,3,197343,218049,115287
1779838784.698567,spill,FileSystemStorage,65536,1,65781,137507,54077
1779838784.698596,spill,FileSystemStorage,65536,1,65781,135340,55810
1779838784.698704,spill,FileSystemStorage,65536,8,526248,512613,317309
1779838784.698780,spill,FileSystemStorage,65536,2,131562,166937,78404
1779838784.699410,spill,FileSystemStorage,65536,1,65781,282087,71935
1779838784.699573,spill,FileSystemStorage,65536,3,197343,244716,129198
1779838784.699564,spill,FileSystemStorage,65536,3,197343,321183,145092
1779838784.699719,spill,FileSystemStorage,65536,1,65781,206089,52620
1779838784.700062,spill,FileSystemStorage,65536,1,65781,132513,46001
1779838784.700319,spill,FileSystemStorage,65536,4,263124,301655,153958
1779838784.700792,spill,FileSystemStorage,65536,2,131562,234398,96985
1779838784.700871,spill,FileSystemStorage,65536,3,197343,278044,127399
1779838784.701054,spill,FileSystemStorage,65536,2,131562,209338,101212
1779838784.701076,spill,FileSystemStorage,65536,2,131562,196513,88016
1779838784.701323,spill,FileSystemStorage,65536,1,65781,146828,49206
1779838784.701431,spill,FileSystemStorage,65536,2,131562,204565,90502
1779838784.701575,spill,FileSystemStorage,65536,3,197343,223496,124491
1779838784.701694,spill,FileSystemStorage,65536,2,131562,181760,83559
1779838784.701886,spill,FileSystemStorage,65536,1,65781,159900,47297
1779838784.702044,spill,FileSystemStorage,65536,2,131562,192829,95560
1779838784.702461,spill,FileSystemStorage,65536,1,65781,186873,53281
1779838784.702589,spill,FileSystemStorage,65536,2,131562,252776,112284
1779838784.702603,spill,FileSystemStorage,65536,2,131562,214617,102842
1779838784.702836,spill,FileSystemStorage,65536,8,526248,493743,330368
1779838784.703125,spill,FileSystemStorage,65536,3,197343,295925,162490
1779838784.703157,spill,FileSystemStorage,65536,1,65781,150275,49972
1779838784.703531,spill,FileSystemStorage,65536,1,65781,173089,54429
1779838784.703564,spill,FileSystemStorage,65536,2,131562,221502,90857
1779838784.703956,spill,FileSystemStorage,65536,1,65781,161649,51481
1779838784.703964,spill,FileSystemStorage,65536,2,131562,205223,92686
1779838784.704193,spill,FileSystemStorage,65536,3,197343,271003,122506
1779838784.704354,spill,FileSystemStorage,65536,1,65781,131081,46478
1779838784.704531,spill,FileSystemStorage,65536,3,197343,258601,135562
1779838784.704540,spill,FileSystemStorage,65536,3,197343,238290,139517
1779838784.704837,spill,FileSystemStorage,65536,2,131562,194216,78032
1779838784.704951,spill,FileSystemStorage,65536,1,65781,145519,49091
1779838784.705051,spill,FileSystemStorage,65536,2,131562,176425,83091
1779838784.705332,spill,FileSystemStorage,65536,1,65781,153043,53056
1779838784.705482,spill,FileSystemStorage,65536,4,263124,292246,157376
1779838784.705542,spill,FileSystemStorage,65536,2,131562,184169,78564
1779838784.705694,spill,FileSystemStorage,65536,1,65781,139680,49228
1779838784.705750,spill,FileSystemStorage,65536,1,65781,128860,44598
1779838784.705955,spill,FileSystemStorage,65536,1,65781,141606,46140
1779838784.706190,spill,FileSystemStorage,65536,4,263124,291201,157222
1779838784.706302,spill,FileSystemStorage,65536,1,65781,135038,54327
1779838784.706308,spill,FileSystemStorage,65536,3,197343,225482,121968
1779838784.706657,spill,FileSystemStorage,65536,2,131562,303025,86215
1779838784.706708,spill,FileSystemStorage,65536,2,131562,207437,92333
1779838784.706850,spill,FileSystemStorage,65536,1,65781,161289,54896
1779838784.706922,spill,FileSystemStorage,65536,3,197343,288998,135187
1779838784.707088,spill,FileSystemStorage,65536,1,65781,200070,51597
1779838784.707200,spill,FileSystemStorage,65536,2,131562,181884,80196
1779838784.707321,spill,FileSystemStorage,65536,1,65781,155407,54465
1779838784.707466,spill,FileSystemStorage,65536,1,65781,155456,51390
1779838784.707570,spill,FileSystemStorage,65536,1,65781,121534,46189
1779838784.707733,spill,FileSystemStorage,65536,1,65781,148385,56751
1779838784.707923,spill,FileSystemStorage,65536,2,131562,168837,83053
1779838784.708020,spill,FileSystemStorage,65536,3,197343,251942,121568
1779838784.708341,spill,FileSystemStorage,65536,1,65781,132830,48357
1779838784.708569,spill,FileSystemStorage,65536,1,65781,169038,58016
1779838784.708586,spill,FileSystemStorage,65536,2,131562,210570,105499
1779838784.708700,spill,FileSystemStorage,65536,2,131562,221885,93147
1779838784.708967,spill,FileSystemStorage,65536,1,65781,131128,44508
1779838784.709146,spill,FileSystemStorage,65536,1,65781,130730,54035
1779838784.709174,spill,FileSystemStorage,65536,2,131562,182477,87685
1779838784.709308,spill,FileSystemStorage,65536,1,65781,123294,55381
1779838784.709317,spill,FileSystemStorage,65536,1,65781,126045,48140
1779838784.709728,spill,FileSystemStorage,65536,1,65781,135147,47060
1779838784.709762,spill,FileSystemStorage,65536,1,65781,142110,46082
1779838784.709840,spill,FileSystemStorage,65536,1,65781,143847,57286
1779838784.710024,spill,FileSystemStorage,65536,1,65781,144991,49502
1779838784.710322,spill,FileSystemStorage,65536,3,197343,242051,129330
1779838784.710345,spill,FileSystemStorage,65536,2,131562,185331,87564
1779838784.710588,spill,FileSystemStorage,65536,2,131562,280903,97319
1779838784.710947,spill,FileSystemStorage,65536,1,65781,132971,57312
1779838784.711087,spill,FileSystemStorage,65536,1,65781,171409,48498
1779838784.711067,spill,FileSystemStorage,65536,1,65781,277455,94495
1779838784.711196,spill,FileSystemStorage,65536,1,65781,177268,47260
1779838784.711763,spill,FileSystemStorage,65536,2,131562,216199,86307
1779838784.711867,spill,FileSystemStorage,65536,1,65781,209014,57589
1779838784.711932,spill,FileSystemStorage,65536,1,65781,156643,54832
1779838784.711977,spill,FileSystemStorage,65536,2,131562,256840,110223
1779838784.712623,spill,FileSystemStorage,65536,1,65781,198420,54877
1779838784.712723,spill,FileSystemStorage,65536,1,65781,219817,70876
1779838784.712746,spill,FileSystemStorage,65536,2,131562,281118,105982
1779838784.712776,spill,FileSystemStorage,65536,2,131562,205406,93624
1779838784.713165,spill,FileSystemStorage,65536,1,65781,155242,49058
1779838784.713332,spill,FileSystemStorage,65536,1,65781,199566,64657
1779838784.713379,spill,FileSystemStorage,65536,1,65781,154025,45487
1779838784.713617,spill,FileSystemStorage,65536,2,131562,222919,87536
1779838784.713911,spill,FileSystemStorage,65536,2,131562,179138,86664
1779838784.714060,spill,FileSystemStorage,65536,2,131562,233656,86392
1779838784.714229,spill,FileSystemStorage,65536,1,65781,202089,62572
1779838784.714392,spill,FileSystemStorage,65536,2,131562,174455,81465
1779838784.714500,spill,FileSystemStorage,65536,2,131562,266239,102629
1779838784.714563,spill,FileSystemStorage,65536,1,65781,136657,48474
1779838784.714894,spill,FileSystemStorage,65536,1,65781,189230,52225
1779838784.715133,spill,FileSystemStorage,65536,1,65781,172529,60758
1779838784.715177,spill,FileSystemStorage,65536,3,197343,307826,140440
1779838784.715215,spill,FileSystemStorage,65536,3,197343,413133,199071
1779838784.715724,spill,FileSystemStorage,65536,4,263124,291623,153702
1779838784.715851,spill,FileSystemStorage,65536,1,65781,179875,48822
1779838784.716012,spill,FileSystemStorage,65536,1,65781,209117,71051
1779838784.716045,spill,FileSystemStorage,65536,5,328905,394801,216805
1779838784.716119,spill,FileSystemStorage,65536,1,65781,136023,45464
1779838784.716507,spill,FileSystemStorage,65536,1,65781,150139,54143
1779838784.716543,spill,FileSystemStorage,65536,1,65781,152992,49918
1779838784.716628,spill,FileSystemStorage,65536,1,65781,116072,43239
1779838784.717010,spill,FileSystemStorage,65536,1,65781,197962,65610
1779838784.717099,spill,FileSystemStorage,65536,1,65781,150982,49920
1779838784.717232,spill,FileSystemStorage,65536,1,65781,141296,58097
1779838784.717398,spill,FileSystemStorage,65536,3,197343,246473,121029
1779838784.717715,spill,FileSystemStorage,65536,2,131562,202981,85166
1779838784.717857,spill,FileSystemStorage,65536,3,197343,230459,119987
1779838784.717996,spill,FileSystemStorage,65536,2,131562,198965,96351
1779838784.718056,spill,FileSystemStorage,65536,4,263124,423587,220903
1779838784.718441,spill,FileSystemStorage,65536,2,131562,203584,90041
1779838784.718510,spill,FileSystemStorage,65536,1,65781,148573,47712
1779838784.718589,spill,FileSystemStorage,65536,1,65781,246845,58627
1779838784.718817,spill,FileSystemStorage,65536,1,65781,199387,64899
1779838784.718845,spill,FileSystemStorage,65536,1,65781,155118,49128
1779838784.718939,spill,FileSystemStorage,65536,1,65781,168880,65062
1779838784.719280,spill,FileSystemStorage,65536,2,131562,243419,88301
1779838784.719646,spill,FileSystemStorage,65536,1,65781,318271,53464
1779838784.719681,spill,FileSystemStorage,65536,1,65781,244636,68190
1779838784.719704,spill,FileSystemStorage,65536,2,131562,451265,96788
1779838784.720142,spill,FileSystemStorage,65536,1,65781,138711,51267
1779838784.720274,spill,FileSystemStorage,65536,1,65781,195526,50120
1779838784.720321,spill,FileSystemStorage,65536,1,65781,165211,49512
1779838784.720337,spill,FileSystemStorage,65536,1,65781,175337,49319
1779838784.720613,spill,FileSystemStorage,65536,2,131562,176215,78895
1779838784.721045,spill,FileSystemStorage,65536,1,65781,132778,45010
1779838784.721080,spill,FileSystemStorage,65536,1,65781,152026,51838
1779838784.721172,spill,FileSystemStorage,65536,1,65781,152391,53911
1779838784.721303,spill,FileSystemStorage,65536,1,65781,214481,62389
1779838784.721568,spill,FileSystemStorage,65536,1,65781,171087,49984
1779838784.721666,spill,FileSystemStorage,65536,1,65781,141947,48560
1779838784.721906,spill,FileSystemStorage,65536,1,65781,141468,56042
1779838784.721938,spill,FileSystemStorage,65536,1,65781,122753,43814
1779838784.722275,spill,FileSystemStorage,65536,1,65781,156530,53187
1779838784.722286,spill,FileSystemStorage,65536,1,65781,140137,56244
1779838784.722592,spill,FileSystemStorage,65536,1,65781,161887,56623
1779838784.722719,spill,FileSystemStorage,65536,4,263124,409329,207125
1779838784.723035,spill,FileSystemStorage,65536,2,131562,226957,125440
1779838784.723062,spill,FileSystemStorage,65536,1,65781,200110,73682
1779838784.723177,spill,FileSystemStorage,65536,1,65781,142916,48384
1779838784.723686,spill,FileSystemStorage,65536,2,131562,279167,116538
1779838784.723771,spill,FileSystemStorage,65536,1,65781,136232,43744
1779838784.723964,spill,FileSystemStorage,65536,1,65781,144591,55054
1779838784.723974,spill,FileSystemStorage,65536,1,65781,148033,51420
1779838784.724310,spill,FileSystemStorage,65536,1,65781,202101,61527
1779838784.724518,spill,FileSystemStorage,65536,1,65781,153030,50823
1779838784.724611,spill,FileSystemStorage,65536,2,131562,205744,102718
1779838784.724618,spill,FileSystemStorage,65536,1,65781,153069,59383
1779838784.725052,spill,FileSystemStorage,65536,2,131562,172266,81311
1779838784.725127,spill,FileSystemStorage,65536,1,65781,188036,57409
1779838784.725604,spill,FileSystemStorage,65536,1,65781,156969,53267
1779838784.725611,spill,FileSystemStorage,65536,2,131562,198883,98778
1779838784.725644,spill,FileSystemStorage,65536,2,131562,222449,108670
1779838784.725798,spill,FileSystemStorage,65536,1,65781,185867,60710
1779838784.726059,spill,FileSystemStorage,65536,2,131562,171344,79600
1779838784.726135,spill,FileSystemStorage,65536,1,65781,129366,47274
1779838784.726224,spill,FileSystemStorage,65536,1,65781,142297,47809
1779838784.726356,spill,FileSystemStorage,65536,1,65781,173102,51212
1779838784.726610,spill,FileSystemStorage,65536,1,65781,118792,49881
1779838784.726750,spill,FileSystemStorage,65536,2,131562,202707,89944
1779838784.726793,spill,FileSystemStorage,65536,2,131562,197959,90300
1779838784.727130,spill,FileSystemStorage,65536,1,65781,188803,52401
1779838784.727167,spill,FileSystemStorage,65536,1,65781,218956,63995
1779838784.727431,spill,FileSystemStorage,65536,1,65781,127539,42893
1779838784.727623,spill,FileSystemStorage,65536,2,131562,189654,81367
1779838784.727750,spill,FileSystemStorage,65536,1,65781,167431,51863
1779838784.728022,spill,FileSystemStorage,65536,2,131562,181702,83411
1779838784.728112,spill,FileSystemStorage,65536,2,131562,204047,94061
1779838784.728538,spill,FileSystemStorage,65536,1,65781,157410,61251
1779838784.728610,spill,FileSystemStorage,65536,2,131562,292486,120993
1779838784.728640,spill,FileSystemStorage,65536,1,65781,234377,64084
1779838784.729016,spill,FileSystemStorage,65536,1,65781,144334,47123
1779838784.729249,spill,FileSystemStorage,65536,1,65781,195648,66986
1779838784.729296,spill,FileSystemStorage,65536,2,131562,206390,91673
1779838784.729382,spill,FileSystemStorage,65536,1,65781,167818,47002
1779838784.729860,spill,FileSystemStorage,65536,1,65781,141077,45981
1779838784.729916,spill,FileSystemStorage,65536,1,65781,142570,44570
1779838784.730240,spill,FileSystemStorage,65536,2,131562,182519,80857
1779838784.730442,spill,FileSystemStorage,65536,2,131562,181662,95236
1779838784.730469,spill,FileSystemStorage,65536,3,197343,395124,197223
1779838784.730546,spill,FileSystemStorage,65536,2,131562,214232,91511
1779838784.731019,spill,FileSystemStorage,65536,3,197343,297672,170091
1779838784.731161,spill,FileSystemStorage,65536,1,65781,234087,69259
1779838784.731228,spill,FileSystemStorage,65536,1,65781,158958,51144
1779838784.731376,spill,FileSystemStorage,65536,2,131562,209302,84621
1779838784.731752,spill,FileSystemStorage,65536,1,65781,197719,64122
1779838784.731838,spill,FileSystemStorage,65536,1,65781,129207,44675
1779838784.731994,spill,FileSystemStorage,65536,3,197343,259432,120053
1779838784.732189,spill,FileSystemStorage,65536,1,65781,153602,49688
1779838784.732367,spill,FileSystemStorage,65536,1,65781,189418,53089
1779838784.732764,spill,FileSystemStorage,65536,1,65781,164485,60883
1779838784.732855,spill,FileSystemStorage,65536,1,65781,178120,59235
1779838784.732875,spill,FileSystemStorage,65536,3,197343,297721,146926
1779838784.733342,spill,FileSystemStorage,65536,1,65781,199783,58613
1779838784.733386,spill,FileSystemStorage,65536,1,65781,162443,60304
1779838784.733430,spill,FileSystemStorage,65536,2,131562,250317,110363
1779838784.733538,spill,FileSystemStorage,65536,1,65781,169231,49959
1779838784.733807,spill,FileSystemStorage,65536,2,131562,204820,84661
1779838784.733847,spill,FileSystemStorage,65536,1,65781,175836,63916
1779838784.733851,spill,FileSystemStorage,65536,1,65781,158702,60667
1779838784.734131,spill,FileSystemStorage,65536,4,263124,261589,147435
1779838784.734334,spill,FileSystemStorage,65536,1,65781,138502,52646
1779838784.734555,spill,FileSystemStorage,65536,1,65781,172172,64709
1779838784.734665,spill,FileSystemStorage,65536,2,131562,204735,90793
1779838784.734792,spill,FileSystemStorage,65536,2,131562,184365,91654
1779838784.735132,spill,FileSystemStorage,65536,1,65781,195926,64042
1779838784.735184,spill,FileSystemStorage,65536,3,197343,329783,141970
1779838784.735323,spill,FileSystemStorage,65536,2,131562,226030,84457
1779838784.735524,spill,FileSystemStorage,65536,1,65781,450262,73210
1779838784.735739,spill,FileSystemStorage,65536,1,65781,119042,52613
1779838784.735861,spill,FileSystemStorage,65536,1,65781,170527,61103
1779838784.735870,spill,FileSystemStorage,65536,5,328905,345775,204303
1779838784.736066,spill,FileSystemStorage,65536,2,131562,218657,93033
1779838784.736336,spill,FileSystemStorage,65536,1,65781,147362,51654
1779838784.736359,spill,FileSystemStorage,65536,1,65781,131897,47892
1779838784.736690,spill,FileSystemStorage,65536,2,131562,279642,97922
1779838784.736870,spill,FileSystemStorage,65536,1,65781,122113,48467
1779838784.736874,spill,FileSystemStorage,65536,2,131562,218887,98895
1779838784.737061,spill,FileSystemStorage,65536,1,65781,137943,45526
1779838784.737184,spill,FileSystemStorage,65536,2,131562,197812,83049
1779838784.737334,spill,FileSystemStorage,65536,1,65781,127744,49694
1779838784.737476,spill,FileSystemStorage,65536,1,65781,140261,53849
1779838784.737756,spill,FileSystemStorage,65536,3,197343,272616,119286
1779838784.737785,spill,FileSystemStorage,65536,1,65781,138961,46804
1779838784.737842,spill,FileSystemStorage,65536,1,65781,118340,45092
1779838784.738182,spill,FileSystemStorage,65536,1,65781,127887,48692
1779838784.738209,spill,FileSystemStorage,65536,2,131562,238774,106194
1779838784.738317,spill,FileSystemStorage,65536,1,65781,112264,44162
1779838784.738358,spill,FileSystemStorage,65536,1,65781,169692,49578
1779838784.738550,spill,FileSystemStorage,65536,1,65781,144835,46797
1779838784.738669,spill,FileSystemStorage,65536,1,65781,163289,48802
1779838784.738691,spill,FileSystemStorage,65536,1,65781,127375,53480
1779838784.738844,spill,FileSystemStorage,65536,1,65781,149238,47015
1779838784.739006,spill,FileSystemStorage,65536,2,131562,205438,99679
1779838784.739183,spill,FileSystemStorage,65536,2,131562,190853,82040
1779838784.739325,spill,FileSystemStorage,65536,1,65781,233418,66453
1779838784.739486,spill,FileSystemStorage,65536,1,65781,172977,60196
1779838784.739564,spill,FileSystemStorage,65536,1,65781,131306,46223
1779838784.739632,spill,FileSystemStorage,65536,1,65781,134067,42959
1779838784.739926,spill,FileSystemStorage,65536,1,65781,188326,60464
1779838784.740032,spill,FileSystemStorage,65536,1,65781,149162,49244
1779838784.740087,spill,FileSystemStorage,65536,1,65781,175921,55851
1779838784.740155,spill,FileSystemStorage,65536,1,65781,213874,64489
1779838784.740466,spill,FileSystemStorage,65536,1,65781,129050,45590
1779838784.740859,spill,FileSystemStorage,65536,1,65781,193552,66974
1779838784.740864,spill,FileSystemStorage,65536,1,65781,190919,64049
1779838784.740940,spill,FileSystemStorage,65536,2,131562,231627,91257
1779838784.741005,spill,FileSystemStorage,65536,1,65781,146073,52227
1779838784.741350,spill,FileSystemStorage,65536,1,65781,176838,55361
1779838784.741355,spill,FileSystemStorage,65536,1,65781,197369,63058
1779838784.741504,spill,FileSystemStorage,65536,1,65781,157752,46749
1779838784.741734,spill,FileSystemStorage,65536,3,197343,245190,135244
1779838784.741837,spill,FileSystemStorage,65536,2,131562,171848,79277
1779838784.741919,spill,FileSystemStorage,65536,1,65781,179870,58685
1779838784.742117,spill,FileSystemStorage,65536,1,65781,171612,46205
1779838784.742276,spill,FileSystemStorage,65536,1,65781,159399,52607
1779838784.742368,spill,FileSystemStorage,65536,1,65781,143127,49828
1779838784.742493,spill,FileSystemStorage,65536,2,131562,217857,92574
1779838784.742708,spill,FileSystemStorage,65536,1,65781,135299,54425
1779838784.742731,spill,FileSystemStorage,65536,2,131562,263453,97544
1779838784.742804,spill,FileSystemStorage,65536,1,65781,117764,49461
1779838784.743045,spill,FileSystemStorage,65536,1,65781,202181,78752
1779838784.743214,spill,FileSystemStorage,65536,1,65781,157526,49579
1779838784.743361,spill,FileSystemStorage,65536,1,65781,175394,61086
1779838784.743419,spill,FileSystemStorage,65536,2,131562,212302,89506
1779838784.743719,spill,FileSystemStorage,65536,1,65781,153665,51564
1779838784.743811,spill,FileSystemStorage,65536,1,65781,141812,52698
1779838784.743875,spill,FileSystemStorage,65536,5,328905,334463,196642
1779838784.743953,spill,FileSystemStorage,65536,1,65781,134880,48205
1779838784.744222,spill,FileSystemStorage,65536,1,65781,147378,46124
1779838784.744360,spill,FileSystemStorage,65536,1,65781,160922,48265
1779838784.744417,spill,FileSystemStorage,65536,1,65781,148747,47513
1779838784.744541,spill,FileSystemStorage,65536,1,65781,118617,47891
1779838784.744859,spill,FileSystemStorage,65536,1,65781,128930,52060
1779838784.744893,spill,FileSystemStorage,65536,2,131562,178722,87373
1779838784.744948,spill,FileSystemStorage,65536,1,65781,134642,50628
1779838784.745237,spill,FileSystemStorage,65536,1,65781,180161,55264
1779838784.745412,spill,FileSystemStorage,65536,1,65781,216116,66682
1779838784.745428,spill,FileSystemStorage,65536,1,65781,161597,53847
1779838784.745474,spill,FileSystemStorage,65536,2,131562,231250,108636
1779838784.745646,spill,FileSystemStorage,65536,1,65781,140934,46442
1779838784.745992,spill,FileSystemStorage,65536,2,131562,182939,83745
1779838784.746047,spill,FileSystemStorage,65536,1,65781,188091,66741
1779838784.746124,spill,FileSystemStorage,65536,2,131562,220289,104307
1779838784.746401,spill,FileSystemStorage,65536,1,65781,131031,52076
1779838784.746571,spill,FileSystemStorage,65536,1,65781,151224,50112
1779838784.746645,spill,FileSystemStorage,65536,1,65781,159716,56726
1779838784.746689,spill,FileSystemStorage,65536,1,65781,151718,55831
1779838784.747034,spill,FileSystemStorage,65536,2,131562,228759,121650
1779838784.747063,spill,FileSystemStorage,65536,1,65781,149803,46572
1779838784.747304,spill,FileSystemStorage,65536,1,65781,169867,58782
1779838784.747307,spill,FileSystemStorage,65536,2,131562,245871,116571
1779838784.747820,spill,FileSystemStorage,65536,1,65781,177082,63395
1779838784.747879,spill,FileSystemStorage,65536,2,131562,280310,112099
1779838784.748037,spill,FileSystemStorage,65536,1,65781,219420,66629
1779838784.748074,spill,FileSystemStorage,65536,1,65781,501812,68542
1779838784.748351,spill,FileSystemStorage,65536,1,65781,156368,56152
1779838784.748376,spill,FileSystemStorage,65536,2,131562,222295,110327
1779838784.748481,spill,FileSystemStorage,65536,1,65781,196708,51634
1779838784.748607,spill,FileSystemStorage,65536,1,65781,186075,60452
1779838784.749034,spill,FileSystemStorage,65536,2,131562,200828,88501
1779838784.749098,spill,FileSystemStorage,65536,1,65781,151074,56790
1779838784.749099,spill,FileSystemStorage,65536,1,65781,205061,63973
1779838784.749113,spill,FileSystemStorage,65536,4,263124,382149,225695
1779838784.749490,spill,FileSystemStorage,65536,2,131562,214321,82278
1779838784.749557,spill,FileSystemStorage,65536,1,65781,136567,47802
1779838784.749873,spill,FileSystemStorage,65536,1,65781,172228,53051
1779838784.750115,spill,FileSystemStorage,65536,2,131562,187871,92137
1779838784.750115,spill,FileSystemStorage,65536,2,131562,238731,116518
1779838784.750112,spill,FileSystemStorage,65536,3,197343,342369,167572
1779838784.750710,spill,FileSystemStorage,65536,1,65781,187820,64005
1779838784.750756,spill,FileSystemStorage,65536,1,65781,169477,60041
1779838784.750869,spill,FileSystemStorage,65536,1,65781,170218,59856
1779838784.750875,spill,FileSystemStorage,65536,3,197343,244016,128680
1779838784.751516,spill,FileSystemStorage,65536,2,131562,203239,85468
1779838784.751730,spill,FileSystemStorage,65536,1,65781,188043,54375
1779838784.751830,spill,FileSystemStorage,65536,2,131562,221996,91830
1779838784.751930,spill,FileSystemStorage,65536,1,65781,193344,59880
1779838784.752345,spill,FileSystemStorage,65536,1,65781,153464,50066
1779838784.752499,spill,FileSystemStorage,65536,1,65781,147964,53105
1779838784.752644,spill,FileSystemStorage,65536,1,65781,159879,60420
1779838784.752664,spill,FileSystemStorage,65536,1,65781,173490,53349
1779838784.753174,spill,FileSystemStorage,65536,2,131562,190685,83302
1779838784.753354,spill,FileSystemStorage,65536,1,65781,146956,53751
1779838784.753392,spill,FileSystemStorage,65536,1,65781,143517,49458
1779838784.753520,spill,FileSystemStorage,65536,3,197343,251639,123700
1779838784.753716,spill,FileSystemStorage,65536,1,65781,204514,62881
1779838784.753850,spill,FileSystemStorage,65536,1,65781,147172,45587
1779838784.753962,spill,FileSystemStorage,65536,2,131562,189037,81623
1779838784.754364,spill,FileSystemStorage,65536,1,65781,191078,49477
1779838784.754696,spill,FileSystemStorage,65536,2,131562,174014,87593
1779838784.754709,spill,FileSystemStorage,65536,1,65781,170665,54029
1779838784.754853,spill,FileSystemStorage,65536,4,263124,316013,182294
1779838784.755167,spill,FileSystemStorage,65536,1,65781,169203,51075
1779838784.755611,spill,FileSystemStorage,65536,1,65781,417440,50810
1779838784.755607,spill,FileSystemStorage,65536,1,65781,514769,60963
1779838784.755629,spill,FileSystemStorage,65536,1,65781,290038,52537
1779838784.756068,spill,FileSystemStorage,65536,1,65781,274817,49640
1779838784.756533,spill,FileSystemStorage,65536,1,65781,350664,53201
1779838784.756547,spill,FileSystemStorage,65536,1,65781,395315,61188
1779838784.756667,spill,FileSystemStorage,65536,3,197343,434700,129283
1779838784.757021,spill,FileSystemStorage,65536,1,65781,498435,47674
1779838784.757514,spill,FileSystemStorage,65536,1,65781,387175,47452
1779838784.757535,spill,FileSystemStorage,65536,1,65781,248825,44958
1779838784.758031,spill,FileSystemStorage,65536,1,65781,470526,49451
1779838784.758044,spill,FileSystemStorage,65536,1,65781,384843,52630
1779838784.758564,spill,FileSystemStorage,65536,1,65781,439649,52989
1779838784.758711,spill,FileSystemStorage,65536,4,263124,607986,174926
1779838784.758803,spill,FileSystemStorage,65536,1,65781,173404,55881
1779838784.758813,spill,FileSystemStorage,65536,1,65781,133494,50336
1779838784.759151,spill,FileSystemStorage,65536,1,65781,138633,50951
1779838784.759172,spill,FileSystemStorage,65536,1,65781,162347,48805
1779838784.759591,spill,FileSystemStorage,65536,1,65781,434293,48942
1779838784.759690,spill,FileSystemStorage,65536,1,65781,211965,55907
1779838784.760077,spill,FileSystemStorage,65536,1,65781,240396,44761
1779838784.760185,spill,FileSystemStorage,65536,2,131562,265309,94023
1779838784.760192,spill,FileSystemStorage,65536,1,65781,156274,50317
1779838784.760592,spill,FileSystemStorage,65536,1,65781,358718,52007
1779838784.760990,spill,FileSystemStorage,65536,1,65781,432684,45559
1779838784.761052,spill,FileSystemStorage,65536,1,65781,158599,51707
1779838784.761174,spill,FileSystemStorage,65536,4,263124,404155,169912
1779838784.761498,spill,FileSystemStorage,65536,2,131562,340530,80489
1779838784.762030,spill,FileSystemStorage,65536,1,65781,499850,50109
1779838784.762056,spill,FileSystemStorage,65536,1,65781,468039,50801
1779838784.762082,spill,FileSystemStorage,65536,1,65781,296760,63336
1779838784.762090,spill,FileSystemStorage,65536,1,65781,290149,64049
1779838784.762591,spill,FileSystemStorage,65536,2,131562,180412,75657
1779838784.762784,spill,FileSystemStorage,65536,1,65781,171618,52654
1779838784.762805,spill,FileSystemStorage,65536,1,65781,173021,56863
1779838784.762997,spill,FileSystemStorage,65536,1,65781,178390,46616
1779838784.763121,spill,FileSystemStorage,65536,2,131562,255438,99035
1779838784.763485,spill,FileSystemStorage,65536,2,131562,335075,89480
1779838784.763572,spill,FileSystemStorage,65536,3,197343,349248,130431
1779838784.763831,spill,FileSystemStorage,65536,1,65781,169384,57811
1779838784.763947,spill,FileSystemStorage,65536,1,65781,163901,49225
1779838784.764041,spill,FileSystemStorage,65536,1,65781,165976,53856
1779838784.764112,spill,FileSystemStorage,65536,1,65781,237921,69874
1779838784.765008,spill,FileSystemStorage,65536,1,65781,150027,55928
1779838784.765202,spill,FileSystemStorage,65536,3,197343,265457,129077
1779838784.765207,spill,FileSystemStorage,65536,2,131562,226287,101098
1779838784.765352,spill,FileSystemStorage,65536,1,65781,201774,61042
1779838784.765574,spill,FileSystemStorage,65536,1,65781,152155,53197
1779838784.765797,spill,FileSystemStorage,65536,1,65781,179340,48593
1779838784.765993,spill,FileSystemStorage,65536,3,197343,273446,135087
1779838784.766116,spill,FileSystemStorage,65536,1,65781,149112,46309
1779838784.766254,spill,FileSystemStorage,65536,2,131562,230258,94057
1779838784.766414,spill,FileSystemStorage,65536,2,131562,217617,91858
1779838784.766536,spill,FileSystemStorage,65536,1,65781,138826,43211
1779838784.766798,spill,FileSystemStorage,65536,4,263124,330834,170178
1779838784.766961,spill,FileSystemStorage,65536,1,65781,177508,67097
1779838784.767075,spill,FileSystemStorage,65536,1,65781,180483,57629
1779838784.767565,spill,FileSystemStorage,65536,2,131562,535476,86763
1779838784.767568,spill,FileSystemStorage,65536,1,65781,173446,56131
1779838784.767826,spill,FileSystemStorage,65536,1,65781,147640,53849
1779838784.767953,spill,FileSystemStorage,65536,1,65781,143270,48346
1779838784.767995,spill,FileSystemStorage,65536,1,65781,155239,52566
1779838784.768294,spill,FileSystemStorage,65536,1,65781,167995,60331
1779838784.768723,spill,FileSystemStorage,65536,1,65781,190572,51549
1779838784.768794,spill,FileSystemStorage,65536,2,131562,293990,113481
1779838784.768805,spill,FileSystemStorage,65536,1,65781,220560,63246
1779838784.769648,spill,FileSystemStorage,65536,1,65781,327170,66068
1779838784.769994,spill,FileSystemStorage,65536,1,65781,282093,51009
1779838784.770036,spill,FileSystemStorage,65536,1,65781,244295,66095
1779838784.770050,spill,FileSystemStorage,65536,1,65781,195073,56910
1779838784.770778,spill,FileSystemStorage,65536,1,65781,207490,70799
1779838784.770839,spill,FileSystemStorage,65536,2,131562,250739,113012
1779838784.770857,spill,FileSystemStorage,65536,2,131562,222795,110729
1779838784.770949,spill,FileSystemStorage,65536,1,65781,215678,66958
1779838784.771630,spill,FileSystemStorage,65536,1,65781,186851,62941
1779838784.771649,spill,FileSystemStorage,65536,1,65781,206505,57567
1779838784.771730,spill,FileSystemStorage,65536,2,131562,284052,93390
1779838784.772037,spill,FileSystemStorage,65536,2,131562,228130,101229
1779838784.772331,spill,FileSystemStorage,65536,1,65781,187623,56219
1779838784.772442,spill,FileSystemStorage,65536,1,65781,158806,47022
1779838784.772727,spill,FileSystemStorage,65536,2,131562,238647,92762
1779838784.773006,spill,FileSystemStorage,65536,1,65781,171063,66330
1779838784.773008,spill,FileSystemStorage,65536,3,197343,298176,139834
1779838784.773041,spill,FileSystemStorage,65536,1,65781,170403,61444
1779838784.773345,spill,FileSystemStorage,65536,1,65781,135302,43780
1779838784.773638,spill,FileSystemStorage,65536,1,65781,174293,61441
1779838784.773739,spill,FileSystemStorage,65536,2,131562,220644,95500
1779838784.773834,spill,FileSystemStorage,65536,2,131562,210906,83902
1779838784.774078,spill,FileSystemStorage,65536,2,131562,198022,95704
1779838784.774247,spill,FileSystemStorage,65536,1,65781,232341,65992
1779838784.774279,spill,FileSystemStorage,65536,2,131562,223931,98099
1779838784.774285,spill,FileSystemStorage,65536,1,65781,147807,54905
1779838784.774498,spill,FileSystemStorage,65536,1,65781,126594,44350
1779838784.774792,spill,FileSystemStorage,65536,1,65781,139968,54117
1779838784.774869,spill,FileSystemStorage,65536,2,131562,266950,114980
1779838784.774968,spill,FileSystemStorage,65536,4,263124,371552,221466
1779838784.774994,spill,FileSystemStorage,65536,1,65781,174939,68878
1779838784.775312,spill,FileSystemStorage,65536,1,65781,216433,56980
1779838784.775862,spill,FileSystemStorage,65536,1,65781,189123,54383
1779838784.775892,spill,FileSystemStorage,65536,1,65781,150938,50305
1779838784.776005,spill,FileSystemStorage,65536,1,65781,159405,55169
1779838784.776067,spill,FileSystemStorage,65536,3,197343,266349,128010
1779838784.776372,spill,FileSystemStorage,65536,1,65781,166250,53713
1779838784.776407,spill,FileSystemStorage,65536,1,65781,135796,48133
1779838784.776471,spill,FileSystemStorage,65536,1,65781,138166,51477
1779838784.776559,spill,FileSystemStorage,65536,2,131562,181343,81599
1779838784.776807,spill,FileSystemStorage,65536,1,65781,145057,49199
1779838784.777064,spill,FileSystemStorage,65536,1,65781,120835,49031
1779838784.777128,spill,FileSystemStorage,65536,3,197343,361306,162852
1779838784.777174,spill,FileSystemStorage,65536,1,65781,151939,49254
1779838784.777378,spill,FileSystemStorage,65536,1,65781,123395,43504
1779838784.777551,spill,FileSystemStorage,65536,1,65781,169878,47551
1779838784.778060,spill,FileSystemStorage,65536,2,131562,280720,121992
1779838784.778083,spill,FileSystemStorage,65536,2,131562,246121,108071
1779838784.778257,spill,FileSystemStorage,65536,2,131562,201294,91106
1779838784.778319,spill,FileSystemStorage,65536,4,263124,323985,173752
1779838784.778684,spill,FileSystemStorage,65536,1,65781,197450,65109
1779838784.778778,spill,FileSystemStorage,65536,1,65781,136108,44664
1779838784.778878,spill,FileSystemStorage,65536,2,131562,185884,91205
1779838784.779063,spill,FileSystemStorage,65536,1,65781,208631,88702
1779838784.779402,spill,FileSystemStorage,65536,1,65781,217572,69508
1779838784.779416,spill,FileSystemStorage,65536,1,65781,147835,58205
1779838784.779518,spill,FileSystemStorage,65536,1,65781,173728,59253
1779838784.779787,spill,FileSystemStorage,65536,1,65781,136814,46970
1779838784.780528,spill,FileSystemStorage,65536,2,131562,204590,93022
1779838784.780565,spill,FileSystemStorage,65536,2,131562,215540,91888
1779838784.780558,spill,FileSystemStorage,65536,1,65781,243533,63479
1779838784.780596,spill,FileSystemStorage,65536,1,65781,188398,55795
1779838784.780955,spill,FileSystemStorage,65536,2,131562,183985,81438
1779838784.781374,spill,FileSystemStorage,65536,1,65781,182825,53165
1779838784.781521,spill,FileSystemStorage,65536,2,131562,260438,113059
1779838784.781652,spill,FileSystemStorage,65536,1,65781,203810,49411
1779838784.781822,spill,FileSystemStorage,65536,1,65781,178693,60560
1779838784.781919,spill,FileSystemStorage,65536,1,65781,159720,47609
1779838784.782114,spill,FileSystemStorage,65536,1,65781,210551,60139
1779838784.782205,spill,FileSystemStorage,65536,1,65781,146082,48139
1779838784.782542,spill,FileSystemStorage,65536,3,197343,310093,156657
1779838784.782647,spill,FileSystemStorage,65536,3,197343,312141,151168
1779838784.782815,spill,FileSystemStorage,65536,1,65781,168849,59995
1779838784.782930,spill,FileSystemStorage,65536,3,197343,343671,162864
1779838784.783153,spill,FileSystemStorage,65536,2,131562,259020,99032
1779838784.783257,spill,FileSystemStorage,65536,1,65781,163352,50795
1779838784.783439,spill,FileSystemStorage,65536,1,65781,141322,52775
1779838784.783663,spill,FileSystemStorage,65536,1,65781,139608,45550
1779838784.783974,spill,FileSystemStorage,65536,1,65781,226450,66979
1779838784.784153,spill,FileSystemStorage,65536,1,65781,173595,53209
1779838784.784216,spill,FileSystemStorage,65536,4,263124,360995,200778
1779838784.784395,spill,FileSystemStorage,65536,4,263124,330554,177239
1779838784.784494,spill,FileSystemStorage,65536,1,65781,196670,63997
1779838784.784628,spill,FileSystemStorage,65536,3,197343,232794,127879
1779838784.785133,spill,FileSystemStorage,65536,1,65781,166485,58230
1779838784.785151,spill,FileSystemStorage,65536,2,131562,242735,112390
1779838784.785185,spill,FileSystemStorage,65536,1,65781,176920,62802
1779838784.785254,spill,FileSystemStorage,65536,1,65781,137015,43158
1779838784.785700,spill,FileSystemStorage,65536,1,65781,166929,62365
1779838784.785800,spill,FileSystemStorage,65536,2,131562,214802,97580
1779838784.785891,spill,FileSystemStorage,65536,1,65781,128014,50397
1779838784.785944,spill,FileSystemStorage,65536,2,131562,258735,111534
1779838784.786335,spill,FileSystemStorage,65536,1,65781,176840,58171
1779838784.786430,spill,FileSystemStorage,65536,1,65781,171902,47653
1779838784.786575,spill,FileSystemStorage,65536,1,65781,132005,44018
1779838784.786775,spill,FileSystemStorage,65536,2,131562,268120,113984
1779838784.786876,spill,FileSystemStorage,65536,1,65781,153559,52799
1779838784.787148,spill,FileSystemStorage,65536,2,131562,251061,86822
1779838784.787225,spill,FileSystemStorage,65536,1,65781,129090,46983
1779838784.787463,spill,FileSystemStorage,65536,1,65781,201221,66114
1779838784.787598,spill,FileSystemStorage,65536,1,65781,195546,56372
1779838784.787972,spill,FileSystemStorage,65536,2,131562,230205,105924
1779838784.788018,spill,FileSystemStorage,65536,4,263124,307533,165651
1779838786.139187,spill,FileSystemStorage,65536,1651,108604431,99873016,78308345
1779838786.142436,spill,FileSystemStorage,65536,1,65781,277575,67007
1779838786.174079,spill,FileSystemStorage,65536,1,65781,372041,73964
1779838786.178751,spill,FileSystemStorage,65536,2000,131562000,142606253,93606913
1779838786.179157,spill,FileSystemStorage,65536,4,263124,465834,225300
1779838786.180256,spill,FileSystemStorage,65536,2000,131562000,143240825,95136659
1779838786.183400,spill,FileSystemStorage,65536,5,328905,533701,231889
1779838786.184497,spill,FileSystemStorage,65536,2000,131562000,151022660,102828624
1779838786.185044,spill,FileSystemStorage,65536,1,65781,252389,55789
1779838786.202532,spill,FileSystemStorage,65536,3,197343,368172,136015
1779838786.216062,spill,FileSystemStorage,65536,1,65781,261736,59753
1779838786.217162,spill,FileSystemStorage,65536,1,65781,311818,72752
1779838786.217691,spill,FileSystemStorage,65536,5,328905,509948,214674
1779838786.231301,spill,FileSystemStorage,65536,1,65781,259446,59297
1779838786.233752,spill,FileSystemStorage,65536,1,65781,240721,59522
1779838786.233787,spill,FileSystemStorage,65536,1,65781,235361,57860
1779838786.233891,spill,FileSystemStorage,65536,1,65781,247355,58123
1779838786.235800,spill,FileSystemStorage,65536,4,263124,390725,176328
1779838786.237429,spill,FileSystemStorage,65536,1,65781,202129,55101
1779838786.237699,spill,FileSystemStorage,65536,1,65781,263288,71681
1779838786.237893,spill,FileSystemStorage,65536,5,328905,454005,239238
1779838786.239236,spill,FileSystemStorage,65536,1,65781,207542,57944
1779838786.240395,spill,FileSystemStorage,65536,1,65781,187848,52064
1779838786.241046,spill,FileSystemStorage,65536,1,65781,260996,77818
1779838786.241119,spill,FileSystemStorage,65536,4,263124,407103,195248
1779838786.242279,spill,FileSystemStorage,65536,2,131562,272633,92111
1779838786.242999,spill,FileSystemStorage,65536,2,131562,237459,96753
1779838786.243857,spill,FileSystemStorage,65536,2,131562,241750,88561
1779838786.244260,spill,FileSystemStorage,65536,2,131562,210639,82073
1779838786.245859,spill,FileSystemStorage,65536,1,65781,180553,53868
1779838786.246331,spill,FileSystemStorage,65536,3,197343,297723,139978
1779838786.246784,spill,FileSystemStorage,65536,1,65781,165316,55386
1779838786.247179,spill,FileSystemStorage,65536,3,197343,302235,124318
1779838786.249819,spill,FileSystemStorage,65536,2,131562,268303,91138
1779838786.250207,spill,FileSystemStorage,65536,1,65781,223243,64257
1779838786.250909,spill,FileSystemStorage,65536,2,131562,313170,114535
1779838786.250968,spill,FileSystemStorage,65536,1,65781,215268,71855
1779838786.253766,spill,FileSystemStorage,65536,2,131562,574373,98753
1779838786.253793,spill,FileSystemStorage,65536,1,65781,210941,76988
1779838786.255109,spill,FileSystemStorage,65536,1,65781,306255,71157
1779838786.255256,spill,FileSystemStorage,65536,4,263124,452993,199299
1779838786.257671,spill,FileSystemStorage,65536,2,131562,269607,100164
1779838786.257811,spill,FileSystemStorage,65536,3,197343,345064,141450
1779838786.258421,spill,FileSystemStorage,65536,1,65781,226560,66071
1779838786.258430,spill,FileSystemStorage,65536,1,65781,234409,65495
1779838786.260994,spill,FileSystemStorage,65536,1,65781,193897,56861
1779838786.260989,spill,FileSystemStorage,65536,4,263124,376423,174562
1779838786.261561,spill,FileSystemStorage,65536,1,65781,216132,59817
1779838786.261712,spill,FileSystemStorage,65536,4,263124,355411,168260
1779838786.264073,spill,FileSystemStorage,65536,2,131562,280133,100112
1779838786.264118,spill,FileSystemStorage,65536,1,65781,177948,56168
1779838786.264283,spill,FileSystemStorage,65536,3,197343,301148,127418
1779838786.264542,spill,FileSystemStorage,65536,4,263124,328832,164419
1779838786.266585,spill,FileSystemStorage,65536,1,65781,180912,55286
1779838786.266659,spill,FileSystemStorage,65536,1,65781,159295,47625
1779838786.267039,spill,FileSystemStorage,65536,2,131562,271483,131662
1779838786.267245,spill,FileSystemStorage,65536,5,328905,568989,296712
1779838786.269105,spill,FileSystemStorage,65536,1,65781,224085,61288
1779838786.269212,spill,FileSystemStorage,65536,1,65781,169783,51556
1779838786.269821,spill,FileSystemStorage,65536,3,197343,267591,127190
1779838786.269839,spill,FileSystemStorage,65536,1,65781,218082,69301
1779838786.271610,spill,FileSystemStorage,65536,1,65781,170544,55895
1779838786.271779,spill,FileSystemStorage,65536,2,131562,273978,110790
1779838786.272328,spill,FileSystemStorage,65536,1,65781,261751,84144
1779838786.272460,spill,FileSystemStorage,65536,5,328905,463415,212501
1779838786.274018,spill,FileSystemStorage,65536,1,65781,166492,51573
1779838786.274290,spill,FileSystemStorage,65536,3,197343,297045,132895
1779838786.274710,spill,FileSystemStorage,65536,1,65781,238543,67628
1779838786.274812,spill,FileSystemStorage,65536,3,197343,266164,123608
1779838786.275805,spill,FileSystemStorage,65536,1,65781,165290,51187
1779838786.275972,spill,FileSystemStorage,65536,2,131562,233073,90199
1779838786.276109,spill,FileSystemStorage,65536,1,65781,229881,64744
1779838786.276324,spill,FileSystemStorage,65536,1,65781,213415,59714
1779838786.276625,spill,FileSystemStorage,65536,3,197343,270973,127412
1779838786.276847,spill,FileSystemStorage,65536,1,65781,158468,49323
1779838786.277061,spill,FileSystemStorage,65536,1,65781,212849,74494
1779838786.277099,spill,FileSystemStorage,65536,2,131562,215026,85590
1779838786.277348,spill,FileSystemStorage,65536,2,131562,193205,80884
1779838786.277511,spill,FileSystemStorage,65536,1,65781,141016,50695
1779838786.277648,spill,FileSystemStorage,65536,1,65781,129297,52414
1779838786.277708,spill,FileSystemStorage,65536,1,65781,191336,62547
1779838786.277929,spill,FileSystemStorage,65536,3,197343,235019,121915
1779838786.278069,spill,FileSystemStorage,65536,1,65781,149897,57525
1779838786.278158,spill,FileSystemStorage,65536,1,65781,141731,47148
1779838786.278489,spill,FileSystemStorage,65536,2,131562,189270,89152
1779838786.278632,spill,FileSystemStorage,65536,5,328905,459081,259480
1779838786.278654,spill,FileSystemStorage,65536,1,65781,164091,49402
1779838786.278727,spill,FileSystemStorage,65536,2,131562,180102,88180
1779838786.279024,spill,FileSystemStorage,65536,1,65781,177387,74823
1779838786.279212,spill,FileSystemStorage,65536,2,131562,177014,86183
1779838786.279387,spill,FileSystemStorage,65536,2,131562,275817,115814
1779838786.279434,spill,FileSystemStorage,65536,2,131562,204029,93961
1779838786.279743,spill,FileSystemStorage,65536,2,131562,173614,77286
1779838786.279827,spill,FileSystemStorage,65536,2,131562,189170,83007
1779838786.280047,spill,FileSystemStorage,65536,1,65781,124393,44760
1779838786.280271,spill,FileSystemStorage,65536,2,131562,201835,92357
1779838786.280431,spill,FileSystemStorage,65536,1,65781,155882,54737
1779838786.280458,spill,FileSystemStorage,65536,4,263124,440440,245138
1779838786.280698,spill,FileSystemStorage,65536,1,65781,118137,47685
1779838786.280803,spill,FileSystemStorage,65536,1,65781,147742,47761
1779838786.281082,spill,FileSystemStorage,65536,1,65781,201569,68282
1779838786.281204,spill,FileSystemStorage,65536,1,65781,171448,52172
1779838786.281242,spill,FileSystemStorage,65536,1,65781,119001,48557
1779838786.281394,spill,FileSystemStorage,65536,1,65781,133547,53015
1779838786.281796,spill,FileSystemStorage,65536,1,65781,148169,67785
1779838786.281792,spill,FileSystemStorage,65536,2,131562,280638,121777
1779838786.281804,spill,FileSystemStorage,65536,2,131562,201918,93887
1779838786.281932,spill,FileSystemStorage,65536,1,65781,164424,55929
1779838786.282263,spill,FileSystemStorage,65536,1,65781,135605,46748
1779838786.282447,spill,FileSystemStorage,65536,1,65781,216879,74438
1779838786.282475,spill,FileSystemStorage,65536,2,131562,205163,90069
1779838786.282617,spill,FileSystemStorage,65536,2,131562,194848,87027
1779838786.282845,spill,FileSystemStorage,65536,1,65781,125736,47237
1779838786.283200,spill,FileSystemStorage,65536,3,197343,290576,124803
1779838786.283248,spill,FileSystemStorage,65536,1,65781,213905,68817
1779838786.283301,spill,FileSystemStorage,65536,2,131562,196801,94338
1779838786.283461,spill,FileSystemStorage,65536,2,131562,159609,76801
1779838786.283857,spill,FileSystemStorage,65536,1,65781,197688,66771
1779838786.283966,spill,FileSystemStorage,65536,2,131562,210309,95625
1779838786.284025,spill,FileSystemStorage,65536,1,65781,127393,48714
1779838786.284152,spill,FileSystemStorage,65536,2,131562,227723,109352
1779838786.284386,spill,FileSystemStorage,65536,1,65781,184041,57829
1779838786.284437,spill,FileSystemStorage,65536,1,65781,165345,46209
1779838786.284800,spill,FileSystemStorage,65536,2,131562,185348,84526
1779838786.284891,spill,FileSystemStorage,65536,2,131562,198582,88731
1779838786.284996,spill,FileSystemStorage,65536,3,197343,255854,142347
1779838786.285183,spill,FileSystemStorage,65536,2,131562,260235,113207
1779838786.285524,spill,FileSystemStorage,65536,4,263124,307972,185620
1779838786.285663,spill,FileSystemStorage,65536,2,131562,238336,105316
1779838786.285696,spill,FileSystemStorage,65536,3,197343,331352,142073
1779838786.285751,spill,FileSystemStorage,65536,1,65781,186025,57756
1779838786.286156,spill,FileSystemStorage,65536,1,65781,144760,50737
1779838786.286221,spill,FileSystemStorage,65536,1,65781,156467,55305
1779838786.286308,spill,FileSystemStorage,65536,2,131562,196936,85253
1779838786.286415,spill,FileSystemStorage,65536,2,131562,265777,115298
1779838786.286641,spill,FileSystemStorage,65536,2,131562,174822,77233
1779838786.286832,spill,FileSystemStorage,65536,2,131562,182682,83433
1779838786.287096,spill,FileSystemStorage,65536,1,65781,258871,59703
1779838786.287174,spill,FileSystemStorage,65536,1,65781,228069,68298
1779838786.287281,spill,FileSystemStorage,65536,3,197343,241259,120499
1779838786.287510,spill,FileSystemStorage,65536,3,197343,242196,119040
1779838786.287646,spill,FileSystemStorage,65536,1,65781,174509,47970
1779838786.287714,spill,FileSystemStorage,65536,1,65781,203045,64144
1779838786.287813,spill,FileSystemStorage,65536,1,65781,141290,53215
1779838786.288093,spill,FileSystemStorage,65536,2,131562,192695,81764
1779838786.288213,spill,FileSystemStorage,65536,2,131562,176604,78529
1779838786.288332,spill,FileSystemStorage,65536,1,65781,196269,60464
1779838786.288527,spill,FileSystemStorage,65536,1,65781,137535,50213
1779838786.289017,spill,FileSystemStorage,65536,4,263124,280191,156989
1779838786.289176,spill,FileSystemStorage,65536,2,131562,261905,95452
1779838786.289380,spill,FileSystemStorage,65536,1,65781,151312,53210
1779838786.289385,spill,FileSystemStorage,65536,2,131562,222935,96731
1779838786.289541,spill,FileSystemStorage,65536,2,131562,204042,82590
1779838786.289799,spill,FileSystemStorage,65536,1,65781,167175,57656
1779838786.289881,spill,FileSystemStorage,65536,1,65781,167889,53907
1779838786.290041,spill,FileSystemStorage,65536,2,131562,189002,99946
1779838786.290072,spill,FileSystemStorage,65536,1,65781,146333,54973
1779838786.290274,spill,FileSystemStorage,65536,1,65781,130892,43245
1779838786.290658,spill,FileSystemStorage,65536,3,197343,320986,133579
1779838786.290787,spill,FileSystemStorage,65536,3,197343,247057,122644
1779838786.290835,spill,FileSystemStorage,65536,2,131562,170570,81162
1779838786.291030,spill,FileSystemStorage,65536,2,131562,201333,121252
1779838786.291542,spill,FileSystemStorage,65536,1,65781,209275,65318
1779838786.291615,spill,FileSystemStorage,65536,2,131562,227112,94622
1779838786.291692,spill,FileSystemStorage,65536,3,197343,252812,135402
1779838786.291938,spill,FileSystemStorage,65536,2,131562,255545,100046
1779838786.292767,spill,FileSystemStorage,65536,1,65781,236195,72913
1779838786.293155,spill,FileSystemStorage,65536,1,65781,185014,57203
1779838786.293281,spill,FileSystemStorage,65536,3,197343,342681,163458
1779838786.293503,spill,FileSystemStorage,65536,2,131562,211118,87712
1779838786.293723,spill,FileSystemStorage,65536,1,65781,230164,55124
1779838786.293747,spill,FileSystemStorage,65536,1,65781,132320,45136
1779838786.294468,spill,FileSystemStorage,65536,1,65781,143417,54710
1779838786.294503,spill,FileSystemStorage,65536,2,131562,207310,93173
1779838786.294569,spill,FileSystemStorage,65536,1,65781,182638,50264
1779838786.294757,spill,FileSystemStorage,65536,1,65781,197591,55479
1779838786.295009,spill,FileSystemStorage,65536,1,65781,170940,65859
1779838786.295040,spill,FileSystemStorage,65536,1,65781,168740,72470
1779838786.295242,spill,FileSystemStorage,65536,1,65781,167710,49504
1779838786.295301,spill,FileSystemStorage,65536,1,65781,178929,57727
1779838786.295851,spill,FileSystemStorage,65536,1,65781,319752,41563
1779838786.295931,spill,FileSystemStorage,65536,1,65781,306525,64668
1779838786.296104,spill,FileSystemStorage,65536,4,263124,475610,186760
1779838786.297019,spill,FileSystemStorage,65536,4,263124,432262,158748
1779838786.297333,spill,FileSystemStorage,65536,1,65781,432442,48734
1779838786.297399,spill,FileSystemStorage,65536,1,65781,436608,65342
1779838786.297465,spill,FileSystemStorage,65536,2,131562,419572,127224
1779838786.298540,spill,FileSystemStorage,65536,3,197343,521568,131526
1779838786.298546,spill,FileSystemStorage,65536,3,197343,480299,131227
1779838786.298769,spill,FileSystemStorage,65536,1,65781,183180,62408
1779838786.299185,spill,FileSystemStorage,65536,2,131562,289521,101863
1779838786.299190,spill,FileSystemStorage,65536,3,197343,343384,130731
1779838786.299256,spill,FileSystemStorage,65536,2,131562,212655,95856
1779838786.299487,spill,FileSystemStorage,65536,2,131562,215650,86110
1779838786.299848,spill,FileSystemStorage,65536,2,131562,211363,91268
1779838786.299839,spill,FileSystemStorage,65536,2,131562,324245,106858
1779838786.300031,spill,FileSystemStorage,65536,3,197343,256512,122601
1779838786.300113,spill,FileSystemStorage,65536,2,131562,211563,89085
1779838786.300628,spill,FileSystemStorage,65536,1,65781,126798,47058
1779838786.300691,spill,FileSystemStorage,65536,1,65781,202405,60835
1779838786.300874,spill,FileSystemStorage,65536,4,263124,294941,158238
1779838786.301041,spill,FileSystemStorage,65536,3,197343,278967,136152
1779838786.301069,spill,FileSystemStorage,65536,1,65781,115746,43559
1779838786.301396,spill,FileSystemStorage,65536,5,328905,327497,191990
1779838786.301786,spill,FileSystemStorage,65536,1,65781,145374,48333
1779838786.301984,spill,FileSystemStorage,65536,2,131562,197218,86554
1779838786.302111,spill,FileSystemStorage,65536,4,263124,266628,156927
1779838786.302329,spill,FileSystemStorage,65536,1,65781,162318,47648
1779838786.302632,spill,FileSystemStorage,65536,1,65781,160090,53114
1779838786.302816,spill,FileSystemStorage,65536,2,131562,192857,104387
1779838786.302846,spill,FileSystemStorage,65536,3,197343,275355,145725
1779838786.303100,spill,FileSystemStorage,65536,4,263124,341678,181023
1779838786.303187,spill,FileSystemStorage,65536,1,65781,156972,46983
1779838786.303538,spill,FileSystemStorage,65536,1,65781,165495,61641
1779838786.303549,spill,FileSystemStorage,65536,1,65781,168816,61283
1779838786.303598,spill,FileSystemStorage,65536,4,263124,276061,159815
1779838786.303904,spill,FileSystemStorage,65536,2,131562,266065,91790
1779838786.304022,spill,FileSystemStorage,65536,3,197343,218779,122070
1779838786.304026,spill,FileSystemStorage,65536,1,65781,135835,54790
1779838786.304160,spill,FileSystemStorage,65536,1,65781,131255,45584
1779838786.304436,spill,FileSystemStorage,65536,3,197343,253040,121878
1779838786.304529,spill,FileSystemStorage,65536,1,65781,164614,53436
1779838786.304599,spill,FileSystemStorage,65536,3,197343,261885,127564
1779838786.304828,spill,FileSystemStorage,65536,1,65781,215100,59768
1779838786.305011,spill,FileSystemStorage,65536,1,65781,154932,60094
1779838786.305052,spill,FileSystemStorage,65536,3,197343,234487,122559
1779838787.695501,spill,FileSystemStorage,65536,2000,131562000,129977526,89659561
1779838787.699712,spill,FileSystemStorage,65536,3,197343,364256,125643
1779838787.703795,spill,FileSystemStorage,65536,1651,108604431,131804891,87822163
1779838787.710842,spill,FileSystemStorage,65536,2000,131562000,141664154,92459553
1779838787.717148,spill,FileSystemStorage,65536,2000,131562000,149886576,101832407
1779838787.725201,spill,FileSystemStorage,65536,3,197343,376388,134806
1779838787.727495,spill,FileSystemStorage,65536,4,263124,419704,169245
1779838787.738497,spill,FileSystemStorage,65536,2,131562,287799,93693
1779838787.751227,spill,FileSystemStorage,65536,1,65781,275009,56355
1779838787.765978,spill,FileSystemStorage,65536,1,65781,287938,64980
1779838787.768267,spill,FileSystemStorage,65536,1,65781,235596,63020
1779838787.768266,spill,FileSystemStorage,65536,1,65781,286099,78491
1779838787.768270,spill,FileSystemStorage,65536,1,65781,253663,64495
1779838787.774358,spill,FileSystemStorage,65536,1,65781,202757,54052
1779838787.775780,spill,FileSystemStorage,65536,4,263124,394169,185540
1779838787.775805,spill,FileSystemStorage,65536,3,197343,324774,141253
1779838787.775888,spill,FileSystemStorage,65536,2,131562,259538,92071
1779838787.780123,spill,FileSystemStorage,65536,2,131562,454798,105599
1779838787.780702,spill,FileSystemStorage,65536,1,65781,206531,57797
1779838787.780746,spill,FileSystemStorage,65536,2,131562,300974,100983
1779838787.781666,spill,FileSystemStorage,65536,10,657810,1105575,409390
1779838787.783704,spill,FileSystemStorage,65536,3,197343,324777,149417
1779838787.784138,spill,FileSystemStorage,65536,1,65781,202437,57486
1779838787.785055,spill,FileSystemStorage,65536,1,65781,194228,52637
1779838787.785530,spill,FileSystemStorage,65536,5,328905,403488,199794
1779838787.786661,spill,FileSystemStorage,65536,1,65781,190920,53292
1779838787.786938,spill,FileSystemStorage,65536,2,131562,257002,102553
1779838787.787911,spill,FileSystemStorage,65536,1,65781,230485,56792
1779838787.788831,spill,FileSystemStorage,65536,2,131562,293062,99128
1779838787.789732,spill,FileSystemStorage,65536,2,131562,267833,93946
1779838787.790845,spill,FileSystemStorage,65536,1,65781,250434,50323
1779838787.791073,spill,FileSystemStorage,65536,1,65781,223277,54662
1779838787.791952,spill,FileSystemStorage,65536,2,131562,567839,99627
1779838787.792823,spill,FileSystemStorage,65536,3,197343,282508,128759
1779838787.794240,spill,FileSystemStorage,65536,2,131562,257165,98546
1779838787.794783,spill,FileSystemStorage,65536,6,394686,506354,263088
1779838787.795135,spill,FileSystemStorage,65536,5,328905,442659,251012
1779838787.795927,spill,FileSystemStorage,65536,6,394686,430268,234082
1779838787.797585,spill,FileSystemStorage,65536,1,65781,211836,54042
1779838787.797614,spill,FileSystemStorage,65536,1,65781,232539,52278
1779838787.797926,spill,FileSystemStorage,65536,1,65781,221882,54975
1779838787.799146,spill,FileSystemStorage,65536,3,197343,317245,150178
1779838787.800346,spill,FileSystemStorage,65536,1,65781,186560,62232
1779838787.800666,spill,FileSystemStorage,65536,1,65781,203557,54538
1779838787.800854,spill,FileSystemStorage,65536,4,263124,332636,172241
1779838787.803207,spill,FileSystemStorage,65536,1,65781,236549,56485
1779838787.804570,spill,FileSystemStorage,65536,1,65781,181421,52590
1779838787.804635,spill,FileSystemStorage,65536,1,65781,194316,60618
1779838787.804701,spill,FileSystemStorage,65536,1,65781,194913,54539
1779838787.806110,spill,FileSystemStorage,65536,1,65781,182189,55729
1779838787.806942,spill,FileSystemStorage,65536,3,197343,288588,137238
1779838787.807158,spill,FileSystemStorage,65536,2,131562,284869,103022
1779838787.807255,spill,FileSystemStorage,65536,2,131562,315970,93774
1779838787.808648,spill,FileSystemStorage,65536,1,65781,171992,48323
1779838787.809927,spill,FileSystemStorage,65536,1,65781,196104,54505
1779838787.809984,spill,FileSystemStorage,65536,1,65781,186774,55525
1779838787.810130,spill,FileSystemStorage,65536,1,65781,238044,57146
1779838787.811147,spill,FileSystemStorage,65536,2,131562,220898,84861
1779838787.812993,spill,FileSystemStorage,65536,1,65781,181090,56054
1779838787.813116,spill,FileSystemStorage,65536,1,65781,216641,55494
1779838787.813240,spill,FileSystemStorage,65536,3,197343,298610,134119
1779838787.813977,spill,FileSystemStorage,65536,2,131562,217309,86036
1779838787.815460,spill,FileSystemStorage,65536,1,65781,215978,52444
1779838787.815583,spill,FileSystemStorage,65536,1,65781,193236,63479
1779838787.815703,spill,FileSystemStorage,65536,1,65781,178982,59017
1779838787.816374,spill,FileSystemStorage,65536,1,65781,202936,57638
1779838787.817616,spill,FileSystemStorage,65536,2,131562,227059,93764
1779838787.817769,spill,FileSystemStorage,65536,2,131562,224789,87323
1779838787.817856,spill,FileSystemStorage,65536,1,65781,159090,48112
1779838787.817899,spill,FileSystemStorage,65536,1,65781,174206,55668
1779838787.818388,spill,FileSystemStorage,65536,1,65781,174159,53398
1779838787.818426,spill,FileSystemStorage,65536,1,65781,161726,52957
1779838787.818579,spill,FileSystemStorage,65536,1,65781,147925,48737
1779838787.818626,spill,FileSystemStorage,65536,1,65781,138086,45024
1779838787.819335,spill,FileSystemStorage,65536,1,65781,214662,54860
1779838787.819407,spill,FileSystemStorage,65536,2,131562,365397,116270
1779838787.819422,spill,FileSystemStorage,65536,3,197343,376597,147547
1779838787.819432,spill,FileSystemStorage,65536,2,131562,239585,106821
1779838787.819889,spill,FileSystemStorage,65536,1,65781,124600,45371
1779838787.820129,spill,FileSystemStorage,65536,2,131562,198616,92371
1779838787.820185,spill,FileSystemStorage,65536,2,131562,207868,89940
1779838787.820468,spill,FileSystemStorage,65536,2,131562,230705,91932
1779838787.820701,spill,FileSystemStorage,65536,1,65781,153789,51808
1779838787.820998,spill,FileSystemStorage,65536,1,65781,156222,49138
1779838787.821095,spill,FileSystemStorage,65536,2,131562,199559,82142
1779838787.821427,spill,FileSystemStorage,65536,1,65781,168181,49049
1779838787.821560,spill,FileSystemStorage,65536,1,65781,169271,56847
1779838787.821787,spill,FileSystemStorage,65536,1,65781,135158,48767
1779838787.821856,spill,FileSystemStorage,65536,2,131562,175388,86429
1779838787.821980,spill,FileSystemStorage,65536,1,65781,135989,44280
1779838787.822163,spill,FileSystemStorage,65536,3,197343,227959,113892
1779838787.822415,spill,FileSystemStorage,65536,1,65781,135019,49319
1779838787.822447,spill,FileSystemStorage,65536,3,197343,235900,130440
1779838787.822560,spill,FileSystemStorage,65536,2,131562,234789,101159
1779838787.822880,spill,FileSystemStorage,65536,1,65781,141952,51219
1779838787.822923,spill,FileSystemStorage,65536,2,131562,190769,105864
1779838787.823016,spill,FileSystemStorage,65536,2,131562,229159,121408
1779838787.828038,spill,FileSystemStorage,65536,2,131562,5156790,83105
1779838787.828552,spill,FileSystemStorage,65536,1,65781,139960,46895
1779838787.828638,spill,FileSystemStorage,65536,1,65781,194826,52548
1779838787.828997,spill,FileSystemStorage,65536,1,65781,201008,56119
1779838787.838512,spill,FileSystemStorage,65536,3,197343,438562,131914
1779838787.838758,spill,FileSystemStorage,65536,2,131562,297408,123787
1779838787.839152,spill,FileSystemStorage,65536,2,131562,309607,99948
1779838787.839554,spill,FileSystemStorage,65536,1,65781,657385,77229
1779838787.841797,spill,FileSystemStorage,65536,4,263124,319888,170160
1779838787.841925,spill,FileSystemStorage,65536,3,197343,311957,134231
1779838787.841963,spill,FileSystemStorage,65536,1,65781,242792,62131
1779838787.841998,spill,FileSystemStorage,65536,2,131562,271682,106977
1779838787.842945,spill,FileSystemStorage,65536,1,65781,173035,60106
1779838787.843175,spill,FileSystemStorage,65536,3,197343,313336,139860
1779838787.843253,spill,FileSystemStorage,65536,1,65781,219329,53159
1779838787.843644,spill,FileSystemStorage,65536,2,131562,252142,91003
1779838787.844075,spill,FileSystemStorage,65536,3,197343,321998,133977
1779838787.844241,spill,FileSystemStorage,65536,1,65781,188999,53615
1779838787.844332,spill,FileSystemStorage,65536,2,131562,307156,103527
1779838787.844460,spill,FileSystemStorage,65536,4,263124,399805,190015
1779838787.844766,spill,FileSystemStorage,65536,2,131562,206886,88364
1779838787.845224,spill,FileSystemStorage,65536,2,131562,178454,84055
1779838787.845299,spill,FileSystemStorage,65536,1,65781,178500,53757
1779838787.845417,spill,FileSystemStorage,65536,1,65781,134571,43787
1779838787.845493,spill,FileSystemStorage,65536,1,65781,211541,55111
1779838787.845730,spill,FileSystemStorage,65536,1,65781,135819,45050
1779838787.845782,spill,FileSystemStorage,65536,1,65781,138527,43994
1779838787.846201,spill,FileSystemStorage,65536,3,197343,263530,128030
1779838787.846443,spill,FileSystemStorage,65536,1,65781,179222,60159
1779838787.846474,spill,FileSystemStorage,65536,1,65781,116926,43235
1779838787.846654,spill,FileSystemStorage,65536,1,65781,149466,50705
1779838787.846719,spill,FileSystemStorage,65536,3,197343,253409,131944
1779838787.847141,spill,FileSystemStorage,65536,1,65781,247381,64648
1779838787.847260,spill,FileSystemStorage,65536,1,65781,185644,54787
1779838787.847385,spill,FileSystemStorage,65536,4,263124,347915,177367
1779838787.847622,spill,FileSystemStorage,65536,1,65781,140866,48089
1779838787.847891,spill,FileSystemStorage,65536,1,65781,165990,59618
1779838787.847955,spill,FileSystemStorage,65536,2,131562,257980,112546
1779838787.848373,spill,FileSystemStorage,65536,3,197343,266348,126204
1779838787.848741,spill,FileSystemStorage,65536,3,197343,249804,139579
1779838787.848798,spill,FileSystemStorage,65536,2,131562,224448,90583
1779838787.849253,spill,FileSystemStorage,65536,6,394686,389087,231356
1779838787.849261,spill,FileSystemStorage,65536,2,131562,192677,94480
1779838787.849403,spill,FileSystemStorage,65536,1,65781,142701,49959
1779838787.849488,spill,FileSystemStorage,65536,1,65781,159612,46753
1779838787.849936,spill,FileSystemStorage,65536,1,65781,145334,50337
1779838787.849942,spill,FileSystemStorage,65536,2,131562,183750,91306
1779838787.850031,spill,FileSystemStorage,65536,1,65781,174477,56336
1779838787.850241,spill,FileSystemStorage,65536,1,65781,203153,56774
1779838787.850715,spill,FileSystemStorage,65536,1,65781,142566,48818
1779838787.850939,spill,FileSystemStorage,65536,2,131562,273337,139755
1779838787.850955,spill,FileSystemStorage,65536,4,263124,317617,186282
1779838787.851065,spill,FileSystemStorage,65536,1,65781,269896,74630
1779838787.851441,spill,FileSystemStorage,65536,3,197343,241887,126138
1779838787.851807,spill,FileSystemStorage,65536,4,263124,302815,164501
1779838787.852061,spill,FileSystemStorage,65536,1,65781,158685,52194
1779838787.852680,spill,FileSystemStorage,65536,3,197343,225125,118705
1779838787.852838,spill,FileSystemStorage,65536,3,197343,299538,146467
1779838787.852978,spill,FileSystemStorage,65536,4,263124,280012,166372
1779838787.853026,spill,FileSystemStorage,65536,2,131562,246691,84912
1779838787.853449,spill,FileSystemStorage,65536,1,65781,162302,54548
1779838787.853660,spill,FileSystemStorage,65536,1,65781,143450,48629
1779838787.853905,spill,FileSystemStorage,65536,1,65781,139689,46684
1779838787.854069,spill,FileSystemStorage,65536,2,131562,178200,91463
1779838787.854169,spill,FileSystemStorage,65536,3,197343,243663,136855
1779838787.854630,spill,FileSystemStorage,65536,1,65781,215592,58636
1779838787.854656,spill,FileSystemStorage,65536,1,65781,154649,54576
1779838787.854728,spill,FileSystemStorage,65536,2,131562,187454,87830
1779838787.854806,spill,FileSystemStorage,65536,1,65781,173496,53146
1779838787.855120,spill,FileSystemStorage,65536,1,65781,165958,52203
1779838787.855198,spill,FileSystemStorage,65536,1,65781,201417,72619
1779838787.855336,spill,FileSystemStorage,65536,1,65781,167170,55750
1779838787.855714,spill,FileSystemStorage,65536,1,65781,139379,46518
1779838787.855809,spill,FileSystemStorage,65536,2,131562,182604,90548
1779838787.855848,spill,FileSystemStorage,65536,1,65781,201179,53943
1779838787.856188,spill,FileSystemStorage,65536,1,65781,197818,53182
1779838787.856230,spill,FileSystemStorage,65536,1,65781,133223,47250
1779838787.856330,spill,FileSystemStorage,65536,2,131562,184149,87790
1779838787.856485,spill,FileSystemStorage,65536,1,65781,162846,53020
1779838787.856627,spill,FileSystemStorage,65536,1,65781,147675,44926
1779838787.856693,spill,FileSystemStorage,65536,1,65781,140078,54383
1779838787.856757,spill,FileSystemStorage,65536,1,65781,125705,44831
1779838787.856926,spill,FileSystemStorage,65536,2,131562,162997,79635
1779838787.857099,spill,FileSystemStorage,65536,1,65781,125478,44244
1779838787.857610,spill,FileSystemStorage,65536,1,65781,150807,48467
1779838787.857640,spill,FileSystemStorage,65536,1,65781,141758,46125
1779838787.857856,spill,FileSystemStorage,65536,1,65781,141066,47607
1779838787.857849,spill,FileSystemStorage,65536,1,65781,201176,74630
1779838787.858100,spill,FileSystemStorage,65536,1,65781,126878,43974
1779838787.858589,spill,FileSystemStorage,65536,1,65781,395232,52728
1779838787.858597,spill,FileSystemStorage,65536,1,65781,428132,53233
1779838787.858880,spill,FileSystemStorage,65536,1,65781,222231,53396
1779838787.859065,spill,FileSystemStorage,65536,1,65781,196957,77775
1779838787.859154,spill,FileSystemStorage,65536,2,131562,228880,91363
1779838787.859168,spill,FileSystemStorage,65536,1,65781,165171,58318
1779838787.859748,spill,FileSystemStorage,65536,1,65781,135869,50908
1779838787.859791,spill,FileSystemStorage,65536,2,131562,205148,102760
1779838787.859912,spill,FileSystemStorage,65536,1,65781,190235,57206
1779838787.860003,spill,FileSystemStorage,65536,1,65781,146971,45062
1779838787.860254,spill,FileSystemStorage,65536,1,65781,127256,45737
1779838787.860350,spill,FileSystemStorage,65536,1,65781,144075,46859
1779838787.860905,spill,FileSystemStorage,65536,1,65781,227662,64253
1779838787.860928,spill,FileSystemStorage,65536,1,65781,127817,52797
1779838787.860958,spill,FileSystemStorage,65536,2,131562,248561,103919
1779838787.861099,spill,FileSystemStorage,65536,2,131562,184708,92445
1779838787.861392,spill,FileSystemStorage,65536,1,65781,135308,50344
1779838787.861529,spill,FileSystemStorage,65536,1,65781,152535,45513
1779838787.861773,spill,FileSystemStorage,65536,1,65781,209193,50396
1779838787.861813,spill,FileSystemStorage,65536,1,65781,127495,48990
1779838787.862132,spill,FileSystemStorage,65536,2,131562,201206,80535
1779838787.862255,spill,FileSystemStorage,65536,1,65781,139997,54968
1779838787.862289,spill,FileSystemStorage,65536,2,131562,198028,92915
1779838787.862584,spill,FileSystemStorage,65536,1,65781,181012,49781
1779838787.862713,spill,FileSystemStorage,65536,1,65781,142874,58568
1779838787.862719,spill,FileSystemStorage,65536,3,197343,238350,128284
1779838787.862855,spill,FileSystemStorage,65536,2,131562,169765,77658
1779838787.863212,spill,FileSystemStorage,65536,2,131562,215407,92717
1779838787.863296,spill,FileSystemStorage,65536,2,131562,189557,87031
1779838787.863410,spill,FileSystemStorage,65536,1,65781,137710,46465
1779838787.863464,spill,FileSystemStorage,65536,1,65781,140673,49434
1779838787.863989,spill,FileSystemStorage,65536,2,131562,268994,102703
1779838787.864207,spill,FileSystemStorage,65536,2,131562,210816,95757
1779838787.864245,spill,FileSystemStorage,65536,1,65781,169550,65741
1779838787.864266,spill,FileSystemStorage,65536,3,197343,254742,136918
1779838787.864667,spill,FileSystemStorage,65536,2,131562,286235,116339
1779838787.864808,spill,FileSystemStorage,65536,1,65781,161046,49563
1779838787.864879,spill,FileSystemStorage,65536,1,65781,158240,48967
1779838787.865018,spill,FileSystemStorage,65536,1,65781,142737,48045
1779838787.865185,spill,FileSystemStorage,65536,1,65781,160528,49396
1779838787.865222,spill,FileSystemStorage,65536,1,65781,136005,44297
1779838787.865549,spill,FileSystemStorage,65536,1,65781,125990,48809
1779838787.865723,spill,FileSystemStorage,65536,1,65781,140399,54652
1779838787.865753,spill,FileSystemStorage,65536,5,328905,473524,246641
1779838787.865896,spill,FileSystemStorage,65536,3,197343,242163,121303
1779838787.866377,spill,FileSystemStorage,65536,3,197343,242075,121613
1779838787.866570,spill,FileSystemStorage,65536,1,65781,164838,54375
1779838787.866693,spill,FileSystemStorage,65536,3,197343,304688,161866
1779838787.866882,spill,FileSystemStorage,65536,8,526248,503623,337851
1779838787.866965,spill,FileSystemStorage,65536,1,65781,148427,60955
1779838787.867067,spill,FileSystemStorage,65536,2,131562,250663,113490
1779838787.867268,spill,FileSystemStorage,65536,2,131562,236333,92531
1779838787.867833,spill,FileSystemStorage,65536,1,65781,123657,43047
1779838787.867943,spill,FileSystemStorage,65536,2,131562,227804,105516
1779838787.867952,spill,FileSystemStorage,65536,1,65781,155245,54556
1779838787.867989,spill,FileSystemStorage,65536,2,131562,196487,91633
1779838787.868469,spill,FileSystemStorage,65536,2,131562,158151,76947
1779838787.868644,spill,FileSystemStorage,65536,2,131562,218469,111605
1779838787.868664,spill,FileSystemStorage,65536,2,131562,225931,98965
1779838787.868950,spill,FileSystemStorage,65536,3,197343,216936,129413
1779838787.868985,spill,FileSystemStorage,65536,3,197343,261977,138091
1779838787.869316,spill,FileSystemStorage,65536,1,65781,167607,56846
1779838787.869503,spill,FileSystemStorage,65536,2,131562,180359,89850
1779838787.869524,spill,FileSystemStorage,65536,2,131562,164522,86390
1779838787.869677,spill,FileSystemStorage,65536,3,197343,284617,137735
1779838787.869757,spill,FileSystemStorage,65536,1,65781,153778,53223
1779838787.869887,spill,FileSystemStorage,65536,2,131562,170229,77611
1779838787.870183,spill,FileSystemStorage,65536,2,131562,199108,97290
1779838787.870200,spill,FileSystemStorage,65536,2,131562,168683,92961
1779838787.870261,spill,FileSystemStorage,65536,2,131562,229109,97353
1779838787.870437,spill,FileSystemStorage,65536,3,197343,224016,125877
1779838787.870585,spill,FileSystemStorage,65536,1,65781,140496,45463
1779838787.870791,spill,FileSystemStorage,65536,1,65781,123870,44978
1779838787.870836,spill,FileSystemStorage,65536,1,65781,225878,75215
1779838787.871020,spill,FileSystemStorage,65536,2,131562,235110,122770
1779838787.871184,spill,FileSystemStorage,65536,3,197343,309503,186289
1779838787.871414,spill,FileSystemStorage,65536,1,65781,181400,60995
1779838787.871515,spill,FileSystemStorage,65536,2,131562,214675,98026
1779838787.871574,spill,FileSystemStorage,65536,1,65781,136491,47203
1779838787.871641,spill,FileSystemStorage,65536,1,65781,170108,51442
1779838787.872105,spill,FileSystemStorage,65536,1,65781,171010,57582
1779838787.872265,spill,FileSystemStorage,65536,3,197343,230598,122386
1779838787.872361,spill,FileSystemStorage,65536,1,65781,125451,51404
1779838787.872369,spill,FileSystemStorage,65536,2,131562,210933,90857
1779838787.872665,spill,FileSystemStorage,65536,1,65781,150154,52364
1779838787.872832,spill,FileSystemStorage,65536,4,263124,281759,172715
1779838787.872952,spill,FileSystemStorage,65536,1,65781,171095,56648
1779838787.873146,spill,FileSystemStorage,65536,2,131562,190341,85033
1779838787.873205,spill,FileSystemStorage,65536,1,65781,139875,48712
1779838787.873247,spill,FileSystemStorage,65536,2,131562,204094,90742
1779838787.873431,spill,FileSystemStorage,65536,2,131562,181639,82792
1779838787.873775,spill,FileSystemStorage,65536,1,65781,136467,51188
1779838787.873918,spill,FileSystemStorage,65536,1,65781,188188,47419
1779838787.874136,spill,FileSystemStorage,65536,4,263124,299062,161083
1779838787.874140,spill,FileSystemStorage,65536,1,65781,200953,61670
1779838787.874357,spill,FileSystemStorage,65536,3,197343,239941,129438
1779838787.874622,spill,FileSystemStorage,65536,4,263124,278922,162749
1779838787.874629,spill,FileSystemStorage,65536,2,131562,181937,94678
1779838787.874682,spill,FileSystemStorage,65536,1,65781,159217,45377
1779838787.874835,spill,FileSystemStorage,65536,1,65781,136590,46072
1779838787.875091,spill,FileSystemStorage,65536,1,65781,162786,49819
1779838787.875138,spill,FileSystemStorage,65536,1,65781,182497,55670
1779838787.875245,spill,FileSystemStorage,65536,1,65781,158413,47310
1779838787.875380,spill,FileSystemStorage,65536,1,65781,148152,54267
1779838787.875534,spill,FileSystemStorage,65536,1,65781,124052,42830
1779838787.875653,spill,FileSystemStorage,65536,1,65781,171061,52998
1779838787.875822,spill,FileSystemStorage,65536,2,131562,188576,92859
1779838787.875956,spill,FileSystemStorage,65536,2,131562,182844,80463
1779838787.876006,spill,FileSystemStorage,65536,1,65781,152460,55164
1779838787.876218,spill,FileSystemStorage,65536,1,65781,147588,51821
1779838787.876218,spill,FileSystemStorage,65536,1,65781,169890,56927
1779838787.876315,spill,FileSystemStorage,65536,1,65781,134595,46905
1779838787.876536,spill,FileSystemStorage,65536,1,65781,128816,41766
1779838787.876635,spill,FileSystemStorage,65536,1,65781,117530,41830
1779838787.876735,spill,FileSystemStorage,65536,2,131562,162108,81972
1779838787.876833,spill,FileSystemStorage,65536,2,131562,202554,91715
1779838787.876965,spill,FileSystemStorage,65536,1,65781,135142,46669
1779838787.877168,spill,FileSystemStorage,65536,1,65781,137290,48614
1779838787.877218,spill,FileSystemStorage,65536,1,65781,119632,40709
1779838787.877415,spill,FileSystemStorage,65536,2,131562,204475,99350
1779838787.877578,spill,FileSystemStorage,65536,1,65781,124398,54054
1779838787.877597,spill,FileSystemStorage,65536,3,197343,256423,133950
1779838787.877663,spill,FileSystemStorage,65536,1,65781,125322,51970
1779838787.877787,spill,FileSystemStorage,65536,1,65781,135383,47363
1779838787.877950,spill,FileSystemStorage,65536,1,65781,113208,47074
1779838787.878099,spill,FileSystemStorage,65536,2,131562,191999,85295
1779838787.878270,spill,FileSystemStorage,65536,3,197343,228301,136673
1779838787.878342,spill,FileSystemStorage,65536,1,65781,124803,52929
1779838787.878352,spill,FileSystemStorage,65536,2,131562,199030,91598
1779838787.878491,spill,FileSystemStorage,65536,1,65781,134214,43558
1779838787.878681,spill,FileSystemStorage,65536,1,65781,138484,50334
1779838787.878819,spill,FileSystemStorage,65536,1,65781,113181,47661
1779838787.878955,spill,FileSystemStorage,65536,1,65781,175532,73849
1779838787.879032,spill,FileSystemStorage,65536,4,263124,389701,252572
1779838787.879297,spill,FileSystemStorage,65536,2,131562,188180,85281
1779838787.879480,spill,FileSystemStorage,65536,1,65781,135937,50111
1779838787.879774,spill,FileSystemStorage,65536,1,65781,164655,50329
1779838787.879832,spill,FileSystemStorage,65536,2,131562,261234,101003
1779838787.880055,spill,FileSystemStorage,65536,1,65781,181623,61196
1779838787.880255,spill,FileSystemStorage,65536,1,65781,140487,56609
1779838787.880549,spill,FileSystemStorage,65536,4,263124,338438,200417
1779838787.880560,spill,FileSystemStorage,65536,10,657810,619658,435661
1779838787.880574,spill,FileSystemStorage,65536,2,131562,196532,104853
1779838787.880738,spill,FileSystemStorage,65536,2,131562,176160,81706
1779838787.881074,spill,FileSystemStorage,65536,1,65781,150542,47641
1779838787.881143,spill,FileSystemStorage,65536,1,65781,172945,63647
1779838787.881169,spill,FileSystemStorage,65536,1,65781,209208,70096
1779838787.881403,spill,FileSystemStorage,65536,3,197343,220490,114788
1779838787.881597,spill,FileSystemStorage,65536,1,65781,143093,52363
1779838787.881605,spill,FileSystemStorage,65536,2,131562,217083,90511
1779838787.881833,spill,FileSystemStorage,65536,1,65781,120536,51987
1779838787.881852,spill,FileSystemStorage,65536,2,131562,222314,84733
1779838787.882140,spill,FileSystemStorage,65536,1,65781,135369,49358
1779838787.882152,spill,FileSystemStorage,65536,2,131562,188666,100287
1779838787.882311,spill,FileSystemStorage,65536,2,131562,160252,78299
1779838787.882457,spill,FileSystemStorage,65536,1,65781,151897,47746
1779838787.882640,spill,FileSystemStorage,65536,2,131562,185831,95290
1779838787.882751,spill,FileSystemStorage,65536,1,65781,145551,54259
1779838787.882818,spill,FileSystemStorage,65536,1,65781,119970,42927
1779838787.882946,spill,FileSystemStorage,65536,1,65781,144787,65586
1779838787.883369,spill,FileSystemStorage,65536,1,65781,141180,48784
1779838787.883475,spill,FileSystemStorage,65536,2,131562,256708,97707
1779838787.883632,spill,FileSystemStorage,65536,2,131562,289275,123282
1779838787.883640,spill,FileSystemStorage,65536,4,263124,301154,174350
1779838787.883794,spill,FileSystemStorage,65536,1,65781,111175,45104
1779838787.884310,spill,FileSystemStorage,65536,2,131562,183675,78907
1779838787.884379,spill,FileSystemStorage,65536,1,65781,169226,50401
1779838787.884577,spill,FileSystemStorage,65536,2,131562,262568,93582
1779838787.884677,spill,FileSystemStorage,65536,1,65781,162151,49046
1779838787.884969,spill,FileSystemStorage,65536,2,131562,200291,85468
1779838787.885153,spill,FileSystemStorage,65536,2,131562,205556,101936
1779838787.885338,spill,FileSystemStorage,65536,3,197343,245655,132262
1779838787.885347,spill,FileSystemStorage,65536,3,197343,278251,137735
1779838787.885717,spill,FileSystemStorage,65536,3,197343,235662,121890
1779838787.885794,spill,FileSystemStorage,65536,1,65781,140192,52248
1779838787.885949,spill,FileSystemStorage,65536,5,328905,368790,218436
1779838787.886224,spill,FileSystemStorage,65536,1,65781,118393,47228
1779838787.886320,spill,FileSystemStorage,65536,1,65781,202477,58227
1779838787.886576,spill,FileSystemStorage,65536,3,197343,285521,129102
1779838787.886587,spill,FileSystemStorage,65536,2,131562,211346,89038
1779838787.886609,spill,FileSystemStorage,65536,1,65781,114389,44962
1779838787.886845,spill,FileSystemStorage,65536,1,65781,148468,58657
1779838787.887227,spill,FileSystemStorage,65536,2,131562,211015,89330
1779838787.887226,spill,FileSystemStorage,65536,2,131562,215789,95599
1779838787.887490,spill,FileSystemStorage,65536,2,131562,214830,98103
1779838787.887537,spill,FileSystemStorage,65536,2,131562,166257,85762
1779838787.887656,spill,FileSystemStorage,65536,1,65781,148389,49810
1779838787.887871,spill,FileSystemStorage,65536,2,131562,184591,89768
1779838787.887972,spill,FileSystemStorage,65536,1,65781,109543,43915
1779838787.888070,spill,FileSystemStorage,65536,1,65781,159168,54253
1779838787.888376,spill,FileSystemStorage,65536,1,65781,144084,46675
1779838787.888580,spill,FileSystemStorage,65536,3,197343,270577,153142
1779838787.888588,spill,FileSystemStorage,65536,4,263124,357217,186337
1779838787.888617,spill,FileSystemStorage,65536,2,131562,158345,82694
1779838787.888861,spill,FileSystemStorage,65536,1,65781,201055,56789
1779838787.889017,spill,FileSystemStorage,65536,2,131562,157105,82939
1779838787.889093,spill,FileSystemStorage,65536,2,131562,184989,87857
1779838787.889216,spill,FileSystemStorage,65536,1,65781,165751,49985
1779838787.889369,spill,FileSystemStorage,65536,1,65781,127876,50337
1779838787.889557,spill,FileSystemStorage,65536,4,263124,368028,191484
1779838787.889680,spill,FileSystemStorage,65536,1,65781,160267,63346
1779838787.889692,spill,FileSystemStorage,65536,5,328905,330587,208383
1779838787.889900,spill,FileSystemStorage,65536,4,263124,281688,144543
1779838787.890159,spill,FileSystemStorage,65536,2,131562,197096,102656
1779838787.890157,spill,FileSystemStorage,65536,1,65781,153352,59592
1779838787.890173,spill,FileSystemStorage,65536,3,197343,281104,145550
1779838787.890270,spill,FileSystemStorage,65536,1,65781,106866,42067
1779838787.890551,spill,FileSystemStorage,65536,1,65781,127123,41606
1779838787.890750,spill,FileSystemStorage,65536,1,65781,178252,61557
1779838787.890799,spill,FileSystemStorage,65536,2,131562,245694,103000
1779838787.890897,spill,FileSystemStorage,65536,1,65781,137390,58033
1779838787.890991,spill,FileSystemStorage,65536,4,263124,326388,177951
1779838787.891570,spill,FileSystemStorage,65536,1,65781,444292,46990
1779838787.891822,spill,FileSystemStorage,65536,6,394686,576799,235895
1779838789.470474,spill,FileSystemStorage,65536,1653,108735993,96655612,73419858
1779838789.473963,spill,FileSystemStorage,65536,1,65781,259895,56289
1779838789.501225,spill,FileSystemStorage,65536,2000,131562000,133033602,86029016
1779838789.505203,spill,FileSystemStorage,65536,2000,131562000,135129312,87447771
1779838789.506184,spill,FileSystemStorage,65536,1,65781,289814,60998
1779838789.505998,spill,FileSystemStorage,65536,2000,131562000,134337649,88060117
1779838789.508499,spill,FileSystemStorage,65536,2,131562,301991,93567
1779838789.528293,spill,FileSystemStorage,65536,1,65781,558064,68628
1779838789.529315,spill,FileSystemStorage,65536,7,460467,507978,263378
1779838789.542033,spill,FileSystemStorage,65536,6,394686,492680,233874
1779838789.542700,spill,FileSystemStorage,65536,3,197343,357102,135787
1779838789.566713,spill,FileSystemStorage,65536,2,131562,320123,98311
1779838789.566814,spill,FileSystemStorage,65536,1,65781,252996,64311
1779838789.567139,spill,FileSystemStorage,65536,3,197343,375992,153152
1779838789.567625,spill,FileSystemStorage,65536,5,328905,772296,214259
1779838789.570334,spill,FileSystemStorage,65536,3,197343,290802,127307
1779838789.570441,spill,FileSystemStorage,65536,2,131562,312511,119128
1779838789.570588,spill,FileSystemStorage,65536,4,263124,371212,186327
1779838789.570613,spill,FileSystemStorage,65536,5,328905,434751,236110
1779838789.573498,spill,FileSystemStorage,65536,3,197343,293207,131340
1779838789.573526,spill,FileSystemStorage,65536,2,131562,326966,109644
1779838789.573565,spill,FileSystemStorage,65536,1,65781,200860,55555
1779838789.573727,spill,FileSystemStorage,65536,2,131562,255680,91678
1779838789.576263,spill,FileSystemStorage,65536,3,197343,245990,122632
1779838789.576393,spill,FileSystemStorage,65536,1,65781,257968,71768
1779838789.576407,spill,FileSystemStorage,65536,1,65781,227793,59262
1779838789.576708,spill,FileSystemStorage,65536,8,526248,586066,346239
1779838789.578639,spill,FileSystemStorage,65536,2,131562,231059,94315
1779838789.578696,spill,FileSystemStorage,65536,1,65781,198587,51942
1779838789.578735,spill,FileSystemStorage,65536,1,65781,171806,52900
1779838789.579292,spill,FileSystemStorage,65536,1,65781,208595,55811
1779838789.581498,spill,FileSystemStorage,65536,2,131562,213994,85690
1779838789.581710,spill,FileSystemStorage,65536,3,197343,289017,128463
1779838789.581753,spill,FileSystemStorage,65536,2,131562,260317,95274
1779838789.582345,spill,FileSystemStorage,65536,2,131562,206026,82957
1779838789.583904,spill,FileSystemStorage,65536,1,65781,180513,50596
1779838789.584084,spill,FileSystemStorage,65536,2,131562,255769,95836
1779838789.584146,spill,FileSystemStorage,65536,1,65781,219310,55939
1779838789.585238,spill,FileSystemStorage,65536,2,131562,243893,90872
1779838789.586553,spill,FileSystemStorage,65536,1,65781,174317,64092
1779838789.586961,spill,FileSystemStorage,65536,1,65781,205948,65314
1779838789.587081,spill,FileSystemStorage,65536,2,131562,271566,123049
1779838789.587818,spill,FileSystemStorage,65536,1,65781,200892,53181
1779838789.589178,spill,FileSystemStorage,65536,1,65781,193162,52201
1779838789.589749,spill,FileSystemStorage,65536,1,65781,209993,54879
1779838789.590122,spill,FileSystemStorage,65536,1,65781,199963,56133
1779838789.590720,spill,FileSystemStorage,65536,1,65781,161380,48638
1779838789.591922,spill,FileSystemStorage,65536,3,197343,257075,120152
1779838789.592265,spill,FileSystemStorage,65536,1,65781,203560,59935
1779838789.592824,spill,FileSystemStorage,65536,1,65781,180833,49837
1779838789.593374,spill,FileSystemStorage,65536,1,65781,210176,57602
1779838789.594407,spill,FileSystemStorage,65536,1,65781,136954,47112
1779838789.594693,spill,FileSystemStorage,65536,1,65781,173772,57026
1779838789.595292,spill,FileSystemStorage,65536,2,131562,249683,93332
1779838789.595921,spill,FileSystemStorage,65536,1,65781,188989,55345
1779838789.597041,spill,FileSystemStorage,65536,1,65781,215844,56317
1779838789.597279,spill,FileSystemStorage,65536,2,131562,230881,85023
1779838789.597783,spill,FileSystemStorage,65536,1,65781,198820,53662
1779838789.598471,spill,FileSystemStorage,65536,2,131562,193643,86726
1779838789.599666,spill,FileSystemStorage,65536,1,65781,216665,57162
1779838789.600233,spill,FileSystemStorage,65536,2,131562,260381,99618
1779838789.600349,spill,FileSystemStorage,65536,2,131562,220761,88603
1779838789.601246,spill,FileSystemStorage,65536,1,65781,208348,59486
1779838789.602265,spill,FileSystemStorage,65536,2,131562,272956,117099
1779838789.602831,spill,FileSystemStorage,65536,2,131562,235672,104464
1779838789.602867,spill,FileSystemStorage,65536,2,131562,233772,106751
1779838789.604070,spill,FileSystemStorage,65536,2,131562,247031,91524
1779838789.605180,spill,FileSystemStorage,65536,1,65781,181387,54545
1779838789.605698,spill,FileSystemStorage,65536,1,65781,166598,54623
1779838789.605754,spill,FileSystemStorage,65536,1,65781,229447,59209
1779838789.607049,spill,FileSystemStorage,65536,3,197343,302675,162321
1779838789.607830,spill,FileSystemStorage,65536,1,65781,185773,64323
1779838789.608294,spill,FileSystemStorage,65536,3,197343,277152,126776
1779838789.608431,spill,FileSystemStorage,65536,3,197343,286973,121892
1779838789.609582,spill,FileSystemStorage,65536,2,131562,211717,87588
1779838789.609921,spill,FileSystemStorage,65536,1,65781,173028,62315
1779838789.610065,spill,FileSystemStorage,65536,1,65781,229552,59692
1779838789.610065,spill,FileSystemStorage,65536,3,197343,358058,157640
1779838789.610476,spill,FileSystemStorage,65536,1,65781,208685,52728
1779838789.610928,spill,FileSystemStorage,65536,1,65781,351353,60105
1779838789.611523,spill,FileSystemStorage,65536,1,65781,383575,60503
1779838789.611518,spill,FileSystemStorage,65536,1,65781,483571,55106
1779838789.612023,spill,FileSystemStorage,65536,2,131562,252668,86687
1779838789.612346,spill,FileSystemStorage,65536,1,65781,279132,47843
1779838789.612926,spill,FileSystemStorage,65536,1,65781,256890,47423
1779838789.613126,spill,FileSystemStorage,65536,5,328905,621695,213293
1779838789.613561,spill,FileSystemStorage,65536,2,131562,249515,95499
1779838789.613860,spill,FileSystemStorage,65536,1,65781,330237,43830
1779838789.613904,spill,FileSystemStorage,65536,1,65781,159437,45172
1779838789.614315,spill,FileSystemStorage,65536,1,65781,290498,49018
1779838789.614737,spill,FileSystemStorage,65536,1,65781,171483,48426
1779838789.614747,spill,FileSystemStorage,65536,1,65781,246306,63869
1779838789.614995,spill,FileSystemStorage,65536,3,197343,311388,136943
1779838789.615275,spill,FileSystemStorage,65536,1,65781,163573,52344
1779838789.615410,spill,FileSystemStorage,65536,1,65781,186072,53633
1779838789.615638,spill,FileSystemStorage,65536,3,197343,226686,120125
1779838789.615772,spill,FileSystemStorage,65536,2,131562,188302,82661
1779838789.616033,spill,FileSystemStorage,65536,2,131562,220017,84461
1779838789.616167,spill,FileSystemStorage,65536,1,65781,137981,57486
1779838789.616224,spill,FileSystemStorage,65536,1,65781,135515,44698
1779838789.616426,spill,FileSystemStorage,65536,3,197343,274550,131695
1779838789.616900,spill,FileSystemStorage,65536,5,328905,357233,208891
1779838789.617028,spill,FileSystemStorage,65536,5,328905,383115,229956
1779838789.617119,spill,FileSystemStorage,65536,2,131562,214595,85786
1779838789.617127,spill,FileSystemStorage,65536,1,65781,171362,58683
1779838789.617349,spill,FileSystemStorage,65536,1,65781,136962,45730
1779838789.617706,spill,FileSystemStorage,65536,1,65781,140478,46912
1779838789.617718,spill,FileSystemStorage,65536,1,65781,150515,49000
1779838789.617945,spill,FileSystemStorage,65536,1,65781,142609,60400
1779838789.618055,spill,FileSystemStorage,65536,1,65781,157365,49642
1779838789.618107,spill,FileSystemStorage,65536,1,65781,119708,44156
1779838789.618207,spill,FileSystemStorage,65536,1,65781,131195,58633
1779838789.618527,spill,FileSystemStorage,65536,2,131562,230506,109352
1779838789.618571,spill,FileSystemStorage,65536,2,131562,215154,106842
1779838789.618666,spill,FileSystemStorage,65536,3,197343,223688,132148
1779838789.618964,spill,FileSystemStorage,65536,5,328905,428866,233575
1779838789.619021,spill,FileSystemStorage,65536,1,65781,182499,72412
1779838789.619182,spill,FileSystemStorage,65536,2,131562,226160,98145
1779838789.619221,spill,FileSystemStorage,65536,1,65781,270353,59940
1779838789.619422,spill,FileSystemStorage,65536,1,65781,125967,44191
1779838789.619627,spill,FileSystemStorage,65536,1,65781,135091,44700
1779838789.619743,spill,FileSystemStorage,65536,1,65781,168044,52060
1779838789.619967,spill,FileSystemStorage,65536,1,65781,142466,55414
1779838789.620144,spill,FileSystemStorage,65536,1,65781,156431,50503
1779838789.620317,spill,FileSystemStorage,65536,8,526248,525369,334653
1779838789.620355,spill,FileSystemStorage,65536,1,65781,108525,42996
1779838789.620465,spill,FileSystemStorage,65536,2,131562,191270,86948
1779838789.620649,spill,FileSystemStorage,65536,2,131562,187903,90747
1779838789.620737,spill,FileSystemStorage,65536,1,65781,143398,42036
1779838789.620858,spill,FileSystemStorage,65536,1,65781,157152,50990
1779838789.621253,spill,FileSystemStorage,65536,5,328905,305180,186052
1779838789.621373,spill,FileSystemStorage,65536,2,131562,212729,99954
1779838789.621466,spill,FileSystemStorage,65536,4,263124,311683,177864
1779838789.621525,spill,FileSystemStorage,65536,2,131562,195790,85475
1779838789.621837,spill,FileSystemStorage,65536,2,131562,168423,75616
1779838789.622016,spill,FileSystemStorage,65536,1,65781,177392,56517
1779838789.622073,spill,FileSystemStorage,65536,1,65781,155654,50999
1779838789.622277,spill,FileSystemStorage,65536,1,65781,163889,51335
1779838789.622445,spill,FileSystemStorage,65536,3,197343,262366,145188
1779838789.622622,spill,FileSystemStorage,65536,2,131562,179978,97008
1779838789.622672,spill,FileSystemStorage,65536,4,263124,315461,183767
1779838789.623067,spill,FileSystemStorage,65536,1,65781,177131,50666
1779838789.623214,spill,FileSystemStorage,65536,2,131562,190172,93214
1779838789.623438,spill,FileSystemStorage,65536,6,394686,413640,244117
1779838789.623644,spill,FileSystemStorage,65536,2,131562,194612,78683
1779838789.623852,spill,FileSystemStorage,65536,1,65781,141919,53703
1779838789.623921,spill,FileSystemStorage,65536,2,131562,209748,99935
1779838789.624225,spill,FileSystemStorage,65536,2,131562,200768,87251
1779838789.624355,spill,FileSystemStorage,65536,1,65781,129825,47721
1779838789.624749,spill,FileSystemStorage,65536,1,65781,125594,50145
1779838789.624992,spill,FileSystemStorage,65536,1,65781,187106,55818
1779838789.625157,spill,FileSystemStorage,65536,1,65781,139432,48737
1779838789.625171,spill,FileSystemStorage,65536,1,65781,137985,52150
1779838789.625446,spill,FileSystemStorage,65536,1,65781,135674,56531
1779838789.625978,spill,FileSystemStorage,65536,1,65781,139414,48406
1779838789.626274,spill,FileSystemStorage,65536,3,197343,262840,139706
1779838789.626484,spill,FileSystemStorage,65536,2,131562,323658,106660
1779838789.626507,spill,FileSystemStorage,65536,4,263124,337189,170511
1779838789.626617,spill,FileSystemStorage,65536,1,65781,122001,51821
1779838789.627069,spill,FileSystemStorage,65536,2,131562,268830,113303
1779838789.627138,spill,FileSystemStorage,65536,1,65781,191315,61938
1779838789.627252,spill,FileSystemStorage,65536,1,65781,153167,48179
1779838789.627666,spill,FileSystemStorage,65536,1,65781,164840,49717
1779838789.627716,spill,FileSystemStorage,65536,1,65781,135063,48738
1779838789.627717,spill,FileSystemStorage,65536,1,65781,169761,52543
1779838789.628413,spill,FileSystemStorage,65536,1,65781,160693,51334
1779838789.628500,spill,FileSystemStorage,65536,1,65781,132767,46477
1779838789.628830,spill,FileSystemStorage,65536,3,197343,250289,125363
1779838789.628943,spill,FileSystemStorage,65536,2,131562,182397,80715
1779838789.629376,spill,FileSystemStorage,65536,1,65781,137285,54687
1779838789.629423,spill,FileSystemStorage,65536,1,65781,175288,54637
1779838789.629431,spill,FileSystemStorage,65536,1,65781,146821,48990
1779838789.629572,spill,FileSystemStorage,65536,2,131562,223508,98397
1779838789.629949,spill,FileSystemStorage,65536,1,65781,127093,53094
1779838789.630121,spill,FileSystemStorage,65536,1,65781,138410,50062
1779838789.630177,spill,FileSystemStorage,65536,2,131562,260250,105465
1779838789.630314,spill,FileSystemStorage,65536,1,65781,166450,53250
1779838789.630773,spill,FileSystemStorage,65536,2,131562,190929,102143
1779838789.630846,spill,FileSystemStorage,65536,4,263124,325521,209833
1779838789.630897,spill,FileSystemStorage,65536,2,131562,262172,103833
1779838789.631000,spill,FileSystemStorage,65536,1,65781,202626,63500
1779838789.631305,spill,FileSystemStorage,65536,1,65781,141681,48472
1779838789.631506,spill,FileSystemStorage,65536,1,65781,153641,60790
1779838789.631691,spill,FileSystemStorage,65536,1,65781,150125,54378
1779838789.631725,spill,FileSystemStorage,65536,2,131562,252820,116960
1779838789.631894,spill,FileSystemStorage,65536,2,131562,179615,82791
1779838789.632475,spill,FileSystemStorage,65536,4,263124,322274,198659
1779838789.632472,spill,FileSystemStorage,65536,2,131562,268793,126551
1779838789.632500,spill,FileSystemStorage,65536,2,131562,253773,115932
1779838789.632847,spill,FileSystemStorage,65536,1,65781,156200,48607
1779838789.633247,spill,FileSystemStorage,65536,1,65781,165090,56820
1779838789.633285,spill,FileSystemStorage,65536,3,197343,245366,141810
1779838789.633577,spill,FileSystemStorage,65536,4,263124,325991,179606
1779838789.633724,spill,FileSystemStorage,65536,2,131562,218000,92865
1779838789.633778,spill,FileSystemStorage,65536,2,131562,270456,104278
1779838789.634436,spill,FileSystemStorage,65536,2,131562,231352,116981
1779838789.634440,spill,FileSystemStorage,65536,4,263124,312760,200413
1779838789.634467,spill,FileSystemStorage,65536,1,65781,179175,67195
1779838789.634480,spill,FileSystemStorage,65536,1,65781,137983,52140
1779838789.634943,spill,FileSystemStorage,65536,1,65781,154019,59258
1779838789.635049,spill,FileSystemStorage,65536,1,65781,174841,70969
1779838789.635140,spill,FileSystemStorage,65536,1,65781,186545,53947
1779838789.635369,spill,FileSystemStorage,65536,5,328905,337420,191251
1779838789.635847,spill,FileSystemStorage,65536,5,328905,327019,188412
1779838789.636028,spill,FileSystemStorage,65536,1,65781,129462,45680
1779838789.636171,spill,FileSystemStorage,65536,4,263124,297022,186342
1779838789.636403,spill,FileSystemStorage,65536,1,65781,182658,55994
1779838789.636788,spill,FileSystemStorage,65536,1,65781,150380,46844
1779838789.636951,spill,FileSystemStorage,65536,2,131562,194957,90229
1779838789.637168,spill,FileSystemStorage,65536,2,131562,302287,96720
1779838789.637202,spill,FileSystemStorage,65536,1,65781,197808,64669
1779838789.637231,spill,FileSystemStorage,65536,1,65781,151990,52835
1779838789.637880,spill,FileSystemStorage,65536,2,131562,247558,120215
1779838789.637921,spill,FileSystemStorage,65536,3,197343,253848,145838
1779838789.637960,spill,FileSystemStorage,65536,2,131562,234177,108398
1779838789.638433,spill,FileSystemStorage,65536,4,263124,320295,174750
1779838789.638526,spill,FileSystemStorage,65536,2,131562,191502,103812
1779838789.638556,spill,FileSystemStorage,65536,1,65781,161335,55826
1779838789.638876,spill,FileSystemStorage,65536,5,328905,347704,191779
1779838789.639114,spill,FileSystemStorage,65536,1,65781,188432,50290
1779838789.639166,spill,FileSystemStorage,65536,1,65781,162015,51875
1779838789.639374,spill,FileSystemStorage,65536,3,197343,271293,137003
1779838789.639618,spill,FileSystemStorage,65536,2,131562,196510,85593
1779838789.639828,spill,FileSystemStorage,65536,1,65781,161637,58101
1779838789.640042,spill,FileSystemStorage,65536,1,65781,172446,46354
1779838789.640159,spill,FileSystemStorage,65536,3,197343,272921,133962
1779838789.640409,spill,FileSystemStorage,65536,2,131562,193151,84141
1779838789.640625,spill,FileSystemStorage,65536,1,65781,130531,44006
1779838789.640744,spill,FileSystemStorage,65536,1,65781,126593,47319
1779838789.641030,spill,FileSystemStorage,65536,1,65781,162059,59029
1779838789.641110,spill,FileSystemStorage,65536,1,65781,158368,51519
1779838789.641200,spill,FileSystemStorage,65536,2,131562,199433,97470
1779838789.641266,spill,FileSystemStorage,65536,4,263124,335207,187920
1779838789.641572,spill,FileSystemStorage,65536,1,65781,157106,52717
1779838789.641608,spill,FileSystemStorage,65536,2,131562,182748,79749
1779838789.642170,spill,FileSystemStorage,65536,1,65781,387309,47532
1779838789.642222,spill,FileSystemStorage,65536,2,131562,355061,85309
1779838795.574644,restore,FileSystemStorage,65536,1,65781,636237,548981
1779838795.579019,restore,FileSystemStorage,65536,1,65781,317369,239625
1779838795.582442,restore,FileSystemStorage,65536,1,65781,265483,195472
1779838795.586058,restore,FileSystemStorage,65536,1,65781,391563,316927
1779838795.590698,restore,FileSystemStorage,65536,1,65781,259038,177149
1779838795.594742,restore,FileSystemStorage,65536,1,65781,263200,189941
1779838795.598038,restore,FileSystemStorage,65536,1,65781,214488,168281
1779838795.602125,restore,FileSystemStorage,65536,1,65781,227258,167908
1779838795.604605,restore,FileSystemStorage,65536,1,65781,553334,515375
1779838795.608508,restore,FileSystemStorage,65536,1,65781,987509,904635
1779838795.613452,restore,FileSystemStorage,65536,1,65781,577823,502854
1779838795.617777,restore,FileSystemStorage,65536,1,65781,273084,201428
1779838795.621594,restore,FileSystemStorage,65536,1,65781,613806,572578
1779838795.624821,restore,FileSystemStorage,65536,1,65781,596305,545858
1779838795.628448,restore,FileSystemStorage,65536,1,65781,868007,779092
1779838795.632539,restore,FileSystemStorage,65536,1,65781,801912,720445
1779838795.636906,restore,FileSystemStorage,65536,1,65781,626437,561460
1779838795.641787,restore,FileSystemStorage,65536,1,65781,670771,596594
1779838795.645569,restore,FileSystemStorage,65536,1,65781,510431,464013
1779838795.650622,restore,FileSystemStorage,65536,1,65781,647576,573331
1779838795.656001,restore,FileSystemStorage,65536,1,65781,841243,752119
1779838795.660769,restore,FileSystemStorage,65536,1,65781,994465,910108
1779838795.665022,restore,FileSystemStorage,65536,1,65781,619175,536290
1779838795.668357,restore,FileSystemStorage,65536,1,65781,618579,540330
1779838795.672407,restore,FileSystemStorage,65536,1,65781,867308,799608
1779838795.676669,restore,FileSystemStorage,65536,1,65781,974927,889267
1779838795.679954,restore,FileSystemStorage,65536,1,65781,871110,785892
1779838795.683846,restore,FileSystemStorage,65536,1,65781,1131727,1048703
1779838795.688643,restore,FileSystemStorage,65536,1,65781,968203,880041
1779838795.692751,restore,FileSystemStorage,65536,1,65781,853485,769571
1779838795.697081,restore,FileSystemStorage,65536,1,65781,657462,571945
1779838795.701818,restore,FileSystemStorage,65536,1,65781,627089,553875
1779838795.706068,restore,FileSystemStorage,65536,1,65781,381259,305061
1779838795.709168,restore,FileSystemStorage,65536,1,65781,228910,177212
1779838795.714014,restore,FileSystemStorage,65536,1,65781,706003,630910
1779838795.718692,restore,FileSystemStorage,65536,1,65781,560869,518241
1779838795.723475,restore,FileSystemStorage,65536,1,65781,766059,712051
1779838795.728797,restore,FileSystemStorage,65536,1,65781,873282,797373
1779838795.732236,restore,FileSystemStorage,65536,1,65781,844454,769212
1779838795.736724,restore,FileSystemStorage,65536,1,65781,494964,416087
1779838795.741532,restore,FileSystemStorage,65536,1,65781,597871,529145
1779838795.746327,restore,FileSystemStorage,65536,1,65781,612746,547515
1779838795.751692,restore,FileSystemStorage,65536,1,65781,934221,856824
1779838795.756607,restore,FileSystemStorage,65536,1,65781,532155,454348
1779838795.761075,restore,FileSystemStorage,65536,1,65781,693419,618704
1779838795.765974,restore,FileSystemStorage,65536,1,65781,585234,514513
1779838795.770249,restore,FileSystemStorage,65536,1,65781,612841,566658
1779838795.774717,restore,FileSystemStorage,65536,1,65781,684274,639010
1779838795.778996,restore,FileSystemStorage,65536,1,65781,422527,333675
1779838795.782328,restore,FileSystemStorage,65536,1,65781,257520,188180
1779838795.785039,restore,FileSystemStorage,65536,1,65781,649350,577257
1779838795.789526,restore,FileSystemStorage,65536,1,65781,632993,559106
1779838795.793707,restore,FileSystemStorage,65536,1,65781,417598,363137
1779838795.798141,restore,FileSystemStorage,65536,1,65781,605509,535235
1779838795.801854,restore,FileSystemStorage,65536,1,65781,611139,534999
1779838795.805147,restore,FileSystemStorage,65536,1,65781,353702,308810
1779838795.807714,restore,FileSystemStorage,65536,1,65781,197183,145303
1779838795.810293,restore,FileSystemStorage,65536,1,65781,516610,474549
1779838795.813482,restore,FileSystemStorage,65536,1,65781,585785,552267
1779838795.817648,restore,FileSystemStorage,65536,1,65781,615802,579418
1779838795.821999,restore,FileSystemStorage,65536,1,65781,230063,189657
1779838795.825824,restore,FileSystemStorage,65536,1,65781,187968,155012
1779838795.828668,restore,FileSystemStorage,65536,1,65781,807226,734750
1779838795.831035,restore,FileSystemStorage,65536,1,65781,261275,211143
1779838795.835079,restore,FileSystemStorage,65536,1,65781,433814,388481
1779838795.839505,restore,FileSystemStorage,65536,1,65781,714603,638173
1779838795.842055,restore,FileSystemStorage,65536,1,65781,240684,173257
1779838795.843502,restore,FileSystemStorage,65536,1,65781,344710,304287
1779838795.845646,restore,FileSystemStorage,65536,1,65781,214738,171675
1779838795.849488,restore,FileSystemStorage,65536,1,65781,386010,287188
1779838795.852673,restore,FileSystemStorage,65536,1,65781,269440,192405
1779838795.854870,restore,FileSystemStorage,65536,1,65781,186416,145077
1779838795.857790,restore,FileSystemStorage,65536,1,65781,253452,180445
1779838795.859533,restore,FileSystemStorage,65536,1,65781,195805,146854
1779838795.861946,restore,FileSystemStorage,65536,1,65781,153574,120120
1779838795.863591,restore,FileSystemStorage,65536,1,65781,146874,115863
1779838795.866159,restore,FileSystemStorage,65536,1,65781,144008,117086
1779838795.868546,restore,FileSystemStorage,65536,1,65781,525380,488583
1779838795.870993,restore,FileSystemStorage,65536,1,65781,204090,177145
1779838795.874437,restore,FileSystemStorage,65536,1,65781,591036,555180
1779838795.878043,restore,FileSystemStorage,65536,1,65781,609471,535305
1779838795.880916,restore,FileSystemStorage,65536,1,65781,499924,451941
1779838795.884054,restore,FileSystemStorage,65536,1,65781,600615,563757
1779838795.886495,restore,FileSystemStorage,65536,1,65781,173796,139821
1779838795.888539,restore,FileSystemStorage,65536,1,65781,232511,161486
1779838795.891975,restore,FileSystemStorage,65536,1,65781,618305,569571
1779838795.895130,restore,FileSystemStorage,65536,1,65781,259943,209561
1779838795.898647,restore,FileSystemStorage,65536,1,65781,512773,462279
1779838795.902411,restore,FileSystemStorage,65536,1,65781,571480,493429
1779838795.905869,restore,FileSystemStorage,65536,1,65781,715372,643742
1779838795.909023,restore,FileSystemStorage,65536,1,65781,582537,504658
1779838795.912357,restore,FileSystemStorage,65536,1,65781,682132,634832
1779838795.914951,restore,FileSystemStorage,65536,1,65781,199635,166067
1779838795.917775,restore,FileSystemStorage,65536,1,65781,231293,156484
1779838795.921023,restore,FileSystemStorage,65536,1,65781,670695,592032
1779838795.924215,restore,FileSystemStorage,65536,1,65781,881702,822557
1779838795.929305,restore,FileSystemStorage,65536,1,65781,641097,559456
1779838795.934833,restore,FileSystemStorage,65536,1,65781,700816,653450
1779838795.938505,restore,FileSystemStorage,65536,1,65781,621878,538648
1779838795.941919,restore,FileSystemStorage,65536,1,65781,683846,600358
1779838795.946867,restore,FileSystemStorage,65536,1,65781,397686,324035
1779838795.950953,restore,FileSystemStorage,65536,1,65781,243230,195618
1779838795.956330,restore,FileSystemStorage,65536,1,65781,829681,781742
1779838795.960905,restore,FileSystemStorage,65536,1,65781,793521,710720
1779838795.963776,restore,FileSystemStorage,65536,1,65781,198018,144952
1779838795.968499,restore,FileSystemStorage,65536,1,65781,787157,709206
1779838795.971797,restore,FileSystemStorage,65536,1,65781,874108,783170
1779838795.976650,restore,FileSystemStorage,65536,1,65781,695981,625056
1779838795.981631,restore,FileSystemStorage,65536,1,65781,610723,537995
1779838795.986116,restore,FileSystemStorage,65536,1,65781,549436,480227
1779838795.990403,restore,FileSystemStorage,65536,1,65781,718219,645795
1779838795.995773,restore,FileSystemStorage,65536,1,65781,1031130,955931
1779838796.000486,restore,FileSystemStorage,65536,1,65781,745532,668358
1779838796.004926,restore,FileSystemStorage,65536,1,65781,690974,615276
1779838796.008449,restore,FileSystemStorage,65536,1,65781,252782,183302
1779838796.012256,restore,FileSystemStorage,65536,1,65781,250966,181510
1779838796.015744,restore,FileSystemStorage,65536,1,65781,671716,605687
1779838796.018813,restore,FileSystemStorage,65536,1,65781,186665,135722
1779838796.022596,restore,FileSystemStorage,65536,1,65781,380850,311241
1779838796.026734,restore,FileSystemStorage,65536,1,65781,423590,355050
1779838796.030633,restore,FileSystemStorage,65536,1,65781,406254,331378
1779838796.034871,restore,FileSystemStorage,65536,1,65781,237199,166745
1779838796.038632,restore,FileSystemStorage,65536,1,65781,441543,373134
1779838796.042732,restore,FileSystemStorage,65536,1,65781,386109,309797
1779838796.046680,restore,FileSystemStorage,65536,1,65781,371443,303887
1779838796.050856,restore,FileSystemStorage,65536,1,65781,625541,547867
1779838796.055902,restore,FileSystemStorage,65536,1,65781,850286,772081
1779838796.060844,restore,FileSystemStorage,65536,1,65781,799036,719208
1779838796.065467,restore,FileSystemStorage,65536,1,65781,795243,720126
1779838796.070273,restore,FileSystemStorage,65536,1,65781,480472,407231
1779838796.075513,restore,FileSystemStorage,65536,1,65781,671448,595854
1779838796.080823,restore,FileSystemStorage,65536,1,65781,751636,676233
1779838796.085736,restore,FileSystemStorage,65536,1,65781,535469,466507
1779838796.090755,restore,FileSystemStorage,65536,1,65781,443551,373368
1779838796.095929,restore,FileSystemStorage,65536,1,65781,984566,876546
1779838796.100393,restore,FileSystemStorage,65536,1,65781,771439,694452
1779838796.105025,restore,FileSystemStorage,65536,1,65781,734199,659231
1779838796.109461,restore,FileSystemStorage,65536,1,65781,677632,607957
1779838796.114636,restore,FileSystemStorage,65536,1,65781,568079,498114
1779838796.119688,restore,FileSystemStorage,65536,1,65781,815222,724931
1779838796.123711,restore,FileSystemStorage,65536,1,65781,740172,649418
1779838796.128006,restore,FileSystemStorage,65536,1,65781,922955,853634
1779838796.131738,restore,FileSystemStorage,65536,1,65781,599947,539596
1779838796.136903,restore,FileSystemStorage,65536,1,65781,625455,580461
1779838796.140949,restore,FileSystemStorage,65536,1,65781,664211,612620
1779838796.145351,restore,FileSystemStorage,65536,1,65781,630925,600716
1779838796.150387,restore,FileSystemStorage,65536,1,65781,562495,495101
1779838796.155646,restore,FileSystemStorage,65536,1,65781,891931,819555
1779838796.160389,restore,FileSystemStorage,65536,1,65781,891372,810805
1779838796.165407,restore,FileSystemStorage,65536,1,65781,597965,524063
1779838796.170156,restore,FileSystemStorage,65536,1,65781,546391,477895
1779838796.174489,restore,FileSystemStorage,65536,1,65781,250860,182622
1779838796.179042,restore,FileSystemStorage,65536,1,65781,295560,224444
1779838796.181513,restore,FileSystemStorage,65536,1,65781,238150,165567
1779838796.183103,restore,FileSystemStorage,65536,1,65781,260090,213318
1779838796.185330,restore,FileSystemStorage,65536,1,65781,199792,163740
1779838802.154325,spill,FileSystemStorage,131072,2,262634,414653,173245
1779838802.157185,spill,FileSystemStorage,131072,1,131317,1912320,129155
1779838802.157691,spill,FileSystemStorage,131072,5,656585,2319870,415929
1779838802.157845,spill,FileSystemStorage,131072,1,131317,235463,95090
1779838802.159130,spill,FileSystemStorage,131072,1,131317,971875,101827
1779838802.159225,spill,FileSystemStorage,131072,2,262634,1040632,178445
1779838802.160102,spill,FileSystemStorage,131072,1,131317,274591,92514
1779838802.160267,spill,FileSystemStorage,131072,1,131317,296994,115098
1779838802.160616,spill,FileSystemStorage,131072,1,131317,176655,83466
1779838802.161144,spill,FileSystemStorage,131072,1,131317,187015,93063
1779838802.161170,spill,FileSystemStorage,131072,3,393951,482775,312023
1779838802.161910,spill,FileSystemStorage,131072,5,656585,509928,397056
1779838802.161988,spill,FileSystemStorage,131072,3,393951,458661,317615
1779838802.162522,spill,FileSystemStorage,131072,1,131317,229174,115907
1779838802.162746,spill,FileSystemStorage,131072,5,656585,539492,386349
1779838802.162955,spill,FileSystemStorage,131072,1,131317,200424,109580
1779838802.163257,spill,FileSystemStorage,131072,1,131317,205056,83095
1779838802.163807,spill,FileSystemStorage,131072,3,393951,431925,290108
1779838802.163829,spill,FileSystemStorage,131072,1,131317,185181,91960
1779838802.164507,spill,FileSystemStorage,131072,3,393951,381119,267427
1779838802.164519,spill,FileSystemStorage,131072,2,262634,335653,210130
1779838802.164953,spill,FileSystemStorage,131072,1,131317,202920,98717
1779838802.165017,spill,FileSystemStorage,131072,1,131317,171894,84212
1779838802.165373,spill,FileSystemStorage,131072,1,131317,189348,99821
1779838802.165814,spill,FileSystemStorage,131072,1,131317,192558,112396
1779838802.165824,spill,FileSystemStorage,131072,4,525268,477858,334559
1779838802.166313,spill,FileSystemStorage,131072,1,131317,172048,88195
1779838802.166497,spill,FileSystemStorage,131072,3,393951,420424,305058
1779838802.166694,spill,FileSystemStorage,131072,1,131317,184933,98842
1779838802.167178,spill,FileSystemStorage,131072,1,131317,182299,90983
1779838802.167361,spill,FileSystemStorage,131072,4,525268,621968,452442
1779838802.167589,spill,FileSystemStorage,131072,1,131317,178755,96672
1779838802.167997,spill,FileSystemStorage,131072,2,262634,333445,216796
1779838802.168278,spill,FileSystemStorage,131072,4,525268,432189,332425
1779838802.168526,spill,FileSystemStorage,131072,1,131317,219140,108724
1779838802.168683,spill,FileSystemStorage,131072,1,131317,200116,101037
1779838802.168999,spill,FileSystemStorage,131072,1,131317,230909,117231
1779838802.169219,spill,FileSystemStorage,131072,2,262634,274620,174002
1779838802.169643,spill,FileSystemStorage,131072,2,262634,374209,228671
1779838802.169702,spill,FileSystemStorage,131072,2,262634,280349,192115
1779838802.170148,spill,FileSystemStorage,131072,1,131317,259646,118414
1779838802.170225,spill,FileSystemStorage,131072,2,262634,272393,182310
1779838802.170592,spill,FileSystemStorage,131072,1,131317,218597,114515
1779838802.170714,spill,FileSystemStorage,131072,2,262634,288488,173685
1779838802.171218,spill,FileSystemStorage,131072,1,131317,208542,101790
1779838802.171211,spill,FileSystemStorage,131072,2,262634,398796,253263
1779838802.171651,spill,FileSystemStorage,131072,1,131317,184056,96691
1779838802.171968,spill,FileSystemStorage,131072,2,262634,378702,225181
1779838802.172076,spill,FileSystemStorage,131072,1,131317,169778,89056
1779838802.172567,spill,FileSystemStorage,131072,2,262634,359422,225163
1779838802.172616,spill,FileSystemStorage,131072,3,393951,354973,259298
1779838802.173316,spill,FileSystemStorage,131072,2,262634,374364,231445
1779838802.173372,spill,FileSystemStorage,131072,3,393951,402556,272888
1779838802.173889,spill,FileSystemStorage,131072,1,131317,179128,95795
1779838802.173974,spill,FileSystemStorage,131072,2,262634,352684,222777
1779838802.174263,spill,FileSystemStorage,131072,1,131317,159934,84892
1779838802.174561,spill,FileSystemStorage,131072,2,262634,346706,221427
1779838802.174733,spill,FileSystemStorage,131072,2,262634,258879,181404
1779838802.175187,spill,FileSystemStorage,131072,1,131317,218194,93547
1779838802.175626,spill,FileSystemStorage,131072,1,131317,175288,93855
1779838802.175805,spill,FileSystemStorage,131072,6,787902,936264,650346
1779838802.176388,spill,FileSystemStorage,131072,1,131317,296249,92643
1779838802.176839,spill,FileSystemStorage,131072,4,525268,630049,434970
1779838802.177063,spill,FileSystemStorage,131072,1,131317,283156,92800
1779838802.177818,spill,FileSystemStorage,131072,4,525268,723770,442296
1779838802.177929,spill,FileSystemStorage,131072,3,393951,444455,268518
1779838802.178324,spill,FileSystemStorage,131072,1,131317,233531,114916
1779838802.178386,spill,FileSystemStorage,131072,1,131317,188146,90399
1779838802.178795,spill,FileSystemStorage,131072,1,131317,221555,117546
1779838802.179011,spill,FileSystemStorage,131072,2,262634,323913,207393
1779838802.179304,spill,FileSystemStorage,131072,1,131317,242499,115963
1779838802.179720,spill,FileSystemStorage,131072,4,525268,460703,344994
1779838802.180492,spill,FileSystemStorage,131072,1,131317,468110,123415
1779838802.180582,spill,FileSystemStorage,131072,2,262634,531947,180021
1779838802.181104,spill,FileSystemStorage,131072,1,131317,253637,96240
1779838802.181375,spill,FileSystemStorage,131072,3,393951,566593,327724
1779838802.181683,spill,FileSystemStorage,131072,1,131317,159167,90875
1779838802.182051,spill,FileSystemStorage,131072,1,131317,150154,92706
1779838802.182072,spill,FileSystemStorage,131072,2,262634,364972,232341
1779838802.182519,spill,FileSystemStorage,131072,2,262634,259314,170555
1779838802.182587,spill,FileSystemStorage,131072,1,131317,226918,115765
1779838802.182937,spill,FileSystemStorage,131072,1,131317,176295,102484
1779838802.183135,spill,FileSystemStorage,131072,1,131317,316098,115270
1779838802.183766,spill,FileSystemStorage,131072,1,131317,261561,91126
1779838802.184412,spill,FileSystemStorage,131072,1,131317,280405,123088
1779838802.184512,spill,FileSystemStorage,131072,2,262634,317390,171457
1779838802.184985,spill,FileSystemStorage,131072,1,131317,235203,90439
1779838802.185044,spill,FileSystemStorage,131072,1,131317,285819,115849
1779838802.185666,spill,FileSystemStorage,131072,2,262634,434534,193597
1779838802.185673,spill,FileSystemStorage,131072,1,131317,274091,129360
1779838802.186209,spill,FileSystemStorage,131072,2,262634,261773,178450
1779838802.186487,spill,FileSystemStorage,131072,3,393951,468044,326248
1779838802.186589,spill,FileSystemStorage,131072,1,131317,162443,88918
1779838802.187155,spill,FileSystemStorage,131072,2,262634,287987,203652
1779838802.187403,spill,FileSystemStorage,131072,4,525268,643328,481001
1779838802.187952,spill,FileSystemStorage,131072,1,131317,401603,91716
1779838802.188130,spill,FileSystemStorage,131072,2,262634,452809,225707
1779838802.188700,spill,FileSystemStorage,131072,1,131317,242854,113436
1779838802.188948,spill,FileSystemStorage,131072,1,131317,399382,107044
1779838802.189285,spill,FileSystemStorage,131072,1,131317,278430,113615
1779838802.189608,spill,FileSystemStorage,131072,2,262634,436258,167173
1779838802.190012,spill,FileSystemStorage,131072,1,131317,383901,121121
1779838802.190484,spill,FileSystemStorage,131072,3,393951,455413,260009
1779838802.190609,spill,FileSystemStorage,131072,1,131317,368427,116300
1779838802.190871,spill,FileSystemStorage,131072,1,131317,171736,92019
1779838802.191645,spill,FileSystemStorage,131072,2,262634,267108,180857
1779838802.191687,spill,FileSystemStorage,131072,5,656585,766399,552777
1779838802.192339,spill,FileSystemStorage,131072,1,131317,246350,125161
1779838802.192578,spill,FileSystemStorage,131072,6,787902,710412,543059
1779838802.192897,spill,FileSystemStorage,131072,1,131317,221866,110573
1779838802.193079,spill,FileSystemStorage,131072,1,131317,201759,95451
1779838802.193502,spill,FileSystemStorage,131072,1,131317,283298,117984
1779838802.193746,spill,FileSystemStorage,131072,1,131317,382070,90994
1779838802.194112,spill,FileSystemStorage,131072,2,262634,362592,223268
1779838802.194131,spill,FileSystemStorage,131072,1,131317,169959,94192
1779838802.194558,spill,FileSystemStorage,131072,1,131317,188041,101100
1779838802.194661,spill,FileSystemStorage,131072,1,131317,242438,113458
1779838802.195106,spill,FileSystemStorage,131072,2,262634,315317,216353
1779838802.195278,spill,FileSystemStorage,131072,1,131317,252654,119903
1779838802.195772,spill,FileSystemStorage,131072,1,131317,226383,117462
1779838802.195811,spill,FileSystemStorage,131072,3,393951,457155,296112
1779838802.196299,spill,FileSystemStorage,131072,1,131317,231763,113219
1779838802.196761,spill,FileSystemStorage,131072,1,131317,241354,121006
1779838802.196839,spill,FileSystemStorage,131072,4,525268,537050,381660
1779838802.197391,spill,FileSystemStorage,131072,2,262634,347331,218700
1779838802.197664,spill,FileSystemStorage,131072,4,525268,540659,398390
1779838802.197845,spill,FileSystemStorage,131072,1,131317,217158,112519
1779838802.198160,spill,FileSystemStorage,131072,1,131317,214273,104200
1779838802.198596,spill,FileSystemStorage,131072,1,131317,182684,107363
1779838802.198804,spill,FileSystemStorage,131072,4,525268,614721,440282
1779838802.199034,spill,FileSystemStorage,131072,1,131317,210746,133395
1779838802.200198,spill,FileSystemStorage,131072,1,131317,573843,108234
1779838802.200203,spill,FileSystemStorage,131072,1,131317,1071715,115341
1779838802.201684,spill,FileSystemStorage,131072,1,131317,210773,101540
1779838802.201697,spill,FileSystemStorage,131072,1,131317,180693,94389
1779838802.202405,spill,FileSystemStorage,131072,1,131317,224200,105974
1779838802.202538,spill,FileSystemStorage,131072,2,262634,314843,202643
1779838802.202970,spill,FileSystemStorage,131072,2,262634,311674,192167
1779838802.203104,spill,FileSystemStorage,131072,2,262634,329719,203767
1779838802.203615,spill,FileSystemStorage,131072,1,131317,212033,94910
1779838802.203679,spill,FileSystemStorage,131072,1,131317,286552,123694
1779838802.204349,spill,FileSystemStorage,131072,2,262634,359928,222026
1779838802.204524,spill,FileSystemStorage,131072,3,393951,356639,253528
1779838802.204912,spill,FileSystemStorage,131072,1,131317,243843,113628
1779838802.205247,spill,FileSystemStorage,131072,4,525268,475500,354204
1779838802.205497,spill,FileSystemStorage,131072,1,131317,224598,116122
1779838802.205975,spill,FileSystemStorage,131072,3,393951,371141,255325
1779838802.206297,spill,FileSystemStorage,131072,3,393951,468676,322106
1779838802.206393,spill,FileSystemStorage,131072,1,131317,175534,91646
1779838802.206827,spill,FileSystemStorage,131072,1,131317,250294,124899
1779838802.206894,spill,FileSystemStorage,131072,2,262634,256281,172789
1779838802.207426,spill,FileSystemStorage,131072,1,131317,174534,94106
1779838802.207428,spill,FileSystemStorage,131072,1,131317,250211,117856
1779838802.208012,spill,FileSystemStorage,131072,1,131317,166524,95771
1779838802.208441,spill,FileSystemStorage,131072,3,393951,498020,332644
1779838802.208619,spill,FileSystemStorage,131072,3,393951,355072,258239
1779838802.208917,spill,FileSystemStorage,131072,1,131317,228114,114527
1779838802.209188,spill,FileSystemStorage,131072,2,262634,279286,175606
1779838802.209404,spill,FileSystemStorage,131072,1,131317,230420,117739
1779838802.209630,spill,FileSystemStorage,131072,1,131317,179256,95481
1779838802.209909,spill,FileSystemStorage,131072,1,131317,224078,113608
1779838802.210085,spill,FileSystemStorage,131072,1,131317,218236,100778
1779838802.210416,spill,FileSystemStorage,131072,1,131317,229297,117546
1779838802.210561,spill,FileSystemStorage,131072,1,131317,216510,103153
1779838802.210893,spill,FileSystemStorage,131072,1,131317,219108,112568
1779838802.211193,spill,FileSystemStorage,131072,3,393951,399908,292630
1779838802.211435,spill,FileSystemStorage,131072,1,131317,229121,115033
1779838802.211642,spill,FileSystemStorage,131072,1,131317,197628,88418
1779838802.212141,spill,FileSystemStorage,131072,2,262634,269446,181104
1779838802.212167,spill,FileSystemStorage,131072,2,262634,353569,193516
1779838802.212699,spill,FileSystemStorage,131072,1,131317,194250,91974
1779838802.212960,spill,FileSystemStorage,131072,3,393951,370936,264314
1779838802.213142,spill,FileSystemStorage,131072,1,131317,196040,105304
1779838802.213460,spill,FileSystemStorage,131072,2,262634,261865,170282
1779838802.213769,spill,FileSystemStorage,131072,3,393951,358472,245990
1779838802.213958,spill,FileSystemStorage,131072,1,131317,168591,88548
1779838802.214247,spill,FileSystemStorage,131072,1,131317,215855,98496
1779838802.214395,spill,FileSystemStorage,131072,1,131317,176753,98625
1779838802.214802,spill,FileSystemStorage,131072,2,262634,308727,177029
1779838802.214893,spill,FileSystemStorage,131072,2,262634,267640,182673
1779838802.215252,spill,FileSystemStorage,131072,1,131317,181395,92032
1779838802.215529,spill,FileSystemStorage,131072,2,262634,283284,176605
1779838802.215894,spill,FileSystemStorage,131072,1,131317,208860,93991
1779838802.216000,spill,FileSystemStorage,131072,1,131317,171121,86835
1779838802.216327,spill,FileSystemStorage,131072,1,131317,173296,92946
1779838802.216450,spill,FileSystemStorage,131072,1,131317,180646,89782
1779838802.216723,spill,FileSystemStorage,131072,1,131317,185704,92917
1779838802.216882,spill,FileSystemStorage,131072,1,131317,169383,90801
1779838802.217366,spill,FileSystemStorage,131072,1,131317,176591,95786
1779838802.217588,spill,FileSystemStorage,131072,4,525268,479325,343889
1779838802.217880,spill,FileSystemStorage,131072,2,262634,292666,179464
1779838802.218313,spill,FileSystemStorage,131072,4,525268,467575,352013
1779838802.218536,spill,FileSystemStorage,131072,3,393951,401857,261371
1779838802.218753,spill,FileSystemStorage,131072,1,131317,195617,95711
1779838802.219041,spill,FileSystemStorage,131072,1,131317,229151,113136
1779838802.219586,spill,FileSystemStorage,131072,2,262634,304048,177847
1779838802.219855,spill,FileSystemStorage,131072,3,393951,400167,278258
1779838802.220024,spill,FileSystemStorage,131072,1,131317,183545,98078
1779838802.220396,spill,FileSystemStorage,131072,2,262634,273800,177600
1779838802.220533,spill,FileSystemStorage,131072,2,262634,266381,176347
1779838802.220792,spill,FileSystemStorage,131072,1,131317,167349,86545
1779838802.221008,spill,FileSystemStorage,131072,1,131317,164463,89506
1779838802.221262,spill,FileSystemStorage,131072,1,131317,184056,101991
1779838802.221523,spill,FileSystemStorage,131072,1,131317,172760,101960
1779838802.221909,spill,FileSystemStorage,131072,1,131317,164260,93040
1779838802.222034,spill,FileSystemStorage,131072,4,525268,472525,341869
1779838802.222480,spill,FileSystemStorage,131072,1,131317,191715,94141
1779838802.222521,spill,FileSystemStorage,131072,3,393951,380212,270401
1779838802.223041,spill,FileSystemStorage,131072,1,131317,220134,132566
1779838802.223350,spill,FileSystemStorage,131072,5,656585,613024,460727
1779838802.223736,spill,FileSystemStorage,131072,1,131317,180558,92498
1779838802.223989,spill,FileSystemStorage,131072,2,262634,298673,184729
1779838802.224231,spill,FileSystemStorage,131072,1,131317,168607,90809
1779838802.224411,spill,FileSystemStorage,131072,1,131317,168677,90473
1779838802.224836,spill,FileSystemStorage,131072,1,131317,169099,93166
1779838802.224838,spill,FileSystemStorage,131072,3,393951,354667,255498
1779838802.225345,spill,FileSystemStorage,131072,1,131317,200341,94219
1779838802.225353,spill,FileSystemStorage,131072,2,262634,264184,170709
1779838802.225722,spill,FileSystemStorage,131072,1,131317,159262,85386
1779838802.226006,spill,FileSystemStorage,131072,1,131317,303425,117732
1779838802.226419,spill,FileSystemStorage,131072,3,393951,395140,282324
1779838802.226804,spill,FileSystemStorage,131072,3,393951,493045,333503
1779838802.226866,spill,FileSystemStorage,131072,1,131317,180306,94555
1779838802.227382,spill,FileSystemStorage,131072,1,131317,183916,98764
1779838802.227777,spill,FileSystemStorage,131072,4,525268,635107,436386
1779838802.227936,spill,FileSystemStorage,131072,1,131317,181909,89836
1779838802.228406,spill,FileSystemStorage,131072,1,131317,163206,89780
1779838802.228401,spill,FileSystemStorage,131072,1,131317,246847,120151
1779838802.228833,spill,FileSystemStorage,131072,1,131317,186571,104263
1779838802.229261,spill,FileSystemStorage,131072,1,131317,178296,103190
1779838802.229305,spill,FileSystemStorage,131072,4,525268,591719,430104
1779838802.229670,spill,FileSystemStorage,131072,1,131317,180419,95469
1779838802.229944,spill,FileSystemStorage,131072,2,262634,348014,223157
1779838802.230149,spill,FileSystemStorage,131072,2,262634,284684,172683
1779838802.230445,spill,FileSystemStorage,131072,1,131317,229698,113999
1779838802.230588,spill,FileSystemStorage,131072,1,131317,174438,88426
1779838802.230942,spill,FileSystemStorage,131072,1,131317,259993,128118
1779838802.231131,spill,FileSystemStorage,131072,1,131317,234652,97513
1779838802.231751,spill,FileSystemStorage,131072,2,262634,362423,224208
1779838802.231812,spill,FileSystemStorage,131072,1,131317,171094,92815
1779838802.232280,spill,FileSystemStorage,131072,1,131317,176034,90347
1779838802.232405,spill,FileSystemStorage,131072,2,262634,349731,226074
1779838802.232677,spill,FileSystemStorage,131072,1,131317,163520,88341
1779838802.232915,spill,FileSystemStorage,131072,1,131317,220593,115658
1779838802.233282,spill,FileSystemStorage,131072,1,131317,301639,106463
1779838802.233439,spill,FileSystemStorage,131072,1,131317,227954,113370
1779838802.233892,spill,FileSystemStorage,131072,1,131317,225567,119471
1779838802.233899,spill,FileSystemStorage,131072,2,262634,310881,179356
1779838802.234420,spill,FileSystemStorage,131072,1,131317,197030,92043
1779838802.234535,spill,FileSystemStorage,131072,2,262634,339927,217527
1779838802.235042,spill,FileSystemStorage,131072,3,393951,399491,301205
1779838802.235068,spill,FileSystemStorage,131072,1,131317,269735,153495
1779838802.235646,spill,FileSystemStorage,131072,1,131317,289516,102269
1779838802.235667,spill,FileSystemStorage,131072,1,131317,280197,117598
1779838802.236112,spill,FileSystemStorage,131072,1,131317,196630,96744
1779838802.236385,spill,FileSystemStorage,131072,1,131317,395591,116009
1779838802.236666,spill,FileSystemStorage,131072,1,131317,228097,87511
1779838802.236993,spill,FileSystemStorage,131072,1,131317,366899,115418
1779838802.237449,spill,FileSystemStorage,131072,3,393951,445357,253778
1779838802.237828,spill,FileSystemStorage,131072,3,393951,573736,321907
1779838802.237980,spill,FileSystemStorage,131072,2,262634,309851,166654
1779838802.238327,spill,FileSystemStorage,131072,1,131317,219819,115212
1779838802.238431,spill,FileSystemStorage,131072,1,131317,157756,88096
1779838802.238922,spill,FileSystemStorage,131072,1,131317,246511,121510
1779838802.239070,spill,FileSystemStorage,131072,2,262634,368594,225228
1779838802.239653,spill,FileSystemStorage,131072,1,131317,238175,117030
1779838802.239819,spill,FileSystemStorage,131072,2,262634,312139,176247
1779838802.240330,spill,FileSystemStorage,131072,1,131317,231039,117981
1779838802.240494,spill,FileSystemStorage,131072,3,393951,377596,258359
1779838802.241063,spill,FileSystemStorage,131072,3,393951,470146,319591
1779838802.241086,spill,FileSystemStorage,131072,1,131317,195522,97994
1779838802.241487,spill,FileSystemStorage,131072,1,131317,172768,92986
1779838802.241847,spill,FileSystemStorage,131072,3,393951,470131,322965
1779838802.242014,spill,FileSystemStorage,131072,1,131317,205753,98978
1779838802.242414,spill,FileSystemStorage,131072,1,131317,240911,116286
1779838802.242456,spill,FileSystemStorage,131072,1,131317,223889,109009
1779838802.242916,spill,FileSystemStorage,131072,1,131317,227357,114640
1779838802.243371,spill,FileSystemStorage,131072,4,525268,493810,333835
1779838802.244120,spill,FileSystemStorage,131072,3,393951,380601,267643
1779838802.244181,spill,FileSystemStorage,131072,3,393951,519524,342227
1779838802.244624,spill,FileSystemStorage,131072,1,131317,185876,89437
1779838802.245127,spill,FileSystemStorage,131072,2,262634,277866,183043
1779838802.245184,spill,FileSystemStorage,131072,3,393951,495826,329638
1779838802.245823,spill,FileSystemStorage,131072,2,262634,365968,235386
1779838802.245862,spill,FileSystemStorage,131072,4,525268,465484,341408
1779838802.246303,spill,FileSystemStorage,131072,1,131317,225860,113093
1779838802.246395,spill,FileSystemStorage,131072,1,131317,180125,90543
1779838802.246751,spill,FileSystemStorage,131072,1,131317,221883,112464
1779838802.246922,spill,FileSystemStorage,131072,2,262634,277352,173451
1779838802.247226,spill,FileSystemStorage,131072,1,131317,228445,114351
1779838802.247738,spill,FileSystemStorage,131072,2,262634,266278,171606
1779838802.248206,spill,FileSystemStorage,131072,1,131317,236199,117470
1779838802.248451,spill,FileSystemStorage,131072,2,262634,287574,179769
1779838802.248713,spill,FileSystemStorage,131072,1,131317,221938,113509
1779838802.249072,spill,FileSystemStorage,131072,3,393951,366580,257282
1779838802.249260,spill,FileSystemStorage,131072,1,131317,236254,114641
1779838802.249591,spill,FileSystemStorage,131072,1,131317,181519,90522
1779838802.250106,spill,FileSystemStorage,131072,1,131317,240779,118314
1779838802.250200,spill,FileSystemStorage,131072,2,262634,284149,173762
1779838802.250650,spill,FileSystemStorage,131072,1,131317,231499,121518
1779838802.250810,spill,FileSystemStorage,131072,2,262634,279170,181594
1779838802.251379,spill,FileSystemStorage,131072,2,262634,300079,185644
1779838802.251557,spill,FileSystemStorage,131072,4,525268,623352,435297
1779838802.252734,spill,FileSystemStorage,131072,1,131317,685491,87458
1779838802.252926,spill,FileSystemStorage,131072,2,262634,637885,221023
1779838802.254113,spill,FileSystemStorage,131072,2,262634,272522,175607
1779838802.254310,spill,FileSystemStorage,131072,2,262634,360525,224529
1779838802.254556,spill,FileSystemStorage,131072,1,131317,180063,91375
1779838802.254961,spill,FileSystemStorage,131072,1,131317,177537,107859
1779838802.255095,spill,FileSystemStorage,131072,3,393951,519863,360553
1779838802.255805,spill,FileSystemStorage,131072,1,131317,186025,94627
1779838802.255863,spill,FileSystemStorage,131072,1,131317,254630,117400
1779838802.256519,spill,FileSystemStorage,131072,2,262634,362780,229635
1779838802.256597,spill,FileSystemStorage,131072,5,656585,557736,430424
1779838802.257182,spill,FileSystemStorage,131072,2,262634,349742,219632
1779838802.257303,spill,FileSystemStorage,131072,3,393951,393906,269766
1779838802.257767,spill,FileSystemStorage,131072,1,131317,184042,94566
1779838802.257794,spill,FileSystemStorage,131072,2,262634,348778,223869
1779838802.258143,spill,FileSystemStorage,131072,1,131317,155506,85705
1779838802.258293,spill,FileSystemStorage,131072,1,131317,220233,111958
1779838802.258793,spill,FileSystemStorage,131072,3,393951,367901,255592
1779838802.258876,spill,FileSystemStorage,131072,1,131317,274938,120368
1779838802.259274,spill,FileSystemStorage,131072,1,131317,204069,94658
1779838802.259640,spill,FileSystemStorage,131072,2,262634,362610,218875
1779838802.259720,spill,FileSystemStorage,131072,1,131317,160697,94429
1779838802.260191,spill,FileSystemStorage,131072,1,131317,185002,92039
1779838802.260332,spill,FileSystemStorage,131072,2,262634,347065,220154
1779838802.260761,spill,FileSystemStorage,131072,1,131317,166409,87788
1779838802.261090,spill,FileSystemStorage,131072,2,262634,352536,222784
1779838802.261112,spill,FileSystemStorage,131072,1,131317,167794,86388
1779838802.261710,spill,FileSystemStorage,131072,2,262634,344192,219741
1779838802.261724,spill,FileSystemStorage,131072,2,262634,296281,181558
1779838802.262089,spill,FileSystemStorage,131072,1,131317,151633,88482
1779838802.262239,spill,FileSystemStorage,131072,1,131317,225165,114278
1779838802.262526,spill,FileSystemStorage,131072,2,262634,265820,177086
1779838802.262706,spill,FileSystemStorage,131072,1,131317,219938,115143
1779838802.263032,spill,FileSystemStorage,131072,1,131317,193471,118557
1779838802.263372,spill,FileSystemStorage,131072,2,262634,363340,225940
1779838802.263922,spill,FileSystemStorage,131072,3,393951,386493,270259
1779838802.263988,spill,FileSystemStorage,131072,1,131317,238708,120115
1779838802.264538,spill,FileSystemStorage,131072,1,131317,223674,117104
1779838802.264700,spill,FileSystemStorage,131072,4,525268,507515,334809
1779838802.265026,spill,FileSystemStorage,131072,1,131317,217496,111097
1779838802.265193,spill,FileSystemStorage,131072,2,262634,270542,178458
1779838802.265510,spill,FileSystemStorage,131072,1,131317,232190,115411
1779838802.265594,spill,FileSystemStorage,131072,1,131317,169212,90430
1779838802.266042,spill,FileSystemStorage,131072,1,131317,240607,117301
1779838802.266281,spill,FileSystemStorage,131072,3,393951,377830,265145
1779838802.266797,spill,FileSystemStorage,131072,2,262634,291011,185762
1779838802.266953,spill,FileSystemStorage,131072,4,525268,613673,442236
1779838802.267304,spill,FileSystemStorage,131072,2,262634,265849,168853
1779838802.267548,spill,FileSystemStorage,131072,1,131317,246335,97710
1779838802.267704,spill,FileSystemStorage,131072,1,131317,167404,88687
1779838802.268001,spill,FileSystemStorage,131072,1,131317,217266,105358
1779838802.268109,spill,FileSystemStorage,131072,1,131317,171397,92264
1779838802.268414,spill,FileSystemStorage,131072,1,131317,181407,94039
1779838802.268461,spill,FileSystemStorage,131072,1,131317,157944,93148
1779838802.268957,spill,FileSystemStorage,131072,1,131317,200694,91254
1779838802.269123,spill,FileSystemStorage,131072,3,393951,381028,263908
1779838802.269355,spill,FileSystemStorage,131072,1,131317,163584,86878
1779838802.269752,spill,FileSystemStorage,131072,1,131317,184213,88171
1779838802.269811,spill,FileSystemStorage,131072,3,393951,419744,265098
1779838802.270097,spill,FileSystemStorage,131072,1,131317,163275,87237
1779838802.270266,spill,FileSystemStorage,131072,1,131317,176151,91725
1779838802.270661,spill,FileSystemStorage,131072,3,393951,354523,261595
1779838802.270690,spill,FileSystemStorage,131072,1,131317,202655,100487
1779838802.271094,spill,FileSystemStorage,131072,1,131317,216580,114814
1779838802.271435,spill,FileSystemStorage,131072,1,131317,488269,97127
1779838802.271802,spill,FileSystemStorage,131072,2,262634,313512,183949
1779838802.271960,spill,FileSystemStorage,131072,2,262634,260731,173721
1779838802.272400,spill,FileSystemStorage,131072,3,393951,369000,265342
1779838802.272468,spill,FileSystemStorage,131072,1,131317,193651,90301
1779838802.272944,spill,FileSystemStorage,131072,2,262634,299846,192615
1779838802.273034,spill,FileSystemStorage,131072,2,262634,299952,180968
1779838802.273470,spill,FileSystemStorage,131072,1,131317,189165,95436
1779838802.273480,spill,FileSystemStorage,131072,2,262634,289446,177638
1779838802.273890,spill,FileSystemStorage,131072,1,131317,180920,95006
1779838802.273945,spill,FileSystemStorage,131072,1,131317,180880,94794
1779838802.274254,spill,FileSystemStorage,131072,1,131317,169181,92648
1779838802.274389,spill,FileSystemStorage,131072,1,131317,182199,95436
1779838802.274859,spill,FileSystemStorage,131072,3,393951,365563,264220
1779838802.275149,spill,FileSystemStorage,131072,4,525268,505229,383703
1779838802.275390,spill,FileSystemStorage,131072,1,131317,196222,94815
1779838802.275804,spill,FileSystemStorage,131072,1,131317,192275,93378
1779838802.275800,spill,FileSystemStorage,131072,2,262634,319930,199255
1779838802.276304,spill,FileSystemStorage,131072,1,131317,178653,94773
1779838802.276314,spill,FileSystemStorage,131072,2,262634,277593,189433
1779838802.276688,spill,FileSystemStorage,131072,1,131317,181905,94008
1779838802.276916,spill,FileSystemStorage,131072,3,393951,364313,259336
1779838802.277231,spill,FileSystemStorage,131072,1,131317,205340,100040
1779838802.277506,spill,FileSystemStorage,131072,2,262634,290845,183417
1779838802.277845,spill,FileSystemStorage,131072,1,131317,287219,104051
1779838802.278306,spill,FileSystemStorage,131072,5,656585,570064,435204
1779838802.278511,spill,FileSystemStorage,131072,1,131317,223520,97984
1779838802.279121,spill,FileSystemStorage,131072,2,262634,318549,210086
1779838802.279458,spill,FileSystemStorage,131072,3,393951,423715,278086
1779838802.279600,spill,FileSystemStorage,131072,1,131317,182969,95687
1779838802.280062,spill,FileSystemStorage,131072,1,131317,189659,97199
1779838802.280297,spill,FileSystemStorage,131072,4,525268,515701,367820
1779838802.280467,spill,FileSystemStorage,131072,1,131317,175754,89871
1779838802.280886,spill,FileSystemStorage,131072,2,262634,285972,177340
1779838802.281141,spill,FileSystemStorage,131072,3,393951,359745,264773
1779838802.281401,spill,FileSystemStorage,131072,2,262634,273859,176166
1779838802.281539,spill,FileSystemStorage,131072,1,131317,172747,90893
1779838802.281945,spill,FileSystemStorage,131072,2,262634,303690,191873
1779838802.281948,spill,FileSystemStorage,131072,1,131317,179857,95862
1779838802.282481,spill,FileSystemStorage,131072,2,262634,280866,186674
1779838802.282557,spill,FileSystemStorage,131072,2,262634,310774,199050
1779838802.282884,spill,FileSystemStorage,131072,1,131317,181315,98743
1779838802.283106,spill,FileSystemStorage,131072,1,131317,246451,126824
1779838802.283513,spill,FileSystemStorage,131072,1,131317,192487,98256
1779838802.283674,spill,FileSystemStorage,131072,3,393951,482990,292168
1779838802.283914,spill,FileSystemStorage,131072,1,131317,195890,102807
1779838802.284527,spill,FileSystemStorage,131072,4,525268,515311,360686
1779838802.284582,spill,FileSystemStorage,131072,3,393951,401463,291879
1779838802.285126,spill,FileSystemStorage,131072,1,131317,191527,91131
1779838802.285328,spill,FileSystemStorage,131072,4,525268,518538,373087
1779838802.285591,spill,FileSystemStorage,131072,1,131317,181514,93326
1779838802.286013,spill,FileSystemStorage,131072,2,262634,307788,175888
1779838802.286089,spill,FileSystemStorage,131072,1,131317,163954,87601
1779838802.286435,spill,FileSystemStorage,131072,1,131317,179601,89593
1779838802.286523,spill,FileSystemStorage,131072,1,131317,189590,91865
1779838802.286820,spill,FileSystemStorage,131072,1,131317,168392,89248
1779838802.286952,spill,FileSystemStorage,131072,1,131317,200838,110431
1779838802.287334,spill,FileSystemStorage,131072,1,131317,213236,106920
1779838802.287549,spill,FileSystemStorage,131072,2,262634,282944,177559
1779838802.287943,spill,FileSystemStorage,131072,1,131317,171800,92939
1779838802.288000,spill,FileSystemStorage,131072,3,393951,384305,268925
1779838802.288422,spill,FileSystemStorage,131072,1,131317,184303,95884
1779838802.288494,spill,FileSystemStorage,131072,1,131317,192660,94123
1779838802.288855,spill,FileSystemStorage,131072,1,131317,163029,90640
1779838802.288974,spill,FileSystemStorage,131072,1,131317,177469,98505
1779838802.289482,spill,FileSystemStorage,131072,2,262634,278125,179085
1779838802.289519,spill,FileSystemStorage,131072,2,262634,297495,178396
1779838802.289870,spill,FileSystemStorage,131072,1,131317,172081,94838
1779838802.290085,spill,FileSystemStorage,131072,1,131317,180940,90474
1779838802.290446,spill,FileSystemStorage,131072,2,262634,277663,179324
1779838802.290543,spill,FileSystemStorage,131072,1,131317,175538,93209
1779838802.291147,spill,FileSystemStorage,131072,2,262634,316458,226146
1779838802.291167,spill,FileSystemStorage,131072,4,525268,511130,397505
1779838802.291804,spill,FileSystemStorage,131072,1,131317,184158,87328
1779838802.291914,spill,FileSystemStorage,131072,1,131317,196703,91202
1779838802.292443,spill,FileSystemStorage,131072,1,131317,180154,99830
1779838802.292517,spill,FileSystemStorage,131072,3,393951,393091,275362
1779838802.293009,spill,FileSystemStorage,131072,2,262634,276897,179470
1779838802.293057,spill,FileSystemStorage,131072,1,131317,212108,114423
1779838802.293586,spill,FileSystemStorage,131072,1,131317,166417,93982
1779838802.293885,spill,FileSystemStorage,131072,2,262634,295338,176411
1779838802.293982,spill,FileSystemStorage,131072,1,131317,162885,89341
1779838802.294369,spill,FileSystemStorage,131072,1,131317,192902,97384
1779838802.294434,spill,FileSystemStorage,131072,1,131317,169257,87086
1779838802.294847,spill,FileSystemStorage,131072,1,131317,180428,95944
1779838802.294931,spill,FileSystemStorage,131072,2,262634,287882,179776
1779838802.295424,spill,FileSystemStorage,131072,1,131317,186167,98696
1779838802.295430,spill,FileSystemStorage,131072,1,131317,181531,91763
1779838802.296098,spill,FileSystemStorage,131072,1,131317,197385,101032
1779838802.296098,spill,FileSystemStorage,131072,3,393951,369271,259223
1779838802.296580,spill,FileSystemStorage,131072,1,131317,194431,101513
1779838802.296707,spill,FileSystemStorage,131072,2,262634,258494,173435
1779838802.296964,spill,FileSystemStorage,131072,1,131317,188926,103031
1779838802.297263,spill,FileSystemStorage,131072,1,131317,173722,98995
1779838802.297418,spill,FileSystemStorage,131072,1,131317,176796,95433
1779838802.297820,spill,FileSystemStorage,131072,1,131317,173416,101036
1779838802.297842,spill,FileSystemStorage,131072,1,131317,170032,92879
1779838802.298317,spill,FileSystemStorage,131072,2,262634,266681,182419
1779838802.298361,spill,FileSystemStorage,131072,2,262634,280251,186186
1779838802.298680,spill,FileSystemStorage,131072,1,131317,175429,92146
1779838802.298846,spill,FileSystemStorage,131072,1,131317,191616,97705
1779838802.299196,spill,FileSystemStorage,131072,2,262634,308188,175130
1779838802.299829,spill,FileSystemStorage,131072,1,131317,184281,95997
1779838802.299826,spill,FileSystemStorage,131072,1,131317,509678,107121
1779838802.300554,spill,FileSystemStorage,131072,1,131317,297174,97797
1779838802.300566,spill,FileSystemStorage,131072,1,131317,187169,90265
1779838802.301307,spill,FileSystemStorage,131072,1,131317,173894,100281
1779838802.301461,spill,FileSystemStorage,131072,3,393951,457586,272453
1779838802.302161,spill,FileSystemStorage,131072,1,131317,245073,92045
1779838802.302248,spill,FileSystemStorage,131072,2,262634,457929,184621
1779838802.302828,spill,FileSystemStorage,131072,1,131317,317671,90839
1779838802.302844,spill,FileSystemStorage,131072,1,131317,286498,96325
1779838802.303692,spill,FileSystemStorage,131072,2,262634,293912,188882
1779838802.303974,spill,FileSystemStorage,131072,1,131317,468604,92177
1779838802.304984,spill,FileSystemStorage,131072,2,262634,519002,181432
1779838802.305422,spill,FileSystemStorage,131072,7,919219,964850,578194
1779838802.305641,spill,FileSystemStorage,131072,1,131317,199259,94162
1779838802.306060,spill,FileSystemStorage,131072,1,131317,418061,92884
1779838802.306550,spill,FileSystemStorage,131072,1,131317,373147,93595
1779838802.306839,spill,FileSystemStorage,131072,1,131317,188186,93591
1779838802.306919,spill,FileSystemStorage,131072,1,131317,179722,90010
1779838802.307336,spill,FileSystemStorage,131072,1,131317,202264,92306
1779838802.307396,spill,FileSystemStorage,131072,1,131317,198790,101410
1779838802.307950,spill,FileSystemStorage,131072,1,131317,182214,95382
1779838802.308098,spill,FileSystemStorage,131072,2,262634,258639,166149
1779838802.308804,spill,FileSystemStorage,131072,1,131317,215536,101599
1779838802.308853,spill,FileSystemStorage,131072,2,262634,267158,180533
1779838802.309267,spill,FileSystemStorage,131072,1,131317,189671,85151
1779838802.309720,spill,FileSystemStorage,131072,1,131317,405219,94212
1779838802.309737,spill,FileSystemStorage,131072,1,131317,271378,93318
1779838802.310445,spill,FileSystemStorage,131072,1,131317,382597,92510
1779838802.310561,spill,FileSystemStorage,131072,2,262634,407639,181131
1779838802.310856,spill,FileSystemStorage,131072,1,131317,162624,89442
1779838802.311016,spill,FileSystemStorage,131072,1,131317,205308,122746
1779838802.311386,spill,FileSystemStorage,131072,1,131317,170147,91235
1779838802.311476,spill,FileSystemStorage,131072,1,131317,166506,92994
1779838802.311999,spill,FileSystemStorage,131072,1,131317,297190,108433
1779838802.312040,spill,FileSystemStorage,131072,1,131317,151591,87765
1779838802.312494,spill,FileSystemStorage,131072,1,131317,158362,86076
1779838802.312673,spill,FileSystemStorage,131072,1,131317,226394,118454
1779838802.313094,spill,FileSystemStorage,131072,2,262634,264875,173648
1779838802.313239,spill,FileSystemStorage,131072,1,131317,205608,100939
1779838802.313500,spill,FileSystemStorage,131072,1,131317,169401,91844
1779838802.313842,spill,FileSystemStorage,131072,2,262634,308959,195613
1779838802.313873,spill,FileSystemStorage,131072,1,131317,174317,100769
1779838802.314290,spill,FileSystemStorage,131072,1,131317,187127,99290
1779838802.315387,spill,FileSystemStorage,131072,1,131317,1203317,94624
1779838802.315723,spill,FileSystemStorage,131072,1,131317,188456,92203
1779838802.317523,spill,FileSystemStorage,131072,2,262634,283195,182683
1779838802.317616,spill,FileSystemStorage,131072,1,131317,196413,98681
1779838802.318563,spill,FileSystemStorage,131072,1,131317,208063,116751
1779838802.318570,spill,FileSystemStorage,131072,1,131317,174309,92526
1779838802.319314,spill,FileSystemStorage,131072,2,262634,344333,186475
1779838802.319337,spill,FileSystemStorage,131072,2,262634,309151,189980
1779838802.320310,spill,FileSystemStorage,131072,1,131317,334895,96869
1779838802.320329,spill,FileSystemStorage,131072,1,131317,290762,105662
1779838802.320786,spill,FileSystemStorage,131072,1,131317,221417,87094
1779838802.321640,spill,FileSystemStorage,131072,1,131317,452502,93438
1779838802.321722,spill,FileSystemStorage,131072,2,262634,577981,171690
1779838802.322514,spill,FileSystemStorage,131072,1,131317,271910,97767
1779838802.322569,spill,FileSystemStorage,131072,2,262634,333081,169797
1779838802.323066,spill,FileSystemStorage,131072,1,131317,200813,110903
1779838802.323281,spill,FileSystemStorage,131072,2,262634,312278,187047
1779838802.323889,spill,FileSystemStorage,131072,1,131317,411822,92241
1779838802.324543,spill,FileSystemStorage,131072,1,131317,517232,116492
1779838802.324983,spill,FileSystemStorage,131072,1,131317,503021,100145
1779838802.325418,spill,FileSystemStorage,131072,1,131317,196262,110908
1779838802.325477,spill,FileSystemStorage,131072,2,262634,453678,175626
1779838802.326057,spill,FileSystemStorage,131072,1,131317,179992,89767
1779838802.326746,spill,FileSystemStorage,131072,1,131317,224209,110425
1779838802.326790,spill,FileSystemStorage,131072,2,262634,328809,187686
1779838802.327303,spill,FileSystemStorage,131072,1,131317,235812,100992
1779838802.328081,spill,FileSystemStorage,131072,2,262634,353918,188317
1779838802.328312,spill,FileSystemStorage,131072,1,131317,202309,95912
1779838802.328885,spill,FileSystemStorage,131072,2,262634,305686,184647
1779838802.329016,spill,FileSystemStorage,131072,1,131317,194458,95417
1779838802.329311,spill,FileSystemStorage,131072,1,131317,202983,109463
1779838802.329728,spill,FileSystemStorage,131072,1,131317,202355,106581
1779838802.330021,spill,FileSystemStorage,131072,2,262634,292839,171290
1779838802.330299,spill,FileSystemStorage,131072,2,262634,307305,170961
1779838802.330724,spill,FileSystemStorage,131072,2,262634,279049,174047
1779838802.330957,spill,FileSystemStorage,131072,1,131317,208619,114046
1779838802.331291,spill,FileSystemStorage,131072,2,262634,320003,186530
1779838802.331834,spill,FileSystemStorage,131072,2,262634,272782,172989
1779838802.331927,spill,FileSystemStorage,131072,2,262634,302630,189962
1779838802.332640,spill,FileSystemStorage,131072,1,131317,230688,96807
1779838802.332687,spill,FileSystemStorage,131072,2,262634,338385,199076
1779838802.333121,spill,FileSystemStorage,131072,1,131317,159835,86679
1779838802.333408,spill,FileSystemStorage,131072,2,262634,335012,216261
1779838802.333633,spill,FileSystemStorage,131072,1,131317,165459,90489
1779838802.333894,spill,FileSystemStorage,131072,1,131317,184518,92044
1779838802.334221,spill,FileSystemStorage,131072,2,262634,284770,175471
1779838802.334277,spill,FileSystemStorage,131072,1,131317,166362,87891
1779838802.334712,spill,FileSystemStorage,131072,1,131317,183125,101859
1779838802.334755,spill,FileSystemStorage,131072,1,131317,184934,95514
1779838802.335201,spill,FileSystemStorage,131072,1,131317,204408,103559
1779838802.335204,spill,FileSystemStorage,131072,1,131317,181944,94483
1779838802.335818,spill,FileSystemStorage,131072,1,131317,257995,101152
1779838802.335889,spill,FileSystemStorage,131072,2,262634,375885,182936
1779838802.336542,spill,FileSystemStorage,131072,1,131317,354129,89712
1779838802.336664,spill,FileSystemStorage,131072,2,262634,392550,180791
1779838802.337261,spill,FileSystemStorage,131072,1,131317,163707,88605
1779838802.337384,spill,FileSystemStorage,131072,1,131317,181769,88631
1779838802.337910,spill,FileSystemStorage,131072,1,131317,200134,92341
1779838802.338200,spill,FileSystemStorage,131072,1,131317,161787,86815
1779838802.338423,spill,FileSystemStorage,131072,2,262634,266911,173512
1779838802.338785,spill,FileSystemStorage,131072,1,131317,169998,91614
1779838802.338867,spill,FileSystemStorage,131072,1,131317,173116,99034
1779838802.339323,spill,FileSystemStorage,131072,1,131317,191297,88059
1779838802.339671,spill,FileSystemStorage,131072,1,131317,171129,89968
1779838802.339945,spill,FileSystemStorage,131072,2,262634,269541,181738
1779838802.340097,spill,FileSystemStorage,131072,1,131317,189863,102819
1779838802.340642,spill,FileSystemStorage,131072,1,131317,154311,84756
1779838802.340904,spill,FileSystemStorage,131072,1,131317,193212,92834
1779838802.341336,spill,FileSystemStorage,131072,1,131317,261422,94046
1779838802.341659,spill,FileSystemStorage,131072,1,131317,206772,92224
1779838802.341954,spill,FileSystemStorage,131072,1,131317,207550,90845
1779838802.342216,spill,FileSystemStorage,131072,1,131317,257578,93667
1779838802.342654,spill,FileSystemStorage,131072,3,393951,367169,233616
1779838802.342760,spill,FileSystemStorage,131072,1,131317,207550,85342
1779838802.343328,spill,FileSystemStorage,131072,3,393951,373257,234492
1779838802.343507,spill,FileSystemStorage,131072,3,393951,398655,251535
1779838802.343907,spill,FileSystemStorage,131072,1,131317,177019,86833
1779838802.344148,spill,FileSystemStorage,131072,1,131317,188615,85180
1779838802.344843,spill,FileSystemStorage,131072,1,131317,188938,83328
1779838802.344958,spill,FileSystemStorage,131072,2,262634,296758,160791
1779838802.345275,spill,FileSystemStorage,131072,1,131317,162830,80683
1779838802.345395,spill,FileSystemStorage,131072,1,131317,194103,89602
1779838802.345726,spill,FileSystemStorage,131072,1,131317,171823,77980
1779838802.346279,spill,FileSystemStorage,131072,2,262634,322968,163014
1779838802.346516,spill,FileSystemStorage,131072,1,131317,167172,84252
1779838802.347028,spill,FileSystemStorage,131072,1,131317,234301,117964
1779838802.347062,spill,FileSystemStorage,131072,1,131317,225203,113916
1779838802.347729,spill,FileSystemStorage,131072,2,262634,257758,151691
1779838802.347967,spill,FileSystemStorage,131072,2,262634,277417,154867
1779838802.348428,spill,FileSystemStorage,131072,2,262634,239455,148678
1779838802.348708,spill,FileSystemStorage,131072,2,262634,262836,153262
1779838802.349339,spill,FileSystemStorage,131072,1,131317,165896,82248
1779838802.349425,spill,FileSystemStorage,131072,1,131317,544780,102446
1779838802.349993,spill,FileSystemStorage,131072,4,525268,402759,286237
1779838802.350030,spill,FileSystemStorage,131072,1,131317,200281,86261
1779838802.350696,spill,FileSystemStorage,131072,2,262634,267763,154851
1779838802.350790,spill,FileSystemStorage,131072,1,131317,225410,85772
1779838802.351332,spill,FileSystemStorage,131072,2,262634,275602,149575
1779838802.351619,spill,FileSystemStorage,131072,1,131317,184760,90050
1779838802.351778,spill,FileSystemStorage,131072,1,131317,180623,83686
1779838802.352376,spill,FileSystemStorage,131072,1,131317,167330,80113
1779838802.352527,spill,FileSystemStorage,131072,1,131317,172703,85572
1779838802.353114,spill,FileSystemStorage,131072,1,131317,181897,89216
1779838802.353159,spill,FileSystemStorage,131072,2,262634,299001,167239
1779838802.353746,spill,FileSystemStorage,131072,1,131317,184130,83396
1779838802.353764,spill,FileSystemStorage,131072,1,131317,195052,85722
1779838802.354225,spill,FileSystemStorage,131072,2,262634,231156,144243
1779838802.354440,spill,FileSystemStorage,131072,1,131317,154715,72846
1779838802.354951,spill,FileSystemStorage,131072,1,131317,197394,102527
1779838802.354990,spill,FileSystemStorage,131072,1,131317,235320,120070
1779838802.355806,spill,FileSystemStorage,131072,1,131317,203889,91603
1779838802.355903,spill,FileSystemStorage,131072,1,131317,210240,80837
1779838802.356686,spill,FileSystemStorage,131072,1,131317,171609,84891
1779838802.356755,spill,FileSystemStorage,131072,2,262634,280783,159592
1779838802.357073,spill,FileSystemStorage,131072,1,131317,151423,79440
1779838802.357380,spill,FileSystemStorage,131072,1,131317,159552,76325
1779838802.357457,spill,FileSystemStorage,131072,1,131317,170444,73504
1779838802.357734,spill,FileSystemStorage,131072,1,131317,159785,81681
1779838802.357857,spill,FileSystemStorage,131072,1,131317,172303,74140
1779838802.358170,spill,FileSystemStorage,131072,1,131317,185742,84561
1779838802.358207,spill,FileSystemStorage,131072,1,131317,158004,83017
1779838802.358622,spill,FileSystemStorage,131072,1,131317,174952,91697
1779838802.358743,spill,FileSystemStorage,131072,3,393951,356124,239620
1779838802.359055,spill,FileSystemStorage,131072,1,131317,186427,99536
1779838802.359224,spill,FileSystemStorage,131072,1,131317,170463,77184
1779838802.359426,spill,FileSystemStorage,131072,1,131317,155218,76994
1779838802.359778,spill,FileSystemStorage,131072,1,131317,173530,86425
1779838802.360281,spill,FileSystemStorage,131072,2,262634,254717,152356
1779838802.360457,spill,FileSystemStorage,131072,1,131317,276608,101150
1779838802.360661,spill,FileSystemStorage,131072,1,131317,152517,76252
1779838802.361102,spill,FileSystemStorage,131072,1,131317,188318,88098
1779838802.361125,spill,FileSystemStorage,131072,1,131317,193756,89079
1779838802.361404,spill,FileSystemStorage,131072,1833,240704061,203719460,164339585
1779838802.361827,spill,FileSystemStorage,131072,2,262634,281025,170144
1779838802.361861,spill,FileSystemStorage,131072,2,262634,249989,164292
1779838802.362318,spill,FileSystemStorage,131072,2,262634,244450,146841
1779838802.362445,spill,FileSystemStorage,131072,1,131317,175116,77140
1779838802.362843,spill,FileSystemStorage,131072,3,393951,308040,217357
1779838802.362871,spill,FileSystemStorage,131072,1,131317,162485,82169
1779838802.363585,spill,FileSystemStorage,131072,1,131317,196568,85084
1779838802.363774,spill,FileSystemStorage,131072,2,262634,280554,169933
1779838802.364230,spill,FileSystemStorage,131072,1,131317,260236,88406
1779838802.364405,spill,FileSystemStorage,131072,2,262634,341126,198225
1779838802.365092,spill,FileSystemStorage,131072,2000,262634000,210205597,169386848
1779838802.365358,spill,FileSystemStorage,131072,1,131317,283928,93881
1779838802.377566,spill,FileSystemStorage,131072,1,131317,261089,90230
1779838802.378149,spill,FileSystemStorage,131072,2,262634,333955,160876
1779838802.378464,spill,FileSystemStorage,131072,1,131317,279693,98367
1779838802.380098,spill,FileSystemStorage,131072,2,262634,401885,166844
1779838802.396606,spill,FileSystemStorage,131072,1,131317,267581,97394
1779838802.397325,spill,FileSystemStorage,131072,1,131317,261832,95336
1779838802.397721,spill,FileSystemStorage,131072,1,131317,339158,120216
1779838802.397947,spill,FileSystemStorage,131072,2,262634,387897,178158
1779838802.405644,spill,FileSystemStorage,131072,1,131317,270747,110448
1779838802.405659,spill,FileSystemStorage,131072,1,131317,271793,94400
1779838802.406028,spill,FileSystemStorage,131072,1,131317,312831,116364
1779838802.406027,spill,FileSystemStorage,131072,1,131317,312376,122554
1779838802.408216,spill,FileSystemStorage,131072,1,131317,241294,94726
1779838802.408305,spill,FileSystemStorage,131072,1,131317,229066,90519
1779838802.408502,spill,FileSystemStorage,131072,1,131317,254772,109779
1779838802.408727,spill,FileSystemStorage,131072,2,262634,329867,162214
1779838802.411033,spill,FileSystemStorage,131072,2,262634,339177,201761
1779838802.411205,spill,FileSystemStorage,131072,1,131317,241811,97399
1779838802.412002,spill,FileSystemStorage,131072,1,131317,266255,110355
1779838802.412002,spill,FileSystemStorage,131072,1,131317,301699,121876
1779838802.413570,spill,FileSystemStorage,131072,1,131317,251463,95904
1779838802.413575,spill,FileSystemStorage,131072,1,131317,244787,91775
1779838802.414558,spill,FileSystemStorage,131072,1,131317,248142,114197
1779838802.414564,spill,FileSystemStorage,131072,1,131317,229955,106454
1779838802.416234,spill,FileSystemStorage,131072,2,262634,289696,160851
1779838802.416283,spill,FileSystemStorage,131072,1,131317,254434,92381
1779838802.417006,spill,FileSystemStorage,131072,1,131317,270950,116102
1779838802.417123,spill,FileSystemStorage,131072,2,262634,346570,197890
1779838802.417631,spill,FileSystemStorage,131072,1,131317,207829,94863
1779838802.417696,spill,FileSystemStorage,131072,2,262634,313002,170023
1779838802.418077,spill,FileSystemStorage,131072,1,131317,226801,100663
1779838802.418237,spill,FileSystemStorage,131072,1,131317,215507,87123
1779838802.418395,spill,FileSystemStorage,131072,1,131317,191338,85382
1779838802.418448,spill,FileSystemStorage,131072,1,131317,189078,78016
1779838802.419070,spill,FileSystemStorage,131072,2,262634,332076,202983
1779838802.419091,spill,FileSystemStorage,131072,1,131317,385857,138047
1779838802.419165,spill,FileSystemStorage,131072,1,131317,267491,110493
1779838802.419189,spill,FileSystemStorage,131072,1,131317,250065,96809
1779838802.419753,spill,FileSystemStorage,131072,1,131317,175938,82411
1779838802.420102,spill,FileSystemStorage,131072,1,131317,182631,91935
1779838802.420179,spill,FileSystemStorage,131072,3,393951,422022,258799
1779838802.420713,spill,FileSystemStorage,131072,1,131317,333376,91273
1779838802.420716,spill,FileSystemStorage,131072,1,131317,405217,95157
1779838802.420814,spill,FileSystemStorage,131072,2,262634,658148,181752
1779838802.421674,spill,FileSystemStorage,131072,2,262634,337007,156613
1779838802.422047,spill,FileSystemStorage,131072,1,131317,298687,85906
1779838802.422077,spill,FileSystemStorage,131072,1,131317,309824,93476
1779838802.422198,spill,FileSystemStorage,131072,2,262634,261211,151620
1779838802.422559,spill,FileSystemStorage,131072,1,131317,385951,79857
1779838802.422880,spill,FileSystemStorage,131072,1,131317,157920,80632
1779838802.423056,spill,FileSystemStorage,131072,1,131317,221054,117342
1779838802.423316,spill,FileSystemStorage,131072,1,131317,232822,103163
1779838802.423311,spill,FileSystemStorage,131072,1,131317,287971,116754
1779838802.423679,spill,FileSystemStorage,131072,1,131317,229617,88250
1779838802.423859,spill,FileSystemStorage,131072,1,131317,206961,81861
1779838802.424135,spill,FileSystemStorage,131072,1,131317,180986,80830
1779838802.424324,spill,FileSystemStorage,131072,2,262634,258800,150748
1779838802.424804,spill,FileSystemStorage,131072,1,131317,524703,97408
1779838802.425357,spill,FileSystemStorage,131072,2,262634,269846,168428
1779838802.425360,spill,FileSystemStorage,131072,1,131317,297239,108942
1779838802.425401,spill,FileSystemStorage,131072,2,262634,281420,169738
1779838802.425852,spill,FileSystemStorage,131072,1,131317,194975,87875
1779838802.425894,spill,FileSystemStorage,131072,1,131317,177101,94708
1779838802.425896,spill,FileSystemStorage,131072,2,262634,558722,176873
1779838802.426368,spill,FileSystemStorage,131072,1,131317,393450,85195
1779838802.426822,spill,FileSystemStorage,131072,1,131317,245572,114368
1779838802.426863,spill,FileSystemStorage,131072,2,262634,317064,189194
1779838802.426900,spill,FileSystemStorage,131072,1,131317,167806,91258
1779838802.427056,spill,FileSystemStorage,131072,3,393951,434606,289795
1779838802.427611,spill,FileSystemStorage,131072,1,131317,192274,89931
1779838802.427803,spill,FileSystemStorage,131072,1,131317,216568,93671
1779838802.427899,spill,FileSystemStorage,131072,1,131317,244814,90064
1779838802.428032,spill,FileSystemStorage,131072,1,131317,202096,93713
1779838802.428344,spill,FileSystemStorage,131072,2,262634,273946,172050
1779838802.428382,spill,FileSystemStorage,131072,1,131317,188446,92754
1779838802.428414,spill,FileSystemStorage,131072,2,262634,298753,168684
1779838802.428831,spill,FileSystemStorage,131072,3,393951,360339,240166
1779838802.429019,spill,FileSystemStorage,131072,1,131317,191638,92174
1779838802.429065,spill,FileSystemStorage,131072,1,131317,207539,93195
1779838802.429199,spill,FileSystemStorage,131072,1,131317,179905,82576
1779838802.429407,spill,FileSystemStorage,131072,1,131317,166874,88146
1779838802.429543,spill,FileSystemStorage,131072,3,393951,374235,263227
1779838802.429564,spill,FileSystemStorage,131072,1,131317,165574,84838
1779838802.429693,spill,FileSystemStorage,131072,1,131317,157617,77088
1779838802.430430,spill,FileSystemStorage,131072,1,131317,186415,96453
1779838802.430433,spill,FileSystemStorage,131072,2,262634,234480,154916
1779838802.430480,spill,FileSystemStorage,131072,1,131317,203542,101965
1779838802.430599,spill,FileSystemStorage,131072,2,262634,274662,155754
1779838802.431102,spill,FileSystemStorage,131072,2,262634,329890,219116
1779838802.431147,spill,FileSystemStorage,131072,2,262634,340267,229691
1779838802.431232,spill,FileSystemStorage,131072,2,262634,336155,183600
1779838802.431238,spill,FileSystemStorage,131072,1,131317,221110,108821
1779838802.431639,spill,FileSystemStorage,131072,1,131317,174694,81814
1779838802.431867,spill,FileSystemStorage,131072,1,131317,214344,99519
1779838802.431897,spill,FileSystemStorage,131072,1,131317,171835,86827
1779838802.432064,spill,FileSystemStorage,131072,1,131317,175736,78781
1779838802.432522,spill,FileSystemStorage,131072,1,131317,198218,95278
1779838802.432519,spill,FileSystemStorage,131072,1,131317,264330,115009
1779838802.432747,spill,FileSystemStorage,131072,2,262634,291802,161609
1779838802.432916,spill,FileSystemStorage,131072,1,131317,189943,83510
1779838802.433109,spill,FileSystemStorage,131072,1,131317,205791,78789
1779838802.433439,spill,FileSystemStorage,131072,1,131317,186442,91339
1779838802.433514,spill,FileSystemStorage,131072,1,131317,193775,93103
1779838802.433845,spill,FileSystemStorage,131072,1,131317,210240,100079
1779838802.433989,spill,FileSystemStorage,131072,1,131317,215566,100663
1779838802.434036,spill,FileSystemStorage,131072,1,131317,184263,89204
1779838802.434114,spill,FileSystemStorage,131072,2,262634,295460,169175
1779838802.434466,spill,FileSystemStorage,131072,1,131317,198006,90851
1779838802.434890,spill,FileSystemStorage,131072,1,131317,218094,99014
1779838802.435119,spill,FileSystemStorage,131072,4,525268,518735,375150
1779838802.435275,spill,FileSystemStorage,131072,2,262634,319453,179188
1779838802.435287,spill,FileSystemStorage,131072,4,525268,629830,400598
1779838802.435804,spill,FileSystemStorage,131072,1,131317,239296,113166
1779838802.435825,spill,FileSystemStorage,131072,1,131317,209311,91138
1779838802.435913,spill,FileSystemStorage,131072,1,131317,203720,89222
1779838802.436089,spill,FileSystemStorage,131072,2,262634,324687,164171
1779838802.436366,spill,FileSystemStorage,131072,1,131317,172695,82011
1779838802.436470,spill,FileSystemStorage,131072,1,131317,183572,90251
1779838802.436577,spill,FileSystemStorage,131072,1,131317,263621,93650
1779838802.436963,spill,FileSystemStorage,131072,2,262634,303040,177854
1779838802.436994,spill,FileSystemStorage,131072,1,131317,167022,81873
1779838802.437169,spill,FileSystemStorage,131072,2,262634,240199,148349
1779838802.437536,spill,FileSystemStorage,131072,1,131317,228839,93962
1779838802.437566,spill,FileSystemStorage,131072,1,131317,210368,88971
1779838802.437641,spill,FileSystemStorage,131072,1,131317,184616,87532
1779838802.437709,spill,FileSystemStorage,131072,1,131317,184437,78998
1779838802.438017,spill,FileSystemStorage,131072,1,131317,184552,93508
1779838802.438032,spill,FileSystemStorage,131072,2,262634,262238,163952
1779838802.438136,spill,FileSystemStorage,131072,1,131317,192677,93999
1779838802.438287,spill,FileSystemStorage,131072,2,262634,246806,149838
1779838802.438458,spill,FileSystemStorage,131072,1,131317,187547,85918
1779838802.438704,spill,FileSystemStorage,131072,1,131317,183013,80611
1779838802.438960,spill,FileSystemStorage,131072,2,262634,324035,210334
1779838802.439040,spill,FileSystemStorage,131072,1,131317,232980,135024
1779838802.439115,spill,FileSystemStorage,131072,2,262634,379313,232091
1779838802.439328,spill,FileSystemStorage,131072,1,131317,202972,85700
1779838802.439518,spill,FileSystemStorage,131072,1,131317,171687,84169
1779838802.439737,spill,FileSystemStorage,131072,1,131317,218325,112817
1779838802.439738,spill,FileSystemStorage,131072,1,131317,235396,112525
1779838802.440176,spill,FileSystemStorage,131072,1,131317,176642,82271
1779838802.440284,spill,FileSystemStorage,131072,1,131317,161464,85900
1779838802.440306,spill,FileSystemStorage,131072,1,131317,283766,109095
1779838802.440696,spill,FileSystemStorage,131072,2,262634,239132,158725
1779838802.440760,spill,FileSystemStorage,131072,1,131317,218549,116538
1779838802.440813,spill,FileSystemStorage,131072,1,131317,203733,96950
1779838802.440813,spill,FileSystemStorage,131072,1,131317,231644,114095
1779838802.441177,spill,FileSystemStorage,131072,1,131317,161380,72214
1779838802.441548,spill,FileSystemStorage,131072,1,131317,187504,90974
1779838802.441578,spill,FileSystemStorage,131072,1,131317,188439,90103
1779838802.441810,spill,FileSystemStorage,131072,2,262634,264634,158734
1779838802.441813,spill,FileSystemStorage,131072,1,131317,225423,103685
1779838802.442022,spill,FileSystemStorage,131072,1,131317,211202,78289
1779838802.442368,spill,FileSystemStorage,131072,1,131317,181444,90963
1779838802.442480,spill,FileSystemStorage,131072,2,262634,334717,219209
1779838802.442494,spill,FileSystemStorage,131072,1,131317,247015,114413
1779838802.442545,spill,FileSystemStorage,131072,2,262634,273031,164760
1779838802.442865,spill,FileSystemStorage,131072,1,131317,227456,91582
1779838802.443015,spill,FileSystemStorage,131072,1,131317,262948,120103
1779838802.443041,spill,FileSystemStorage,131072,1,131317,258950,138522
1779838802.443260,spill,FileSystemStorage,131072,2,262634,312883,172084
1779838802.443441,spill,FileSystemStorage,131072,1,131317,208496,85576
1779838802.443616,spill,FileSystemStorage,131072,2,262634,278441,152377
1779838802.443772,spill,FileSystemStorage,131072,2,262634,245281,150148
1779838802.444034,spill,FileSystemStorage,131072,2,262634,315585,171314
1779838802.444274,spill,FileSystemStorage,131072,2,262634,278511,161833
1779838802.444319,spill,FileSystemStorage,131072,1,131317,226319,88667
1779838802.444499,spill,FileSystemStorage,131072,1,131317,164618,79386
1779838802.444772,spill,FileSystemStorage,131072,1,131317,206199,92553
1779838802.444787,spill,FileSystemStorage,131072,1,131317,255190,117220
1779838802.444869,spill,FileSystemStorage,131072,2,262634,344256,203119
1779838802.445141,spill,FileSystemStorage,131072,1,131317,268252,93381
1779838802.445370,spill,FileSystemStorage,131072,1,131317,199768,98901
1779838802.445456,spill,FileSystemStorage,131072,1,131317,219142,97237
1779838802.445674,spill,FileSystemStorage,131072,2,262634,296332,167637
1779838802.445738,spill,FileSystemStorage,131072,1,131317,193725,84081
1779838802.445988,spill,FileSystemStorage,131072,1,131317,216341,82087
1779838802.446104,spill,FileSystemStorage,131072,1,131317,255714,87909
1779838802.446204,spill,FileSystemStorage,131072,1,131317,196212,91707
1779838802.446256,spill,FileSystemStorage,131072,1,131317,188060,94835
1779838802.446590,spill,FileSystemStorage,131072,1,131317,175280,97904
1779838802.446725,spill,FileSystemStorage,131072,1,131317,220150,83751
1779838802.446829,spill,FileSystemStorage,131072,1,131317,179488,89927
1779838802.446929,spill,FileSystemStorage,131072,2,262634,300519,178932
1779838802.447323,spill,FileSystemStorage,131072,1,131317,236774,108447
1779838802.447405,spill,FileSystemStorage,131072,1,131317,188945,94463
1779838802.447414,spill,FileSystemStorage,131072,2,262634,371556,221257
1779838802.447491,spill,FileSystemStorage,131072,1,131317,223992,89664
1779838802.447931,spill,FileSystemStorage,131072,1,131317,170516,78579
1779838802.448272,spill,FileSystemStorage,131072,1,131317,186398,92364
1779838802.448388,spill,FileSystemStorage,131072,2,262634,269052,156040
1779838802.448502,spill,FileSystemStorage,131072,1,131317,272906,111105
1779838802.448524,spill,FileSystemStorage,131072,1,131317,190499,102688
1779838802.448766,spill,FileSystemStorage,131072,1,131317,189034,84205
1779838802.448947,spill,FileSystemStorage,131072,2,262634,279183,170631
1779838802.449207,spill,FileSystemStorage,131072,1,131317,148837,75552
1779838802.449435,spill,FileSystemStorage,131072,1,131317,181065,79602
1779838802.449526,spill,FileSystemStorage,131072,1,131317,210923,87847
1779838802.449728,spill,FileSystemStorage,131072,1,131317,257350,98482
1779838802.449836,spill,FileSystemStorage,131072,1,131317,167024,79758
1779838802.449949,spill,FileSystemStorage,131072,1,131317,159917,77146
1779838802.450074,spill,FileSystemStorage,131072,1,131317,172885,83037
1779838802.450270,spill,FileSystemStorage,131072,1,131317,204761,92552
1779838802.450289,spill,FileSystemStorage,131072,1,131317,163086,85190
1779838802.450552,spill,FileSystemStorage,131072,2,262634,265888,173338
1779838802.450555,spill,FileSystemStorage,131072,1,131317,184580,92358
1779838802.450777,spill,FileSystemStorage,131072,1,131317,231934,96518
1779838802.450851,spill,FileSystemStorage,131072,1,131317,237951,93776
1779838802.451042,spill,FileSystemStorage,131072,1,131317,206094,104194
1779838802.451121,spill,FileSystemStorage,131072,1,131317,183985,83073
1779838802.451461,spill,FileSystemStorage,131072,1,131317,205139,97181
1779838802.451480,spill,FileSystemStorage,131072,1,131317,181287,89208
1779838802.451536,spill,FileSystemStorage,131072,1,131317,180213,90584
1779838802.451608,spill,FileSystemStorage,131072,1,131317,187626,92076
1779838802.451905,spill,FileSystemStorage,131072,1,131317,149950,77390
1779838802.452278,spill,FileSystemStorage,131072,1,131317,382274,88657
1779838802.452355,spill,FileSystemStorage,131072,2,262634,499958,162943
1779838802.452559,spill,FileSystemStorage,131072,1,131317,188143,92171
1779838802.452729,spill,FileSystemStorage,131072,1,131317,207878,97169
1779838802.452898,spill,FileSystemStorage,131072,2,262634,263807,168086
1779838802.452908,spill,FileSystemStorage,131072,1,131317,211068,92313
1779838802.453017,spill,FileSystemStorage,131072,1,131317,185270,95616
1779838802.453211,spill,FileSystemStorage,131072,1,131317,194870,101638
1779838802.453475,spill,FileSystemStorage,131072,1,131317,181695,101046
1779838802.453497,spill,FileSystemStorage,131072,2,262634,298222,174129
1779838802.453522,spill,FileSystemStorage,131072,1,131317,169027,87176
1779838802.453748,spill,FileSystemStorage,131072,2,262634,260850,149149
1779838802.453867,spill,FileSystemStorage,131072,1,131317,163472,82773
1779838802.454145,spill,FileSystemStorage,131072,2,262634,329861,192242
1779838802.454248,spill,FileSystemStorage,131072,2,262634,324969,206636
1779838802.454264,spill,FileSystemStorage,131072,1,131317,225115,110055
1779838802.454309,spill,FileSystemStorage,131072,1,131317,158908,84230
1779838802.454618,spill,FileSystemStorage,131072,1,131317,179872,88889
1779838802.454750,spill,FileSystemStorage,131072,1,131317,187487,89031
1779838802.454838,spill,FileSystemStorage,131072,1,131317,176598,90411
1779838802.455056,spill,FileSystemStorage,131072,1,131317,276196,117477
1779838802.455287,spill,FileSystemStorage,131072,1,131317,184259,92043
1779838802.455287,spill,FileSystemStorage,131072,2,262634,286863,166312
1779838802.455361,spill,FileSystemStorage,131072,1,131317,163675,78228
1779838802.455868,spill,FileSystemStorage,131072,1,131317,198037,88458
1779838802.455903,spill,FileSystemStorage,131072,1,131317,193986,101903
1779838802.455913,spill,FileSystemStorage,131072,1,131317,159781,84882
1779838802.456021,spill,FileSystemStorage,131072,1,131317,168817,82502
1779838802.456358,spill,FileSystemStorage,131072,1,131317,184181,87116
1779838802.456475,spill,FileSystemStorage,131072,1,131317,169148,88284
1779838802.456514,spill,FileSystemStorage,131072,1,131317,211526,103277
1779838802.456688,spill,FileSystemStorage,131072,2,262634,255726,153352
1779838802.456883,spill,FileSystemStorage,131072,1,131317,152518,85611
1779838802.456956,spill,FileSystemStorage,131072,1,131317,170573,84871
1779838802.457092,spill,FileSystemStorage,131072,1,131317,194679,90147
1779838802.457202,spill,FileSystemStorage,131072,1,131317,169419,84678
1779838802.457348,spill,FileSystemStorage,131072,2,262634,273599,182647
1779838802.457596,spill,FileSystemStorage,131072,1,131317,186418,96828
1779838802.457605,spill,FileSystemStorage,131072,2,262634,332863,165444
1779838802.457886,spill,FileSystemStorage,131072,1,131317,179721,89386
1779838802.458037,spill,FileSystemStorage,131072,1,131317,231419,113500
1779838802.458051,spill,FileSystemStorage,131072,1,131317,191291,102186
1779838802.458120,spill,FileSystemStorage,131072,1,131317,200139,94591
1779838802.458441,spill,FileSystemStorage,131072,2,262634,258484,154728
1779838802.458462,spill,FileSystemStorage,131072,1,131317,172169,92119
1779838802.458612,spill,FileSystemStorage,131072,1,131317,205713,100457
1779838802.458781,spill,FileSystemStorage,131072,2,262634,271621,160261
1779838802.458939,spill,FileSystemStorage,131072,1,131317,185315,103867
1779838802.459016,spill,FileSystemStorage,131072,1,131317,185490,114717
1779838802.459347,spill,FileSystemStorage,131072,1,131317,232070,109855
1779838802.459435,spill,FileSystemStorage,131072,3,393951,475660,296628
1779838802.459735,spill,FileSystemStorage,131072,1,131317,203905,91280
1779838802.459850,spill,FileSystemStorage,131072,1,131317,178936,87220
1779838802.459880,spill,FileSystemStorage,131072,1,131317,178476,86500
1779838802.460141,spill,FileSystemStorage,131072,1,131317,234273,90466
1779838802.460174,spill,FileSystemStorage,131072,1,131317,181471,89864
1779838802.460579,spill,FileSystemStorage,131072,1,131317,251175,102207
1779838802.460647,spill,FileSystemStorage,131072,2,262634,291648,171186
1779838802.460705,spill,FileSystemStorage,131072,1,131317,189210,95403
1779838802.460765,spill,FileSystemStorage,131072,2,262634,269071,169762
1779838802.461154,spill,FileSystemStorage,131072,2,262634,291973,173831
1779838802.461254,spill,FileSystemStorage,131072,3,393951,331778,236333
1779838802.461526,spill,FileSystemStorage,131072,1,131317,209282,98730
1779838802.461558,spill,FileSystemStorage,131072,2,262634,294773,183844
1779838802.461744,spill,FileSystemStorage,131072,1,131317,196148,79056
1779838802.461930,spill,FileSystemStorage,131072,1,131317,164455,81639
1779838802.462022,spill,FileSystemStorage,131072,1,131317,167181,87386
1779838802.462269,spill,FileSystemStorage,131072,1,131317,207803,101973
1779838802.462269,spill,FileSystemStorage,131072,2,262634,347641,207085
1779838802.462528,spill,FileSystemStorage,131072,1,131317,165482,82473
1779838802.462633,spill,FileSystemStorage,131072,1,131317,178198,94798
1779838802.462750,spill,FileSystemStorage,131072,1,131317,223368,105195
1779838802.462895,spill,FileSystemStorage,131072,2,262634,290667,178283
1779838802.463233,spill,FileSystemStorage,131072,2,262634,284410,171693
1779838802.463267,spill,FileSystemStorage,131072,1,131317,234909,98298
1779838802.463608,spill,FileSystemStorage,131072,1,131317,188904,81033
1779838802.463858,spill,FileSystemStorage,131072,1,131317,178787,80342
1779838802.464284,spill,FileSystemStorage,131072,1,131317,222449,92417
1779838802.464547,spill,FileSystemStorage,131072,1,131317,214845,114577
1779838802.464593,spill,FileSystemStorage,131072,1,131317,244375,101737
1779838802.464665,spill,FileSystemStorage,131072,4,525268,538248,383507
1779838802.464721,spill,FileSystemStorage,131072,1,131317,179088,84887
1779838802.465052,spill,FileSystemStorage,131072,1,131317,203813,87392
1779838802.465120,spill,FileSystemStorage,131072,1,131317,190851,88946
1779838802.465325,spill,FileSystemStorage,131072,2,262634,282975,162170
1779838802.465330,spill,FileSystemStorage,131072,1,131317,231657,110923
1779838802.465534,spill,FileSystemStorage,131072,1,131317,184932,84718
1779838802.465704,spill,FileSystemStorage,131072,2,262634,261588,152140
1779838802.465856,spill,FileSystemStorage,131072,1,131317,163060,78812
1779838802.466102,spill,FileSystemStorage,131072,2,262634,308126,196985
1779838802.466120,spill,FileSystemStorage,131072,1,131317,201626,105969
1779838802.466173,spill,FileSystemStorage,131072,1,131317,170932,88132
1779838802.466271,spill,FileSystemStorage,131072,1,131317,166263,87784
1779838802.466630,spill,FileSystemStorage,131072,2,262634,266207,157606
1779838802.466684,spill,FileSystemStorage,131072,1,131317,196568,93501
1779838802.466778,spill,FileSystemStorage,131072,2,262634,341349,178919
1779838802.466866,spill,FileSystemStorage,131072,2,262634,262882,158422
1779838802.467077,spill,FileSystemStorage,131072,1,131317,201611,99820
1779838802.467375,spill,FileSystemStorage,131072,1,131317,208385,97669
1779838802.467395,spill,FileSystemStorage,131072,3,393951,330526,236073
1779838802.467403,spill,FileSystemStorage,131072,1,131317,189491,96224
1779838802.467578,spill,FileSystemStorage,131072,2,262634,253013,164992
1779838802.467910,spill,FileSystemStorage,131072,1,131317,165817,95738
1779838802.467956,spill,FileSystemStorage,131072,2,262634,260806,181705
1779838802.467963,spill,FileSystemStorage,131072,2,262634,301100,193599
1779838802.468057,spill,FileSystemStorage,131072,2,262634,243707,155718
1779838802.468523,spill,FileSystemStorage,131072,2,262634,267735,165671
1779838802.468811,spill,FileSystemStorage,131072,4,525268,455896,336677
1779838802.468877,spill,FileSystemStorage,131072,2,262634,333769,191430
1779838802.468925,spill,FileSystemStorage,131072,4,525268,460417,348906
1779838802.469262,spill,FileSystemStorage,131072,1,131317,234781,84727
1779838802.469499,spill,FileSystemStorage,131072,1,131317,210251,98912
1779838802.469565,spill,FileSystemStorage,131072,1,131317,190231,86690
1779838802.469634,spill,FileSystemStorage,131072,1,131317,162294,80556
1779838802.470007,spill,FileSystemStorage,131072,1,131317,171056,89475
1779838802.470137,spill,FileSystemStorage,131072,1,131317,168284,92269
1779838802.470164,spill,FileSystemStorage,131072,1,131317,234014,120737
1779838802.470472,spill,FileSystemStorage,131072,1,131317,175768,93516
1779838802.470554,spill,FileSystemStorage,131072,8,1050536,862542,640683
1779838802.470680,spill,FileSystemStorage,131072,2,262634,262516,172729
1779838802.470688,spill,FileSystemStorage,131072,1,131317,206910,99458
1779838802.471066,spill,FileSystemStorage,131072,1,131317,287970,121353
1779838802.471333,spill,FileSystemStorage,131072,3,393951,462380,260589
1779838802.471362,spill,FileSystemStorage,131072,2,262634,298930,171099
1779838802.471785,spill,FileSystemStorage,131072,2,262634,343753,173768
1779838802.471998,spill,FileSystemStorage,131072,2,262634,256366,153575
1779838802.472311,spill,FileSystemStorage,131072,4,525268,471455,316370
1779838802.472440,spill,FileSystemStorage,131072,1,131317,222748,91781
1779838802.472734,spill,FileSystemStorage,131072,2,262634,286289,162531
1779838802.472798,spill,FileSystemStorage,131072,1,131317,193671,87944
1779838802.473026,spill,FileSystemStorage,131072,1,131317,186140,91754
1779838802.473237,spill,FileSystemStorage,131072,2,262634,296370,154811
1779838802.473607,spill,FileSystemStorage,131072,1,131317,198515,100983
1779838802.473642,spill,FileSystemStorage,131072,4,525268,457830,307969
1779838802.473870,spill,FileSystemStorage,131072,1,131317,194273,83094
1779838802.474200,spill,FileSystemStorage,131072,1,131317,203753,101718
1779838802.474252,spill,FileSystemStorage,131072,3,393951,355345,234006
1779838802.474375,spill,FileSystemStorage,131072,1,131317,193376,77511
1779838802.474591,spill,FileSystemStorage,131072,2,262634,263460,147945
1779838802.475216,spill,FileSystemStorage,131072,2,262634,351961,182594
1779838802.475274,spill,FileSystemStorage,131072,1,131317,238425,102049
1779838802.475328,spill,FileSystemStorage,131072,2,262634,300706,186346
1779838802.475331,spill,FileSystemStorage,131072,3,393951,449275,285771
1779838802.476071,spill,FileSystemStorage,131072,1,131317,207310,92111
1779838802.476123,spill,FileSystemStorage,131072,1,131317,183112,95462
1779838802.476199,spill,FileSystemStorage,131072,1,131317,182065,87507
1779838802.476271,spill,FileSystemStorage,131072,3,393951,383416,248781
1779838802.476723,spill,FileSystemStorage,131072,1,131317,183575,85037
1779838802.476979,spill,FileSystemStorage,131072,1,131317,175630,89895
1779838802.477245,spill,FileSystemStorage,131072,2,262634,249726,152156
1779838802.477408,spill,FileSystemStorage,131072,1,131317,227836,83837
1779838802.477748,spill,FileSystemStorage,131072,2,262634,362447,177554
1779838802.477814,spill,FileSystemStorage,131072,1,131317,176766,79924
1779838802.477882,spill,FileSystemStorage,131072,1,131317,187084,80962
1779838802.478218,spill,FileSystemStorage,131072,1,131317,238545,79932
1779838802.478359,spill,FileSystemStorage,131072,1,131317,184812,96456
1779838802.478433,spill,FileSystemStorage,131072,2,262634,300467,183108
1779838802.478487,spill,FileSystemStorage,131072,3,393951,403051,252607
1779838802.478768,spill,FileSystemStorage,131072,1,131317,161151,86087
1779838802.479133,spill,FileSystemStorage,131072,3,393951,405773,277831
1779838802.479271,spill,FileSystemStorage,131072,3,393951,439470,302055
1779838802.479292,spill,FileSystemStorage,131072,2,262634,335709,192328
1779838802.479632,spill,FileSystemStorage,131072,2,262634,255621,154891
1779838802.479678,spill,FileSystemStorage,131072,1,131317,188937,92412
1779838802.480038,spill,FileSystemStorage,131072,1,131317,217920,92979
1779838802.480266,spill,FileSystemStorage,131072,3,393951,390576,258790
1779838802.480333,spill,FileSystemStorage,131072,1,131317,179427,86128
1779838802.480437,spill,FileSystemStorage,131072,1,131317,268283,90749
1779838802.480500,spill,FileSystemStorage,131072,1,131317,163641,78368
1779838802.481197,spill,FileSystemStorage,131072,1,131317,235614,105925
1779838802.481240,spill,FileSystemStorage,131072,4,525268,509955,361897
1779838802.481307,spill,FileSystemStorage,131072,1,131317,188011,84557
1779838802.481467,spill,FileSystemStorage,131072,2,262634,263200,156599
1779838802.481784,spill,FileSystemStorage,131072,1,131317,187994,88576
1779838802.481904,spill,FileSystemStorage,131072,2,262634,268691,172486
1779838802.482177,spill,FileSystemStorage,131072,2,262634,331575,197143
1779838802.482264,spill,FileSystemStorage,131072,1,131317,210561,111647
1779838802.482343,spill,FileSystemStorage,131072,1,131317,177544,90839
1779838802.482393,spill,FileSystemStorage,131072,4,525268,518830,368697
1779838802.482796,spill,FileSystemStorage,131072,1,131317,219774,94162
1779838802.482841,spill,FileSystemStorage,131072,1,131317,202400,102879
1779838802.483124,spill,FileSystemStorage,131072,1,131317,259068,103664
1779838802.483257,spill,FileSystemStorage,131072,4,525268,467876,362771
1779838802.483502,spill,FileSystemStorage,131072,1,131317,236596,106338
1779838802.483632,spill,FileSystemStorage,131072,3,393951,482103,297635
1779838802.483899,spill,FileSystemStorage,131072,1,131317,195489,93331
1779838802.484092,spill,FileSystemStorage,131072,6,787902,677628,494055
1779838802.484203,spill,FileSystemStorage,131072,2,262634,335809,213620
1779838802.484310,spill,FileSystemStorage,131072,2,262634,332717,199470
1779838802.484426,spill,FileSystemStorage,131072,2,262634,254715,165691
1779838802.484710,spill,FileSystemStorage,131072,1,131317,202292,90651
1779838802.484788,spill,FileSystemStorage,131072,1,131317,185606,82091
1779838802.485108,spill,FileSystemStorage,131072,2,262634,294696,171150
1779838802.485144,spill,FileSystemStorage,131072,1,131317,179390,91122
1779838802.485229,spill,FileSystemStorage,131072,2,262634,342534,209293
1779838802.485537,spill,FileSystemStorage,131072,4,525268,487225,321250
1779838802.485667,spill,FileSystemStorage,131072,2,262634,273166,180344
1779838802.485699,spill,FileSystemStorage,131072,2,262634,265271,173637
1779838802.485792,spill,FileSystemStorage,131072,2,262634,279574,163793
1779838802.486132,spill,FileSystemStorage,131072,2,262634,290402,176112
1779838802.486286,spill,FileSystemStorage,131072,3,393951,387632,279637
1779838802.486289,spill,FileSystemStorage,131072,2,262634,261232,171970
1779838802.486493,spill,FileSystemStorage,131072,2,262634,311460,174087
1779838802.486808,spill,FileSystemStorage,131072,3,393951,383528,244830
1779838802.486825,spill,FileSystemStorage,131072,2,262634,273838,181197
1779838802.486863,spill,FileSystemStorage,131072,1,131317,194698,90397
1779838802.487055,spill,FileSystemStorage,131072,1,131317,226370,108267
1779838802.487391,spill,FileSystemStorage,131072,1,131317,213903,102862
1779838802.487440,spill,FileSystemStorage,131072,1,131317,203659,95736
1779838802.487629,spill,FileSystemStorage,131072,2,262634,294665,161710
1779838802.487794,spill,FileSystemStorage,131072,2,262634,319118,179249
1779838802.487893,spill,FileSystemStorage,131072,1,131317,172327,86532
1779838802.487988,spill,FileSystemStorage,131072,2,262634,296129,175940
1779838802.488087,spill,FileSystemStorage,131072,1,131317,173250,88252
1779838802.488328,spill,FileSystemStorage,131072,2,262634,261729,153861
1779838802.488686,spill,FileSystemStorage,131072,3,393951,339443,224412
1779838802.488847,spill,FileSystemStorage,131072,1,131317,171888,87189
1779838802.488931,spill,FileSystemStorage,131072,1,131317,177785,77160
1779838802.489307,spill,FileSystemStorage,131072,3,393951,344378,220997
1779838802.489377,spill,FileSystemStorage,131072,1,131317,154464,75117
1779838803.262178,spill,FileSystemStorage,131072,1,131317,779177,117531
1779838803.262353,spill,FileSystemStorage,131072,3,393951,955234,265483
1779838803.266443,spill,FileSystemStorage,131072,1,131317,333465,125887
1779838803.266635,spill,FileSystemStorage,131072,1,131317,254641,93439
1779838803.267479,spill,FileSystemStorage,131072,1,131317,264798,105796
1779838803.268184,spill,FileSystemStorage,131072,2,262634,381793,214486
1779838803.268374,spill,FileSystemStorage,131072,5,656585,606124,392942
1779838803.269821,spill,FileSystemStorage,131072,2,262634,390674,235058
1779838803.270039,spill,FileSystemStorage,131072,6,787902,717447,492684
1779838803.270460,spill,FileSystemStorage,131072,1,131317,247535,112097
1779838803.271238,spill,FileSystemStorage,131072,1,131317,247307,94450
1779838803.271357,spill,FileSystemStorage,131072,1,131317,256071,110590
1779838803.271901,spill,FileSystemStorage,131072,1,131317,197822,96853
1779838803.272492,spill,FileSystemStorage,131072,4,525268,612642,429261
1779838803.272847,spill,FileSystemStorage,131072,3,393951,353773,248386
1779838803.273307,spill,FileSystemStorage,131072,2,262634,358678,210717
1779838803.273627,spill,FileSystemStorage,131072,4,525268,451481,330913
1779838803.274299,spill,FileSystemStorage,131072,2,262634,279897,175273
1779838803.274417,spill,FileSystemStorage,131072,4,525268,617679,440179
1779838803.274713,spill,FileSystemStorage,131072,1,131317,178098,89345
1779838803.275415,spill,FileSystemStorage,131072,2,262634,378699,222288
1779838803.275434,spill,FileSystemStorage,131072,2,262634,383415,185100
1779838803.276302,spill,FileSystemStorage,131072,1,131317,244958,118716
1779838803.276479,spill,FileSystemStorage,131072,1,131317,203928,90060
1779838803.277092,spill,FileSystemStorage,131072,2,262634,354751,214328
1779838803.277543,spill,FileSystemStorage,131072,4,525268,455375,329836
1779838803.278285,spill,FileSystemStorage,131072,3,393951,468116,284903
1779838803.278591,spill,FileSystemStorage,131072,5,656585,655508,469406
1779838803.279074,spill,FileSystemStorage,131072,2,262634,343697,208146
1779838803.279186,spill,FileSystemStorage,131072,1,131317,234162,97015
1779838803.280191,spill,FileSystemStorage,131072,1,131317,181923,88524
1779838803.281399,spill,FileSystemStorage,131072,5,656585,578218,414626
1779838803.281618,spill,FileSystemStorage,131072,4,525268,506562,350289
1779838803.282563,spill,FileSystemStorage,131072,2,262634,315185,190128
1779838803.283027,spill,FileSystemStorage,131072,2,262634,346609,208623
1779838803.285427,spill,FileSystemStorage,131072,2,262634,2423461,185466
1779838803.286846,spill,FileSystemStorage,131072,1,131317,214252,91911
1779838803.291326,spill,FileSystemStorage,131072,2,262634,379830,183923
1779838803.292207,spill,FileSystemStorage,131072,2,262634,352291,181637
1779838803.294891,spill,FileSystemStorage,131072,2,262634,367029,191235
1779838803.295036,spill,FileSystemStorage,131072,3,393951,481827,301947
1779838803.296403,spill,FileSystemStorage,131072,1,131317,263145,119005
1779838803.296725,spill,FileSystemStorage,131072,2,262634,683882,208748
1779838803.297264,spill,FileSystemStorage,131072,3,393951,424876,278754
1779838803.298084,spill,FileSystemStorage,131072,1,131317,247458,100956
1779838803.298153,spill,FileSystemStorage,131072,1,131317,259393,101365
1779838803.298805,spill,FileSystemStorage,131072,1,131317,245168,105615
1779838803.298805,spill,FileSystemStorage,131072,1,131317,223703,97097
1779838803.299361,spill,FileSystemStorage,131072,2,262634,288605,175756
1779838803.300044,spill,FileSystemStorage,131072,1,131317,218856,110805
1779838803.300401,spill,FileSystemStorage,131072,1,131317,575196,106825
1779838803.300987,spill,FileSystemStorage,131072,1,131317,200276,91130
1779838803.301715,spill,FileSystemStorage,131072,3,393951,382896,274042
1779838803.302143,spill,FileSystemStorage,131072,9,1181853,1053315,792194
1779838803.302402,spill,FileSystemStorage,131072,2,262634,291438,180220
1779838803.302853,spill,FileSystemStorage,131072,3,393951,386904,256306
1779838803.303171,spill,FileSystemStorage,131072,4,525268,532545,396641
1779838803.303666,spill,FileSystemStorage,131072,1,131317,204476,96187
1779838803.304039,spill,FileSystemStorage,131072,5,656585,587548,439414
1779838803.304231,spill,FileSystemStorage,131072,2,262634,293701,199313
1779838803.304516,spill,FileSystemStorage,131072,1,131317,198095,92418
1779838803.305298,spill,FileSystemStorage,131072,3,393951,377114,270570
1779838803.305418,spill,FileSystemStorage,131072,6,787902,696059,526454
1779838803.306165,spill,FileSystemStorage,131072,2,262634,268891,175907
1779838803.306266,spill,FileSystemStorage,131072,2,262634,313888,181990
1779838803.307008,spill,FileSystemStorage,131072,1,131317,232187,133783
1779838803.307124,spill,FileSystemStorage,131072,4,525268,526858,388269
1779838803.307472,spill,FileSystemStorage,131072,1,131317,167121,88440
1779838803.307674,spill,FileSystemStorage,131072,2,262634,278168,169871
1779838803.308334,spill,FileSystemStorage,131072,3,393951,373750,264728
1779838803.308451,spill,FileSystemStorage,131072,2,262634,298146,199127
1779838803.308788,spill,FileSystemStorage,131072,1,131317,207365,98812
1779838803.309145,spill,FileSystemStorage,131072,3,393951,381690,260804
1779838803.309613,spill,FileSystemStorage,131072,1,131317,195616,94880
1779838803.309820,spill,FileSystemStorage,131072,3,393951,567213,350980
1779838803.310419,spill,FileSystemStorage,131072,1,131317,285597,139294
1779838803.310617,spill,FileSystemStorage,131072,6,787902,652244,516029
1779838803.310962,spill,FileSystemStorage,131072,1,131317,280892,129682
1779838803.311104,spill,FileSystemStorage,131072,1,131317,222676,96579
1779838803.311721,spill,FileSystemStorage,131072,2,262634,293571,172129
1779838803.312196,spill,FileSystemStorage,131072,2,262634,260483,175375
1779838803.312204,spill,FileSystemStorage,131072,4,525268,687692,467929
1779838803.312630,spill,FileSystemStorage,131072,1,131317,179666,88646
1779838803.312798,spill,FileSystemStorage,131072,1,131317,280349,135678
1779838803.313193,spill,FileSystemStorage,131072,1,131317,169026,87425
1779838803.313348,spill,FileSystemStorage,131072,1,131317,275454,125707
1779838803.313959,spill,FileSystemStorage,131072,1,131317,164677,92928
1779838803.314221,spill,FileSystemStorage,131072,1,131317,269891,127231
1779838803.314679,spill,FileSystemStorage,131072,2,262634,259998,173709
1779838803.314770,spill,FileSystemStorage,131072,1,131317,286567,131194
1779838803.315125,spill,FileSystemStorage,131072,1,131317,192412,92448
1779838803.315371,spill,FileSystemStorage,131072,1,131317,266869,126226
1779838803.315928,spill,FileSystemStorage,131072,5,656585,557820,434249
1779838803.315940,spill,FileSystemStorage,131072,1,131317,263077,127520
1779838803.316624,spill,FileSystemStorage,131072,1,131317,188513,94544
1779838803.316638,spill,FileSystemStorage,131072,2,262634,401960,243306
1779838803.317264,spill,FileSystemStorage,131072,1,131317,196377,91214
1779838803.317450,spill,FileSystemStorage,131072,2,262634,411234,236335
1779838803.317999,spill,FileSystemStorage,131072,1,131317,270961,125308
1779838803.318041,spill,FileSystemStorage,131072,3,393951,373398,259443
1779838803.318660,spill,FileSystemStorage,131072,2,262634,379524,224707
1779838803.318861,spill,FileSystemStorage,131072,1,131317,285199,125069
1779838803.319418,spill,FileSystemStorage,131072,1,131317,288374,122561
1779838803.320123,spill,FileSystemStorage,131072,1,131317,230170,100595
1779838803.320362,spill,FileSystemStorage,131072,1,131317,281134,126933
1779838803.320853,spill,FileSystemStorage,131072,1,131317,200394,97210
1779838803.321110,spill,FileSystemStorage,131072,2,262634,407222,232599
1779838803.321777,spill,FileSystemStorage,131072,2,262634,401927,232072
1779838803.321811,spill,FileSystemStorage,131072,3,393951,400099,272051
1779838803.322230,spill,FileSystemStorage,131072,1,131317,179566,89065
1779838803.322825,spill,FileSystemStorage,131072,3,393951,384094,275368
1779838803.322877,spill,FileSystemStorage,131072,2,262634,414094,244145
1779838803.323567,spill,FileSystemStorage,131072,3,393951,429660,281135
1779838803.323768,spill,FileSystemStorage,131072,1,131317,285478,124494
1779838803.324082,spill,FileSystemStorage,131072,1,131317,196360,91681
1779838803.324820,spill,FileSystemStorage,131072,1,131317,177497,95345
1779838803.325329,spill,FileSystemStorage,131072,2,262634,286617,196101
1779838803.325350,spill,FileSystemStorage,131072,3,393951,527929,341112
1779838803.326146,spill,FileSystemStorage,131072,1,131317,275418,124616
1779838803.326531,spill,FileSystemStorage,131072,1,131317,217551,98744
1779838803.326868,spill,FileSystemStorage,131072,1,131317,282852,125511
1779838803.327428,spill,FileSystemStorage,131072,4,525268,586664,366688
1779838803.327728,spill,FileSystemStorage,131072,1,131317,277613,123052
1779838803.328326,spill,FileSystemStorage,131072,2,262634,297051,178698
1779838803.328704,spill,FileSystemStorage,131072,2,262634,401088,238371
1779838803.329547,spill,FileSystemStorage,131072,1,131317,258565,93871
1779838803.329614,spill,FileSystemStorage,131072,1,131317,374032,127466
1779838803.330242,spill,FileSystemStorage,131072,1,131317,169435,85993
1779838803.330531,spill,FileSystemStorage,131072,2,262634,403285,235834
1779838803.331133,spill,FileSystemStorage,131072,1,131317,309019,145313
1779838803.331177,spill,FileSystemStorage,131072,1,131317,236871,96149
1779838803.332121,spill,FileSystemStorage,131072,1,131317,244810,92067
1779838803.332156,spill,FileSystemStorage,131072,1,131317,659893,129028
1779838803.332998,spill,FileSystemStorage,131072,1,131317,275969,91858
1779838803.333021,spill,FileSystemStorage,131072,1,131317,308758,115104
1779838803.334188,spill,FileSystemStorage,131072,1,131317,295419,126252
1779838803.334218,spill,FileSystemStorage,131072,2,262634,471432,177020
1779838803.334926,spill,FileSystemStorage,131072,1,131317,210361,100920
1779838803.335130,spill,FileSystemStorage,131072,2,262634,472637,269648
1779838803.336228,spill,FileSystemStorage,131072,1,131317,294554,93115
1779838803.336332,spill,FileSystemStorage,131072,2,262634,619900,196428
1779838803.337159,spill,FileSystemStorage,131072,2,262634,400049,214518
1779838803.337523,spill,FileSystemStorage,131072,1,131317,501072,88846
1779838803.338064,spill,FileSystemStorage,131072,1,131317,340580,114895
1779838803.338557,spill,FileSystemStorage,131072,2,262634,302380,180664
1779838803.338861,spill,FileSystemStorage,131072,1,131317,267626,121782
1779838803.339248,spill,FileSystemStorage,131072,2,262634,295220,173933
1779838803.340043,spill,FileSystemStorage,131072,1,131317,292220,121521
1779838803.340943,spill,FileSystemStorage,131072,1,131317,317456,89747
1779838803.341632,spill,FileSystemStorage,131072,2,262634,734969,248573
1779838803.342272,spill,FileSystemStorage,131072,1,131317,268299,92031
1779838803.342344,spill,FileSystemStorage,131072,1,131317,308344,116695
1779838803.343080,spill,FileSystemStorage,131072,1,131317,309931,167894
1779838803.343386,spill,FileSystemStorage,131072,2,262634,286908,186047
1779838803.344294,spill,FileSystemStorage,131072,2,262634,413726,228822
1779838803.344372,spill,FileSystemStorage,131072,2,262634,273794,167291
1779838803.345019,spill,FileSystemStorage,131072,1,131317,167307,86035
1779838803.345377,spill,FileSystemStorage,131072,2,262634,421123,232703
1779838803.345712,spill,FileSystemStorage,131072,1,131317,198212,101236
1779838803.345983,spill,FileSystemStorage,131072,1,131317,280513,129881
1779838803.346627,spill,FileSystemStorage,131072,2,262634,291262,175688
1779838803.346643,spill,FileSystemStorage,131072,1,131317,179612,91929
1779838803.347200,spill,FileSystemStorage,131072,2,262634,310708,177883
1779838803.347356,spill,FileSystemStorage,131072,2,262634,270208,163230
1779838803.347894,spill,FileSystemStorage,131072,1,131317,177569,96837
1779838803.348216,spill,FileSystemStorage,131072,3,393951,362197,256285
1779838803.348920,spill,FileSystemStorage,131072,1,131317,154725,85818
1779838803.349568,spill,FileSystemStorage,131072,2,262634,286034,178740
1779838803.349856,spill,FileSystemStorage,131072,1,131317,160662,91527
1779838803.350378,spill,FileSystemStorage,131072,1,131317,163423,90237
1779838803.350567,spill,FileSystemStorage,131072,4,525268,470141,339968
1779838803.350809,spill,FileSystemStorage,131072,1,131317,150912,82765
1779838803.351257,spill,FileSystemStorage,131072,1,131317,251685,99906
1779838803.351609,spill,FileSystemStorage,131072,2,262634,260615,170496
1779838803.352094,spill,FileSystemStorage,131072,1,131317,212753,93869
1779838803.352291,spill,FileSystemStorage,131072,2,262634,256986,176354
1779838803.352835,spill,FileSystemStorage,131072,3,393951,386443,266873
1779838803.352889,spill,FileSystemStorage,131072,2,262634,258851,174366
1779838803.353442,spill,FileSystemStorage,131072,1,131317,207758,95591
1779838803.353439,spill,FileSystemStorage,131072,1,131317,224598,94871
1779838803.354058,spill,FileSystemStorage,131072,2,262634,253002,179735
1779838803.354054,spill,FileSystemStorage,131072,2,262634,278975,186369
1779838803.354537,spill,FileSystemStorage,131072,2,262634,241645,162157
1779838803.354673,spill,FileSystemStorage,131072,1,131317,174535,90672
1779838803.355276,spill,FileSystemStorage,131072,2,262634,278054,181441
1779838803.355310,spill,FileSystemStorage,131072,1,131317,203938,100773
1779838803.355735,spill,FileSystemStorage,131072,1,131317,169750,87543
1779838803.356120,spill,FileSystemStorage,131072,1,131317,150958,86180
1779838803.356310,spill,FileSystemStorage,131072,1,131317,221035,92254
1779838803.356554,spill,FileSystemStorage,131072,1,131317,155875,84170
1779838803.356992,spill,FileSystemStorage,131072,1,131317,273613,108098
1779838803.357119,spill,FileSystemStorage,131072,2,262634,241325,161536
1779838803.357538,spill,FileSystemStorage,131072,1,131317,146629,85039
1779838803.357660,spill,FileSystemStorage,131072,1,131317,196286,98701
1779838803.358123,spill,FileSystemStorage,131072,1,131317,155570,83971
1779838803.358393,spill,FileSystemStorage,131072,2,262634,265861,170827
1779838803.358658,spill,FileSystemStorage,131072,1,131317,154828,82729
1779838803.359067,spill,FileSystemStorage,131072,1,131317,239680,121430
1779838803.359176,spill,FileSystemStorage,131072,1,131317,174952,87781
1779838803.359736,spill,FileSystemStorage,131072,1,131317,165506,90574
1779838803.360026,spill,FileSystemStorage,131072,1,131317,182383,104398
1779838803.360497,spill,FileSystemStorage,131072,4,525268,430018,327166
1779838803.360693,spill,FileSystemStorage,131072,2,262634,268213,170984
1779838803.361066,spill,FileSystemStorage,131072,2,262634,277704,176107
1779838803.361360,spill,FileSystemStorage,131072,2,262634,270172,176374
1779838803.361584,spill,FileSystemStorage,131072,2,262634,258868,171994
1779838803.361956,spill,FileSystemStorage,131072,1,131317,179554,94293
1779838803.362066,spill,FileSystemStorage,131072,2,262634,256020,168534
1779838803.362346,spill,FileSystemStorage,131072,1,131317,161348,85496
1779838803.362555,spill,FileSystemStorage,131072,1,131317,167048,84187
1779838803.363013,spill,FileSystemStorage,131072,2,262634,306752,210350
1779838803.363124,spill,FileSystemStorage,131072,1,131317,175420,88937
1779838803.363648,spill,FileSystemStorage,131072,1,131317,183401,98175
1779838803.363922,spill,FileSystemStorage,131072,2,262634,244189,170923
1779838803.364559,spill,FileSystemStorage,131072,2,262634,256645,170468
1779838803.365028,spill,FileSystemStorage,131072,6,787902,633841,487161
1779838803.365442,spill,FileSystemStorage,131072,2,262634,281301,179198
1779838803.365580,spill,FileSystemStorage,131072,1,131317,180331,88669
1779838803.365965,spill,FileSystemStorage,131072,1,131317,160668,83761
1779838803.366150,spill,FileSystemStorage,131072,1,131317,176298,90954
1779838803.366384,spill,FileSystemStorage,131072,1,131317,182365,102933
1779838803.366559,spill,FileSystemStorage,131072,1,131317,166025,95698
1779838803.366900,spill,FileSystemStorage,131072,1,131317,189382,97224
1779838803.367114,spill,FileSystemStorage,131072,2,262634,283445,203940
1779838803.367578,spill,FileSystemStorage,131072,2,262634,276107,176352
1779838803.368034,spill,FileSystemStorage,131072,1,131317,265705,107344
1779838803.368493,spill,FileSystemStorage,131072,3,393951,366860,260542
1779838803.368833,spill,FileSystemStorage,131072,1,131317,198489,91333
1779838803.368956,spill,FileSystemStorage,131072,1,131317,181917,88530
1779838803.369399,spill,FileSystemStorage,131072,2,262634,269373,180074
1779838803.369487,spill,FileSystemStorage,131072,2,262634,269210,175009
1779838803.369830,spill,FileSystemStorage,131072,1,131317,181015,100869
1779838803.370216,spill,FileSystemStorage,131072,1,131317,182099,92825
1779838803.370290,spill,FileSystemStorage,131072,1,131317,160698,84586
1779838803.370677,spill,FileSystemStorage,131072,1,131317,166202,94572
1779838803.370718,spill,FileSystemStorage,131072,2,262634,259239,179489
1779838803.371301,spill,FileSystemStorage,131072,2,262634,278056,172751
1779838803.371337,spill,FileSystemStorage,131072,1,131317,184911,99049
1779838803.372156,spill,FileSystemStorage,131072,2,262634,283215,179407
1779838803.372194,spill,FileSystemStorage,131072,1,131317,178907,89818
1779838803.372840,spill,FileSystemStorage,131072,1,131317,173430,91748
1779838803.372921,spill,FileSystemStorage,131072,1,131317,262603,109867
1779838803.373232,spill,FileSystemStorage,131072,1,131317,158438,87384
1779838803.373484,spill,FileSystemStorage,131072,1,131317,200928,95064
1779838803.373804,spill,FileSystemStorage,131072,1,131317,160486,91269
1779838803.374218,spill,FileSystemStorage,131072,4,525268,468521,330003
1779838803.374246,spill,FileSystemStorage,131072,1,131317,162389,85988
1779838803.375045,spill,FileSystemStorage,131072,1,131317,241539,134220
1779838803.375043,spill,FileSystemStorage,131072,1,131317,264711,134276
1779838803.375670,spill,FileSystemStorage,131072,1,131317,168317,87062
1779838803.375876,spill,FileSystemStorage,131072,1,131317,195978,91128
1779838803.376154,spill,FileSystemStorage,131072,1,131317,184519,100997
1779838803.376641,spill,FileSystemStorage,131072,1,131317,207831,101203
1779838803.376751,spill,FileSystemStorage,131072,2,262634,274076,181788
1779838803.377085,spill,FileSystemStorage,131072,1,131317,183173,91841
1779838803.377272,spill,FileSystemStorage,131072,1,131317,190482,93992
1779838803.377524,spill,FileSystemStorage,131072,1,131317,171994,90905
1779838803.377892,spill,FileSystemStorage,131072,3,393951,362571,262830
1779838803.378058,spill,FileSystemStorage,131072,1,131317,260221,111237
1779838803.378440,spill,FileSystemStorage,131072,2,262634,289491,181597
1779838803.378767,spill,FileSystemStorage,131072,3,393951,409077,284705
1779838803.379047,spill,FileSystemStorage,131072,2,262634,327217,208312
1779838803.379508,spill,FileSystemStorage,131072,1,131317,197675,92636
1779838803.379687,spill,FileSystemStorage,131072,1,131317,187195,94452
1779838803.380296,spill,FileSystemStorage,131072,2,262634,252361,163974
1779838803.380575,spill,FileSystemStorage,131072,1,131317,166244,90598
1779838803.380907,spill,FileSystemStorage,131072,1,131317,242136,88379
1779838803.381532,spill,FileSystemStorage,131072,1,131317,174390,91766
1779838803.381681,spill,FileSystemStorage,131072,1,131317,249556,98381
1779838803.382310,spill,FileSystemStorage,131072,1,131317,196330,109322
1779838803.382328,spill,FileSystemStorage,131072,2,262634,275025,173115
1779838803.382949,spill,FileSystemStorage,131072,1,131317,185526,109264
1779838803.383046,spill,FileSystemStorage,131072,2,262634,322604,220390
1779838803.383432,spill,FileSystemStorage,131072,1,131317,187828,94983
1779838803.383674,spill,FileSystemStorage,131072,1,131317,187954,89176
1779838803.383947,spill,FileSystemStorage,131072,1,131317,179799,93670
1779838803.384277,spill,FileSystemStorage,131072,1,131317,208865,87724
1779838803.384466,spill,FileSystemStorage,131072,2,262634,265062,173307
1779838803.384804,spill,FileSystemStorage,131072,2,262634,326263,192804
1779838803.384877,spill,FileSystemStorage,131072,1,131317,169854,88465
1779838803.385286,spill,FileSystemStorage,131072,1,131317,178528,87296
1779838803.385792,spill,FileSystemStorage,131072,2,262634,273553,176538
1779838803.385908,spill,FileSystemStorage,131072,4,525268,470770,353461
1779838803.386421,spill,FileSystemStorage,131072,2,262634,258685,177080
1779838803.386547,spill,FileSystemStorage,131072,2,262634,271312,179173
1779838803.386931,spill,FileSystemStorage,131072,2,262634,279053,172410
1779838803.387174,spill,FileSystemStorage,131072,2,262634,319321,205324
1779838803.387482,spill,FileSystemStorage,131072,2,262634,267109,175673
1779838803.387679,spill,FileSystemStorage,131072,2,262634,257041,162083
1779838803.388074,spill,FileSystemStorage,131072,3,393951,360051,253568
1779838803.388142,spill,FileSystemStorage,131072,1,131317,179433,90771
1779838803.388473,spill,FileSystemStorage,131072,1,131317,165397,92975
1779838803.388651,spill,FileSystemStorage,131072,1,131317,184986,97944
1779838803.388899,spill,FileSystemStorage,131072,1,131317,195202,103274
1779838803.389244,spill,FileSystemStorage,131072,2,262634,331329,229548
1779838803.389431,spill,FileSystemStorage,131072,2,262634,277724,183901
1779838803.389973,spill,FileSystemStorage,131072,1,131317,176968,90136
1779838803.390186,spill,FileSystemStorage,131072,2,262634,406010,232293
1779838803.390336,spill,FileSystemStorage,131072,1,131317,165761,91705
1779838803.390709,spill,FileSystemStorage,131072,1,131317,163495,87805
1779838803.390833,spill,FileSystemStorage,131072,2,262634,380657,229063
1779838803.391364,spill,FileSystemStorage,131072,3,393951,415737,253683
1779838803.391396,spill,FileSystemStorage,131072,1,131317,221336,100440
1779838803.392009,spill,FileSystemStorage,131072,1,131317,167403,89821
1779838803.392058,spill,FileSystemStorage,131072,3,393951,359571,263527
1779838803.392456,spill,FileSystemStorage,131072,2,262634,244738,169134
1779838803.392489,spill,FileSystemStorage,131072,1,131317,161105,90438
1779838803.393008,spill,FileSystemStorage,131072,2,262634,279958,193756
1779838803.393108,spill,FileSystemStorage,131072,2,262634,249363,170809
1779838803.393492,spill,FileSystemStorage,131072,2,262634,269288,181866
1779838803.393520,spill,FileSystemStorage,131072,1,131317,172169,92514
1779838803.393934,spill,FileSystemStorage,131072,1,131317,204784,92024
1779838803.394110,spill,FileSystemStorage,131072,1,131317,159495,82915
1779838803.394420,spill,FileSystemStorage,131072,1,131317,202425,96867
1779838803.394590,spill,FileSystemStorage,131072,1,131317,172492,88338
1779838803.394946,spill,FileSystemStorage,131072,2,262634,272970,188396
1779838803.395068,spill,FileSystemStorage,131072,1,131317,201208,113520
1779838803.395450,spill,FileSystemStorage,131072,1,131317,186335,96487
1779838803.395575,spill,FileSystemStorage,131072,1,131317,179820,93698
1779838803.396180,spill,FileSystemStorage,131072,1,131317,180688,86680
1779838803.396477,spill,FileSystemStorage,131072,1,131317,159411,87301
1779838803.396553,spill,FileSystemStorage,131072,1,131317,165819,94285
1779838803.397005,spill,FileSystemStorage,131072,2,262634,262329,168826
1779838803.397326,spill,FileSystemStorage,131072,2,262634,267490,170586
1779838803.397635,spill,FileSystemStorage,131072,1,131317,169646,89913
1779838803.397832,spill,FileSystemStorage,131072,2,262634,261950,167333
1779838803.398058,spill,FileSystemStorage,131072,1,131317,180097,85346
1779838803.398555,spill,FileSystemStorage,131072,4,525268,450947,327231
1779838803.398687,spill,FileSystemStorage,131072,1,131317,191949,99439
1779838803.399123,spill,FileSystemStorage,131072,1,131317,202846,100818
1779838803.399365,spill,FileSystemStorage,131072,5,656585,571444,449902
1779838803.399537,spill,FileSystemStorage,131072,1,131317,160526,90673
1779838803.399836,spill,FileSystemStorage,131072,1,131317,215543,89845
1779838803.400061,spill,FileSystemStorage,131072,1,131317,174192,88997
1779838803.400336,spill,FileSystemStorage,131072,2,262634,264962,173913
1779838803.400621,spill,FileSystemStorage,131072,1,131317,163677,89998
1779838803.400896,spill,FileSystemStorage,131072,1,131317,183433,93273
1779838803.401040,spill,FileSystemStorage,131072,1,131317,174727,91471
1779838803.401391,spill,FileSystemStorage,131072,2,262634,244411,169294
1779838803.401471,spill,FileSystemStorage,131072,1,131317,185613,97013
1779838803.401867,spill,FileSystemStorage,131072,2,262634,254577,174333
1779838803.401883,spill,FileSystemStorage,131072,1,131317,169829,94668
1779838803.402287,spill,FileSystemStorage,131072,1,131317,156784,86013
1779838803.402344,spill,FileSystemStorage,131072,1,131317,192663,91839
1779838803.402871,spill,FileSystemStorage,131072,2,262634,282821,174626
1779838803.403108,spill,FileSystemStorage,131072,3,393951,470973,341387
1779838803.403327,spill,FileSystemStorage,131072,1,131317,174481,88151
1779838803.403683,spill,FileSystemStorage,131072,1,131317,151852,89098
1779838803.403682,spill,FileSystemStorage,131072,1,131317,269270,121905
1779838803.404037,spill,FileSystemStorage,131072,1,131317,150496,87390
1779838803.404286,spill,FileSystemStorage,131072,1,131317,260248,131787
1779838803.404560,spill,FileSystemStorage,131072,2,262634,317636,240899
1779838803.404820,spill,FileSystemStorage,131072,1,131317,251265,119436
1779838803.404968,spill,FileSystemStorage,131072,1,131317,185577,89481
1779838803.405407,spill,FileSystemStorage,131072,1,131317,259567,128781
1779838803.405485,spill,FileSystemStorage,131072,2,262634,287292,183853
1779838803.405915,spill,FileSystemStorage,131072,1,131317,161773,89357
1779838803.405945,spill,FileSystemStorage,131072,1,131317,267033,122498
1779838803.406497,spill,FileSystemStorage,131072,1,131317,279448,130212
1779838803.406533,spill,FileSystemStorage,131072,2,262634,340228,180610
1779838803.407062,spill,FileSystemStorage,131072,1,131317,282615,152075
1779838803.407075,spill,FileSystemStorage,131072,1,131317,231421,124897
1779838803.407774,spill,FileSystemStorage,131072,1,131317,198858,92631
1779838803.407856,spill,FileSystemStorage,131072,2,262634,296821,182501
1779838803.408447,spill,FileSystemStorage,131072,2,262634,269103,165341
1779838803.408552,spill,FileSystemStorage,131072,1,131317,193039,91121
1779838803.408988,spill,FileSystemStorage,131072,2,262634,240225,170006
1779838803.409116,spill,FileSystemStorage,131072,2,262634,270029,180521
1779838803.409599,spill,FileSystemStorage,131072,1,131317,177460,97320
1779838803.409832,spill,FileSystemStorage,131072,1,131317,195491,102656
1779838803.410162,spill,FileSystemStorage,131072,2,262634,251437,172087
1779838803.410438,spill,FileSystemStorage,131072,2,262634,287822,180089
1779838803.410620,spill,FileSystemStorage,131072,1,131317,195433,93223
1779838803.411001,spill,FileSystemStorage,131072,2,262634,291845,181642
1779838803.411080,spill,FileSystemStorage,131072,1,131317,204363,109885
1779838803.411674,spill,FileSystemStorage,131072,1,131317,182762,92061
1779838803.411713,spill,FileSystemStorage,131072,3,393951,374088,254308
1779838803.412183,spill,FileSystemStorage,131072,2,262634,275152,177735
1779838803.412201,spill,FileSystemStorage,131072,1,131317,186699,90962
1779838803.412682,spill,FileSystemStorage,131072,1,131317,149687,87693
1779838803.413217,spill,FileSystemStorage,131072,1,131317,198323,91809
1779838803.413318,spill,FileSystemStorage,131072,1,131317,161447,86320
1779838803.413626,spill,FileSystemStorage,131072,1,131317,192625,102724
1779838803.413821,spill,FileSystemStorage,131072,1,131317,208983,121323
1779838803.414237,spill,FileSystemStorage,131072,1,131317,172970,88093
1779838803.414465,spill,FileSystemStorage,131072,1,131317,263228,113057
1779838803.414650,spill,FileSystemStorage,131072,1,131317,190464,98230
1779838803.415098,spill,FileSystemStorage,131072,1,131317,217301,118255
1779838803.415116,spill,FileSystemStorage,131072,2,262634,384762,242338
1779838803.415733,spill,FileSystemStorage,131072,1,131317,176240,90966
1779838803.416066,spill,FileSystemStorage,131072,3,393951,385002,263835
1779838803.416233,spill,FileSystemStorage,131072,1,131317,179941,95199
1779838803.416686,spill,FileSystemStorage,131072,1,131317,198190,91037
1779838803.416731,spill,FileSystemStorage,131072,1,131317,157034,87537
1779838803.417300,spill,FileSystemStorage,131072,1,131317,174807,91812
1779838803.417510,spill,FileSystemStorage,131072,2,262634,246943,159041
1779838803.417717,spill,FileSystemStorage,131072,1,131317,202126,96401
1779838803.417944,spill,FileSystemStorage,131072,1,131317,189500,107214
1779838803.418265,spill,FileSystemStorage,131072,1,131317,261918,109740
1779838803.418445,spill,FileSystemStorage,131072,2,262634,272793,169834
1779838803.418695,spill,FileSystemStorage,131072,1,131317,177903,90673
1779838803.418969,spill,FileSystemStorage,131072,2,262634,275274,188375
1779838803.419086,spill,FileSystemStorage,131072,1,131317,195891,107426
1779838803.419737,spill,FileSystemStorage,131072,1,131317,194531,91331
1779838803.419739,spill,FileSystemStorage,131072,2,262634,291141,185401
1779838803.420325,spill,FileSystemStorage,131072,1,131317,187703,96289
1779838803.420498,spill,FileSystemStorage,131072,1,131317,174263,88667
1779838803.421006,spill,FileSystemStorage,131072,1,131317,174825,95418
1779838803.421142,spill,FileSystemStorage,131072,2,262634,281760,178790
1779838803.421620,spill,FileSystemStorage,131072,1,131317,164616,87570
1779838803.421623,spill,FileSystemStorage,131072,2,262634,282221,172514
1779838803.422059,spill,FileSystemStorage,131072,1,131317,155792,83981
1779838803.422162,spill,FileSystemStorage,131072,1,131317,182326,99726
1779838803.422475,spill,FileSystemStorage,131072,1,131317,180013,98656
1779838803.422780,spill,FileSystemStorage,131072,3,393951,364526,255652
1779838803.423082,spill,FileSystemStorage,131072,2,262634,305062,211761
1779838803.423275,spill,FileSystemStorage,131072,1,131317,211102,99134
1779838803.423877,spill,FileSystemStorage,131072,1,131317,164804,87347
1779838803.424151,spill,FileSystemStorage,131072,1,131317,178097,84618
1779838803.424694,spill,FileSystemStorage,131072,1,131317,173483,89378
1779838803.424760,spill,FileSystemStorage,131072,3,393951,371453,263302
1779838803.425344,spill,FileSystemStorage,131072,1,131317,185013,86568
1779838803.425372,spill,FileSystemStorage,131072,1,131317,149881,85202
1779838803.425779,spill,FileSystemStorage,131072,1,131317,174496,85446
1779838803.426111,spill,FileSystemStorage,131072,1,131317,159345,87890
1779838803.426282,spill,FileSystemStorage,131072,1,131317,184815,90255
1779838803.426594,spill,FileSystemStorage,131072,2,262634,251961,162723
1779838803.426666,spill,FileSystemStorage,131072,1,131317,159733,85175
1779838803.427081,spill,FileSystemStorage,131072,1,131317,212343,110627
1779838803.427362,spill,FileSystemStorage,131072,3,393951,395790,244119
1779838803.427730,spill,FileSystemStorage,131072,1,131317,155710,88415
1779838803.428118,spill,FileSystemStorage,131072,1,131317,193417,87275
1779838803.428408,spill,FileSystemStorage,131072,1,131317,140152,80039
1779838803.428527,spill,FileSystemStorage,131072,1,131317,159269,84833
1779838803.429035,spill,FileSystemStorage,131072,2,262634,255148,180590
1779838803.429209,spill,FileSystemStorage,131072,1,131317,194479,95006
1779838803.429632,spill,FileSystemStorage,131072,1,131317,162134,83745
1779838803.429701,spill,FileSystemStorage,131072,1,131317,267565,103763
1779838803.430177,spill,FileSystemStorage,131072,1,131317,195106,88542
1779838803.430657,spill,FileSystemStorage,131072,2,262634,273785,172359
1779838803.430667,spill,FileSystemStorage,131072,1,131317,167384,89930
1779838803.431167,spill,FileSystemStorage,131072,1,131317,165795,83771
1779838803.431504,spill,FileSystemStorage,131072,1,131317,189181,86994
1779838803.432128,spill,FileSystemStorage,131072,3,393951,352559,244358
1779838803.432491,spill,FileSystemStorage,131072,1,131317,161328,88713
1779838803.432900,spill,FileSystemStorage,131072,1,131317,198616,91086
1779838803.432995,spill,FileSystemStorage,131072,1,131317,151882,86828
1779838803.433617,spill,FileSystemStorage,131072,2,262634,261031,167677
1779838803.433746,spill,FileSystemStorage,131072,1,131317,229399,103444
1779838803.434202,spill,FileSystemStorage,131072,1,131317,175377,94659
1779838803.434247,spill,FileSystemStorage,131072,1,131317,187441,90612
1779838803.434735,spill,FileSystemStorage,131072,2,262634,253794,165493
1779838803.434926,spill,FileSystemStorage,131072,1,131317,198882,91118
1779838803.435634,spill,FileSystemStorage,131072,1,131317,204783,93252
1779838803.435917,spill,FileSystemStorage,131072,1,131317,190840,87987
1779838803.436131,spill,FileSystemStorage,131072,1,131317,179631,93322
1779838803.436737,spill,FileSystemStorage,131072,1,131317,194725,91255
1779838803.436828,spill,FileSystemStorage,131072,1,131317,176495,91166
1779838803.437332,spill,FileSystemStorage,131072,1,131317,178741,94963
1779838803.437370,spill,FileSystemStorage,131072,2,262634,361170,191687
1779838803.437726,spill,FileSystemStorage,131072,1,131317,157492,82684
1779838803.438042,spill,FileSystemStorage,131072,1,131317,255153,93301
1779838803.438124,spill,FileSystemStorage,131072,1,131317,154940,86085
1779838803.438503,spill,FileSystemStorage,131072,1,131317,217289,102222
1779838803.438516,spill,FileSystemStorage,131072,1,131317,166325,85715
1779838803.438628,spill,FileSystemStorage,131072,1834,240835378,175916147,151120790
1779838803.439104,spill,FileSystemStorage,131072,2,262634,295499,207606
1779838803.439209,spill,FileSystemStorage,131072,1,131317,214347,99549
1779838803.439534,spill,FileSystemStorage,131072,1,131317,168503,84075
1779838803.439723,spill,FileSystemStorage,131072,1,131317,193153,89949
1779838803.440033,spill,FileSystemStorage,131072,2,262634,242645,166844
1779838803.440597,spill,FileSystemStorage,131072,1,131317,174999,92263
1779838803.440608,spill,FileSystemStorage,131072,2,262634,307450,194383
1779838803.441172,spill,FileSystemStorage,131072,2,262634,275804,182312
1779838803.441365,spill,FileSystemStorage,131072,3,393951,392686,261550
1779838803.442050,spill,FileSystemStorage,131072,2,262634,370801,191112
1779838803.460688,spill,FileSystemStorage,131072,1,131317,547754,106414
1779838803.461611,spill,FileSystemStorage,131072,1,131317,644318,121864
1779838803.461768,spill,FileSystemStorage,131072,3,393951,801089,251857
1779838803.464832,spill,FileSystemStorage,131072,2000,262634000,201724633,166691642
1779838803.465052,spill,FileSystemStorage,131072,1,131317,488355,99188
1779838803.465459,spill,FileSystemStorage,131072,1,131317,224576,85493
1779838803.465590,spill,FileSystemStorage,131072,1,131317,292956,103483
1779838803.468163,spill,FileSystemStorage,131072,1,131317,277696,99452
1779838803.469020,spill,FileSystemStorage,131072,1,131317,289178,118041
1779838803.469220,spill,FileSystemStorage,131072,2,262634,346811,179743
1779838803.470746,spill,FileSystemStorage,131072,1,131317,283258,107501
1779838803.486321,spill,FileSystemStorage,131072,4,525268,513938,296156
1779838803.487809,spill,FileSystemStorage,131072,1,131317,239921,89949
1779838803.487876,spill,FileSystemStorage,131072,1,131317,299991,93981
1779838803.490391,spill,FileSystemStorage,131072,3,393951,462084,238422
1779838803.496611,spill,FileSystemStorage,131072,1,131317,246733,93582
1779838803.497734,spill,FileSystemStorage,131072,1,131317,264625,110210
1779838803.497825,spill,FileSystemStorage,131072,3,393951,423557,245529
1779838803.498157,spill,FileSystemStorage,131072,1,131317,264504,94163
1779838803.500749,spill,FileSystemStorage,131072,1,131317,239877,87327
1779838803.501013,spill,FileSystemStorage,131072,2,262634,337709,179311
1779838803.501046,spill,FileSystemStorage,131072,1,131317,213138,88144
1779838803.501364,spill,FileSystemStorage,131072,1,131317,233335,81501
1779838803.504206,spill,FileSystemStorage,131072,1,131317,219562,84638
1779838803.504414,spill,FileSystemStorage,131072,1,131317,210585,95818
1779838803.504469,spill,FileSystemStorage,131072,1,131317,233682,92413
1779838803.504535,spill,FileSystemStorage,131072,1,131317,255952,89839
1779838803.506824,spill,FileSystemStorage,131072,2,262634,297340,173543
1779838803.507109,spill,FileSystemStorage,131072,1,131317,261311,123990
1779838803.507105,spill,FileSystemStorage,131072,4,525268,538960,372462
1779838803.507233,spill,FileSystemStorage,131072,1,131317,279221,99036
1779838803.509453,spill,FileSystemStorage,131072,2,262634,333946,159544
1779838803.509652,spill,FileSystemStorage,131072,1,131317,195770,86763
1779838803.509757,spill,FileSystemStorage,131072,1,131317,264867,103991
1779838803.510030,spill,FileSystemStorage,131072,2,262634,346417,164802
1779838803.510604,spill,FileSystemStorage,131072,2,262634,284795,151746
1779838803.510722,spill,FileSystemStorage,131072,1,131317,177068,83684
1779838803.511070,spill,FileSystemStorage,131072,3,393951,463954,278973
1779838803.511112,spill,FileSystemStorage,131072,1,131317,267364,98749
1779838803.511193,spill,FileSystemStorage,131072,1,131317,176297,76049
1779838803.511716,spill,FileSystemStorage,131072,1,131317,253165,93923
1779838803.511868,spill,FileSystemStorage,131072,2,262634,272618,162428
1779838803.511886,spill,FileSystemStorage,131072,1,131317,182576,90118
1779838803.512344,spill,FileSystemStorage,131072,2,262634,351674,174455
1779838803.512534,spill,FileSystemStorage,131072,1,131317,162122,80935
1779838803.512639,spill,FileSystemStorage,131072,2,262634,262060,155444
1779838803.512862,spill,FileSystemStorage,131072,1,131317,174947,77706
1779838803.513115,spill,FileSystemStorage,131072,2,262634,261167,154925
1779838803.513294,spill,FileSystemStorage,131072,1,131317,205219,87411
1779838803.513374,spill,FileSystemStorage,131072,1,131317,175807,81788
1779838803.513438,spill,FileSystemStorage,131072,1,131317,219180,85196
1779838803.513777,spill,FileSystemStorage,131072,1,131317,199843,87530
1779838803.513805,spill,FileSystemStorage,131072,3,393951,361050,246638
1779838803.514165,spill,FileSystemStorage,131072,3,393951,341669,233056
1779838803.514243,spill,FileSystemStorage,131072,1,131317,177990,78402
1779838803.514447,spill,FileSystemStorage,131072,1,131317,159877,77048
1779838803.514577,spill,FileSystemStorage,131072,1,131317,191668,92811
1779838804.286841,spill,FileSystemStorage,131072,1,131317,376442,116578
1779838804.287290,spill,FileSystemStorage,131072,1,131317,391994,121524
1779838804.288526,spill,FileSystemStorage,131072,4,525268,509834,293328
1779838804.289471,spill,FileSystemStorage,131072,3,393951,1124700,291622
1779838804.290702,spill,FileSystemStorage,131072,1,131317,240542,109448
1779838804.290802,spill,FileSystemStorage,131072,2,262634,319868,171444
1779838804.291981,spill,FileSystemStorage,131072,3,393951,439055,265266
1779838804.291990,spill,FileSystemStorage,131072,4,525268,547621,382616
1779838804.293065,spill,FileSystemStorage,131072,1,131317,212502,106673
1779838804.293073,spill,FileSystemStorage,131072,3,393951,396263,234175
1779838804.294529,spill,FileSystemStorage,131072,1,131317,197697,90679
1779838804.294724,spill,FileSystemStorage,131072,4,525268,568508,390306
1779838804.295091,spill,FileSystemStorage,131072,1,131317,247826,83256
1779838804.295622,spill,FileSystemStorage,131072,1,131317,550981,107238
1779838804.296955,spill,FileSystemStorage,131072,5,656585,768514,381223
1779838804.296973,spill,FileSystemStorage,131072,1,131317,233160,107386
1779838804.297918,spill,FileSystemStorage,131072,1,131317,223324,107157
1779838804.298349,spill,FileSystemStorage,131072,1,131317,224702,97569
1779838804.299729,spill,FileSystemStorage,131072,10,1313170,1317262,1046746
1779838804.299976,spill,FileSystemStorage,131072,1,131317,254497,100064
1779838804.301062,spill,FileSystemStorage,131072,1,131317,250686,113105
1779838804.301321,spill,FileSystemStorage,131072,2,262634,312245,174725
1779838804.302300,spill,FileSystemStorage,131072,1,131317,190853,93787
1779838804.302402,spill,FileSystemStorage,131072,3,393951,471643,314553
1779838804.303088,spill,FileSystemStorage,131072,1,131317,262182,132689
1779838804.303370,spill,FileSystemStorage,131072,3,393951,405556,260190
1779838804.303984,spill,FileSystemStorage,131072,2,262634,345862,211212
1779838804.304360,spill,FileSystemStorage,131072,2,262634,275963,166875
1779838804.304821,spill,FileSystemStorage,131072,1,131317,214879,110199
1779838804.305335,spill,FileSystemStorage,131072,1,131317,185520,95361
1779838804.305628,spill,FileSystemStorage,131072,3,393951,443665,312621
1779838804.306693,spill,FileSystemStorage,131072,1,131317,467572,109327
1779838804.306814,spill,FileSystemStorage,131072,2,262634,647109,216861
1779838804.307567,spill,FileSystemStorage,131072,1,131317,358854,113543
1779838804.307737,spill,FileSystemStorage,131072,3,393951,633573,262626
1779838804.308460,spill,FileSystemStorage,131072,2,262634,340379,207203
1779838804.308729,spill,FileSystemStorage,131072,1,131317,203053,93619
1779838804.309196,spill,FileSystemStorage,131072,2,262634,331053,209467
1779838804.309627,spill,FileSystemStorage,131072,3,393951,354173,248002
1779838804.309654,spill,FileSystemStorage,131072,1,131317,214458,111283
1779838804.310237,spill,FileSystemStorage,131072,1,131317,192148,93449
1779838804.310328,spill,FileSystemStorage,131072,2,262634,340289,216771
1779838804.310855,spill,FileSystemStorage,131072,1,131317,212045,105873
1779838804.311295,spill,FileSystemStorage,131072,4,525268,499024,369319
1779838804.311912,spill,FileSystemStorage,131072,3,393951,473259,310157
1779838804.312630,spill,FileSystemStorage,131072,1,131317,280282,113129
1779838804.312784,spill,FileSystemStorage,131072,3,393951,668582,266346
1779838804.313432,spill,FileSystemStorage,131072,1,131317,390856,111431
1779838804.313983,spill,FileSystemStorage,131072,1,131317,512683,97024
1779838804.314156,spill,FileSystemStorage,131072,2,262634,342704,204122
1779838804.314823,spill,FileSystemStorage,131072,1,131317,197747,99761
1779838804.314885,spill,FileSystemStorage,131072,1,131317,222965,118857
1779838804.315361,spill,FileSystemStorage,131072,1,131317,180942,88926
1779838804.315444,spill,FileSystemStorage,131072,1,131317,217718,105973
1779838804.316111,spill,FileSystemStorage,131072,1,131317,183681,99519
1779838804.316287,spill,FileSystemStorage,131072,1,131317,238980,110187
1779838804.316845,spill,FileSystemStorage,131072,1,131317,184449,95881
1779838804.316959,spill,FileSystemStorage,131072,2,262634,340615,212226
1779838804.317659,spill,FileSystemStorage,131072,1,131317,194260,99809
1779838804.317931,spill,FileSystemStorage,131072,1,131317,221927,109125
1779838804.318408,spill,FileSystemStorage,131072,1,131317,178825,88939
1779838804.318531,spill,FileSystemStorage,131072,2,262634,331740,215304
1779838804.319045,spill,FileSystemStorage,131072,2,262634,294885,201154
1779838804.319170,spill,FileSystemStorage,131072,1,131317,248417,110573
1779838804.320208,spill,FileSystemStorage,131072,1,131317,178956,85797
1779838804.320457,spill,FileSystemStorage,131072,1,131317,223103,108279
1779838804.321026,spill,FileSystemStorage,131072,1,131317,182891,86163
1779838804.321736,spill,FileSystemStorage,131072,2,262634,353560,211165
1779838804.322252,spill,FileSystemStorage,131072,2,262634,283753,177525
1779838804.322641,spill,FileSystemStorage,131072,3,393951,448559,308183
1779838804.323000,spill,FileSystemStorage,131072,1,131317,227878,105359
1779838804.323336,spill,FileSystemStorage,131072,2,262634,381368,223831
1779838804.326145,spill,FileSystemStorage,131072,1,131317,2500266,87656
1779838804.326610,spill,FileSystemStorage,131072,1,131317,241808,121734
1779838804.331248,spill,FileSystemStorage,131072,1,131317,245925,98391
1779838804.331755,spill,FileSystemStorage,131072,1,131317,250834,112377
1779838804.334176,spill,FileSystemStorage,131072,3,393951,443218,270477
1779838804.334333,spill,FileSystemStorage,131072,1,131317,240132,108052
1779838804.335134,spill,FileSystemStorage,131072,1,131317,244846,93594
1779838804.335956,spill,FileSystemStorage,131072,2,262634,365303,210279
1779838804.336272,spill,FileSystemStorage,131072,2,262634,261168,168962
1779838804.337227,spill,FileSystemStorage,131072,1,131317,184264,95878
1779838804.337569,spill,FileSystemStorage,131072,2,262634,354549,214657
1779838804.337907,spill,FileSystemStorage,131072,1,131317,194170,103594
1779838804.338291,spill,FileSystemStorage,131072,1,131317,158477,86486
1779838804.338624,spill,FileSystemStorage,131072,5,656585,686448,516985
1779838804.338826,spill,FileSystemStorage,131072,1,131317,165227,92329
1779838804.339223,spill,FileSystemStorage,131072,1,131317,252863,113110
1779838804.339588,spill,FileSystemStorage,131072,1,131317,223841,93772
1779838804.340307,spill,FileSystemStorage,131072,2,262634,353148,214346
1779838804.340401,spill,FileSystemStorage,131072,2,262634,283646,190410
1779838804.340968,spill,FileSystemStorage,131072,2,262634,325070,206837
1779838804.341261,spill,FileSystemStorage,131072,3,393951,387890,276830
1779838804.341708,spill,FileSystemStorage,131072,3,393951,448347,311724
1779838804.341832,spill,FileSystemStorage,131072,1,131317,213392,105487
1779838804.342210,spill,FileSystemStorage,131072,1,131317,221896,110180
1779838804.342669,spill,FileSystemStorage,131072,1,131317,216729,111373
1779838804.342773,spill,FileSystemStorage,131072,4,525268,580281,367919
1779838804.343481,spill,FileSystemStorage,131072,1,131317,231174,114256
1779838804.343572,spill,FileSystemStorage,131072,4,525268,580711,420053
1779838804.343928,spill,FileSystemStorage,131072,1,131317,187026,99778
1779838804.344640,spill,FileSystemStorage,131072,3,393951,422257,266006
1779838804.344862,spill,FileSystemStorage,131072,7,919219,936491,730380
1779838804.345080,spill,FileSystemStorage,131072,1,131317,179252,92076
1779838804.345708,spill,FileSystemStorage,131072,3,393951,349998,256937
1779838804.345985,spill,FileSystemStorage,131072,6,787902,814313,628374
1779838804.346100,spill,FileSystemStorage,131072,1,131317,180016,87738
1779838804.346742,spill,FileSystemStorage,131072,3,393951,346466,254208
1779838804.346756,spill,FileSystemStorage,131072,3,393951,448061,321769
1779838804.347541,spill,FileSystemStorage,131072,2,262634,362856,225254
1779838804.347585,spill,FileSystemStorage,131072,5,656585,563134,431814
1779838804.348145,spill,FileSystemStorage,131072,2,262634,336018,219304
1779838804.348401,spill,FileSystemStorage,131072,5,656585,546193,422460
1779838804.349141,spill,FileSystemStorage,131072,4,525268,564018,409941
1779838804.349792,spill,FileSystemStorage,131072,3,393951,347244,252796
1779838804.349953,spill,FileSystemStorage,131072,2,262634,333175,210577
1779838804.350608,spill,FileSystemStorage,131072,2,262634,249275,165927
1779838804.351507,spill,FileSystemStorage,131072,1,131317,662788,110051
1779838804.351673,spill,FileSystemStorage,131072,5,656585,1030263,528785
1779838804.352686,spill,FileSystemStorage,131072,1,131317,235474,111420
1779838804.352952,spill,FileSystemStorage,131072,3,393951,371373,245434
1779838804.353368,spill,FileSystemStorage,131072,1,131317,225081,110097
1779838804.358240,spill,FileSystemStorage,131072,2,262634,388440,213773
1779838804.358484,spill,FileSystemStorage,131072,1,131317,539185,97334
1779838804.359625,spill,FileSystemStorage,131072,1,131317,574994,114735
1779838804.360343,spill,FileSystemStorage,131072,1,131317,682513,112656
1779838804.361536,spill,FileSystemStorage,131072,1,131317,537299,112150
1779838804.361619,spill,FileSystemStorage,131072,2,262634,375006,178852
1779838804.362436,spill,FileSystemStorage,131072,1,131317,180499,90719
1779838804.362549,spill,FileSystemStorage,131072,1,131317,222562,111405
1779838804.363248,spill,FileSystemStorage,131072,3,393951,393100,269655
1779838804.363282,spill,FileSystemStorage,131072,1,131317,256684,114561
1779838804.364667,spill,FileSystemStorage,131072,2,262634,354999,180450
1779838804.364723,spill,FileSystemStorage,131072,2,262634,389706,222449
1779838804.365571,spill,FileSystemStorage,131072,2,262634,300188,180642
1779838804.365593,spill,FileSystemStorage,131072,2,262634,352217,221028
1779838804.366295,spill,FileSystemStorage,131072,1,131317,367118,118276
1779838804.366350,spill,FileSystemStorage,131072,2,262634,489533,180506
1779838804.367156,spill,FileSystemStorage,131072,1,131317,267740,114614
1779838804.367183,spill,FileSystemStorage,131072,1,131317,221729,90738
1779838804.367872,spill,FileSystemStorage,131072,1,131317,195170,101968
1779838804.368305,spill,FileSystemStorage,131072,1,131317,228060,111297
1779838804.368322,spill,FileSystemStorage,131072,1,131317,175249,95467
1779838804.368901,spill,FileSystemStorage,131072,1,131317,157313,85910
1779838804.369477,spill,FileSystemStorage,131072,2,262634,340535,215470
1779838804.369587,spill,FileSystemStorage,131072,1,131317,195344,94575
1779838804.370117,spill,FileSystemStorage,131072,1,131317,234870,108875
1779838804.370269,spill,FileSystemStorage,131072,2,262634,318894,181088
1779838804.370783,spill,FileSystemStorage,131072,1,131317,213395,95494
1779838804.371018,spill,FileSystemStorage,131072,2,262634,385215,241008
1779838804.371682,spill,FileSystemStorage,131072,2,262634,278298,173876
1779838804.371773,spill,FileSystemStorage,131072,1,131317,222608,109749
1779838804.372181,spill,FileSystemStorage,131072,1,131317,183254,86479
1779838804.372868,spill,FileSystemStorage,131072,2,262634,337012,210393
1779838804.373482,spill,FileSystemStorage,131072,1,131317,220043,112087
1779838804.373644,spill,FileSystemStorage,131072,5,656585,613921,419324
1779838804.374104,spill,FileSystemStorage,131072,1,131317,209577,105828
1779838804.374414,spill,FileSystemStorage,131072,1,131317,203720,99837
1779838804.374938,spill,FileSystemStorage,131072,1,131317,229918,118603
1779838804.375006,spill,FileSystemStorage,131072,1,131317,209678,122969
1779838804.375777,spill,FileSystemStorage,131072,3,393951,480425,320232
1779838804.375906,spill,FileSystemStorage,131072,1,131317,192713,92525
1779838804.376375,spill,FileSystemStorage,131072,1,131317,166235,85570
1779838804.376885,spill,FileSystemStorage,131072,4,525268,572867,413765
1779838804.376944,spill,FileSystemStorage,131072,1,131317,176194,88508
1779838804.377516,spill,FileSystemStorage,131072,1,131317,223417,108686
1779838804.377905,spill,FileSystemStorage,131072,2,262634,476626,163224
1779838804.378698,spill,FileSystemStorage,131072,4,525268,653395,413109
1779838804.378802,spill,FileSystemStorage,131072,1,131317,443327,88052
1779838804.379360,spill,FileSystemStorage,131072,2,262634,349517,212312
1779838804.379498,spill,FileSystemStorage,131072,1,131317,167069,84407
1779838804.380151,spill,FileSystemStorage,131072,3,393951,453229,311778
1779838804.380521,spill,FileSystemStorage,131072,3,393951,628129,251365
1779838804.380880,spill,FileSystemStorage,131072,1,131317,464718,106904
1779838804.381225,spill,FileSystemStorage,131072,1,131317,215077,88655
1779838804.381580,spill,FileSystemStorage,131072,1,131317,438609,110594
1779838804.382268,spill,FileSystemStorage,131072,4,525268,496738,330098
1779838804.382523,spill,FileSystemStorage,131072,2,262634,421421,211057
1779838804.383095,spill,FileSystemStorage,131072,2,262634,294490,186960
1779838804.383233,spill,FileSystemStorage,131072,2,262634,381592,234027
1779838804.383991,spill,FileSystemStorage,131072,2,262634,249954,171160
1779838804.384022,spill,FileSystemStorage,131072,1,131317,228467,114162
1779838804.384717,spill,FileSystemStorage,131072,2,262634,242338,164177
1779838804.384740,spill,FileSystemStorage,131072,1,131317,218876,111903
1779838804.385633,spill,FileSystemStorage,131072,2,262634,263178,170704
1779838804.385665,spill,FileSystemStorage,131072,1,131317,226919,116613
1779838804.386223,spill,FileSystemStorage,131072,1,131317,156530,89671
1779838804.386501,spill,FileSystemStorage,131072,1,131317,220614,111081
1779838804.387050,spill,FileSystemStorage,131072,1,131317,242195,142164
1779838804.387213,spill,FileSystemStorage,131072,6,787902,664014,516797
1779838804.387759,spill,FileSystemStorage,131072,1,131317,242296,108718
1779838804.388139,spill,FileSystemStorage,131072,2,262634,316611,189995
1779838804.388437,spill,FileSystemStorage,131072,2,262634,339957,218699
1779838804.388682,spill,FileSystemStorage,131072,2,262634,270038,173962
1779838804.389158,spill,FileSystemStorage,131072,2,262634,337202,210180
1779838804.389437,spill,FileSystemStorage,131072,1,131317,175767,86149
1779838804.389703,spill,FileSystemStorage,131072,1,131317,215900,105656
1779838804.389929,spill,FileSystemStorage,131072,1,131317,168546,91182
1779838804.390369,spill,FileSystemStorage,131072,1,131317,150400,88351
1779838804.390827,spill,FileSystemStorage,131072,3,393951,470221,315669
1779838804.390949,spill,FileSystemStorage,131072,1,131317,186631,106063
1779838804.391769,spill,FileSystemStorage,131072,2,262634,360881,215590
1779838804.391991,spill,FileSystemStorage,131072,2,262634,260550,161844
1779838804.392586,spill,FileSystemStorage,131072,1,131317,220160,109413
1779838804.392671,spill,FileSystemStorage,131072,1,131317,159569,89940
1779838804.393603,spill,FileSystemStorage,131072,2,262634,259007,176114
1779838804.393696,spill,FileSystemStorage,131072,3,393951,467250,322473
1779838804.394377,spill,FileSystemStorage,131072,2,262634,265107,180266
1779838804.394370,spill,FileSystemStorage,131072,1,131317,226883,113362
1779838804.395246,spill,FileSystemStorage,131072,1,131317,229242,96676
1779838804.395466,spill,FileSystemStorage,131072,4,525268,610086,438664
1779838804.396478,spill,FileSystemStorage,131072,1,131317,208402,94462
1779838804.396711,spill,FileSystemStorage,131072,3,393951,475111,326743
1779838804.397411,spill,FileSystemStorage,131072,2,262634,277706,170649
1779838804.397667,spill,FileSystemStorage,131072,4,525268,583866,423715
1779838804.398042,spill,FileSystemStorage,131072,1,131317,179727,84521
1779838804.398711,spill,FileSystemStorage,131072,4,525268,575718,416227
1779838804.398815,spill,FileSystemStorage,131072,2,262634,249083,165419
1779838804.399283,spill,FileSystemStorage,131072,1,131317,233809,112034
1779838804.399595,spill,FileSystemStorage,131072,1,131317,179909,89435
1779838804.400291,spill,FileSystemStorage,131072,1,131317,204866,108008
1779838804.400295,spill,FileSystemStorage,131072,1,131317,233220,112004
1779838804.401094,spill,FileSystemStorage,131072,3,393951,357593,262436
1779838804.401157,spill,FileSystemStorage,131072,1,131317,230616,118952
1779838804.401758,spill,FileSystemStorage,131072,1,131317,178746,87003
1779838804.401970,spill,FileSystemStorage,131072,2,262634,334011,211473
1779838804.402412,spill,FileSystemStorage,131072,2,262634,246798,174831
1779838804.402786,spill,FileSystemStorage,131072,3,393951,452002,311569
1779838804.402823,spill,FileSystemStorage,131072,1,131317,179050,93023
1779838804.403359,spill,FileSystemStorage,131072,1,131317,237656,115739
1779838804.403445,spill,FileSystemStorage,131072,2,262634,256546,163191
1779838804.404324,spill,FileSystemStorage,131072,2,262634,315769,200726
1779838804.404363,spill,FileSystemStorage,131072,1,131317,231949,122177
1779838804.404870,spill,FileSystemStorage,131072,1,131317,175320,93800
1779838804.405265,spill,FileSystemStorage,131072,1,131317,162609,87952
1779838804.405302,spill,FileSystemStorage,131072,3,393951,447108,315390
1779838804.405965,spill,FileSystemStorage,131072,2,262634,273778,183051
1779838804.406041,spill,FileSystemStorage,131072,2,262634,352508,219131
1779838804.406424,spill,FileSystemStorage,131072,1,131317,189913,91082
1779838804.406892,spill,FileSystemStorage,131072,3,393951,456647,319608
1779838804.406931,spill,FileSystemStorage,131072,2,262634,277546,186471
1779838804.407494,spill,FileSystemStorage,131072,1,131317,188710,88774
1779838804.407628,spill,FileSystemStorage,131072,1,131317,236250,111590
1779838804.408044,spill,FileSystemStorage,131072,1,131317,184240,103911
1779838804.408495,spill,FileSystemStorage,131072,2,262634,382963,213364
1779838804.408521,spill,FileSystemStorage,131072,1,131317,152456,85110
1779838804.408955,spill,FileSystemStorage,131072,1,131317,194401,107302
1779838804.409126,spill,FileSystemStorage,131072,1,131317,226628,108849
1779838804.409555,spill,FileSystemStorage,131072,2,262634,312809,198954
1779838804.409995,spill,FileSystemStorage,131072,1,131317,191096,92625
1779838804.410420,spill,FileSystemStorage,131072,8,1050536,1036384,826265
1779838804.410604,spill,FileSystemStorage,131072,1,131317,189885,97572
1779838804.411217,spill,FileSystemStorage,131072,2,262634,318469,194584
1779838804.411304,spill,FileSystemStorage,131072,3,393951,509505,360762
1779838804.412155,spill,FileSystemStorage,131072,1,131317,242384,115871
1779838804.412285,spill,FileSystemStorage,131072,2,262634,295714,191257
1779838804.413347,spill,FileSystemStorage,131072,1,131317,234448,111699
1779838804.413677,spill,FileSystemStorage,131072,5,656585,573876,429310
1779838804.414108,spill,FileSystemStorage,131072,2,262634,327845,210169
1779838804.414516,spill,FileSystemStorage,131072,1,131317,278418,95077
1779838804.415032,spill,FileSystemStorage,131072,2,262634,369341,242952
1779838804.415238,spill,FileSystemStorage,131072,3,393951,420132,273566
1779838804.415864,spill,FileSystemStorage,131072,1,131317,175490,86750
1779838804.416148,spill,FileSystemStorage,131072,2,262634,346648,212227
1779838804.416555,spill,FileSystemStorage,131072,1,131317,184256,96690
1779838804.416999,spill,FileSystemStorage,131072,1,131317,237554,108383
1779838804.417465,spill,FileSystemStorage,131072,3,393951,334674,243428
1779838804.417696,spill,FileSystemStorage,131072,1,131317,215434,110381
1779838804.418069,spill,FileSystemStorage,131072,2,262634,288662,180269
1779838804.418585,spill,FileSystemStorage,131072,4,525268,573406,423862
1779838804.418629,spill,FileSystemStorage,131072,1,131317,163255,88410
1779838804.419141,spill,FileSystemStorage,131072,1,131317,198553,103709
1779838804.419260,spill,FileSystemStorage,131072,2,262634,374725,217023
1779838804.419853,spill,FileSystemStorage,131072,2,262634,252355,163928
1779838804.420209,spill,FileSystemStorage,131072,2,262634,345577,210336
1779838804.420504,spill,FileSystemStorage,131072,2,262634,248277,171134
1779838804.420860,spill,FileSystemStorage,131072,1,131317,218822,110671
1779838804.420988,spill,FileSystemStorage,131072,1,131317,164855,96807
1779838804.421319,spill,FileSystemStorage,131072,1,131317,199708,103589
1779838804.421603,spill,FileSystemStorage,131072,3,393951,350496,249026
1779838804.421982,spill,FileSystemStorage,131072,3,393951,430918,309411
1779838804.422285,spill,FileSystemStorage,131072,2,262634,291199,193710
1779838804.422579,spill,FileSystemStorage,131072,2,262634,326515,210326
1779838804.422757,spill,FileSystemStorage,131072,1,131317,176769,89759
1779838804.423240,spill,FileSystemStorage,131072,1,131317,181438,104921
1779838804.423328,spill,FileSystemStorage,131072,3,393951,491938,341222
1779838804.423683,spill,FileSystemStorage,131072,1,131317,177557,92952
1779838804.424102,spill,FileSystemStorage,131072,2,262634,339151,210889
1779838804.424626,spill,FileSystemStorage,131072,1,131317,215680,113043
1779838804.424642,spill,FileSystemStorage,131072,3,393951,354545,250003
1779838804.425186,spill,FileSystemStorage,131072,1,131317,233546,110420
1779838804.425508,spill,FileSystemStorage,131072,4,525268,459419,336552
1779838804.425792,spill,FileSystemStorage,131072,2,262634,324520,207522
1779838804.426114,spill,FileSystemStorage,131072,1,131317,197324,100127
1779838804.426347,spill,FileSystemStorage,131072,1,131317,213487,109242
1779838804.426482,spill,FileSystemStorage,131072,1,131317,154236,85441
1779838804.426841,spill,FileSystemStorage,131072,1,131317,208842,110357
1779838804.427114,spill,FileSystemStorage,131072,1,131317,218141,96946
1779838804.427622,spill,FileSystemStorage,131072,1,131317,230201,110409
1779838804.427669,spill,FileSystemStorage,131072,1,131317,160783,91905
1779838804.428210,spill,FileSystemStorage,131072,1,131317,213949,111836
1779838804.428342,spill,FileSystemStorage,131072,2,262634,263597,181494
1779838804.428800,spill,FileSystemStorage,131072,2,262634,331590,214519
1779838804.428874,spill,FileSystemStorage,131072,2,262634,272046,177445
1779838804.429328,spill,FileSystemStorage,131072,1,131317,213730,105964
1779838804.429517,spill,FileSystemStorage,131072,1,131317,183491,99126
1779838804.429867,spill,FileSystemStorage,131072,1,131317,231780,110954
1779838804.429922,spill,FileSystemStorage,131072,1,131317,162083,89047
1779838804.430293,spill,FileSystemStorage,131072,1,131317,207177,106993
1779838804.430496,spill,FileSystemStorage,131072,1,131317,169995,83994
1779838804.430829,spill,FileSystemStorage,131072,1,131317,225490,110592
1779838804.430860,spill,FileSystemStorage,131072,1,131317,164050,90376
1779838804.431329,spill,FileSystemStorage,131072,1,131317,223198,108097
1779838804.431454,spill,FileSystemStorage,131072,1,131317,194252,91678
1779838804.432019,spill,FileSystemStorage,131072,2,262634,268332,178995
1779838804.432096,spill,FileSystemStorage,131072,1,131317,218387,109307
1779838804.432623,spill,FileSystemStorage,131072,1,131317,218291,115392
1779838804.432675,spill,FileSystemStorage,131072,3,393951,390057,286620
1779838804.433118,spill,FileSystemStorage,131072,1,131317,215437,110557
1779838804.433149,spill,FileSystemStorage,131072,1,131317,183250,92435
1779838804.433648,spill,FileSystemStorage,131072,1,131317,211795,108890
1779838804.433887,spill,FileSystemStorage,131072,1,131317,170485,86651
1779838804.434307,spill,FileSystemStorage,131072,1,131317,217524,109869
1779838804.434508,spill,FileSystemStorage,131072,1,131317,156478,84646
1779838804.434821,spill,FileSystemStorage,131072,1,131317,212968,110797
1779838804.435367,spill,FileSystemStorage,131072,3,393951,397111,260916
1779838804.435638,spill,FileSystemStorage,131072,1,131317,226712,106921
1779838804.435819,spill,FileSystemStorage,131072,1,131317,176938,87905
1779838804.436130,spill,FileSystemStorage,131072,1,131317,221775,121482
1779838804.436737,spill,FileSystemStorage,131072,1,131317,213724,108848
1779838804.436964,spill,FileSystemStorage,131072,2,262634,259836,172461
1779838804.437186,spill,FileSystemStorage,131072,1,131317,206722,108991
1779838804.437366,spill,FileSystemStorage,131072,1,131317,159467,83307
1779838804.437622,spill,FileSystemStorage,131072,1,131317,196672,105200
1779838804.438030,spill,FileSystemStorage,131072,1,131317,167112,88841
1779838804.438224,spill,FileSystemStorage,131072,2,262634,326290,212771
1779838804.438389,spill,FileSystemStorage,131072,1,131317,156557,86311
1779838804.438712,spill,FileSystemStorage,131072,1,131317,227655,106679
1779838804.438963,spill,FileSystemStorage,131072,1,131317,183375,106433
1779838804.439178,spill,FileSystemStorage,131072,1,131317,241770,112716
1779838804.439667,spill,FileSystemStorage,131072,1,131317,196260,88458
1779838804.439778,spill,FileSystemStorage,131072,1,131317,228531,110454
1779838804.440253,spill,FileSystemStorage,131072,1,131317,211422,113129
1779838804.440338,spill,FileSystemStorage,131072,2,262634,262483,187491
1779838804.440724,spill,FileSystemStorage,131072,1,131317,212782,108028
1779838804.440819,spill,FileSystemStorage,131072,1,131317,202327,97756
1779838804.441138,spill,FileSystemStorage,131072,1,131317,203076,106546
1779838804.441704,spill,FileSystemStorage,131072,1,131317,214715,114461
1779838804.441830,spill,FileSystemStorage,131072,2,262634,288979,192680
1779838804.442274,spill,FileSystemStorage,131072,2,262634,322286,208305
1779838804.442719,spill,FileSystemStorage,131072,1,131317,181568,86705
1779838804.443197,spill,FileSystemStorage,131072,4,525268,602385,450290
1779838804.443356,spill,FileSystemStorage,131072,1,131317,171867,86258
1779838804.443909,spill,FileSystemStorage,131072,1,131317,237593,113165
1779838804.444054,spill,FileSystemStorage,131072,1,131317,162276,82633
1779838804.444410,spill,FileSystemStorage,131072,1,131317,221384,111150
1779838804.444465,spill,FileSystemStorage,131072,1,131317,145173,86423
1779838804.444858,spill,FileSystemStorage,131072,1,131317,221059,108418
1779838804.445085,spill,FileSystemStorage,131072,1,131317,145112,86420
1779838804.445335,spill,FileSystemStorage,131072,1,131317,210506,107458
1779838804.445730,spill,FileSystemStorage,131072,1,131317,181883,91645
1779838804.446023,spill,FileSystemStorage,131072,1,131317,217087,111888
1779838804.446441,spill,FileSystemStorage,131072,1,131317,198517,107874
1779838804.446543,spill,FileSystemStorage,131072,1,131317,152318,82814
1779838804.446995,spill,FileSystemStorage,131072,1,131317,260722,127458
1779838804.447076,spill,FileSystemStorage,131072,1,131317,218400,112205
1779838804.447788,spill,FileSystemStorage,131072,1,131317,188396,89409
1779838804.447938,spill,FileSystemStorage,131072,2,262634,373321,218454
1779838804.448357,spill,FileSystemStorage,131072,1,131317,206271,98235
1779838804.448468,spill,FileSystemStorage,131072,1,131317,221799,108368
1779838804.449030,spill,FileSystemStorage,131072,1,131317,190831,104115
1779838804.449103,spill,FileSystemStorage,131072,2,262634,339481,217469
1779838804.449552,spill,FileSystemStorage,131072,1,131317,211428,106453
1779838804.449632,spill,FileSystemStorage,131072,1,131317,167105,86474
1779838804.450055,spill,FileSystemStorage,131072,1,131317,209192,107749
1779838804.450353,spill,FileSystemStorage,131072,2,262634,257231,167830
1779838804.450496,spill,FileSystemStorage,131072,1,131317,223878,112281
1779838804.450834,spill,FileSystemStorage,131072,1,131317,183924,90785
1779838804.451025,spill,FileSystemStorage,131072,1,131317,259823,149777
1779838804.451562,spill,FileSystemStorage,131072,1,131317,180624,86398
1779838804.451622,spill,FileSystemStorage,131072,1,131317,251613,113457
1779838804.452299,spill,FileSystemStorage,131072,3,393951,433759,307709
1779838804.452508,spill,FileSystemStorage,131072,1,131317,197381,98759
1779838804.452852,spill,FileSystemStorage,131072,1,131317,227065,112638
1779838804.452984,spill,FileSystemStorage,131072,1,131317,168883,85943
1779838804.453432,spill,FileSystemStorage,131072,2,262634,322329,206276
1779838804.453742,spill,FileSystemStorage,131072,2,262634,261472,177223
1779838804.453895,spill,FileSystemStorage,131072,1,131317,214214,108323
1779838804.454403,spill,FileSystemStorage,131072,1,131317,213156,115150
1779838804.454425,spill,FileSystemStorage,131072,2,262634,270035,171377
1779838804.455020,spill,FileSystemStorage,131072,1,131317,258783,145001
1779838804.455278,spill,FileSystemStorage,131072,5,656585,612978,482837
1779838804.455976,spill,FileSystemStorage,131072,3,393951,459457,313649
1779838804.456014,spill,FileSystemStorage,131072,1,131317,178586,86177
1779838804.456438,spill,FileSystemStorage,131072,1,131317,161200,91736
1779838804.456750,spill,FileSystemStorage,131072,3,393951,445631,313194
1779838804.456962,spill,FileSystemStorage,131072,2,262634,267738,171756
1779838804.457368,spill,FileSystemStorage,131072,2,262634,350074,217169
1779838804.457461,spill,FileSystemStorage,131072,2,262634,253774,173030
1779838804.457969,spill,FileSystemStorage,131072,1,131317,162680,87671
1779838804.457964,spill,FileSystemStorage,131072,2,262634,332492,215816
1779838804.458534,spill,FileSystemStorage,131072,2,262634,268673,172664
1779838804.458576,spill,FileSystemStorage,131072,2,262634,336134,220525
1779838804.459223,spill,FileSystemStorage,131072,1,131317,253520,114767
1779838804.459486,spill,FileSystemStorage,131072,5,656585,593162,425358
1779838804.459730,spill,FileSystemStorage,131072,1,131317,223590,109688
1779838804.460409,spill,FileSystemStorage,131072,3,393951,443519,313136
1779838804.460492,spill,FileSystemStorage,131072,2,262634,288467,167542
1779838804.461044,spill,FileSystemStorage,131072,2,262634,332277,214524
1779838804.461391,spill,FileSystemStorage,131072,2,262634,254160,168824
1779838804.461653,spill,FileSystemStorage,131072,2,262634,323676,210035
1779838804.462106,spill,FileSystemStorage,131072,1,131317,166696,89949
1779838804.462441,spill,FileSystemStorage,131072,3,393951,448814,310179
1779838804.462893,spill,FileSystemStorage,131072,3,393951,364561,257421
1779838804.463032,spill,FileSystemStorage,131072,1,131317,254204,141085
1779838804.463631,spill,FileSystemStorage,131072,3,393951,384555,265586
1779838804.463728,spill,FileSystemStorage,131072,2,262634,349053,223272
1779838804.464066,spill,FileSystemStorage,131072,1,131317,167562,90826
1779838804.464177,spill,FileSystemStorage,131072,1,131317,214947,109194
1779838804.464766,spill,FileSystemStorage,131072,4,525268,447512,342257
1779838804.464968,spill,FileSystemStorage,131072,1,131317,215983,111676
1779838804.465407,spill,FileSystemStorage,131072,1,131317,223092,94891
1779838804.465599,spill,FileSystemStorage,131072,2,262634,357580,219481
1779838804.466031,spill,FileSystemStorage,131072,3,393951,358750,249250
1779838804.466210,spill,FileSystemStorage,131072,2,262634,331359,210929
1779838804.466717,spill,FileSystemStorage,131072,2,262634,262092,176919
1779838804.466729,spill,FileSystemStorage,131072,1,131317,221924,110096
1779838804.467174,spill,FileSystemStorage,131072,1,131317,212984,90223
1779838804.467478,spill,FileSystemStorage,131072,2,262634,363994,213633
1779838804.467988,spill,FileSystemStorage,131072,1,131317,247038,111538
1779838804.468148,spill,FileSystemStorage,131072,1,131317,173270,85649
1779838804.468618,spill,FileSystemStorage,131072,2,262634,335689,212609
1779838804.468776,spill,FileSystemStorage,131072,2,262634,260104,173538
1779838804.469071,spill,FileSystemStorage,131072,1,131317,205456,103575
1779838804.469386,spill,FileSystemStorage,131072,2,262634,270791,173113
1779838804.469651,spill,FileSystemStorage,131072,1,131317,211735,112218
1779838804.470000,spill,FileSystemStorage,131072,1,131317,200083,97304
1779838804.470089,spill,FileSystemStorage,131072,2,262634,242965,165060
1779838804.470510,spill,FileSystemStorage,131072,1,131317,179479,103822
1779838804.470859,spill,FileSystemStorage,131072,3,393951,361770,245335
1779838804.471043,spill,FileSystemStorage,131072,2,262634,284695,205765
1779838804.471464,spill,FileSystemStorage,131072,1,131317,191462,110997
1779838804.471504,spill,FileSystemStorage,131072,1,131317,187532,92441
1779838804.471807,spill,FileSystemStorage,131072,1,131317,150996,83834
1779838804.472087,spill,FileSystemStorage,131072,1,131317,160233,82668
1779838804.472253,spill,FileSystemStorage,131072,1,131317,176111,104897
1779838804.472523,spill,FileSystemStorage,131072,1,131317,161893,83224
1779838804.472764,spill,FileSystemStorage,131072,2,262634,267980,174448
1779838804.473424,spill,FileSystemStorage,131072,6,787902,592849,460111
1779838804.473661,spill,FileSystemStorage,131072,2,262634,261190,178985
1779838804.473898,spill,FileSystemStorage,131072,1,131317,185036,97666
1779838804.474167,spill,FileSystemStorage,131072,2,262634,253771,158124
1779838804.474540,spill,FileSystemStorage,131072,1,131317,157720,77913
1779838804.474623,spill,FileSystemStorage,131072,1,131317,199742,103351
1779838804.474942,spill,FileSystemStorage,131072,1,131317,189874,97297
1779838804.475028,spill,FileSystemStorage,131072,1,131317,188634,94801
1779838804.475894,spill,FileSystemStorage,131072,2,262634,327590,181328
1779838804.476004,spill,FileSystemStorage,131072,4,525268,459879,305609
1779838804.476372,spill,FileSystemStorage,131072,1,131317,159106,77124
1779838804.476444,spill,FileSystemStorage,131072,1,131317,169581,82253
1779838804.476867,spill,FileSystemStorage,131072,1,131317,160483,73659
1779838804.477212,spill,FileSystemStorage,131072,3,393951,348670,236084
1779838804.477220,spill,FileSystemStorage,131072,1,131317,152727,82959
1779838804.477625,spill,FileSystemStorage,131072,1,131317,182432,95176
1779838804.477811,spill,FileSystemStorage,131072,2,262634,253439,152267
1779838804.478198,spill,FileSystemStorage,131072,3,393951,315659,214702
1779838804.478231,spill,FileSystemStorage,131072,1,131317,164676,82249
1779838804.478643,spill,FileSystemStorage,131072,1,131317,169944,97280
1779838804.478840,spill,FileSystemStorage,131072,2,262634,222397,143210
1779838804.479317,spill,FileSystemStorage,131072,2,262634,248578,148423
1779838804.479344,spill,FileSystemStorage,131072,1,131317,169848,84997
1779838804.479896,spill,FileSystemStorage,131072,2,262634,274031,172560
1779838804.479993,spill,FileSystemStorage,131072,3,393951,411537,288181
1779838804.480382,spill,FileSystemStorage,131072,1,131317,169297,76755
1779838804.480617,spill,FileSystemStorage,131072,1,131317,165241,74984
1779838804.480847,spill,FileSystemStorage,131072,1,131317,180147,95951
1779838804.481126,spill,FileSystemStorage,131072,2,262634,245768,150805
1779838804.481316,spill,FileSystemStorage,131072,1,131317,137881,72862
1779838804.481674,spill,FileSystemStorage,131072,1,131317,165068,75736
1779838804.481853,spill,FileSystemStorage,131072,2,262634,279137,178022
1779838804.482210,spill,FileSystemStorage,131072,1,131317,138031,71058
1779838804.482476,spill,FileSystemStorage,131072,2,262634,235109,144743
1779838804.482752,spill,FileSystemStorage,131072,3,393951,306186,216624
1779838804.483186,spill,FileSystemStorage,131072,1,131317,173390,91664
1779838804.483415,spill,FileSystemStorage,131072,2,262634,253843,143252
1779838804.484267,spill,FileSystemStorage,131072,2,262634,251795,143813
1779838804.484368,spill,FileSystemStorage,131072,1,131317,171788,75719
1779838804.484987,spill,FileSystemStorage,131072,1,131317,186443,72129
1779838804.485598,spill,FileSystemStorage,131072,1,131317,192140,102517
1779838804.485640,spill,FileSystemStorage,131072,3,393951,339701,226701
1779838804.486229,spill,FileSystemStorage,131072,2,262634,231393,138085
1779838804.486633,spill,FileSystemStorage,131072,1,131317,169689,81406
1779838804.486724,spill,FileSystemStorage,131072,1,131317,298538,101984
1779838804.487043,spill,FileSystemStorage,131072,1,131317,189213,98772
1779838804.487327,spill,FileSystemStorage,131072,2,262634,271233,150509
1779838804.487643,spill,FileSystemStorage,131072,1,131317,157827,73980
1779838804.487773,spill,FileSystemStorage,131072,1,131317,183537,77270
1779838804.488187,spill,FileSystemStorage,131072,1,131317,169809,73793
1779838804.488449,spill,FileSystemStorage,131072,1,131317,152663,77264
1779838804.488911,spill,FileSystemStorage,131072,1,131317,206462,100567
1779838804.489324,spill,FileSystemStorage,131072,1,131317,152204,76578
1779838804.489594,spill,FileSystemStorage,131072,1,131317,159514,75686
1779838804.489949,spill,FileSystemStorage,131072,1,131317,149364,78699
1779838804.489992,spill,FileSystemStorage,131072,1,131317,158375,84287
1779838804.490430,spill,FileSystemStorage,131072,1,131317,147380,77694
1779838804.490482,spill,FileSystemStorage,131072,1,131317,152548,78155
1779838804.490860,spill,FileSystemStorage,131072,1,131317,161888,78766
1779838804.491044,spill,FileSystemStorage,131072,1,131317,186733,96956
1779838804.491038,spill,FileSystemStorage,131072,1834,240835378,203074792,169591676
1779838804.491544,spill,FileSystemStorage,131072,1,131317,186375,92040
1779838804.491637,spill,FileSystemStorage,131072,1,131317,139950,71403
1779838804.492052,spill,FileSystemStorage,131072,1,131317,169199,85693
1779838804.492105,spill,FileSystemStorage,131072,1,131317,161501,87444
1779838804.492731,spill,FileSystemStorage,131072,1,131317,156755,82858
1779838804.492773,spill,FileSystemStorage,131072,1,131317,141710,76749
1779838804.493200,spill,FileSystemStorage,131072,1,131317,151350,84432
1779838804.493217,spill,FileSystemStorage,131072,1,131317,159156,83143
1779838804.493723,spill,FileSystemStorage,131072,1,131317,195723,87497
1779838804.493967,spill,FileSystemStorage,131072,4,525268,387618,288363
1779838804.494480,spill,FileSystemStorage,131072,2,262634,329012,165316
1779838804.499268,spill,FileSystemStorage,131072,2000,262634000,211149911,171525788
1779838804.509140,spill,FileSystemStorage,131072,2,262634,321041,153909
1779838804.509226,spill,FileSystemStorage,131072,1,131317,231893,91242
1779838804.509832,spill,FileSystemStorage,131072,1,131317,236016,87986
1779838804.511301,spill,FileSystemStorage,131072,2,262634,432271,173705
1779838804.526437,spill,FileSystemStorage,131072,1,131317,247109,96307
1779838804.527288,spill,FileSystemStorage,131072,1,131317,329590,104507
1779838804.527468,spill,FileSystemStorage,131072,1,131317,573080,108153
1779838804.530258,spill,FileSystemStorage,131072,5,656585,836568,367220
1779838804.536952,spill,FileSystemStorage,131072,4,525268,544994,326146
1779838804.536988,spill,FileSystemStorage,131072,1,131317,319341,114676
1779838804.537169,spill,FileSystemStorage,131072,1,131317,249411,88820
1779838804.538184,spill,FileSystemStorage,131072,4,525268,959181,312378
1779838804.539590,spill,FileSystemStorage,131072,1,131317,263805,102493
1779838804.539995,spill,FileSystemStorage,131072,1,131317,229183,89317
1779838804.540412,spill,FileSystemStorage,131072,2,262634,353271,183111
1779838804.541147,spill,FileSystemStorage,131072,2,262634,337628,174094
1779838804.542605,spill,FileSystemStorage,131072,3,393951,412340,264720
1779838804.543286,spill,FileSystemStorage,131072,1,131317,231717,95806
1779838804.543394,spill,FileSystemStorage,131072,3,393951,613037,428792
1779838804.544255,spill,FileSystemStorage,131072,2,262634,338912,165833
1779838804.545638,spill,FileSystemStorage,131072,1,131317,220636,98628
1779838804.546302,spill,FileSystemStorage,131072,1,131317,228309,92193
1779838804.546386,spill,FileSystemStorage,131072,2,262634,343838,199534
1779838804.546943,spill,FileSystemStorage,131072,2,262634,334312,173739
1779838804.547783,spill,FileSystemStorage,131072,1,131317,245824,92935
1779838804.548036,spill,FileSystemStorage,131072,2,262634,320502,191708
1779838804.548054,spill,FileSystemStorage,131072,3,393951,410712,265043
1779838804.548290,spill,FileSystemStorage,131072,1,131317,212503,93358
1779838804.548570,spill,FileSystemStorage,131072,1,131317,201487,93102
1779838804.548580,spill,FileSystemStorage,131072,1,131317,201069,94508
1779838804.548831,spill,FileSystemStorage,131072,1,131317,196871,88004
1779838804.549059,spill,FileSystemStorage,131072,3,393951,411386,272827
1779838804.549073,spill,FileSystemStorage,131072,1,131317,171255,88919
1779838804.549265,spill,FileSystemStorage,131072,4,525268,436753,321965
1779838804.549459,spill,FileSystemStorage,131072,1,131317,147478,78996
1779838804.549637,spill,FileSystemStorage,131072,2,262634,355940,176601
1779838804.549683,spill,FileSystemStorage,131072,2,262634,309809,170966
1779838804.549970,spill,FileSystemStorage,131072,1,131317,186004,98932
1779838804.549974,spill,FileSystemStorage,131072,2,262634,294058,182619
1779838804.550269,spill,FileSystemStorage,131072,2,262634,271598,154258
1779838804.550692,spill,FileSystemStorage,131072,5,656585,541038,387915
1779838805.386548,spill,FileSystemStorage,131072,1,131317,350221,102016
1779838805.389683,spill,FileSystemStorage,131072,3,393951,2861748,2230290
1779838805.392291,spill,FileSystemStorage,131072,2,262634,1268881,174092
1779838805.393499,spill,FileSystemStorage,131072,1,131317,241999,91630
1779838805.394497,spill,FileSystemStorage,131072,2,262634,402143,191952
1779838805.395280,spill,FileSystemStorage,131072,2,262634,384710,188690
1779838805.396096,spill,FileSystemStorage,131072,3,393951,473878,274390
1779838805.397244,spill,FileSystemStorage,131072,2,262634,355921,192109
1779838805.397613,spill,FileSystemStorage,131072,1,131317,203015,95162
1779838805.398451,spill,FileSystemStorage,131072,3,393951,415338,271519
1779838805.398806,spill,FileSystemStorage,131072,4,525268,479996,333087
1779838805.399274,spill,FileSystemStorage,131072,2,262634,345490,179729
1779838805.400140,spill,FileSystemStorage,131072,2,262634,276106,177981
1779838805.400225,spill,FileSystemStorage,131072,9,1181853,967984,747515
1779838805.400971,spill,FileSystemStorage,131072,1,131317,185304,90582
1779838805.401430,spill,FileSystemStorage,131072,2,262634,289270,165834
1779838805.401762,spill,FileSystemStorage,131072,3,393951,347915,249477
1779838805.402264,spill,FileSystemStorage,131072,4,525268,450650,325348
1779838805.402738,spill,FileSystemStorage,131072,4,525268,458208,339569
1779838805.403181,spill,FileSystemStorage,131072,3,393951,507698,303190
1779838805.403303,spill,FileSystemStorage,131072,1,131317,197902,86626
1779838805.403726,spill,FileSystemStorage,131072,1,131317,218211,104189
1779838805.404380,spill,FileSystemStorage,131072,2,262634,270328,165378
1779838805.404548,spill,FileSystemStorage,131072,1,131317,187345,87126
1779838805.405539,spill,FileSystemStorage,131072,5,656585,553141,412847
1779838805.405692,spill,FileSystemStorage,131072,1,131317,278547,121615
1779838805.406348,spill,FileSystemStorage,131072,4,525268,445608,324109
1779838805.406400,spill,FileSystemStorage,131072,1,131317,201960,95714
1779838805.406830,spill,FileSystemStorage,131072,2,262634,260800,165839
1779838805.407392,spill,FileSystemStorage,131072,4,525268,508920,347080
1779838805.407405,spill,FileSystemStorage,131072,1,131317,205296,96258
1779838805.411860,spill,FileSystemStorage,131072,2,262634,4140697,176314
1779838805.412346,spill,FileSystemStorage,131072,1,131317,241253,97050
1779838805.417751,spill,FileSystemStorage,131072,3,393951,467796,270485
1779838805.417964,spill,FileSystemStorage,131072,4,525268,501454,341846
1779838805.420315,spill,FileSystemStorage,131072,1,131317,239537,100195
1779838805.420483,spill,FileSystemStorage,131072,2,262634,749169,209042
1779838805.420991,spill,FileSystemStorage,131072,1,131317,208512,97463
1779838805.421340,spill,FileSystemStorage,131072,1,131317,233820,101254
1779838805.421662,spill,FileSystemStorage,131072,2,262634,285342,180040
1779838805.422342,spill,FileSystemStorage,131072,2,262634,295360,171237
1779838805.422753,spill,FileSystemStorage,131072,2,262634,317843,188318
1779838805.422843,spill,FileSystemStorage,131072,2,262634,268961,178299
1779838805.423381,spill,FileSystemStorage,131072,1,131317,179388,90911
1779838805.423485,spill,FileSystemStorage,131072,1,131317,294880,111318
1779838805.424959,spill,FileSystemStorage,131072,2,262634,304261,182953
1779838805.425084,spill,FileSystemStorage,131072,2,262634,290403,186365
1779838805.425782,spill,FileSystemStorage,131072,3,393951,397882,251635
1779838805.425909,spill,FileSystemStorage,131072,3,393951,376216,265897
1779838805.426385,spill,FileSystemStorage,131072,1,131317,173267,95021
1779838805.426421,spill,FileSystemStorage,131072,2,262634,282613,179965
1779838805.426945,spill,FileSystemStorage,131072,1,131317,190876,109808
1779838805.427217,spill,FileSystemStorage,131072,4,525268,521965,391524
1779838805.427413,spill,FileSystemStorage,131072,1,131317,170816,87818
1779838805.427767,spill,FileSystemStorage,131072,1,131317,183746,87600
1779838805.428071,spill,FileSystemStorage,131072,2,262634,274550,180576
1779838805.428502,spill,FileSystemStorage,131072,1,131317,178675,92655
1779838805.428732,spill,FileSystemStorage,131072,5,656585,603915,448066
1779838805.429177,spill,FileSystemStorage,131072,1,131317,161890,85095
1779838805.429318,spill,FileSystemStorage,131072,1,131317,179016,89126
1779838805.429977,spill,FileSystemStorage,131072,1,131317,196964,94277
1779838805.429998,spill,FileSystemStorage,131072,2,262634,278483,174327
1779838805.430496,spill,FileSystemStorage,131072,1,131317,192968,102518
1779838805.431300,spill,FileSystemStorage,131072,4,525268,502933,392916
1779838805.431534,spill,FileSystemStorage,131072,12,1575804,1273230,1066258
1779838805.432325,spill,FileSystemStorage,131072,1,131317,244077,103549
1779838805.432926,spill,FileSystemStorage,131072,1,131317,189303,97243
1779838805.432925,spill,FileSystemStorage,131072,5,656585,577195,402492
1779838805.433659,spill,FileSystemStorage,131072,1,131317,179691,92964
1779838805.433744,spill,FileSystemStorage,131072,2,262634,320269,198121
1779838805.434520,spill,FileSystemStorage,131072,3,393951,375133,262178
1779838805.434703,spill,FileSystemStorage,131072,4,525268,471534,346533
1779838805.435035,spill,FileSystemStorage,131072,1,131317,218209,128361
1779838805.435818,spill,FileSystemStorage,131072,2,262634,418679,172855
1779838805.436697,spill,FileSystemStorage,131072,1,131317,401126,88932
1779838805.436991,spill,FileSystemStorage,131072,4,525268,639645,335709
1779838805.437746,spill,FileSystemStorage,131072,1,131317,175254,91877
1779838805.437888,spill,FileSystemStorage,131072,6,787902,627235,489950
1779838805.438431,spill,FileSystemStorage,131072,2,262634,279842,176611
1779838805.438648,spill,FileSystemStorage,131072,1,131317,211980,98367
1779838805.439072,spill,FileSystemStorage,131072,2,262634,312558,219611
1779838805.439455,spill,FileSystemStorage,131072,3,393951,361396,254267
1779838805.439619,spill,FileSystemStorage,131072,2,262634,260791,165518
1779838805.439914,spill,FileSystemStorage,131072,1,131317,185300,93420
1779838805.440030,spill,FileSystemStorage,131072,1,131317,174901,92513
1779838805.440596,spill,FileSystemStorage,131072,2,262634,263204,183050
1779838805.440634,spill,FileSystemStorage,131072,2,262634,404240,220136
1779838805.441210,spill,FileSystemStorage,131072,1,131317,174812,96308
1779838805.441467,spill,FileSystemStorage,131072,1,131317,217514,102749
1779838805.441756,spill,FileSystemStorage,131072,1,131317,164761,87628
1779838805.441980,spill,FileSystemStorage,131072,1,131317,189294,100349
1779838805.442220,spill,FileSystemStorage,131072,1,131317,166680,91271
1779838805.442642,spill,FileSystemStorage,131072,1,131317,227213,97783
1779838805.442653,spill,FileSystemStorage,131072,1,131317,161814,94532
1779838805.443211,spill,FileSystemStorage,131072,1,131317,208572,99426
1779838805.443219,spill,FileSystemStorage,131072,1,131317,193488,95742
1779838805.443673,spill,FileSystemStorage,131072,1,131317,177845,101588
1779838805.443853,spill,FileSystemStorage,131072,2,262634,286560,192696
1779838805.444338,spill,FileSystemStorage,131072,1,131317,170109,89401
1779838805.444501,spill,FileSystemStorage,131072,4,525268,465123,348602
1779838805.444720,spill,FileSystemStorage,131072,1,131317,154440,89850
1779838805.445016,spill,FileSystemStorage,131072,1,131317,173445,97560
1779838805.445234,spill,FileSystemStorage,131072,1,131317,195320,122026
1779838805.445462,spill,FileSystemStorage,131072,1,131317,173331,90530
1779838805.445750,spill,FileSystemStorage,131072,1,131317,198293,94297
1779838805.445801,spill,FileSystemStorage,131072,1,131317,152323,86627
1779838805.446156,spill,FileSystemStorage,131072,1,131317,161658,89494
1779838805.446233,spill,FileSystemStorage,131072,1,131317,170792,91109
1779838805.446660,spill,FileSystemStorage,131072,2,262634,276089,179882
1779838805.446747,spill,FileSystemStorage,131072,2,262634,259145,179738
1779838805.447200,spill,FileSystemStorage,131072,2,262634,316719,202711
1779838805.447347,spill,FileSystemStorage,131072,2,262634,296408,184774
1779838805.447638,spill,FileSystemStorage,131072,1,131317,195667,98133
1779838805.448045,spill,FileSystemStorage,131072,2,262634,368188,191613
1779838805.448115,spill,FileSystemStorage,131072,2,262634,247018,170031
1779838805.448647,spill,FileSystemStorage,131072,1,131317,165096,90684
1779838805.448882,spill,FileSystemStorage,131072,2,262634,278880,177633
1779838805.449152,spill,FileSystemStorage,131072,1,131317,195910,107140
1779838805.449836,spill,FileSystemStorage,131072,1,131317,265544,107329
1779838805.449935,spill,FileSystemStorage,131072,4,525268,535811,343149
1779838805.450434,spill,FileSystemStorage,131072,1,131317,195698,100250
1779838805.450890,spill,FileSystemStorage,131072,1,131317,206225,94366
1779838805.451123,spill,FileSystemStorage,131072,1,131317,253799,103089
1779838805.451638,spill,FileSystemStorage,131072,2,262634,290066,174631
1779838805.451907,spill,FileSystemStorage,131072,2,262634,300430,183454
1779838805.452581,spill,FileSystemStorage,131072,1,131317,182439,90370
1779838805.452803,spill,FileSystemStorage,131072,2,262634,348410,196437
1779838805.453282,spill,FileSystemStorage,131072,1,131317,172918,88752
1779838805.453364,spill,FileSystemStorage,131072,1,131317,199547,98001
1779838805.454582,spill,FileSystemStorage,131072,1,131317,297609,93888
1779838805.454690,spill,FileSystemStorage,131072,2,262634,497660,187235
1779838805.455258,spill,FileSystemStorage,131072,2,262634,291840,167947
1779838805.455541,spill,FileSystemStorage,131072,1,131317,442773,93634
1779838805.456926,spill,FileSystemStorage,131072,1,131317,424869,90617
1779838805.456994,spill,FileSystemStorage,131072,2,262634,498772,167349
1779838805.457754,spill,FileSystemStorage,131072,1,131317,200017,92217
1779838805.457846,spill,FileSystemStorage,131072,1,131317,154409,86303
1779838805.458786,spill,FileSystemStorage,131072,1,131317,189874,99245
1779838805.458946,spill,FileSystemStorage,131072,2,262634,273186,183208
1779838805.459771,spill,FileSystemStorage,131072,2,262634,325622,186543
1779838805.460034,spill,FileSystemStorage,131072,2,262634,273973,174569
1779838805.460907,spill,FileSystemStorage,131072,1,131317,178858,96141
1779838805.461076,spill,FileSystemStorage,131072,2,262634,258659,170449
1779838805.461707,spill,FileSystemStorage,131072,1,131317,242586,92401
1779838805.461967,spill,FileSystemStorage,131072,1,131317,200561,91815
1779838805.462141,spill,FileSystemStorage,131072,1,131317,174464,87313
1779838805.462574,spill,FileSystemStorage,131072,1,131317,166748,94837
1779838805.462946,spill,FileSystemStorage,131072,1,131317,201225,106537
1779838805.463031,spill,FileSystemStorage,131072,1,131317,211796,125840
1779838805.463429,spill,FileSystemStorage,131072,1,131317,163243,86794
1779838805.464123,spill,FileSystemStorage,131072,1,131317,387945,96475
1779838805.464251,spill,FileSystemStorage,131072,2,262634,313376,186775
1779838805.464628,spill,FileSystemStorage,131072,1,131317,180809,87239
1779838805.464694,spill,FileSystemStorage,131072,1,131317,197008,95308
1779838805.465153,spill,FileSystemStorage,131072,2,262634,252158,163219
1779838805.465373,spill,FileSystemStorage,131072,2,262634,284440,187532
1779838805.465770,spill,FileSystemStorage,131072,1,131317,173160,91739
1779838805.465826,spill,FileSystemStorage,131072,2,262634,263318,173988
1779838805.466360,spill,FileSystemStorage,131072,1,131317,154273,87573
1779838805.466591,spill,FileSystemStorage,131072,1,131317,159784,90010
1779838805.467026,spill,FileSystemStorage,131072,1,131317,191354,123421
1779838805.467076,spill,FileSystemStorage,131072,2,262634,305752,218339
1779838805.468282,spill,FileSystemStorage,131072,1,131317,447687,92984
1779838805.468351,spill,FileSystemStorage,131072,2,262634,572989,168824
1779838805.469278,spill,FileSystemStorage,131072,2,262634,295674,176001
1779838805.469531,spill,FileSystemStorage,131072,2,262634,248477,160841
1779838805.470207,spill,FileSystemStorage,131072,1,131317,167301,91852
1779838805.470519,spill,FileSystemStorage,131072,2,262634,267712,170722
1779838805.470868,spill,FileSystemStorage,131072,2,262634,259391,171926
1779838805.471183,spill,FileSystemStorage,131072,2,262634,281232,169375
1779838805.471630,spill,FileSystemStorage,131072,1,131317,167234,83665
1779838805.471961,spill,FileSystemStorage,131072,1,131317,155326,80341
1779838805.472436,spill,FileSystemStorage,131072,1,131317,170034,83174
1779838805.472790,spill,FileSystemStorage,131072,1,131317,188131,93275
1779838805.473421,spill,FileSystemStorage,131072,1,131317,157460,88053
1779838805.473789,spill,FileSystemStorage,131072,2,262634,238626,159227
1779838805.474491,spill,FileSystemStorage,131072,2,262634,284684,179706
1779838805.475084,spill,FileSystemStorage,131072,4,525268,471538,373702
1779838805.475112,spill,FileSystemStorage,131072,2,262634,314839,221115
1779838805.476281,spill,FileSystemStorage,131072,1,131317,296924,90144
1779838805.476382,spill,FileSystemStorage,131072,2,262634,460376,186482
1779838805.476830,spill,FileSystemStorage,131072,1,131317,281029,94690
1779838805.477323,spill,FileSystemStorage,131072,2,262634,446726,167746
1779838805.477650,spill,FileSystemStorage,131072,1,131317,298030,90355
1779838805.478000,spill,FileSystemStorage,131072,2,262634,402248,168669
1779838805.478082,spill,FileSystemStorage,131072,1,131317,162825,85890
1779838805.478616,spill,FileSystemStorage,131072,1,131317,177841,90180
1779838805.479012,spill,FileSystemStorage,131072,2,262634,292327,203760
1779838805.479043,spill,FileSystemStorage,131072,1,131317,207131,115911
1779838805.480435,spill,FileSystemStorage,131072,3,393951,492210,259769
1779838805.480593,spill,FileSystemStorage,131072,5,656585,714997,411269
1779838805.481327,spill,FileSystemStorage,131072,2,262634,261152,163021
1779838805.559447,spill,FileSystemStorage,131072,1834,240835378,171708926,148312314
1779838805.580366,spill,FileSystemStorage,131072,2000,262634000,193584275,163506343
1779838810.750363,restore,FileSystemStorage,131072,1,131317,738179,632296
1779838810.755039,restore,FileSystemStorage,131072,1,131317,359352,276539
1779838810.760058,restore,FileSystemStorage,131072,1,131317,1055518,969569
1779838810.764915,restore,FileSystemStorage,131072,1,131317,993658,910429
1779838810.769222,restore,FileSystemStorage,131072,1,131317,609371,524675
1779838810.773611,restore,FileSystemStorage,131072,1,131317,683539,603154
1779838810.777108,restore,FileSystemStorage,131072,1,131317,413778,337206
1779838810.780862,restore,FileSystemStorage,131072,1,131317,433222,385093
1779838810.784581,restore,FileSystemStorage,131072,1,131317,274745,199864
1779838810.788723,restore,FileSystemStorage,131072,1,131317,451569,377217
1779838810.792490,restore,FileSystemStorage,131072,1,131317,291774,213475
1779838810.794885,restore,FileSystemStorage,131072,1,131317,204648,159712
1779838810.798214,restore,FileSystemStorage,131072,1,131317,186367,149886
1779838810.802315,restore,FileSystemStorage,131072,1,131317,297581,217105
1779838810.805111,restore,FileSystemStorage,131072,1,131317,284830,201182
1779838810.808428,restore,FileSystemStorage,131072,1,131317,278586,203896
1779838810.812288,restore,FileSystemStorage,131072,1,131317,727977,649201
1779838810.814642,restore,FileSystemStorage,131072,1,131317,233319,174010
1779838810.817801,restore,FileSystemStorage,131072,1,131317,286011,210491
1779838810.821365,restore,FileSystemStorage,131072,1,131317,567914,521837
1779838810.824908,restore,FileSystemStorage,131072,1,131317,295995,215604
1779838810.827804,restore,FileSystemStorage,131072,1,131317,287760,206341
1779838810.830953,restore,FileSystemStorage,131072,1,131317,228224,178501
1779838810.834609,restore,FileSystemStorage,131072,1,131317,310076,225173
1779838810.838601,restore,FileSystemStorage,131072,1,131317,390842,341289
1779838810.842740,restore,FileSystemStorage,131072,1,131317,406104,362391
1779838810.844881,restore,FileSystemStorage,131072,1,131317,227008,182131
1779838810.848223,restore,FileSystemStorage,131072,1,131317,787943,701129
1779838810.850156,restore,FileSystemStorage,131072,1,131317,275120,209121
1779838810.851474,restore,FileSystemStorage,131072,1,131317,248141,200538
1779838810.852833,restore,FileSystemStorage,131072,1,131317,246839,184282
1779838810.855213,restore,FileSystemStorage,131072,1,131317,439973,402017
1779838810.859898,restore,FileSystemStorage,131072,1,131317,1020524,945215
1779838810.864000,restore,FileSystemStorage,131072,1,131317,517619,423226
1779838810.868368,restore,FileSystemStorage,131072,1,131317,709649,626595
1779838810.873648,restore,FileSystemStorage,131072,1,131317,654353,584812
1779838810.879838,restore,FileSystemStorage,131072,1,131317,989926,902074
1779838810.885221,restore,FileSystemStorage,131072,1,131317,918559,836801
1779838810.890475,restore,FileSystemStorage,131072,1,131317,617460,541687
1779838810.896568,restore,FileSystemStorage,131072,1,131317,983967,904480
1779838810.901422,restore,FileSystemStorage,131072,1,131317,632851,556396
1779838810.906849,restore,FileSystemStorage,131072,1,131317,444276,371529
1779838810.911919,restore,FileSystemStorage,131072,1,131317,852577,770310
1779838810.916843,restore,FileSystemStorage,131072,1,131317,626330,553351
1779838810.922054,restore,FileSystemStorage,131072,1,131317,440458,367275
1779838810.927448,restore,FileSystemStorage,131072,1,131317,1075083,989630
1779838810.933237,restore,FileSystemStorage,131072,1,131317,848264,760374
1779838810.937021,restore,FileSystemStorage,131072,1,131317,598002,516360
1779838810.941891,restore,FileSystemStorage,131072,1,131317,617294,540498
1779838810.944977,restore,FileSystemStorage,131072,1,131317,248903,199255
1779838810.948529,restore,FileSystemStorage,131072,1,131317,588382,511296
1779838810.950105,restore,FileSystemStorage,131072,1,131317,226486,170300
1779838810.951624,restore,FileSystemStorage,131072,1,131317,249097,205266
1779838810.953152,restore,FileSystemStorage,131072,1,131317,201692,165026
1779838810.956165,restore,FileSystemStorage,131072,1,131317,658873,578806
1779838810.961276,restore,FileSystemStorage,131072,1,131317,710368,637950
1779838810.966130,restore,FileSystemStorage,131072,1,131317,599802,518970
1779838810.971782,restore,FileSystemStorage,131072,1,131317,901979,802944
1779838810.976474,restore,FileSystemStorage,131072,1,131317,634163,551573
1779838810.981303,restore,FileSystemStorage,131072,1,131317,432808,358163
1779838810.985454,restore,FileSystemStorage,131072,1,131317,474788,400605
1779838810.990083,restore,FileSystemStorage,131072,1,131317,781824,708330
1779838810.994861,restore,FileSystemStorage,131072,1,131317,288434,213536
1779838810.999750,restore,FileSystemStorage,131072,1,131317,683101,634479
1779838811.003360,restore,FileSystemStorage,131072,1,131317,509989,472271
1779838811.005084,restore,FileSystemStorage,131072,1,131317,240773,201615
1779838811.009247,restore,FileSystemStorage,131072,1,131317,580760,545751
1779838811.014482,restore,FileSystemStorage,131072,1,131317,586762,549583
1779838811.017437,restore,FileSystemStorage,131072,1,131317,586511,554164
1779838811.021335,restore,FileSystemStorage,131072,1,131317,340897,262521
1779838811.024363,restore,FileSystemStorage,131072,1,131317,929990,850958
1779838811.028259,restore,FileSystemStorage,131072,1,131317,936856,856611
1779838811.030755,restore,FileSystemStorage,131072,1,131317,255675,186170
1779838811.033792,restore,FileSystemStorage,131072,1,131317,284351,212507
1779838811.036353,restore,FileSystemStorage,131072,1,131317,562267,476966
1779838811.038406,restore,FileSystemStorage,131072,1,131317,232377,175641
1779838811.041664,restore,FileSystemStorage,131072,1,131317,200673,166526
1779838811.044888,restore,FileSystemStorage,131072,1,131317,270527,196253
1779838811.047918,restore,FileSystemStorage,131072,1,131317,987286,936217
1779838811.052297,restore,FileSystemStorage,131072,1,131317,873030,782931
1779838811.055706,restore,FileSystemStorage,131072,1,131317,294395,217459
1779838811.059035,restore,FileSystemStorage,131072,1,131317,245317,202241
1779838811.061967,restore,FileSystemStorage,131072,1,131317,194765,166643
1779838811.065912,restore,FileSystemStorage,131072,1,131317,307980,230117
1779838811.069296,restore,FileSystemStorage,131072,1,131317,215815,175050
1779838811.072388,restore,FileSystemStorage,131072,1,131317,451289,380149
1779838811.075657,restore,FileSystemStorage,131072,1,131317,260559,191429
1779838811.079808,restore,FileSystemStorage,131072,1,131317,576357,533271
1779838811.084124,restore,FileSystemStorage,131072,1,131317,398215,362365
1779838811.088975,restore,FileSystemStorage,131072,1,131317,684224,608130
1779838811.094253,restore,FileSystemStorage,131072,1,131317,425622,353704
1779838811.098600,restore,FileSystemStorage,131072,1,131317,412104,368113
1779838811.102782,restore,FileSystemStorage,131072,1,131317,197592,167257
1779838811.106649,restore,FileSystemStorage,131072,1,131317,271248,195895
1779838811.110433,restore,FileSystemStorage,131072,1,131317,321437,227242
1779838811.114766,restore,FileSystemStorage,131072,1,131317,275036,203520
1779838811.118120,restore,FileSystemStorage,131072,1,131317,242763,200794
1779838811.122583,restore,FileSystemStorage,131072,1,131317,269269,198541
1779838811.126024,restore,FileSystemStorage,131072,1,131317,268630,197566
1779838811.130303,restore,FileSystemStorage,131072,1,131317,282148,212482
1779838811.133907,restore,FileSystemStorage,131072,1,131317,277031,205858
1779838811.137290,restore,FileSystemStorage,131072,1,131317,286716,206488
1779838811.141030,restore,FileSystemStorage,131072,1,131317,282807,210356
1779838811.144236,restore,FileSystemStorage,131072,1,131317,281058,208750
1779838811.147245,restore,FileSystemStorage,131072,1,131317,224769,179972
1779838811.149580,restore,FileSystemStorage,131072,1,131317,203191,167164
1779838811.153433,restore,FileSystemStorage,131072,1,131317,264816,193270
1779838811.156115,restore,FileSystemStorage,131072,1,131317,274664,203087
1779838811.159763,restore,FileSystemStorage,131072,1,131317,230807,180700
1779838811.164161,restore,FileSystemStorage,131072,1,131317,274070,203426
1779838811.167220,restore,FileSystemStorage,131072,1,131317,211503,171044
1779838811.171191,restore,FileSystemStorage,131072,1,131317,223422,168690
1779838811.174685,restore,FileSystemStorage,131072,1,131317,182179,153857
1779838811.178481,restore,FileSystemStorage,131072,1,131317,181938,156364
1779838811.182451,restore,FileSystemStorage,131072,1,131317,201876,166535
1779838811.186270,restore,FileSystemStorage,131072,1,131317,269800,196525
1779838811.189930,restore,FileSystemStorage,131072,1,131317,277656,206977
1779838811.193762,restore,FileSystemStorage,131072,1,131317,259990,189441
1779838811.196586,restore,FileSystemStorage,131072,1,131317,304983,219968
1779838811.200189,restore,FileSystemStorage,131072,1,131317,272989,197758
1779838811.203645,restore,FileSystemStorage,131072,1,131317,300172,223859
1779838811.207301,restore,FileSystemStorage,131072,1,131317,278192,215275
1779838811.211689,restore,FileSystemStorage,131072,1,131317,310474,227524
1779838811.215289,restore,FileSystemStorage,131072,1,131317,242266,190511
1779838811.219005,restore,FileSystemStorage,131072,1,131317,221260,186293
1779838811.223365,restore,FileSystemStorage,131072,1,131317,289136,211157
1779838811.227651,restore,FileSystemStorage,131072,1,131317,283836,212459
1779838811.230944,restore,FileSystemStorage,131072,1,131317,211642,171561
1779838811.234182,restore,FileSystemStorage,131072,1,131317,198073,163144
1779838811.238574,restore,FileSystemStorage,131072,1,131317,271037,199926
1779838811.242002,restore,FileSystemStorage,131072,1,131317,222050,176833
1779838811.245669,restore,FileSystemStorage,131072,1,131317,208529,173283
1779838811.249243,restore,FileSystemStorage,131072,1,131317,271060,200333
1779838811.253384,restore,FileSystemStorage,131072,1,131317,408466,335674
1779838811.257646,restore,FileSystemStorage,131072,1,131317,249176,198131
1779838811.262453,restore,FileSystemStorage,131072,1,131317,311195,240975
1779838811.267510,restore,FileSystemStorage,131072,1,131317,844375,788869
1779838811.273052,restore,FileSystemStorage,131072,1,131317,882826,805611
1779838811.278476,restore,FileSystemStorage,131072,1,131317,652998,577323
1779838811.284069,restore,FileSystemStorage,131072,1,131317,1120310,1016594
1779838811.288629,restore,FileSystemStorage,131072,1,131317,944358,862654
1779838811.293335,restore,FileSystemStorage,131072,1,131317,615565,543692
1779838811.297027,restore,FileSystemStorage,131072,1,131317,733465,662091
1779838811.302666,restore,FileSystemStorage,131072,1,131317,687940,615896
1779838811.307092,restore,FileSystemStorage,131072,1,131317,485270,409092
1779838811.311273,restore,FileSystemStorage,131072,1,131317,335449,233678
1779838811.313046,restore,FileSystemStorage,131072,1,131317,225181,179060
1779838811.314119,restore,FileSystemStorage,131072,1,131317,234950,202571
1779838811.316094,restore,FileSystemStorage,131072,1,131317,226574,196268
1779838811.319278,restore,FileSystemStorage,131072,1,131317,230737,186411
1779838811.322549,restore,FileSystemStorage,131072,1,131317,181988,152085
1779838811.327357,restore,FileSystemStorage,131072,1,131317,635610,554565
1779838811.331952,restore,FileSystemStorage,131072,1,131317,920148,840338
1779838811.336314,restore,FileSystemStorage,131072,1,131317,552150,472396
1779838811.341130,restore,FileSystemStorage,131072,1,131317,496760,419477
1779838811.345126,restore,FileSystemStorage,131072,1,131317,703992,659749
1779838811.349972,restore,FileSystemStorage,131072,1,131317,606534,528157
1779838811.358749,restore,FileSystemStorage,131072,1,131317,286777,214703
1779838816.902356,spill,FileSystemStorage,262144,1,262389,381577,186795
1779838816.902433,spill,FileSystemStorage,262144,3,787167,699504,456998
1779838816.903670,spill,FileSystemStorage,262144,3,787167,805859,584089
1779838816.903719,spill,FileSystemStorage,262144,2,524778,605337,404038
1779838816.904890,spill,FileSystemStorage,262144,1,262389,323848,201777
1779838816.905828,spill,FileSystemStorage,262144,2,524778,549332,399228
1779838816.906086,spill,FileSystemStorage,262144,8,2099112,1625385,1379275
1779838816.908360,spill,FileSystemStorage,262144,1,262389,2152395,203495
1779838816.908745,spill,FileSystemStorage,262144,3,787167,2304465,471240
1779838816.909355,spill,FileSystemStorage,262144,1,262389,292056,180895
1779838816.909670,spill,FileSystemStorage,262144,2,524778,444876,300935
1779838816.910118,spill,FileSystemStorage,262144,1,262389,297666,167809
1779838816.910466,spill,FileSystemStorage,262144,2,524778,605972,313493
1779838816.910566,spill,FileSystemStorage,262144,1,262389,340803,189165
1779838816.910717,spill,FileSystemStorage,262144,1,262389,279551,173572
1779838816.911214,spill,FileSystemStorage,262144,1,262389,344545,181477
1779838816.911283,spill,FileSystemStorage,262144,1,262389,316837,173248
1779838816.911865,spill,FileSystemStorage,262144,2,524778,415319,300275
1779838816.912433,spill,FileSystemStorage,262144,1,262389,302932,197364
1779838816.912460,spill,FileSystemStorage,262144,1,262389,320029,189117
1779838816.912544,spill,FileSystemStorage,262144,1,262389,298210,184519
1779838816.913108,spill,FileSystemStorage,262144,1,262389,283260,193384
1779838816.913152,spill,FileSystemStorage,262144,1,262389,292142,194058
1779838816.913218,spill,FileSystemStorage,262144,1,262389,295589,176494
1779838816.913671,spill,FileSystemStorage,262144,1,262389,267754,171086
1779838816.913706,spill,FileSystemStorage,262144,1,262389,270433,189943
1779838816.913939,spill,FileSystemStorage,262144,2,524778,441063,307994
1779838816.914253,spill,FileSystemStorage,262144,1,262389,254904,166808
1779838816.914384,spill,FileSystemStorage,262144,2,524778,438753,341594
1779838816.914538,spill,FileSystemStorage,262144,1,262389,341925,163566
1779838816.914772,spill,FileSystemStorage,262144,1,262389,223534,148152
1779838816.915108,spill,FileSystemStorage,262144,1,262389,323071,218716
1779838816.915234,spill,FileSystemStorage,262144,2,524778,494326,365199
1779838816.915482,spill,FileSystemStorage,262144,2,524778,445365,336408
1779838816.915636,spill,FileSystemStorage,262144,1,262389,260426,163317
1779838816.915900,spill,FileSystemStorage,262144,1,262389,249346,148591
1779838816.916299,spill,FileSystemStorage,262144,1,262389,274654,186283
1779838816.916407,spill,FileSystemStorage,262144,2,524778,443407,338593
1779838816.916565,spill,FileSystemStorage,262144,1,262389,271706,153536
1779838816.916808,spill,FileSystemStorage,262144,1,262389,251127,162911
1779838816.917023,spill,FileSystemStorage,262144,1,262389,287278,187042
1779838816.917490,spill,FileSystemStorage,262144,3,787167,638385,517625
1779838816.917548,spill,FileSystemStorage,262144,1,262389,279630,192960
1779838816.917675,spill,FileSystemStorage,262144,2,524778,504983,367276
1779838816.918136,spill,FileSystemStorage,262144,1,262389,292455,185990
1779838816.918181,spill,FileSystemStorage,262144,1,262389,274295,188961
1779838816.918556,spill,FileSystemStorage,262144,2,524778,480060,349962
1779838816.918883,spill,FileSystemStorage,262144,2,524778,490800,371727
1779838816.918965,spill,FileSystemStorage,262144,2,524778,498967,390137
1779838816.919119,spill,FileSystemStorage,262144,1,262389,327117,214880
1779838816.919699,spill,FileSystemStorage,262144,1,262389,267347,169353
1779838816.920015,spill,FileSystemStorage,262144,1,262389,297330,180106
1779838816.920022,spill,FileSystemStorage,262144,2,524778,484418,356453
1779838816.920386,spill,FileSystemStorage,262144,2,524778,456030,352125
1779838816.920688,spill,FileSystemStorage,262144,1,262389,294349,179145
1779838816.920688,spill,FileSystemStorage,262144,1,262389,389181,190164
1779838816.921553,spill,FileSystemStorage,262144,2,524778,462728,336186
1779838816.921730,spill,FileSystemStorage,262144,3,787167,666716,535451
1779838816.921779,spill,FileSystemStorage,262144,4,1049556,850696,704407
1779838816.922055,spill,FileSystemStorage,262144,1,262389,265153,176152
1779838816.922254,spill,FileSystemStorage,262144,1,262389,271119,171577
1779838816.922376,spill,FileSystemStorage,262144,1,262389,271297,171746
1779838816.922723,spill,FileSystemStorage,262144,2,524778,444693,336408
1779838816.923198,spill,FileSystemStorage,262144,2,524778,573553,411587
1779838816.923384,spill,FileSystemStorage,262144,1,262389,353472,196652
1779838816.923527,spill,FileSystemStorage,262144,4,1049556,1003395,789686
1779838816.924001,spill,FileSystemStorage,262144,1,262389,289799,178726
1779838816.924328,spill,FileSystemStorage,262144,3,787167,691202,519585
1779838816.924630,spill,FileSystemStorage,262144,3,787167,748607,581953
1779838816.924729,spill,FileSystemStorage,262144,2,524778,483779,364887
1779838816.925031,spill,FileSystemStorage,262144,2,524778,447991,336469
1779838816.925317,spill,FileSystemStorage,262144,1,262389,287723,184731
1779838816.925453,spill,FileSystemStorage,262144,2,524778,514715,392984
1779838816.925735,spill,FileSystemStorage,262144,2,524778,428704,330505
1779838816.925812,spill,FileSystemStorage,262144,1,262389,262937,172905
1779838816.926039,spill,FileSystemStorage,262144,1,262389,296312,182993
1779838816.926482,spill,FileSystemStorage,262144,1,262389,333403,183172
1779838816.926733,spill,FileSystemStorage,262144,2,524778,428587,331456
1779838816.926750,spill,FileSystemStorage,262144,1,262389,307247,195895
1779838816.927073,spill,FileSystemStorage,262144,1,262389,319314,211544
1779838816.927306,spill,FileSystemStorage,262144,1,262389,304801,178386
1779838816.927397,spill,FileSystemStorage,262144,1,262389,303095,200439
1779838816.927728,spill,FileSystemStorage,262144,1,262389,286963,175638
1779838816.927875,spill,FileSystemStorage,262144,1,262389,288050,165460
1779838816.928489,spill,FileSystemStorage,262144,2,524778,498328,387864
1779838816.928616,spill,FileSystemStorage,262144,2,524778,456668,347187
1779838816.928861,spill,FileSystemStorage,262144,2,524778,516837,356940
1779838816.929085,spill,FileSystemStorage,262144,1,262389,245562,166578
1779838816.929495,spill,FileSystemStorage,262144,2,524778,519525,410782
1779838816.929770,spill,FileSystemStorage,262144,2,524778,629717,332528
1779838816.930096,spill,FileSystemStorage,262144,2,524778,422738,329919
1779838816.930308,spill,FileSystemStorage,262144,1,262389,298796,200670
1779838816.930382,spill,FileSystemStorage,262144,1,262389,264947,182631
1779838816.930586,spill,FileSystemStorage,262144,1,262389,258370,166261
1779838816.930871,spill,FileSystemStorage,262144,1,262389,286828,194051
1779838816.931192,spill,FileSystemStorage,262144,2,524778,523496,394754
1779838816.931270,spill,FileSystemStorage,262144,2,524778,480548,388034
1779838816.931454,spill,FileSystemStorage,262144,1,262389,285483,186036
1779838816.932065,spill,FileSystemStorage,262144,2,524778,490831,352161
1779838816.932134,spill,FileSystemStorage,262144,1,262389,297261,198378
1779838816.932144,spill,FileSystemStorage,262144,2,524778,436805,342993
1779838816.932593,spill,FileSystemStorage,262144,1,262389,279160,182668
1779838816.932711,spill,FileSystemStorage,262144,1,262389,279887,195197
1779838816.932921,spill,FileSystemStorage,262144,1,262389,398995,220685
1779838816.933138,spill,FileSystemStorage,262144,1,262389,257938,163925
1779838816.933474,spill,FileSystemStorage,262144,1,262389,265560,188371
1779838816.933681,spill,FileSystemStorage,262144,1,262389,386375,220129
1779838816.933747,spill,FileSystemStorage,262144,1,262389,261188,174692
1779838816.934012,spill,FileSystemStorage,262144,1,262389,276158,192848
1779838816.934500,spill,FileSystemStorage,262144,2,524778,467230,369849
1779838816.934606,spill,FileSystemStorage,262144,2,524778,589501,431290
1779838816.934734,spill,FileSystemStorage,262144,1,262389,267713,180294
1779838816.935127,spill,FileSystemStorage,262144,1,262389,332587,228779
1779838816.935412,spill,FileSystemStorage,262144,1,262389,346974,196426
1779838816.935609,spill,FileSystemStorage,262144,2,524778,499389,376422
1779838816.935803,spill,FileSystemStorage,262144,1,262389,257957,162334
1779838816.936239,spill,FileSystemStorage,262144,1,262389,342102,210682
1779838816.936431,spill,FileSystemStorage,262144,2,524778,472430,362504
1779838816.936846,spill,FileSystemStorage,262144,2,524778,444682,328781
1779838816.937116,spill,FileSystemStorage,262144,1,262389,317187,193367
1779838816.937146,spill,FileSystemStorage,262144,1,262389,372598,231288
1779838816.937690,spill,FileSystemStorage,262144,1,262389,275981,170162
1779838816.937790,spill,FileSystemStorage,262144,1,262389,293860,203382
1779838816.937905,spill,FileSystemStorage,262144,1,262389,369041,214313
1779838816.938537,spill,FileSystemStorage,262144,1,262389,285565,198111
1779838816.938689,spill,FileSystemStorage,262144,2,524778,474910,356007
1779838816.938995,spill,FileSystemStorage,262144,2,524778,640132,441100
1779838816.939346,spill,FileSystemStorage,262144,2,524778,517252,399205
1779838816.939471,spill,FileSystemStorage,262144,2,524778,447897,332104
1779838816.939838,spill,FileSystemStorage,262144,1,262389,335022,203019
1779838816.940229,spill,FileSystemStorage,262144,1,262389,282228,188739
1779838816.940457,spill,FileSystemStorage,262144,1,262389,347298,210036
1779838816.940710,spill,FileSystemStorage,262144,1,262389,361473,188738
1779838816.940768,spill,FileSystemStorage,262144,1,262389,251211,170708
1779838816.941181,spill,FileSystemStorage,262144,1,262389,345164,212468
1779838816.941342,spill,FileSystemStorage,262144,1,262389,252840,162447
1779838816.941552,spill,FileSystemStorage,262144,1,262389,289309,182655
1779838816.941887,spill,FileSystemStorage,262144,1,262389,351673,218496
1779838816.942018,spill,FileSystemStorage,262144,1,262389,270520,185263
1779838816.942088,spill,FileSystemStorage,262144,1,262389,273896,175719
1779838816.942876,spill,FileSystemStorage,262144,2,524778,442223,343735
1779838816.942864,spill,FileSystemStorage,262144,1,262389,375143,231338
1779838816.942964,spill,FileSystemStorage,262144,1,262389,299598,195932
1779838816.943530,spill,FileSystemStorage,262144,1,262389,348108,168797
1779838816.944058,spill,FileSystemStorage,262144,2,524778,595779,433839
1779838816.944454,spill,FileSystemStorage,262144,1,262389,267420,164512
1779838816.944698,spill,FileSystemStorage,262144,1,262389,261555,167821
1779838816.945280,spill,FileSystemStorage,262144,2,524778,602483,430880
1779838816.945399,spill,FileSystemStorage,262144,1,262389,268295,172747
1779838816.945489,spill,FileSystemStorage,262144,2,524778,567309,390336
1779838816.946194,spill,FileSystemStorage,262144,1,262389,337095,188374
1779838816.946237,spill,FileSystemStorage,262144,1,262389,375506,205902
1779838816.946287,spill,FileSystemStorage,262144,2,524778,586392,411113
1779838816.946718,spill,FileSystemStorage,262144,1,262389,247518,163792
1779838816.947076,spill,FileSystemStorage,262144,1,262389,395546,254274
1779838816.947114,spill,FileSystemStorage,262144,1,262389,372123,216704
1779838816.947528,spill,FileSystemStorage,262144,1,262389,276604,179184
1779838816.947812,spill,FileSystemStorage,262144,1,262389,382583,215307
1779838816.947942,spill,FileSystemStorage,262144,2,524778,479371,342964
1779838816.948074,spill,FileSystemStorage,262144,1,262389,254060,166696
1779838816.948573,spill,FileSystemStorage,262144,1,262389,357716,219504
1779838816.948667,spill,FileSystemStorage,262144,1,262389,272448,180797
1779838816.948757,spill,FileSystemStorage,262144,2,524778,440381,339348
1779838816.949553,spill,FileSystemStorage,262144,2,524778,418939,335525
1779838816.949548,spill,FileSystemStorage,262144,1,262389,345186,195140
1779838816.949758,spill,FileSystemStorage,262144,2,524778,456122,335904
1779838816.950265,spill,FileSystemStorage,262144,1,262389,296088,184708
1779838816.950453,spill,FileSystemStorage,262144,1,262389,366119,223024
1779838816.950489,spill,FileSystemStorage,262144,1,262389,266900,176353
1779838816.950774,spill,FileSystemStorage,262144,1,262389,269123,178412
1779838816.951027,spill,FileSystemStorage,262144,1,262389,298660,214831
1779838816.951193,spill,FileSystemStorage,262144,1,262389,392504,236407
1779838816.951443,spill,FileSystemStorage,262144,1,262389,298052,180089
1779838816.951885,spill,FileSystemStorage,262144,1,262389,332017,198458
1779838816.951933,spill,FileSystemStorage,262144,1,262389,259173,182535
1779838816.952001,spill,FileSystemStorage,262144,1,262389,274973,178366
1779838816.952908,spill,FileSystemStorage,262144,2,524778,585460,409696
1779838816.953162,spill,FileSystemStorage,262144,2,524778,543206,369459
1779838816.953324,spill,FileSystemStorage,262144,4,1049556,802395,675099
1779838816.953565,spill,FileSystemStorage,262144,1,262389,360910,218684
1779838816.953721,spill,FileSystemStorage,262144,1,262389,291040,177777
1779838816.954273,spill,FileSystemStorage,262144,1,262389,292525,178636
1779838816.954284,spill,FileSystemStorage,262144,3,787167,636633,511951
1779838816.954453,spill,FileSystemStorage,262144,2,524778,565649,401360
1779838816.954822,spill,FileSystemStorage,262144,1,262389,305178,166461
1779838816.955214,spill,FileSystemStorage,262144,2,524778,526655,378667
1779838816.955446,spill,FileSystemStorage,262144,2,524778,610784,407455
1779838816.955911,spill,FileSystemStorage,262144,2,524778,442969,331290
1779838816.955938,spill,FileSystemStorage,262144,1,262389,270379,178352
1779838816.956165,spill,FileSystemStorage,262144,1,262389,356031,203609
1779838816.956726,spill,FileSystemStorage,262144,2,524778,458202,342342
1779838816.956843,spill,FileSystemStorage,262144,2,524778,499368,351021
1779838816.956871,spill,FileSystemStorage,262144,1,262389,348583,207120
1779838816.957345,spill,FileSystemStorage,262144,1,262389,273703,173612
1779838816.957437,spill,FileSystemStorage,262144,1,262389,260670,175131
1779838816.957596,spill,FileSystemStorage,262144,1,262389,352557,216780
1779838816.957890,spill,FileSystemStorage,262144,1,262389,248400,164773
1779838816.958043,spill,FileSystemStorage,262144,1,262389,300532,181631
1779838816.958336,spill,FileSystemStorage,262144,1,262389,355611,217289
1779838816.958643,spill,FileSystemStorage,262144,2,524778,444669,355997
1779838816.958670,spill,FileSystemStorage,262144,1,262389,277547,174921
1779838816.959035,spill,FileSystemStorage,262144,1,262389,397425,253167
1779838816.959292,spill,FileSystemStorage,262144,1,262389,323560,172642
1779838816.959311,spill,FileSystemStorage,262144,1,262389,269860,174120
1779838816.960048,spill,FileSystemStorage,262144,2,524778,566465,382198
1779838816.960216,spill,FileSystemStorage,262144,1,262389,265164,167779
1779838816.960533,spill,FileSystemStorage,262144,2,524778,521270,360555
1779838816.960766,spill,FileSystemStorage,262144,1,262389,349021,214998
1779838816.960880,spill,FileSystemStorage,262144,1,262389,253370,167072
1779838816.961336,spill,FileSystemStorage,262144,2,524778,432562,319641
1779838816.961747,spill,FileSystemStorage,262144,2,524778,598844,339579
1779838816.962096,spill,FileSystemStorage,262144,3,787167,1048041,649228
1779838816.962763,spill,FileSystemStorage,262144,1,262389,272981,170456
1779838816.963156,spill,FileSystemStorage,262144,1,262389,297431,192298
1779838816.963321,spill,FileSystemStorage,262144,1,262389,394940,216315
1779838816.964060,spill,FileSystemStorage,262144,2,524778,527383,375375
1779838816.964132,spill,FileSystemStorage,262144,1,262389,298549,193572
1779838816.964226,spill,FileSystemStorage,262144,1,262389,367338,218621
1779838816.964669,spill,FileSystemStorage,262144,1,262389,255683,169689
1779838816.965014,spill,FileSystemStorage,262144,1,262389,361188,218111
1779838816.965157,spill,FileSystemStorage,262144,1,262389,242940,172424
1779838816.965223,spill,FileSystemStorage,262144,2,524778,493136,361884
1779838816.965860,spill,FileSystemStorage,262144,1,262389,273223,187515
1779838816.965921,spill,FileSystemStorage,262144,2,524778,597041,423343
1779838816.966166,spill,FileSystemStorage,262144,2,524778,476591,346709
1779838816.966338,spill,FileSystemStorage,262144,1,262389,232473,163096
1779838816.966618,spill,FileSystemStorage,262144,1,262389,324412,198709
1779838816.966833,spill,FileSystemStorage,262144,1,262389,238491,163729
1779838816.967098,spill,FileSystemStorage,262144,1,262389,347203,224468
1779838816.967519,spill,FileSystemStorage,262144,1,262389,376750,228019
1779838816.967824,spill,FileSystemStorage,262144,3,787167,601454,492313
1779838816.967904,spill,FileSystemStorage,262144,1,262389,274408,172049
1779838816.968093,spill,FileSystemStorage,262144,1,262389,298663,172406
1779838816.968625,spill,FileSystemStorage,262144,1,262389,292970,179524
1779838816.969014,spill,FileSystemStorage,262144,2,524778,455433,334556
1779838816.969081,spill,FileSystemStorage,262144,2,524778,570675,411541
1779838816.969356,spill,FileSystemStorage,262144,1,262389,277158,168087
1779838816.969593,spill,FileSystemStorage,262144,1,262389,289551,176526
1779838816.969921,spill,FileSystemStorage,262144,1,262389,260149,182669
1779838816.969978,spill,FileSystemStorage,262144,2,524778,583207,422247
1779838816.970439,spill,FileSystemStorage,262144,2,524778,440880,344719
1779838816.970665,spill,FileSystemStorage,262144,2,524778,457821,353842
1779838816.970665,spill,FileSystemStorage,262144,1,262389,362567,214476
1779838816.971157,spill,FileSystemStorage,262144,2,524778,462036,353347
1779838816.971464,spill,FileSystemStorage,262144,1,262389,368577,203680
1779838816.971800,spill,FileSystemStorage,262144,2,524778,493197,354171
1779838816.972083,spill,FileSystemStorage,262144,3,787167,600344,491418
1779838816.972363,spill,FileSystemStorage,262144,2,524778,567864,414345
1779838816.972883,spill,FileSystemStorage,262144,2,524778,470454,333983
1779838816.973110,spill,FileSystemStorage,262144,1,262389,302884,193939
1779838816.973205,spill,FileSystemStorage,262144,1,262389,386842,221565
1779838816.973503,spill,FileSystemStorage,262144,1,262389,274977,168719
1779838816.973699,spill,FileSystemStorage,262144,1,262389,274832,186671
1779838816.973901,spill,FileSystemStorage,262144,1,262389,356297,213551
1779838816.974251,spill,FileSystemStorage,262144,1,262389,262765,174364
1779838816.974254,spill,FileSystemStorage,262144,2,524778,429481,331926
1779838816.974817,spill,FileSystemStorage,262144,1,262389,262275,180909
1779838816.974890,spill,FileSystemStorage,262144,1,262389,265335,180426
1779838816.975134,spill,FileSystemStorage,262144,3,787167,870696,666638
1779838816.975713,spill,FileSystemStorage,262144,1,262389,271472,177288
1779838816.975745,spill,FileSystemStorage,262144,2,524778,447176,344532
1779838816.976579,spill,FileSystemStorage,262144,3,787167,807290,615487
1779838816.976605,spill,FileSystemStorage,262144,2,524778,476865,366790
1779838816.976680,spill,FileSystemStorage,262144,3,787167,630903,511879
1779838816.977129,spill,FileSystemStorage,262144,1,262389,270983,169529
1779838816.977310,spill,FileSystemStorage,262144,1,262389,359435,224091
1779838816.977458,spill,FileSystemStorage,262144,2,524778,466900,361907
1779838816.978034,spill,FileSystemStorage,262144,1,262389,400837,229253
1779838816.978213,spill,FileSystemStorage,262144,4,1049556,843557,725458
1779838816.978241,spill,FileSystemStorage,262144,2,524778,484514,353694
1779838816.978784,spill,FileSystemStorage,262144,1,262389,283972,191134
1779838816.978914,spill,FileSystemStorage,262144,1,262389,294375,188871
1779838816.978951,spill,FileSystemStorage,262144,2,524778,603136,426906
1779838816.979711,spill,FileSystemStorage,262144,1,262389,275405,177715
1779838816.979823,spill,FileSystemStorage,262144,3,787167,662481,516761
1779838816.979962,spill,FileSystemStorage,262144,1,262389,368190,223267
1779838816.980493,spill,FileSystemStorage,262144,1,262389,295210,188961
1779838816.980668,spill,FileSystemStorage,262144,1,262389,370651,231088
1779838816.980838,spill,FileSystemStorage,262144,3,787167,674448,536499
1779838816.981240,spill,FileSystemStorage,262144,2,524778,471446,351327
1779838816.981373,spill,FileSystemStorage,262144,1,262389,361663,187648
1779838816.981424,spill,FileSystemStorage,262144,1,262389,290890,188067
1779838816.981998,spill,FileSystemStorage,262144,1,262389,260880,175147
1779838816.982098,spill,FileSystemStorage,262144,1,262389,306882,193039
1779838816.982176,spill,FileSystemStorage,262144,2,524778,508947,383359
1779838816.982662,spill,FileSystemStorage,262144,1,262389,262640,177307
1779838816.982761,spill,FileSystemStorage,262144,1,262389,307226,207567
1779838816.983062,spill,FileSystemStorage,262144,3,787167,695575,565508
1779838816.983189,spill,FileSystemStorage,262144,1,262389,334717,171321
1779838816.983647,spill,FileSystemStorage,262144,1,262389,285084,179404
1779838816.983725,spill,FileSystemStorage,262144,1,262389,264668,178668
1779838816.984061,spill,FileSystemStorage,262144,3,787167,688014,538940
1779838816.984536,spill,FileSystemStorage,262144,1,262389,447154,167350
1779838816.984688,spill,FileSystemStorage,262144,2,524778,713892,327484
1779838816.985019,spill,FileSystemStorage,262144,1,262389,317608,205957
1779838816.985196,spill,FileSystemStorage,262144,1,262389,258529,167701
1779838816.985325,spill,FileSystemStorage,262144,1,262389,271595,179244
1779838816.985545,spill,FileSystemStorage,262144,1,262389,291391,185291
1779838816.985733,spill,FileSystemStorage,262144,1,262389,247708,167439
1779838816.985842,spill,FileSystemStorage,262144,1,262389,258418,166002
1779838816.986048,spill,FileSystemStorage,262144,1,262389,285172,187487
1779838816.986182,spill,FileSystemStorage,262144,1,262389,240058,168468
1779838816.986377,spill,FileSystemStorage,262144,1,262389,254470,164969
1779838816.986553,spill,FileSystemStorage,262144,1,262389,254424,164283
1779838816.986684,spill,FileSystemStorage,262144,1,262389,253852,166804
1779838816.986845,spill,FileSystemStorage,262144,1,262389,252507,160495
1779838816.987189,spill,FileSystemStorage,262144,1,262389,311678,179048
1779838816.987363,spill,FileSystemStorage,262144,1,262389,269647,177672
1779838816.987768,spill,FileSystemStorage,262144,4,1049556,978017,717348
1779838816.987967,spill,FileSystemStorage,262144,1,262389,303058,188665
1779838816.988647,spill,FileSystemStorage,262144,6,1574334,1148524,998627
1779838816.988683,spill,FileSystemStorage,262144,1,262389,262121,176587
1779838816.989151,spill,FileSystemStorage,262144,4,1049556,840272,682210
1779838816.989338,spill,FileSystemStorage,262144,1,262389,248877,163056
1779838816.989613,spill,FileSystemStorage,262144,2,524778,472424,328936
1779838816.989789,spill,FileSystemStorage,262144,1,262389,286323,182983
1779838816.990075,spill,FileSystemStorage,262144,2,524778,422580,323907
1779838816.990572,spill,FileSystemStorage,262144,3,787167,658855,522040
1779838816.990647,spill,FileSystemStorage,262144,1,262389,289519,180705
1779838816.990734,spill,FileSystemStorage,262144,3,787167,668866,541256
1779838816.991200,spill,FileSystemStorage,262144,1,262389,305610,186010
1779838816.991363,spill,FileSystemStorage,262144,2,524778,501978,376322
1779838816.991387,spill,FileSystemStorage,262144,1,262389,305357,189944
1779838816.991931,spill,FileSystemStorage,262144,1,262389,289792,176785
1779838816.991955,spill,FileSystemStorage,262144,1,262389,283906,176206
1779838816.992074,spill,FileSystemStorage,262144,2,524778,438446,337739
1779838816.992740,spill,FileSystemStorage,262144,2,524778,431611,333716
1779838816.992743,spill,FileSystemStorage,262144,2,524778,470861,340478
1779838816.993025,spill,FileSystemStorage,262144,2,524778,433590,321193
1779838816.993356,spill,FileSystemStorage,262144,1,262389,286066,185640
1779838816.993411,spill,FileSystemStorage,262144,2,524778,405276,313177
1779838816.993746,spill,FileSystemStorage,262144,1,262389,265213,178970
1779838816.994207,spill,FileSystemStorage,262144,2,524778,455796,349403
1779838816.994430,spill,FileSystemStorage,262144,1,262389,300056,185559
1779838816.994448,spill,FileSystemStorage,262144,2,524778,459229,348021
1779838816.994715,spill,FileSystemStorage,262144,1,262389,267778,165478
1779838816.995017,spill,FileSystemStorage,262144,1,262389,323797,223332
1779838816.995049,spill,FileSystemStorage,262144,1,262389,304660,212487
1779838816.995288,spill,FileSystemStorage,262144,1,262389,262722,168672
1779838816.995545,spill,FileSystemStorage,262144,1,262389,255174,166031
1779838816.995809,spill,FileSystemStorage,262144,1,262389,266395,173088
1779838816.995995,spill,FileSystemStorage,262144,1,262389,252659,161402
1779838816.996064,spill,FileSystemStorage,262144,2,524778,479235,377500
1779838816.996450,spill,FileSystemStorage,262144,1,262389,255711,177529
1779838816.996531,spill,FileSystemStorage,262144,2,524778,439836,345861
1779838816.996778,spill,FileSystemStorage,262144,2,524778,443809,329992
1779838816.997182,spill,FileSystemStorage,262144,1,262389,330458,179017
1779838816.997285,spill,FileSystemStorage,262144,2,524778,440335,339012
1779838816.997289,spill,FileSystemStorage,262144,1,262389,255232,176545
1779838816.997725,spill,FileSystemStorage,262144,1,262389,280050,168659
1779838816.997953,spill,FileSystemStorage,262144,1,262389,267634,174683
1779838816.997986,spill,FileSystemStorage,262144,2,524778,433077,334521
1779838816.998310,spill,FileSystemStorage,262144,1,262389,302793,166101
1779838816.998539,spill,FileSystemStorage,262144,1,262389,279142,170486
1779838816.998615,spill,FileSystemStorage,262144,2,524778,439163,336124
1779838816.998837,spill,FileSystemStorage,262144,1,262389,282048,168765
1779838816.999028,spill,FileSystemStorage,262144,1,262389,285074,208523
1779838816.999268,spill,FileSystemStorage,262144,1,262389,317178,180461
1779838816.999349,spill,FileSystemStorage,262144,1,262389,241487,152677
1779838816.999709,spill,FileSystemStorage,262144,2,524778,415449,316147
1779838816.999843,spill,FileSystemStorage,262144,1,262389,247028,163626
1779838816.999979,spill,FileSystemStorage,262144,2,524778,449669,351331
1779838817.000201,spill,FileSystemStorage,262144,1,262389,242211,157234
1779838817.000607,spill,FileSystemStorage,262144,2,524778,447291,336655
1779838817.000656,spill,FileSystemStorage,262144,1,262389,286664,183749
1779838817.001100,spill,FileSystemStorage,262144,2,524778,420174,333330
1779838817.001171,spill,FileSystemStorage,262144,1,262389,261780,176529
1779838817.001431,spill,FileSystemStorage,262144,2,524778,456344,346916
1779838817.001752,spill,FileSystemStorage,262144,1,262389,252128,168497
1779838817.002020,spill,FileSystemStorage,262144,2,524778,408156,323790
1779838817.002083,spill,FileSystemStorage,262144,1,262389,298012,176776
1779838817.002484,spill,FileSystemStorage,262144,1,262389,230416,166940
1779838817.002580,spill,FileSystemStorage,262144,1,262389,252208,169291
1779838817.002661,spill,FileSystemStorage,262144,1,262389,274813,183024
1779838817.003349,spill,FileSystemStorage,262144,1,262389,397276,183156
1779838817.003423,spill,FileSystemStorage,262144,1,262389,296874,189299
1779838817.003435,spill,FileSystemStorage,262144,2,524778,481295,327233
1779838817.004132,spill,FileSystemStorage,262144,2,524778,466599,342651
1779838817.004244,spill,FileSystemStorage,262144,2,524778,450277,342204
1779838817.004730,spill,FileSystemStorage,262144,5,1311945,927308,781263
1779838817.005058,spill,FileSystemStorage,262144,2,524778,433934,321092
1779838817.005250,spill,FileSystemStorage,262144,1,262389,276002,176045
1779838817.005282,spill,FileSystemStorage,262144,1,262389,283520,168466
1779838817.005793,spill,FileSystemStorage,262144,2,524778,474660,337584
1779838817.005838,spill,FileSystemStorage,262144,1,262389,257887,168065
1779838817.006166,spill,FileSystemStorage,262144,2,524778,391809,300760
1779838817.006404,spill,FileSystemStorage,262144,1,262389,296984,198122
1779838817.006538,spill,FileSystemStorage,262144,2,524778,485653,352627
1779838817.006603,spill,FileSystemStorage,262144,1,262389,236375,155607
1779838817.007181,spill,FileSystemStorage,262144,1,262389,326716,177352
1779838817.007228,spill,FileSystemStorage,262144,1,262389,291208,167277
1779838817.007411,spill,FileSystemStorage,262144,3,787167,665345,526605
1779838817.007799,spill,FileSystemStorage,262144,1,262389,239769,159235
1779838817.008045,spill,FileSystemStorage,262144,1,262389,278258,154590
1779838817.008391,spill,FileSystemStorage,262144,2,524778,432626,319616
1779838817.008955,spill,FileSystemStorage,262144,2,524778,459269,342036
1779838817.008963,spill,FileSystemStorage,262144,2,524778,446021,329886
1779838817.009258,spill,FileSystemStorage,262144,2,524778,457961,321811
1779838817.009832,spill,FileSystemStorage,262144,2,524778,415977,314101
1779838817.009862,spill,FileSystemStorage,262144,1,262389,283107,181290
1779838817.010110,spill,FileSystemStorage,262144,1,262389,276867,158742
1779838817.010365,spill,FileSystemStorage,262144,1,262389,244220,165305
1779838817.010556,spill,FileSystemStorage,262144,1,262389,245087,158733
1779838817.010794,spill,FileSystemStorage,262144,1,262389,282107,179661
1779838817.011166,spill,FileSystemStorage,262144,1,262389,313901,204413
1779838817.011285,spill,FileSystemStorage,262144,2,524778,479200,381507
1779838817.011641,spill,FileSystemStorage,262144,1,262389,266889,165103
1779838817.011996,spill,FileSystemStorage,262144,1,262389,272466,177267
1779838817.012480,spill,FileSystemStorage,262144,2,524778,439502,346635
1779838817.012581,spill,FileSystemStorage,262144,1,262389,239380,163912
1779838817.012675,spill,FileSystemStorage,262144,5,1311945,988236,821528
1779838817.013043,spill,FileSystemStorage,262144,1,262389,271945,178717
1779838817.013414,spill,FileSystemStorage,262144,1,262389,289103,178340
1779838817.013680,spill,FileSystemStorage,262144,2,524778,457490,337879
1779838817.013737,spill,FileSystemStorage,262144,1,262389,272876,165313
1779838817.014187,spill,FileSystemStorage,262144,1,262389,264156,170895
1779838817.014316,spill,FileSystemStorage,262144,1,262389,228831,156997
1779838817.014585,spill,FileSystemStorage,262144,2,524778,416493,317371
1779838817.015047,spill,FileSystemStorage,262144,2,524778,474571,393952
1779838817.015057,spill,FileSystemStorage,262144,3,787167,646685,538627
1779838817.015130,spill,FileSystemStorage,262144,1,262389,297021,199163
1779838817.015701,spill,FileSystemStorage,262144,1,262389,286906,169393
1779838817.015789,spill,FileSystemStorage,262144,1,262389,266423,167303
1779838817.016324,spill,FileSystemStorage,262144,1,262389,285082,170640
1779838817.016593,spill,FileSystemStorage,262144,1,262389,257668,166256
1779838817.016635,spill,FileSystemStorage,262144,1,262389,241402,159047
1779838817.017377,spill,FileSystemStorage,262144,1,262389,602704,150090
1779838817.017732,spill,FileSystemStorage,262144,1,262389,232344,163964
1779838817.017821,spill,FileSystemStorage,262144,2,524778,428367,309333
1779838817.018856,spill,FileSystemStorage,262144,1,262389,231845,162914
1779838817.019069,spill,FileSystemStorage,262144,1,262389,302516,225650
1779838817.019614,spill,FileSystemStorage,262144,3,787167,608672,470550
1779838817.019692,spill,FileSystemStorage,262144,1,262389,271025,167259
1779838817.020263,spill,FileSystemStorage,262144,1,262389,269468,165232
1779838817.020919,spill,FileSystemStorage,262144,2,524778,454618,340815
1779838817.020944,spill,FileSystemStorage,262144,2,524778,430679,337418
1779838817.021147,spill,FileSystemStorage,262144,2,524778,416048,326460
1779838817.021541,spill,FileSystemStorage,262144,1,262389,260779,176551
1779838817.021737,spill,FileSystemStorage,262144,2,524778,419261,329971
1779838817.021777,spill,FileSystemStorage,262144,1,262389,269625,169131
1779838817.022123,spill,FileSystemStorage,262144,1,262389,264498,187415
1779838817.022423,spill,FileSystemStorage,262144,1,262389,251115,174087
1779838817.022505,spill,FileSystemStorage,262144,2,524778,426927,338200
1779838817.022869,spill,FileSystemStorage,262144,2,524778,423118,328232
1779838817.022954,spill,FileSystemStorage,262144,1,262389,287553,194548
1779838817.023216,spill,FileSystemStorage,262144,2,524778,481260,368046
1779838817.023462,spill,FileSystemStorage,262144,1,262389,276338,176466
1779838817.023516,spill,FileSystemStorage,262144,1,262389,262948,166095
1779838817.023996,spill,FileSystemStorage,262144,1,262389,246685,181972
1779838817.024073,spill,FileSystemStorage,262144,2,524778,428903,326414
1779838817.024238,spill,FileSystemStorage,262144,2,524778,429325,335967
1779838817.024497,spill,FileSystemStorage,262144,1,262389,269143,181384
1779838817.024780,spill,FileSystemStorage,262144,2,524778,439488,316833
1779838817.025009,spill,FileSystemStorage,262144,1,262389,237800,161619
1779838817.025155,spill,FileSystemStorage,262144,1,262389,253959,161858
1779838817.025388,spill,FileSystemStorage,262144,1,262389,256319,165992
1779838817.025658,spill,FileSystemStorage,262144,1,262389,267893,178786
1779838817.025761,spill,FileSystemStorage,262144,2,524778,465128,358050
1779838817.026013,spill,FileSystemStorage,262144,2,524778,413419,323977
1779838817.026186,spill,FileSystemStorage,262144,1,262389,281532,193917
1779838817.026358,spill,FileSystemStorage,262144,1,262389,292104,178995
1779838817.026487,spill,FileSystemStorage,262144,1,262389,253253,174082
1779838817.026695,spill,FileSystemStorage,262144,1,262389,235187,164069
1779838817.027102,spill,FileSystemStorage,262144,2,524778,487702,369573
1779838817.027242,spill,FileSystemStorage,262144,2,524778,465618,367880
1779838817.027673,spill,FileSystemStorage,262144,1,262389,294165,190342
1779838817.027693,spill,FileSystemStorage,262144,3,787167,653669,518954
1779838817.027842,spill,FileSystemStorage,262144,1,262389,280094,173638
1779838817.028244,spill,FileSystemStorage,262144,1,262389,261015,175101
1779838817.028269,spill,FileSystemStorage,262144,1,262389,254600,175805
1779838817.028428,spill,FileSystemStorage,262144,1,262389,281653,167947
1779838817.028965,spill,FileSystemStorage,262144,2,524778,438071,322626
1779838817.029004,spill,FileSystemStorage,262144,1,262389,282946,190821
1779838817.029241,spill,FileSystemStorage,262144,3,787167,625927,492129
1779838817.029524,spill,FileSystemStorage,262144,1,262389,275025,170102
1779838817.029701,spill,FileSystemStorage,262144,2,524778,462276,340426
1779838817.029931,spill,FileSystemStorage,262144,2,524778,445433,330976
1779838817.030190,spill,FileSystemStorage,262144,1,262389,251484,167958
1779838817.030359,spill,FileSystemStorage,262144,3,787167,614527,492724
1779838817.030624,spill,FileSystemStorage,262144,1,262389,247322,179249
1779838817.030649,spill,FileSystemStorage,262144,2,524778,451603,322464
1779838817.030850,spill,FileSystemStorage,262144,1,262389,274205,180279
1779838817.031145,spill,FileSystemStorage,262144,1,262389,301163,194425
1779838817.031390,spill,FileSystemStorage,262144,1,262389,270742,175999
1779838817.031390,spill,FileSystemStorage,262144,2,524778,486377,339171
1779838817.031808,spill,FileSystemStorage,262144,1,262389,246970,155058
1779838817.032153,spill,FileSystemStorage,262144,1,262389,266591,174971
1779838817.032225,spill,FileSystemStorage,262144,2,524778,445215,340955
1779838817.032488,spill,FileSystemStorage,262144,2,524778,430907,311855
1779838817.032627,spill,FileSystemStorage,262144,1,262389,244425,168944
1779838817.032915,spill,FileSystemStorage,262144,1,262389,254957,170750
1779838817.033110,spill,FileSystemStorage,262144,1,262389,270015,174688
1779838817.033128,spill,FileSystemStorage,262144,2,524778,437556,338320
1779838817.033586,spill,FileSystemStorage,262144,1,262389,233521,162660
1779838817.033656,spill,FileSystemStorage,262144,1,262389,241502,164441
1779838817.033717,spill,FileSystemStorage,262144,2,524778,465469,352205
1779838817.034199,spill,FileSystemStorage,262144,1,262389,240381,163888
1779838817.034255,spill,FileSystemStorage,262144,1,262389,247789,170118
1779838817.034553,spill,FileSystemStorage,262144,2,524778,468809,340050
1779838817.034775,spill,FileSystemStorage,262144,1,262389,272668,189431
1779838817.034861,spill,FileSystemStorage,262144,2,524778,428052,344914
1779838817.035295,spill,FileSystemStorage,262144,1,262389,254619,166044
1779838817.035292,spill,FileSystemStorage,262144,2,524778,467076,343909
1779838817.035572,spill,FileSystemStorage,262144,2,524778,431286,322528
1779838817.035944,spill,FileSystemStorage,262144,2,524778,392071,302267
1779838817.036381,spill,FileSystemStorage,262144,2,524778,459080,323700
1779838817.036504,spill,FileSystemStorage,262144,1,262389,288470,182005
1779838817.036671,spill,FileSystemStorage,262144,3,787167,587095,477779
1779838817.037039,spill,FileSystemStorage,262144,1,262389,245728,159775
1779838817.037156,spill,FileSystemStorage,262144,1,262389,262108,175334
1779838817.037207,spill,FileSystemStorage,262144,1,262389,255492,174890
1779838817.037599,spill,FileSystemStorage,262144,1,262389,231555,165074
1779838817.037794,spill,FileSystemStorage,262144,1,262389,267853,168904
1779838817.038038,spill,FileSystemStorage,262144,2,524778,419892,322990
1779838817.038176,spill,FileSystemStorage,262144,1,262389,275678,180570
1779838817.038413,spill,FileSystemStorage,262144,2,524778,414403,315724
1779838817.038745,spill,FileSystemStorage,262144,1,262389,262820,165852
1779838817.038810,spill,FileSystemStorage,262144,1,262389,290972,170622
1779838817.038963,spill,FileSystemStorage,262144,1,262389,277267,182961
1779838817.039201,spill,FileSystemStorage,262144,1,262389,262676,159415
1779838817.039688,spill,FileSystemStorage,262144,1,262389,249764,174286
1779838817.039703,spill,FileSystemStorage,262144,2,524778,451022,330585
1779838817.039728,spill,FileSystemStorage,262144,1,262389,246200,170507
1779838817.040310,spill,FileSystemStorage,262144,1,262389,237964,164499
1779838817.040342,spill,FileSystemStorage,262144,2,524778,429997,325274
1779838817.040404,spill,FileSystemStorage,262144,2,524778,435968,330069
1779838817.040923,spill,FileSystemStorage,262144,1,262389,235111,173071
1779838817.040951,spill,FileSystemStorage,262144,1,262389,315540,204430
1779838817.041066,spill,FileSystemStorage,262144,1,262389,248392,162129
1779838817.041569,spill,FileSystemStorage,262144,2,524778,423392,323852
1779838817.041907,spill,FileSystemStorage,262144,1,262389,282452,173426
1779838817.041925,spill,FileSystemStorage,262144,3,787167,587140,492409
1779838817.042459,spill,FileSystemStorage,262144,1,262389,272018,185917
1779838817.042478,spill,FileSystemStorage,262144,2,524778,620798,416408
1779838817.042941,spill,FileSystemStorage,262144,2,524778,464034,347027
1779838817.043042,spill,FileSystemStorage,262144,1,262389,314272,225486
1779838817.043206,spill,FileSystemStorage,262144,1,262389,382618,227352
1779838817.043553,spill,FileSystemStorage,262144,1,262389,233584,151555
1779838817.043980,spill,FileSystemStorage,262144,1,262389,383868,193805
1779838817.044059,spill,FileSystemStorage,262144,1,262389,248300,172260
1779838817.044288,spill,FileSystemStorage,262144,3,787167,664332,501084
1779838817.044786,spill,FileSystemStorage,262144,2,524778,442793,343247
1779838817.044838,spill,FileSystemStorage,262144,1,262389,274230,180153
1779838817.044862,spill,FileSystemStorage,262144,2,524778,527982,385627
1779838817.045296,spill,FileSystemStorage,262144,1,262389,243119,173952
1779838817.045434,spill,FileSystemStorage,262144,1,262389,284586,170621
1779838817.045532,spill,FileSystemStorage,262144,2,524778,430330,334236
1779838817.045909,spill,FileSystemStorage,262144,1,262389,257747,180468
1779838817.045940,spill,FileSystemStorage,262144,2,524778,419459,333363
1779838817.046338,spill,FileSystemStorage,262144,1,262389,296300,179579
1779838817.046455,spill,FileSystemStorage,262144,1,262389,264959,176473
1779838817.046521,spill,FileSystemStorage,262144,1,262389,257597,173402
1779838817.047070,spill,FileSystemStorage,262144,1,262389,279921,205542
1779838817.047093,spill,FileSystemStorage,262144,2,524778,505584,393742
1779838817.047216,spill,FileSystemStorage,262144,2,524778,535384,410640
1779838817.047848,spill,FileSystemStorage,262144,2,524778,428089,332093
1779838817.047852,spill,FileSystemStorage,262144,1,262389,285154,172257
1779838817.047874,spill,FileSystemStorage,262144,1,262389,259809,174616
1779838817.048526,spill,FileSystemStorage,262144,2,524778,446335,328743
1779838817.048609,spill,FileSystemStorage,262144,2,524778,483246,347291
1779838817.048627,spill,FileSystemStorage,262144,2,524778,444699,337369
1779838817.049118,spill,FileSystemStorage,262144,1,262389,272083,172931
1779838817.049368,spill,FileSystemStorage,262144,2,524778,423835,322124
1779838817.049372,spill,FileSystemStorage,262144,1,262389,241225,170005
1779838817.049803,spill,FileSystemStorage,262144,2,524778,425008,322350
1779838817.049853,spill,FileSystemStorage,262144,1,262389,246138,168636
1779838817.050066,spill,FileSystemStorage,262144,1,262389,255225,159485
1779838817.050472,spill,FileSystemStorage,262144,1,262389,248304,167423
1779838817.050475,spill,FileSystemStorage,262144,2,524778,422207,322686
1779838817.050615,spill,FileSystemStorage,262144,1,262389,249391,166068
1779838817.050963,spill,FileSystemStorage,262144,1,262389,252299,178791
1779838817.051157,spill,FileSystemStorage,262144,1,262389,276918,180378
1779838817.051178,spill,FileSystemStorage,262144,1,262389,424793,257189
1779838817.051688,spill,FileSystemStorage,262144,1,262389,231507,153671
1779838817.051897,spill,FileSystemStorage,262144,1,262389,365947,197884
1779838817.052129,spill,FileSystemStorage,262144,2,524778,436606,341681
1779838817.052200,spill,FileSystemStorage,262144,1,262389,244215,177781
1779838817.052578,spill,FileSystemStorage,262144,1,262389,357196,209286
1779838817.052715,spill,FileSystemStorage,262144,1,262389,249797,166838
1779838817.052830,spill,FileSystemStorage,262144,1,262389,240373,161487
1779838817.053227,spill,FileSystemStorage,262144,1,262389,259041,178407
1779838817.053352,spill,FileSystemStorage,262144,1,262389,255564,171906
1779838817.053449,spill,FileSystemStorage,262144,2,524778,530968,378777
1779838817.053875,spill,FileSystemStorage,262144,1,262389,223035,160047
1779838817.054237,spill,FileSystemStorage,262144,2,524778,418235,321264
1779838817.054254,spill,FileSystemStorage,262144,1,262389,349193,209812
1779838817.054536,spill,FileSystemStorage,262144,2,524778,431437,335993
1779838817.054815,spill,FileSystemStorage,262144,1,262389,267202,185969
1779838817.055074,spill,FileSystemStorage,262144,1,262389,395595,244718
1779838817.055330,spill,FileSystemStorage,262144,2,524778,490270,365850
1779838817.055443,spill,FileSystemStorage,262144,1,262389,291938,174215
1779838817.055927,spill,FileSystemStorage,262144,2,524778,580724,408015
1779838817.055988,spill,FileSystemStorage,262144,1,262389,294929,173509
1779838817.056398,spill,FileSystemStorage,262144,3,787167,612980,493929
1779838817.056539,spill,FileSystemStorage,262144,1,262389,275891,166113
1779838817.056576,spill,FileSystemStorage,262144,1,262389,341018,188061
1779838817.057165,spill,FileSystemStorage,262144,1,262389,239009,160691
1779838817.057245,spill,FileSystemStorage,262144,2,524778,442427,323551
1779838817.057559,spill,FileSystemStorage,262144,2,524778,540222,391387
1779838817.057868,spill,FileSystemStorage,262144,2,524778,397052,324383
1779838817.058037,spill,FileSystemStorage,262144,2,524778,427078,329703
1779838817.058250,spill,FileSystemStorage,262144,1,262389,357306,218232
1779838817.058448,spill,FileSystemStorage,262144,1,262389,248006,168252
1779838817.058688,spill,FileSystemStorage,262144,1,262389,226983,153934
1779838817.059011,spill,FileSystemStorage,262144,1,262389,378489,214707
1779838817.059381,spill,FileSystemStorage,262144,1,262389,294835,195251
1779838817.059600,spill,FileSystemStorage,262144,3,787167,650115,497635
1779838817.059795,spill,FileSystemStorage,262144,1,262389,335918,197953
1779838817.060148,spill,FileSystemStorage,262144,1,262389,238270,160867
1779838817.060411,spill,FileSystemStorage,262144,1,262389,309514,176883
1779838817.060587,spill,FileSystemStorage,262144,2,524778,526909,354419
1779838817.060865,spill,FileSystemStorage,262144,1,262389,221615,150845
1779838817.061543,spill,FileSystemStorage,262144,1,262389,369378,221555
1779838817.061696,spill,FileSystemStorage,262144,1,262389,301385,176661
1779838817.061763,spill,FileSystemStorage,262144,2,524778,513704,356774
1779838817.062440,spill,FileSystemStorage,262144,1,262389,362356,217192
1779838817.062681,spill,FileSystemStorage,262144,4,1049556,752890,637174
1779838817.063095,spill,FileSystemStorage,262144,4,1049556,875320,720857
1779838817.063363,spill,FileSystemStorage,262144,2,524778,604373,446959
1779838817.063432,spill,FileSystemStorage,262144,2,524778,464370,332038
1779838817.064146,spill,FileSystemStorage,262144,1,262389,280350,180228
1779838817.064280,spill,FileSystemStorage,262144,1,262389,330771,196601
1779838817.064362,spill,FileSystemStorage,262144,3,787167,663362,513246
1779838817.064620,spill,FileSystemStorage,262144,1,262389,249605,161447
1779838817.065166,spill,FileSystemStorage,262144,1,262389,250210,185445
1779838817.065288,spill,FileSystemStorage,262144,1,262389,269617,167751
1779838817.065395,spill,FileSystemStorage,262144,3,787167,737187,568653
1779838817.065712,spill,FileSystemStorage,262144,1,262389,238113,163989
1779838817.065946,spill,FileSystemStorage,262144,1,262389,278657,165519
1779838817.066138,spill,FileSystemStorage,262144,1,262389,329843,202810
1779838817.066550,spill,FileSystemStorage,262144,1,262389,260180,176904
1779838817.066630,spill,FileSystemStorage,262144,3,787167,587559,489467
1779838817.066774,spill,FileSystemStorage,262144,1,262389,323948,203735
1779838817.067183,spill,FileSystemStorage,262144,1,262389,300833,172905
1779838817.067252,spill,FileSystemStorage,262144,1,262389,260999,168151
1779838817.067509,spill,FileSystemStorage,262144,1,262389,330577,205781
1779838817.067821,spill,FileSystemStorage,262144,1,262389,253844,174850
1779838817.067870,spill,FileSystemStorage,262144,2,524778,423432,319518
1779838817.068453,spill,FileSystemStorage,262144,1,262389,264570,179790
1779838817.068595,spill,FileSystemStorage,262144,2,524778,528790,380570
1779838817.068646,spill,FileSystemStorage,262144,2,524778,428428,333794
1779838817.069302,spill,FileSystemStorage,262144,1,262389,249549,162025
1779838817.069381,spill,FileSystemStorage,262144,1,262389,333078,208373
1779838817.069407,spill,FileSystemStorage,262144,1,262389,254222,166718
1779838817.071058,spill,FileSystemStorage,262144,1,262389,1469414,210243
1779838817.071072,spill,FileSystemStorage,262144,1,262389,1124788,216928
1779838817.071151,spill,FileSystemStorage,262144,1,262389,1478411,271743
1779838817.072819,spill,FileSystemStorage,262144,1,262389,290421,188697
1779838817.072847,spill,FileSystemStorage,262144,1,262389,355259,210022
1779838817.072854,spill,FileSystemStorage,262144,1,262389,321572,177560
1779838817.073532,spill,FileSystemStorage,262144,1,262389,326280,198497
1779838817.073795,spill,FileSystemStorage,262144,1,262389,246259,158524
1779838817.074240,spill,FileSystemStorage,262144,1,262389,352323,225698
1779838817.074281,spill,FileSystemStorage,262144,4,1049556,795419,652520
1779838817.074532,spill,FileSystemStorage,262144,2,524778,419715,323114
1779838817.074895,spill,FileSystemStorage,262144,1,262389,278005,168733
1779838817.075106,spill,FileSystemStorage,262144,2,524778,575355,424527
1779838817.075176,spill,FileSystemStorage,262144,1,262389,310804,192252
1779838817.075958,spill,FileSystemStorage,262144,1,262389,262476,175467
1779838817.076184,spill,FileSystemStorage,262144,1,262389,289577,178867
1779838817.076206,spill,FileSystemStorage,262144,1,262389,255198,180410
1779838817.076556,spill,FileSystemStorage,262144,1,262389,242914,157779
1779838817.076687,spill,FileSystemStorage,262144,1,262389,256806,175722
1779838817.077054,spill,FileSystemStorage,262144,2,524778,457540,335613
1779838817.077260,spill,FileSystemStorage,262144,2,524778,479019,348312
1779838817.077416,spill,FileSystemStorage,262144,1,262389,238116,153676
1779838817.077562,spill,FileSystemStorage,262144,1,262389,255247,167830
1779838817.077819,spill,FileSystemStorage,262144,1,262389,257156,176956
1779838817.077894,spill,FileSystemStorage,262144,1,262389,231974,161316
1779838817.078233,spill,FileSystemStorage,262144,2,524778,413107,306204
1779838817.078608,spill,FileSystemStorage,262144,1,262389,280884,172083
1779838817.078656,spill,FileSystemStorage,262144,3,787167,619570,486921
1779838817.078920,spill,FileSystemStorage,262144,1,262389,294758,172868
1779838817.079169,spill,FileSystemStorage,262144,1,262389,316255,190158
1779838817.079576,spill,FileSystemStorage,262144,1,262389,346049,168238
1779838817.079867,spill,FileSystemStorage,262144,1,262389,320257,182196
1779838817.080142,spill,FileSystemStorage,262144,2,524778,427741,319079
1779838817.080192,spill,FileSystemStorage,262144,1,262389,285891,171792
1779838817.080369,spill,FileSystemStorage,262144,1,262389,254145,154493
1779838817.080966,spill,FileSystemStorage,262144,1,262389,266096,177847
1779838817.081030,spill,FileSystemStorage,262144,1,262389,254414,162090
1779838817.081228,spill,FileSystemStorage,262144,1,262389,350567,186056
1779838817.081498,spill,FileSystemStorage,262144,1,262389,243478,155118
1779838817.081832,spill,FileSystemStorage,262144,1,262389,268977,167186
1779838817.082047,spill,FileSystemStorage,262144,1,262389,264476,170323
1779838817.082083,spill,FileSystemStorage,262144,2,524778,432600,330250
1779838817.082377,spill,FileSystemStorage,262144,1,262389,287008,170502
1779838817.082839,spill,FileSystemStorage,262144,1,262389,277375,170087
1779838817.082921,spill,FileSystemStorage,262144,3,787167,619329,489286
1779838817.083166,spill,FileSystemStorage,262144,2,524778,464074,362106
1779838817.083773,spill,FileSystemStorage,262144,1,262389,250145,165377
1779838817.083917,spill,FileSystemStorage,262144,1,262389,282843,181165
1779838817.084295,spill,FileSystemStorage,262144,2,524778,524417,350503
1779838817.084329,spill,FileSystemStorage,262144,1,262389,231562,168257
1779838817.084812,spill,FileSystemStorage,262144,2,524778,436334,320807
1779838817.084938,spill,FileSystemStorage,262144,1,262389,299436,172993
1779838817.085401,spill,FileSystemStorage,262144,1,262389,341638,174737
1779838817.085477,spill,FileSystemStorage,262144,1,262389,261423,171580
1779838817.085881,spill,FileSystemStorage,262144,3,787167,617536,493777
1779838817.086026,spill,FileSystemStorage,262144,1,262389,304641,170512
1779838817.086071,spill,FileSystemStorage,262144,1,262389,294293,192635
1779838817.086525,spill,FileSystemStorage,262144,1,262389,311181,176882
1779838817.086804,spill,FileSystemStorage,262144,2,524778,467842,353334
1779838817.086939,spill,FileSystemStorage,262144,3,787167,648400,502974
1779838817.087288,spill,FileSystemStorage,262144,2,524778,452053,331525
1779838817.087648,spill,FileSystemStorage,262144,2,524778,544575,336226
1779838817.087755,spill,FileSystemStorage,262144,2,524778,442677,323534
1779838817.087877,spill,FileSystemStorage,262144,1,262389,289921,176505
1779838817.088298,spill,FileSystemStorage,262144,1,262389,262957,173046
1779838817.088477,spill,FileSystemStorage,262144,1,262389,286990,189144
1779838817.088608,spill,FileSystemStorage,262144,2,524778,459125,332983
1779838817.088880,spill,FileSystemStorage,262144,1,262389,258418,156205
1779838817.089164,spill,FileSystemStorage,262144,2,524778,413706,313407
1779838817.089566,spill,FileSystemStorage,262144,2,524778,420906,336400
1779838817.089642,spill,FileSystemStorage,262144,3,787167,607290,492462
1779838817.090085,spill,FileSystemStorage,262144,1,262389,262540,174229
1779838817.090151,spill,FileSystemStorage,262144,3,787167,602673,483046
1779838817.090367,spill,FileSystemStorage,262144,1,262389,261703,165506
1779838817.090800,spill,FileSystemStorage,262144,2,524778,425064,319028
1779838817.090938,spill,FileSystemStorage,262144,1,262389,298337,189923
1779838817.091162,spill,FileSystemStorage,262144,2,524778,494792,364404
1779838817.091426,spill,FileSystemStorage,262144,1,262389,287432,184599
1779838817.091898,spill,FileSystemStorage,262144,2,524778,447984,330384
1779838817.091981,spill,FileSystemStorage,262144,1,262389,270656,170548
1779838817.092144,spill,FileSystemStorage,262144,1,262389,255939,150307
1779838817.092625,spill,FileSystemStorage,262144,2,524778,399126,310577
1779838817.092694,spill,FileSystemStorage,262144,1,262389,267906,181071
1779838817.092803,spill,FileSystemStorage,262144,1,262389,271485,170832
1779838817.093187,spill,FileSystemStorage,262144,1,262389,247103,164434
1779838817.093414,spill,FileSystemStorage,262144,2,524778,441610,348676
1779838817.093546,spill,FileSystemStorage,262144,2,524778,484353,376669
1779838817.093839,spill,FileSystemStorage,262144,2,524778,406843,312869
1779838817.094311,spill,FileSystemStorage,262144,1,262389,263988,177049
1779838817.094513,spill,FileSystemStorage,262144,4,1049556,802593,662854
1779838817.094679,spill,FileSystemStorage,262144,4,1049556,830700,691877
1779838817.095023,spill,FileSystemStorage,262144,2,524778,462373,367418
1779838817.095099,spill,FileSystemStorage,262144,1,262389,304216,197787
1779838817.095600,spill,FileSystemStorage,262144,2,524778,540820,337081
1779838817.096132,spill,FileSystemStorage,262144,2,524778,438486,332773
1779838817.096192,spill,FileSystemStorage,262144,2,524778,464946,353721
1779838817.096254,spill,FileSystemStorage,262144,1,262389,304467,192328
1779838817.096788,spill,FileSystemStorage,262144,1,262389,233362,156923
1779838817.096933,spill,FileSystemStorage,262144,1,262389,285602,174993
1779838817.096976,spill,FileSystemStorage,262144,1,262389,332627,178655
1779838817.097430,spill,FileSystemStorage,262144,2,524778,407560,318802
1779838817.097566,spill,FileSystemStorage,262144,1,262389,274735,177821
1779838817.098089,spill,FileSystemStorage,262144,2,524778,548996,364235
1779838817.098421,spill,FileSystemStorage,262144,4,1049556,764269,662420
1779838817.098637,spill,FileSystemStorage,262144,4,1049556,792657,652545
1779838817.099108,spill,FileSystemStorage,262144,1,262389,332128,211629
1779838817.099250,spill,FileSystemStorage,262144,2,524778,519566,361636
1779838817.099467,spill,FileSystemStorage,262144,2,524778,438292,321228
1779838817.100161,spill,FileSystemStorage,262144,1,262389,298707,179828
1779838817.100303,spill,FileSystemStorage,262144,5,1311945,885460,744914
1779838817.100346,spill,FileSystemStorage,262144,1,262389,284096,157520
1779838817.100768,spill,FileSystemStorage,262144,1,262389,235084,148364
1779838817.101022,spill,FileSystemStorage,262144,1,262389,271681,167845
1779838817.101116,spill,FileSystemStorage,262144,1,262389,276866,173867
1779838817.101250,spill,FileSystemStorage,262144,1,262389,259664,165891
1779838817.101635,spill,FileSystemStorage,262144,1,262389,355685,156370
1779838817.101737,spill,FileSystemStorage,262144,1,262389,255348,166596
1779838817.102071,spill,FileSystemStorage,262144,1,262389,234080,163775
1779838817.102122,spill,FileSystemStorage,262144,3,787167,599441,477456
1779838817.102235,spill,FileSystemStorage,262144,1,262389,260674,168032
1779838817.102668,spill,FileSystemStorage,262144,1,262389,273423,174396
1779838817.102767,spill,FileSystemStorage,262144,1,262389,290967,180601
1779838817.102774,spill,FileSystemStorage,262144,1,262389,240262,160964
1779838817.103262,spill,FileSystemStorage,262144,1,262389,329281,192674
1779838817.103521,spill,FileSystemStorage,262144,2,524778,451616,336911
1779838817.103595,spill,FileSystemStorage,262144,1,262389,283380,175752
1779838817.103858,spill,FileSystemStorage,262144,1,262389,267186,165928
1779838817.104110,spill,FileSystemStorage,262144,1,262389,253205,155822
1779838817.104367,spill,FileSystemStorage,262144,2,524778,459486,339310
1779838817.104410,spill,FileSystemStorage,262144,1,262389,252880,160877
1779838817.104939,spill,FileSystemStorage,262144,1,262389,298046,188744
1779838817.104944,spill,FileSystemStorage,262144,3,787167,590571,479794
1779838817.105318,spill,FileSystemStorage,262144,3,787167,615625,498750
1779838817.105486,spill,FileSystemStorage,262144,1,262389,256755,180270
1779838817.105785,spill,FileSystemStorage,262144,3,787167,586861,475727
1779838817.106096,spill,FileSystemStorage,262144,2,524778,474156,326428
1779838817.106172,spill,FileSystemStorage,262144,2,524778,450543,331275
1779838817.106343,spill,FileSystemStorage,262144,1,262389,293454,193909
1779838817.106591,spill,FileSystemStorage,262144,1,262389,250499,167768
1779838817.106849,spill,FileSystemStorage,262144,1,262389,257855,177520
1779838817.106873,spill,FileSystemStorage,262144,2,524778,436487,336516
1779838817.107128,spill,FileSystemStorage,262144,1,262389,290673,189017
1779838817.107435,spill,FileSystemStorage,262144,1,262389,292207,168885
1779838817.107458,spill,FileSystemStorage,262144,1,262389,279675,179253
1779838817.107678,spill,FileSystemStorage,262144,1,262389,274147,186891
1779838817.107915,spill,FileSystemStorage,262144,1,262389,251332,164276
1779838817.107961,spill,FileSystemStorage,262144,1,262389,259710,182345
1779838817.108156,spill,FileSystemStorage,262144,1,262389,240121,151208
1779838817.108496,spill,FileSystemStorage,262144,1,262389,237575,170535
1779838817.108654,spill,FileSystemStorage,262144,2,524778,456370,351479
1779838817.108902,spill,FileSystemStorage,262144,2,524778,425422,324785
1779838817.109147,spill,FileSystemStorage,262144,2,524778,405306,327774
1779838817.109241,spill,FileSystemStorage,262144,1,262389,249207,156409
1779838817.109493,spill,FileSystemStorage,262144,1,262389,300208,193030
1779838817.109731,spill,FileSystemStorage,262144,1,262389,274998,181721
1779838817.109964,spill,FileSystemStorage,262144,2,524778,441854,349287
1779838817.110022,spill,FileSystemStorage,262144,1,262389,254461,171306
1779838817.110249,spill,FileSystemStorage,262144,1,262389,261268,159975
1779838817.110567,spill,FileSystemStorage,262144,1,262389,271740,174813
1779838817.110754,spill,FileSystemStorage,262144,2,524778,415160,318622
1779838817.110779,spill,FileSystemStorage,262144,1,262389,262587,180111
1779838817.111051,spill,FileSystemStorage,262144,1,262389,277469,199408
1779838817.111341,spill,FileSystemStorage,262144,1,262389,269798,177971
1779838817.111437,spill,FileSystemStorage,262144,2,524778,437884,327400
1779838817.112111,spill,FileSystemStorage,262144,2,524778,467371,326585
1779838817.112299,spill,FileSystemStorage,262144,1,262389,266439,183260
1779838817.112310,spill,FileSystemStorage,262144,2,524778,418081,327824
1779838817.112603,spill,FileSystemStorage,262144,1,262389,261368,165304
1779838817.112805,spill,FileSystemStorage,262144,1,262389,239932,156334
1779838817.112981,spill,FileSystemStorage,262144,1,262389,243752,156257
1779838817.113252,spill,FileSystemStorage,262144,2,524778,394968,306370
1779838817.113502,spill,FileSystemStorage,262144,1,262389,282623,176683
1779838817.113739,spill,FileSystemStorage,262144,2,524778,456317,351740
1779838817.113803,spill,FileSystemStorage,262144,1,262389,267156,177158
1779838817.114020,spill,FileSystemStorage,262144,1,262389,256957,162174
1779838817.114346,spill,FileSystemStorage,262144,1,262389,248348,171557
1779838817.114389,spill,FileSystemStorage,262144,1,262389,261571,168460
1779838817.114867,spill,FileSystemStorage,262144,1,262389,272586,173193
1779838817.114918,spill,FileSystemStorage,262144,1,262389,266543,169560
1779838817.114923,spill,FileSystemStorage,262144,2,524778,467373,333670
1779838817.115436,spill,FileSystemStorage,262144,1,262389,287130,170035
1779838817.115478,spill,FileSystemStorage,262144,1,262389,248874,164321
1779838817.115958,spill,FileSystemStorage,262144,1,262389,244767,174925
1779838817.115960,spill,FileSystemStorage,262144,2,524778,439715,323823
1779838817.116121,spill,FileSystemStorage,262144,1,262389,240247,167462
1779838817.116628,spill,FileSystemStorage,262144,2,524778,407122,329027
1779838817.116717,spill,FileSystemStorage,262144,2,524778,439254,335395
1779838817.116806,spill,FileSystemStorage,262144,2,524778,451888,356523
1779838817.117080,spill,FileSystemStorage,262144,1,262389,249181,159770
1779838817.117367,spill,FileSystemStorage,262144,1,262389,278268,179309
1779838817.117421,spill,FileSystemStorage,262144,2,524778,399010,313923
1779838817.117599,spill,FileSystemStorage,262144,1,262389,269676,172898
1779838817.117950,spill,FileSystemStorage,262144,1,262389,259410,164591
1779838817.118021,spill,FileSystemStorage,262144,1,262389,342612,180942
1779838817.118290,spill,FileSystemStorage,262144,2,524778,435940,317322
1779838817.118594,spill,FileSystemStorage,262144,1,262389,261565,171052
1779838817.118678,spill,FileSystemStorage,262144,2,524778,422175,318352
1779838817.118816,spill,FileSystemStorage,262144,1,262389,258423,167880
1779838817.119162,spill,FileSystemStorage,262144,1,262389,323522,191128
1779838817.119234,spill,FileSystemStorage,262144,1,262389,269991,159265
1779838817.119641,spill,FileSystemStorage,262144,2,524778,467454,340116
1779838817.119884,spill,FileSystemStorage,262144,1,262389,258366,180326
1779838817.120170,spill,FileSystemStorage,262144,2,524778,439697,337310
1779838817.120306,spill,FileSystemStorage,262144,2,524778,411254,322831
1779838817.120617,spill,FileSystemStorage,262144,1,262389,241450,155666
1779838817.120865,spill,FileSystemStorage,262144,1,262389,257625,177468
1779838817.120933,spill,FileSystemStorage,262144,1,262389,275391,188106
1779838817.121376,spill,FileSystemStorage,262144,1,262389,252125,165110
1779838817.121488,spill,FileSystemStorage,262144,2,524778,429580,327074
1779838817.121962,spill,FileSystemStorage,262144,2,524778,489416,330386
1779838817.122040,spill,FileSystemStorage,262144,2,524778,415782,335826
1779838817.122302,spill,FileSystemStorage,262144,1,262389,244982,155156
1779838817.122540,spill,FileSystemStorage,262144,1,262389,259569,159740
1779838817.122748,spill,FileSystemStorage,262144,2,524778,506734,359539
1779838817.123024,spill,FileSystemStorage,262144,2,524778,460740,362931
1779838817.123044,spill,FileSystemStorage,262144,1,262389,269015,199192
1779838817.123382,spill,FileSystemStorage,262144,1,262389,309744,167311
1779838817.123630,spill,FileSystemStorage,262144,1,262389,285706,169896
1779838817.123827,spill,FileSystemStorage,262144,2,524778,413236,306365
1779838817.124067,spill,FileSystemStorage,262144,1,262389,228421,163397
1779838817.124206,spill,FileSystemStorage,262144,2,524778,423665,317161
1779838817.124384,spill,FileSystemStorage,262144,1,262389,280209,182653
1779838817.124773,spill,FileSystemStorage,262144,2,524778,402983,325098
1779838817.124995,spill,FileSystemStorage,262144,1,262389,263440,158939
1779838817.125124,spill,FileSystemStorage,262144,2,524778,445646,327175
1779838817.125441,spill,FileSystemStorage,262144,2,524778,432726,318691
1779838817.125530,spill,FileSystemStorage,262144,1,262389,263166,166543
1779838817.125886,spill,FileSystemStorage,262144,1,262389,260820,171503
1779838817.126123,spill,FileSystemStorage,262144,1,262389,259096,168984
1779838817.126173,spill,FileSystemStorage,262144,2,524778,415169,322295
1779838817.126648,spill,FileSystemStorage,262144,1,262389,272564,179277
1779838817.126764,spill,FileSystemStorage,262144,2,524778,531715,383939
1779838817.126796,spill,FileSystemStorage,262144,1,262389,273280,173351
1779838817.127173,spill,FileSystemStorage,262144,1,262389,298910,152250
1779838817.127445,spill,FileSystemStorage,262144,1,262389,259401,174723
1779838817.127579,spill,FileSystemStorage,262144,2,524778,460125,334031
1779838817.127955,spill,FileSystemStorage,262144,1,262389,276422,169253
1779838817.128220,spill,FileSystemStorage,262144,1,262389,285003,191105
1779838817.128222,spill,FileSystemStorage,262144,2,524778,474132,373637
1779838817.128423,spill,FileSystemStorage,262144,1,262389,247400,165839
1779838817.129046,spill,FileSystemStorage,262144,1,262389,273068,176649
1779838817.129051,spill,FileSystemStorage,262144,1,262389,308425,193464
1779838817.129093,spill,FileSystemStorage,262144,2,524778,444692,320790
1779838817.129634,spill,FileSystemStorage,262144,1,262389,316545,192504
1779838817.129736,spill,FileSystemStorage,262144,2,524778,430475,331049
1779838817.129813,spill,FileSystemStorage,262144,2,524778,446280,341169
1779838817.130332,spill,FileSystemStorage,262144,1,262389,294568,177294
1779838817.130365,spill,FileSystemStorage,262144,1,262389,260901,156703
1779838817.130491,spill,FileSystemStorage,262144,2,524778,480146,371640
1779838817.131085,spill,FileSystemStorage,262144,2,524778,522828,388977
1779838817.131136,spill,FileSystemStorage,262144,1,262389,339727,217886
1779838817.131258,spill,FileSystemStorage,262144,3,787167,634116,517160
1779838817.131669,spill,FileSystemStorage,262144,1,262389,263314,156641
1779838817.131860,spill,FileSystemStorage,262144,1,262389,283453,187553
1779838817.132025,spill,FileSystemStorage,262144,2,524778,530107,351955
1779838817.132312,spill,FileSystemStorage,262144,1,262389,248420,164562
1779838817.132717,spill,FileSystemStorage,262144,2,524778,433689,329032
1779838817.132806,spill,FileSystemStorage,262144,1,262389,277980,184473
1779838817.132922,spill,FileSystemStorage,262144,2,524778,464215,338227
1779838817.133269,spill,FileSystemStorage,262144,1,262389,259068,169908
1779838817.133473,spill,FileSystemStorage,262144,2,524778,418791,323983
1779838817.133675,spill,FileSystemStorage,262144,2,524778,471434,345659
1779838817.133770,spill,FileSystemStorage,262144,1,262389,253292,162740
1779838817.134014,spill,FileSystemStorage,262144,1,262389,275453,167044
1779838817.134315,spill,FileSystemStorage,262144,1,262389,296201,179088
1779838817.134491,spill,FileSystemStorage,262144,1,262389,265390,168912
1779838817.134501,spill,FileSystemStorage,262144,2,524778,417825,323626
1779838817.134770,spill,FileSystemStorage,262144,1,262389,269629,177118
1779838817.135107,spill,FileSystemStorage,262144,1,262389,298958,208320
1779838817.135221,spill,FileSystemStorage,262144,2,524778,460570,364088
1779838817.135305,spill,FileSystemStorage,262144,1,262389,267800,165643
1779838817.135883,spill,FileSystemStorage,262144,1,262389,280733,172189
1779838817.135950,spill,FileSystemStorage,262144,2,524778,417592,317060
1779838817.136009,spill,FileSystemStorage,262144,2,524778,441299,327088
1779838817.136376,spill,FileSystemStorage,262144,1,262389,261411,174690
1779838817.136450,spill,FileSystemStorage,262144,1,262389,259523,163246
1779838817.136502,spill,FileSystemStorage,262144,1,262389,271238,190059
1779838817.136942,spill,FileSystemStorage,262144,1,262389,221847,156143
1779838817.137049,spill,FileSystemStorage,262144,1,262389,261455,179680
1779838817.137099,spill,FileSystemStorage,262144,1,262389,263497,186902
1779838817.137405,spill,FileSystemStorage,262144,1,262389,257096,182571
1779838817.137696,spill,FileSystemStorage,262144,2,524778,418584,324296
1779838817.137781,spill,FileSystemStorage,262144,2,524778,423760,334615
1779838817.137931,spill,FileSystemStorage,262144,1,262389,276400,173681
1779838817.138198,spill,FileSystemStorage,262144,1,262389,245780,154540
1779838817.138354,spill,FileSystemStorage,262144,1,262389,259048,163874
1779838817.138628,spill,FileSystemStorage,262144,2,524778,428614,333568
1779838817.138694,spill,FileSystemStorage,262144,1,262389,252210,158812
1779838817.138847,spill,FileSystemStorage,262144,1,262389,245162,167636
1779838817.139225,spill,FileSystemStorage,262144,1,262389,300078,165354
1779838817.139327,spill,FileSystemStorage,262144,2,524778,467308,347453
1779838817.139772,spill,FileSystemStorage,262144,2,524778,408237,303859
1779838817.140083,spill,FileSystemStorage,262144,1,262389,288966,175440
1779838817.140207,spill,FileSystemStorage,262144,1,262389,269809,156977
1779838817.140650,spill,FileSystemStorage,262144,2,524778,427675,328204
1779838817.140971,spill,FileSystemStorage,262144,1,262389,245900,165957
1779838817.141444,spill,FileSystemStorage,262144,1,262389,297463,173307
1779838817.141691,spill,FileSystemStorage,262144,2,524778,441569,314704
1779838817.141747,spill,FileSystemStorage,262144,1,262389,262921,157445
1779838817.142455,spill,FileSystemStorage,262144,2,524778,402603,312408
1779838817.142474,spill,FileSystemStorage,262144,1,262389,279736,166594
1779838817.143122,spill,FileSystemStorage,262144,1,262389,300116,204548
1779838817.143553,spill,FileSystemStorage,262144,2,524778,452940,331648
1779838817.143802,spill,FileSystemStorage,262144,1,262389,299344,167683
1779838817.144323,spill,FileSystemStorage,262144,2,524778,417598,304858
1779838817.144696,spill,FileSystemStorage,262144,2,524778,401923,303986
1779838817.145156,spill,FileSystemStorage,262144,1,262389,320833,180834
1779838817.145202,spill,FileSystemStorage,262144,2,524778,417206,321883
1779838817.145717,spill,FileSystemStorage,262144,2,524778,427120,303096
1779838817.146025,spill,FileSystemStorage,262144,1,262389,255604,155057
1779838817.146476,spill,FileSystemStorage,262144,2,524778,441877,328486
1779838817.147002,spill,FileSystemStorage,262144,2,524778,473310,330306
1779838817.147300,spill,FileSystemStorage,262144,1,262389,283379,172147
1779838817.147348,spill,FileSystemStorage,262144,1,262389,261273,159633
1779838817.147853,spill,FileSystemStorage,262144,1,262389,260237,169674
1779838817.148471,spill,FileSystemStorage,262144,2,524778,403754,316023
1779838817.148748,spill,FileSystemStorage,262144,1,262389,225209,148500
1779838817.148856,spill,FileSystemStorage,262144,1,262389,284717,159234
1779838817.149217,spill,FileSystemStorage,262144,1,262389,239780,161199
1779838817.149287,spill,FileSystemStorage,262144,1,262389,227336,157862
1779838817.149873,spill,FileSystemStorage,262144,1,262389,278429,185339
1779838817.150180,spill,FileSystemStorage,262144,1,262389,220175,151233
1779838817.150464,spill,FileSystemStorage,262144,1,262389,272066,155632
1779838817.150900,spill,FileSystemStorage,262144,2,524778,404817,325993
1779838817.150947,spill,FileSystemStorage,262144,1,262389,390347,230335
1779838817.151427,spill,FileSystemStorage,262144,1,262389,292560,163244
1779838817.151987,spill,FileSystemStorage,262144,2,524778,559683,388495
1779838817.152248,spill,FileSystemStorage,262144,1,262389,235883,156381
1779838817.152246,spill,FileSystemStorage,262144,1,262389,260499,172147
1779838817.154148,spill,FileSystemStorage,262144,2,524778,1450512,302179
1779838817.157460,spill,FileSystemStorage,262144,2,524778,521053,348810
1779838817.157516,spill,FileSystemStorage,262144,1,262389,250696,157806
1779838817.157733,spill,FileSystemStorage,262144,1,262389,371433,204298
1779838817.158430,spill,FileSystemStorage,262144,3,787167,569044,448650
1779838817.159218,spill,FileSystemStorage,262144,6,1574334,1203282,1032034
1779838817.159273,spill,FileSystemStorage,262144,1,262389,314541,186089
1779838817.159266,spill,FileSystemStorage,262144,4,1049556,1004844,821992
1779838817.160628,spill,FileSystemStorage,262144,2,524778,414656,319043
1779838817.160639,spill,FileSystemStorage,262144,3,787167,728255,561396
1779838817.160797,spill,FileSystemStorage,262144,2,524778,461519,332493
1779838817.161625,spill,FileSystemStorage,262144,2,524778,441783,333496
1779838817.161774,spill,FileSystemStorage,262144,1,262389,297303,176994
1779838817.161778,spill,FileSystemStorage,262144,1,262389,341891,210454
1779838817.162596,spill,FileSystemStorage,262144,1,262389,369502,206948
1779838817.162657,spill,FileSystemStorage,262144,2,524778,421118,311045
1779838817.162957,spill,FileSystemStorage,262144,2,524778,446182,330450
1779838817.163328,spill,FileSystemStorage,262144,1,262389,267787,164701
1779838817.163332,spill,FileSystemStorage,262144,1,262389,365926,179083
1779838817.164118,spill,FileSystemStorage,262144,1,262389,294165,164500
1779838817.164718,spill,FileSystemStorage,262144,2,524778,427550,311797
1779838817.164975,spill,FileSystemStorage,262144,2,524778,399529,299910
1779838817.165300,spill,FileSystemStorage,262144,1,262389,293472,163885
1779838817.165752,spill,FileSystemStorage,262144,1,262389,269044,166894
1779838817.166057,spill,FileSystemStorage,262144,2,524778,432371,317425
1779838817.166588,spill,FileSystemStorage,262144,2,524778,450201,337761
1779838817.166622,spill,FileSystemStorage,262144,1,262389,259146,165178
1779838817.166819,spill,FileSystemStorage,262144,1,262389,256292,154743
1779838817.167380,spill,FileSystemStorage,262144,2,524778,505130,335647
1779838817.167666,spill,FileSystemStorage,262144,1,262389,252773,156643
1779838817.168165,spill,FileSystemStorage,262144,1,262389,286135,162805
1779838817.168571,spill,FileSystemStorage,262144,2,524778,432636,306756
1779838817.168692,spill,FileSystemStorage,262144,1,262389,262718,154133
1779838817.169169,spill,FileSystemStorage,262144,1,262389,273709,162172
1779838817.169712,spill,FileSystemStorage,262144,1,262389,262396,178673
1779838817.169934,spill,FileSystemStorage,262144,3,787167,555283,456816
1779838817.170194,spill,FileSystemStorage,262144,1,262389,278059,165601
1779838817.170347,spill,FileSystemStorage,262144,1,262389,239681,152479
1779838817.171471,spill,FileSystemStorage,262144,1,262389,302348,186035
1779838817.171685,spill,FileSystemStorage,262144,1,262389,291247,167782
1779838817.171714,spill,FileSystemStorage,262144,3,787167,645832,499413
1779838817.172317,spill,FileSystemStorage,262144,2,524778,443874,325916
1779838817.172402,spill,FileSystemStorage,262144,1,262389,243694,166133
1779838817.173067,spill,FileSystemStorage,262144,2,524778,437971,311116
1779838817.173413,spill,FileSystemStorage,262144,1,262389,238575,165022
1779838817.173623,spill,FileSystemStorage,262144,1,262389,279726,162046
1779838817.174038,spill,FileSystemStorage,262144,2,524778,445279,326661
1779838817.174559,spill,FileSystemStorage,262144,1,262389,242310,161777
1779838817.174661,spill,FileSystemStorage,262144,2,524778,439755,330128
1779838817.175311,spill,FileSystemStorage,262144,2,524778,462033,328802
1779838817.175643,spill,FileSystemStorage,262144,1,262389,292468,189199
1779838817.176093,spill,FileSystemStorage,262144,1,262389,266641,164010
1779838817.176367,spill,FileSystemStorage,262144,2,524778,412616,311032
1779838817.177434,spill,FileSystemStorage,262144,1,262389,291121,182186
1779838817.177500,spill,FileSystemStorage,262144,4,1049556,736318,632206
1779838817.178096,spill,FileSystemStorage,262144,2,524778,431442,310449
1779838817.178502,spill,FileSystemStorage,262144,2,524778,431521,312107
1779838817.179148,spill,FileSystemStorage,262144,1,262389,307386,185291
1779838817.179446,spill,FileSystemStorage,262144,3,787167,647351,515398
1779838817.179828,spill,FileSystemStorage,262144,1,262389,281515,167404
1779838817.180355,spill,FileSystemStorage,262144,2,524778,439287,300888
1779838817.180466,spill,FileSystemStorage,262144,1,262389,257186,155716
1779838817.181147,spill,FileSystemStorage,262144,1,262389,274389,168205
1779838817.181212,spill,FileSystemStorage,262144,2,524778,436606,320564
1779838817.181832,spill,FileSystemStorage,262144,2,524778,457492,332047
1779838817.181873,spill,FileSystemStorage,262144,1,262389,265004,176645
1779838817.181911,spill,FileSystemStorage,262144,1,262389,273685,175449
1779838817.182393,spill,FileSystemStorage,262144,1,262389,237504,161005
1779838817.182755,spill,FileSystemStorage,262144,1,262389,249535,152820
1779838817.183115,spill,FileSystemStorage,262144,2,524778,505831,374807
1779838817.183167,spill,FileSystemStorage,262144,1,262389,305677,182952
1779838817.184246,spill,FileSystemStorage,262144,1,262389,254535,156877
1779838817.184492,spill,FileSystemStorage,262144,1,262389,259370,160915
1779838817.185003,spill,FileSystemStorage,262144,1,262389,284368,167595
1779838817.185165,spill,FileSystemStorage,262144,1,262389,232196,157494
1779838817.185454,spill,FileSystemStorage,262144,1,262389,255209,153576
1779838817.186217,spill,FileSystemStorage,262144,4,1049556,743319,620296
1779838817.186281,spill,FileSystemStorage,262144,1,262389,278720,186417
1779838817.186512,spill,FileSystemStorage,262144,2,524778,417995,340506
1779838817.186776,spill,FileSystemStorage,262144,1,262389,266565,158235
1779838817.187017,spill,FileSystemStorage,262144,1,262389,299497,195473
1779838817.187294,spill,FileSystemStorage,262144,1,262389,292455,167922
1779838817.187517,spill,FileSystemStorage,262144,1,262389,237558,154289
1779838817.188600,spill,FileSystemStorage,262144,2,524778,417121,320483
1779838817.189018,spill,FileSystemStorage,262144,1,262389,280597,178853
1779838817.189031,spill,FileSystemStorage,262144,2,524778,445234,334649
1779838817.189871,spill,FileSystemStorage,262144,1,262389,320409,191419
1779838817.189881,spill,FileSystemStorage,262144,3,787167,602834,469200
1779838817.190050,spill,FileSystemStorage,262144,1,262389,243858,150052
1779838817.190490,spill,FileSystemStorage,262144,1,262389,254196,154828
1779838817.190742,spill,FileSystemStorage,262144,1,262389,232311,162225
1779838817.191118,spill,FileSystemStorage,262144,1,262389,309323,197080
1779838817.191247,spill,FileSystemStorage,262144,2,524778,479984,376892
1779838817.191787,spill,FileSystemStorage,262144,2,524778,405401,299347
1779838817.192359,spill,FileSystemStorage,262144,2,524778,413938,303961
1779838817.192894,spill,FileSystemStorage,262144,1,262389,252139,161653
1779838817.193104,spill,FileSystemStorage,262144,2,524778,433598,310764
1779838817.193482,spill,FileSystemStorage,262144,1,262389,268873,178635
1779838817.193905,spill,FileSystemStorage,262144,2,524778,461297,330660
1779838817.194162,spill,FileSystemStorage,262144,1,262389,245504,161178
1779838817.194246,spill,FileSystemStorage,262144,1,262389,305171,174567
1779838817.194634,spill,FileSystemStorage,262144,1,262389,255356,154722
1779838817.195041,spill,FileSystemStorage,262144,1,262389,289088,196870
1779838817.195238,spill,FileSystemStorage,262144,1,262389,286731,168816
1779838817.195249,spill,FileSystemStorage,262144,1,262389,247280,158846
1779838817.196167,spill,FileSystemStorage,262144,2,524778,417681,311787
1779838817.196176,spill,FileSystemStorage,262144,1,262389,231195,160849
1779838817.196650,spill,FileSystemStorage,262144,2,524778,408134,305283
1779838817.197005,spill,FileSystemStorage,262144,1,262389,270977,165564
1779838817.197267,spill,FileSystemStorage,262144,1,262389,235786,152653
1779838817.197486,spill,FileSystemStorage,262144,1,262389,280970,153891
1779838817.197706,spill,FileSystemStorage,262144,1,262389,251563,166682
1779838817.198200,spill,FileSystemStorage,262144,2,524778,440594,333296
1779838817.198444,spill,FileSystemStorage,262144,1,262389,234178,164030
1779838817.198745,spill,FileSystemStorage,262144,1,262389,265055,164196
1779838817.198969,spill,FileSystemStorage,262144,1,262389,247381,173654
1779838817.199107,spill,FileSystemStorage,262144,1,262389,335619,201594
1779838817.199752,spill,FileSystemStorage,262144,1,262389,265749,162980
1779838817.199945,spill,FileSystemStorage,262144,1,262389,279289,153823
1779838817.200758,spill,FileSystemStorage,262144,2,524778,515879,362659
1779838817.201937,spill,FileSystemStorage,262144,2,524778,674520,389559
1779838817.202217,spill,FileSystemStorage,262144,1,262389,246766,169785
1779838817.202304,spill,FileSystemStorage,262144,1,262389,270237,163195
1779838817.203266,spill,FileSystemStorage,262144,1,262389,309295,179052
1779838817.203264,spill,FileSystemStorage,262144,3,787167,795035,630572
1779838817.203968,spill,FileSystemStorage,262144,1,262389,294950,172568
1779838817.204541,spill,FileSystemStorage,262144,2,524778,538011,384828
1779838817.204624,spill,FileSystemStorage,262144,2,524778,419527,303836
1779838817.205165,spill,FileSystemStorage,262144,2,524778,410669,309045
1779838817.205269,spill,FileSystemStorage,262144,1,262389,295922,178175
1779838817.205570,spill,FileSystemStorage,262144,1,262389,339971,205273
1779838817.205761,spill,FileSystemStorage,262144,1,262389,262293,168757
1779838817.206010,spill,FileSystemStorage,262144,1,262389,249228,155864
1779838817.206935,spill,FileSystemStorage,262144,2,524778,462786,309704
1779838817.207140,spill,FileSystemStorage,262144,1,262389,303891,185308
1779838817.207284,spill,FileSystemStorage,262144,1,262389,392307,168396
1779838817.208179,spill,FileSystemStorage,262144,1,262389,273612,168628
1779838817.208723,spill,FileSystemStorage,262144,2,524778,476236,327388
1779838817.208772,spill,FileSystemStorage,262144,1,262389,247889,157236
1779838817.209196,spill,FileSystemStorage,262144,1,262389,260907,161304
1779838817.209454,spill,FileSystemStorage,262144,1,262389,270007,174978
1779838817.209877,spill,FileSystemStorage,262144,2,524778,406262,296215
1779838817.210248,spill,FileSystemStorage,262144,1,262389,240225,150055
1779838817.210557,spill,FileSystemStorage,262144,1,262389,297037,182662
1779838817.211133,spill,FileSystemStorage,262144,2,524778,478321,353990
1779838817.211365,spill,FileSystemStorage,262144,1,262389,330542,186848
1779838817.211756,spill,FileSystemStorage,262144,2,524778,428711,307766
1779838817.212242,spill,FileSystemStorage,262144,2,524778,441632,320503
1779838817.212651,spill,FileSystemStorage,262144,1,262389,249658,155979
1779838817.213027,spill,FileSystemStorage,262144,1,262389,254068,165673
1779838817.213091,spill,FileSystemStorage,262144,2,524778,534608,382137
1779838817.214078,spill,FileSystemStorage,262144,2,524778,430700,334196
1779838817.214128,spill,FileSystemStorage,262144,2,524778,448919,334184
1779838817.214652,spill,FileSystemStorage,262144,1,262389,376389,221270
1779838817.214963,spill,FileSystemStorage,262144,2,524778,468608,356118
1779838817.215171,spill,FileSystemStorage,262144,2,524778,481033,355113
1779838817.215440,spill,FileSystemStorage,262144,1,262389,320575,195558
1779838817.216150,spill,FileSystemStorage,262144,2,524778,693278,308521
1779838817.217497,spill,FileSystemStorage,262144,3,787167,594217,465021
1779838817.221074,spill,FileSystemStorage,262144,2,524778,526835,333035
1779838817.223017,spill,FileSystemStorage,262144,1,262389,292448,199725
1779838817.223351,spill,FileSystemStorage,262144,1,262389,338726,176203
1779838817.223585,spill,FileSystemStorage,262144,3,787167,644069,464164
1779838817.224996,spill,FileSystemStorage,262144,2,524778,469355,312773
1779838817.225097,spill,FileSystemStorage,262144,2,524778,475301,315394
1779838817.225977,spill,FileSystemStorage,262144,1,262389,271532,166490
1779838817.226182,spill,FileSystemStorage,262144,2,524778,561874,398444
1779838817.226475,spill,FileSystemStorage,262144,5,1311945,881408,739618
1779838817.226951,spill,FileSystemStorage,262144,1,262389,289243,157927
1779838817.227108,spill,FileSystemStorage,262144,1,262389,311617,189917
1779838817.227821,spill,FileSystemStorage,262144,3,787167,680326,487365
1779838817.227902,spill,FileSystemStorage,262144,1,262389,268833,170144
1779838817.228361,spill,FileSystemStorage,262144,2,524778,390960,272274
1779838817.229264,spill,FileSystemStorage,262144,1,262389,674265,196847
1779838817.229539,spill,FileSystemStorage,262144,3,787167,672975,451532
1779838817.229631,spill,FileSystemStorage,262144,2,524778,385600,292923
1779838817.229999,spill,FileSystemStorage,262144,1,262389,323815,194168
1779838817.230376,spill,FileSystemStorage,262144,1,262389,236484,133267
1779838817.231231,spill,FileSystemStorage,262144,2,524778,579673,367881
1779838817.231278,spill,FileSystemStorage,262144,1,262389,338266,180189
1779838817.231377,spill,FileSystemStorage,262144,2,524778,497389,327684
1779838817.232155,spill,FileSystemStorage,262144,1,262389,244790,146727
1779838817.232413,spill,FileSystemStorage,262144,1,262389,297802,176418
1779838817.232919,spill,FileSystemStorage,262144,1,262389,319397,158673
1779838817.233195,spill,FileSystemStorage,262144,1,262389,254371,156012
1779838817.233357,spill,FileSystemStorage,262144,1,262389,285044,162222
1779838817.234035,spill,FileSystemStorage,262144,1,262389,272963,159228
1779838817.234149,spill,FileSystemStorage,262144,3,787167,554881,413502
1779838817.234362,spill,FileSystemStorage,262144,1,262389,330186,178573
1779838817.234636,spill,FileSystemStorage,262144,1,262389,216373,135830
1779838817.234828,spill,FileSystemStorage,262144,1,262389,232437,139050
1779838817.235338,spill,FileSystemStorage,262144,2,524778,545029,389389
1779838817.235443,spill,FileSystemStorage,262144,2,524778,423592,314664
1779838817.235830,spill,FileSystemStorage,262144,1,262389,245225,152726
1779838817.236181,spill,FileSystemStorage,262144,1,262389,278038,147753
1779838817.237018,spill,FileSystemStorage,262144,1,262389,337104,206683
1779838817.237124,spill,FileSystemStorage,262144,1,262389,267255,153531
1779838817.237275,spill,FileSystemStorage,262144,4,1049556,717509,592618
1779838817.238065,spill,FileSystemStorage,262144,2,524778,534427,378209
1779838817.238211,spill,FileSystemStorage,262144,2,524778,379202,280800
1779838817.238703,spill,FileSystemStorage,262144,2,524778,415864,294032
1779838817.239093,spill,FileSystemStorage,262144,1916,502737324,333428044,302175595
1779838817.239557,spill,FileSystemStorage,262144,1,262389,298602,170449
1779838817.239604,spill,FileSystemStorage,262144,3,787167,540106,424468
1779838817.240754,spill,FileSystemStorage,262144,3,787167,570695,430643
1779838817.241017,spill,FileSystemStorage,262144,2,524778,442732,322225
1779838817.241363,spill,FileSystemStorage,262144,1,262389,281784,142573
1779838817.242279,spill,FileSystemStorage,262144,1,262389,354042,217163
1779838817.242405,spill,FileSystemStorage,262144,3,787167,563920,440122
1779838817.243546,spill,FileSystemStorage,262144,3,787167,720072,547943
1779838817.822016,spill,FileSystemStorage,262144,1,262389,465775,179915
1779838817.822247,spill,FileSystemStorage,262144,1,262389,463700,214251
1779838817.822349,spill,FileSystemStorage,262144,1,262389,413429,181309
1779838817.822824,spill,FileSystemStorage,262144,1,262389,303490,155775
1779838817.823014,spill,FileSystemStorage,262144,1,262389,343611,193224
1779838817.823148,spill,FileSystemStorage,262144,1,262389,332558,187810
1779838817.823417,spill,FileSystemStorage,262144,1,262389,268214,152678
1779838817.823907,spill,FileSystemStorage,262144,1,262389,279686,168626
1779838817.824017,spill,FileSystemStorage,262144,3,787167,654366,485971
1779838817.824572,spill,FileSystemStorage,262144,3,787167,591594,463437
1779838817.824581,spill,FileSystemStorage,262144,1,262389,279861,162357
1779838817.824713,spill,FileSystemStorage,262144,1,262389,281203,147934
1779838817.825264,spill,FileSystemStorage,262144,1,262389,271535,146359
1779838817.825403,spill,FileSystemStorage,262144,1,262389,252042,142445
1779838817.825838,spill,FileSystemStorage,262144,3,787167,556456,438484
1779838817.826160,spill,FileSystemStorage,262144,3,787167,627989,463486
1779838817.827377,spill,FileSystemStorage,262144,3,787167,1515115,468401
1779838817.827410,spill,FileSystemStorage,262144,1,262389,271632,163279
1779838817.827638,spill,FileSystemStorage,262144,1,262389,268306,143531
1779838817.828288,spill,FileSystemStorage,262144,1,262389,261389,150951
1779838817.828372,spill,FileSystemStorage,262144,1,262389,261240,149904
1779838817.828565,spill,FileSystemStorage,262144,1,262389,226379,137908
1779838817.829167,spill,FileSystemStorage,262144,1,262389,265748,168002
1779838817.829623,spill,FileSystemStorage,262144,2,524778,399215,278867
1779838817.829903,spill,FileSystemStorage,262144,1,262389,346538,180815
1779838817.829946,spill,FileSystemStorage,262144,1,262389,251011,168300
1779838817.830464,spill,FileSystemStorage,262144,1,262389,259021,158445
1779838817.830832,spill,FileSystemStorage,262144,2,524778,415377,295513
1779838817.831006,spill,FileSystemStorage,262144,1,262389,355982,179833
1779838817.831104,spill,FileSystemStorage,262144,1,262389,277009,167466
1779838817.831408,spill,FileSystemStorage,262144,1,262389,249247,154645
1779838817.832649,spill,FileSystemStorage,262144,1,262389,516323,143589
1779838817.832833,spill,FileSystemStorage,262144,1,262389,323030,160014
1779838817.833205,spill,FileSystemStorage,262144,3,787167,720617,484271
1779838817.833632,spill,FileSystemStorage,262144,1,262389,230432,142215
1779838817.833830,spill,FileSystemStorage,262144,1,262389,241817,142549
1779838817.834271,spill,FileSystemStorage,262144,2,524778,430366,287971
1779838817.834450,spill,FileSystemStorage,262144,1,262389,233916,150962
1779838817.834685,spill,FileSystemStorage,262144,1,262389,241289,144161
1779838817.835463,spill,FileSystemStorage,262144,3,787167,700932,549359
1779838817.835597,spill,FileSystemStorage,262144,1,262389,281996,171366
1779838817.836638,spill,FileSystemStorage,262144,3,787167,597244,448590
1779838817.837473,spill,FileSystemStorage,262144,2,524778,513289,383767
1779838817.838027,spill,FileSystemStorage,262144,2,524778,502396,326237
1779838817.838144,spill,FileSystemStorage,262144,3,787167,703524,482043
1779838817.838578,spill,FileSystemStorage,262144,2,524778,424736,311729
1779838817.838946,spill,FileSystemStorage,262144,1,262389,304026,176083
1779838817.839239,spill,FileSystemStorage,262144,1,262389,309372,175807
1779838817.839444,spill,FileSystemStorage,262144,2,524778,447753,321338
1779838817.840101,spill,FileSystemStorage,262144,1,262389,271265,166685
1779838817.840777,spill,FileSystemStorage,262144,1,262389,290231,162263
1779838817.840968,spill,FileSystemStorage,262144,1,262389,287141,175900
1779838817.841438,spill,FileSystemStorage,262144,4,1049556,782284,651788
1779838817.841509,spill,FileSystemStorage,262144,1,262389,260795,168457
1779838817.841870,spill,FileSystemStorage,262144,1,262389,291591,159966
1779838817.842373,spill,FileSystemStorage,262144,1,262389,282155,166896
1779838817.842522,spill,FileSystemStorage,262144,1,262389,253418,161964
1779838817.842645,spill,FileSystemStorage,262144,1,262389,289159,180522
1779838817.843262,spill,FileSystemStorage,262144,1,262389,268173,176666
1779838817.843321,spill,FileSystemStorage,262144,2,524778,518220,341622
1779838817.843511,spill,FileSystemStorage,262144,2,524778,470572,321163
1779838817.844504,spill,FileSystemStorage,262144,1,262389,241394,157479
1779838817.844666,spill,FileSystemStorage,262144,1,262389,277118,156991
1779838817.845061,spill,FileSystemStorage,262144,1,262389,321405,179159
1779838817.845532,spill,FileSystemStorage,262144,1,262389,266621,169020
1779838817.845585,spill,FileSystemStorage,262144,2,524778,403952,316689
1779838817.846402,spill,FileSystemStorage,262144,4,1049556,776399,636102
1779838817.846926,spill,FileSystemStorage,262144,1,262389,274311,170050
1779838817.846994,spill,FileSystemStorage,262144,2,524778,488949,355000
1779838817.847224,spill,FileSystemStorage,262144,2,524778,500035,379953
1779838817.847965,spill,FileSystemStorage,262144,3,787167,606662,483324
1779838817.848064,spill,FileSystemStorage,262144,1,262389,268461,157541
1779838817.848704,spill,FileSystemStorage,262144,2,524778,451310,317541
1779838817.849188,spill,FileSystemStorage,262144,2,524778,441283,319922
1779838817.849435,spill,FileSystemStorage,262144,1,262389,242051,158338
1779838817.849505,spill,FileSystemStorage,262144,1,262389,280906,175252
1779838817.850169,spill,FileSystemStorage,262144,1,262389,260471,167873
1779838817.850486,spill,FileSystemStorage,262144,1,262389,263536,171743
1779838817.850590,spill,FileSystemStorage,262144,3,787167,642593,501284
1779838817.850821,spill,FileSystemStorage,262144,1,262389,238685,153776
1779838817.851225,spill,FileSystemStorage,262144,1,262389,294062,176048
1779838817.851888,spill,FileSystemStorage,262144,2,524778,497024,342653
1779838817.852149,spill,FileSystemStorage,262144,1,262389,253568,155134
1779838817.852292,spill,FileSystemStorage,262144,2,524778,452903,327260
1779838817.853034,spill,FileSystemStorage,262144,2,524778,446702,311935
1779838817.853552,spill,FileSystemStorage,262144,1,262389,260236,155759
1779838817.853777,spill,FileSystemStorage,262144,2,524778,479006,332570
1779838817.853963,spill,FileSystemStorage,262144,1,262389,317316,174024
1779838817.854564,spill,FileSystemStorage,262144,1,262389,260147,171045
1779838817.854903,spill,FileSystemStorage,262144,1,262389,260367,173196
1779838817.855180,spill,FileSystemStorage,262144,1,262389,296874,169076
1779838817.855350,spill,FileSystemStorage,262144,3,787167,700430,535538
1779838817.856298,spill,FileSystemStorage,262144,1,262389,305464,170544
1779838817.856290,spill,FileSystemStorage,262144,3,787167,619108,487402
1779838817.856693,spill,FileSystemStorage,262144,1,262389,233337,146323
1779838817.857621,spill,FileSystemStorage,262144,3,787167,579453,467172
1779838817.863238,spill,FileSystemStorage,262144,5,1311945,1076635,852582
1779838817.863308,spill,FileSystemStorage,262144,3,787167,640032,508157
1779838817.864769,spill,FileSystemStorage,262144,5,1311945,1139217,889446
1779838817.865052,spill,FileSystemStorage,262144,3,787167,613148,464094
1779838817.865254,spill,FileSystemStorage,262144,5,1311945,1008567,818609
1779838817.865885,spill,FileSystemStorage,262144,1,262389,319512,169162
1779838817.866260,spill,FileSystemStorage,262144,1,262389,314590,169189
1779838817.866582,spill,FileSystemStorage,262144,3,787167,672974,488530
1779838817.867217,spill,FileSystemStorage,262144,1,262389,324461,167272
1779838817.867225,spill,FileSystemStorage,262144,1,262389,348934,181862
1779838817.867419,spill,FileSystemStorage,262144,3,787167,708346,546694
1779838817.867757,spill,FileSystemStorage,262144,1,262389,259937,157760
1779838817.868088,spill,FileSystemStorage,262144,1,262389,277031,159377
1779838817.868353,spill,FileSystemStorage,262144,1,262389,266622,172912
1779838817.868520,spill,FileSystemStorage,262144,2,524778,456070,340480
1779838817.869055,spill,FileSystemStorage,262144,2,524778,482410,351957
1779838817.869193,spill,FileSystemStorage,262144,3,787167,624732,506936
1779838817.869638,spill,FileSystemStorage,262144,1,262389,244736,161248
1779838817.869894,spill,FileSystemStorage,262144,1,262389,262159,165403
1779838817.869887,spill,FileSystemStorage,262144,3,787167,629338,494500
1779838817.870469,spill,FileSystemStorage,262144,2,524778,394003,297731
1779838817.870477,spill,FileSystemStorage,262144,1,262389,244643,167053
1779838817.870709,spill,FileSystemStorage,262144,1,262389,298535,169985
1779838817.871378,spill,FileSystemStorage,262144,2,524778,448884,314679
1779838817.871654,spill,FileSystemStorage,262144,1,262389,277315,162608
1779838817.872191,spill,FileSystemStorage,262144,1,262389,343346,171551
1779838817.872377,spill,FileSystemStorage,262144,1,262389,248327,173108
1779838817.872707,spill,FileSystemStorage,262144,2,524778,475098,320846
1779838817.872841,spill,FileSystemStorage,262144,1,262389,252477,172927
1779838817.872943,spill,FileSystemStorage,262144,1,262389,303271,167772
1779838817.873320,spill,FileSystemStorage,262144,1,262389,254805,154328
1779838817.873575,spill,FileSystemStorage,262144,1,262389,235682,159330
1779838817.874269,spill,FileSystemStorage,262144,2,524778,449340,330178
1779838817.875296,spill,FileSystemStorage,262144,2,524778,523289,384235
1779838817.875405,spill,FileSystemStorage,262144,3,787167,662336,541545
1779838817.875749,spill,FileSystemStorage,262144,2,524778,449291,300732
1779838817.876198,spill,FileSystemStorage,262144,1,262389,285796,160333
1779838817.876724,spill,FileSystemStorage,262144,1,262389,288260,174448
1779838817.877326,spill,FileSystemStorage,262144,2,524778,543155,387632
1779838817.877356,spill,FileSystemStorage,262144,2,524778,550577,405537
1779838817.878053,spill,FileSystemStorage,262144,1,262389,261841,167428
1779838817.878255,spill,FileSystemStorage,262144,3,787167,611675,495211
1779838817.878520,spill,FileSystemStorage,262144,2,524778,411780,295760
1779838817.879339,spill,FileSystemStorage,262144,3,787167,667695,537176
1779838817.879377,spill,FileSystemStorage,262144,2,524778,441576,321358
1779838817.879659,spill,FileSystemStorage,262144,1,262389,287077,163044
1779838817.880573,spill,FileSystemStorage,262144,3,787167,572980,462157
1779838817.881302,spill,FileSystemStorage,262144,1,262389,302853,184675
1779838817.881556,spill,FileSystemStorage,262144,1,262389,282468,163284
1779838817.881554,spill,FileSystemStorage,262144,2,524778,606195,427052
1779838817.881914,spill,FileSystemStorage,262144,1,262389,297006,187574
1779838817.882180,spill,FileSystemStorage,262144,1,262389,278091,156341
1779838817.882353,spill,FileSystemStorage,262144,1,262389,367744,219083
1779838817.882442,spill,FileSystemStorage,262144,1,262389,259816,159674
1779838817.882788,spill,FileSystemStorage,262144,1,262389,244112,152742
1779838817.883416,spill,FileSystemStorage,262144,1,262389,305021,180899
1779838817.883472,spill,FileSystemStorage,262144,3,787167,656775,495091
1779838817.883800,spill,FileSystemStorage,262144,1,262389,267621,155526
1779838817.884118,spill,FileSystemStorage,262144,1,262389,280333,175049
1779838817.884137,spill,FileSystemStorage,262144,1,262389,289149,176598
1779838817.885071,spill,FileSystemStorage,262144,3,787167,595067,472368
1779838817.885158,spill,FileSystemStorage,262144,1,262389,273063,167894
1779838817.885324,spill,FileSystemStorage,262144,1,262389,267048,155677
1779838817.885720,spill,FileSystemStorage,262144,1,262389,267292,161486
1779838817.886031,spill,FileSystemStorage,262144,1,262389,275767,180823
1779838817.886121,spill,FileSystemStorage,262144,1,262389,263967,165369
1779838817.886389,spill,FileSystemStorage,262144,1,262389,272033,160189
1779838817.886561,spill,FileSystemStorage,262144,1,262389,248813,155207
1779838817.886796,spill,FileSystemStorage,262144,1,262389,252602,148974
1779838817.887325,spill,FileSystemStorage,262144,2,524778,506904,343923
1779838817.887626,spill,FileSystemStorage,262144,1,262389,280271,155847
1779838817.887877,spill,FileSystemStorage,262144,1,262389,277658,160729
1779838817.888157,spill,FileSystemStorage,262144,1,262389,255244,156617
1779838817.888559,spill,FileSystemStorage,262144,1,262389,279926,168863
1779838817.888691,spill,FileSystemStorage,262144,1,262389,253369,170380
1779838817.888796,spill,FileSystemStorage,262144,1,262389,272109,160991
1779838817.889375,spill,FileSystemStorage,262144,2,524778,399171,288683
1779838817.889636,spill,FileSystemStorage,262144,1,262389,321248,198633
1779838817.889930,spill,FileSystemStorage,262144,1,262389,287670,169051
1779838817.890180,spill,FileSystemStorage,262144,1,262389,260878,152830
1779838817.890433,spill,FileSystemStorage,262144,1,262389,354222,209279
1779838817.890619,spill,FileSystemStorage,262144,1,262389,247751,157751
1779838817.891147,spill,FileSystemStorage,262144,1,262389,337135,228409
1779838817.891265,spill,FileSystemStorage,262144,1,262389,333109,193678
1779838817.891345,spill,FileSystemStorage,262144,2,524778,588158,427496
1779838817.891782,spill,FileSystemStorage,262144,1,262389,265890,164973
1779838817.892013,spill,FileSystemStorage,262144,1,262389,268711,159103
1779838817.892329,spill,FileSystemStorage,262144,1,262389,401463,213171
1779838817.892578,spill,FileSystemStorage,262144,2,524778,446730,336966
1779838817.892721,spill,FileSystemStorage,262144,1,262389,298934,188510
1779838817.893201,spill,FileSystemStorage,262144,1,262389,369737,216335
1779838817.893381,spill,FileSystemStorage,262144,1,262389,319786,204832
1779838817.893381,spill,FileSystemStorage,262144,1,262389,286507,193940
1779838817.894082,spill,FileSystemStorage,262144,1,262389,261483,170347
1779838817.894139,spill,FileSystemStorage,262144,2,524778,581217,410651
1779838817.894358,spill,FileSystemStorage,262144,1,262389,276246,167994
1779838817.894612,spill,FileSystemStorage,262144,1,262389,262616,155511
1779838817.895395,spill,FileSystemStorage,262144,2,524778,470086,317272
1779838817.896338,spill,FileSystemStorage,262144,2,524778,482670,347094
1779838817.896480,spill,FileSystemStorage,262144,1,262389,320383,186253
1779838817.896973,spill,FileSystemStorage,262144,1,262389,298166,167535
1779838817.897412,spill,FileSystemStorage,262144,1,262389,317589,210702
1779838817.897702,spill,FileSystemStorage,262144,2,524778,489482,361904
1779838817.898112,spill,FileSystemStorage,262144,2,524778,521365,336419
1779838817.898507,spill,FileSystemStorage,262144,1,262389,348891,217413
1779838817.898636,spill,FileSystemStorage,262144,3,787167,695035,553411
1779838817.899063,spill,FileSystemStorage,262144,1,262389,333908,207400
1779838817.899362,spill,FileSystemStorage,262144,2,524778,573359,404108
1779838817.899462,spill,FileSystemStorage,262144,1,262389,324246,199128
1779838817.899776,spill,FileSystemStorage,262144,1,262389,280352,162283
1779838817.899907,spill,FileSystemStorage,262144,1,262389,263204,161679
1779838817.900470,spill,FileSystemStorage,262144,2,524778,474065,352032
1779838817.900568,spill,FileSystemStorage,262144,1,262389,317542,202765
1779838817.900764,spill,FileSystemStorage,262144,1,262389,281800,173073
1779838817.901028,spill,FileSystemStorage,262144,1,262389,287577,182930
1779838817.901218,spill,FileSystemStorage,262144,1,262389,305719,174823
1779838817.901449,spill,FileSystemStorage,262144,1,262389,329940,169542
1779838817.901788,spill,FileSystemStorage,262144,1,262389,316195,203753
1779838817.902051,spill,FileSystemStorage,262144,2,524778,460662,334601
1779838817.902315,spill,FileSystemStorage,262144,1,262389,298034,164774
1779838817.902578,spill,FileSystemStorage,262144,1,262389,290610,181291
1779838817.902876,spill,FileSystemStorage,262144,1,262389,328985,171853
1779838817.903036,spill,FileSystemStorage,262144,1,262389,299554,204582
1779838817.903244,spill,FileSystemStorage,262144,1,262389,293747,168404
1779838817.903545,spill,FileSystemStorage,262144,1,262389,277780,160097
1779838817.904132,spill,FileSystemStorage,262144,2,524778,438993,323016
1779838817.904319,spill,FileSystemStorage,262144,1,262389,302467,173063
1779838817.904554,spill,FileSystemStorage,262144,1,262389,296625,171259
1779838817.904768,spill,FileSystemStorage,262144,1,262389,280565,172458
1779838817.905166,spill,FileSystemStorage,262144,1,262389,274279,168393
1779838817.905254,spill,FileSystemStorage,262144,1,262389,273182,175428
1779838817.905461,spill,FileSystemStorage,262144,1,262389,256852,159076
1779838817.905836,spill,FileSystemStorage,262144,1,262389,273119,164134
1779838817.905881,spill,FileSystemStorage,262144,1,262389,275633,176566
1779838817.906111,spill,FileSystemStorage,262144,1,262389,250193,177973
1779838817.906462,spill,FileSystemStorage,262144,1,262389,237847,158616
1779838817.906663,spill,FileSystemStorage,262144,1,262389,250225,167031
1779838817.906874,spill,FileSystemStorage,262144,1,262389,250767,158559
1779838817.907096,spill,FileSystemStorage,262144,1,262389,322229,207123
1779838817.907552,spill,FileSystemStorage,262144,1,262389,275991,159497
1779838817.907695,spill,FileSystemStorage,262144,1,262389,269504,175165
1779838817.908113,spill,FileSystemStorage,262144,2,524778,433122,330627
1779838817.908437,spill,FileSystemStorage,262144,2,524778,417123,311086
1779838817.909094,spill,FileSystemStorage,262144,2,524778,421472,303400
1779838817.909310,spill,FileSystemStorage,262144,1,262389,239493,147506
1779838817.909845,spill,FileSystemStorage,262144,1,262389,245178,164839
1779838817.909914,spill,FileSystemStorage,262144,2,524778,447219,336583
1779838817.910413,spill,FileSystemStorage,262144,1,262389,276254,164038
1779838817.911077,spill,FileSystemStorage,262144,3,787167,645351,521227
1779838817.911139,spill,FileSystemStorage,262144,1,262389,314505,191475
1779838817.911286,spill,FileSystemStorage,262144,2,524778,471929,361205
1779838817.911927,spill,FileSystemStorage,262144,1,262389,349920,170409
1779838817.912505,spill,FileSystemStorage,262144,1,262389,283690,167887
1779838817.912549,spill,FileSystemStorage,262144,1,262389,324502,167934
1779838817.912850,spill,FileSystemStorage,262144,1,262389,270082,155088
1779838817.913235,spill,FileSystemStorage,262144,2,524778,420234,314221
1779838817.913617,spill,FileSystemStorage,262144,2,524778,387015,295188
1779838817.914007,spill,FileSystemStorage,262144,1,262389,253782,167650
1779838817.914065,spill,FileSystemStorage,262144,2,524778,472476,349131
1779838817.914525,spill,FileSystemStorage,262144,1,262389,252392,167715
1779838817.914563,spill,FileSystemStorage,262144,1,262389,255396,175469
1779838817.915313,spill,FileSystemStorage,262144,2,524778,468795,341332
1779838817.916017,spill,FileSystemStorage,262144,2,524778,562026,376271
1779838817.916075,spill,FileSystemStorage,262144,1,262389,256723,162072
1779838817.916675,spill,FileSystemStorage,262144,1,262389,472302,183918
1779838817.916776,spill,FileSystemStorage,262144,1,262389,347552,218472
1779838817.916914,spill,FileSystemStorage,262144,2,524778,440447,331870
1779838817.917618,spill,FileSystemStorage,262144,1,262389,296476,163082
1779838817.917699,spill,FileSystemStorage,262144,1,262389,269300,164111
1779838817.917807,spill,FileSystemStorage,262144,2,524778,573308,413710
1779838817.918119,spill,FileSystemStorage,262144,1,262389,237769,149482
1779838817.918300,spill,FileSystemStorage,262144,1,262389,239236,166637
1779838817.918928,spill,FileSystemStorage,262144,2,524778,408435,310222
1779838817.919289,spill,FileSystemStorage,262144,1,262389,394131,204224
1779838817.919353,spill,FileSystemStorage,262144,2,524778,479455,359073
1779838817.919469,spill,FileSystemStorage,262144,1,262389,256563,160624
1779838817.920017,spill,FileSystemStorage,262144,1,262389,274993,180350
1779838817.920793,spill,FileSystemStorage,262144,4,1049556,709475,589173
1779838817.921158,spill,FileSystemStorage,262144,1,262389,263636,163343
1779838817.921432,spill,FileSystemStorage,262144,1,262389,314421,169710
1779838817.921769,spill,FileSystemStorage,262144,2,524778,422065,304465
1779838817.922108,spill,FileSystemStorage,262144,1,262389,304510,169103
1779838817.922835,spill,FileSystemStorage,262144,3,787167,553063,449602
1779838817.923161,spill,FileSystemStorage,262144,1,262389,354288,203801
1779838817.923243,spill,FileSystemStorage,262144,2,524778,460567,352205
1779838817.923642,spill,FileSystemStorage,262144,1,262389,284796,152725
1779838817.923991,spill,FileSystemStorage,262144,1,262389,264018,162198
1779838817.924075,spill,FileSystemStorage,262144,1,262389,279895,170230
1779838817.924697,spill,FileSystemStorage,262144,2,524778,413835,297740
1779838817.924810,spill,FileSystemStorage,262144,1,262389,260772,172017
1779838817.925233,spill,FileSystemStorage,262144,1,262389,237568,149356
1779838817.925606,spill,FileSystemStorage,262144,2,524778,381173,293797
1779838817.926065,spill,FileSystemStorage,262144,2,524778,381817,303355
1779838817.926315,spill,FileSystemStorage,262144,2,524778,439349,318569
1779838817.926672,spill,FileSystemStorage,262144,1,262389,258301,175238
1779838817.926787,spill,FileSystemStorage,262144,2,524778,399267,303623
1779838817.927177,spill,FileSystemStorage,262144,1,262389,311984,165210
1779838817.927629,spill,FileSystemStorage,262144,1,262389,247611,156661
1779838817.927970,spill,FileSystemStorage,262144,1,262389,338638,169192
1779838817.928021,spill,FileSystemStorage,262144,1,262389,260382,175930
1779838817.928351,spill,FileSystemStorage,262144,1,262389,256444,155406
1779838817.928602,spill,FileSystemStorage,262144,1,262389,254024,158465
1779838817.928830,spill,FileSystemStorage,262144,1,262389,245686,159777
1779838817.929445,spill,FileSystemStorage,262144,2,524778,431655,308161
1779838817.929488,spill,FileSystemStorage,262144,1,262389,254831,176888
1779838817.929550,spill,FileSystemStorage,262144,1,262389,286570,172807
1779838817.929925,spill,FileSystemStorage,262144,1,262389,258622,156765
1779838817.929982,spill,FileSystemStorage,262144,1,262389,231276,159880
1779838817.930368,spill,FileSystemStorage,262144,2,524778,414094,312380
1779838817.930631,spill,FileSystemStorage,262144,1,262389,259874,172782
1779838817.930635,spill,FileSystemStorage,262144,1,262389,254848,158115
1779838817.931180,spill,FileSystemStorage,262144,1,262389,277402,164828
1779838817.931240,spill,FileSystemStorage,262144,1,262389,275498,165294
1779838817.931919,spill,FileSystemStorage,262144,1,262389,258304,165802
1779838817.931943,spill,FileSystemStorage,262144,1,262389,265568,157929
1779838817.932632,spill,FileSystemStorage,262144,2,524778,463785,317059
1779838817.933113,spill,FileSystemStorage,262144,2,524778,377970,296135
1779838817.933137,spill,FileSystemStorage,262144,1,262389,243568,163798
1779838817.933371,spill,FileSystemStorage,262144,1,262389,261631,165787
1779838817.933836,spill,FileSystemStorage,262144,1,262389,278105,162209
1779838817.933865,spill,FileSystemStorage,262144,1,262389,273214,172696
1779838817.934100,spill,FileSystemStorage,262144,1,262389,264468,170510
1779838817.934550,spill,FileSystemStorage,262144,1,262389,233516,160631
1779838817.934947,spill,FileSystemStorage,262144,2,524778,441218,334934
1779838817.935172,spill,FileSystemStorage,262144,1,262389,346124,190316
1779838817.936044,spill,FileSystemStorage,262144,2,524778,429416,314284
1779838817.936664,spill,FileSystemStorage,262144,1,262389,320696,159550
1779838817.937425,spill,FileSystemStorage,262144,2,524778,439994,318220
1779838817.937484,spill,FileSystemStorage,262144,1,262389,242207,154315
1779838817.938283,spill,FileSystemStorage,262144,3,787167,619338,473877
1779838817.938509,spill,FileSystemStorage,262144,3,787167,585919,478276
1779838817.938646,spill,FileSystemStorage,262144,1,262389,255444,165018
1779838817.939032,spill,FileSystemStorage,262144,2,524778,466536,343996
1779838817.939618,spill,FileSystemStorage,262144,1,262389,266272,171580
1779838817.939681,spill,FileSystemStorage,262144,1,262389,324382,170292
1779838817.940229,spill,FileSystemStorage,262144,1,262389,224815,155905
1779838817.940316,spill,FileSystemStorage,262144,1,262389,271221,171121
1779838817.940404,spill,FileSystemStorage,262144,1,262389,274222,166549
1779838817.941269,spill,FileSystemStorage,262144,2,524778,422109,325279
1779838817.941337,spill,FileSystemStorage,262144,1,262389,256292,168324
1779838817.941348,spill,FileSystemStorage,262144,2,524778,432311,340826
1779838817.941962,spill,FileSystemStorage,262144,2,524778,406005,319919
1779838817.942158,spill,FileSystemStorage,262144,2,524778,445671,317297
1779838817.942173,spill,FileSystemStorage,262144,1,262389,273621,178876
1779838817.942673,spill,FileSystemStorage,262144,1,262389,246171,160286
1779838817.943050,spill,FileSystemStorage,262144,2,524778,446188,347215
1779838817.943543,spill,FileSystemStorage,262144,2,524778,443442,318649
1779838817.943720,spill,FileSystemStorage,262144,1,262389,278464,162883
1779838817.944268,spill,FileSystemStorage,262144,1,262389,268006,179908
1779838817.944992,spill,FileSystemStorage,262144,3,787167,572847,453589
1779838817.945204,spill,FileSystemStorage,262144,2,524778,405351,315509
1779838817.945702,spill,FileSystemStorage,262144,1,262389,267855,161836
1779838817.946032,spill,FileSystemStorage,262144,1,262389,247046,153319
1779838817.946515,spill,FileSystemStorage,262144,1,262389,255310,166525
1779838817.946590,spill,FileSystemStorage,262144,1,262389,261854,161808
1779838817.947256,spill,FileSystemStorage,262144,4,1049556,796568,660830
1779838817.947435,spill,FileSystemStorage,262144,2,524778,439149,332362
1779838817.947507,spill,FileSystemStorage,262144,1,262389,285297,172892
1779838817.948440,spill,FileSystemStorage,262144,1,262389,264974,152317
1779838817.948701,spill,FileSystemStorage,262144,1,262389,252010,158719
1779838817.949190,spill,FileSystemStorage,262144,3,787167,582950,469600
1779838817.950474,spill,FileSystemStorage,262144,4,1049556,775697,633562
1779838817.950946,spill,FileSystemStorage,262144,1,262389,276583,178710
1779838817.951216,spill,FileSystemStorage,262144,5,1311945,1005125,859922
1779838817.951273,spill,FileSystemStorage,262144,1,262389,305403,162602
1779838817.951775,spill,FileSystemStorage,262144,1,262389,251275,157210
1779838817.951981,spill,FileSystemStorage,262144,1,262389,280576,166177
1779838817.952652,spill,FileSystemStorage,262144,2,524778,404939,306953
1779838817.953002,spill,FileSystemStorage,262144,2,524778,399694,302378
1779838817.953563,spill,FileSystemStorage,262144,2,524778,398895,292540
1779838817.954409,spill,FileSystemStorage,262144,2,524778,475205,335490
1779838817.954502,spill,FileSystemStorage,262144,3,787167,651320,526408
1779838817.954570,spill,FileSystemStorage,262144,1,262389,302901,178919
1779838817.955220,spill,FileSystemStorage,262144,2,524778,456931,344913
1779838817.955286,spill,FileSystemStorage,262144,1,262389,267543,162681
1779838817.956299,spill,FileSystemStorage,262144,1,262389,277400,166324
1779838817.956371,spill,FileSystemStorage,262144,3,787167,620615,490642
1779838817.956905,spill,FileSystemStorage,262144,2,524778,422085,303024
1779838817.957104,spill,FileSystemStorage,262144,2,524778,414459,310183
1779838817.957743,spill,FileSystemStorage,262144,1,262389,388002,219900
1779838817.957775,spill,FileSystemStorage,262144,2,524778,446563,325728
1779838817.958086,spill,FileSystemStorage,262144,1,262389,248652,158548
1779838817.958576,spill,FileSystemStorage,262144,2,524778,479782,329030
1779838817.959074,spill,FileSystemStorage,262144,2,524778,496722,369591
1779838817.959102,spill,FileSystemStorage,262144,1,262389,301890,207668
1779838817.959395,spill,FileSystemStorage,262144,1,262389,333451,172598
1779838817.960029,spill,FileSystemStorage,262144,1,262389,268275,164494
1779838817.960104,spill,FileSystemStorage,262144,1,262389,267647,158995
1779838817.960463,spill,FileSystemStorage,262144,2,524778,474732,349132
1779838817.960704,spill,FileSystemStorage,262144,1,262389,258276,164453
1779838817.961136,spill,FileSystemStorage,262144,1,262389,275876,160588
1779838817.961682,spill,FileSystemStorage,262144,1,262389,284311,181784
1779838817.961760,spill,FileSystemStorage,262144,3,787167,582032,464986
1779838817.961963,spill,FileSystemStorage,262144,1,262389,230101,152886
1779838817.962210,spill,FileSystemStorage,262144,1,262389,265941,165252
1779838817.962593,spill,FileSystemStorage,262144,1,262389,269212,161669
1779838817.963085,spill,FileSystemStorage,262144,1,262389,297105,212403
1779838817.963454,spill,FileSystemStorage,262144,2,524778,883248,685966
1779838817.963574,spill,FileSystemStorage,262144,2,524778,420303,311729
1779838817.963798,spill,FileSystemStorage,262144,1,262389,270341,163796
1779838817.964368,spill,FileSystemStorage,262144,1,262389,333262,163691
1779838817.964749,spill,FileSystemStorage,262144,2,524778,444779,316263
1779838817.965390,spill,FileSystemStorage,262144,3,787167,571819,453306
1779838817.966068,spill,FileSystemStorage,262144,1,262389,278017,161655
1779838817.967042,spill,FileSystemStorage,262144,1,262389,312298,218993
1779838817.967166,spill,FileSystemStorage,262144,2,524778,480430,383442
1779838817.967241,spill,FileSystemStorage,262144,5,1311945,985504,835258
1779838817.968087,spill,FileSystemStorage,262144,2,524778,439008,317667
1779838817.968118,spill,FileSystemStorage,262144,1,262389,337488,182642
1779838817.969179,spill,FileSystemStorage,262144,4,1049556,749464,624779
1779838817.969284,spill,FileSystemStorage,262144,2,524778,430627,316383
1779838817.969440,spill,FileSystemStorage,262144,1,262389,309346,165636
1779838817.969843,spill,FileSystemStorage,262144,2,524778,429598,306984
1779838817.972325,spill,FileSystemStorage,262144,1,262389,2520925,171781
1779838817.975137,spill,FileSystemStorage,262144,2,524778,444560,331912
1779838817.977024,spill,FileSystemStorage,262144,2,524778,552277,369549
1779838817.977287,spill,FileSystemStorage,262144,2,524778,594029,385034
1779838817.977959,spill,FileSystemStorage,262144,1,262389,257469,161181
1779838817.978073,spill,FileSystemStorage,262144,1,262389,285195,176430
1779838817.978137,spill,FileSystemStorage,262144,9,2361501,2040176,1421988
1779838817.978924,spill,FileSystemStorage,262144,1,262389,301332,175091
1779838817.979014,spill,FileSystemStorage,262144,1,262389,322225,210377
1779838817.979240,spill,FileSystemStorage,262144,5,1311945,1017274,830457
1779838817.979899,spill,FileSystemStorage,262144,1,262389,292389,162771
1779838817.980041,spill,FileSystemStorage,262144,2,524778,498060,360105
1779838817.980077,spill,FileSystemStorage,262144,2,524778,484493,337667
1779838817.980599,spill,FileSystemStorage,262144,1,262389,254439,166090
1779838817.980653,spill,FileSystemStorage,262144,1,262389,283132,181445
1779838817.980892,spill,FileSystemStorage,262144,1,262389,267895,167814
1779838817.981104,spill,FileSystemStorage,262144,1,262389,256906,156954
1779838817.981280,spill,FileSystemStorage,262144,1,262389,258287,161770
1779838817.981729,spill,FileSystemStorage,262144,2,524778,427337,335291
1779838817.982117,spill,FileSystemStorage,262144,4,1049556,747644,624190
1779838817.982323,spill,FileSystemStorage,262144,1,262389,273854,170751
1779838817.982447,spill,FileSystemStorage,262144,3,787167,636827,505375
1779838817.982954,spill,FileSystemStorage,262144,2,524778,423286,310089
1779838817.983320,spill,FileSystemStorage,262144,2,524778,521343,356876
1779838817.983707,spill,FileSystemStorage,262144,1,262389,289726,167186
1779838817.984153,spill,FileSystemStorage,262144,1,262389,277582,169412
1779838817.984471,spill,FileSystemStorage,262144,1,262389,260253,156059
1779838817.985228,spill,FileSystemStorage,262144,2,524778,471513,339043
1779838817.985696,spill,FileSystemStorage,262144,3,787167,618527,491909
1779838817.986119,spill,FileSystemStorage,262144,1,262389,313810,189246
1779838817.986360,spill,FileSystemStorage,262144,3,787167,610627,469812
1779838817.986640,spill,FileSystemStorage,262144,2,524778,500681,328028
1779838817.986741,spill,FileSystemStorage,262144,1,262389,246663,156645
1779838817.987116,spill,FileSystemStorage,262144,1,262389,333208,197754
1779838817.987312,spill,FileSystemStorage,262144,1,262389,354163,175109
1779838817.987683,spill,FileSystemStorage,262144,1,262389,254435,158835
1779838817.988369,spill,FileSystemStorage,262144,2,524778,475242,316730
1779838817.988738,spill,FileSystemStorage,262144,2,524778,418132,307053
1779838817.988999,spill,FileSystemStorage,262144,1,262389,302961,160823
1779838817.989166,spill,FileSystemStorage,262144,1,262389,273522,161605
1779838817.989587,spill,FileSystemStorage,262144,1,262389,267206,157431
1779838817.989968,spill,FileSystemStorage,262144,1,262389,260608,168729
1779838817.989995,spill,FileSystemStorage,262144,3,787167,602452,480142
1779838817.990240,spill,FileSystemStorage,262144,1,262389,250017,168502
1779838817.990479,spill,FileSystemStorage,262144,1,262389,272564,162318
1779838817.990720,spill,FileSystemStorage,262144,1,262389,267768,161333
1779838817.990959,spill,FileSystemStorage,262144,1,262389,259576,166019
1779838817.991239,spill,FileSystemStorage,262144,1,262389,285140,158643
1779838817.991503,spill,FileSystemStorage,262144,1,262389,261251,167002
1779838817.991738,spill,FileSystemStorage,262144,1,262389,286598,176993
1779838817.991988,spill,FileSystemStorage,262144,1,262389,288615,170633
1779838817.992175,spill,FileSystemStorage,262144,1,262389,235690,154774
1779838817.992447,spill,FileSystemStorage,262144,1,262389,288370,174657
1779838817.992633,spill,FileSystemStorage,262144,1,262389,233297,149551
1779838817.992862,spill,FileSystemStorage,262144,1,262389,237210,152469
1779838817.993176,spill,FileSystemStorage,262144,1,262389,302989,178750
1779838817.993328,spill,FileSystemStorage,262144,1,262389,280727,171901
1779838817.993744,spill,FileSystemStorage,262144,2,524778,440364,329802
1779838817.993986,spill,FileSystemStorage,262144,1,262389,232632,156622
1779838817.994289,spill,FileSystemStorage,262144,1,262389,282771,187170
1779838817.994323,spill,FileSystemStorage,262144,1,262389,289236,168467
1779838817.995084,spill,FileSystemStorage,262144,2,524778,453310,345647
1779838817.995363,spill,FileSystemStorage,262144,1,262389,297211,166372
1779838817.995905,spill,FileSystemStorage,262144,1,262389,235934,152752
1779838817.995976,spill,FileSystemStorage,262144,1,262389,280121,165288
1779838817.996724,spill,FileSystemStorage,262144,2,524778,433074,309988
1779838817.997410,spill,FileSystemStorage,262144,1,262389,283301,176401
1779838817.997692,spill,FileSystemStorage,262144,2,524778,436423,325237
1779838817.997771,spill,FileSystemStorage,262144,1,262389,332918,184449
1779838817.997904,spill,FileSystemStorage,262144,1,262389,251928,162141
1779838817.998231,spill,FileSystemStorage,262144,1,262389,261645,154316
1779838817.999129,spill,FileSystemStorage,262144,2,524778,458280,341842
1779838817.999360,spill,FileSystemStorage,262144,1,262389,296923,163290
1779838817.999878,spill,FileSystemStorage,262144,2,524778,514577,345846
1779838818.000119,spill,FileSystemStorage,262144,1,262389,246156,155701
1779838818.000186,spill,FileSystemStorage,262144,1,262389,295509,180938
1779838818.000584,spill,FileSystemStorage,262144,1,262389,268348,161411
1779838818.001197,spill,FileSystemStorage,262144,3,787167,595835,469520
1779838818.001305,spill,FileSystemStorage,262144,1,262389,265574,168318
1779838818.001415,spill,FileSystemStorage,262144,1,262389,272222,163832
1779838818.001940,spill,FileSystemStorage,262144,2,524778,425043,316192
1779838818.002182,spill,FileSystemStorage,262144,1,262389,285147,169418
1779838818.002429,spill,FileSystemStorage,262144,1,262389,285051,166270
1779838818.002642,spill,FileSystemStorage,262144,1,262389,286304,172843
1779838818.002831,spill,FileSystemStorage,262144,1,262389,258552,168547
1779838818.003277,spill,FileSystemStorage,262144,2,524778,462250,359177
1779838818.003607,spill,FileSystemStorage,262144,1,262389,268503,165795
1779838818.003924,spill,FileSystemStorage,262144,1,262389,262608,164946
1779838818.004139,spill,FileSystemStorage,262144,1,262389,259892,162440
1779838818.004623,spill,FileSystemStorage,262144,1,262389,250818,165179
1779838818.005205,spill,FileSystemStorage,262144,2,524778,423921,306764
1779838818.006072,spill,FileSystemStorage,262144,2,524778,414731,322680
1779838818.007568,spill,FileSystemStorage,262144,5,1311945,966293,823071
1779838818.007744,spill,FileSystemStorage,262144,4,1049556,847780,666131
1779838818.007948,spill,FileSystemStorage,262144,1,262389,312942,165582
1779838818.009319,spill,FileSystemStorage,262144,3,787167,616698,473843
1779838818.009325,spill,FileSystemStorage,262144,1,262389,285181,176208
1779838818.009779,spill,FileSystemStorage,262144,1,262389,291550,175170
1779838818.010367,spill,FileSystemStorage,262144,2,524778,429549,315819
1779838818.010396,spill,FileSystemStorage,262144,4,1049556,775960,649903
1779838818.011163,spill,FileSystemStorage,262144,1,262389,310245,195008
1779838818.011417,spill,FileSystemStorage,262144,3,787167,638953,511715
1779838818.011679,spill,FileSystemStorage,262144,1,262389,357028,171915
1779838818.012079,spill,FileSystemStorage,262144,2,524778,451886,331144
1779838818.012713,spill,FileSystemStorage,262144,2,524778,406051,298083
1779838818.012906,spill,FileSystemStorage,262144,1,262389,268566,176176
1779838818.012996,spill,FileSystemStorage,262144,1,262389,273466,160238
1779838818.013445,spill,FileSystemStorage,262144,1,262389,259335,158618
1779838818.013680,spill,FileSystemStorage,262144,1,262389,269569,171868
1779838818.013970,spill,FileSystemStorage,262144,1,262389,277597,164637
1779838818.013994,spill,FileSystemStorage,262144,1,262389,275058,172729
1779838818.014575,spill,FileSystemStorage,262144,1,262389,241785,156327
1779838818.014650,spill,FileSystemStorage,262144,2,524778,449982,315494
1779838818.014751,spill,FileSystemStorage,262144,1,262389,288255,180683
1779838818.015204,spill,FileSystemStorage,262144,1,262389,321660,184012
1779838818.015463,spill,FileSystemStorage,262144,2,524778,445102,320843
1779838818.016159,spill,FileSystemStorage,262144,2,524778,431149,308068
1779838818.016423,spill,FileSystemStorage,262144,1,262389,281687,158039
1779838818.016758,spill,FileSystemStorage,262144,1,262389,304843,161690
1779838818.016945,spill,FileSystemStorage,262144,1,262389,246712,162807
1779838818.017532,spill,FileSystemStorage,262144,2,524778,410855,302504
1779838818.018489,spill,FileSystemStorage,262144,2,524778,440569,329882
1779838818.018833,spill,FileSystemStorage,262144,1,262389,320572,165797
1779838818.018879,spill,FileSystemStorage,262144,3,787167,636449,503540
1779838818.019197,spill,FileSystemStorage,262144,2,524778,463751,364976
1779838818.019490,spill,FileSystemStorage,262144,1,262389,341807,193508
1779838818.019641,spill,FileSystemStorage,262144,2,524778,426269,302984
1779838818.020626,spill,FileSystemStorage,262144,1,262389,286261,169446
1779838818.020688,spill,FileSystemStorage,262144,1,262389,320553,169173
1779838818.021004,spill,FileSystemStorage,262144,2,524778,447082,325221
1779838818.021190,spill,FileSystemStorage,262144,1,262389,293003,172401
1779838818.021484,spill,FileSystemStorage,262144,1,262389,267000,154262
1779838818.021877,spill,FileSystemStorage,262144,2,524778,535957,367577
1779838818.022085,spill,FileSystemStorage,262144,2,524778,470499,347261
1779838818.022101,spill,FileSystemStorage,262144,1,262389,251705,160912
1779838818.022493,spill,FileSystemStorage,262144,1,262389,296323,162803
1779838818.022770,spill,FileSystemStorage,262144,2,524778,402966,294984
1779838818.023284,spill,FileSystemStorage,262144,2,524778,483011,358016
1779838818.023531,spill,FileSystemStorage,262144,1,262389,253136,149294
1779838818.023812,spill,FileSystemStorage,262144,1,262389,296687,172769
1779838818.024060,spill,FileSystemStorage,262144,1,262389,271211,172385
1779838818.024230,spill,FileSystemStorage,262144,1,262389,249960,145910
1779838818.024515,spill,FileSystemStorage,262144,1,262389,280119,157735
1779838818.024692,spill,FileSystemStorage,262144,1,262389,259596,164389
1779838818.024864,spill,FileSystemStorage,262144,1,262389,224070,149786
1779838818.025159,spill,FileSystemStorage,262144,1,262389,276167,162545
1779838818.025310,spill,FileSystemStorage,262144,1,262389,256868,154363
1779838818.025557,spill,FileSystemStorage,262144,1,262389,256188,159582
1779838818.025777,spill,FileSystemStorage,262144,1,262389,253143,162034
1779838818.026028,spill,FileSystemStorage,262144,1,262389,296204,168756
1779838818.026264,spill,FileSystemStorage,262144,1,262389,248001,168450
1779838818.026503,spill,FileSystemStorage,262144,1,262389,268661,167646
1779838818.026717,spill,FileSystemStorage,262144,1,262389,257346,158256
1779838818.027070,spill,FileSystemStorage,262144,1,262389,354013,205754
1779838818.027308,spill,FileSystemStorage,262144,1,262389,352343,171947
1779838818.027694,spill,FileSystemStorage,262144,1,262389,262374,160905
1779838818.028286,spill,FileSystemStorage,262144,2,524778,482784,318536
1779838818.028363,spill,FileSystemStorage,262144,1,262389,290679,171362
1779838818.028544,spill,FileSystemStorage,262144,2,524778,451419,324375
1779838818.028911,spill,FileSystemStorage,262144,1,262389,298240,182278
1779838818.029024,spill,FileSystemStorage,262144,1,262389,256937,161783
1779838818.029395,spill,FileSystemStorage,262144,1,262389,269476,156465
1779838818.029924,spill,FileSystemStorage,262144,2,524778,401872,299526
1779838818.030589,spill,FileSystemStorage,262144,3,787167,623607,467941
1779838818.030666,spill,FileSystemStorage,262144,1,262389,272851,161861
1779838818.031487,spill,FileSystemStorage,262144,2,524778,528165,337426
1779838818.031629,spill,FileSystemStorage,262144,2,524778,426286,315548
1779838818.032394,spill,FileSystemStorage,262144,2,524778,455992,331096
1779838818.032769,spill,FileSystemStorage,262144,2,524778,408468,307108
1779838818.033505,spill,FileSystemStorage,262144,1,262389,289711,172659
1779838818.033560,spill,FileSystemStorage,262144,2,524778,446778,331466
1779838818.033602,spill,FileSystemStorage,262144,1,262389,327802,174864
1779838818.034725,spill,FileSystemStorage,262144,3,787167,646536,477547
1779838818.035114,spill,FileSystemStorage,262144,1,262389,343470,207434
1779838818.035447,spill,FileSystemStorage,262144,1,262389,322479,189408
1779838818.035709,spill,FileSystemStorage,262144,4,1049556,835277,638898
1779838818.035812,spill,FileSystemStorage,262144,1,262389,273764,164396
1779838818.036196,spill,FileSystemStorage,262144,1,262389,268540,153174
1779838818.036361,spill,FileSystemStorage,262144,1,262389,264118,155452
1779838818.036775,spill,FileSystemStorage,262144,2,524778,425668,316416
1779838818.037108,spill,FileSystemStorage,262144,1,262389,240016,154123
1779838818.037143,spill,FileSystemStorage,262144,1,262389,247130,161217
1779838818.037611,spill,FileSystemStorage,262144,2,524778,478297,335791
1779838818.037650,spill,FileSystemStorage,262144,1,262389,260082,177958
1779838818.037823,spill,FileSystemStorage,262144,1,262389,276140,162363
1779838818.038503,spill,FileSystemStorage,262144,1,262389,266534,161414
1779838818.038702,spill,FileSystemStorage,262144,1,262389,270449,171917
1779838818.038749,spill,FileSystemStorage,262144,1,262389,323203,185732
1779838818.039544,spill,FileSystemStorage,262144,1,262389,311617,177339
1779838818.039617,spill,FileSystemStorage,262144,3,787167,625919,466359
1779838818.040172,spill,FileSystemStorage,262144,2,524778,459308,318888
1779838818.040677,spill,FileSystemStorage,262144,1,262389,295150,175240
1779838818.040855,spill,FileSystemStorage,262144,2,524778,529886,364664
1779838818.040903,spill,FileSystemStorage,262144,1,262389,256332,167157
1779838818.041332,spill,FileSystemStorage,262144,1,262389,308611,176363
1779838818.041690,spill,FileSystemStorage,262144,1,262389,274145,168861
1779838818.041752,spill,FileSystemStorage,262144,2,524778,466566,339075
1779838818.042082,spill,FileSystemStorage,262144,1,262389,263060,158118
1779838818.042225,spill,FileSystemStorage,262144,1,262389,286807,164137
1779838818.042755,spill,FileSystemStorage,262144,2,524778,446021,316519
1779838818.042889,spill,FileSystemStorage,262144,1,262389,297153,172773
1779838818.043161,spill,FileSystemStorage,262144,1,262389,328587,199133
1779838818.043625,spill,FileSystemStorage,262144,2,524778,452221,307835
1779838818.044159,spill,FileSystemStorage,262144,1,262389,321710,204209
1779838818.044234,spill,FileSystemStorage,262144,1,262389,391105,211326
1779838818.044405,spill,FileSystemStorage,262144,1,262389,273459,174566
1779838818.044767,spill,FileSystemStorage,262144,1,262389,276292,153749
1779838818.045233,spill,FileSystemStorage,262144,2,524778,434538,300127
1779838818.046039,spill,FileSystemStorage,262144,2,524778,583390,404992
1779838818.046197,spill,FileSystemStorage,262144,1,262389,269767,163518
1779838818.046238,spill,FileSystemStorage,262144,2,524778,530438,369487
1779838818.046656,spill,FileSystemStorage,262144,1,262389,291627,165382
1779838818.046849,spill,FileSystemStorage,262144,2,524778,406217,302334
1779838818.047235,spill,FileSystemStorage,262144,1,262389,352550,191311
1779838818.047380,spill,FileSystemStorage,262144,1,262389,290324,175387
1779838818.047599,spill,FileSystemStorage,262144,1,262389,273261,153054
1779838818.047945,spill,FileSystemStorage,262144,1,262389,309629,184905
1779838818.048131,spill,FileSystemStorage,262144,1,262389,300898,176558
1779838818.048521,spill,FileSystemStorage,262144,2,524778,419983,312853
1779838818.048595,spill,FileSystemStorage,262144,1,262389,240850,152738
1779838818.049044,spill,FileSystemStorage,262144,1,262389,241337,158120
1779838818.049174,spill,FileSystemStorage,262144,1,262389,319159,176137
1779838818.049477,spill,FileSystemStorage,262144,1,262389,232465,149339
1779838818.049731,spill,FileSystemStorage,262144,1,262389,273116,166691
1779838818.049937,spill,FileSystemStorage,262144,1,262389,265424,150002
1779838818.050776,spill,FileSystemStorage,262144,3,787167,604041,478255
1779838818.051114,spill,FileSystemStorage,262144,2,524778,482706,355637
1779838818.051323,spill,FileSystemStorage,262144,1,262389,255676,153411
1779838818.051705,spill,FileSystemStorage,262144,1,262389,337939,187952
1779838818.051830,spill,FileSystemStorage,262144,1,262389,229211,158309
1779838818.052210,spill,FileSystemStorage,262144,1,262389,335911,192414
1779838818.052609,spill,FileSystemStorage,262144,2,524778,443740,304585
1779838818.052773,spill,FileSystemStorage,262144,1,262389,251635,155829
1779838818.053037,spill,FileSystemStorage,262144,1,262389,280715,157888
1779838818.053798,spill,FileSystemStorage,262144,1,262389,218875,149256
1779838818.054159,spill,FileSystemStorage,262144,1,262389,259687,155632
1779838818.054430,spill,FileSystemStorage,262144,1,262389,243073,160024
1779838818.054711,spill,FileSystemStorage,262144,1,262389,295562,154321
1779838818.054900,spill,FileSystemStorage,262144,1,262389,280383,165200
1779838818.055718,spill,FileSystemStorage,262144,4,1049556,800814,649993
1779838818.055768,spill,FileSystemStorage,262144,1,262389,351208,202869
1779838818.055935,spill,FileSystemStorage,262144,1,262389,277675,164838
1779838818.057357,spill,FileSystemStorage,262144,2,524778,405934,303634
1779838818.057991,spill,FileSystemStorage,262144,3,787167,576254,446169
1779838818.058806,spill,FileSystemStorage,262144,2,524778,550642,395534
1779838818.058853,spill,FileSystemStorage,262144,5,1311945,950839,803291
1779838818.059027,spill,FileSystemStorage,262144,2,524778,529834,406927
1779838818.059548,spill,FileSystemStorage,262144,1,262389,294266,175900
1779838818.059696,spill,FileSystemStorage,262144,2,524778,511209,350048
1779838818.060086,spill,FileSystemStorage,262144,2,524778,433936,300634
1779838818.060221,spill,FileSystemStorage,262144,1,262389,250601,153612
1779838818.060590,spill,FileSystemStorage,262144,1,262389,283265,153747
1779838818.061037,spill,FileSystemStorage,262144,2,524778,412233,308335
1779838818.061296,spill,FileSystemStorage,262144,1,262389,280727,189275
1779838818.061614,spill,FileSystemStorage,262144,2,524778,445709,313581
1779838818.061810,spill,FileSystemStorage,262144,1,262389,252830,173974
1779838818.062874,spill,FileSystemStorage,262144,3,787167,593321,471171
1779838818.063240,spill,FileSystemStorage,262144,1,262389,346571,196677
1779838818.063666,spill,FileSystemStorage,262144,4,1049556,828428,677405
1779838818.063819,spill,FileSystemStorage,262144,1,262389,279522,170506
1779838818.064065,spill,FileSystemStorage,262144,1,262389,314804,179760
1779838818.064741,spill,FileSystemStorage,262144,3,787167,567864,456960
1779838818.065079,spill,FileSystemStorage,262144,1,262389,288460,189279
1779838818.065374,spill,FileSystemStorage,262144,1,262389,263272,164559
1779838818.065392,spill,FileSystemStorage,262144,2,524778,484863,338141
1779838818.065668,spill,FileSystemStorage,262144,1,262389,282540,174065
1779838818.065926,spill,FileSystemStorage,262144,1,262389,267666,173634
1779838818.066108,spill,FileSystemStorage,262144,1,262389,298585,181339
1779838818.066295,spill,FileSystemStorage,262144,1,262389,271946,163309
1779838818.066605,spill,FileSystemStorage,262144,2,524778,387062,291229
1779838818.067106,spill,FileSystemStorage,262144,2,524778,459092,356643
1779838818.067380,spill,FileSystemStorage,262144,1,262389,275871,163135
1779838818.067452,spill,FileSystemStorage,262144,1,262389,274342,156424
1779838818.068459,spill,FileSystemStorage,262144,2,524778,395010,284852
1779838818.068735,spill,FileSystemStorage,262144,1,262389,254335,153283
1779838818.068950,spill,FileSystemStorage,262144,1,262389,295808,183845
1779838818.069560,spill,FileSystemStorage,262144,1,262389,258951,160607
1779838818.069559,spill,FileSystemStorage,262144,3,787167,666049,497368
1779838818.069671,spill,FileSystemStorage,262144,1,262389,313106,191337
1779838818.070248,spill,FileSystemStorage,262144,1,262389,279413,181529
1779838818.070255,spill,FileSystemStorage,262144,1,262389,391985,217130
1779838818.070503,spill,FileSystemStorage,262144,1,262389,286246,177745
1779838818.070814,spill,FileSystemStorage,262144,1,262389,299909,184374
1779838818.070953,spill,FileSystemStorage,262144,1,262389,363340,215731
1779838818.071103,spill,FileSystemStorage,262144,1,262389,305578,199977
1779838818.071421,spill,FileSystemStorage,262144,1,262389,247267,151130
1779838818.071715,spill,FileSystemStorage,262144,1,262389,347350,204015
1779838818.072117,spill,FileSystemStorage,262144,1,262389,308935,187497
1779838818.072274,spill,FileSystemStorage,262144,1,262389,295540,166878
1779838818.072732,spill,FileSystemStorage,262144,2,524778,527919,352127
1779838818.073264,spill,FileSystemStorage,262144,2,524778,399117,285834
1779838818.073712,spill,FileSystemStorage,262144,1,262389,339208,202349
1779838818.073886,spill,FileSystemStorage,262144,1,262389,274757,175050
1779838818.074169,spill,FileSystemStorage,262144,1,262389,321912,181203
1779838818.074952,spill,FileSystemStorage,262144,1,262389,297935,178492
1779838818.074950,spill,FileSystemStorage,262144,3,787167,777082,580821
1779838818.075302,spill,FileSystemStorage,262144,2,524778,479777,329396
1779838818.076248,spill,FileSystemStorage,262144,1,262389,277039,171897
1779838818.076473,spill,FileSystemStorage,262144,2,524778,572710,404519
1779838818.076777,spill,FileSystemStorage,262144,1,262389,296715,162749
1779838818.077045,spill,FileSystemStorage,262144,1,262389,264176,164086
1779838818.077276,spill,FileSystemStorage,262144,1,262389,320525,191178
1779838818.077819,spill,FileSystemStorage,262144,2,524778,418612,313259
1779838818.078064,spill,FileSystemStorage,262144,1,262389,326035,197517
1779838818.078389,spill,FileSystemStorage,262144,1,262389,291167,159917
1779838818.078731,spill,FileSystemStorage,262144,1,262389,339066,187483
1779838818.080084,spill,FileSystemStorage,262144,1,262389,302002,167992
1779838818.080411,spill,FileSystemStorage,262144,1,262389,276410,176146
1779838818.080892,spill,FileSystemStorage,262144,1,262389,259650,169345
1779838818.080934,spill,FileSystemStorage,262144,1,262389,250507,169587
1779838818.081122,spill,FileSystemStorage,262144,9,2361501,1948115,1667135
1779838818.081638,spill,FileSystemStorage,262144,1,262389,240635,152241
1779838818.082219,spill,FileSystemStorage,262144,2,524778,460664,317810
1779838818.082300,spill,FileSystemStorage,262144,2,524778,585416,394926
1779838818.084369,spill,FileSystemStorage,262144,1,262389,2335067,166413
1779838818.084884,spill,FileSystemStorage,262144,1,262389,256676,169715
1779838818.085495,spill,FileSystemStorage,262144,1,262389,355722,214830
1779838818.087910,spill,FileSystemStorage,262144,2,524778,535065,326746
1779838818.088605,spill,FileSystemStorage,262144,1,262389,359338,195549
1779838818.089663,spill,FileSystemStorage,262144,2,524778,523480,354992
1779838818.090202,spill,FileSystemStorage,262144,2,524778,567027,396846
1779838818.091012,spill,FileSystemStorage,262144,12,3148668,2207472,1911199
1779838818.091155,spill,FileSystemStorage,262144,2,524778,573620,418331
1779838818.091194,spill,FileSystemStorage,262144,3,787167,670775,531059
1779838818.092289,spill,FileSystemStorage,262144,1,262389,307863,180636
1779838818.092374,spill,FileSystemStorage,262144,2,524778,525706,365720
1779838818.092835,spill,FileSystemStorage,262144,1,262389,684989,164473
1779838818.093678,spill,FileSystemStorage,262144,4,1049556,703205,586569
1779838818.094354,spill,FileSystemStorage,262144,2,524778,452572,326561
1779838818.094455,spill,FileSystemStorage,262144,1,262389,352282,213146
1779838818.095033,spill,FileSystemStorage,262144,2,524778,555859,353302
1779838818.095613,spill,FileSystemStorage,262144,1,262389,660055,193558
1779838818.095770,spill,FileSystemStorage,262144,2,524778,760513,333290
1779838818.098323,spill,FileSystemStorage,262144,1,262389,395433,155143
1779838818.099330,spill,FileSystemStorage,262144,2,524778,582267,428150
1779838818.099674,spill,FileSystemStorage,262144,3,787167,649763,529007
1779838818.099753,spill,FileSystemStorage,262144,1,262389,348260,187944
1779838818.100803,spill,FileSystemStorage,262144,1,262389,247152,148563
1779838818.101276,spill,FileSystemStorage,262144,1,262389,369689,229297
1779838818.101371,spill,FileSystemStorage,262144,2,524778,475077,341738
1779838818.101650,spill,FileSystemStorage,262144,1,262389,314797,163845
1779838818.102304,spill,FileSystemStorage,262144,1,262389,323636,198892
1779838818.102429,spill,FileSystemStorage,262144,1,262389,315304,193164
1779838818.102565,spill,FileSystemStorage,262144,3,787167,759988,587587
1779838818.103198,spill,FileSystemStorage,262144,2,524778,561285,424863
1779838818.103218,spill,FileSystemStorage,262144,1,262389,373629,232800
1779838818.103288,spill,FileSystemStorage,262144,1,262389,339851,178269
1779838818.103964,spill,FileSystemStorage,262144,1,262389,278935,166983
1779838818.104601,spill,FileSystemStorage,262144,3,787167,638405,486961
1779838818.104620,spill,FileSystemStorage,262144,1,262389,325456,182339
1779838818.104906,spill,FileSystemStorage,262144,2,524778,496695,339675
1779838818.105460,spill,FileSystemStorage,262144,1,262389,279429,168603
1779838818.105490,spill,FileSystemStorage,262144,1,262389,343464,210539
1779838818.106122,spill,FileSystemStorage,262144,3,787167,629741,497579
1779838818.106349,spill,FileSystemStorage,262144,1,262389,269228,168779
1779838818.106427,spill,FileSystemStorage,262144,2,524778,557838,407159
1779838818.106674,spill,FileSystemStorage,262144,1,262389,265038,166745
1779838818.106942,spill,FileSystemStorage,262144,1,262389,310918,186728
1779838818.107253,spill,FileSystemStorage,262144,1,262389,306161,166244
1779838818.107618,spill,FileSystemStorage,262144,3,787167,819576,619384
1779838818.107993,spill,FileSystemStorage,262144,1,262389,267053,167206
1779838818.107987,spill,FileSystemStorage,262144,1,262389,336311,181228
1779838818.108520,spill,FileSystemStorage,262144,1,262389,347121,212748
1779838818.109012,spill,FileSystemStorage,262144,1,262389,291900,174891
1779838818.109190,spill,FileSystemStorage,262144,3,787167,582897,475372
1779838818.109316,spill,FileSystemStorage,262144,1,262389,324487,201541
1779838818.109622,spill,FileSystemStorage,262144,1,262389,273184,160075
1779838818.109800,spill,FileSystemStorage,262144,1,262389,268371,171641
1779838818.110217,spill,FileSystemStorage,262144,2,524778,548034,392656
1779838818.110338,spill,FileSystemStorage,262144,1,262389,239082,156309
1779838818.110761,spill,FileSystemStorage,262144,2,524778,424320,316190
1779838818.110992,spill,FileSystemStorage,262144,1,262389,294725,183914
1779838818.111158,spill,FileSystemStorage,262144,1,262389,406529,258123
1779838818.111360,spill,FileSystemStorage,262144,1,262389,271388,155337
1779838818.111660,spill,FileSystemStorage,262144,1,262389,253338,159335
1779838818.111949,spill,FileSystemStorage,262144,1,262389,251894,149310
1779838818.112170,spill,FileSystemStorage,262144,1,262389,330093,183831
1779838818.112720,spill,FileSystemStorage,262144,1,262389,278438,167198
1779838818.112840,spill,FileSystemStorage,262144,2,524778,417274,311958
1779838818.113137,spill,FileSystemStorage,262144,1,262389,339884,204688
1779838818.113594,spill,FileSystemStorage,262144,1,262389,314369,167142
1779838818.113636,spill,FileSystemStorage,262144,1,262389,267946,162740
1779838818.113832,spill,FileSystemStorage,262144,1,262389,313980,188503
1779838818.114412,spill,FileSystemStorage,262144,1,262389,254034,162756
1779838818.114509,spill,FileSystemStorage,262144,1,262389,267684,159575
1779838818.114674,spill,FileSystemStorage,262144,1,262389,350121,203869
1779838818.114990,spill,FileSystemStorage,262144,1,262389,287845,193558
1779838818.115613,spill,FileSystemStorage,262144,3,787167,587159,442877
1779838818.116102,spill,FileSystemStorage,262144,1,262389,277162,164687
1779838818.116960,spill,FileSystemStorage,262144,2,524778,528226,349724
1779838818.117338,spill,FileSystemStorage,262144,3,787167,608151,484859
1779838818.117455,spill,FileSystemStorage,262144,2,524778,549290,391742
1779838818.117859,spill,FileSystemStorage,262144,2,524778,478764,324377
1779838818.118139,spill,FileSystemStorage,262144,1,262389,318899,184650
1779838818.118353,spill,FileSystemStorage,262144,1,262389,279693,169902
1779838818.118871,spill,FileSystemStorage,262144,2,524778,450510,313496
1779838818.119406,spill,FileSystemStorage,262144,3,787167,660694,527987
1779838818.119447,spill,FileSystemStorage,262144,1,262389,311357,184415
1779838818.120115,spill,FileSystemStorage,262144,1,262389,271580,168605
1779838818.120147,spill,FileSystemStorage,262144,1,262389,286754,182031
1779838818.120624,spill,FileSystemStorage,262144,1,262389,329985,196608
1779838818.120875,spill,FileSystemStorage,262144,1,262389,292151,181413
1779838818.121077,spill,FileSystemStorage,262144,2,524778,473671,348852
1779838818.121752,spill,FileSystemStorage,262144,2,524778,532831,381990
1779838818.122142,spill,FileSystemStorage,262144,3,787167,619966,489835
1779838818.122168,spill,FileSystemStorage,262144,1,262389,294875,174390
1779838818.122416,spill,FileSystemStorage,262144,1,262389,346804,212023
1779838818.122792,spill,FileSystemStorage,262144,1,262389,296831,181033
1779838818.123205,spill,FileSystemStorage,262144,1,262389,369433,224867
1779838818.123343,spill,FileSystemStorage,262144,2,524778,555292,383750
1779838818.123863,spill,FileSystemStorage,262144,1,262389,579356,167144
1779838818.124215,spill,FileSystemStorage,262144,1,262389,291916,156920
1779838818.124702,spill,FileSystemStorage,262144,1,262389,432060,155576
1779838818.125169,spill,FileSystemStorage,262144,1,262389,262702,163330
1779838818.125170,spill,FileSystemStorage,262144,1,262389,346792,210755
1779838818.125561,spill,FileSystemStorage,262144,1,262389,315620,165367
1779838818.125833,spill,FileSystemStorage,262144,1,262389,271521,161945
1779838818.126012,spill,FileSystemStorage,262144,1,262389,314027,196080
1779838818.126683,spill,FileSystemStorage,262144,1,262389,335189,201415
1779838818.126777,spill,FileSystemStorage,262144,2,524778,560414,411682
1779838818.126998,spill,FileSystemStorage,262144,1,262389,381003,225458
1779838818.127403,spill,FileSystemStorage,262144,1,262389,325924,200890
1779838818.127697,spill,FileSystemStorage,262144,2,524778,465994,329898
1779838818.128498,spill,FileSystemStorage,262144,1,262389,274954,165782
1779838818.129618,spill,FileSystemStorage,262144,1,262389,320274,203566
1779838818.129613,spill,FileSystemStorage,262144,3,787167,678957,538607
1779838818.129869,spill,FileSystemStorage,262144,1,262389,339965,195120
1779838818.131148,spill,FileSystemStorage,262144,5,1311945,1122287,890803
1779838818.131177,spill,FileSystemStorage,262144,3,787167,855792,659068
1779838818.131313,spill,FileSystemStorage,262144,2,524778,606195,448598
1779838818.132330,spill,FileSystemStorage,262144,1,262389,329890,209847
1779838818.132365,spill,FileSystemStorage,262144,2,524778,523039,396671
1779838818.132597,spill,FileSystemStorage,262144,1,262389,362807,210553
1779838818.133026,spill,FileSystemStorage,262144,1,262389,311205,197295
1779838818.133166,spill,FileSystemStorage,262144,2,524778,513709,390008
1779838818.133306,spill,FileSystemStorage,262144,1,262389,342251,191585
1779838818.133801,spill,FileSystemStorage,262144,1,262389,336098,197948
1779838818.134264,spill,FileSystemStorage,262144,3,787167,658158,520718
1779838818.134454,spill,FileSystemStorage,262144,1,262389,286052,175472
1779838818.134530,spill,FileSystemStorage,262144,2,524778,588233,426326
1779838818.135109,spill,FileSystemStorage,262144,2,524778,459940,345598
1779838818.135434,spill,FileSystemStorage,262144,1,262389,343776,203752
1779838818.135884,spill,FileSystemStorage,262144,2,524778,537220,355252
1779838818.136015,spill,FileSystemStorage,262144,1,262389,260474,156561
1779838818.136316,spill,FileSystemStorage,262144,1,262389,400597,168012
1779838818.136801,spill,FileSystemStorage,262144,2,524778,423326,300326
1779838818.137223,spill,FileSystemStorage,262144,1,262389,261450,166375
1779838818.137409,spill,FileSystemStorage,262144,1,262389,240851,151676
1779838818.137760,spill,FileSystemStorage,262144,1,262389,258560,161308
1779838818.138525,spill,FileSystemStorage,262144,2,524778,451380,345997
1779838818.138796,spill,FileSystemStorage,262144,1,262389,264072,158763
1779838818.139291,spill,FileSystemStorage,262144,2,524778,442584,321665
1779838818.139984,spill,FileSystemStorage,262144,1,262389,344173,175115
1779838818.140216,spill,FileSystemStorage,262144,1,262389,275144,168884
1779838818.140280,spill,FileSystemStorage,262144,1,262389,289646,172437
1779838818.140747,spill,FileSystemStorage,262144,1,262389,270098,159138
1779838818.140846,spill,FileSystemStorage,262144,1,262389,257333,165793
1779838818.141025,spill,FileSystemStorage,262144,1,262389,244141,160199
1779838818.141287,spill,FileSystemStorage,262144,1,262389,291906,178008
1779838818.141494,spill,FileSystemStorage,262144,1,262389,231082,151043
1779838818.141728,spill,FileSystemStorage,262144,1,262389,223697,157875
1779838818.141967,spill,FileSystemStorage,262144,1,262389,219795,158277
1779838818.142211,spill,FileSystemStorage,262144,1,262389,231035,149136
1779838818.142528,spill,FileSystemStorage,262144,1,262389,235334,154491
1779838818.142619,spill,FileSystemStorage,262144,1,262389,309522,195376
1779838818.143085,spill,FileSystemStorage,262144,1,262389,323509,203985
1779838818.143515,spill,FileSystemStorage,262144,1,262389,489508,165470
1779838818.144318,spill,FileSystemStorage,262144,1,262389,269274,157687
1779838818.144694,spill,FileSystemStorage,262144,1,262389,272730,167821
1779838818.144925,spill,FileSystemStorage,262144,1,262389,259889,163311
1779838818.145176,spill,FileSystemStorage,262144,1,262389,247917,155320
1779838818.145433,spill,FileSystemStorage,262144,1,262389,264615,163856
1779838818.145877,spill,FileSystemStorage,262144,2,524778,408066,310237
1779838818.146233,spill,FileSystemStorage,262144,1,262389,247280,168151
1779838818.146231,spill,FileSystemStorage,262144,1,262389,276281,178159
1779838818.146695,spill,FileSystemStorage,262144,1,262389,244663,157043
1779838818.146997,spill,FileSystemStorage,262144,1,262389,290739,181222
1779838818.147375,spill,FileSystemStorage,262144,2,524778,377459,291628
1779838818.147881,spill,FileSystemStorage,262144,1,262389,320459,203563
1779838818.147907,spill,FileSystemStorage,262144,1,262389,336662,198476
1779838818.148295,spill,FileSystemStorage,262144,1,262389,288219,163221
1779838818.148820,spill,FileSystemStorage,262144,2,524778,516539,346849
1779838818.148897,spill,FileSystemStorage,262144,1,262389,240272,159729
1779838818.149015,spill,FileSystemStorage,262144,1,262389,294414,163483
1779838818.149410,spill,FileSystemStorage,262144,1,262389,218815,152272
1779838818.149737,spill,FileSystemStorage,262144,1,262389,288709,160874
1779838818.149841,spill,FileSystemStorage,262144,1,262389,364429,182104
1779838818.150105,spill,FileSystemStorage,262144,1,262389,248135,161139
1779838818.150414,spill,FileSystemStorage,262144,1,262389,286223,172688
1779838818.150612,spill,FileSystemStorage,262144,1,262389,232344,161873
1779838818.150688,spill,FileSystemStorage,262144,1,262389,281927,168396
1779838818.151153,spill,FileSystemStorage,262144,1,262389,287878,193138
1779838818.151232,spill,FileSystemStorage,262144,1,262389,307582,167785
1779838818.151512,spill,FileSystemStorage,262144,1,262389,296890,161205
1779838818.152019,spill,FileSystemStorage,262144,1,262389,321204,183678
1779838818.152201,spill,FileSystemStorage,262144,1,262389,249069,160758
1779838818.152294,spill,FileSystemStorage,262144,1,262389,338923,179706
1779838818.152669,spill,FileSystemStorage,262144,1,262389,226285,155247
1779838818.153014,spill,FileSystemStorage,262144,1,262389,310259,181528
1779838818.153388,spill,FileSystemStorage,262144,2,524778,416128,304993
1779838818.153726,spill,FileSystemStorage,262144,1,262389,283913,178462
1779838818.153798,spill,FileSystemStorage,262144,1,262389,315645,178372
1779838818.154250,spill,FileSystemStorage,262144,1,262389,276226,163642
1779838818.154500,spill,FileSystemStorage,262144,1,262389,273975,167049
1779838818.154557,spill,FileSystemStorage,262144,1,262389,309533,194438
1779838818.155017,spill,FileSystemStorage,262144,1,262389,318253,205790
1779838818.155452,spill,FileSystemStorage,262144,2,524778,496356,304595
1779838818.156018,spill,FileSystemStorage,262144,2,524778,425158,322150
1779838818.156387,spill,FileSystemStorage,262144,1,262389,272434,170149
1779838818.156449,spill,FileSystemStorage,262144,1,262389,292377,167869
1779838818.156842,spill,FileSystemStorage,262144,1,262389,250762,164591
1779838818.157369,spill,FileSystemStorage,262144,1,262389,350846,167795
1779838818.157444,spill,FileSystemStorage,262144,1,262389,404818,177770
1779838818.158150,spill,FileSystemStorage,262144,1,262389,335582,164982
1779838818.158756,spill,FileSystemStorage,262144,1,262389,420363,158135
1779838818.158793,spill,FileSystemStorage,262144,1,262389,417392,164184
1779838818.159365,spill,FileSystemStorage,262144,1,262389,278296,174455
1779838818.159465,spill,FileSystemStorage,262144,1,262389,309751,169100
1779838818.159846,spill,FileSystemStorage,262144,1,262389,259769,158800
1779838818.160556,spill,FileSystemStorage,262144,1,262389,244762,158713
1779838818.160730,spill,FileSystemStorage,262144,2,524778,459216,327545
1779838818.161365,spill,FileSystemStorage,262144,1,262389,285104,182633
1779838818.161418,spill,FileSystemStorage,262144,1,262389,323156,219769
1779838818.161405,spill,FileSystemStorage,262144,2,524778,543411,394952
1779838818.161853,spill,FileSystemStorage,262144,1,262389,257494,170150
1779838818.162027,spill,FileSystemStorage,262144,1,262389,247701,156524
1779838818.162500,spill,FileSystemStorage,262144,2,524778,419401,309368
1779838818.162539,spill,FileSystemStorage,262144,1,262389,241069,168131
1779838818.163140,spill,FileSystemStorage,262144,1,262389,341251,188452
1779838818.163321,spill,FileSystemStorage,262144,1,262389,251439,160637
1779838818.163371,spill,FileSystemStorage,262144,1,262389,282350,186796
1779838818.163817,spill,FileSystemStorage,262144,1,262389,241872,139616
1779838818.164012,spill,FileSystemStorage,262144,1,262389,212218,131355
1779838818.164664,spill,FileSystemStorage,262144,2,524778,409047,279219
1779838818.164963,spill,FileSystemStorage,262144,1,262389,208276,136948
1779838818.165370,spill,FileSystemStorage,262144,1,262389,299850,185187
1779838818.165443,spill,FileSystemStorage,262144,2,524778,417568,314580
1779838818.165689,spill,FileSystemStorage,262144,1,262389,230332,141960
1779838818.166176,spill,FileSystemStorage,262144,2,524778,438788,327570
1779838818.166193,spill,FileSystemStorage,262144,1,262389,235839,156679
1779838818.166690,spill,FileSystemStorage,262144,1,262389,236301,137213
1779838818.166963,spill,FileSystemStorage,262144,1,262389,285418,175371
1779838818.167342,spill,FileSystemStorage,262144,2,524778,391233,268289
1779838818.167877,spill,FileSystemStorage,262144,1,262389,247806,153317
1779838818.168673,spill,FileSystemStorage,262144,1,262389,269598,165899
1779838818.169084,spill,FileSystemStorage,262144,4,1049556,690485,575025
1779838818.169595,spill,FileSystemStorage,262144,2,524778,419931,293427
1779838818.169819,spill,FileSystemStorage,262144,1,262389,274016,161782
1779838818.169916,spill,FileSystemStorage,262144,2,524778,399935,291339
1779838818.170117,spill,FileSystemStorage,262144,1,262389,254472,147671
1779838818.170531,spill,FileSystemStorage,262144,1,262389,278216,171118
1779838818.170545,spill,FileSystemStorage,262144,1,262389,278386,163897
1779838818.170782,spill,FileSystemStorage,262144,1,262389,248222,152749
1779838818.171302,spill,FileSystemStorage,262144,1,262389,258798,157581
1779838818.171646,spill,FileSystemStorage,262144,1,262389,254995,155381
1779838818.171818,spill,FileSystemStorage,262144,1,262389,262409,151223
1779838818.172059,spill,FileSystemStorage,262144,1,262389,249714,149431
1779838818.172280,spill,FileSystemStorage,262144,1,262389,238202,142078
1779838818.172502,spill,FileSystemStorage,262144,1,262389,247793,154687
1779838818.172702,spill,FileSystemStorage,262144,1,262389,223334,141794
1779838818.173023,spill,FileSystemStorage,262144,1,262389,241505,146320
1779838818.173185,spill,FileSystemStorage,262144,1,262389,250791,161405
1779838818.173923,spill,FileSystemStorage,262144,1,262389,247457,168161
1779838818.174063,spill,FileSystemStorage,262144,3,787167,541575,434108
1779838818.174381,spill,FileSystemStorage,262144,1,262389,218570,137695
1779838818.174599,spill,FileSystemStorage,262144,1,262389,214967,137438
1779838818.174830,spill,FileSystemStorage,262144,1,262389,216761,140972
1779838818.175133,spill,FileSystemStorage,262144,1,262389,294287,173263
1779838818.175740,spill,FileSystemStorage,262144,2,524778,373808,275300
1779838818.176552,spill,FileSystemStorage,262144,1,262389,258071,144850
1779838818.176832,spill,FileSystemStorage,262144,2,524778,393119,290238
1779838818.176893,spill,FileSystemStorage,262144,1,262389,265840,158308
1779838818.177461,spill,FileSystemStorage,262144,1,262389,266699,172955
1779838818.177468,spill,FileSystemStorage,262144,3,787167,588754,468594
1779838818.177567,spill,FileSystemStorage,262144,1919,503524491,352125255,322418569
1779838818.177906,spill,FileSystemStorage,262144,1,262389,274633,153306
1779838818.178212,spill,FileSystemStorage,262144,1,262389,310975,160090
1779838818.178252,spill,FileSystemStorage,262144,1,262389,354150,172539
1779838818.178609,spill,FileSystemStorage,262144,1,262389,241351,154869
1779838818.178815,spill,FileSystemStorage,262144,1,262389,223874,133138
1779838818.179048,spill,FileSystemStorage,262144,1,262389,257401,180115
1779838818.179285,spill,FileSystemStorage,262144,1,262389,246123,145647
1779838818.179569,spill,FileSystemStorage,262144,1,262389,257191,145306
1779838818.179780,spill,FileSystemStorage,262144,1,262389,226084,138599
1779838818.180055,spill,FileSystemStorage,262144,1,262389,236243,144171
1779838818.180296,spill,FileSystemStorage,262144,1,262389,236801,160301
1779838818.180370,spill,FileSystemStorage,262144,1,262389,288798,185731
1779838818.180845,spill,FileSystemStorage,262144,1,262389,209708,132820
1779838818.763382,spill,FileSystemStorage,262144,3,787167,779052,454989
1779838818.764196,spill,FileSystemStorage,262144,3,787167,702086,439243
1779838818.764626,spill,FileSystemStorage,262144,3,787167,1120300,424724
1779838818.764688,spill,FileSystemStorage,262144,1,262389,300061,156378
1779838818.765582,spill,FileSystemStorage,262144,1,262389,329232,156915
1779838818.766728,spill,FileSystemStorage,262144,6,1574334,1133843,843060
1779838818.766865,spill,FileSystemStorage,262144,1,262389,470721,153518
1779838818.767110,spill,FileSystemStorage,262144,2,524778,692297,342414
1779838818.769563,spill,FileSystemStorage,262144,1,262389,360950,190506
1779838818.769581,spill,FileSystemStorage,262144,4,1049556,833907,651477
1779838818.770574,spill,FileSystemStorage,262144,1,262389,375118,155341
1779838818.771194,spill,FileSystemStorage,262144,1,262389,351795,207894
1779838818.771484,spill,FileSystemStorage,262144,3,787167,649204,488642
1779838818.772284,spill,FileSystemStorage,262144,1,262389,643854,155102
1779838818.772367,spill,FileSystemStorage,262144,1,262389,425124,137894
1779838818.773159,spill,FileSystemStorage,262144,1,262389,468173,136734
1779838818.774640,spill,FileSystemStorage,262144,2,524778,659098,293485
1779838818.775424,spill,FileSystemStorage,262144,2,524778,424079,289235
1779838818.776569,spill,FileSystemStorage,262144,1,262389,275853,162198
1779838818.777427,spill,FileSystemStorage,262144,1,262389,312956,196526
1779838818.777691,spill,FileSystemStorage,262144,2,524778,501049,350142
1779838818.778553,spill,FileSystemStorage,262144,4,1049556,830541,625478
1779838818.778860,spill,FileSystemStorage,262144,2,524778,529447,387398
1779838818.779041,spill,FileSystemStorage,262144,2,524778,576748,431490
1779838818.779286,spill,FileSystemStorage,262144,1,262389,355839,177995
1779838818.780068,spill,FileSystemStorage,262144,1,262389,422650,148883
1779838818.780949,spill,FileSystemStorage,262144,2,524778,626055,400638
1779838818.781123,spill,FileSystemStorage,262144,3,787167,1076298,579859
1779838818.782760,spill,FileSystemStorage,262144,3,787167,663520,434808
1779838818.783128,spill,FileSystemStorage,262144,1,262389,320402,185741
1779838818.783289,spill,FileSystemStorage,262144,1,262389,257894,157660
1779838818.783661,spill,FileSystemStorage,262144,1,262389,322634,152013
1779838818.784974,spill,FileSystemStorage,262144,1,262389,500557,163641
1779838818.786008,spill,FileSystemStorage,262144,1,262389,344828,211273
1779838818.786088,spill,FileSystemStorage,262144,2,524778,494862,385331
1779838818.787200,spill,FileSystemStorage,262144,2,524778,847337,362490
1779838818.788059,spill,FileSystemStorage,262144,3,787167,571809,443205
1779838818.788436,spill,FileSystemStorage,262144,1,262389,258540,154537
1779838818.788893,spill,FileSystemStorage,262144,2,524778,481039,322016
1779838818.789574,spill,FileSystemStorage,262144,2,524778,434493,320129
1779838818.789696,spill,FileSystemStorage,262144,2,524778,490998,317956
1779838818.789916,spill,FileSystemStorage,262144,1,262389,311615,160511
1779838818.791057,spill,FileSystemStorage,262144,1,262389,320916,205591
1779838818.791544,spill,FileSystemStorage,262144,4,1049556,838996,679062
1779838818.791800,spill,FileSystemStorage,262144,2,524778,798301,307813
1779838818.792624,spill,FileSystemStorage,262144,2,524778,619348,334338
1779838818.794554,spill,FileSystemStorage,262144,2,524778,647695,298644
1779838818.795028,spill,FileSystemStorage,262144,1,262389,293609,194380
1779838818.795170,spill,FileSystemStorage,262144,1,262389,360380,202823
1779838818.795563,spill,FileSystemStorage,262144,2,524778,479030,326085
1779838818.796596,spill,FileSystemStorage,262144,1,262389,348760,182062
1779838818.798138,spill,FileSystemStorage,262144,1,262389,1418292,177569
1779838818.801756,spill,FileSystemStorage,262144,5,1311945,951309,755522
1779838818.801783,spill,FileSystemStorage,262144,1,262389,337420,175778
1779838818.802274,spill,FileSystemStorage,262144,3,787167,696886,511318
1779838818.802796,spill,FileSystemStorage,262144,2,524778,416425,308038
1779838818.803118,spill,FileSystemStorage,262144,1,262389,367077,223833
1779838818.803449,spill,FileSystemStorage,262144,1,262389,280477,156632
1779838818.803851,spill,FileSystemStorage,262144,1,262389,280228,174901
1779838818.804012,spill,FileSystemStorage,262144,1,262389,235209,153446
1779838818.804514,spill,FileSystemStorage,262144,1,262389,265525,172559
1779838818.804589,spill,FileSystemStorage,262144,11,2886279,1951763,1716799
1779838818.804712,spill,FileSystemStorage,262144,2,524778,387953,308628
1779838818.805166,spill,FileSystemStorage,262144,2,524778,394861,309065
1779838818.805969,spill,FileSystemStorage,262144,1,262389,289914,154678
1779838818.806388,spill,FileSystemStorage,262144,2,524778,431445,314606
1779838818.806623,spill,FileSystemStorage,262144,2,524778,404017,312706
1779838818.806893,spill,FileSystemStorage,262144,1,262389,256052,166144
1779838818.806932,spill,FileSystemStorage,262144,1,262389,255532,177200
1779838818.807182,spill,FileSystemStorage,262144,1,262389,314354,174495
1779838818.808311,spill,FileSystemStorage,262144,1,262389,468386,168946
1779838818.808466,spill,FileSystemStorage,262144,2,524778,647542,315719
1779838818.808864,spill,FileSystemStorage,262144,1,262389,291603,167117
1779838818.809199,spill,FileSystemStorage,262144,1,262389,264546,159828
1779838818.809293,spill,FileSystemStorage,262144,1,262389,266168,157862
1779838818.810176,spill,FileSystemStorage,262144,2,524778,677939,339253
1779838818.810389,spill,FileSystemStorage,262144,1,262389,270035,161237
1779838818.810853,spill,FileSystemStorage,262144,1,262389,244735,170198
1779838818.810866,spill,FileSystemStorage,262144,2,524778,512160,338735
1779838818.811279,spill,FileSystemStorage,262144,2,524778,459907,323071
1779838818.811757,spill,FileSystemStorage,262144,1,262389,271849,156671
1779838818.811941,spill,FileSystemStorage,262144,1,262389,249769,159274
1779838818.812598,spill,FileSystemStorage,262144,2,524778,420743,295736
1779838818.813057,spill,FileSystemStorage,262144,1,262389,253386,161584
1779838818.813496,spill,FileSystemStorage,262144,3,787167,684013,490984
1779838818.813521,spill,FileSystemStorage,262144,1,262389,255121,162506
1779838818.813754,spill,FileSystemStorage,262144,1,262389,238498,172851
1779838818.814195,spill,FileSystemStorage,262144,1,262389,259308,157193
1779838818.814254,spill,FileSystemStorage,262144,1,262389,244673,163151
1779838818.814475,spill,FileSystemStorage,262144,1,262389,242150,151103
1779838818.814728,spill,FileSystemStorage,262144,1,262389,237665,154136
1779838818.814968,spill,FileSystemStorage,262144,1,262389,258720,174663
1779838818.815145,spill,FileSystemStorage,262144,1,262389,283770,182130
1779838818.815364,spill,FileSystemStorage,262144,1,262389,260960,156779
1779838818.815814,spill,FileSystemStorage,262144,2,524778,430342,324538
1779838818.816059,spill,FileSystemStorage,262144,1,262389,246346,157505
1779838818.816706,spill,FileSystemStorage,262144,2,524778,454506,329958
1779838818.816753,spill,FileSystemStorage,262144,1,262389,253623,172681
1779838818.816987,spill,FileSystemStorage,262144,1,262389,272552,166899
1779838818.817303,spill,FileSystemStorage,262144,1,262389,297477,171135
1779838818.817385,spill,FileSystemStorage,262144,1,262389,252649,165334
1779838818.817615,spill,FileSystemStorage,262144,1,262389,269843,173547
1779838818.817927,spill,FileSystemStorage,262144,1,262389,290897,171677
1779838818.818037,spill,FileSystemStorage,262144,1,262389,228977,158473
1779838818.818277,spill,FileSystemStorage,262144,1,262389,243733,163152
1779838818.818656,spill,FileSystemStorage,262144,2,524778,389885,295349
1779838818.818949,spill,FileSystemStorage,262144,1,262389,276212,176573
1779838818.819031,spill,FileSystemStorage,262144,1,262389,316529,211831
1779838818.819706,spill,FileSystemStorage,262144,2,524778,437765,328518
1779838818.820024,spill,FileSystemStorage,262144,1,262389,265608,157432
1779838818.820026,spill,FileSystemStorage,262144,1,262389,271327,170128
1779838818.820466,spill,FileSystemStorage,262144,1,262389,272106,175923
1779838818.820697,spill,FileSystemStorage,262144,1,262389,252107,155806
1779838818.820895,spill,FileSystemStorage,262144,1,262389,246701,151549
1779838818.821140,spill,FileSystemStorage,262144,1,262389,272262,180210
1779838818.821338,spill,FileSystemStorage,262144,1,262389,218698,152644
1779838818.821928,spill,FileSystemStorage,262144,2,524778,499148,323080
1779838818.822010,spill,FileSystemStorage,262144,1,262389,223623,161296
1779838818.822110,spill,FileSystemStorage,262144,1,262389,283358,189609
1779838818.822626,spill,FileSystemStorage,262144,1,262389,250951,160683
1779838818.822822,spill,FileSystemStorage,262144,1,262389,254197,167462
1779838818.822898,spill,FileSystemStorage,262144,1,262389,282906,160109
1779838818.823343,spill,FileSystemStorage,262144,1,262389,244359,151956
1779838818.823579,spill,FileSystemStorage,262144,1,262389,265500,166908
1779838818.823595,spill,FileSystemStorage,262144,1,262389,263447,173014
1779838818.824076,spill,FileSystemStorage,262144,1,262389,256384,168278
1779838818.824319,spill,FileSystemStorage,262144,1,262389,294406,150457
1779838818.824593,spill,FileSystemStorage,262144,1,262389,257969,159544
1779838818.824990,spill,FileSystemStorage,262144,2,524778,414511,315995
1779838818.825258,spill,FileSystemStorage,262144,1,262389,249424,155957
1779838818.825295,spill,FileSystemStorage,262144,1,262389,245897,156072
1779838818.825519,spill,FileSystemStorage,262144,1,262389,250913,167945
1779838818.825982,spill,FileSystemStorage,262144,1,262389,256090,170131
1779838818.826148,spill,FileSystemStorage,262144,1,262389,240010,163453
1779838818.826366,spill,FileSystemStorage,262144,1,262389,271862,179609
1779838818.826770,spill,FileSystemStorage,262144,2,524778,434175,330036
1779838818.827057,spill,FileSystemStorage,262144,1,262389,293203,207511
1779838818.827091,spill,FileSystemStorage,262144,1,262389,282188,201721
1779838818.827334,spill,FileSystemStorage,262144,1,262389,248162,155629
1779838818.827825,spill,FileSystemStorage,262144,1,262389,251520,162096
1779838818.828059,spill,FileSystemStorage,262144,1,262389,271640,179123
1779838818.828080,spill,FileSystemStorage,262144,1,262389,274224,163611
1779838818.828494,spill,FileSystemStorage,262144,1,262389,243408,156462
1779838818.828724,spill,FileSystemStorage,262144,1,262389,257848,164124
1779838818.828959,spill,FileSystemStorage,262144,1,262389,251315,165789
1779838818.829161,spill,FileSystemStorage,262144,1,262389,233985,167418
1779838818.829397,spill,FileSystemStorage,262144,1,262389,255828,167080
1779838818.829591,spill,FileSystemStorage,262144,1,262389,247396,163226
1779838818.829825,spill,FileSystemStorage,262144,1,262389,258063,167465
1779838818.830016,spill,FileSystemStorage,262144,1,262389,264313,173177
1779838818.830412,spill,FileSystemStorage,262144,2,524778,403120,301079
1779838818.830695,spill,FileSystemStorage,262144,1,262389,235565,153403
1779838818.831478,spill,FileSystemStorage,262144,1,262389,283257,184010
1779838818.831496,spill,FileSystemStorage,262144,2,524778,466897,318324
1779838818.831975,spill,FileSystemStorage,262144,1,262389,291832,169067
1779838818.832222,spill,FileSystemStorage,262144,1,262389,263588,171023
1779838818.832681,spill,FileSystemStorage,262144,2,524778,507807,330632
1779838818.833208,spill,FileSystemStorage,262144,2,524778,410485,312186
1779838818.833390,spill,FileSystemStorage,262144,1,262389,299965,181165
1779838818.833776,spill,FileSystemStorage,262144,2,524778,456792,319199
1779838818.833878,spill,FileSystemStorage,262144,1,262389,250369,156465
1779838818.834550,spill,FileSystemStorage,262144,2,524778,443648,329712
1779838818.834593,spill,FileSystemStorage,262144,1,262389,352057,184610
1779838818.834864,spill,FileSystemStorage,262144,1,262389,244732,163439
1779838818.835498,spill,FileSystemStorage,262144,2,524778,454310,331469
1779838818.835627,spill,FileSystemStorage,262144,1,262389,419267,184577
1779838818.836479,spill,FileSystemStorage,262144,2,524778,598526,298215
1779838818.838538,spill,FileSystemStorage,262144,1,262389,258378,173693
1779838818.838583,spill,FileSystemStorage,262144,2,524778,483065,346959
1779838818.839209,spill,FileSystemStorage,262144,2,524778,558505,377284
1779838818.839864,spill,FileSystemStorage,262144,2,524778,439776,306816
1779838818.841049,spill,FileSystemStorage,262144,3,787167,610776,481985
1779838818.841126,spill,FileSystemStorage,262144,2,524778,511740,350610
1779838818.841499,spill,FileSystemStorage,262144,1,262389,271208,166226
1779838818.841702,spill,FileSystemStorage,262144,1,262389,271999,170724
1779838818.842095,spill,FileSystemStorage,262144,1,262389,279301,165361
1779838818.842182,spill,FileSystemStorage,262144,1,262389,244163,164878
1779838818.843084,spill,FileSystemStorage,262144,4,1049556,837063,678902
1779838818.843190,spill,FileSystemStorage,262144,1,262389,266393,166309
1779838818.843289,spill,FileSystemStorage,262144,1,262389,319675,179888
1779838818.843901,spill,FileSystemStorage,262144,1,262389,280629,161407
1779838818.844038,spill,FileSystemStorage,262144,1,262389,257286,155412
1779838818.844237,spill,FileSystemStorage,262144,1,262389,341865,177074
1779838818.844696,spill,FileSystemStorage,262144,1,262389,253187,160764
1779838818.845200,spill,FileSystemStorage,262144,1,262389,278226,168992
1779838818.845260,spill,FileSystemStorage,262144,2,524778,490594,335728
1779838818.845723,spill,FileSystemStorage,262144,2,524778,431870,324952
1779838818.845770,spill,FileSystemStorage,262144,1,262389,267331,171532
1779838818.845951,spill,FileSystemStorage,262144,1,262389,342542,170680
1779838818.846619,spill,FileSystemStorage,262144,2,524778,439542,322774
1779838818.846862,spill,FileSystemStorage,262144,1,262389,353082,202296
1779838818.847184,spill,FileSystemStorage,262144,1,262389,357434,194815
1779838818.847804,spill,FileSystemStorage,262144,2,524778,717208,307800
1779838818.848078,spill,FileSystemStorage,262144,1,262389,409350,170165
1779838818.849085,spill,FileSystemStorage,262144,1,262389,562165,190638
1779838818.849848,spill,FileSystemStorage,262144,1,262389,635967,175499
1779838818.850084,spill,FileSystemStorage,262144,1,262389,280949,167149
1779838818.850097,spill,FileSystemStorage,262144,1,262389,324393,202073
1779838818.851149,spill,FileSystemStorage,262144,1,262389,284417,187878
1779838818.851289,spill,FileSystemStorage,262144,1,262389,294265,164289
1779838818.852126,spill,FileSystemStorage,262144,1,262389,595988,173960
1779838818.852833,spill,FileSystemStorage,262144,1,262389,370227,197598
1779838818.853154,spill,FileSystemStorage,262144,2,524778,469261,329556
1779838818.853209,spill,FileSystemStorage,262144,1,262389,316264,184535
1779838818.853988,spill,FileSystemStorage,262144,2,524778,424830,305918
1779838818.854304,spill,FileSystemStorage,262144,1,262389,339940,180993
1779838818.854455,spill,FileSystemStorage,262144,1,262389,277550,167015
1779838818.855091,spill,FileSystemStorage,262144,2,524778,472951,352902
1779838818.855786,spill,FileSystemStorage,262144,1,262389,340669,195535
1779838818.855830,spill,FileSystemStorage,262144,2,524778,478170,336702
1779838818.856378,spill,FileSystemStorage,262144,1,262389,335015,192425
1779838818.856453,spill,FileSystemStorage,262144,1,262389,280583,160369
1779838818.857288,spill,FileSystemStorage,262144,3,787167,636958,497652
1779838818.857460,spill,FileSystemStorage,262144,2,524778,438898,317054
1779838818.857999,spill,FileSystemStorage,262144,1,262389,284837,166664
1779838818.858027,spill,FileSystemStorage,262144,2,524778,540287,374330
1779838818.858481,spill,FileSystemStorage,262144,1,262389,260434,164896
1779838818.858703,spill,FileSystemStorage,262144,1,262389,274837,167479
1779838818.859135,spill,FileSystemStorage,262144,1,262389,378385,236724
1779838818.859253,spill,FileSystemStorage,262144,1,262389,307148,172053
1779838818.859499,spill,FileSystemStorage,262144,1,262389,258751,159518
1779838818.860515,spill,FileSystemStorage,262144,2,524778,502165,366728
1779838818.860998,spill,FileSystemStorage,262144,2,524778,429300,326391
1779838818.861250,spill,FileSystemStorage,262144,1,262389,302074,160084
1779838818.861725,spill,FileSystemStorage,262144,1,262389,269194,181554
1779838818.861731,spill,FileSystemStorage,262144,2,524778,507759,351245
1779838818.862735,spill,FileSystemStorage,262144,1,262389,327798,194429
1779838818.863103,spill,FileSystemStorage,262144,4,1049556,796270,643184
1779838818.863833,spill,FileSystemStorage,262144,4,1049556,796685,635649
1779838818.863887,spill,FileSystemStorage,262144,2,524778,511030,366823
1779838818.864174,spill,FileSystemStorage,262144,1,262389,267391,153873
1779838818.864994,spill,FileSystemStorage,262144,1,262389,293681,179221
1779838818.865140,spill,FileSystemStorage,262144,1,262389,260799,168380
1779838818.865413,spill,FileSystemStorage,262144,3,787167,566090,463151
1779838818.865945,spill,FileSystemStorage,262144,2,524778,420053,316952
1779838818.866485,spill,FileSystemStorage,262144,2,524778,406177,295600
1779838818.866711,spill,FileSystemStorage,262144,1,262389,293072,177309
1779838818.867007,spill,FileSystemStorage,262144,2,524778,469710,334624
1779838818.867223,spill,FileSystemStorage,262144,1,262389,276591,152361
1779838818.867804,spill,FileSystemStorage,262144,3,787167,596410,464358
1779838818.868249,spill,FileSystemStorage,262144,1,262389,255657,155474
1779838818.868412,spill,FileSystemStorage,262144,1,262389,254704,169382
1779838818.868638,spill,FileSystemStorage,262144,1,262389,269900,158489
1779838818.869196,spill,FileSystemStorage,262144,1,262389,243067,157047
1779838818.869884,spill,FileSystemStorage,262144,3,787167,576935,462875
1779838818.870301,spill,FileSystemStorage,262144,2,524778,442311,320828
1779838818.870557,spill,FileSystemStorage,262144,1,262389,265788,168477
1779838818.870695,spill,FileSystemStorage,262144,3,787167,590735,468597
1779838818.871367,spill,FileSystemStorage,262144,1,262389,294278,160335
1779838818.871908,spill,FileSystemStorage,262144,1,262389,331309,182225
1779838818.871938,spill,FileSystemStorage,262144,2,524778,422107,316814
1779838818.872108,spill,FileSystemStorage,262144,1,262389,237552,151183
1779838818.872669,spill,FileSystemStorage,262144,2,524778,426247,317384
1779838818.873047,spill,FileSystemStorage,262144,2,524778,382398,296132
1779838818.873358,spill,FileSystemStorage,262144,1,262389,251631,169389
1779838818.873699,spill,FileSystemStorage,262144,1,262389,253499,153572
1779838818.873944,spill,FileSystemStorage,262144,1,262389,247754,157832
1779838818.873990,spill,FileSystemStorage,262144,1,262389,257322,162596
1779838818.874648,spill,FileSystemStorage,262144,2,524778,398474,305599
1779838818.875232,spill,FileSystemStorage,262144,1,262389,272340,167712
1779838818.875226,spill,FileSystemStorage,262144,2,524778,496668,384915
1779838818.875750,spill,FileSystemStorage,262144,1,262389,228816,159506
1779838818.876498,spill,FileSystemStorage,262144,1,262389,292218,174981
1779838818.876614,spill,FileSystemStorage,262144,2,524778,410598,313253
1779838818.877586,spill,FileSystemStorage,262144,2,524778,426829,324587
1779838818.877863,spill,FileSystemStorage,262144,1,262389,324387,176525
1779838818.877946,spill,FileSystemStorage,262144,2,524778,461856,320788
1779838818.878069,spill,FileSystemStorage,262144,1,262389,234747,160006
1779838818.878782,spill,FileSystemStorage,262144,1,262389,260913,171511
1779838818.878789,spill,FileSystemStorage,262144,2,524778,446199,327794
1779838818.878934,spill,FileSystemStorage,262144,1,262389,273736,174472
1779838818.879503,spill,FileSystemStorage,262144,1,262389,273004,159018
1779838818.879648,spill,FileSystemStorage,262144,2,524778,522253,339847
1779838818.880343,spill,FileSystemStorage,262144,1,262389,234892,149925
1779838818.881034,spill,FileSystemStorage,262144,3,787167,631349,484296
1779838818.881469,spill,FileSystemStorage,262144,3,787167,652181,522692
1779838818.881646,spill,FileSystemStorage,262144,1,262389,328114,175084
1779838818.881929,spill,FileSystemStorage,262144,2,524778,464805,331780
1779838818.882575,spill,FileSystemStorage,262144,2,524778,438195,301087
1779838818.882846,spill,FileSystemStorage,262144,1,262389,300139,191953
1779838818.883317,spill,FileSystemStorage,262144,1,262389,281018,170487
1779838818.883383,spill,FileSystemStorage,262144,2,524778,508183,338102
1779838818.884049,spill,FileSystemStorage,262144,1,262389,274154,173577
1779838818.884214,spill,FileSystemStorage,262144,2,524778,439153,315561
1779838818.884456,spill,FileSystemStorage,262144,1,262389,274958,168587
1779838818.885106,spill,FileSystemStorage,262144,1,262389,269701,170937
1779838818.885222,spill,FileSystemStorage,262144,3,787167,588140,463896
1779838818.885747,spill,FileSystemStorage,262144,2,524778,436106,317717
1779838818.885794,spill,FileSystemStorage,262144,1,262389,289382,177135
1779838818.885980,spill,FileSystemStorage,262144,1,262389,271949,169973
1779838818.886500,spill,FileSystemStorage,262144,2,524778,463021,354363
1779838818.886511,spill,FileSystemStorage,262144,1,262389,259115,171609
1779838818.886919,spill,FileSystemStorage,262144,1,262389,267599,158122
1779838818.887368,spill,FileSystemStorage,262144,2,524778,417798,308126
1779838818.887477,spill,FileSystemStorage,262144,1,262389,302027,178446
1779838818.887892,spill,FileSystemStorage,262144,1,262389,271676,166410
1779838818.888260,spill,FileSystemStorage,262144,1,262389,263038,157188
1779838818.888983,spill,FileSystemStorage,262144,2,524778,458595,315620
1779838818.889143,spill,FileSystemStorage,262144,1,262389,272181,156779
1779838818.889570,spill,FileSystemStorage,262144,2,524778,469936,325155
1779838818.890047,spill,FileSystemStorage,262144,2,524778,439596,333961
1779838818.890135,spill,FileSystemStorage,262144,1,262389,270301,160809
1779838818.890450,spill,FileSystemStorage,262144,1,262389,279144,170820
1779838818.891073,spill,FileSystemStorage,262144,3,787167,620595,490227
1779838818.891217,spill,FileSystemStorage,262144,1,262389,317699,163917
1779838818.891282,spill,FileSystemStorage,262144,1,262389,274699,168870
1779838818.891644,spill,FileSystemStorage,262144,1,262389,242016,156099
1779838818.892466,spill,FileSystemStorage,262144,1,262389,273842,165205
1779838818.892786,spill,FileSystemStorage,262144,1,262389,229222,152715
1779838818.893352,spill,FileSystemStorage,262144,1,262389,320291,174984
1779838818.893573,spill,FileSystemStorage,262144,4,1049556,761671,628626
1779838818.893707,spill,FileSystemStorage,262144,2,524778,445800,344084
1779838818.893860,spill,FileSystemStorage,262144,1,262389,238735,151612
1779838818.894234,spill,FileSystemStorage,262144,1,262389,323657,173296
1779838818.894290,spill,FileSystemStorage,262144,1,262389,248151,160324
1779838818.894497,spill,FileSystemStorage,262144,1,262389,245394,160517
1779838818.894718,spill,FileSystemStorage,262144,1,262389,251469,154890
1779838818.894923,spill,FileSystemStorage,262144,1,262389,245244,147631
1779838818.895585,spill,FileSystemStorage,262144,1,262389,266998,161831
1779838818.895613,spill,FileSystemStorage,262144,1,262389,248187,160572
1779838818.896084,spill,FileSystemStorage,262144,1,262389,278103,166068
1779838818.896475,spill,FileSystemStorage,262144,1,262389,282538,176572
1779838818.896674,spill,FileSystemStorage,262144,2,524778,428493,321316
1779838818.896707,spill,FileSystemStorage,262144,1,262389,252490,174565
1779838818.897044,spill,FileSystemStorage,262144,1,262389,251295,163331
1779838818.897218,spill,FileSystemStorage,262144,1,262389,257648,170006
1779838818.897468,spill,FileSystemStorage,262144,2,524778,403380,310945
1779838818.897687,spill,FileSystemStorage,262144,1,262389,263050,168445
1779838818.897887,spill,FileSystemStorage,262144,1,262389,257077,150892
1779838818.898153,spill,FileSystemStorage,262144,1,262389,267297,163984
1779838818.898325,spill,FileSystemStorage,262144,1,262389,242309,159194
1779838818.898568,spill,FileSystemStorage,262144,1,262389,261318,164177
1779838818.898769,spill,FileSystemStorage,262144,1,262389,248355,160601
1779838818.899178,spill,FileSystemStorage,262144,2,524778,461052,365070
1779838818.899246,spill,FileSystemStorage,262144,1,262389,289871,170222
1779838818.899432,spill,FileSystemStorage,262144,1,262389,260270,170109
1779838818.899888,spill,FileSystemStorage,262144,1,262389,243960,159472
1779838818.900149,spill,FileSystemStorage,262144,1,262389,243481,161522
1779838818.900335,spill,FileSystemStorage,262144,1,262389,274956,167797
1779838818.900465,spill,FileSystemStorage,262144,1,262389,258910,175514
1779838818.900660,spill,FileSystemStorage,262144,1,262389,238358,163639
1779838818.900950,spill,FileSystemStorage,262144,1,262389,266727,168689
1779838818.901170,spill,FileSystemStorage,262144,1,262389,253155,153757
1779838818.901393,spill,FileSystemStorage,262144,1,262389,276066,163286
1779838818.901794,spill,FileSystemStorage,262144,2,524778,426004,316384
1779838818.902256,spill,FileSystemStorage,262144,2,524778,424176,312045
1779838818.902370,spill,FileSystemStorage,262144,1,262389,246467,162395
1779838818.903247,spill,FileSystemStorage,262144,3,787167,651683,519899
1779838818.903266,spill,FileSystemStorage,262144,1,262389,292250,170667
1779838818.903363,spill,FileSystemStorage,262144,1,262389,317403,181583
1779838818.903944,spill,FileSystemStorage,262144,1,262389,252273,154552
1779838818.904090,spill,FileSystemStorage,262144,1,262389,245916,154476
1779838818.904473,spill,FileSystemStorage,262144,1,262389,279726,166206
1779838818.904851,spill,FileSystemStorage,262144,1,262389,262035,167979
1779838818.904982,spill,FileSystemStorage,262144,2,524778,419560,328462
1779838818.905221,spill,FileSystemStorage,262144,2,524778,415791,304531
1779838818.905514,spill,FileSystemStorage,262144,1,262389,251979,161122
1779838818.905667,spill,FileSystemStorage,262144,1,262389,232720,155390
1779838818.905927,spill,FileSystemStorage,262144,1,262389,284405,181444
1779838818.906262,spill,FileSystemStorage,262144,2,524778,408737,317824
1779838818.906488,spill,FileSystemStorage,262144,1,262389,239422,164274
1779838818.906563,spill,FileSystemStorage,262144,1,262389,266138,167304
1779838818.906966,spill,FileSystemStorage,262144,1,262389,256836,174476
1779838818.907277,spill,FileSystemStorage,262144,1,262389,257083,156941
1779838818.907457,spill,FileSystemStorage,262144,1,262389,262075,163739
1779838818.907931,spill,FileSystemStorage,262144,1,262389,257406,163334
1779838818.908116,spill,FileSystemStorage,262144,1,262389,273654,188899
1779838818.908139,spill,FileSystemStorage,262144,1,262389,269617,168641
1779838818.908526,spill,FileSystemStorage,262144,1,262389,257722,165471
1779838818.908643,spill,FileSystemStorage,262144,1,262389,247749,167434
1779838818.908768,spill,FileSystemStorage,262144,1,262389,261913,175179
1779838818.909026,spill,FileSystemStorage,262144,1,262389,224664,152337
1779838818.909974,spill,FileSystemStorage,262144,3,787167,601587,467545
1779838818.910232,spill,FileSystemStorage,262144,2,524778,459548,323878
1779838818.910405,spill,FileSystemStorage,262144,1,262389,271264,157881
1779838818.910726,spill,FileSystemStorage,262144,1,262389,266893,160283
1779838818.911006,spill,FileSystemStorage,262144,1,262389,376785,181425
1779838818.911282,spill,FileSystemStorage,262144,2,524778,469727,356345
1779838818.911309,spill,FileSystemStorage,262144,1,262389,260598,174822
1779838818.911990,spill,FileSystemStorage,262144,1,262389,288149,176879
1779838818.912638,spill,FileSystemStorage,262144,2,524778,421658,316335
1779838818.913055,spill,FileSystemStorage,262144,1,262389,328801,168111
1779838818.913179,spill,FileSystemStorage,262144,2,524778,464496,333028
1779838818.913812,spill,FileSystemStorage,262144,2,524778,447731,325590
1779838818.914020,spill,FileSystemStorage,262144,1,262389,311185,179228
1779838818.914231,spill,FileSystemStorage,262144,2,524778,434499,319500
1779838818.914531,spill,FileSystemStorage,262144,2,524778,447784,330104
1779838818.914634,spill,FileSystemStorage,262144,1,262389,245274,156889
1779838818.916166,spill,FileSystemStorage,262144,2,524778,1508557,303052
1779838818.919343,spill,FileSystemStorage,262144,2,524778,481006,319751
1779838818.920139,spill,FileSystemStorage,262144,1,262389,284211,159643
1779838818.920512,spill,FileSystemStorage,262144,3,787167,586345,462686
1779838818.920774,spill,FileSystemStorage,262144,2,524778,480680,347167
1779838818.921030,spill,FileSystemStorage,262144,2,524778,477534,347149
1779838818.921289,spill,FileSystemStorage,262144,2,524778,444912,347439
1779838818.921817,spill,FileSystemStorage,262144,1,262389,252539,168889
1779838818.921952,spill,FileSystemStorage,262144,3,787167,624549,506528
1779838818.922378,spill,FileSystemStorage,262144,1,262389,271330,168323
1779838818.922601,spill,FileSystemStorage,262144,1,262389,326764,183540
1779838818.922624,spill,FileSystemStorage,262144,8,2099112,1549675,1341185
1779838818.923074,spill,FileSystemStorage,262144,2,524778,433421,336774
1779838818.923153,spill,FileSystemStorage,262144,1,262389,302789,190511
1779838818.923348,spill,FileSystemStorage,262144,1,262389,336530,177414
1779838818.923572,spill,FileSystemStorage,262144,1,262389,236572,151569
1779838818.923896,spill,FileSystemStorage,262144,2,524778,423070,314863
1779838818.924060,spill,FileSystemStorage,262144,2,524778,459290,336959
1779838818.924256,spill,FileSystemStorage,262144,1,262389,231094,152710
1779838818.924701,spill,FileSystemStorage,262144,2,524778,407050,311040
1779838818.924907,spill,FileSystemStorage,262144,1,262389,238688,157419
1779838818.925179,spill,FileSystemStorage,262144,1,262389,296134,168674
1779838818.925315,spill,FileSystemStorage,262144,1,262389,240527,163749
1779838818.925944,spill,FileSystemStorage,262144,1,262389,235976,162973
1779838818.925948,spill,FileSystemStorage,262144,2,524778,429257,310286
1779838818.926075,spill,FileSystemStorage,262144,1,262389,282898,168536
1779838818.926479,spill,FileSystemStorage,262144,1,262389,237927,149517
1779838818.926689,spill,FileSystemStorage,262144,1,262389,275284,163756
1779838818.926891,spill,FileSystemStorage,262144,1,262389,264794,168069
1779838818.927148,spill,FileSystemStorage,262144,1,262389,274031,170408
1779838818.927367,spill,FileSystemStorage,262144,1,262389,245357,154073
1779838818.927704,spill,FileSystemStorage,262144,1,262389,319130,164882
1779838818.927895,spill,FileSystemStorage,262144,1,262389,272275,170610
1779838818.928249,spill,FileSystemStorage,262144,2,524778,401415,303292
1779838818.928518,spill,FileSystemStorage,262144,1,262389,237860,154356
1779838818.928621,spill,FileSystemStorage,262144,1,262389,271405,174003
1779838819.060092,spill,FileSystemStorage,262144,1916,502737324,293527042,269289517
1779838824.208964,restore,FileSystemStorage,262144,1,262389,1160499,1050659
1779838824.212856,restore,FileSystemStorage,262144,1,262389,352460,276934
1779838824.215885,restore,FileSystemStorage,262144,1,262389,943435,864001
1779838824.220021,restore,FileSystemStorage,262144,1,262389,955152,878502
1779838824.223464,restore,FileSystemStorage,262144,1,262389,753248,667817
1779838824.226375,restore,FileSystemStorage,262144,1,262389,321270,248175
1779838824.230134,restore,FileSystemStorage,262144,1,262389,339504,261398
1779838824.233685,restore,FileSystemStorage,262144,1,262389,279885,234849
1779838824.236936,restore,FileSystemStorage,262144,1,262389,339325,259747
1779838824.240440,restore,FileSystemStorage,262144,1,262389,335485,260393
1779838824.244191,restore,FileSystemStorage,262144,1,262389,626939,548708
1779838824.248383,restore,FileSystemStorage,262144,1,262389,834987,756310
1779838824.252150,restore,FileSystemStorage,262144,1,262389,359722,277841
1779838824.255006,restore,FileSystemStorage,262144,1,262389,309213,262133
1779838824.258441,restore,FileSystemStorage,262144,1,262389,268382,221310
1779838824.262557,restore,FileSystemStorage,262144,1,262389,605203,567219
1779838824.266735,restore,FileSystemStorage,262144,1,262389,348717,273142
1779838824.270316,restore,FileSystemStorage,262144,1,262389,335059,285404
1779838824.274248,restore,FileSystemStorage,262144,1,262389,555731,509216
1779838824.278416,restore,FileSystemStorage,262144,1,262389,701212,625123
1779838824.282410,restore,FileSystemStorage,262144,1,262389,507124,426220
1779838824.286024,restore,FileSystemStorage,262144,1,262389,827703,771037
1779838824.290009,restore,FileSystemStorage,262144,1,262389,685669,602175
1779838824.294443,restore,FileSystemStorage,262144,1,262389,659740,578424
1779838824.298322,restore,FileSystemStorage,262144,1,262389,679999,602201
1779838824.302316,restore,FileSystemStorage,262144,1,262389,655932,601043
1779838824.305868,restore,FileSystemStorage,262144,1,262389,547404,499818
1779838824.310259,restore,FileSystemStorage,262144,1,262389,678154,597278
1779838824.313796,restore,FileSystemStorage,262144,1,262389,691566,613183
1779838824.317812,restore,FileSystemStorage,262144,1,262389,608700,527314
1779838824.322376,restore,FileSystemStorage,262144,1,262389,599218,523426
1779838824.326918,restore,FileSystemStorage,262144,1,262389,345845,262608
1779838824.328331,restore,FileSystemStorage,262144,1,262389,362331,314038
1779838824.330727,restore,FileSystemStorage,262144,1,262389,480451,426540
1779838824.334245,restore,FileSystemStorage,262144,1,262389,328243,250877
1779838824.337274,restore,FileSystemStorage,262144,1,262389,608850,554951
1779838824.342319,restore,FileSystemStorage,262144,1,262389,594339,524835
1779838824.348132,restore,FileSystemStorage,262144,1,262389,1058217,980645
1779838824.353034,restore,FileSystemStorage,262144,1,262389,749609,674307
1779838824.357862,restore,FileSystemStorage,262144,1,262389,641653,568860
1779838824.362963,restore,FileSystemStorage,262144,1,262389,521010,448468
1779838824.367517,restore,FileSystemStorage,262144,1,262389,769177,714195
1779838824.372462,restore,FileSystemStorage,262144,1,262389,904711,826579
1779838824.376744,restore,FileSystemStorage,262144,1,262389,666904,608873
1779838824.382295,restore,FileSystemStorage,262144,1,262389,693680,620820
1779838824.387027,restore,FileSystemStorage,262144,1,262389,509911,436317
1779838824.393006,restore,FileSystemStorage,262144,1,262389,881038,802470
1779838824.397788,restore,FileSystemStorage,262144,1,262389,791738,711285
1779838824.402632,restore,FileSystemStorage,262144,1,262389,713547,642882
1779838824.406887,restore,FileSystemStorage,262144,1,262389,493794,422805
1779838824.411073,restore,FileSystemStorage,262144,1,262389,514274,441947
1779838824.413926,restore,FileSystemStorage,262144,1,262389,296915,246036
1779838824.416360,restore,FileSystemStorage,262144,1,262389,296196,241121
1779838824.419055,restore,FileSystemStorage,262144,1,262389,303516,267516
1779838824.421968,restore,FileSystemStorage,262144,1,262389,260256,221372
1779838824.424226,restore,FileSystemStorage,262144,1,262389,266546,233920
1779838824.425855,restore,FileSystemStorage,262144,1,262389,237119,207581
1779838824.427201,restore,FileSystemStorage,262144,1,262389,296671,246961
1779838824.428128,restore,FileSystemStorage,262144,1,262389,247999,213071
1779838824.429177,restore,FileSystemStorage,262144,1,262389,243668,210172
1779838824.431307,restore,FileSystemStorage,262144,1,262389,240515,206903
1779838824.433282,restore,FileSystemStorage,262144,1,262389,244974,206833
1779838824.435099,restore,FileSystemStorage,262144,1,262389,285951,254490
1779838824.438883,restore,FileSystemStorage,262144,1,262389,423137,394806
1779838824.442303,restore,FileSystemStorage,262144,1,262389,261285,229613
1779838824.444711,restore,FileSystemStorage,262144,1,262389,504007,460907
1779838824.448488,restore,FileSystemStorage,262144,1,262389,784036,705102
1779838824.451856,restore,FileSystemStorage,262144,1,262389,955999,881705
1779838824.454634,restore,FileSystemStorage,262144,1,262389,297860,240860
1779838824.458001,restore,FileSystemStorage,262144,1,262389,670429,598530
1779838824.460771,restore,FileSystemStorage,262144,1,262389,630790,571438
1779838824.464269,restore,FileSystemStorage,262144,1,262389,708464,629445
1779838824.468686,restore,FileSystemStorage,262144,1,262389,366872,295485
1779838824.473067,restore,FileSystemStorage,262144,1,262389,686661,608170
1779838824.476549,restore,FileSystemStorage,262144,1,262389,640003,561783
1779838824.479175,restore,FileSystemStorage,262144,1,262389,529667,491090
1779838824.482283,restore,FileSystemStorage,262144,1,262389,245164,206410
1779838824.484178,restore,FileSystemStorage,262144,1,262389,315239,243945
1779838824.486572,restore,FileSystemStorage,262144,1,262389,419228,378916
1779838824.489994,restore,FileSystemStorage,262144,1,262389,630119,557181
1779838824.492754,restore,FileSystemStorage,262144,1,262389,588590,544997
1779838824.494758,restore,FileSystemStorage,262144,1,262389,226471,199113
1779838824.497347,restore,FileSystemStorage,262144,1,262389,594174,562870
1779838824.499053,restore,FileSystemStorage,262144,1,262389,280639,253609
1779838824.500188,restore,FileSystemStorage,262144,1,262389,230245,201939
1779838824.501375,restore,FileSystemStorage,262144,1,262389,243483,210129
1779838824.502941,restore,FileSystemStorage,262144,1,262389,243060,214985
1779838824.505034,restore,FileSystemStorage,262144,1,262389,228744,202122
1779838824.507410,restore,FileSystemStorage,262144,1,262389,591272,566648
1779838824.509494,restore,FileSystemStorage,262144,1,262389,242962,217863
1779838824.511139,restore,FileSystemStorage,262144,1,262389,254575,222839
1779838824.513949,restore,FileSystemStorage,262144,1,262389,238280,205749
1779838824.516598,restore,FileSystemStorage,262144,1,262389,223943,194589
1779838824.519669,restore,FileSystemStorage,262144,1,262389,282287,238448
1779838824.523386,restore,FileSystemStorage,262144,1,262389,488031,439119
1779838824.527477,restore,FileSystemStorage,262144,1,262389,605448,570306
1779838824.532450,restore,FileSystemStorage,262144,1,262389,838239,790388
1779838824.536285,restore,FileSystemStorage,262144,1,262389,863043,786760
1779838824.540154,restore,FileSystemStorage,262144,1,262389,511771,436886
1779838824.544139,restore,FileSystemStorage,262144,1,262389,1172921,1080262
1779838824.548756,restore,FileSystemStorage,262144,1,262389,790638,715870
1779838824.552803,restore,FileSystemStorage,262144,1,262389,710644,635071
1779838824.557205,restore,FileSystemStorage,262144,1,262389,607169,533470
1779838824.561900,restore,FileSystemStorage,262144,1,262389,465793,392575
1779838824.565110,restore,FileSystemStorage,262144,1,262389,337318,262423
1779838824.569625,restore,FileSystemStorage,262144,1,262389,585565,514483
1779838824.574224,restore,FileSystemStorage,262144,1,262389,475331,404580
1779838824.578784,restore,FileSystemStorage,262144,1,262389,458326,388243
1779838824.583183,restore,FileSystemStorage,262144,1,262389,376237,305797
1779838824.587396,restore,FileSystemStorage,262144,1,262389,764989,703797
1779838824.592717,restore,FileSystemStorage,262144,1,262389,627183,559472
1779838824.596222,restore,FileSystemStorage,262144,1,262389,593197,528081
1779838824.599416,restore,FileSystemStorage,262144,1,262389,325592,259426
1779838824.601065,restore,FileSystemStorage,262144,1,262389,283584,227409
1779838824.603010,restore,FileSystemStorage,262144,1,262389,375536,308590
1779838824.606755,restore,FileSystemStorage,262144,1,262389,674200,620098
1779838824.610083,restore,FileSystemStorage,262144,1,262389,339394,270511
1779838824.612836,restore,FileSystemStorage,262144,1,262389,767347,707569
1779838824.617162,restore,FileSystemStorage,262144,1,262389,602298,537001
1779838824.621107,restore,FileSystemStorage,262144,1,262389,641041,568365
1779838824.625604,restore,FileSystemStorage,262144,1,262389,631602,560729
1779838824.629917,restore,FileSystemStorage,262144,1,262389,359699,289869
1779838824.634006,restore,FileSystemStorage,262144,1,262389,632855,574172
1779838824.637914,restore,FileSystemStorage,262144,1,262389,683579,629778
1779838824.641481,restore,FileSystemStorage,262144,1,262389,606877,534709
1779838824.645592,restore,FileSystemStorage,262144,1,262389,621610,548888
1779838824.649947,restore,FileSystemStorage,262144,1,262389,656650,586746
1779838824.653726,restore,FileSystemStorage,262144,1,262389,692512,634901
1779838824.657653,restore,FileSystemStorage,262144,1,262389,718473,645394
1779838824.661179,restore,FileSystemStorage,262144,1,262389,734072,658564
1779838824.664368,restore,FileSystemStorage,262144,1,262389,859160,780418
1779838824.667676,restore,FileSystemStorage,262144,1,262389,652706,585171
1779838824.671901,restore,FileSystemStorage,262144,1,262389,892941,823082
1779838824.677241,restore,FileSystemStorage,262144,1,262389,648723,575488
1779838824.681380,restore,FileSystemStorage,262144,1,262389,609359,561975
1779838824.686074,restore,FileSystemStorage,262144,1,262389,613039,541252
1779838824.690095,restore,FileSystemStorage,262144,1,262389,672697,601448
1779838824.693614,restore,FileSystemStorage,262144,1,262389,655155,580946
1779838824.698541,restore,FileSystemStorage,262144,1,262389,589544,519926
1779838824.703423,restore,FileSystemStorage,262144,1,262389,642866,566149
1779838824.708409,restore,FileSystemStorage,262144,1,262389,995290,919459
1779838824.713104,restore,FileSystemStorage,262144,1,262389,581819,509131
1779838824.717787,restore,FileSystemStorage,262144,1,262389,594224,523903
1779838824.721910,restore,FileSystemStorage,262144,1,262389,526740,488050
1779838824.726691,restore,FileSystemStorage,262144,1,262389,636808,562648
1779838824.729939,restore,FileSystemStorage,262144,1,262389,372459,296561
1779838824.733008,restore,FileSystemStorage,262144,1,262389,599383,561289
1779838824.742315,restore,FileSystemStorage,262144,1,262389,343554,264803
1779838824.745859,restore,FileSystemStorage,262144,1,262389,638610,567556
1779838824.750588,restore,FileSystemStorage,262144,1,262389,739626,668870
1779838824.754860,restore,FileSystemStorage,262144,1,262389,485596,414279
1779838824.758885,restore,FileSystemStorage,262144,1,262389,496347,425063
1779838824.761747,restore,FileSystemStorage,262144,1,262389,792921,745365
1779838824.766647,restore,FileSystemStorage,262144,1,262389,722004,650747
1779838824.771039,restore,FileSystemStorage,262144,1,262389,418961,335388
1779838824.774618,restore,FileSystemStorage,262144,1,262389,590228,535635
1779838824.778624,restore,FileSystemStorage,262144,1,262389,601237,535337
1779838824.782954,restore,FileSystemStorage,262144,1,262389,394271,325153
1779838824.786793,restore,FileSystemStorage,262144,1,262389,499398,443036
1779838829.818904,spill,FileSystemStorage,524288,1,524533,608613,351757
1779838829.819261,spill,FileSystemStorage,524288,2,1049066,974351,712724
1779838829.819318,spill,FileSystemStorage,524288,2,1049066,942686,705361
1779838829.820704,spill,FileSystemStorage,524288,1,524533,468798,344681
1779838829.820710,spill,FileSystemStorage,524288,2,1049066,771933,623022
1779838829.821291,spill,FileSystemStorage,524288,3,1573599,1120751,950252
1779838829.821504,spill,FileSystemStorage,524288,1,524533,458768,318989
1779838829.821853,spill,FileSystemStorage,524288,2,1049066,731137,607827
1779838829.822160,spill,FileSystemStorage,524288,1,524533,446316,335387
1779838829.822197,spill,FileSystemStorage,524288,1,524533,418343,323858
1779838829.822618,spill,FileSystemStorage,524288,1,524533,413886,317329
1779838829.822827,spill,FileSystemStorage,524288,1,524533,399003,319496
1779838829.822950,spill,FileSystemStorage,524288,1,524533,449880,346023
1779838829.823285,spill,FileSystemStorage,524288,1,524533,422876,326097
1779838829.824122,spill,FileSystemStorage,524288,2,1049066,744346,636170
1779838829.824142,spill,FileSystemStorage,524288,1,524533,484433,329034
1779838829.824641,spill,FileSystemStorage,524288,2,1049066,805643,613075
1779838829.825243,spill,FileSystemStorage,524288,2,1049066,757258,641049
1779838829.825449,spill,FileSystemStorage,524288,2,1049066,786193,671908
1779838829.825838,spill,FileSystemStorage,524288,2,1049066,798647,667838
1779838829.825973,spill,FileSystemStorage,524288,1,524533,442392,339349
1779838829.826137,spill,FileSystemStorage,524288,1,524533,407393,326850
1779838829.826700,spill,FileSystemStorage,524288,1,524533,449030,344253
1779838829.826761,spill,FileSystemStorage,524288,1,524533,413092,337092
1779838829.827022,spill,FileSystemStorage,524288,2,1049066,837796,708403
1779838829.828085,spill,FileSystemStorage,524288,2,1049066,848286,716614
1779838829.828598,spill,FileSystemStorage,524288,2,1049066,1190051,718387
1779838829.828916,spill,FileSystemStorage,524288,2,1049066,818955,689961
1779838829.829097,spill,FileSystemStorage,524288,1,524533,471292,371687
1779838829.829769,spill,FileSystemStorage,524288,2,1049066,814864,667424
1779838829.829851,spill,FileSystemStorage,524288,1,524533,465459,354404
1779838829.830286,spill,FileSystemStorage,524288,1,524533,427696,321782
1779838829.830589,spill,FileSystemStorage,524288,1,524533,483379,371356
1779838829.830619,spill,FileSystemStorage,524288,1,524533,423718,339798
1779838829.831094,spill,FileSystemStorage,524288,1,524533,514141,391635
1779838829.831447,spill,FileSystemStorage,524288,1,524533,478148,345615
1779838829.831791,spill,FileSystemStorage,524288,2,1049066,859470,673749
1779838829.832373,spill,FileSystemStorage,524288,1,524533,460658,367444
1779838829.832763,spill,FileSystemStorage,524288,1,524533,418194,341011
1779838829.833072,spill,FileSystemStorage,524288,2,1049066,802926,671710
1779838829.833258,spill,FileSystemStorage,524288,1,524533,475392,372206
1779838829.834326,spill,FileSystemStorage,524288,1,524533,740544,353950
1779838829.834659,spill,FileSystemStorage,524288,2,1049066,1019276,673835
1779838829.834741,spill,FileSystemStorage,524288,2,1049066,1068083,738330
1779838829.835478,spill,FileSystemStorage,524288,1,524533,509272,346887
1779838829.835514,spill,FileSystemStorage,524288,2,1049066,831512,704280
1779838829.835839,spill,FileSystemStorage,524288,1,524533,444502,323518
1779838829.836353,spill,FileSystemStorage,524288,1,524533,485193,358606
1779838829.836554,spill,FileSystemStorage,524288,1,524533,437004,344708
1779838829.836555,spill,FileSystemStorage,524288,1,524533,459069,343391
1779838829.837065,spill,FileSystemStorage,524288,1,524533,452854,328684
1779838829.837400,spill,FileSystemStorage,524288,1,524533,463922,372805
1779838829.837693,spill,FileSystemStorage,524288,2,1049066,795392,681065
1779838829.837967,spill,FileSystemStorage,524288,1,524533,435485,333918
1779838829.838202,spill,FileSystemStorage,524288,1,524533,429672,325041
1779838829.838477,spill,FileSystemStorage,524288,1,524533,437698,329224
1779838829.838658,spill,FileSystemStorage,524288,1,524533,436000,349661
1779838829.839213,spill,FileSystemStorage,524288,1,524533,480438,376756
1779838829.839337,spill,FileSystemStorage,524288,2,1049066,861929,743374
1779838829.839800,spill,FileSystemStorage,524288,2,1049066,782804,651542
1779838829.840135,spill,FileSystemStorage,524288,1,524533,476168,373064
1779838829.840307,spill,FileSystemStorage,524288,2,1049066,781017,667417
1779838829.840902,spill,FileSystemStorage,524288,2,1049066,809762,667909
1779838829.841188,spill,FileSystemStorage,524288,1,524533,473608,369678
1779838829.841242,spill,FileSystemStorage,524288,2,1049066,850467,736888
1779838829.841698,spill,FileSystemStorage,524288,1,524533,448681,333585
1779838829.842057,spill,FileSystemStorage,524288,1,524533,465335,361868
1779838829.842182,spill,FileSystemStorage,524288,1,524533,437293,337759
1779838829.842737,spill,FileSystemStorage,524288,2,1049066,779038,665515
1779838829.842955,spill,FileSystemStorage,524288,1,524533,488740,394000
1779838829.843009,spill,FileSystemStorage,524288,1,524533,469802,377249
1779838829.843540,spill,FileSystemStorage,524288,1,524533,454276,321994
1779838829.844203,spill,FileSystemStorage,524288,2,1049066,865814,750002
1779838829.844217,spill,FileSystemStorage,524288,2,1049066,816049,688013
1779838829.844620,spill,FileSystemStorage,524288,2,1049066,795244,687801
1779838829.845379,spill,FileSystemStorage,524288,1,524533,443809,350916
1779838829.845427,spill,FileSystemStorage,524288,2,1049066,811035,699998
1779838829.845463,spill,FileSystemStorage,524288,2,1049066,876810,749586
1779838829.846044,spill,FileSystemStorage,524288,1,524533,439018,346749
1779838829.846160,spill,FileSystemStorage,524288,1,524533,445047,342619
1779838829.846553,spill,FileSystemStorage,524288,1,524533,474835,373725
1779838829.847194,spill,FileSystemStorage,524288,1,524533,764517,378662
1779838829.847195,spill,FileSystemStorage,524288,1,524533,774421,383313
1779838829.847915,spill,FileSystemStorage,524288,2,1049066,950743,730846
1779838829.848268,spill,FileSystemStorage,524288,2,1049066,836848,703287
1779838829.848298,spill,FileSystemStorage,524288,2,1049066,819852,701518
1779838829.849110,spill,FileSystemStorage,524288,1,524533,442705,344052
1779838829.849112,spill,FileSystemStorage,524288,2,1049066,796711,661702
1779838829.849514,spill,FileSystemStorage,524288,2,1049066,854517,660225
1779838829.849959,spill,FileSystemStorage,524288,1,524533,421242,333483
1779838829.849989,spill,FileSystemStorage,524288,1,524533,488163,374280
1779838829.850538,spill,FileSystemStorage,524288,1,524533,510089,383637
1779838829.850652,spill,FileSystemStorage,524288,1,524533,446901,352194
1779838829.850782,spill,FileSystemStorage,524288,1,524533,463041,373547
1779838829.851344,spill,FileSystemStorage,524288,1,524533,513781,359842
1779838829.851392,spill,FileSystemStorage,524288,1,524533,468628,347572
1779838829.851812,spill,FileSystemStorage,524288,1,524533,477278,360524
1779838829.852517,spill,FileSystemStorage,524288,2,1049066,786276,660881
1779838829.852619,spill,FileSystemStorage,524288,1,524533,469126,375522
1779838829.852685,spill,FileSystemStorage,524288,2,1049066,830160,706831
1779838829.853177,spill,FileSystemStorage,524288,1,524533,412652,324535
1779838829.853415,spill,FileSystemStorage,524288,1,524533,473837,380218
1779838829.853434,spill,FileSystemStorage,524288,1,524533,449099,332123
1779838829.853843,spill,FileSystemStorage,524288,1,524533,438447,333856
1779838829.854180,spill,FileSystemStorage,524288,1,524533,483544,383729
1779838829.854489,spill,FileSystemStorage,524288,1,524533,423680,340382
1779838829.854523,spill,FileSystemStorage,524288,2,1049066,779958,665870
1779838829.855000,spill,FileSystemStorage,524288,1,524533,506606,392630
1779838829.855241,spill,FileSystemStorage,524288,1,524533,474887,389827
1779838829.855274,spill,FileSystemStorage,524288,1,524533,468157,371905
1779838829.855940,spill,FileSystemStorage,524288,1,524533,460818,371665
1779838829.856229,spill,FileSystemStorage,524288,1,524533,461149,371176
1779838829.856309,spill,FileSystemStorage,524288,2,1049066,785557,676942
1779838829.856961,spill,FileSystemStorage,524288,1,524533,439259,340994
1779838829.857064,spill,FileSystemStorage,524288,1,524533,434497,342036
1779838829.857221,spill,FileSystemStorage,524288,2,1049066,842103,737708
1779838829.857756,spill,FileSystemStorage,524288,1,524533,439693,350164
1779838829.857798,spill,FileSystemStorage,524288,1,524533,441777,345153
1779838829.858147,spill,FileSystemStorage,524288,1,524533,447928,333622
1779838829.858392,spill,FileSystemStorage,524288,1,524533,420472,329581
1779838829.858512,spill,FileSystemStorage,524288,1,524533,441859,345554
1779838829.858967,spill,FileSystemStorage,524288,1,524533,487099,381547
1779838829.859151,spill,FileSystemStorage,524288,1,524533,477753,370207
1779838829.860006,spill,FileSystemStorage,524288,1,524533,465669,363353
1779838829.860065,spill,FileSystemStorage,524288,3,1573599,1197934,1012964
1779838829.860396,spill,FileSystemStorage,524288,2,1049066,873260,742781
1779838829.860868,spill,FileSystemStorage,524288,1,524533,458834,346482
1779838829.861041,spill,FileSystemStorage,524288,2,1049066,799694,673294
1779838829.861174,spill,FileSystemStorage,524288,1,524533,436808,333808
1779838829.861598,spill,FileSystemStorage,524288,1,524533,436472,315864
1779838829.861891,spill,FileSystemStorage,524288,1,524533,459279,341039
1779838829.862360,spill,FileSystemStorage,524288,1,524533,463307,365716
1779838829.862577,spill,FileSystemStorage,524288,1,524533,429655,339980
1779838829.862747,spill,FileSystemStorage,524288,3,1573599,1244684,1100379
1779838829.863318,spill,FileSystemStorage,524288,1,524533,491256,372213
1779838829.863394,spill,FileSystemStorage,524288,2,1049066,819998,708806
1779838829.863508,spill,FileSystemStorage,524288,1,524533,466940,344610
1779838829.864455,spill,FileSystemStorage,524288,2,1049066,773069,654498
1779838829.864542,spill,FileSystemStorage,524288,2,1049066,775689,666078
1779838829.864760,spill,FileSystemStorage,524288,1,524533,810405,358482
1779838829.865282,spill,FileSystemStorage,524288,1,524533,485283,354238
1779838829.865852,spill,FileSystemStorage,524288,3,1573599,1147807,992953
1779838829.865918,spill,FileSystemStorage,524288,2,1049066,851625,741656
1779838829.866334,spill,FileSystemStorage,524288,2,1049066,800622,685139
1779838829.866697,spill,FileSystemStorage,524288,1,524533,490363,374372
1779838829.866700,spill,FileSystemStorage,524288,1,524533,521199,339195
1779838829.867033,spill,FileSystemStorage,524288,1,524533,464720,360298
1779838829.867454,spill,FileSystemStorage,524288,1,524533,447886,349801
1779838829.868086,spill,FileSystemStorage,524288,1,524533,460933,358682
1779838829.868282,spill,FileSystemStorage,524288,3,1573599,1157858,967128
1779838829.868796,spill,FileSystemStorage,524288,1,524533,541380,380214
1779838829.868855,spill,FileSystemStorage,524288,1,524533,460898,339474
1779838829.869009,spill,FileSystemStorage,524288,1,524533,443663,342861
1779838829.869629,spill,FileSystemStorage,524288,1,524533,472142,373659
1779838829.869748,spill,FileSystemStorage,524288,1,524533,449740,334367
1779838829.869874,spill,FileSystemStorage,524288,2,1049066,790070,655453
1779838829.870390,spill,FileSystemStorage,524288,1,524533,405692,321357
1779838829.870661,spill,FileSystemStorage,524288,1,524533,473657,357536
1779838829.871299,spill,FileSystemStorage,524288,3,1573599,1204011,1058379
1779838829.871815,spill,FileSystemStorage,524288,2,1049066,821987,703993
1779838829.871842,spill,FileSystemStorage,524288,3,1573599,1202406,1063486
1779838829.872056,spill,FileSystemStorage,524288,1,524533,422720,324645
1779838829.872582,spill,FileSystemStorage,524288,1,524533,468233,369347
1779838829.872748,spill,FileSystemStorage,524288,1,524533,440589,348500
1779838829.872962,spill,FileSystemStorage,524288,2,1049066,794185,673516
1779838829.873398,spill,FileSystemStorage,524288,1,524533,403309,325741
1779838829.873455,spill,FileSystemStorage,524288,1,524533,439876,341703
1779838829.873803,spill,FileSystemStorage,524288,1,524533,463999,349808
1779838829.874148,spill,FileSystemStorage,524288,1,524533,434682,345326
1779838829.874197,spill,FileSystemStorage,524288,1,524533,480592,360204
1779838829.874483,spill,FileSystemStorage,524288,1,524533,434115,313183
1779838829.874851,spill,FileSystemStorage,524288,1,524533,437556,349463
1779838829.874938,spill,FileSystemStorage,524288,1,524533,468400,349090
1779838829.875746,spill,FileSystemStorage,524288,1,524533,487903,357681
1779838829.875782,spill,FileSystemStorage,524288,1,524533,483998,358605
1779838829.875846,spill,FileSystemStorage,524288,3,1573599,1132297,1006434
1779838829.876417,spill,FileSystemStorage,524288,1,524533,409324,323282
1779838829.876470,spill,FileSystemStorage,524288,1,524533,423534,336233
1779838829.876580,spill,FileSystemStorage,524288,1,524533,452441,343601
1779838829.877027,spill,FileSystemStorage,524288,1,524533,389741,317277
1779838829.877259,spill,FileSystemStorage,524288,1,524533,436237,349321
1779838829.877494,spill,FileSystemStorage,524288,2,1049066,760753,674102
1779838829.877730,spill,FileSystemStorage,524288,1,524533,423196,327805
1779838829.878351,spill,FileSystemStorage,524288,2,1049066,733493,625721
1779838829.878372,spill,FileSystemStorage,524288,1,524533,435051,353079
1779838829.879096,spill,FileSystemStorage,524288,1,524533,489468,383347
1779838829.879109,spill,FileSystemStorage,524288,1,524533,466678,387587
1779838829.879182,spill,FileSystemStorage,524288,3,1573599,1174051,1040268
1779838829.879901,spill,FileSystemStorage,524288,1,524533,470160,329922
1779838829.880207,spill,FileSystemStorage,524288,1,524533,480153,346953
1779838829.880428,spill,FileSystemStorage,524288,2,1049066,794097,688674
1779838829.880707,spill,FileSystemStorage,524288,1,524533,434712,345479
1779838829.881244,spill,FileSystemStorage,524288,2,1049066,752855,654222
1779838829.881370,spill,FileSystemStorage,524288,1,524533,440892,348226
1779838829.881471,spill,FileSystemStorage,524288,2,1049066,762355,663201
1779838829.882354,spill,FileSystemStorage,524288,1,524533,427182,339918
1779838829.882447,spill,FileSystemStorage,524288,2,1049066,780067,683468
1779838829.882615,spill,FileSystemStorage,524288,2,1049066,782673,674941
1779838829.883001,spill,FileSystemStorage,524288,1,524533,462199,341054
1779838829.883366,spill,FileSystemStorage,524288,1,524533,480357,335622
1779838829.883379,spill,FileSystemStorage,524288,1,524533,613585,440208
1779838829.883955,spill,FileSystemStorage,524288,1,524533,376499,290817
1779838829.884365,spill,FileSystemStorage,524288,1,524533,416228,332068
1779838829.884498,spill,FileSystemStorage,524288,1,524533,538501,388444
1779838829.884963,spill,FileSystemStorage,524288,2,1049066,728281,632621
1779838829.885076,spill,FileSystemStorage,524288,1,524533,418143,313800
1779838829.885771,spill,FileSystemStorage,524288,1,524533,514163,350896
1779838829.885790,spill,FileSystemStorage,524288,1,524533,443676,346749
1779838829.886278,spill,FileSystemStorage,524288,3,1573599,1374931,1172935
1779838829.886423,spill,FileSystemStorage,524288,1,524533,396654,318901
1779838829.887056,spill,FileSystemStorage,524288,2,1049066,821069,691383
1779838829.887267,spill,FileSystemStorage,524288,1,524533,646812,451809
1779838829.887471,spill,FileSystemStorage,524288,2,1049066,839012,704583
1779838829.888107,spill,FileSystemStorage,524288,1,524533,444902,329652
1779838829.888797,spill,FileSystemStorage,524288,2,1049066,1027184,848103
1779838829.888833,spill,FileSystemStorage,524288,1,524533,482101,369346
1779838829.889681,spill,FileSystemStorage,524288,1,524533,484685,374047
1779838829.889724,spill,FileSystemStorage,524288,2,1049066,763725,652925
1779838829.889855,spill,FileSystemStorage,524288,1,524533,587502,431341
1779838829.890400,spill,FileSystemStorage,524288,1,524533,465692,344274
1779838829.890474,spill,FileSystemStorage,524288,1,524533,406796,315754
1779838829.891222,spill,FileSystemStorage,524288,1,524533,520826,414982
1779838829.891251,spill,FileSystemStorage,524288,2,1049066,1025481,851346
1779838829.891372,spill,FileSystemStorage,524288,1,524533,471418,338535
1779838829.892179,spill,FileSystemStorage,524288,1,524533,440087,335357
1779838829.892184,spill,FileSystemStorage,524288,1,524533,578902,417565
1779838829.892333,spill,FileSystemStorage,524288,2,1049066,844162,712479
1779838829.893229,spill,FileSystemStorage,524288,2,1049066,750266,661608
1779838829.893238,spill,FileSystemStorage,524288,1,524533,486522,383968
1779838829.893279,spill,FileSystemStorage,524288,1,524533,582289,415893
1779838829.893926,spill,FileSystemStorage,524288,1,524533,418660,333329
1779838829.894028,spill,FileSystemStorage,524288,1,524533,463687,364369
1779838829.894250,spill,FileSystemStorage,524288,1,524533,573461,426044
1779838829.894950,spill,FileSystemStorage,524288,2,1049066,779377,683404
1779838829.895099,spill,FileSystemStorage,524288,1,524533,576141,428677
1779838829.895176,spill,FileSystemStorage,524288,2,1049066,876813,751484
1779838829.895681,spill,FileSystemStorage,524288,1,524533,440008,335799
1779838829.895967,spill,FileSystemStorage,524288,1,524533,464377,358460
1779838829.896433,spill,FileSystemStorage,524288,1,524533,435020,346382
1779838829.896982,spill,FileSystemStorage,524288,3,1573599,1477434,1272745
1779838829.897115,spill,FileSystemStorage,524288,1,524533,429323,343347
1779838829.897108,spill,FileSystemStorage,524288,2,1049066,846369,729551
1779838829.897909,spill,FileSystemStorage,524288,1,524533,554367,400460
1779838829.898067,spill,FileSystemStorage,524288,1,524533,467789,359906
1779838829.898159,spill,FileSystemStorage,524288,2,1049066,783631,653428
1779838829.898776,spill,FileSystemStorage,524288,1,524533,483318,368541
1779838829.898763,spill,FileSystemStorage,524288,1,524533,555112,393787
1779838829.899067,spill,FileSystemStorage,524288,1,524533,445616,360712
1779838829.899645,spill,FileSystemStorage,524288,1,524533,486911,365631
1779838829.899671,spill,FileSystemStorage,524288,1,524533,538986,393270
1779838829.900043,spill,FileSystemStorage,524288,2,1049066,722269,626414
1779838829.900649,spill,FileSystemStorage,524288,1,524533,528609,390860
1779838829.900679,spill,FileSystemStorage,524288,2,1049066,782748,680127
1779838829.901047,spill,FileSystemStorage,524288,2,1049066,718181,619911
1779838829.901611,spill,FileSystemStorage,524288,1,524533,607881,413752
1779838829.901873,spill,FileSystemStorage,524288,2,1049066,790309,674213
1779838829.902068,spill,FileSystemStorage,524288,1,524533,424869,323794
1779838829.902505,spill,FileSystemStorage,524288,1,524533,487546,330349
1779838829.902563,spill,FileSystemStorage,524288,1,524533,416050,327051
1779838829.902897,spill,FileSystemStorage,524288,1,524533,419723,320382
1779838829.903390,spill,FileSystemStorage,524288,1,524533,491813,354628
1779838829.903445,spill,FileSystemStorage,524288,1,524533,581679,404147
1779838829.903665,spill,FileSystemStorage,524288,1,524533,406189,317077
1779838829.904296,spill,FileSystemStorage,524288,1,524533,535277,387285
1779838829.904316,spill,FileSystemStorage,524288,1,524533,430158,349217
1779838829.904417,spill,FileSystemStorage,524288,2,1049066,742949,631865
1779838829.905205,spill,FileSystemStorage,524288,1,524533,482021,361137
1779838829.905341,spill,FileSystemStorage,524288,2,1049066,727408,627572
1779838829.905539,spill,FileSystemStorage,524288,2,1049066,734795,613854
1779838829.906055,spill,FileSystemStorage,524288,1,524533,401796,322818
1779838829.906124,spill,FileSystemStorage,524288,1,524533,556177,414515
1779838829.906283,spill,FileSystemStorage,524288,1,524533,407481,322595
1779838829.906719,spill,FileSystemStorage,524288,1,524533,424005,331460
1779838829.907120,spill,FileSystemStorage,524288,1,524533,609849,452543
1779838829.907366,spill,FileSystemStorage,524288,2,1049066,837197,697010
1779838829.907570,spill,FileSystemStorage,524288,1,524533,416004,332634
1779838829.908031,spill,FileSystemStorage,524288,1,524533,569860,414772
1779838829.908353,spill,FileSystemStorage,524288,1,524533,455606,336292
1779838829.908667,spill,FileSystemStorage,524288,2,1049066,768722,665087
1779838829.908897,spill,FileSystemStorage,524288,1,524533,556817,429785
1779838829.909051,spill,FileSystemStorage,524288,1,524533,404448,323339
1779838829.909712,spill,FileSystemStorage,524288,2,1049066,746418,650961
1779838829.909761,spill,FileSystemStorage,524288,1,524533,449054,353334
1779838829.909792,spill,FileSystemStorage,524288,1,524533,549844,401042
1779838829.910488,spill,FileSystemStorage,524288,1,524533,427260,333177
1779838829.910508,spill,FileSystemStorage,524288,1,524533,411036,333069
1779838829.910754,spill,FileSystemStorage,524288,1,524533,542252,386680
1779838829.911206,spill,FileSystemStorage,524288,1,524533,459268,369755
1779838829.911344,spill,FileSystemStorage,524288,1,524533,465526,328615
1779838829.911711,spill,FileSystemStorage,524288,1,524533,581061,424054
1779838829.911906,spill,FileSystemStorage,524288,1,524533,419271,328844
1779838829.912053,spill,FileSystemStorage,524288,1,524533,452615,334329
1779838829.912633,spill,FileSystemStorage,524288,1,524533,423542,339980
1779838829.912780,spill,FileSystemStorage,524288,1,524533,411502,328908
1779838829.912987,spill,FileSystemStorage,524288,2,1049066,968518,797386
1779838829.913373,spill,FileSystemStorage,524288,1,524533,456856,339665
1779838829.913817,spill,FileSystemStorage,524288,2,1049066,768034,660959
1779838829.913824,spill,FileSystemStorage,524288,1,524533,463090,344928
1779838829.914552,spill,FileSystemStorage,524288,1,524533,450447,351799
1779838829.914932,spill,FileSystemStorage,524288,2,1049066,776059,651714
1779838829.915071,spill,FileSystemStorage,524288,4,2098132,1466232,1332567
1779838829.915744,spill,FileSystemStorage,524288,2,1049066,858335,665805
1779838829.916131,spill,FileSystemStorage,524288,2,1049066,751447,644273
1779838829.916313,spill,FileSystemStorage,524288,2,1049066,816825,686699
1779838829.916541,spill,FileSystemStorage,524288,1,524533,476222,332740
1779838829.916830,spill,FileSystemStorage,524288,1,524533,416471,309081
1779838829.917179,spill,FileSystemStorage,524288,1,524533,456643,333717
1779838829.917310,spill,FileSystemStorage,524288,1,524533,494590,379201
1779838829.917913,spill,FileSystemStorage,524288,2,1049066,708430,610193
1779838829.918262,spill,FileSystemStorage,524288,1,524533,554020,405469
1779838829.918316,spill,FileSystemStorage,524288,2,1049066,798145,685038
1779838829.918658,spill,FileSystemStorage,524288,1,524533,430352,336566
1779838829.919218,spill,FileSystemStorage,524288,1,524533,607459,454215
1779838829.919376,spill,FileSystemStorage,524288,1,524533,453979,351810
1779838829.919514,spill,FileSystemStorage,524288,2,1049066,875150,745157
1779838829.920411,spill,FileSystemStorage,524288,1,524533,577647,432351
1779838829.920860,spill,FileSystemStorage,524288,2,1049066,752176,630233
1779838829.921388,spill,FileSystemStorage,524288,2,1049066,836313,715912
1779838829.921558,spill,FileSystemStorage,524288,1,524533,422673,338403
1779838829.921623,spill,FileSystemStorage,524288,1,524533,568088,418739
1779838829.922184,spill,FileSystemStorage,524288,1,524533,436045,333167
1779838829.922306,spill,FileSystemStorage,524288,1,524533,395770,313936
1779838829.922791,spill,FileSystemStorage,524288,2,1049066,769572,638420
1779838829.922899,spill,FileSystemStorage,524288,1,524533,434734,346597
1779838829.923397,spill,FileSystemStorage,524288,2,1049066,806990,704055
1779838829.923581,spill,FileSystemStorage,524288,1,524533,484087,366116
1779838829.923682,spill,FileSystemStorage,524288,1,524533,447482,346859
1779838829.924330,spill,FileSystemStorage,524288,1,524533,441915,335605
1779838829.924434,spill,FileSystemStorage,524288,2,1049066,757192,645058
1779838829.925065,spill,FileSystemStorage,524288,2,1049066,764528,668929
1779838829.925230,spill,FileSystemStorage,524288,1,524533,430996,336670
1779838829.925340,spill,FileSystemStorage,524288,2,1049066,776239,668343
1779838829.925988,spill,FileSystemStorage,524288,1,524533,411050,328576
1779838829.926143,spill,FileSystemStorage,524288,1,524533,448739,339623
1779838829.926211,spill,FileSystemStorage,524288,2,1049066,782299,666844
1779838829.926671,spill,FileSystemStorage,524288,1,524533,417070,323822
1779838829.927018,spill,FileSystemStorage,524288,1,524533,495187,386578
1779838829.927207,spill,FileSystemStorage,524288,2,1049066,827972,714443
1779838829.927357,spill,FileSystemStorage,524288,1,524533,460069,328224
1779838829.927895,spill,FileSystemStorage,524288,1,524533,423177,319731
1779838829.928048,spill,FileSystemStorage,524288,1,524533,454697,327574
1779838829.928468,spill,FileSystemStorage,524288,2,1049066,736656,637729
1779838829.929064,spill,FileSystemStorage,524288,2,1049066,790221,666522
1779838829.929179,spill,FileSystemStorage,524288,1,524533,446360,353898
1779838829.929214,spill,FileSystemStorage,524288,2,1049066,786614,680754
1779838829.929710,spill,FileSystemStorage,524288,1,524533,411669,320384
1779838829.930021,spill,FileSystemStorage,524288,1,524533,429161,339530
1779838829.930247,spill,FileSystemStorage,524288,2,1049066,773064,664613
1779838829.930336,spill,FileSystemStorage,524288,1,524533,427217,339062
1779838829.930744,spill,FileSystemStorage,524288,1,524533,426720,339923
1779838829.930965,spill,FileSystemStorage,524288,1,524533,476256,352761
1779838829.931461,spill,FileSystemStorage,524288,1,524533,436371,345928
1779838829.931475,spill,FileSystemStorage,524288,2,1049066,828811,713069
1779838829.932165,spill,FileSystemStorage,524288,2,1049066,775232,659932
1779838829.932384,spill,FileSystemStorage,524288,1,524533,471568,374785
1779838829.933054,spill,FileSystemStorage,524288,1,524533,518036,356017
1779838829.933166,spill,FileSystemStorage,524288,1,524533,446281,354703
1779838829.933203,spill,FileSystemStorage,524288,3,1573599,1158834,1022482
1779838829.933947,spill,FileSystemStorage,524288,1,524533,491245,345814
1779838829.934029,spill,FileSystemStorage,524288,1,524533,491321,387865
1779838829.934392,spill,FileSystemStorage,524288,2,1049066,808556,676865
1779838829.934739,spill,FileSystemStorage,524288,1,524533,457309,369781
1779838829.935040,spill,FileSystemStorage,524288,2,1049066,804286,701993
1779838829.935126,spill,FileSystemStorage,524288,1,524533,486025,384461
1779838829.935507,spill,FileSystemStorage,524288,1,524533,450380,345366
1779838829.935740,spill,FileSystemStorage,524288,1,524533,434364,338559
1779838829.935830,spill,FileSystemStorage,524288,1,524533,427175,329930
1779838829.936361,spill,FileSystemStorage,524288,1,524533,424955,343433
1779838829.936375,spill,FileSystemStorage,524288,1,524533,411137,340312
1779838829.936547,spill,FileSystemStorage,524288,1,524533,429033,342342
1779838829.937113,spill,FileSystemStorage,524288,1,524533,407484,326095
1779838829.937241,spill,FileSystemStorage,524288,1,524533,434150,355190
1779838829.937362,spill,FileSystemStorage,524288,2,1049066,782595,674793
1779838829.937722,spill,FileSystemStorage,524288,1,524533,389243,313735
1779838829.938057,spill,FileSystemStorage,524288,1,524533,514574,362922
1779838829.938133,spill,FileSystemStorage,524288,1,524533,452945,354351
1779838829.938351,spill,FileSystemStorage,524288,1,524533,390175,320238
1779838829.938799,spill,FileSystemStorage,524288,1,524533,468109,339398
1779838829.938843,spill,FileSystemStorage,524288,1,524533,428993,345506
1779838829.939039,spill,FileSystemStorage,524288,1,524533,458208,375760
1779838829.939492,spill,FileSystemStorage,524288,1,524533,427377,327227
1779838829.939998,spill,FileSystemStorage,524288,1,524533,506917,346466
1779838829.940088,spill,FileSystemStorage,524288,2,1049066,758382,644814
1779838829.940272,spill,FileSystemStorage,524288,1,524533,495316,348646
1779838829.940831,spill,FileSystemStorage,524288,1,524533,421011,339036
1779838829.941129,spill,FileSystemStorage,524288,1,524533,542751,385894
1779838829.941186,spill,FileSystemStorage,524288,2,1049066,823454,673674
1779838829.941506,spill,FileSystemStorage,524288,1,524533,387289,310348
1779838829.941800,spill,FileSystemStorage,524288,1,524533,424238,321639
1779838829.941947,spill,FileSystemStorage,524288,1,524533,457694,342215
1779838829.942115,spill,FileSystemStorage,524288,1,524533,378125,308769
1779838829.942492,spill,FileSystemStorage,524288,1,524533,431633,321301
1779838829.942724,spill,FileSystemStorage,524288,1,524533,459413,345437
1779838829.942772,spill,FileSystemStorage,524288,1,524533,410491,324948
1779838829.943475,spill,FileSystemStorage,524288,1,524533,515249,357427
1779838829.943923,spill,FileSystemStorage,524288,3,1573599,1170868,1005127
1779838829.943989,spill,FileSystemStorage,524288,2,1049066,723895,632965
1779838829.944357,spill,FileSystemStorage,524288,1,524533,450044,341557
1779838829.944726,spill,FileSystemStorage,524288,1,524533,451869,331430
1779838829.944759,spill,FileSystemStorage,524288,1,524533,422551,335868
1779838829.945035,spill,FileSystemStorage,524288,1,524533,433753,329545
1779838829.945480,spill,FileSystemStorage,524288,1,524533,443752,346615
1779838829.945815,spill,FileSystemStorage,524288,2,1049066,756895,664063
1779838829.946084,spill,FileSystemStorage,524288,2,1049066,779581,672448
1779838829.946214,spill,FileSystemStorage,524288,1,524533,448607,318732
1779838829.947010,spill,FileSystemStorage,524288,2,1049066,785682,663834
1779838829.947100,spill,FileSystemStorage,524288,1,524533,515944,394450
1779838829.947238,spill,FileSystemStorage,524288,2,1049066,818644,701698
1779838829.947721,spill,FileSystemStorage,524288,1,524533,401675,322546
1779838829.947998,spill,FileSystemStorage,524288,1,524533,444961,333697
1779838829.948184,spill,FileSystemStorage,524288,1,524533,477064,346368
1779838829.949093,spill,FileSystemStorage,524288,1,524533,482197,354293
1779838829.949143,spill,FileSystemStorage,524288,2,1049066,719855,634959
1779838829.949137,spill,FileSystemStorage,524288,1,524533,535161,357765
1779838829.950114,spill,FileSystemStorage,524288,1,524533,398511,325870
1779838829.950188,spill,FileSystemStorage,524288,1,524533,472557,365006
1779838829.950187,spill,FileSystemStorage,524288,2,1049066,801679,697248
1779838829.950762,spill,FileSystemStorage,524288,1,524533,374848,309219
1779838829.950895,spill,FileSystemStorage,524288,1,524533,454080,348400
1779838829.951008,spill,FileSystemStorage,524288,1,524533,475028,359711
1779838829.951895,spill,FileSystemStorage,524288,1,524533,449690,344545
1779838829.951969,spill,FileSystemStorage,524288,2,1049066,738348,640518
1779838829.952432,spill,FileSystemStorage,524288,2,1049066,785127,680601
1779838829.952575,spill,FileSystemStorage,524288,1,524533,448735,350815
1779838829.952974,spill,FileSystemStorage,524288,2,1049066,681161,593408
1779838829.953339,spill,FileSystemStorage,524288,1,524533,452496,363736
1779838829.953366,spill,FileSystemStorage,524288,1,524533,451554,351631
1779838829.954195,spill,FileSystemStorage,524288,2,1049066,680067,595682
1779838829.954613,spill,FileSystemStorage,524288,1,524533,496229,350776
1779838829.954803,spill,FileSystemStorage,524288,2,1049066,831810,716887
1779838829.954889,spill,FileSystemStorage,524288,1,524533,398493,306877
1779838829.955330,spill,FileSystemStorage,524288,1,524533,465936,341522
1779838829.955798,spill,FileSystemStorage,524288,1,524533,684731,324160
1779838829.956105,spill,FileSystemStorage,524288,2,1049066,934905,618605
1779838829.956211,spill,FileSystemStorage,524288,1,524533,469904,338041
1779838829.956915,spill,FileSystemStorage,524288,1,524533,652482,315641
1779838829.956971,spill,FileSystemStorage,524288,1,524533,555838,333326
1779838829.957341,spill,FileSystemStorage,524288,1,524533,547060,330234
1779838829.958127,spill,FileSystemStorage,524288,1,524533,629579,335616
1779838829.958161,spill,FileSystemStorage,524288,1,524533,619782,344259
1779838829.958504,spill,FileSystemStorage,524288,2,1049066,853273,656220
1779838829.959388,spill,FileSystemStorage,524288,2,1049066,1037392,658830
1779838829.959396,spill,FileSystemStorage,524288,2,1049066,964256,653889
1779838829.960005,spill,FileSystemStorage,524288,2,1049066,924991,607096
1779838829.960486,spill,FileSystemStorage,524288,1,524533,458146,359857
1779838829.960803,spill,FileSystemStorage,524288,1,524533,443510,335105
1779838829.960846,spill,FileSystemStorage,524288,1,524533,468950,328551
1779838829.961500,spill,FileSystemStorage,524288,1,524533,430802,334864
1779838829.961984,spill,FileSystemStorage,524288,1,524533,462371,367673
1779838829.962143,spill,FileSystemStorage,524288,2,1049066,743510,626786
1779838829.962201,spill,FileSystemStorage,524288,1,524533,416871,336682
1779838829.962942,spill,FileSystemStorage,524288,1,524533,448230,345143
1779838829.963006,spill,FileSystemStorage,524288,1,524533,479588,367133
1779838829.963046,spill,FileSystemStorage,524288,1,524533,499470,382589
1779838829.964580,spill,FileSystemStorage,524288,1,524533,929964,330364
1779838829.964639,spill,FileSystemStorage,524288,1,524533,869887,366898
1779838829.964666,spill,FileSystemStorage,524288,1,524533,895289,393566
1779838829.965785,spill,FileSystemStorage,524288,1,524533,379639,305365
1779838829.966034,spill,FileSystemStorage,524288,1,524533,456037,348135
1779838829.966194,spill,FileSystemStorage,524288,1,524533,414190,309705
1779838829.966557,spill,FileSystemStorage,524288,1,524533,413765,325683
1779838829.967120,spill,FileSystemStorage,524288,1,524533,503400,393974
1779838829.967190,spill,FileSystemStorage,524288,2,1049066,863798,755034
1779838829.967597,spill,FileSystemStorage,524288,2,1049066,714212,612620
1779838829.968841,spill,FileSystemStorage,524288,1,524533,757285,412456
1779838829.969068,spill,FileSystemStorage,524288,2,1049066,986861,664622
1779838829.969229,spill,FileSystemStorage,524288,2,1049066,1176338,805099
1779838829.970012,spill,FileSystemStorage,524288,1,524533,492306,369022
1779838829.970088,spill,FileSystemStorage,524288,1,524533,462549,352141
1779838829.970274,spill,FileSystemStorage,524288,1,524533,504203,374182
1779838829.970884,spill,FileSystemStorage,524288,1,524533,525452,395778
1779838829.971019,spill,FileSystemStorage,524288,1,524533,447482,361561
1779838829.971061,spill,FileSystemStorage,524288,1,524533,557967,434048
1779838829.971902,spill,FileSystemStorage,524288,1,524533,545670,412184
1779838829.972113,spill,FileSystemStorage,524288,2,1049066,755396,647114
1779838829.972301,spill,FileSystemStorage,524288,2,1049066,880217,754374
1779838829.973264,spill,FileSystemStorage,524288,2,1049066,768432,649937
1779838829.973276,spill,FileSystemStorage,524288,2,1049066,912042,777120
1779838829.973616,spill,FileSystemStorage,524288,2,1049066,971386,782166
1779838829.974025,spill,FileSystemStorage,524288,1,524533,462494,359310
1779838829.974200,spill,FileSystemStorage,524288,1,524533,503225,379930
1779838829.974404,spill,FileSystemStorage,524288,1,524533,486960,372698
1779838829.974958,spill,FileSystemStorage,524288,1,524533,458656,350989
1779838829.974966,spill,FileSystemStorage,524288,1,524533,495155,385880
1779838829.975646,spill,FileSystemStorage,524288,2,1049066,949318,765309
1779838829.975728,spill,FileSystemStorage,524288,1,524533,488780,345212
1779838829.975874,spill,FileSystemStorage,524288,1,524533,508143,382645
1779838829.976613,spill,FileSystemStorage,524288,1,524533,471913,361040
1779838829.976849,spill,FileSystemStorage,524288,1,524533,530299,408029
1779838829.976910,spill,FileSystemStorage,524288,2,1049066,900089,771997
1779838829.977744,spill,FileSystemStorage,524288,2,1049066,748420,646809
1779838829.977748,spill,FileSystemStorage,524288,1,524533,551349,432267
1779838829.978526,spill,FileSystemStorage,524288,3,1573599,1324917,1158906
1779838829.978564,spill,FileSystemStorage,524288,1,524533,532309,420926
1779838829.979118,spill,FileSystemStorage,524288,2,1049066,787621,669945
1779838829.979458,spill,FileSystemStorage,524288,1,524533,576583,419090
1779838829.979758,spill,FileSystemStorage,524288,2,1049066,932693,765147
1779838829.980461,spill,FileSystemStorage,524288,1,524533,459331,334774
1779838829.980847,spill,FileSystemStorage,524288,1,524533,462193,334675
1779838829.981106,spill,FileSystemStorage,524288,3,1573599,1139385,950557
1779838829.981678,spill,FileSystemStorage,524288,2,1049066,821003,661061
1779838829.981944,spill,FileSystemStorage,524288,2,1049066,777080,655639
1779838829.981993,spill,FileSystemStorage,524288,1,524533,524795,350745
1779838829.982429,spill,FileSystemStorage,524288,1,524533,416535,310054
1779838829.982741,spill,FileSystemStorage,524288,1,524533,449269,351537
1779838829.983065,spill,FileSystemStorage,524288,2,1049066,816085,701621
1779838829.983196,spill,FileSystemStorage,524288,1,524533,490393,379198
1779838829.983879,spill,FileSystemStorage,524288,1,524533,418340,325831
1779838829.983868,spill,FileSystemStorage,524288,2,1049066,795745,664822
1779838829.984112,spill,FileSystemStorage,524288,2,1049066,742844,624837
1779838829.984645,spill,FileSystemStorage,524288,1,524533,375349,300440
1779838829.985134,spill,FileSystemStorage,524288,2,1049066,798060,645361
1779838829.985283,spill,FileSystemStorage,524288,1,524533,427118,348265
1779838829.985322,spill,FileSystemStorage,524288,2,1049066,777017,663774
1779838829.986094,spill,FileSystemStorage,524288,1,524533,441939,346014
1779838829.986330,spill,FileSystemStorage,524288,2,1049066,824690,656431
1779838829.986408,spill,FileSystemStorage,524288,2,1049066,805552,675532
1779838829.986752,spill,FileSystemStorage,524288,1,524533,395079,298634
1779838829.987437,spill,FileSystemStorage,524288,2,1049066,835865,714603
1779838829.987491,spill,FileSystemStorage,524288,2,1049066,842401,729158
1779838829.987536,spill,FileSystemStorage,524288,1,524533,434855,343391
1779838829.988363,spill,FileSystemStorage,524288,1,524533,405844,322545
1779838829.988457,spill,FileSystemStorage,524288,1,524533,458466,339116
1779838829.988618,spill,FileSystemStorage,524288,1,524533,542334,403084
1779838829.989002,spill,FileSystemStorage,524288,1,524533,409550,334250
1779838829.989207,spill,FileSystemStorage,524288,1,524533,448120,322825
1779838829.989649,spill,FileSystemStorage,524288,1,524533,408909,328012
1779838829.990011,spill,FileSystemStorage,524288,2,1049066,972277,809764
1779838829.990243,spill,FileSystemStorage,524288,2,1049066,753950,652612
1779838829.990595,spill,FileSystemStorage,524288,2,1049066,699052,604976
1779838829.991126,spill,FileSystemStorage,524288,1,524533,488134,364846
1779838829.991436,spill,FileSystemStorage,524288,1,524533,441404,336417
1779838829.991747,spill,FileSystemStorage,524288,3,1573599,1401737,1201005
1779838829.991940,spill,FileSystemStorage,524288,1,524533,420925,325049
1779838829.992171,spill,FileSystemStorage,524288,1,524533,400855,318052
1779838829.992643,spill,FileSystemStorage,524288,1,524533,402367,316525
1779838829.992669,spill,FileSystemStorage,524288,1,524533,580332,396475
1779838829.993294,spill,FileSystemStorage,524288,1,524533,410360,319628
1779838829.993591,spill,FileSystemStorage,524288,1,524533,565373,421410
1779838829.993843,spill,FileSystemStorage,524288,4,2098132,1417486,1275883
1779838829.993971,spill,FileSystemStorage,524288,1,524533,409755,328539
1779838829.994473,spill,FileSystemStorage,524288,1,524533,521842,387346
1779838829.994599,spill,FileSystemStorage,524288,1,524533,402511,313553
1779838829.994726,spill,FileSystemStorage,524288,1,524533,446983,339305
1779838829.995429,spill,FileSystemStorage,524288,1,524533,418431,312361
1779838829.995546,spill,FileSystemStorage,524288,1,524533,446143,318043
1779838829.995752,spill,FileSystemStorage,524288,2,1049066,980406,819055
1779838829.996111,spill,FileSystemStorage,524288,1,524533,415539,319930
1779838829.996543,spill,FileSystemStorage,524288,2,1049066,727267,595326
1779838829.996754,spill,FileSystemStorage,524288,1,524533,409532,324547
1779838829.996775,spill,FileSystemStorage,524288,1,524533,530976,381814
1779838829.997220,spill,FileSystemStorage,524288,1,524533,411563,298876
1779838829.997630,spill,FileSystemStorage,524288,1,524533,526265,390242
1779838829.997803,spill,FileSystemStorage,524288,2,1049066,774645,661947
1779838829.997902,spill,FileSystemStorage,524288,1,524533,415043,329117
1779838829.998595,spill,FileSystemStorage,524288,1,524533,418460,327376
1779838829.998744,spill,FileSystemStorage,524288,1,524533,418455,313073
1779838829.998884,spill,FileSystemStorage,524288,2,1049066,929708,776240
1779838829.999647,spill,FileSystemStorage,524288,2,1049066,757676,624287
1779838829.999799,spill,FileSystemStorage,524288,2,1049066,767878,657214
1779838830.000085,spill,FileSystemStorage,524288,1,524533,562951,407838
1779838830.000408,spill,FileSystemStorage,524288,1,524533,427943,320277
1779838830.000479,spill,FileSystemStorage,524288,1,524533,390962,294982
1779838830.001225,spill,FileSystemStorage,524288,2,1049066,866246,734660
1779838830.001403,spill,FileSystemStorage,524288,1,524533,423138,332452
1779838830.001607,spill,FileSystemStorage,524288,2,1049066,738710,606688
1779838830.002093,spill,FileSystemStorage,524288,1,524533,410993,325230
1779838830.002347,spill,FileSystemStorage,524288,2,1049066,795552,646281
1779838830.002929,spill,FileSystemStorage,524288,2,1049066,782776,655291
1779838830.003105,spill,FileSystemStorage,524288,2,1049066,767372,677251
1779838830.003489,spill,FileSystemStorage,524288,2,1049066,803603,680504
1779838830.003648,spill,FileSystemStorage,524288,1,524533,419643,317059
1779838830.003821,spill,FileSystemStorage,524288,1,524533,418975,325440
1779838830.004203,spill,FileSystemStorage,524288,1,524533,398799,304453
1779838830.004649,spill,FileSystemStorage,524288,2,1049066,727383,627019
1779838830.004757,spill,FileSystemStorage,524288,1,524533,418444,335341
1779838830.005345,spill,FileSystemStorage,524288,1,524533,420621,337634
1779838830.005709,spill,FileSystemStorage,524288,2,1049066,698423,599421
1779838830.006221,spill,FileSystemStorage,524288,5,2622665,1695760,1561803
1779838830.006498,spill,FileSystemStorage,524288,2,1049066,734435,624577
1779838830.006745,spill,FileSystemStorage,524288,2,1049066,755948,661822
1779838830.006885,spill,FileSystemStorage,524288,1,524533,393204,306407
1779838830.007741,spill,FileSystemStorage,524288,1,524533,422846,323207
1779838830.007872,spill,FileSystemStorage,524288,3,1573599,1086907,960494
1779838830.007930,spill,FileSystemStorage,524288,2,1049066,727247,624026
1779838830.008593,spill,FileSystemStorage,524288,1,524533,411568,328300
1779838830.008904,spill,FileSystemStorage,524288,2,1049066,751397,642113
1779838830.008985,spill,FileSystemStorage,524288,1,524533,450667,351271
1779838830.009842,spill,FileSystemStorage,524288,3,1573599,1017069,906845
1779838830.009923,spill,FileSystemStorage,524288,1,524533,421084,339076
1779838830.010178,spill,FileSystemStorage,524288,2,1049066,750738,642715
1779838830.010510,spill,FileSystemStorage,524288,1,524533,400292,316395
1779838830.011335,spill,FileSystemStorage,524288,1,524533,411471,309272
1779838830.011350,spill,FileSystemStorage,524288,3,1573599,1082052,957541
1779838830.011902,spill,FileSystemStorage,524288,1,524533,443924,326958
1779838830.012020,spill,FileSystemStorage,524288,1,524533,388536,306491
1779838830.012548,spill,FileSystemStorage,524288,1,524533,440360,307848
1779838830.012635,spill,FileSystemStorage,524288,1,524533,394649,304726
1779838830.013179,spill,FileSystemStorage,524288,1,524533,376892,294303
1779838830.014001,spill,FileSystemStorage,524288,2,1049066,703480,601871
1779838830.014343,spill,FileSystemStorage,524288,2,1049066,731984,631973
1779838830.014458,spill,FileSystemStorage,524288,1,524533,414594,312409
1779838830.014666,spill,FileSystemStorage,524288,1,524533,416050,303315
1779838830.015938,spill,FileSystemStorage,524288,3,1573599,1043981,877839
1779838830.016332,spill,FileSystemStorage,524288,1,524533,410339,318087
1779838830.017572,spill,FileSystemStorage,524288,2,1049066,680244,586890
1779838830.018297,spill,FileSystemStorage,524288,1,524533,495432,334965
1779838830.018372,spill,FileSystemStorage,524288,1,524533,448923,339918
1779838830.018809,spill,FileSystemStorage,524288,1,524533,433240,304903
1779838830.019244,spill,FileSystemStorage,524288,1,524533,524927,365026
1779838830.019436,spill,FileSystemStorage,524288,2,1049066,766993,655700
1779838830.019776,spill,FileSystemStorage,524288,1,524533,397429,294977
1779838830.020231,spill,FileSystemStorage,524288,1,524533,428475,307478
1779838830.021538,spill,FileSystemStorage,524288,2,1049066,795839,612188
1779838830.021741,spill,FileSystemStorage,524288,1,524533,393496,302893
1779838830.022058,spill,FileSystemStorage,524288,1,524533,413216,322421
1779838830.023213,spill,FileSystemStorage,524288,3,1573599,1165945,948054
1779838830.023734,spill,FileSystemStorage,524288,1,524533,658448,308577
1779838830.024829,spill,FileSystemStorage,524288,1,524533,1749364,299419
1779838830.025706,spill,FileSystemStorage,524288,1,524533,398833,294826
1779838830.027043,spill,FileSystemStorage,524288,3,1573599,1121326,981327
1779838830.027261,spill,FileSystemStorage,524288,2,1049066,791049,681179
1779838830.027329,spill,FileSystemStorage,524288,1,524533,474069,349632
1779838830.028591,spill,FileSystemStorage,524288,1,524533,502644,319608
1779838830.028609,spill,FileSystemStorage,524288,1,524533,518535,323342
1779838830.029377,spill,FileSystemStorage,524288,1,524533,488982,335615
1779838830.029449,spill,FileSystemStorage,524288,1,524533,414725,321164
1779838830.029664,spill,FileSystemStorage,524288,1,524533,386856,313540
1779838830.030530,spill,FileSystemStorage,524288,2,1049066,684569,588185
1779838830.031063,spill,FileSystemStorage,524288,2,1049066,730266,629388
1779838830.031150,spill,FileSystemStorage,524288,1,524533,507189,371431
1779838830.031729,spill,FileSystemStorage,524288,1,524533,705380,288074
1779838830.033200,spill,FileSystemStorage,524288,1,524533,929298,341077
1779838830.033391,spill,FileSystemStorage,524288,1,524533,482293,301260
1779838830.035711,spill,FileSystemStorage,524288,3,1573599,1054690,932011
1779838830.036163,spill,FileSystemStorage,524288,2,1049066,1137192,608054
1779838830.038900,spill,FileSystemStorage,524288,2,1049066,981161,574307
1779838830.040412,spill,FileSystemStorage,524288,1,524533,455694,319040
1779838830.040565,spill,FileSystemStorage,524288,3,1573599,1032908,872858
1779838830.041419,spill,FileSystemStorage,524288,2,1049066,779927,605590
1779838830.041962,spill,FileSystemStorage,524288,2,1049066,743509,622096
1779838830.042222,spill,FileSystemStorage,524288,2,1049066,767025,657359
1779838830.042552,spill,FileSystemStorage,524288,2,1049066,804338,615980
1779838830.042719,spill,FileSystemStorage,524288,1,524533,469445,361132
1779838830.043297,spill,FileSystemStorage,524288,2,1049066,775291,654171
1779838830.043812,spill,FileSystemStorage,524288,1,524533,841860,347259
1779838830.043934,spill,FileSystemStorage,524288,1,524533,407746,300887
1779838830.044752,spill,FileSystemStorage,524288,1,524533,410156,314251
1779838830.045221,spill,FileSystemStorage,524288,2,1049066,754204,636868
1779838830.045549,spill,FileSystemStorage,524288,2,1049066,779356,642774
1779838830.045753,spill,FileSystemStorage,524288,1,524533,403915,305822
1779838830.046610,spill,FileSystemStorage,524288,2,1049066,715884,586746
1779838830.047220,spill,FileSystemStorage,524288,2,1049066,769254,656807
1779838830.047508,spill,FileSystemStorage,524288,2,1049066,783686,647131
1779838830.047733,spill,FileSystemStorage,524288,1,524533,412001,297430
1779838830.048212,spill,FileSystemStorage,524288,1,524533,411542,306424
1779838830.048640,spill,FileSystemStorage,524288,1,524533,553060,359647
1779838830.048666,spill,FileSystemStorage,524288,1,524533,408007,314331
1779838830.049191,spill,FileSystemStorage,524288,2,1049066,686897,583921
1779838830.049337,spill,FileSystemStorage,524288,1,524533,426142,332968
1779838830.049627,spill,FileSystemStorage,524288,1,524533,437099,317848
1779838830.049891,spill,FileSystemStorage,524288,1,524533,378487,281013
1779838830.050509,spill,FileSystemStorage,524288,2,1049066,702503,598535
1779838830.051209,spill,FileSystemStorage,524288,2,1049066,767249,665566
1779838830.051215,spill,FileSystemStorage,524288,1,524533,493135,372832
1779838830.051512,spill,FileSystemStorage,524288,1,524533,452585,315557
1779838830.052698,spill,FileSystemStorage,524288,1,524533,419330,325734
1779838830.052744,spill,FileSystemStorage,524288,2,1049066,754559,627622
1779838830.053197,spill,FileSystemStorage,524288,1,524533,440227,316919
1779838830.053340,spill,FileSystemStorage,524288,1,524533,421550,341013
1779838830.053894,spill,FileSystemStorage,524288,1,524533,466523,320077
1779838830.053997,spill,FileSystemStorage,524288,1,524533,453890,337781
1779838830.054165,spill,FileSystemStorage,524288,1,524533,416768,328816
1779838830.054531,spill,FileSystemStorage,524288,1,524533,388751,303570
1779838830.054838,spill,FileSystemStorage,524288,1,524533,439343,331214
1779838830.055481,spill,FileSystemStorage,524288,2,1049066,768715,661141
1779838830.055836,spill,FileSystemStorage,524288,1,524533,438457,315020
1779838830.056415,spill,FileSystemStorage,524288,1,524533,393906,298346
1779838830.057791,spill,FileSystemStorage,524288,3,1573599,1061274,922178
1779838830.058438,spill,FileSystemStorage,524288,3,1573599,1044339,935043
1779838830.058464,spill,FileSystemStorage,524288,1,524533,460890,327693
1779838830.058697,spill,FileSystemStorage,524288,1,524533,414691,311564
1779838830.059268,spill,FileSystemStorage,524288,1,524533,462530,353693
1779838830.059707,spill,FileSystemStorage,524288,2,1049066,774440,616973
1779838830.059717,spill,FileSystemStorage,524288,1,524533,435631,312894
1779838830.060747,spill,FileSystemStorage,524288,1,524533,410066,327090
1779838830.060883,spill,FileSystemStorage,524288,2,1049066,734338,631282
1779838830.061612,spill,FileSystemStorage,524288,1,524533,397559,311326
1779838830.061964,spill,FileSystemStorage,524288,3,1573599,1017534,893810
1779838830.062239,spill,FileSystemStorage,524288,1,524533,445519,321218
1779838830.062799,spill,FileSystemStorage,524288,2,1049066,721212,611142
1779838830.063166,spill,FileSystemStorage,524288,1,524533,475448,368138
1779838830.063737,spill,FileSystemStorage,524288,2,1049066,700432,586484
1779838830.064727,spill,FileSystemStorage,524288,2,1049066,753452,617032
1779838830.064882,spill,FileSystemStorage,524288,1,524533,435653,342051
1779838830.065332,spill,FileSystemStorage,524288,2,1049066,756922,635688
1779838830.065489,spill,FileSystemStorage,524288,1,524533,433645,324634
1779838830.065605,spill,FileSystemStorage,524288,1,524533,409545,326852
1779838830.066475,spill,FileSystemStorage,524288,1,524533,408576,321270
1779838830.066490,spill,FileSystemStorage,524288,2,1049066,737254,617252
1779838830.066770,spill,FileSystemStorage,524288,1,524533,402992,308056
1779838830.067167,spill,FileSystemStorage,524288,1,524533,431181,329982
1779838830.068056,spill,FileSystemStorage,524288,2,1049066,762270,620533
1779838830.068283,spill,FileSystemStorage,524288,1,524533,422260,331977
1779838830.069011,spill,FileSystemStorage,524288,2,1049066,815858,611000
1779838830.069419,spill,FileSystemStorage,524288,1,524533,386282,287240
1779838830.069731,spill,FileSystemStorage,524288,1,524533,401838,299066
1779838830.069807,spill,FileSystemStorage,524288,1,524533,453652,329925
1779838830.070317,spill,FileSystemStorage,524288,1,524533,388463,308067
1779838830.070621,spill,FileSystemStorage,524288,1,524533,407152,318852
1779838830.070662,spill,FileSystemStorage,524288,1,524533,403726,320522
1779838830.071050,spill,FileSystemStorage,524288,1,524533,432505,340985
1779838830.071900,spill,FileSystemStorage,524288,2,1049066,697359,593186
1779838830.072493,spill,FileSystemStorage,524288,2,1049066,687332,586219
1779838830.073190,spill,FileSystemStorage,524288,2,1049066,732676,627834
1779838830.073210,spill,FileSystemStorage,524288,1,524533,488617,356806
1779838830.073417,spill,FileSystemStorage,524288,1,524533,410412,295617
1779838830.073957,spill,FileSystemStorage,524288,1,524533,447697,345206
1779838830.074014,spill,FileSystemStorage,524288,1,524533,405868,314467
1779838830.074325,spill,FileSystemStorage,524288,1,524533,378600,288543
1779838830.075562,spill,FileSystemStorage,524288,1,524533,442352,330072
1779838830.075615,spill,FileSystemStorage,524288,2,1049066,766811,653775
1779838830.075806,spill,FileSystemStorage,524288,1,524533,405502,309642
1779838830.076525,spill,FileSystemStorage,524288,1,524533,390015,304909
1779838830.076643,spill,FileSystemStorage,524288,1,524533,519512,352220
1779838830.076894,spill,FileSystemStorage,524288,1,524533,406533,306490
1779838830.077408,spill,FileSystemStorage,524288,1,524533,400151,293739
1779838830.077995,spill,FileSystemStorage,524288,2,1049066,691497,593008
1779838830.078290,spill,FileSystemStorage,524288,2,1049066,716114,611113
1779838830.079402,spill,FileSystemStorage,524288,1,524533,436449,313623
1779838830.079482,spill,FileSystemStorage,524288,2,1049066,762214,647069
1779838830.080621,spill,FileSystemStorage,524288,1,524533,460509,311588
1779838830.081270,spill,FileSystemStorage,524288,2,1049066,739376,622369
1779838830.081840,spill,FileSystemStorage,524288,3,1573599,1054037,947933
1779838830.082095,spill,FileSystemStorage,524288,2,1049066,698796,596908
1779838830.083510,spill,FileSystemStorage,524288,3,1573599,1054005,937078
1779838830.083674,spill,FileSystemStorage,524288,2,1049066,794363,670581
1779838830.083914,spill,FileSystemStorage,524288,1,524533,528834,338447
1779838830.084710,spill,FileSystemStorage,524288,1,524533,427874,306561
1779838830.084760,spill,FileSystemStorage,524288,1,524533,445240,330639
1779838830.085667,spill,FileSystemStorage,524288,2,1049066,711766,596281
1779838830.086222,spill,FileSystemStorage,524288,2,1049066,709867,591320
1779838830.086869,spill,FileSystemStorage,524288,2,1049066,708947,603165
1779838830.087749,spill,FileSystemStorage,524288,3,1573599,1079217,963988
1779838830.087832,spill,FileSystemStorage,524288,2,1049066,867087,649164
1779838830.088265,spill,FileSystemStorage,524288,2,1049066,713313,602168
1779838830.088794,spill,FileSystemStorage,524288,1,524533,395375,305023
1779838830.089168,spill,FileSystemStorage,524288,1,524533,389043,291193
1779838830.090814,spill,FileSystemStorage,524288,4,2098132,1338074,1197815
1779838830.091080,spill,FileSystemStorage,524288,1,524533,499128,374698
1779838830.091137,spill,FileSystemStorage,524288,2,1049066,791385,676283
1779838830.092232,spill,FileSystemStorage,524288,2,1049066,699336,572113
1779838830.093128,spill,FileSystemStorage,524288,2,1049066,1056352,603955
1779838830.093629,spill,FileSystemStorage,524288,1,524533,673250,286786
1779838830.094016,spill,FileSystemStorage,524288,1,524533,398037,302001
1779838830.094815,spill,FileSystemStorage,524288,1,524533,832052,293178
1779838830.095218,spill,FileSystemStorage,524288,1,524533,500784,324414
1779838830.097662,spill,FileSystemStorage,524288,2,1049066,981568,583089
1779838830.097857,spill,FileSystemStorage,524288,1,524533,577514,319385
1779838830.099014,spill,FileSystemStorage,524288,2,1049066,833160,606634
1779838830.101032,spill,FileSystemStorage,524288,2,1049066,1101701,619290
1779838830.102539,spill,FileSystemStorage,524288,2,1049066,806063,588863
1779838830.103098,spill,FileSystemStorage,524288,1,524533,652582,350022
1779838830.103908,spill,FileSystemStorage,524288,1,524533,901208,314418
1779838830.104958,spill,FileSystemStorage,524288,1,524533,747369,324961
1779838830.104982,spill,FileSystemStorage,524288,1,524533,553837,325329
1779838830.105976,spill,FileSystemStorage,524288,1,524533,516330,290537
1779838830.106717,spill,FileSystemStorage,524288,1,524533,480611,304860
1779838830.107147,spill,FileSystemStorage,524288,1,524533,453096,354131
1779838830.107719,spill,FileSystemStorage,524288,2,1049066,762671,604695
1779838830.108635,spill,FileSystemStorage,524288,1,524533,443679,330733
1779838830.108997,spill,FileSystemStorage,524288,1,524533,458208,309681
1779838830.109598,spill,FileSystemStorage,524288,2,1049066,728945,602847
1779838830.109606,spill,FileSystemStorage,524288,1,524533,424253,317451
1779838830.110072,spill,FileSystemStorage,524288,2,1049066,735429,626954
1779838830.111833,spill,FileSystemStorage,524288,1,524533,1300854,322245
1779838830.112158,spill,FileSystemStorage,524288,2,1049066,1837868,631895
1779838830.113313,spill,FileSystemStorage,524288,2,1049066,789546,618778
1779838830.114577,spill,FileSystemStorage,524288,4,2098132,1269438,1135239
1779838830.114657,spill,FileSystemStorage,524288,2,1049066,729124,613832
1779838830.114764,spill,FileSystemStorage,524288,1,524533,434074,313631
1779838830.115413,spill,FileSystemStorage,524288,1,524533,444697,315122
1779838830.115476,spill,FileSystemStorage,524288,1,524533,445724,307552
1779838830.115817,spill,FileSystemStorage,524288,1,524533,426805,307139
1779838830.116362,spill,FileSystemStorage,524288,2,1049066,643550,558325
1779838830.116631,spill,FileSystemStorage,524288,1,524533,409929,304586
1779838830.116926,spill,FileSystemStorage,524288,1,524533,427574,313679
1779838830.117068,spill,FileSystemStorage,524288,1,524533,419252,320446
1779838830.117373,spill,FileSystemStorage,524288,1,524533,385518,299014
1779838830.117971,spill,FileSystemStorage,524288,2,1049066,713949,586331
1779838830.118583,spill,FileSystemStorage,524288,2,1049066,701691,604286
1779838830.118833,spill,FileSystemStorage,524288,1,524533,390447,299216
1779838830.119482,spill,FileSystemStorage,524288,2,1049066,722304,618319
1779838830.119738,spill,FileSystemStorage,524288,1,524533,401630,300091
1779838830.120152,spill,FileSystemStorage,524288,1,524533,393553,303466
1779838830.121266,spill,FileSystemStorage,524288,1,524533,416900,321614
1779838830.121306,spill,FileSystemStorage,524288,2,1049066,708755,605591
1779838830.121606,spill,FileSystemStorage,524288,1,524533,405871,308297
1779838830.122227,spill,FileSystemStorage,524288,1,524533,446517,353132
1779838830.122267,spill,FileSystemStorage,524288,2,1049066,702576,607146
1779838830.122438,spill,FileSystemStorage,524288,1,524533,388722,304228
1779838830.123103,spill,FileSystemStorage,524288,1,524533,470030,356190
1779838830.123120,spill,FileSystemStorage,524288,1,524533,435254,349191
1779838830.124052,spill,FileSystemStorage,524288,2,1049066,702073,584504
1779838830.124220,spill,FileSystemStorage,524288,1,524533,406182,312405
1779838830.125877,spill,FileSystemStorage,524288,3,1573599,1032999,908136
1779838830.126106,spill,FileSystemStorage,524288,1,524533,406479,311253
1779838830.126558,spill,FileSystemStorage,524288,2,1049066,770629,643858
1779838830.127098,spill,FileSystemStorage,524288,1,524533,444416,356236
1779838830.127210,spill,FileSystemStorage,524288,2,1049066,784064,663338
1779838830.127438,spill,FileSystemStorage,524288,1,524533,413117,297248
1779838830.128131,spill,FileSystemStorage,524288,1,524533,424470,315284
1779838830.128301,spill,FileSystemStorage,524288,1,524533,425992,320796
1779838830.128317,spill,FileSystemStorage,524288,1,524533,416963,331366
1779838830.129081,spill,FileSystemStorage,524288,1,524533,381713,301352
1779838830.129506,spill,FileSystemStorage,524288,1,524533,451144,342702
1779838830.129735,spill,FileSystemStorage,524288,1,524533,453783,336857
1779838830.129958,spill,FileSystemStorage,524288,1,524533,388247,306050
1779838830.130395,spill,FileSystemStorage,524288,1,524533,401680,309190
1779838830.130583,spill,FileSystemStorage,524288,1,524533,407489,298727
1779838830.131325,spill,FileSystemStorage,524288,1,524533,442152,310690
1779838830.131738,spill,FileSystemStorage,524288,1,524533,424607,319414
1779838830.131919,spill,FileSystemStorage,524288,4,2098132,1362339,1243010
1779838830.132142,spill,FileSystemStorage,524288,1,524533,395410,297689
1779838830.132901,spill,FileSystemStorage,524288,1,524533,399756,294351
1779838830.133286,spill,FileSystemStorage,524288,1,524533,416845,319939
1779838830.133372,spill,FileSystemStorage,524288,1,524533,418013,319852
1779838830.134550,spill,FileSystemStorage,524288,1,524533,622082,312757
1779838830.135176,spill,FileSystemStorage,524288,1,524533,514402,377423
1779838830.135208,spill,FileSystemStorage,524288,3,1573599,1289228,965015
1779838830.135338,spill,FileSystemStorage,524288,1,524533,453049,325442
1779838830.136000,spill,FileSystemStorage,524288,1,524533,407666,294859
1779838830.136578,spill,FileSystemStorage,524288,1,524533,433792,326156
1779838830.136765,spill,FileSystemStorage,524288,1,524533,446492,336026
1779838830.136847,spill,FileSystemStorage,524288,1,524533,403160,300736
1779838830.137933,spill,FileSystemStorage,524288,1,524533,406375,318736
1779838830.137995,spill,FileSystemStorage,524288,1,524533,433980,320604
1779838830.138002,spill,FileSystemStorage,524288,3,1573599,1033623,923892
1779838830.138621,spill,FileSystemStorage,524288,1,524533,399869,299705
1779838830.138816,spill,FileSystemStorage,524288,1,524533,477741,381380
1779838830.139114,spill,FileSystemStorage,524288,1,524533,397949,304820
1779838830.139512,spill,FileSystemStorage,524288,1,524533,371755,258095
1779838830.140491,spill,FileSystemStorage,524288,1,524533,433679,339827
1779838830.140602,spill,FileSystemStorage,524288,2,1049066,697901,578749
1779838830.140772,spill,FileSystemStorage,524288,1,524533,412814,291262
1779838830.141155,spill,FileSystemStorage,524288,1,524533,366390,281558
1779838830.141331,spill,FileSystemStorage,524288,1,524533,397383,307125
1779838830.142134,spill,FileSystemStorage,524288,2,1049066,644155,532011
1779838830.142775,spill,FileSystemStorage,524288,2,1049066,683958,571757
1779838830.142791,spill,FileSystemStorage,524288,1,524533,393209,302063
1779838830.143371,spill,FileSystemStorage,524288,1,524533,423711,273036
1779838830.143979,spill,FileSystemStorage,524288,1,524533,408979,302379
1779838830.144013,spill,FileSystemStorage,524288,2,1049066,745601,597304
1779838830.144270,spill,FileSystemStorage,524288,1,524533,416925,311389
1779838830.144751,spill,FileSystemStorage,524288,1,524533,341373,263274
1779838830.145193,spill,FileSystemStorage,524288,1,524533,408815,299298
1779838830.145418,spill,FileSystemStorage,524288,1,524533,366456,264921
1779838830.145410,spill,FileSystemStorage,524288,958,502502614,325232388,309810316
1779838830.145823,spill,FileSystemStorage,524288,1,524533,384598,286400
1779838830.145999,spill,FileSystemStorage,524288,1,524533,387684,298343
1779838830.146332,spill,FileSystemStorage,524288,1,524533,344605,254018
1779838830.147096,spill,FileSystemStorage,524288,2,1049066,720937,621214
1779838830.147168,spill,FileSystemStorage,524288,1,524533,410297,334337
1779838830.147804,spill,FileSystemStorage,524288,2,1049066,664134,530739
1779838830.538864,spill,FileSystemStorage,524288,1,524533,601804,324810
1779838830.539908,spill,FileSystemStorage,524288,1,524533,1063606,347576
1779838830.540428,spill,FileSystemStorage,524288,3,1573599,1081579,845605
1779838830.540827,spill,FileSystemStorage,524288,1,524533,763363,293726
1779838830.541197,spill,FileSystemStorage,524288,1,524533,411128,281720
1779838830.541905,spill,FileSystemStorage,524288,1,524533,426954,264701
1779838830.542654,spill,FileSystemStorage,524288,2,1049066,796157,613127
1779838830.542718,spill,FileSystemStorage,524288,1,524533,420829,317961
1779838830.542822,spill,FileSystemStorage,524288,1,524533,389034,291429
1779838830.544291,spill,FileSystemStorage,524288,2,1049066,874573,672769
1779838830.544357,spill,FileSystemStorage,524288,1,524533,484519,334275
1779838830.544869,spill,FileSystemStorage,524288,4,2098132,1431814,1239527
1779838830.545288,spill,FileSystemStorage,524288,1,524533,442171,306900
1779838830.546081,spill,FileSystemStorage,524288,2,1049066,827609,654861
1779838830.546488,spill,FileSystemStorage,524288,3,1573599,1124863,944152
1779838830.547192,spill,FileSystemStorage,524288,1,524533,529528,381497
1779838830.547409,spill,FileSystemStorage,524288,3,1573599,1203466,1037281
1779838830.547517,spill,FileSystemStorage,524288,1,524533,512957,324935
1779838830.548367,spill,FileSystemStorage,524288,2,1049066,813631,650720
1779838830.548386,spill,FileSystemStorage,524288,1,524533,477242,350163
1779838830.549240,spill,FileSystemStorage,524288,1,524533,523061,359078
1779838830.549614,spill,FileSystemStorage,524288,1,524533,486455,333693
1779838830.549730,spill,FileSystemStorage,524288,2,1049066,801110,655596
1779838830.550620,spill,FileSystemStorage,524288,1,524533,685165,297602
1779838830.550883,spill,FileSystemStorage,524288,1,524533,432229,321266
1779838830.551178,spill,FileSystemStorage,524288,1,524533,495150,377033
1779838830.551798,spill,FileSystemStorage,524288,2,1049066,752682,595076
1779838830.552617,spill,FileSystemStorage,524288,2,1049066,811217,606428
1779838830.553055,spill,FileSystemStorage,524288,2,1049066,940773,635136
1779838830.553200,spill,FileSystemStorage,524288,1,524533,792727,306271
1779838830.554052,spill,FileSystemStorage,524288,1,524533,457813,344670
1779838830.554076,spill,FileSystemStorage,524288,2,1049066,744056,631921
1779838830.554819,spill,FileSystemStorage,524288,1,524533,403234,293343
1779838830.555179,spill,FileSystemStorage,524288,1,524533,450801,361898
1779838830.555561,spill,FileSystemStorage,524288,2,1049066,822296,673489
1779838830.555864,spill,FileSystemStorage,524288,1,524533,444439,303613
1779838830.556201,spill,FileSystemStorage,524288,1,524533,465524,312629
1779838830.556621,spill,FileSystemStorage,524288,1,524533,417992,312190
1779838830.556656,spill,FileSystemStorage,524288,1,524533,439742,329141
1779838830.557077,spill,FileSystemStorage,524288,1,524533,388975,304831
1779838830.557325,spill,FileSystemStorage,524288,1,524533,415624,309580
1779838830.558238,spill,FileSystemStorage,524288,1,524533,435470,322949
1779838830.558390,spill,FileSystemStorage,524288,1,524533,428779,335609
1779838830.558638,spill,FileSystemStorage,524288,3,1573599,1142956,954450
1779838830.558968,spill,FileSystemStorage,524288,1,524533,431298,331768
1779838830.559155,spill,FileSystemStorage,524288,1,524533,491179,377746
1779838830.559454,spill,FileSystemStorage,524288,1,524533,457085,332334
1779838830.559949,spill,FileSystemStorage,524288,1,524533,468178,336806
1779838830.560047,spill,FileSystemStorage,524288,1,524533,468058,322558
1779838830.560802,spill,FileSystemStorage,524288,1,524533,711462,376025
1779838830.561888,spill,FileSystemStorage,524288,2,1049066,932792,626903
1779838830.562025,spill,FileSystemStorage,524288,1,524533,516702,373421
1779838830.562839,spill,FileSystemStorage,524288,2,1049066,811522,670185
1779838830.563118,spill,FileSystemStorage,524288,1,524533,521644,393818
1779838830.563164,spill,FileSystemStorage,524288,1,524533,609936,455686
1779838830.564138,spill,FileSystemStorage,524288,1,524533,422558,322256
1779838830.564140,spill,FileSystemStorage,524288,2,1049066,763719,623393
1779838830.564980,spill,FileSystemStorage,524288,2,1049066,914931,741600
1779838830.565444,spill,FileSystemStorage,524288,1,524533,406220,297889
1779838830.565680,spill,FileSystemStorage,524288,1,524533,471985,351148
1779838830.566296,spill,FileSystemStorage,524288,2,1049066,981417,794498
1779838830.566436,spill,FileSystemStorage,524288,2,1049066,721911,618029
1779838830.566837,spill,FileSystemStorage,524288,2,1049066,769950,636362
1779838830.567471,spill,FileSystemStorage,524288,1,524533,465499,348508
1779838830.567606,spill,FileSystemStorage,524288,2,1049066,989266,823260
1779838830.568239,spill,FileSystemStorage,524288,1,524533,418541,311859
1779838830.568264,spill,FileSystemStorage,524288,2,1049066,783874,644984
1779838830.569057,spill,FileSystemStorage,524288,1,524533,443260,342035
1779838830.569291,spill,FileSystemStorage,524288,2,1049066,949459,772681
1779838830.569328,spill,FileSystemStorage,524288,1,524533,426974,338389
1779838830.569925,spill,FileSystemStorage,524288,1,524533,428673,317127
1779838830.570173,spill,FileSystemStorage,524288,1,524533,386637,302713
1779838830.570235,spill,FileSystemStorage,524288,1,524533,574048,413454
1779838830.570612,spill,FileSystemStorage,524288,1,524533,417742,319856
1779838830.571315,spill,FileSystemStorage,524288,2,1049066,754228,637871
1779838830.571414,spill,FileSystemStorage,524288,1,524533,543103,354172
1779838830.571746,spill,FileSystemStorage,524288,1,524533,415516,305278
1779838830.572251,spill,FileSystemStorage,524288,1,524533,436739,325004
1779838830.572355,spill,FileSystemStorage,524288,1,524533,525186,386340
1779838830.572708,spill,FileSystemStorage,524288,1,524533,444209,339301
1779838830.573083,spill,FileSystemStorage,524288,1,524533,405650,305150
1779838830.574059,spill,FileSystemStorage,524288,1,524533,603799,411141
1779838830.574145,spill,FileSystemStorage,524288,2,1049066,769588,649394
1779838830.574515,spill,FileSystemStorage,524288,2,1049066,723759,621931
1779838830.575239,spill,FileSystemStorage,524288,1,524533,566629,428281
1779838830.575475,spill,FileSystemStorage,524288,1,524533,516460,338642
1779838830.576808,spill,FileSystemStorage,524288,1,524533,1582651,308772
1779838830.578040,spill,FileSystemStorage,524288,1,524533,445220,349673
1779838830.578468,spill,FileSystemStorage,524288,3,1573599,1132178,989092
1779838830.578841,spill,FileSystemStorage,524288,2,1049066,965037,787852
1779838830.579294,spill,FileSystemStorage,524288,2,1049066,788716,676407
1779838830.579319,spill,FileSystemStorage,524288,1,524533,489359,365271
1779838830.579943,spill,FileSystemStorage,524288,1,524533,567604,387930
1779838830.580150,spill,FileSystemStorage,524288,1,524533,404702,308094
1779838830.581019,spill,FileSystemStorage,524288,2,1049066,778955,647282
1779838830.581067,spill,FileSystemStorage,524288,1,524533,525722,378373
1779838830.581221,spill,FileSystemStorage,524288,1,524533,412838,296845
1779838830.582305,spill,FileSystemStorage,524288,1,524533,418182,311169
1779838830.582369,spill,FileSystemStorage,524288,2,1049066,772575,639865
1779838830.582833,spill,FileSystemStorage,524288,2,1049066,912712,738859
1779838830.583461,spill,FileSystemStorage,524288,1,524533,462808,333501
1779838830.583493,spill,FileSystemStorage,524288,1,524533,424138,320340
1779838830.584259,spill,FileSystemStorage,524288,1,524533,519485,350941
1779838830.585371,spill,FileSystemStorage,524288,2,1049066,827320,689355
1779838830.585405,spill,FileSystemStorage,524288,2,1049066,723335,616292
1779838830.586876,spill,FileSystemStorage,524288,1,524533,654055,318318
1779838830.586871,spill,FileSystemStorage,524288,4,2098132,1532876,1343629
1779838830.586893,spill,FileSystemStorage,524288,1,524533,701096,342885
1779838830.587862,spill,FileSystemStorage,524288,1,524533,499219,326136
1779838830.588583,spill,FileSystemStorage,524288,1,524533,834660,359194
1779838830.588866,spill,FileSystemStorage,524288,1,524533,484785,309802
1779838830.588927,spill,FileSystemStorage,524288,2,1049066,1087067,675976
1779838830.589569,spill,FileSystemStorage,524288,1,524533,437642,315932
1779838830.589835,spill,FileSystemStorage,524288,1,524533,540700,316542
1779838830.589885,spill,FileSystemStorage,524288,1,524533,423463,317679
1779838830.590872,spill,FileSystemStorage,524288,1,524533,374595,283515
1779838830.591230,spill,FileSystemStorage,524288,1,524533,529332,362591
1779838830.592043,spill,FileSystemStorage,524288,2,1049066,676585,569562
1779838830.593027,spill,FileSystemStorage,524288,2,1049066,834336,655703
1779838830.593411,spill,FileSystemStorage,524288,2,1049066,693637,590600
1779838830.593598,spill,FileSystemStorage,524288,1,524533,460277,320636
1779838830.594300,spill,FileSystemStorage,524288,1,524533,487655,338677
1779838830.594605,spill,FileSystemStorage,524288,1,524533,459715,350097
1779838830.594641,spill,FileSystemStorage,524288,2,1049066,702526,596433
1779838830.595298,spill,FileSystemStorage,524288,1,524533,509738,351915
1779838830.595833,spill,FileSystemStorage,524288,2,1049066,717999,589474
1779838830.596007,spill,FileSystemStorage,524288,1,524533,660634,338570
1779838830.596856,spill,FileSystemStorage,524288,1,524533,614548,289429
1779838830.597592,spill,FileSystemStorage,524288,1,524533,560765,318199
1779838830.598372,spill,FileSystemStorage,524288,1,524533,479009,304741
1779838830.598387,spill,FileSystemStorage,524288,1,524533,604686,308633
1779838830.599293,spill,FileSystemStorage,524288,1,524533,484205,345333
1779838830.600540,spill,FileSystemStorage,524288,1,524533,437408,323850
1779838830.600854,spill,FileSystemStorage,524288,2,1049066,787130,644742
1779838830.601588,spill,FileSystemStorage,524288,2,1049066,730809,582536
1779838830.601673,spill,FileSystemStorage,524288,1,524533,464286,317188
1779838830.602245,spill,FileSystemStorage,524288,1,524533,438510,316937
1779838830.602767,spill,FileSystemStorage,524288,2,1049066,694203,585482
1779838830.603158,spill,FileSystemStorage,524288,1,524533,471876,354703
1779838830.603754,spill,FileSystemStorage,524288,1,524533,418942,311904
1779838830.603801,spill,FileSystemStorage,524288,2,1049066,809143,639648
1779838830.604764,spill,FileSystemStorage,524288,2,1049066,973025,618980
1779838830.605613,spill,FileSystemStorage,524288,1,524533,614462,299230
1779838830.605633,spill,FileSystemStorage,524288,1,524533,647648,321588
1779838830.606942,spill,FileSystemStorage,524288,1,524533,428362,324611
1779838830.607039,spill,FileSystemStorage,524288,1,524533,484022,367441
1779838830.608219,spill,FileSystemStorage,524288,1,524533,810968,316187
1779838830.610015,spill,FileSystemStorage,524288,3,1573599,1169094,903772
1779838830.611062,spill,FileSystemStorage,524288,1,524533,534659,371514
1779838830.611304,spill,FileSystemStorage,524288,1,524533,475122,331500
1779838830.612139,spill,FileSystemStorage,524288,1,524533,445694,302656
1779838830.612364,spill,FileSystemStorage,524288,1,524533,424088,309420
1779838830.612953,spill,FileSystemStorage,524288,1,524533,460075,324091
1779838830.613722,spill,FileSystemStorage,524288,2,1049066,767794,573512
1779838830.614248,spill,FileSystemStorage,524288,1,524533,459053,348214
1779838830.614675,spill,FileSystemStorage,524288,1,524533,640376,328533
1779838830.615059,spill,FileSystemStorage,524288,1,524533,481712,379213
1779838830.615073,spill,FileSystemStorage,524288,1,524533,471593,363160
1779838830.615802,spill,FileSystemStorage,524288,1,524533,464421,312748
1779838830.616412,spill,FileSystemStorage,524288,1,524533,420278,308772
1779838830.617071,spill,FileSystemStorage,524288,1,524533,477313,309409
1779838830.617435,spill,FileSystemStorage,524288,1,524533,441117,338262
1779838830.617700,spill,FileSystemStorage,524288,2,1049066,772238,610232
1779838830.618374,spill,FileSystemStorage,524288,1,524533,421976,325235
1779838830.618929,spill,FileSystemStorage,524288,4,2098132,1471207,1314067
1779838830.618960,spill,FileSystemStorage,524288,2,1049066,735834,610379
1779838830.619723,spill,FileSystemStorage,524288,2,1049066,722657,590666
1779838830.620772,spill,FileSystemStorage,524288,1,524533,727415,317171
1779838830.620803,spill,FileSystemStorage,524288,1,524533,580401,310026
1779838830.621370,spill,FileSystemStorage,524288,1,524533,399280,296911
1779838830.621727,spill,FileSystemStorage,524288,1,524533,442128,288346
1779838830.622601,spill,FileSystemStorage,524288,2,1049066,786537,649944
1779838830.622754,spill,FileSystemStorage,524288,2,1049066,691753,595492
1779838830.623127,spill,FileSystemStorage,524288,1,524533,480891,365348
1779838830.623450,spill,FileSystemStorage,524288,1,524533,428276,311881
1779838830.623917,spill,FileSystemStorage,524288,1,524533,461553,319168
1779838830.624058,spill,FileSystemStorage,524288,1,524533,448600,333038
1779838830.624331,spill,FileSystemStorage,524288,1,524533,462001,328888
1779838830.624594,spill,FileSystemStorage,524288,1,524533,393733,295718
1779838830.624948,spill,FileSystemStorage,524288,1,524533,454275,321811
1779838830.625097,spill,FileSystemStorage,524288,1,524533,394622,305421
1779838830.625858,spill,FileSystemStorage,524288,2,1049066,708596,599848
1779838830.626528,spill,FileSystemStorage,524288,1,524533,420546,309960
1779838830.626536,spill,FileSystemStorage,524288,2,1049066,743369,628366
1779838830.627207,spill,FileSystemStorage,524288,1,524533,458580,354855
1779838830.627296,spill,FileSystemStorage,524288,1,524533,475246,358569
1779838830.628351,spill,FileSystemStorage,524288,3,1573599,1055240,914689
1779838830.629642,spill,FileSystemStorage,524288,2,1049066,766656,640119
1779838830.629966,spill,FileSystemStorage,524288,3,1573599,1106340,971874
1779838830.630183,spill,FileSystemStorage,524288,2,1049066,749086,632675
1779838830.630792,spill,FileSystemStorage,524288,2,1049066,744662,622822
1779838830.631290,spill,FileSystemStorage,524288,1,524533,453810,329470
1779838830.631629,spill,FileSystemStorage,524288,1,524533,446152,345101
1779838830.631731,spill,FileSystemStorage,524288,3,1573599,1129623,957197
1779838830.632728,spill,FileSystemStorage,524288,2,1049066,716299,610479
1779838830.633070,spill,FileSystemStorage,524288,2,1049066,733876,613910
1779838830.633330,spill,FileSystemStorage,524288,1,524533,442922,332891
1779838830.633691,spill,FileSystemStorage,524288,1,524533,449485,333417
1779838830.634103,spill,FileSystemStorage,524288,2,1049066,692025,581034
1779838830.634425,spill,FileSystemStorage,524288,1,524533,421119,316240
1779838830.634869,spill,FileSystemStorage,524288,1,524533,452811,336063
1779838830.634967,spill,FileSystemStorage,524288,1,524533,429475,325295
1779838830.635239,spill,FileSystemStorage,524288,1,524533,442346,347826
1779838830.636487,spill,FileSystemStorage,524288,2,1049066,1082765,641659
1779838830.636961,spill,FileSystemStorage,524288,1,524533,445913,322987
1779838830.637195,spill,FileSystemStorage,524288,1,524533,401094,297961
1779838830.637583,spill,FileSystemStorage,524288,1,524533,473377,335046
1779838830.637882,spill,FileSystemStorage,524288,1,524533,470536,352614
1779838830.638338,spill,FileSystemStorage,524288,1,524533,400277,302627
1779838830.638361,spill,FileSystemStorage,524288,1,524533,449969,344547
1779838830.639254,spill,FileSystemStorage,524288,2,1049066,833510,687851
1779838830.640563,spill,FileSystemStorage,524288,3,1573599,1252767,947899
1779838830.640667,spill,FileSystemStorage,524288,1,524533,430881,315971
1779838830.640712,spill,FileSystemStorage,524288,1,524533,457280,346644
1779838830.641301,spill,FileSystemStorage,524288,1,524533,385111,293895
1779838830.641883,spill,FileSystemStorage,524288,2,1049066,742662,617737
1779838830.642329,spill,FileSystemStorage,524288,1,524533,383067,295167
1779838830.643414,spill,FileSystemStorage,524288,3,1573599,1147363,990331
1779838830.643736,spill,FileSystemStorage,524288,2,1049066,711542,612328
1779838830.643883,spill,FileSystemStorage,524288,1,524533,447829,324566
1779838830.644921,spill,FileSystemStorage,524288,1,524533,436380,339146
1779838830.644939,spill,FileSystemStorage,524288,1,524533,418009,322631
1779838830.644987,spill,FileSystemStorage,524288,2,1049066,803350,663747
1779838830.645696,spill,FileSystemStorage,524288,1,524533,397221,301217
1779838830.646139,spill,FileSystemStorage,524288,2,1049066,703781,600020
1779838830.646690,spill,FileSystemStorage,524288,2,1049066,811058,671376
1779838830.647203,spill,FileSystemStorage,524288,2,1049066,794891,673299
1779838830.648061,spill,FileSystemStorage,524288,2,1049066,1007401,597482
1779838830.648801,spill,FileSystemStorage,524288,1,524533,405786,294192
1779838830.648994,spill,FileSystemStorage,524288,1,524533,431405,313947
1779838830.649669,spill,FileSystemStorage,524288,1,524533,563142,284258
1779838830.650381,spill,FileSystemStorage,524288,1,524533,454760,328115
1779838830.650561,spill,FileSystemStorage,524288,1,524533,434915,331816
1779838830.650813,spill,FileSystemStorage,524288,1,524533,387135,289230
1779838830.652344,spill,FileSystemStorage,524288,3,1573599,1291955,919719
1779838830.653517,spill,FileSystemStorage,524288,2,1049066,697180,575786
1779838830.653698,spill,FileSystemStorage,524288,1,524533,457573,324238
1779838830.654073,spill,FileSystemStorage,524288,1,524533,475058,318349
1779838830.654271,spill,FileSystemStorage,524288,1,524533,405144,300926
1779838830.654766,spill,FileSystemStorage,524288,1,524533,444023,318475
1779838830.655242,spill,FileSystemStorage,524288,2,1049066,765339,651841
1779838830.655867,spill,FileSystemStorage,524288,1,524533,484241,301603
1779838830.656677,spill,FileSystemStorage,524288,1,524533,766516,311390
1779838830.657467,spill,FileSystemStorage,524288,1,524533,738400,300953
1779838830.657929,spill,FileSystemStorage,524288,1,524533,673973,313013
1779838830.657978,spill,FileSystemStorage,524288,1,524533,432040,331304
1779838830.659219,spill,FileSystemStorage,524288,1,524533,558972,344345
1779838830.659490,spill,FileSystemStorage,524288,1,524533,463342,327678
1779838830.659681,spill,FileSystemStorage,524288,1,524533,541089,369877
1779838830.660075,spill,FileSystemStorage,524288,1,524533,427956,309299
1779838830.660536,spill,FileSystemStorage,524288,1,524533,491754,359931
1779838830.661236,spill,FileSystemStorage,524288,2,1049066,770019,634479
1779838830.661473,spill,FileSystemStorage,524288,1,524533,476380,345352
1779838830.661795,spill,FileSystemStorage,524288,1,524533,468133,322239
1779838830.662867,spill,FileSystemStorage,524288,2,1049066,1305698,569813
1779838830.665340,spill,FileSystemStorage,524288,2,1049066,918302,653199
1779838830.666229,spill,FileSystemStorage,524288,2,1049066,931580,567823
1779838830.666760,spill,FileSystemStorage,524288,1,524533,740940,346843
1779838830.667438,spill,FileSystemStorage,524288,2,1049066,924785,674538
1779838830.667934,spill,FileSystemStorage,524288,2,1049066,884533,572075
1779838830.669031,spill,FileSystemStorage,524288,1,524533,379870,279863
1779838830.669886,spill,FileSystemStorage,524288,1,524533,423639,269153
1779838830.671219,spill,FileSystemStorage,524288,2,1049066,847364,662665
1779838830.672006,spill,FileSystemStorage,524288,3,1573599,1055000,881443
1779838830.672179,spill,FileSystemStorage,524288,2,1049066,872162,680152
1779838830.673650,spill,FileSystemStorage,524288,1,524533,426064,314533
1779838830.673711,spill,FileSystemStorage,524288,1,524533,492973,333835
1779838830.673861,spill,FileSystemStorage,524288,3,1573599,1177900,985995
1779838830.674654,spill,FileSystemStorage,524288,1,524533,407507,318960
1779838830.674747,spill,FileSystemStorage,524288,1,524533,476581,368171
1779838830.675194,spill,FileSystemStorage,524288,2,1049066,1013820,822507
1779838830.675925,spill,FileSystemStorage,524288,3,1573599,1024169,871705
1779838830.676282,spill,FileSystemStorage,524288,1,524533,510961,335522
1779838830.676893,spill,FileSystemStorage,524288,1,524533,413067,312734
1779838830.677015,spill,FileSystemStorage,524288,1,524533,506827,319088
1779838830.678599,spill,FileSystemStorage,524288,2,1049066,966453,785950
1779838830.678798,spill,FileSystemStorage,524288,2,1049066,745513,637639
1779838830.678855,spill,FileSystemStorage,524288,4,2098132,1567360,1367508
1779838830.679903,spill,FileSystemStorage,524288,2,1049066,751361,616816
1779838830.679906,spill,FileSystemStorage,524288,2,1049066,900113,727054
1779838830.681184,spill,FileSystemStorage,524288,1,524533,425349,315804
1779838830.681202,spill,FileSystemStorage,524288,2,1049066,787704,622806
1779838830.681329,spill,FileSystemStorage,524288,1,524533,518424,374395
1779838830.683022,spill,FileSystemStorage,524288,1,524533,521462,349703
1779838830.683094,spill,FileSystemStorage,524288,3,1573599,1300905,1098080
1779838830.683308,spill,FileSystemStorage,524288,1,524533,436266,289608
1779838830.685002,spill,FileSystemStorage,524288,2,1049066,1122184,585971
1779838830.685662,spill,FileSystemStorage,524288,1,524533,609977,332894
1779838830.686187,spill,FileSystemStorage,524288,1,524533,522364,375206
1779838830.686245,spill,FileSystemStorage,524288,1,524533,418424,308886
1779838830.686853,spill,FileSystemStorage,524288,1,524533,418806,300953
1779838830.687594,spill,FileSystemStorage,524288,1,524533,489189,333478
1779838830.687706,spill,FileSystemStorage,524288,2,1049066,927696,755842
1779838830.688215,spill,FileSystemStorage,524288,2,1049066,768921,633016
1779838830.688996,spill,FileSystemStorage,524288,1,524533,498601,353434
1779838830.689378,spill,FileSystemStorage,524288,1,524533,406343,312048
1779838830.689383,spill,FileSystemStorage,524288,2,1049066,754936,638515
1779838830.690238,spill,FileSystemStorage,524288,1,524533,425467,312613
1779838830.690619,spill,FileSystemStorage,524288,1,524533,404151,303359
1779838830.690857,spill,FileSystemStorage,524288,1,524533,514960,368441
1779838830.691823,spill,FileSystemStorage,524288,3,1573599,1080095,953705
1779838830.691890,spill,FileSystemStorage,524288,1,524533,482198,338541
1779838830.692387,spill,FileSystemStorage,524288,1,524533,515173,366810
1779838830.692767,spill,FileSystemStorage,524288,1,524533,441642,284542
1779838830.694034,spill,FileSystemStorage,524288,1,524533,448277,335056
1779838830.694104,spill,FileSystemStorage,524288,1,524533,466855,331562
1779838830.694151,spill,FileSystemStorage,524288,2,1049066,921254,718029
1779838830.695183,spill,FileSystemStorage,524288,1,524533,515289,392468
1779838830.695421,spill,FileSystemStorage,524288,1,524533,500784,327621
1779838830.695428,spill,FileSystemStorage,524288,2,1049066,783440,657358
1779838830.697192,spill,FileSystemStorage,524288,2,1049066,967261,569399
1779838830.698114,spill,FileSystemStorage,524288,1,524533,620238,314758
1779838830.698132,spill,FileSystemStorage,524288,1,524533,581081,326612
1779838830.699233,spill,FileSystemStorage,524288,2,1049066,888201,682826
1779838830.699517,spill,FileSystemStorage,524288,2,1049066,769078,645833
1779838830.700247,spill,FileSystemStorage,524288,1,524533,453763,325484
1779838830.700486,spill,FileSystemStorage,524288,1,524533,401811,295840
1779838830.701319,spill,FileSystemStorage,524288,1,524533,425857,336384
1779838830.701354,spill,FileSystemStorage,524288,2,1049066,744410,621745
1779838830.702004,spill,FileSystemStorage,524288,1,524533,467039,316225
1779838830.702798,spill,FileSystemStorage,524288,1,524533,440706,322378
1779838830.703124,spill,FileSystemStorage,524288,1,524533,472430,337888
1779838830.703444,spill,FileSystemStorage,524288,4,2098132,1445548,1281182
1779838830.703794,spill,FileSystemStorage,524288,2,1049066,706906,592620
1779838830.705013,spill,FileSystemStorage,524288,2,1049066,741974,589510
1779838830.707065,spill,FileSystemStorage,524288,2,1049066,733849,616926
1779838830.709877,spill,FileSystemStorage,524288,3,1573599,1151996,928976
1779838830.710008,spill,FileSystemStorage,524288,1,524533,468490,313081
1779838830.710633,spill,FileSystemStorage,524288,2,1049066,801290,630064
1779838830.710756,spill,FileSystemStorage,524288,1,524533,394229,311227
1779838830.711323,spill,FileSystemStorage,524288,2,1049066,805399,666444
1779838830.711516,spill,FileSystemStorage,524288,1,524533,432073,293332
1779838830.711877,spill,FileSystemStorage,524288,1,524533,762935,342759
1779838830.713019,spill,FileSystemStorage,524288,1,524533,431932,332654
1779838830.713081,spill,FileSystemStorage,524288,2,1049066,869107,657083
1779838830.713464,spill,FileSystemStorage,524288,2,1049066,723501,598020
1779838830.713735,spill,FileSystemStorage,524288,1,524533,393555,296532
1779838830.713966,spill,FileSystemStorage,524288,1,524533,421341,311887
1779838830.714653,spill,FileSystemStorage,524288,1,524533,526617,376045
1779838830.714780,spill,FileSystemStorage,524288,1,524533,403251,315199
1779838830.714782,spill,FileSystemStorage,524288,3,1573599,1045574,908901
1779838830.715514,spill,FileSystemStorage,524288,1,524533,425848,324420
1779838830.715556,spill,FileSystemStorage,524288,1,524533,470570,343418
1779838830.715933,spill,FileSystemStorage,524288,2,1049066,722007,588874
1779838830.716355,spill,FileSystemStorage,524288,1,524533,449731,344699
1779838830.716759,spill,FileSystemStorage,524288,2,1049066,736298,599885
1779838830.717345,spill,FileSystemStorage,524288,2,1049066,710031,597768
1779838830.717563,spill,FileSystemStorage,524288,1,524533,402445,306720
1779838830.718062,spill,FileSystemStorage,524288,1,524533,546633,364278
1779838830.718467,spill,FileSystemStorage,524288,2,1049066,714203,604241
1779838830.718529,spill,FileSystemStorage,524288,1,524533,420359,320685
1779838830.719087,spill,FileSystemStorage,524288,1,524533,524444,390961
1779838830.719565,spill,FileSystemStorage,524288,2,1049066,739281,604996
1779838830.719802,spill,FileSystemStorage,524288,1,524533,411474,299457
1779838830.720612,spill,FileSystemStorage,524288,1,524533,541333,382405
1779838830.720883,spill,FileSystemStorage,524288,1,524533,414924,306685
1779838830.721183,spill,FileSystemStorage,524288,2,1049066,744696,619144
1779838830.721903,spill,FileSystemStorage,524288,1,524533,430105,313252
1779838830.721950,spill,FileSystemStorage,524288,2,1049066,970836,789580
1779838830.722291,spill,FileSystemStorage,524288,1,524533,388320,288243
1779838830.722595,spill,FileSystemStorage,524288,1,524533,389219,291269
1779838830.722873,spill,FileSystemStorage,524288,1,524533,522615,372578
1779838830.723285,spill,FileSystemStorage,524288,1,524533,525854,370287
1779838830.723817,spill,FileSystemStorage,524288,2,1049066,726245,617950
1779838830.723934,spill,FileSystemStorage,524288,1,524533,492263,349852
1779838830.724569,spill,FileSystemStorage,524288,1,524533,447243,331443
1779838830.724941,spill,FileSystemStorage,524288,1,524533,494491,350067
1779838830.725455,spill,FileSystemStorage,524288,2,1049066,696645,577322
1779838830.725980,spill,FileSystemStorage,524288,1,524533,561271,417081
1779838830.726221,spill,FileSystemStorage,524288,1,524533,469630,328358
1779838830.726364,spill,FileSystemStorage,524288,1,524533,399193,307409
1779838830.726755,spill,FileSystemStorage,524288,1,524533,497285,361996
1779838830.727349,spill,FileSystemStorage,524288,1,524533,431538,313281
1779838830.727400,spill,FileSystemStorage,524288,2,1049066,810073,658216
1779838830.728011,spill,FileSystemStorage,524288,1,524533,505768,369066
1779838830.728478,spill,FileSystemStorage,524288,1,524533,390806,301407
1779838830.729546,spill,FileSystemStorage,524288,2,1049066,926917,763961
1779838830.729622,spill,FileSystemStorage,524288,1,524533,446073,320830
1779838830.729665,spill,FileSystemStorage,524288,2,1049066,740965,638946
1779838830.730451,spill,FileSystemStorage,524288,1,524533,532836,382526
1779838830.730480,spill,FileSystemStorage,524288,1,524533,391201,308481
1779838830.731255,spill,FileSystemStorage,524288,2,1049066,769000,641511
1779838830.731383,spill,FileSystemStorage,524288,1,524533,449203,321474
1779838830.732347,spill,FileSystemStorage,524288,2,1049066,888751,688126
1779838830.733777,spill,FileSystemStorage,524288,1,524533,429836,323451
1779838830.734376,spill,FileSystemStorage,524288,2,1049066,927893,774224
1779838830.734549,spill,FileSystemStorage,524288,5,2622665,1713060,1563284
1779838830.735198,spill,FileSystemStorage,524288,2,1049066,737461,636197
1779838830.735645,spill,FileSystemStorage,524288,2,1049066,911672,757963
1779838830.735866,spill,FileSystemStorage,524288,1,524533,407615,304096
1779838830.736249,spill,FileSystemStorage,524288,1,524533,429175,309651
1779838830.737382,spill,FileSystemStorage,524288,1,524533,438421,327608
1779838830.737456,spill,FileSystemStorage,524288,1,524533,472364,339944
1779838830.737977,spill,FileSystemStorage,524288,4,2098132,1288704,1165271
1779838830.738302,spill,FileSystemStorage,524288,1,524533,408675,316379
1779838830.738451,spill,FileSystemStorage,524288,1,524533,545009,398878
1779838830.738847,spill,FileSystemStorage,524288,1,524533,404204,291343
1779838830.739568,spill,FileSystemStorage,524288,2,1049066,763902,641572
1779838830.739716,spill,FileSystemStorage,524288,1,524533,578461,417117
1779838830.739932,spill,FileSystemStorage,524288,1,524533,403499,290482
1779838830.741788,spill,FileSystemStorage,524288,3,1573599,1218859,1048624
1779838830.742345,spill,FileSystemStorage,524288,1,524533,458839,343818
1779838830.742514,spill,FileSystemStorage,524288,4,2098132,1355004,1212828
1779838830.743188,spill,FileSystemStorage,524288,1,524533,485837,365948
1779838830.743412,spill,FileSystemStorage,524288,1,524533,451599,314921
1779838830.743553,spill,FileSystemStorage,524288,2,1049066,901214,742153
1779838830.745138,spill,FileSystemStorage,524288,1,524533,724619,313883
1779838830.745139,spill,FileSystemStorage,524288,1,524533,1216210,323040
1779838830.747463,spill,FileSystemStorage,524288,1,524533,523288,353317
1779838830.747505,spill,FileSystemStorage,524288,2,1049066,807540,667991
1779838830.747550,spill,FileSystemStorage,524288,3,1573599,1361716,1175983
1779838830.748842,spill,FileSystemStorage,524288,1,524533,414670,311053
1779838830.748870,spill,FileSystemStorage,524288,1,524533,395195,300445
1779838830.749698,spill,FileSystemStorage,524288,1,524533,390013,311697
1779838830.750388,spill,FileSystemStorage,524288,4,2098132,1688081,1454837
1779838830.750740,spill,FileSystemStorage,524288,1,524533,398921,323235
1779838830.750887,spill,FileSystemStorage,524288,4,2098132,1400996,1257860
1779838830.751408,spill,FileSystemStorage,524288,1,524533,540562,361727
1779838830.752178,spill,FileSystemStorage,524288,2,1049066,716641,555157
1779838830.752789,spill,FileSystemStorage,524288,2,1049066,708717,587266
1779838830.753906,spill,FileSystemStorage,524288,1,524533,430766,326605
1779838830.754065,spill,FileSystemStorage,524288,1,524533,452550,323239
1779838830.754369,spill,FileSystemStorage,524288,3,1573599,1029857,888083
1779838830.755167,spill,FileSystemStorage,524288,2,1049066,758806,646609
1779838830.755463,spill,FileSystemStorage,524288,2,1049066,897309,739857
1779838830.756266,spill,FileSystemStorage,524288,2,1049066,708535,586887
1779838830.757099,spill,FileSystemStorage,524288,1,524533,508289,341766
1779838830.757149,spill,FileSystemStorage,524288,1,524533,525147,379161
1779838830.757889,spill,FileSystemStorage,524288,1,524533,384487,286081
1779838830.758214,spill,FileSystemStorage,524288,1,524533,471205,338225
1779838830.758431,spill,FileSystemStorage,524288,1,524533,398120,293320
1779838830.759307,spill,FileSystemStorage,524288,1,524533,540295,399934
1779838830.759785,spill,FileSystemStorage,524288,2,1049066,774602,641242
1779838830.760104,spill,FileSystemStorage,524288,4,2098132,1393549,1250355
1779838830.760350,spill,FileSystemStorage,524288,1,524533,485615,336622
1779838830.761104,spill,FileSystemStorage,524288,1,524533,424370,320982
1779838830.761404,spill,FileSystemStorage,524288,2,1049066,709949,594608
1779838830.761863,spill,FileSystemStorage,524288,1,524533,557186,408501
1779838830.762184,spill,FileSystemStorage,524288,1,524533,431354,318478
1779838830.762404,spill,FileSystemStorage,524288,2,1049066,772139,637512
1779838830.763373,spill,FileSystemStorage,524288,2,1049066,760841,661142
1779838830.763471,spill,FileSystemStorage,524288,2,1049066,977340,799351
1779838830.763487,spill,FileSystemStorage,524288,1,524533,477617,344766
1779838830.764758,spill,FileSystemStorage,524288,1,524533,449881,316539
1779838830.764799,spill,FileSystemStorage,524288,1,524533,428365,328157
1779838830.764802,spill,FileSystemStorage,524288,1,524533,509057,360741
1779838830.765920,spill,FileSystemStorage,524288,1,524533,460170,343191
1779838830.766683,spill,FileSystemStorage,524288,2,1049066,1006559,597965
1779838830.766864,spill,FileSystemStorage,524288,2,1049066,1120322,708192
1779838830.768000,spill,FileSystemStorage,524288,3,1573599,1162282,953686
1779838830.768011,spill,FileSystemStorage,524288,1,524533,446330,322570
1779838830.768115,spill,FileSystemStorage,524288,2,1049066,714121,599507
1779838830.769018,spill,FileSystemStorage,524288,1,524533,409277,321520
1779838830.769415,spill,FileSystemStorage,524288,2,1049066,769466,636008
1779838830.769558,spill,FileSystemStorage,524288,1,524533,525478,394104
1779838830.770062,spill,FileSystemStorage,524288,1,524533,420685,293521
1779838830.770306,spill,FileSystemStorage,524288,1,524533,440962,331663
1779838830.770744,spill,FileSystemStorage,524288,1,524533,503489,366270
1779838830.770951,spill,FileSystemStorage,524288,1,524533,376376,305224
1779838830.771592,spill,FileSystemStorage,524288,2,1049066,785355,656665
1779838830.771634,spill,FileSystemStorage,524288,1,524533,506453,358312
1779838830.772429,spill,FileSystemStorage,524288,1,524533,383654,291184
1779838830.772594,spill,FileSystemStorage,524288,1,524533,409399,299794
1779838830.772890,spill,FileSystemStorage,524288,1,524533,480527,349012
1779838830.773234,spill,FileSystemStorage,524288,1,524533,350162,277162
1779838830.773710,spill,FileSystemStorage,524288,1,524533,422795,316333
1779838830.774187,spill,FileSystemStorage,524288,1,524533,495525,368575
1779838830.774518,spill,FileSystemStorage,524288,1,524533,377241,291865
1779838830.774657,spill,FileSystemStorage,524288,1,524533,407568,307838
1779838830.775588,spill,FileSystemStorage,524288,2,1049066,708193,601409
1779838830.775933,spill,FileSystemStorage,524288,2,1049066,1218644,1051810
1779838830.775983,spill,FileSystemStorage,524288,2,1049066,810295,671088
1779838830.776651,spill,FileSystemStorage,524288,1,524533,378661,289959
1779838830.777285,spill,FileSystemStorage,524288,1,524533,434503,324115
1779838830.777390,spill,FileSystemStorage,524288,2,1049066,758112,614656
1779838830.777704,spill,FileSystemStorage,524288,2,1049066,677052,579534
1779838830.778380,spill,FileSystemStorage,524288,2,1049066,738018,626363
1779838830.778649,spill,FileSystemStorage,524288,2,1049066,801423,654222
1779838830.778822,spill,FileSystemStorage,524288,2,1049066,667227,570327
1779838830.779235,spill,FileSystemStorage,524288,1,524533,444398,337087
1779838830.779819,spill,FileSystemStorage,524288,2,1049066,748410,608688
1779838830.780074,spill,FileSystemStorage,524288,1,524533,371859,286695
1779838830.780775,spill,FileSystemStorage,524288,2,1049066,690722,571640
1779838830.781276,spill,FileSystemStorage,524288,1,524533,427516,317227
1779838830.781483,spill,FileSystemStorage,524288,2,1049066,732205,603848
1779838830.781774,spill,FileSystemStorage,524288,1,524533,384137,287119
1779838830.782766,spill,FileSystemStorage,524288,2,1049066,749310,635451
1779838830.783071,spill,FileSystemStorage,524288,1,524533,474899,352545
1779838830.783079,spill,FileSystemStorage,524288,2,1049066,758920,668346
1779838830.783999,spill,FileSystemStorage,524288,1,524533,429844,314741
1779838830.784533,spill,FileSystemStorage,524288,1,524533,401681,303844
1779838830.785254,spill,FileSystemStorage,524288,3,1573599,1032588,902588
1779838830.785483,spill,FileSystemStorage,524288,1,524533,393227,303150
1779838830.786046,spill,FileSystemStorage,524288,1,524533,403728,302793
1779838830.786264,spill,FileSystemStorage,524288,2,1049066,727903,601386
1779838830.786856,spill,FileSystemStorage,524288,1,524533,393925,307414
1779838830.787213,spill,FileSystemStorage,524288,3,1573599,1027965,922760
1779838830.787562,spill,FileSystemStorage,524288,1,524533,385401,290293
1779838830.787922,spill,FileSystemStorage,524288,1,524533,384293,284928
1779838830.788800,spill,FileSystemStorage,524288,1,524533,382615,310454
1779838830.789207,spill,FileSystemStorage,524288,1,524533,441340,315979
1779838830.789224,spill,FileSystemStorage,524288,3,1573599,1092482,953830
1779838830.789669,spill,FileSystemStorage,524288,1,524533,374568,294570
1779838830.790082,spill,FileSystemStorage,524288,1,524533,426234,324729
1779838830.790295,spill,FileSystemStorage,524288,1,524533,394023,293301
1779838830.790554,spill,FileSystemStorage,524288,1,524533,376575,285509
1779838830.790939,spill,FileSystemStorage,524288,1,524533,436746,320852
1779838830.791539,spill,FileSystemStorage,524288,2,1049066,742170,622770
1779838830.791949,spill,FileSystemStorage,524288,1,524533,396308,303309
1779838830.792897,spill,FileSystemStorage,524288,2,1049066,710704,601234
1779838830.793036,spill,FileSystemStorage,524288,1,524533,388464,292526
1779838830.793972,spill,FileSystemStorage,524288,2,1049066,728603,609007
1779838830.794631,spill,FileSystemStorage,524288,1,524533,488923,362230
1779838830.794649,spill,FileSystemStorage,524288,1,524533,410693,321009
1779838830.795457,spill,FileSystemStorage,524288,1,524533,448113,330061
1779838830.795476,spill,FileSystemStorage,524288,3,1573599,1104399,987085
1779838830.795499,spill,FileSystemStorage,524288,1,524533,540384,361346
1779838830.796250,spill,FileSystemStorage,524288,1,524533,396570,312381
1779838830.796315,spill,FileSystemStorage,524288,1,524533,452489,349635
1779838830.796748,spill,FileSystemStorage,524288,2,1049066,801427,671776
1779838830.797081,spill,FileSystemStorage,524288,1,524533,441757,363005
1779838830.797100,spill,FileSystemStorage,524288,1,524533,427058,327741
1779838830.797642,spill,FileSystemStorage,524288,1,524533,518347,354241
1779838830.798376,spill,FileSystemStorage,524288,2,1049066,670748,577507
1779838830.798466,spill,FileSystemStorage,524288,1,524533,428238,320469
1779838830.798819,spill,FileSystemStorage,524288,1,524533,418605,320036
1779838830.799148,spill,FileSystemStorage,524288,1,524533,419740,326919
1779838830.799447,spill,FileSystemStorage,524288,1,524533,406963,297526
1779838830.800130,spill,FileSystemStorage,524288,1,524533,380556,285994
1779838830.800427,spill,FileSystemStorage,524288,1,524533,398826,293241
1779838830.800741,spill,FileSystemStorage,524288,1,524533,424430,308626
1779838830.801659,spill,FileSystemStorage,524288,2,1049066,695372,599487
1779838830.801680,spill,FileSystemStorage,524288,1,524533,416262,321479
1779838830.801922,spill,FileSystemStorage,524288,1,524533,416322,321977
1779838830.802308,spill,FileSystemStorage,524288,1,524533,404573,292631
1779838830.802495,spill,FileSystemStorage,524288,1,524533,401077,318777
1779838830.802873,spill,FileSystemStorage,524288,1,524533,385522,302782
1779838830.803587,spill,FileSystemStorage,524288,2,1049066,776823,598643
1779838830.803806,spill,FileSystemStorage,524288,1,524533,382847,294263
1779838830.804190,spill,FileSystemStorage,524288,1,524533,416451,299959
1779838830.804457,spill,FileSystemStorage,524288,1,524533,371972,288185
1779838830.804790,spill,FileSystemStorage,524288,1,524533,409605,291428
1779838830.805137,spill,FileSystemStorage,524288,1,524533,416300,308712
1779838830.805333,spill,FileSystemStorage,524288,1,524533,399600,307555
1779838830.805673,spill,FileSystemStorage,524288,1,524533,405775,293813
1779838830.805922,spill,FileSystemStorage,524288,1,524533,397697,304466
1779838830.806507,spill,FileSystemStorage,524288,2,1049066,675994,569128
1779838830.807147,spill,FileSystemStorage,524288,2,1049066,711774,602936
1779838830.807852,spill,FileSystemStorage,524288,2,1049066,751536,608882
1779838830.808789,spill,FileSystemStorage,524288,2,1049066,752250,605755
1779838830.809063,spill,FileSystemStorage,524288,2,1049066,761698,620764
1779838830.809205,spill,FileSystemStorage,524288,1,524533,404210,298346
1779838830.809791,spill,FileSystemStorage,524288,1,524533,414657,319087
1779838830.809936,spill,FileSystemStorage,524288,2,1049066,769287,651111
1779838830.810735,spill,FileSystemStorage,524288,2,1049066,747054,613330
1779838830.811415,spill,FileSystemStorage,524288,2,1049066,780574,649736
1779838830.811924,spill,FileSystemStorage,524288,2,1049066,737062,615775
1779838830.811957,spill,FileSystemStorage,524288,1,524533,437285,322075
1779838830.813118,spill,FileSystemStorage,524288,1,524533,416742,317083
1779838830.813166,spill,FileSystemStorage,524288,2,1049066,796024,671037
1779838830.813515,spill,FileSystemStorage,524288,1,524533,451673,330447
1779838830.813751,spill,FileSystemStorage,524288,1,524533,380825,296111
1779838830.814019,spill,FileSystemStorage,524288,1,524533,386796,290122
1779838830.814375,spill,FileSystemStorage,524288,1,524533,415541,307368
1779838830.814620,spill,FileSystemStorage,524288,1,524533,384466,296025
1779838830.815001,spill,FileSystemStorage,524288,1,524533,445559,333822
1779838830.815296,spill,FileSystemStorage,524288,1,524533,462377,344969
1779838830.815713,spill,FileSystemStorage,524288,1,524533,398773,303476
1779838830.816203,spill,FileSystemStorage,524288,1,524533,397362,295816
1779838830.816836,spill,FileSystemStorage,524288,2,1049066,719787,598482
1779838830.819071,spill,FileSystemStorage,524288,1,524533,464922,354560
1779838830.819124,spill,FileSystemStorage,524288,2,1049066,772296,658924
1779838830.819833,spill,FileSystemStorage,524288,2,1049066,743378,604831
1779838830.819921,spill,FileSystemStorage,524288,1,524533,419617,315894
1779838830.820645,spill,FileSystemStorage,524288,1,524533,429292,343470
1779838830.820729,spill,FileSystemStorage,524288,2,1049066,795411,647911
1779838830.820972,spill,FileSystemStorage,524288,1,524533,408629,303693
1779838830.821520,spill,FileSystemStorage,524288,1,524533,412003,308498
1779838830.821661,spill,FileSystemStorage,524288,2,1049066,699378,600852
1779838830.822459,spill,FileSystemStorage,524288,2,1049066,745171,604733
1779838830.823037,spill,FileSystemStorage,524288,2,1049066,729789,626557
1779838830.823614,spill,FileSystemStorage,524288,1,524533,435327,326302
1779838830.823631,spill,FileSystemStorage,524288,2,1049066,769150,638551
1779838830.824502,spill,FileSystemStorage,524288,2,1049066,713837,599150
1779838830.824516,spill,FileSystemStorage,524288,1,524533,441875,346957
1779838830.824726,spill,FileSystemStorage,524288,1,524533,402767,305546
1779838830.825176,spill,FileSystemStorage,524288,1,524533,380469,294565
1779838830.825329,spill,FileSystemStorage,524288,1,524533,426789,328010
1779838830.825654,spill,FileSystemStorage,524288,1,524533,419269,305110
1779838830.826484,spill,FileSystemStorage,524288,1,524533,399277,303143
1779838830.826512,spill,FileSystemStorage,524288,2,1049066,693101,591928
1779838830.826747,spill,FileSystemStorage,524288,1,524533,402162,316320
1779838830.827090,spill,FileSystemStorage,524288,1,524533,413666,324926
1779838830.827986,spill,FileSystemStorage,524288,2,1049066,745527,624646
1779838830.828602,spill,FileSystemStorage,524288,2,1049066,735884,613506
1779838830.828630,spill,FileSystemStorage,524288,1,524533,427008,316294
1779838830.829457,spill,FileSystemStorage,524288,2,1049066,712337,586612
1779838830.829737,spill,FileSystemStorage,524288,1,524533,422689,327944
1779838830.829781,spill,FileSystemStorage,524288,1,524533,461425,344415
1779838830.830156,spill,FileSystemStorage,524288,1,524533,377170,286075
1779838830.830494,spill,FileSystemStorage,524288,1,524533,468639,342211
1779838830.830550,spill,FileSystemStorage,524288,1,524533,400665,313833
1779838830.830830,spill,FileSystemStorage,524288,1,524533,389181,299487
1779838830.831253,spill,FileSystemStorage,524288,1,524533,428557,330263
1779838830.831693,spill,FileSystemStorage,524288,1,524533,393659,301935
1779838830.831862,spill,FileSystemStorage,524288,1,524533,421617,328311
1779838830.832766,spill,FileSystemStorage,524288,1,524533,402185,320463
1779838830.832775,spill,FileSystemStorage,524288,2,1049066,702576,589730
1779838830.833696,spill,FileSystemStorage,524288,2,1049066,736481,602892
1779838830.834239,spill,FileSystemStorage,524288,1,524533,408036,313383
1779838830.834277,spill,FileSystemStorage,524288,2,1049066,738260,629008
1779838830.834568,spill,FileSystemStorage,524288,1,524533,430881,324051
1779838830.834865,spill,FileSystemStorage,524288,1,524533,417003,329507
1779838830.835162,spill,FileSystemStorage,524288,1,524533,429921,324634
1779838830.835729,spill,FileSystemStorage,524288,1,524533,403496,297597
1779838830.836395,spill,FileSystemStorage,524288,1,524533,380273,286334
1779838830.836718,spill,FileSystemStorage,524288,1,524533,376646,290861
1779838830.837399,spill,FileSystemStorage,524288,1,524533,430575,321800
1779838830.837413,spill,FileSystemStorage,524288,2,1049066,731522,616116
1779838830.838253,spill,FileSystemStorage,524288,1,524533,413016,319420
1779838830.838443,spill,FileSystemStorage,524288,2,1049066,745170,631007
1779838830.838619,spill,FileSystemStorage,524288,1,524533,413452,318703
1779838830.838953,spill,FileSystemStorage,524288,1,524533,400916,308344
1779838830.839280,spill,FileSystemStorage,524288,1,524533,489121,392476
1779838830.839554,spill,FileSystemStorage,524288,1,524533,406928,305320
1779838830.839892,spill,FileSystemStorage,524288,1,524533,388365,285741
1779838830.840435,spill,FileSystemStorage,524288,1,524533,417048,317695
1779838830.840466,spill,FileSystemStorage,524288,1,524533,441669,324925
1779838830.840735,spill,FileSystemStorage,524288,1,524533,399240,310699
1779838830.841268,spill,FileSystemStorage,524288,1,524533,405780,315830
1779838830.841350,spill,FileSystemStorage,524288,1,524533,408193,325606
1779838830.841910,spill,FileSystemStorage,524288,2,1049066,685530,567543
1779838830.842064,spill,FileSystemStorage,524288,1,524533,371182,285485
1779838830.842731,spill,FileSystemStorage,524288,2,1049066,622282,510494
1779838830.843323,spill,FileSystemStorage,524288,2,1049066,691426,565828
1779838830.843649,spill,FileSystemStorage,524288,1,524533,373690,264768
1779838830.844549,spill,FileSystemStorage,524288,2,1049066,658918,528801
1779838830.845374,spill,FileSystemStorage,524288,3,1573599,934284,810873
1779838830.845647,spill,FileSystemStorage,524288,1,524533,435536,328430
1779838830.845736,spill,FileSystemStorage,524288,1,524533,437493,310666
1779838830.846338,spill,FileSystemStorage,524288,2,1049066,674642,549001
1779838830.846551,spill,FileSystemStorage,524288,1,524533,400669,304320
1779838830.846889,spill,FileSystemStorage,524288,1,524533,397694,283608
1779838830.847248,spill,FileSystemStorage,524288,1,524533,468656,368757
1779838830.847780,spill,FileSystemStorage,524288,2,1049066,628214,506150
1779838830.847914,spill,FileSystemStorage,524288,959,503027147,309396912,295461877
1779838830.848115,spill,FileSystemStorage,524288,1,524533,372403,264140
1779838830.848511,spill,FileSystemStorage,524288,1,524533,402468,290943
1779838830.848593,spill,FileSystemStorage,524288,1,524533,479319,314381
1779838830.849058,spill,FileSystemStorage,524288,1,524533,348132,257502
1779838830.849391,spill,FileSystemStorage,524288,1,524533,377273,260486
1779838830.850106,spill,FileSystemStorage,524288,2,1049066,638179,508390
1779838836.398364,restore,FileSystemStorage,524288,1,524533,704229,614713
1779838836.402014,restore,FileSystemStorage,524288,1,524533,587681,528248
1779838836.405419,restore,FileSystemStorage,524288,1,524533,728819,681817
1779838836.409076,restore,FileSystemStorage,524288,1,524533,449804,374503
1779838836.411901,restore,FileSystemStorage,524288,1,524533,816416,768357
1779838836.414490,restore,FileSystemStorage,524288,1,524533,336881,304509
1779838836.416108,restore,FileSystemStorage,524288,1,524533,444712,363802
1779838836.417587,restore,FileSystemStorage,524288,1,524533,325025,279298
1779838836.419378,restore,FileSystemStorage,524288,1,524533,423773,346192
1779838836.420763,restore,FileSystemStorage,524288,1,524533,342600,297470
1779838836.422845,restore,FileSystemStorage,524288,1,524533,331490,300362
1779838836.425546,restore,FileSystemStorage,524288,1,524533,452459,349922
1779838836.427202,restore,FileSystemStorage,524288,1,524533,426046,374569
1779838836.430002,restore,FileSystemStorage,524288,1,524533,348117,303636
1779838836.431875,restore,FileSystemStorage,524288,1,524533,375133,322248
1779838836.434476,restore,FileSystemStorage,524288,1,524533,329890,290987
1779838836.437288,restore,FileSystemStorage,524288,1,524533,344717,305707
1779838836.440344,restore,FileSystemStorage,524288,1,524533,458467,382605
1779838836.442060,restore,FileSystemStorage,524288,1,524533,368460,318586
1779838836.444454,restore,FileSystemStorage,524288,1,524533,374420,323371
1779838836.447218,restore,FileSystemStorage,524288,1,524533,403031,358227
1779838836.450101,restore,FileSystemStorage,524288,1,524533,351016,310267
1779838836.452646,restore,FileSystemStorage,524288,1,524533,442271,364323
1779838836.455239,restore,FileSystemStorage,524288,1,524533,392052,339989
1779838836.458128,restore,FileSystemStorage,524288,1,524533,354499,306742
1779838836.460664,restore,FileSystemStorage,524288,1,524533,369958,323728
1779838836.463399,restore,FileSystemStorage,524288,1,524533,363103,316469
1779838836.465971,restore,FileSystemStorage,524288,1,524533,335126,294751
1779838836.468475,restore,FileSystemStorage,524288,1,524533,351595,307332
1779838836.471099,restore,FileSystemStorage,524288,1,524533,404682,359869
1779838836.474263,restore,FileSystemStorage,524288,1,524533,311780,270382
1779838836.477120,restore,FileSystemStorage,524288,1,524533,341754,299012
1779838836.481101,restore,FileSystemStorage,524288,1,524533,440845,362721
1779838836.484236,restore,FileSystemStorage,524288,1,524533,374710,317608
1779838836.487479,restore,FileSystemStorage,524288,1,524533,389066,335832
1779838836.490325,restore,FileSystemStorage,524288,1,524533,327672,290340
1779838836.494735,restore,FileSystemStorage,524288,1,524533,343585,305147
1779838836.497491,restore,FileSystemStorage,524288,1,524533,350843,307610
1779838836.501423,restore,FileSystemStorage,524288,1,524533,383089,333001
1779838836.505403,restore,FileSystemStorage,524288,1,524533,392123,344248
1779838836.509142,restore,FileSystemStorage,524288,1,524533,344476,300017
1779838836.513590,restore,FileSystemStorage,524288,1,524533,335739,289714
1779838836.517441,restore,FileSystemStorage,524288,1,524533,362247,317856
1779838836.519520,restore,FileSystemStorage,524288,1,524533,391392,340449
1779838836.520589,restore,FileSystemStorage,524288,1,524533,355497,306774
1779838836.524589,restore,FileSystemStorage,524288,1,524533,478317,405970
1779838836.528363,restore,FileSystemStorage,524288,1,524533,428520,358058
1779838836.531876,restore,FileSystemStorage,524288,1,524533,384179,327535
1779838836.535924,restore,FileSystemStorage,524288,1,524533,429087,358108
1779838836.540049,restore,FileSystemStorage,524288,1,524533,355058,307975
1779838836.543772,restore,FileSystemStorage,524288,1,524533,373405,322470
1779838836.547827,restore,FileSystemStorage,524288,1,524533,341925,299283
1779838836.551966,restore,FileSystemStorage,524288,1,524533,375385,329159
1779838836.555799,restore,FileSystemStorage,524288,1,524533,457665,386849
1779838836.560568,restore,FileSystemStorage,524288,1,524533,469275,393022
1779838836.564707,restore,FileSystemStorage,524288,1,524533,426811,357293
1779838836.568465,restore,FileSystemStorage,524288,1,524533,459817,387498
1779838836.572841,restore,FileSystemStorage,524288,1,524533,424781,357300
1779838836.576082,restore,FileSystemStorage,524288,1,524533,417899,364758
1779838836.579283,restore,FileSystemStorage,524288,1,524533,439882,382041
1779838836.583176,restore,FileSystemStorage,524288,1,524533,425512,376005
1779838836.586810,restore,FileSystemStorage,524288,1,524533,413880,347725
1779838836.590334,restore,FileSystemStorage,524288,1,524533,397814,345832
1779838836.594345,restore,FileSystemStorage,524288,1,524533,413845,348494
1779838836.597583,restore,FileSystemStorage,524288,1,524533,391821,323991
1779838836.601697,restore,FileSystemStorage,524288,1,524533,353124,303236
1779838836.605755,restore,FileSystemStorage,524288,1,524533,386296,338796
1779838836.608904,restore,FileSystemStorage,524288,1,524533,346078,304215
1779838836.612452,restore,FileSystemStorage,524288,1,524533,348701,309007
1779838836.616468,restore,FileSystemStorage,524288,1,524533,424558,352656
1779838836.620595,restore,FileSystemStorage,524288,1,524533,428189,358197
1779838836.623903,restore,FileSystemStorage,524288,1,524533,410716,360041
1779838836.628043,restore,FileSystemStorage,524288,1,524533,468242,394168
1779838836.631169,restore,FileSystemStorage,524288,1,524533,430426,381418
1779838836.635931,restore,FileSystemStorage,524288,1,524533,489843,406817
1779838836.639793,restore,FileSystemStorage,524288,1,524533,444193,376028
1779838836.642891,restore,FileSystemStorage,524288,1,524533,363837,315014
1779838836.645991,restore,FileSystemStorage,524288,1,524533,366040,315871
1779838836.649799,restore,FileSystemStorage,524288,1,524533,381197,329246
1779838836.654186,restore,FileSystemStorage,524288,1,524533,348670,298258
1779838836.657077,restore,FileSystemStorage,524288,1,524533,388745,341127
1779838836.661035,restore,FileSystemStorage,524288,1,524533,455269,383524
1779838836.663554,restore,FileSystemStorage,524288,1,524533,403497,345747
1779838836.666122,restore,FileSystemStorage,524288,1,524533,362720,316453
1779838836.668358,restore,FileSystemStorage,524288,1,524533,362547,313868
1779838836.670653,restore,FileSystemStorage,524288,1,524533,364176,322203
1779838836.673342,restore,FileSystemStorage,524288,1,524533,354966,311890
1779838836.676172,restore,FileSystemStorage,524288,1,524533,370150,327623
1779838836.679838,restore,FileSystemStorage,524288,1,524533,355047,309638
1779838836.682961,restore,FileSystemStorage,524288,1,524533,363835,318373
1779838836.686543,restore,FileSystemStorage,524288,1,524533,407475,338975
1779838836.690065,restore,FileSystemStorage,524288,1,524533,368892,302152
1779838836.694012,restore,FileSystemStorage,524288,1,524533,405474,339289
1779838836.697652,restore,FileSystemStorage,524288,1,524533,409915,342949
1779838836.701854,restore,FileSystemStorage,524288,1,524533,364364,309371
1779838836.705384,restore,FileSystemStorage,524288,1,524533,367597,317324
1779838836.709834,restore,FileSystemStorage,524288,1,524533,1341680,1293661
1779838836.714516,restore,FileSystemStorage,524288,1,524533,386168,337260
1779838836.718536,restore,FileSystemStorage,524288,1,524533,412497,346886
1779838836.722373,restore,FileSystemStorage,524288,1,524533,381964,330118
1779838836.726121,restore,FileSystemStorage,524288,1,524533,364330,317630
1779838836.729669,restore,FileSystemStorage,524288,1,524533,369155,322250
1779838836.732008,restore,FileSystemStorage,524288,1,524533,371246,324338
1779838836.735424,restore,FileSystemStorage,524288,1,524533,371918,326355
1779838836.739439,restore,FileSystemStorage,524288,1,524533,387951,340499
1779838836.743437,restore,FileSystemStorage,524288,1,524533,352432,304722
1779838836.747635,restore,FileSystemStorage,524288,1,524533,345464,301147
1779838836.751168,restore,FileSystemStorage,524288,1,524533,432955,389585
1779838836.755461,restore,FileSystemStorage,524288,1,524533,722640,679074
1779838836.760362,restore,FileSystemStorage,524288,1,524533,693037,623947
1779838836.765562,restore,FileSystemStorage,524288,1,524533,713261,645717
1779838836.770516,restore,FileSystemStorage,524288,1,524533,401274,357708
1779838836.774526,restore,FileSystemStorage,524288,1,524533,783303,716213
1779838836.778744,restore,FileSystemStorage,524288,1,524533,687430,637705
1779838836.782789,restore,FileSystemStorage,524288,1,524533,665238,594836
1779838836.786770,restore,FileSystemStorage,524288,1,524533,704198,637241
1779838836.790774,restore,FileSystemStorage,524288,1,524533,745081,678105
1779838836.794777,restore,FileSystemStorage,524288,1,524533,670288,625796
1779838836.798671,restore,FileSystemStorage,524288,1,524533,522571,482375
1779838836.801727,restore,FileSystemStorage,524288,1,524533,673846,634178
1779838836.806693,restore,FileSystemStorage,524288,1,524533,564797,495611
1779838836.810991,restore,FileSystemStorage,524288,1,524533,565045,496998
1779838836.814569,restore,FileSystemStorage,524288,1,524533,405494,340069
1779838836.817749,restore,FileSystemStorage,524288,1,524533,396442,331004
1779838836.821656,restore,FileSystemStorage,524288,1,524533,409595,361900
1779838836.826133,restore,FileSystemStorage,524288,1,524533,645690,598201
1779838836.829321,restore,FileSystemStorage,524288,1,524533,708456,668640
1779838836.833441,restore,FileSystemStorage,524288,1,524533,712148,673436
1779838836.837846,restore,FileSystemStorage,524288,1,524533,614111,573018
1779838836.842126,restore,FileSystemStorage,524288,1,524533,383969,344206
1779838836.845669,restore,FileSystemStorage,524288,1,524533,372444,336010
1779838836.850110,restore,FileSystemStorage,524288,1,524533,741803,703486
1779838836.852701,restore,FileSystemStorage,524288,1,524533,710531,671025
1779838836.856644,restore,FileSystemStorage,524288,1,524533,760888,723796
1779838836.862069,restore,FileSystemStorage,524288,1,524533,684516,639468
1779838836.866647,restore,FileSystemStorage,524288,1,524533,698290,662585
1779838836.871608,restore,FileSystemStorage,524288,1,524533,856400,811012
1779838836.876503,restore,FileSystemStorage,524288,1,524533,823717,751304
1779838836.881033,restore,FileSystemStorage,524288,1,524533,656109,588111
1779838836.886313,restore,FileSystemStorage,524288,1,524533,901666,840225
1779838836.890223,restore,FileSystemStorage,524288,1,524533,737129,664395
1779838836.895768,restore,FileSystemStorage,524288,1,524533,1043832,967017
1779838836.900426,restore,FileSystemStorage,524288,1,524533,915302,839835
1779838836.905269,restore,FileSystemStorage,524288,1,524533,810901,735067
1779838836.910710,restore,FileSystemStorage,524288,1,524533,601630,529383
1779838836.915879,restore,FileSystemStorage,524288,1,524533,808147,726520
1779838836.920965,restore,FileSystemStorage,524288,1,524533,721585,647574
1779838836.925979,restore,FileSystemStorage,524288,1,524533,786515,713260
1779838836.930937,restore,FileSystemStorage,524288,1,524533,669187,621794
1779838836.935570,restore,FileSystemStorage,524288,1,524533,939176,865593
1779838836.939092,restore,FileSystemStorage,524288,1,524533,800575,741489
1779838836.944431,restore,FileSystemStorage,524288,1,524533,708526,638931
1779838836.948490,restore,FileSystemStorage,524288,1,524533,739641,666764
1779838836.953330,restore,FileSystemStorage,524288,1,524533,722548,655368
1779838836.957654,restore,FileSystemStorage,524288,1,524533,710813,658969
1779838836.961644,restore,FileSystemStorage,524288,1,524533,718235,677328
1779838836.966271,restore,FileSystemStorage,524288,1,524533,677456,635915
1779838836.970676,restore,FileSystemStorage,524288,1,524533,623899,582759
1779838836.974867,restore,FileSystemStorage,524288,1,524533,598494,529366
1779838836.979843,restore,FileSystemStorage,524288,1,524533,999123,926426
1779838836.985058,restore,FileSystemStorage,524288,1,524533,701753,630582
1779838836.988499,restore,FileSystemStorage,524288,1,524533,759454,711029
1779838836.992128,restore,FileSystemStorage,524288,1,524533,749958,706908
1779838836.996647,restore,FileSystemStorage,524288,1,524533,883065,832579
1779838841.772747,spill,FileSystemStorage,1048576,1,1048821,813034,576891
1779838841.774128,spill,FileSystemStorage,1048576,2,2097642,1658086,1173405
1779838841.775850,spill,FileSystemStorage,1048576,2,2097642,1627147,1419642
1779838841.776295,spill,FileSystemStorage,1048576,3,3146463,2474662,1956246
1779838841.776302,spill,FileSystemStorage,1048576,2,2097642,1609436,1419335
1779838841.777468,spill,FileSystemStorage,1048576,1,1048821,781429,647360
1779838841.778140,spill,FileSystemStorage,1048576,1,1048821,833803,679251
1779838841.778542,spill,FileSystemStorage,1048576,2,2097642,1534992,1380769
1779838841.778710,spill,FileSystemStorage,1048576,1,1048821,798288,687516
1779838841.779220,spill,FileSystemStorage,1048576,1,1048821,790186,688872
1779838841.779662,spill,FileSystemStorage,1048576,1,1048821,802248,674706
1779838841.781386,spill,FileSystemStorage,1048576,1,1048821,844697,720652
1779838841.781420,spill,FileSystemStorage,1048576,1,1048821,836790,690873
1779838841.781630,spill,FileSystemStorage,1048576,2,2097642,1935055,1358298
1779838841.782523,spill,FileSystemStorage,1048576,1,1048821,827919,708219
1779838841.782639,spill,FileSystemStorage,1048576,1,1048821,840894,678033
1779838841.782842,spill,FileSystemStorage,1048576,1,1048821,829494,705148
1779838841.783775,spill,FileSystemStorage,1048576,1,1048821,812348,667968
1779838841.784290,spill,FileSystemStorage,1048576,2,2097642,1510785,1354072
1779838841.784888,spill,FileSystemStorage,1048576,1,1048821,1057412,691065
1779838841.784904,spill,FileSystemStorage,1048576,1,1048821,780779,656924
1779838841.786305,spill,FileSystemStorage,1048576,2,2097642,1494208,1327188
1779838841.786312,spill,FileSystemStorage,1048576,1,1048821,1039656,698361
1779838841.786612,spill,FileSystemStorage,1048576,2,2097642,1445056,1310331
1779838841.787427,spill,FileSystemStorage,1048576,1,1048821,841759,731869
1779838841.787697,spill,FileSystemStorage,1048576,1,1048821,814950,677719
1779838841.788237,spill,FileSystemStorage,1048576,2,2097642,1550108,1407870
1779838841.788887,spill,FileSystemStorage,1048576,1,1048821,821669,652715
1779838841.789334,spill,FileSystemStorage,1048576,1,1048821,758119,645840
1779838841.789385,spill,FileSystemStorage,1048576,2,2097642,1483780,1366520
1779838841.790418,spill,FileSystemStorage,1048576,1,1048821,803601,702051
1779838841.790531,spill,FileSystemStorage,1048576,1,1048821,821662,718720
1779838841.790665,spill,FileSystemStorage,1048576,2,2097642,1419234,1293504
1779838841.791485,spill,FileSystemStorage,1048576,1,1048821,827671,727559
1779838841.792426,spill,FileSystemStorage,1048576,2,2097642,1583759,1436967
1779838841.792553,spill,FileSystemStorage,1048576,2,2097642,1487414,1350966
1779838841.793375,spill,FileSystemStorage,1048576,2,2097642,1471211,1341476
1779838841.793731,spill,FileSystemStorage,1048576,1,1048821,859079,686137
1779838841.793754,spill,FileSystemStorage,1048576,1,1048821,853193,712710
1779838841.794441,spill,FileSystemStorage,1048576,1,1048821,773392,662394
1779838841.794859,spill,FileSystemStorage,1048576,1,1048821,800919,688447
1779838841.795527,spill,FileSystemStorage,1048576,1,1048821,828054,726045
1779838841.795587,spill,FileSystemStorage,1048576,2,2097642,1575520,1451616
1779838841.796015,spill,FileSystemStorage,1048576,1,1048821,744434,626728
1779838841.797371,spill,FileSystemStorage,1048576,1,1048821,804818,698912
1779838841.797472,spill,FileSystemStorage,1048576,1,1048821,885045,709807
1779838841.797687,spill,FileSystemStorage,1048576,2,2097642,1498728,1337265
1779838841.798690,spill,FileSystemStorage,1048576,1,1048821,917725,698062
1779838841.798850,spill,FileSystemStorage,1048576,1,1048821,751070,658342
1779838841.799092,spill,FileSystemStorage,1048576,1,1048821,883549,763187
1779838841.799834,spill,FileSystemStorage,1048576,1,1048821,800123,644821
1779838841.800196,spill,FileSystemStorage,1048576,1,1048821,778054,681325
1779838841.800472,spill,FileSystemStorage,1048576,1,1048821,810226,695351
1779838841.801260,spill,FileSystemStorage,1048576,1,1048821,789596,675573
1779838841.801366,spill,FileSystemStorage,1048576,1,1048821,772787,674861
1779838841.801654,spill,FileSystemStorage,1048576,1,1048821,760636,655165
1779838841.802446,spill,FileSystemStorage,1048576,1,1048821,769789,673453
1779838841.803180,spill,FileSystemStorage,1048576,2,2097642,1537454,1404966
1779838841.803497,spill,FileSystemStorage,1048576,2,2097642,1581667,1451144
1779838841.803607,spill,FileSystemStorage,1048576,1,1048821,870632,700997
1779838841.804229,spill,FileSystemStorage,1048576,1,1048821,747963,639140
1779838841.804692,spill,FileSystemStorage,1048576,1,1048821,795292,679638
1779838841.805532,spill,FileSystemStorage,1048576,1,1048821,888835,716848
1779838841.805776,spill,FileSystemStorage,1048576,2,2097642,1505257,1316916
1779838841.805797,spill,FileSystemStorage,1048576,1,1048821,794318,679222
1779838841.806780,spill,FileSystemStorage,1048576,1,1048821,828399,675706
1779838841.807043,spill,FileSystemStorage,1048576,1,1048821,865057,737074
1779838841.807628,spill,FileSystemStorage,1048576,2,2097642,1528596,1366775
1779838841.807963,spill,FileSystemStorage,1048576,1,1048821,837837,686560
1779838841.808757,spill,FileSystemStorage,1048576,2,2097642,1436709,1306080
1779838841.809096,spill,FileSystemStorage,1048576,1,1048821,829673,704181
1779838841.809480,spill,FileSystemStorage,1048576,2,2097642,1446002,1314378
1779838841.810137,spill,FileSystemStorage,1048576,1,1048821,799180,689531
1779838841.810525,spill,FileSystemStorage,1048576,2,2097642,1430018,1304883
1779838841.810551,spill,FileSystemStorage,1048576,1,1048821,791373,683751
1779838841.811275,spill,FileSystemStorage,1048576,1,1048821,844629,708115
1779838841.811652,spill,FileSystemStorage,1048576,1,1048821,813317,694953
1779838841.811741,spill,FileSystemStorage,1048576,1,1048821,848110,698657
1779838841.812800,spill,FileSystemStorage,1048576,1,1048821,801669,685026
1779838841.812930,spill,FileSystemStorage,1048576,1,1048821,770974,664858
1779838841.813048,spill,FileSystemStorage,1048576,1,1048821,797994,677199
1779838841.813830,spill,FileSystemStorage,1048576,1,1048821,784030,668843
1779838841.814218,spill,FileSystemStorage,1048576,1,1048821,830949,687867
1779838841.814761,spill,FileSystemStorage,1048576,2,2097642,1465787,1343306
1779838841.815650,spill,FileSystemStorage,1048576,2,2097642,1525651,1380798
1779838841.815944,spill,FileSystemStorage,1048576,1,1048821,853369,726286
1779838841.816104,spill,FileSystemStorage,1048576,2,2097642,1566544,1386267
1779838841.817441,spill,FileSystemStorage,1048576,2,2097642,1455363,1311012
1779838841.817449,spill,FileSystemStorage,1048576,1,1048821,863616,665635
1779838841.818394,spill,FileSystemStorage,1048576,2,2097642,1478095,1297841
1779838841.818553,spill,FileSystemStorage,1048576,1,1048821,785709,685466
1779838841.819537,spill,FileSystemStorage,1048576,1,1048821,780142,664511
1779838841.819683,spill,FileSystemStorage,1048576,1,1048821,800453,658401
1779838841.820229,spill,FileSystemStorage,1048576,3,3146463,2233012,1991740
1779838841.820924,spill,FileSystemStorage,1048576,1,1048821,835606,667759
1779838841.821090,spill,FileSystemStorage,1048576,1,1048821,807842,703864
1779838841.821538,spill,FileSystemStorage,1048576,1,1048821,812704,651460
1779838841.822282,spill,FileSystemStorage,1048576,1,1048821,828161,707971
1779838841.822743,spill,FileSystemStorage,1048576,2,2097642,1427977,1300503
1779838841.823013,spill,FileSystemStorage,1048576,1,1048821,887103,714544
1779838841.823348,spill,FileSystemStorage,1048576,1,1048821,796596,680536
1779838841.823837,spill,FileSystemStorage,1048576,1,1048821,721146,612856
1779838841.824720,spill,FileSystemStorage,1048576,1,1048821,937804,681790
1779838841.825547,spill,FileSystemStorage,1048576,2,2097642,1839658,1353062
1779838841.825754,spill,FileSystemStorage,1048576,2,2097642,1627050,1310940
1779838841.825845,spill,FileSystemStorage,1048576,1,1048821,829164,657344
1779838841.827019,spill,FileSystemStorage,1048576,1,1048821,777905,668930
1779838841.827070,spill,FileSystemStorage,1048576,1,1048821,865705,742669
1779838841.827072,spill,FileSystemStorage,1048576,1,1048821,883341,751670
1779838841.828492,spill,FileSystemStorage,1048576,1,1048821,796426,605013
1779838841.829276,spill,FileSystemStorage,1048576,2,2097642,1434100,1287748
1779838841.829351,spill,FileSystemStorage,1048576,2,2097642,1511442,1337162
1779838841.829649,spill,FileSystemStorage,1048576,1,1048821,788523,614908
1779838841.830269,spill,FileSystemStorage,1048576,1,1048821,703439,607128
1779838841.830677,spill,FileSystemStorage,1048576,1,1048821,804780,670897
1779838841.831336,spill,FileSystemStorage,1048576,1,1048821,819817,707810
1779838841.831537,spill,FileSystemStorage,1048576,2,2097642,1518128,1372064
1779838841.832326,spill,FileSystemStorage,1048576,2,2097642,1356951,1203258
1779838841.833143,spill,FileSystemStorage,1048576,1,1048821,892398,637302
1779838841.833186,spill,FileSystemStorage,1048576,1,1048821,898001,664814
1779838841.834017,spill,FileSystemStorage,1048576,1,1048821,793117,662305
1779838841.834251,spill,FileSystemStorage,1048576,1,1048821,796457,685742
1779838841.834958,spill,FileSystemStorage,1048576,2,2097642,1470227,1344195
1779838841.835316,spill,FileSystemStorage,1048576,1,1048821,793970,681461
1779838841.835747,spill,FileSystemStorage,1048576,2,2097642,1469152,1343483
1779838841.836392,spill,FileSystemStorage,1048576,1,1048821,779582,668346
1779838841.836653,spill,FileSystemStorage,1048576,2,2097642,1404625,1274370
1779838841.837054,spill,FileSystemStorage,1048576,1,1048821,774333,645499
1779838841.837742,spill,FileSystemStorage,1048576,1,1048821,761638,655123
1779838841.837838,spill,FileSystemStorage,1048576,1,1048821,804486,696506
1779838841.838036,spill,FileSystemStorage,1048576,1,1048821,749458,642188
1779838841.838774,spill,FileSystemStorage,1048576,1,1048821,782585,678581
1779838841.839132,spill,FileSystemStorage,1048576,1,1048821,818682,712847
1779838841.839519,spill,FileSystemStorage,1048576,2,2097642,1451460,1330877
1779838841.839830,spill,FileSystemStorage,1048576,1,1048821,753419,647014
1779838841.840476,spill,FileSystemStorage,1048576,1,1048821,774810,659182
1779838841.840707,spill,FileSystemStorage,1048576,1,1048821,770080,668222
1779838841.840878,spill,FileSystemStorage,1048576,1,1048821,736357,634950
1779838841.841478,spill,FileSystemStorage,1048576,1,1048821,744425,642378
1779838841.841851,spill,FileSystemStorage,1048576,1,1048821,763409,669431
1779838841.841923,spill,FileSystemStorage,1048576,1,1048821,794200,695117
1779838841.842498,spill,FileSystemStorage,1048576,1,1048821,761321,656927
1779838841.842860,spill,FileSystemStorage,1048576,1,1048821,714973,624602
1779838841.842868,spill,FileSystemStorage,1048576,1,1048821,757718,670747
1779838841.843534,spill,FileSystemStorage,1048576,1,1048821,745993,636748
1779838841.843854,spill,FileSystemStorage,1048576,1,1048821,730153,638092
1779838841.845059,spill,FileSystemStorage,1048576,1,1048821,775567,677692
1779838841.845323,spill,FileSystemStorage,1048576,3,3146463,2131553,1975606
1779838841.845376,spill,FileSystemStorage,1048576,2,2097642,1469492,1345925
1779838841.846108,spill,FileSystemStorage,1048576,1,1048821,714270,636046
1779838841.846424,spill,FileSystemStorage,1048576,1,1048821,812879,696118
1779838841.846429,spill,FileSystemStorage,1048576,1,1048821,766797,664764
1779838841.847151,spill,FileSystemStorage,1048576,1,1048821,765355,668353
1779838841.847497,spill,FileSystemStorage,1048576,1,1048821,797860,687696
1779838841.848198,spill,FileSystemStorage,1048576,2,2097642,1421995,1284978
1779838841.848852,spill,FileSystemStorage,1048576,1,1048821,861734,689110
1779838841.849282,spill,FileSystemStorage,1048576,2,2097642,1414363,1290435
1779838841.850276,spill,FileSystemStorage,1048576,2,2097642,1465605,1339047
1779838841.850340,spill,FileSystemStorage,1048576,1,1048821,781840,674548
1779838841.850647,spill,FileSystemStorage,1048576,2,2097642,1427310,1291873
1779838841.851428,spill,FileSystemStorage,1048576,1,1048821,835854,703642
1779838841.852011,spill,FileSystemStorage,1048576,2,2097642,1458294,1327247
1779838841.852332,spill,FileSystemStorage,1048576,2,2097642,1398724,1247317
1779838841.852547,spill,FileSystemStorage,1048576,1,1048821,772222,640080
1779838841.853200,spill,FileSystemStorage,1048576,1,1048821,759482,654555
1779838841.853511,spill,FileSystemStorage,1048576,1,1048821,788113,674293
1779838841.853524,spill,FileSystemStorage,1048576,1,1048821,755512,672687
1779838841.854626,spill,FileSystemStorage,1048576,1,1048821,781642,673683
1779838841.854763,spill,FileSystemStorage,1048576,1,1048821,786448,693345
1779838841.854872,spill,FileSystemStorage,1048576,2,2097642,1366066,1253922
1779838841.856139,spill,FileSystemStorage,1048576,1,1048821,813438,697240
1779838841.856293,spill,FileSystemStorage,1048576,2,2097642,1432312,1306382
1779838841.856597,spill,FileSystemStorage,1048576,2,2097642,1444309,1313687
1779838841.857283,spill,FileSystemStorage,1048576,1,1048821,825595,648797
1779838841.857531,spill,FileSystemStorage,1048576,1,1048821,875470,681415
1779838841.857771,spill,FileSystemStorage,1048576,1,1048821,742316,636430
1779838841.858405,spill,FileSystemStorage,1048576,1,1048821,801006,683757
1779838841.858599,spill,FileSystemStorage,1048576,1,1048821,774651,654911
1779838841.859498,spill,FileSystemStorage,1048576,2,2097642,1400189,1271513
1779838841.859499,spill,FileSystemStorage,1048576,1,1048821,832363,722368
1779838841.859694,spill,FileSystemStorage,1048576,1,1048821,799011,650020
1779838841.860969,spill,FileSystemStorage,1048576,1,1048821,751659,641343
1779838841.860974,spill,FileSystemStorage,1048576,1,1048821,809855,686352
1779838841.861018,spill,FileSystemStorage,1048576,1,1048821,791808,675856
1779838841.862054,spill,FileSystemStorage,1048576,1,1048821,764706,646406
1779838841.862108,spill,FileSystemStorage,1048576,1,1048821,790536,679067
1779838841.862873,spill,FileSystemStorage,1048576,2,2097642,1451834,1320430
1779838841.863132,spill,FileSystemStorage,1048576,1,1048821,802261,699539
1779838841.863239,spill,FileSystemStorage,1048576,1,1048821,818705,717071
1779838841.863925,spill,FileSystemStorage,1048576,1,1048821,712825,606599
1779838841.864123,spill,FileSystemStorage,1048576,1,1048821,754152,639541
1779838841.865005,spill,FileSystemStorage,1048576,2,2097642,1416388,1293544
1779838841.865132,spill,FileSystemStorage,1048576,1,1048821,731711,632541
1779838841.865987,spill,FileSystemStorage,1048576,2,2097642,1369903,1257240
1779838841.866173,spill,FileSystemStorage,1048576,1,1048821,788971,645094
1779838841.866318,spill,FileSystemStorage,1048576,1,1048821,808896,654310
1779838841.867136,spill,FileSystemStorage,1048576,1,1048821,834373,718781
1779838841.867408,spill,FileSystemStorage,1048576,1,1048821,801041,671309
1779838841.867923,spill,FileSystemStorage,1048576,2,2097642,1470299,1349229
1779838841.868466,spill,FileSystemStorage,1048576,1,1048821,808562,687390
1779838841.868983,spill,FileSystemStorage,1048576,2,2097642,1383947,1266226
1779838841.869084,spill,FileSystemStorage,1048576,1,1048821,723198,619617
1779838841.869798,spill,FileSystemStorage,1048576,1,1048821,724201,619453
1779838841.870237,spill,FileSystemStorage,1048576,1,1048821,744552,648521
1779838841.870425,spill,FileSystemStorage,1048576,1,1048821,734139,628920
1779838841.870772,spill,FileSystemStorage,1048576,1,1048821,737551,644879
1779838841.871372,spill,FileSystemStorage,1048576,1,1048821,755759,660764
1779838841.871871,spill,FileSystemStorage,1048576,1,1048821,762570,654285
1779838841.872181,spill,FileSystemStorage,1048576,2,2097642,1495253,1375141
1779838841.872514,spill,FileSystemStorage,1048576,1,1048821,753090,648083
1779838841.873094,spill,FileSystemStorage,1048576,1,1048821,792153,645689
1779838841.873395,spill,FileSystemStorage,1048576,1,1048821,755278,647530
1779838841.873764,spill,FileSystemStorage,1048576,1,1048821,780004,656955
1779838841.874835,spill,FileSystemStorage,1048576,1,1048821,785794,678209
1779838841.874964,spill,FileSystemStorage,1048576,2,2097642,1446115,1298802
1779838841.875177,spill,FileSystemStorage,1048576,2,2097642,1436269,1315170
1779838841.876350,spill,FileSystemStorage,1048576,1,1048821,1002575,634591
1779838841.876400,spill,FileSystemStorage,1048576,1,1048821,1018547,668228
1779838841.876757,spill,FileSystemStorage,1048576,1,1048821,789061,609639
1779838841.877797,spill,FileSystemStorage,1048576,1,1048821,746612,653852
1779838841.878257,spill,FileSystemStorage,1048576,2,2097642,1386122,1272340
1779838841.878350,spill,FileSystemStorage,1048576,2,2097642,1389611,1269519
1779838841.879017,spill,FileSystemStorage,1048576,1,1048821,767671,645951
1779838841.879422,spill,FileSystemStorage,1048576,1,1048821,836003,729213
1779838841.879532,spill,FileSystemStorage,1048576,1,1048821,827012,714004
1779838841.880467,spill,FileSystemStorage,1048576,1,1048821,735592,633633
1779838841.880716,spill,FileSystemStorage,1048576,1,1048821,762690,660340
1779838841.881428,spill,FileSystemStorage,1048576,1,1048821,709329,610632
1779838841.881670,spill,FileSystemStorage,1048576,2,2097642,1452525,1316574
1779838841.882397,spill,FileSystemStorage,1048576,1,1048821,708062,627915
1779838841.882571,spill,FileSystemStorage,1048576,2,2097642,1385493,1273024
1779838841.882774,spill,FileSystemStorage,1048576,1,1048821,790455,666888
1779838841.883357,spill,FileSystemStorage,1048576,1,1048821,738277,649013
1779838841.883636,spill,FileSystemStorage,1048576,1,1048821,796063,668294
1779838841.884154,spill,FileSystemStorage,1048576,1,1048821,769191,648170
1779838841.884768,spill,FileSystemStorage,1048576,1,1048821,763572,676363
1779838841.885408,spill,FileSystemStorage,1048576,2,2097642,1434997,1309150
1779838841.885937,spill,FileSystemStorage,1048576,2,2097642,1392288,1276011
1779838841.886399,spill,FileSystemStorage,1048576,2,2097642,1376358,1271018
1779838841.886842,spill,FileSystemStorage,1048576,1,1048821,769316,675282
1779838841.887120,spill,FileSystemStorage,1048576,1,1048821,843594,726329
1779838841.887433,spill,FileSystemStorage,1048576,1,1048821,742135,645171
1779838841.888168,spill,FileSystemStorage,1048576,1,1048821,787034,665096
1779838841.888335,spill,FileSystemStorage,1048576,1,1048821,821260,715151
1779838841.888486,spill,FileSystemStorage,1048576,1,1048821,729901,632921
1779838841.889608,spill,FileSystemStorage,1048576,1,1048821,779232,683557
1779838841.889639,spill,FileSystemStorage,1048576,1,1048821,787677,685669
1779838841.889938,spill,FileSystemStorage,1048576,2,2097642,1462906,1345534
1779838841.890568,spill,FileSystemStorage,1048576,1,1048821,692618,594922
1779838841.890626,spill,FileSystemStorage,1048576,1,1048821,708573,617392
1779838841.891586,spill,FileSystemStorage,1048576,1,1048821,766475,671160
1779838841.891682,spill,FileSystemStorage,1048576,2,2097642,1444263,1299351
1779838841.892412,spill,FileSystemStorage,1048576,2,2097642,1447530,1298137
1779838841.892786,spill,FileSystemStorage,1048576,1,1048821,767209,652966
1779838841.892845,spill,FileSystemStorage,1048576,1,1048821,753709,647514
1779838841.893627,spill,FileSystemStorage,1048576,1,1048821,719671,618201
1779838841.894789,spill,FileSystemStorage,1048576,2,2097642,1711817,1323105
1779838841.894815,spill,FileSystemStorage,1048576,1,1048821,721368,620887
1779838841.894834,spill,FileSystemStorage,1048576,2,2097642,1548860,1328711
1779838841.895839,spill,FileSystemStorage,1048576,1,1048821,756116,650736
1779838841.895954,spill,FileSystemStorage,1048576,1,1048821,740862,637805
1779838841.896253,spill,FileSystemStorage,1048576,1,1048821,724777,614446
1779838841.896917,spill,FileSystemStorage,1048576,1,1048821,736713,636946
1779838841.897822,spill,FileSystemStorage,1048576,2,2097642,1441307,1331892
1779838841.897925,spill,FileSystemStorage,1048576,1,1048821,781947,682992
1779838841.898165,spill,FileSystemStorage,1048576,2,2097642,1465102,1343077
1779838841.898886,spill,FileSystemStorage,1048576,1,1048821,736550,644438
1779838841.899004,spill,FileSystemStorage,1048576,1,1048821,807022,684504
1779838841.899220,spill,FileSystemStorage,1048576,1,1048821,807988,706532
1779838841.899981,spill,FileSystemStorage,1048576,1,1048821,760703,650528
1779838841.900116,spill,FileSystemStorage,1048576,1,1048821,765145,658757
1779838841.900970,spill,FileSystemStorage,1048576,1,1048821,745484,657069
1779838841.901362,spill,FileSystemStorage,1048576,2,2097642,1434251,1288762
1779838841.901991,spill,FileSystemStorage,1048576,2,2097642,1464778,1338011
1779838841.902127,spill,FileSystemStorage,1048576,1,1048821,708758,616150
1779838841.903095,spill,FileSystemStorage,1048576,2,2097642,1403876,1277406
1779838841.903136,spill,FileSystemStorage,1048576,1,1048821,836948,732735
1779838841.903792,spill,FileSystemStorage,1048576,2,2097642,1403386,1283384
1779838841.904765,spill,FileSystemStorage,1048576,2,2097642,1356408,1243122
1779838841.904860,spill,FileSystemStorage,1048576,1,1048821,765943,665325
1779838841.905052,spill,FileSystemStorage,1048576,2,2097642,1367711,1241374
1779838841.905792,spill,FileSystemStorage,1048576,1,1048821,743115,646491
1779838841.906076,spill,FileSystemStorage,1048576,1,1048821,741606,637141
1779838841.906498,spill,FileSystemStorage,1048576,2,2097642,1349878,1246731
1779838841.907190,spill,FileSystemStorage,1048576,1,1048821,769622,662495
1779838841.907638,spill,FileSystemStorage,1048576,1,1048821,772122,658546
1779838841.907767,spill,FileSystemStorage,1048576,2,2097642,1431056,1309988
1779838841.908421,spill,FileSystemStorage,1048576,1,1048821,712726,601458
1779838841.908842,spill,FileSystemStorage,1048576,1,1048821,718327,622705
1779838841.909080,spill,FileSystemStorage,1048576,1,1048821,749271,640230
1779838841.909865,spill,FileSystemStorage,1048576,1,1048821,756152,635933
1779838841.910198,spill,FileSystemStorage,1048576,1,1048821,814094,696226
1779838841.910281,spill,FileSystemStorage,1048576,2,2097642,1411091,1296883
1779838841.910875,spill,FileSystemStorage,1048576,1,1048821,699408,608856
1779838841.911300,spill,FileSystemStorage,1048576,1,1048821,819597,706743
1779838841.912042,spill,FileSystemStorage,1048576,2,2097642,1416887,1276585
1779838841.912619,spill,FileSystemStorage,1048576,2,2097642,1439045,1309007
1779838841.913029,spill,FileSystemStorage,1048576,2,2097642,1408722,1291149
1779838841.913640,spill,FileSystemStorage,1048576,1,1048821,720739,629613
1779838841.913787,spill,FileSystemStorage,1048576,1,1048821,784622,629000
1779838841.914010,spill,FileSystemStorage,1048576,1,1048821,727614,634005
1779838841.914633,spill,FileSystemStorage,1048576,1,1048821,765226,633558
1779838841.914825,spill,FileSystemStorage,1048576,1,1048821,743402,634300
1779838841.915131,spill,FileSystemStorage,1048576,1,1048821,788217,688722
1779838841.915694,spill,FileSystemStorage,1048576,1,1048821,758666,623979
1779838841.916367,spill,FileSystemStorage,1048576,1,1048821,709044,610460
1779838841.916682,spill,FileSystemStorage,1048576,1,1048821,710224,607353
1779838841.916958,spill,FileSystemStorage,1048576,2,2097642,1336389,1201513
1779838841.917947,spill,FileSystemStorage,1048576,2,2097642,1339803,1226221
1779838841.918353,spill,FileSystemStorage,1048576,2,2097642,1371509,1262658
1779838841.918615,spill,FileSystemStorage,1048576,2,2097642,1310605,1209382
1779838841.918941,spill,FileSystemStorage,1048576,1,1048821,738105,624667
1779838841.919732,spill,FileSystemStorage,1048576,1,1048821,792072,651877
1779838841.920015,spill,FileSystemStorage,1048576,2,2097642,1376948,1261305
1779838841.920521,spill,FileSystemStorage,1048576,1,1048821,745418,637482
1779838841.921290,spill,FileSystemStorage,1048576,1,1048821,786510,655414
1779838841.921528,spill,FileSystemStorage,1048576,2,2097642,1288913,1192988
1779838841.921663,spill,FileSystemStorage,1048576,1,1048821,703378,605948
1779838841.922332,spill,FileSystemStorage,1048576,1,1048821,725429,623659
1779838841.922966,spill,FileSystemStorage,1048576,1,1048821,787926,673951
1779838841.923121,spill,FileSystemStorage,1048576,1,1048821,795050,693225
1779838841.923552,spill,FileSystemStorage,1048576,1,1048821,766380,635141
1779838841.924383,spill,FileSystemStorage,1048576,1,1048821,715869,611227
1779838841.924449,spill,FileSystemStorage,1048576,1,1048821,742202,639855
1779838841.924896,spill,FileSystemStorage,1048576,1,1048821,715237,614754
1779838841.925407,spill,FileSystemStorage,1048576,1,1048821,713036,618899
1779838841.925442,spill,FileSystemStorage,1048576,1,1048821,715250,626958
1779838841.926460,spill,FileSystemStorage,1048576,1,1048821,746098,649282
1779838841.926671,spill,FileSystemStorage,1048576,2,2097642,1333563,1229072
1779838841.927068,spill,FileSystemStorage,1048576,2,2097642,1383311,1274171
1779838841.927726,spill,FileSystemStorage,1048576,1,1048821,782896,653556
1779838841.928079,spill,FileSystemStorage,1048576,2,2097642,1386993,1270391
1779838841.928608,spill,FileSystemStorage,1048576,1,1048821,721911,618577
1779838841.929236,spill,FileSystemStorage,1048576,1,1048821,762641,650207
1779838841.929644,spill,FileSystemStorage,1048576,2,2097642,1388626,1281170
1779838841.930200,spill,FileSystemStorage,1048576,1,1048821,717294,616381
1779838841.930329,spill,FileSystemStorage,1048576,2,2097642,1316411,1219751
1779838841.931237,spill,FileSystemStorage,1048576,1,1048821,790548,687882
1779838841.931302,spill,FileSystemStorage,1048576,2,2097642,1390634,1254446
1779838841.931403,spill,FileSystemStorage,1048576,1,1048821,795140,693279
1779838841.932267,spill,FileSystemStorage,1048576,1,1048821,751728,646075
1779838841.932397,spill,FileSystemStorage,1048576,1,1048821,726729,637470
1779838841.932402,spill,FileSystemStorage,1048576,1,1048821,784730,678621
1779838841.933392,spill,FileSystemStorage,1048576,1,1048821,744065,643143
1779838841.933415,spill,FileSystemStorage,1048576,1,1048821,724292,630585
1779838841.934441,spill,FileSystemStorage,1048576,1,1048821,788048,675645
1779838841.934528,spill,FileSystemStorage,1048576,1,1048821,800212,694875
1779838841.934551,spill,FileSystemStorage,1048576,3,3146463,2019543,1893101
1779838841.935462,spill,FileSystemStorage,1048576,1,1048821,765555,659224
1779838841.935571,spill,FileSystemStorage,1048576,1,1048821,778469,678457
1779838841.935701,spill,FileSystemStorage,1048576,1,1048821,825642,667373
1779838841.936507,spill,FileSystemStorage,1048576,1,1048821,746632,649241
1779838841.936647,spill,FileSystemStorage,1048576,1,1048821,792612,677384
1779838841.936741,spill,FileSystemStorage,1048576,1,1048821,743026,644360
1779838841.937677,spill,FileSystemStorage,1048576,1,1048821,751141,654738
1779838841.937707,spill,FileSystemStorage,1048576,1,1048821,806945,687372
1779838841.937754,spill,FileSystemStorage,1048576,1,1048821,750613,647813
1779838841.938593,spill,FileSystemStorage,1048576,1,1048821,685458,601065
1779838841.938776,spill,FileSystemStorage,1048576,1,1048821,710360,620835
1779838841.938809,spill,FileSystemStorage,1048576,1,1048821,786690,671816
1779838841.939605,spill,FileSystemStorage,1048576,1,1048821,754501,639367
1779838841.940065,spill,FileSystemStorage,1048576,1,1048821,800108,654370
1779838841.940116,spill,FileSystemStorage,1048576,1,1048821,802956,683892
1779838841.940618,spill,FileSystemStorage,1048576,1,1048821,677250,586279
1779838841.941115,spill,FileSystemStorage,1048576,1,1048821,720947,627383
1779838841.941243,spill,FileSystemStorage,1048576,1,1048821,808796,693783
1779838841.942110,spill,FileSystemStorage,1048576,1,1048821,756278,653249
1779838841.942210,spill,FileSystemStorage,1048576,2,2097642,1330747,1225021
1779838841.942351,spill,FileSystemStorage,1048576,1,1048821,779433,659196
1779838841.943217,spill,FileSystemStorage,1048576,1,1048821,758580,656688
1779838841.943417,spill,FileSystemStorage,1048576,1,1048821,817390,712138
1779838841.943786,spill,FileSystemStorage,1048576,2,2097642,1407935,1281820
1779838841.944535,spill,FileSystemStorage,1048576,1,1048821,726015,620721
1779838841.944897,spill,FileSystemStorage,1048576,1,1048821,769742,667006
1779838841.945140,spill,FileSystemStorage,1048576,1,1048821,746769,647064
1779838841.945552,spill,FileSystemStorage,1048576,1,1048821,692762,617637
1779838841.947097,spill,FileSystemStorage,1048576,2,2097642,1682991,1253815
1779838841.947491,spill,FileSystemStorage,1048576,1,1048821,766829,647518
1779838841.948654,spill,FileSystemStorage,1048576,1,1048821,793906,651659
1779838841.948681,spill,FileSystemStorage,1048576,1,1048821,761802,634066
1779838841.948775,spill,FileSystemStorage,1048576,2,2097642,1388710,1259014
1779838841.950060,spill,FileSystemStorage,1048576,1,1048821,744243,626282
1779838841.950102,spill,FileSystemStorage,1048576,1,1048821,779354,647861
1779838841.951155,spill,FileSystemStorage,1048576,1,1048821,834362,730100
1779838841.951215,spill,FileSystemStorage,1048576,1,1048821,783986,680880
1779838841.951273,spill,FileSystemStorage,1048576,2,2097642,1463463,1331655
1779838841.952199,spill,FileSystemStorage,1048576,1,1048821,718414,604966
1779838841.952591,spill,FileSystemStorage,1048576,1,1048821,751219,655207
1779838841.952877,spill,FileSystemStorage,1048576,1,1048821,716127,606533
1779838841.954091,spill,FileSystemStorage,1048576,1,1048821,728013,630002
1779838841.954252,spill,FileSystemStorage,1048576,2,2097642,1371174,1256401
1779838841.955386,spill,FileSystemStorage,1048576,2,2097642,1360333,1224696
1779838841.956189,spill,FileSystemStorage,1048576,2,2097642,1331641,1190486
1779838841.956553,spill,FileSystemStorage,1048576,1,1048821,764337,650302
1779838841.956960,spill,FileSystemStorage,1048576,1,1048821,717157,610958
1779838841.957387,spill,FileSystemStorage,1048576,1,1048821,726722,616482
1779838841.957748,spill,FileSystemStorage,1048576,1,1048821,693120,592952
1779838841.958992,spill,FileSystemStorage,1048576,1,1048821,789703,671950
1779838841.959604,spill,FileSystemStorage,1048576,2,2097642,1397019,1245947
1779838841.960900,spill,FileSystemStorage,1048576,1,1048821,742747,630959
1779838841.961723,spill,FileSystemStorage,1048576,3,3146463,1977379,1796096
1779838841.962109,spill,FileSystemStorage,1048576,2,2097642,1351765,1231176
1779838841.963013,spill,FileSystemStorage,1048576,2,2097642,1381204,1239528
1779838841.963133,spill,FileSystemStorage,1048576,1,1048821,796723,679031
1779838841.963496,spill,FileSystemStorage,1048576,1,1048821,780278,647495
1779838841.964878,spill,FileSystemStorage,1048576,1,1048821,770020,648545
1779838841.965084,spill,FileSystemStorage,1048576,2,2097642,1350974,1216212
1779838841.965391,spill,FileSystemStorage,1048576,1,1048821,714251,603423
1779838841.965986,spill,FileSystemStorage,1048576,1,1048821,677666,571002
1779838841.967471,spill,FileSystemStorage,1048576,1,1048821,792297,677869
1779838841.967492,spill,FileSystemStorage,1048576,1,1048821,794203,678856
1779838841.967788,spill,FileSystemStorage,1048576,3,3146463,1971588,1836666
1779838841.968940,spill,FileSystemStorage,1048576,1,1048821,726921,608974
1779838841.969002,spill,FileSystemStorage,1048576,1,1048821,720546,620962
1779838841.970126,spill,FileSystemStorage,1048576,1,1048821,738394,638247
1779838841.970308,spill,FileSystemStorage,1048576,2,2097642,1323693,1165723
1779838841.970725,spill,FileSystemStorage,1048576,1,1048821,753548,621755
1779838841.971852,spill,FileSystemStorage,1048576,2,2097642,1349815,1231148
1779838841.972074,spill,FileSystemStorage,1048576,1,1048821,748269,623652
1779838841.972414,spill,FileSystemStorage,1048576,1,1048821,694163,586964
1779838841.973716,spill,FileSystemStorage,1048576,2,2097642,1321257,1205059
1779838841.974277,spill,FileSystemStorage,1048576,2,2097642,1404267,1275454
1779838841.974539,spill,FileSystemStorage,1048576,1,1048821,762255,618651
1779838841.975729,spill,FileSystemStorage,1048576,2,2097642,1373104,1245947
1779838841.976727,spill,FileSystemStorage,1048576,2,2097642,1361496,1187601
1779838841.976973,spill,FileSystemStorage,1048576,1,1048821,733872,616609
1779838841.977123,spill,FileSystemStorage,1048576,1,1048821,711142,594377
1779838841.977962,spill,FileSystemStorage,1048576,1,1048821,733710,613597
1779838841.978431,spill,FileSystemStorage,1048576,1,1048821,718246,616812
1779838841.978597,spill,FileSystemStorage,1048576,1,1048821,727593,617972
1779838841.979635,spill,FileSystemStorage,1048576,1,1048821,772840,640806
1779838841.979726,spill,FileSystemStorage,1048576,2,2097642,1408229,1281884
1779838841.980485,spill,FileSystemStorage,1048576,1,1048821,776766,597580
1779838841.981313,spill,FileSystemStorage,1048576,1,1048821,784552,620442
1779838841.981892,spill,FileSystemStorage,1048576,2,2097642,1357695,1217529
1779838841.982277,spill,FileSystemStorage,1048576,1,1048821,684241,588191
1779838841.983312,spill,FileSystemStorage,1048576,2,2097642,1332942,1213704
1779838841.983771,spill,FileSystemStorage,1048576,1,1048821,806999,665659
1779838841.983937,spill,FileSystemStorage,1048576,2,2097642,1397138,1263766
1779838841.985145,spill,FileSystemStorage,1048576,1,1048821,760825,612260
1779838841.985828,spill,FileSystemStorage,1048576,1,1048821,728174,623896
1779838841.986303,spill,FileSystemStorage,1048576,2,2097642,1379412,1244459
1779838841.987158,spill,FileSystemStorage,1048576,1,1048821,751194,652383
1779838841.987352,spill,FileSystemStorage,1048576,2,2097642,1411532,1263368
1779838841.987600,spill,FileSystemStorage,1048576,1,1048821,762404,636435
1779838841.988873,spill,FileSystemStorage,1048576,2,2097642,1278510,1162070
1779838841.989223,spill,FileSystemStorage,1048576,1,1048821,717940,610640
1779838841.989707,spill,FileSystemStorage,1048576,1,1048821,779422,632763
1779838841.990158,spill,FileSystemStorage,1048576,1,1048821,776611,672794
1779838841.990292,spill,FileSystemStorage,1048576,1,1048821,750088,641032
1779838841.991236,spill,FileSystemStorage,1048576,1,1048821,773816,659785
1779838841.991446,spill,FileSystemStorage,1048576,1,1048821,754576,658627
1779838841.991854,spill,FileSystemStorage,1048576,2,2097642,1402395,1268949
1779838841.992452,spill,FileSystemStorage,1048576,1,1048821,688984,586811
1779838841.993986,spill,FileSystemStorage,1048576,2,2097642,1256386,1135777
1779838841.995765,spill,FileSystemStorage,1048576,1,1048821,761772,639584
1779838841.995804,spill,FileSystemStorage,1048576,2,2097642,1477425,1299194
1779838841.995827,spill,FileSystemStorage,1048576,3,3146463,1967241,1819211
1779838841.998006,spill,FileSystemStorage,1048576,2,2097642,1327295,1192726
1779838841.998510,spill,FileSystemStorage,1048576,2,2097642,1392616,1241200
1779838841.998705,spill,FileSystemStorage,1048576,1,1048821,721408,619414
1779838841.999381,spill,FileSystemStorage,1048576,1,1048821,850678,680575
1779838842.000193,spill,FileSystemStorage,1048576,2,2097642,1349249,1207498
1779838842.000335,spill,FileSystemStorage,1048576,1,1048821,759470,636834
1779838842.000945,spill,FileSystemStorage,1048576,1,1048821,773661,622433
1779838842.001260,spill,FileSystemStorage,1048576,1,1048821,738013,625373
1779838842.002240,spill,FileSystemStorage,1048576,1,1048821,696962,582488
1779838842.002321,spill,FileSystemStorage,1048576,2,2097642,1285320,1159015
1779838842.003572,spill,FileSystemStorage,1048576,1,1048821,781091,671605
1779838842.004332,spill,FileSystemStorage,1048576,3,3146463,1916908,1783229
1779838842.004483,spill,FileSystemStorage,1048576,1,1048821,738329,588705
1779838842.004908,spill,FileSystemStorage,1048576,1,1048821,698988,601815
1779838842.005376,spill,FileSystemStorage,1048576,1,1048821,686450,581222
1779838842.005683,spill,FileSystemStorage,1048576,1,1048821,695252,585823
1779838842.006293,spill,FileSystemStorage,1048576,1,1048821,688535,597633
1779838842.006566,spill,FileSystemStorage,1048576,1,1048821,699132,598648
1779838842.007423,spill,FileSystemStorage,1048576,1,1048821,728615,626310
1779838842.007684,spill,FileSystemStorage,1048576,2,2097642,1362943,1231026
1779838842.008069,spill,FileSystemStorage,1048576,1,1048821,709293,603063
1779838842.008673,spill,FileSystemStorage,1048576,1,1048821,796701,671343
1779838842.008778,spill,FileSystemStorage,1048576,1,1048821,733188,610718
1779838842.010167,spill,FileSystemStorage,1048576,2,2097642,1294637,1171149
1779838842.010385,spill,FileSystemStorage,1048576,1,1048821,725800,624573
1779838842.011390,spill,FileSystemStorage,1048576,1,1048821,837072,688982
1779838842.011785,spill,FileSystemStorage,1048576,1,1048821,815907,670906
1779838842.012083,spill,FileSystemStorage,1048576,2,2097642,1388851,1256196
1779838842.012992,spill,FileSystemStorage,1048576,1,1048821,705246,598850
1779838842.013435,spill,FileSystemStorage,1048576,2,2097642,1375245,1247497
1779838842.013981,spill,FileSystemStorage,1048576,1,1048821,722198,609811
1779838842.014236,spill,FileSystemStorage,1048576,1,1048821,734946,629974
1779838842.015189,spill,FileSystemStorage,1048576,1,1048821,786749,672373
1779838842.015429,spill,FileSystemStorage,1048576,2,2097642,1407123,1237153
1779838842.016551,spill,FileSystemStorage,1048576,2,2097642,1272241,1134615
1779838842.017417,spill,FileSystemStorage,1048576,1,1048821,696755,603245
1779838842.017479,spill,FileSystemStorage,1048576,2,2097642,1356957,1229489
1779838842.018039,spill,FileSystemStorage,1048576,1,1048821,672587,561919
1779838842.019109,spill,FileSystemStorage,1048576,1,1048821,876747,693592
1779838842.019434,spill,FileSystemStorage,1048576,1,1048821,789194,678566
1779838842.019594,spill,FileSystemStorage,1048576,2,2097642,1383967,1245400
1779838842.020652,spill,FileSystemStorage,1048576,1,1048821,694273,567998
1779838842.021252,spill,FileSystemStorage,1048576,1,1048821,727139,626715
1779838842.021803,spill,FileSystemStorage,1048576,2,2097642,1375285,1215702
1779838842.021945,spill,FileSystemStorage,1048576,1,1048821,694754,598216
1779838842.023191,spill,FileSystemStorage,1048576,1,1048821,738117,635987
1779838842.023262,spill,FileSystemStorage,1048576,2,2097642,1374802,1249290
1779838842.023410,spill,FileSystemStorage,1048576,1,1048821,808587,699406
1779838842.024469,spill,FileSystemStorage,1048576,1,1048821,721410,595775
1779838842.025239,spill,FileSystemStorage,1048576,2,2097642,1357292,1219499
1779838842.025290,spill,FileSystemStorage,1048576,1,1048821,782745,644360
1779838842.025788,spill,FileSystemStorage,1048576,1,1048821,707607,603408
1779838842.026326,spill,FileSystemStorage,1048576,1,1048821,703440,599020
1779838842.027118,spill,FileSystemStorage,1048576,1,1048821,778821,668876
1779838842.027575,spill,FileSystemStorage,1048576,2,2097642,1399086,1235674
1779838842.028381,spill,FileSystemStorage,1048576,1,1048821,722125,609027
1779838842.029011,spill,FileSystemStorage,1048576,2,2097642,1397220,1257828
1779838842.029226,spill,FileSystemStorage,1048576,1,1048821,772876,656807
1779838842.029639,spill,FileSystemStorage,1048576,1,1048821,682400,586075
1779838842.030510,spill,FileSystemStorage,1048576,1,1048821,748324,651142
1779838842.030790,spill,FileSystemStorage,1048576,1,1048821,741324,636737
1779838842.030850,spill,FileSystemStorage,1048576,2,2097642,1359203,1231500
1779838842.032066,spill,FileSystemStorage,1048576,1,1048821,721009,605994
1779838842.032195,spill,FileSystemStorage,1048576,2,2097642,1358620,1194213
1779838842.032456,spill,FileSystemStorage,1048576,1,1048821,723757,610744
1779838842.033043,spill,FileSystemStorage,1048576,1,1048821,689032,589849
1779838842.033286,spill,FileSystemStorage,1048576,1,1048821,700078,602098
1779838842.033682,spill,FileSystemStorage,1048576,1,1048821,697422,600268
1779838842.034101,spill,FileSystemStorage,1048576,1,1048821,706985,605989
1779838842.034507,spill,FileSystemStorage,1048576,1,1048821,726782,610911
1779838842.034946,spill,FileSystemStorage,1048576,1,1048821,717366,614224
1779838842.035342,spill,FileSystemStorage,1048576,1,1048821,758438,645901
1779838842.035820,spill,FileSystemStorage,1048576,1,1048821,758758,641626
1779838842.036220,spill,FileSystemStorage,1048576,1,1048821,701575,602799
1779838842.036726,spill,FileSystemStorage,1048576,1,1048821,756161,639480
1779838842.037102,spill,FileSystemStorage,1048576,1,1048821,720449,617303
1779838842.037520,spill,FileSystemStorage,1048576,1,1048821,695173,603545
1779838842.037936,spill,FileSystemStorage,1048576,1,1048821,686482,585618
1779838842.038456,spill,FileSystemStorage,1048576,1,1048821,696865,599256
1779838842.038800,spill,FileSystemStorage,1048576,1,1048821,695291,599117
1779838842.039242,spill,FileSystemStorage,1048576,1,1048821,728803,630148
1779838842.039639,spill,FileSystemStorage,1048576,1,1048821,716137,587761
1779838842.040334,spill,FileSystemStorage,1048576,1,1048821,664048,566899
1779838842.040879,spill,FileSystemStorage,1048576,1,1048821,761155,645927
1779838842.042225,spill,FileSystemStorage,1048576,2,2097642,1292007,1182167
1779838842.042954,spill,FileSystemStorage,1048576,1,1048821,789646,651206
1779838842.043148,spill,FileSystemStorage,1048576,2,2097642,1395332,1267666
1779838842.043405,spill,FileSystemStorage,1048576,1,1048821,804831,692920
1779838842.044259,spill,FileSystemStorage,1048576,1,1048821,727489,605493
1779838842.044390,spill,FileSystemStorage,1048576,1,1048821,704285,596829
1779838842.045570,spill,FileSystemStorage,1048576,1,1048821,696800,589428
1779838842.046596,spill,FileSystemStorage,1048576,1,1048821,727886,626281
1779838842.046771,spill,FileSystemStorage,1048576,2,2097642,1267298,1152264
1779838842.047463,spill,FileSystemStorage,1048576,1,1048821,707114,587205
1779838842.048706,spill,FileSystemStorage,1048576,1,1048821,719731,617674
1779838842.048772,spill,FileSystemStorage,1048576,2,2097642,1295880,1138109
1779838842.050074,spill,FileSystemStorage,1048576,1,1048821,700309,604427
1779838842.050809,spill,FileSystemStorage,1048576,1,1048821,793786,607470
1779838842.050827,spill,FileSystemStorage,1048576,3,3146463,1992537,1839960
1779838842.051252,spill,FileSystemStorage,1048576,1,1048821,714464,614053
1779838842.052120,spill,FileSystemStorage,1048576,1,1048821,736377,616406
1779838842.052784,spill,FileSystemStorage,1048576,2,2097642,1437979,1252856
1779838842.052805,spill,FileSystemStorage,1048576,1,1048821,688653,593769
1779838842.054219,spill,FileSystemStorage,1048576,2,2097642,1309910,1185816
1779838842.054430,spill,FileSystemStorage,1048576,1,1048821,734966,645162
1779838842.054793,spill,FileSystemStorage,1048576,2,2097642,1425212,1286710
1779838842.055249,spill,FileSystemStorage,1048576,1,1048821,763216,666250
1779838842.055489,spill,FileSystemStorage,1048576,1,1048821,719876,621697
1779838842.056183,spill,FileSystemStorage,1048576,1,1048821,698820,577170
1779838842.056889,spill,FileSystemStorage,1048576,1,1048821,696904,578975
1779838842.057659,spill,FileSystemStorage,1048576,1,1048821,726004,610843
1779838842.057866,spill,FileSystemStorage,1048576,2,2097642,1306736,1178412
1779838842.058244,spill,FileSystemStorage,1048576,1,1048821,677540,580607
1779838842.058704,spill,FileSystemStorage,1048576,1,1048821,673046,573366
1779838842.059375,spill,FileSystemStorage,1048576,1,1048821,874157,692973
1779838842.059906,spill,FileSystemStorage,1048576,2,2097642,1365040,1222652
1779838842.060107,spill,FileSystemStorage,1048576,1,1048821,721124,609442
1779838842.060559,spill,FileSystemStorage,1048576,1,1048821,711874,584680
1779838842.060964,spill,FileSystemStorage,1048576,1,1048821,678179,581675
1779838842.062172,spill,FileSystemStorage,1048576,2,2097642,1286578,1160957
1779838842.063066,spill,FileSystemStorage,1048576,1,1048821,767647,656612
1779838842.063250,spill,FileSystemStorage,1048576,2,2097642,1357570,1232196
1779838842.064141,spill,FileSystemStorage,1048576,2,2097642,1318200,1194151
1779838842.064427,spill,FileSystemStorage,1048576,1,1048821,716562,604012
1779838842.065230,spill,FileSystemStorage,1048576,1,1048821,725237,613852
1779838842.065383,spill,FileSystemStorage,1048576,2,2097642,1394127,1256294
1779838842.066429,spill,FileSystemStorage,1048576,2,2097642,1262751,1143738
1779838842.067144,spill,FileSystemStorage,1048576,1,1048821,742065,637860
1779838842.067154,spill,FileSystemStorage,1048576,1,1048821,775353,665002
1779838842.068154,spill,FileSystemStorage,1048576,2,2097642,1329381,1194756
1779838842.068899,spill,FileSystemStorage,1048576,1,1048821,685607,588611
1779838842.069048,spill,FileSystemStorage,1048576,1,1048821,720704,611195
1779838842.070389,spill,FileSystemStorage,1048576,1,1048821,699381,609305
1779838842.070478,spill,FileSystemStorage,1048576,2,2097642,1299306,1168032
1779838842.070493,spill,FileSystemStorage,1048576,1,1048821,754580,642777
1779838842.071546,spill,FileSystemStorage,1048576,1,1048821,722176,600515
1779838842.071737,spill,FileSystemStorage,1048576,1,1048821,791450,620771
1779838842.072731,spill,FileSystemStorage,1048576,2,2097642,1336934,1210041
1779838842.073321,spill,FileSystemStorage,1048576,1,1048821,752330,596950
1779838842.074167,spill,FileSystemStorage,1048576,1,1048821,693681,591847
1779838842.074886,spill,FileSystemStorage,1048576,1,1048821,714633,599356
1779838842.075171,spill,FileSystemStorage,1048576,3,3146463,1937029,1803669
1779838842.076061,spill,FileSystemStorage,1048576,2,2097642,1346835,1221484
1779838842.076591,spill,FileSystemStorage,1048576,1,1048821,808837,659471
1779838842.077056,spill,FileSystemStorage,1048576,2,2097642,1332987,1208045
1779838842.078761,spill,FileSystemStorage,1048576,1,1048821,726416,614847
1779838842.079005,spill,FileSystemStorage,1048576,3,3146463,1978720,1812856
1779838842.080088,spill,FileSystemStorage,1048576,1,1048821,686214,583776
1779838842.080731,spill,FileSystemStorage,1048576,3,3146463,1933520,1775283
1779838842.080931,spill,FileSystemStorage,1048576,1,1048821,748547,627969
1779838842.082078,spill,FileSystemStorage,1048576,2,2097642,1313830,1197820
1779838842.082394,spill,FileSystemStorage,1048576,1,1048821,743364,627462
1779838842.083503,spill,FileSystemStorage,1048576,1,1048821,774000,652193
1779838842.083671,spill,FileSystemStorage,1048576,3,3146463,2046538,1900982
1779838842.084309,spill,FileSystemStorage,1048576,2,2097642,1371375,1156839
1779838842.085109,spill,FileSystemStorage,1048576,1,1048821,689160,550637
1779838842.085872,spill,FileSystemStorage,1048576,1,1048821,728139,611433
1779838842.085929,spill,FileSystemStorage,1048576,2,2097642,1291534,1170781
1779838842.086078,spill,FileSystemStorage,1048576,479,502385259,312918825,303993557
1779838842.086228,spill,FileSystemStorage,1048576,1,1048821,696400,571212
1779838842.087485,spill,FileSystemStorage,1048576,1,1048821,746411,642693
1779838842.088028,spill,FileSystemStorage,1048576,2,2097642,1362255,1227777
1779838842.088674,spill,FileSystemStorage,1048576,2,2097642,1158923,1030135
1779838842.301083,spill,FileSystemStorage,1048576,1,1048821,925150,666851
1779838842.302495,spill,FileSystemStorage,1048576,1,1048821,799565,589961
1779838842.302561,spill,FileSystemStorage,1048576,2,2097642,1426990,1151983
1779838842.305260,spill,FileSystemStorage,1048576,1,1048821,861631,610510
1779838842.305258,spill,FileSystemStorage,1048576,4,4195284,2596498,2346951
1779838842.305561,spill,FileSystemStorage,1048576,2,2097642,1733260,1267815
1779838842.307459,spill,FileSystemStorage,1048576,1,1048821,836061,668377
1779838842.308795,spill,FileSystemStorage,1048576,1,1048821,1035410,606756
1779838842.309493,spill,FileSystemStorage,1048576,3,3146463,2548235,1894740
1779838842.310223,spill,FileSystemStorage,1048576,1,1048821,1109916,637685
1779838842.311463,spill,FileSystemStorage,1048576,1,1048821,842458,661281
1779838842.312016,spill,FileSystemStorage,1048576,2,2097642,1510756,1227210
1779838842.314218,spill,FileSystemStorage,1048576,1,1048821,926114,590207
1779838842.315980,spill,FileSystemStorage,1048576,2,2097642,1312389,1181804
1779838842.316347,spill,FileSystemStorage,1048576,2,2097642,1417857,1229866
1779838842.317813,spill,FileSystemStorage,1048576,1,1048821,1068574,613625
1779838842.318399,spill,FileSystemStorage,1048576,1,1048821,940099,603866
1779838842.318818,spill,FileSystemStorage,1048576,1,1048821,724226,591458
1779838842.319340,spill,FileSystemStorage,1048576,1,1048821,796292,652325
1779838842.319987,spill,FileSystemStorage,1048576,1,1048821,1034266,611265
1779838842.322337,spill,FileSystemStorage,1048576,2,2097642,1781038,1249681
1779838842.322419,spill,FileSystemStorage,1048576,1,1048821,740593,625509
1779838842.322616,spill,FileSystemStorage,1048576,2,2097642,1382363,1261922
1779838842.323592,spill,FileSystemStorage,1048576,1,1048821,777240,639452
1779838842.323605,spill,FileSystemStorage,1048576,1,1048821,736945,587704
1779838842.324672,spill,FileSystemStorage,1048576,2,2097642,1625591,1207565
1779838842.325242,spill,FileSystemStorage,1048576,1,1048821,726225,576475
1779838842.326419,spill,FileSystemStorage,1048576,1,1048821,706332,595968
1779838842.327213,spill,FileSystemStorage,1048576,3,3146463,2098279,1893464
1779838842.327548,spill,FileSystemStorage,1048576,2,2097642,1445760,1301950
1779838842.328236,spill,FileSystemStorage,1048576,2,2097642,1280090,1117209
1779838842.328659,spill,FileSystemStorage,1048576,1,1048821,771286,619302
1779838842.330305,spill,FileSystemStorage,1048576,2,2097642,1668733,1208229
1779838842.330401,spill,FileSystemStorage,1048576,1,1048821,892850,598087
1779838842.331256,spill,FileSystemStorage,1048576,1,1048821,830919,617118
1779838842.332779,spill,FileSystemStorage,1048576,2,2097642,1740323,1192444
1779838842.333963,spill,FileSystemStorage,1048576,1,1048821,956147,578201
1779838842.334270,spill,FileSystemStorage,1048576,1,1048821,737067,606842
1779838842.335780,spill,FileSystemStorage,1048576,2,2097642,1475588,1259012
1779838842.336527,spill,FileSystemStorage,1048576,2,2097642,1348211,1220086
1779838842.337972,spill,FileSystemStorage,1048576,1,1048821,868824,624014
1779838842.338703,spill,FileSystemStorage,1048576,1,1048821,821705,598734
1779838842.339508,spill,FileSystemStorage,1048576,1,1048821,772365,627068
1779838842.339602,spill,FileSystemStorage,1048576,1,1048821,806679,682053
1779838842.339873,spill,FileSystemStorage,1048576,1,1048821,736947,619227
1779838842.341565,spill,FileSystemStorage,1048576,1,1048821,950320,599179
1779838842.341929,spill,FileSystemStorage,1048576,1,1048821,731433,590413
1779838842.343069,spill,FileSystemStorage,1048576,1,1048821,839713,665075
1779838842.343486,spill,FileSystemStorage,1048576,1,1048821,947066,672077
1779838842.344210,spill,FileSystemStorage,1048576,1,1048821,1094955,561880
1779838842.345577,spill,FileSystemStorage,1048576,1,1048821,842862,612288
1779838842.345626,spill,FileSystemStorage,1048576,1,1048821,1039445,631159
1779838842.348095,spill,FileSystemStorage,1048576,3,3146463,2038833,1703558
1779838842.349423,spill,FileSystemStorage,1048576,2,2097642,1565306,1170079
1779838842.351865,spill,FileSystemStorage,1048576,2,2097642,1535998,1188520
1779838842.352050,spill,FileSystemStorage,1048576,1,1048821,1118679,607932
1779838842.352501,spill,FileSystemStorage,1048576,1,1048821,846467,629384
1779838842.353822,spill,FileSystemStorage,1048576,2,2097642,1397584,1127684
1779838842.355235,spill,FileSystemStorage,1048576,1,1048821,1061425,677211
1779838842.355421,spill,FileSystemStorage,1048576,1,1048821,750631,631008
1779838842.355512,spill,FileSystemStorage,1048576,1,1048821,809713,672116
1779838842.356670,spill,FileSystemStorage,1048576,1,1048821,730856,611759
1779838842.357111,spill,FileSystemStorage,1048576,1,1048821,708652,595278
1779838842.358303,spill,FileSystemStorage,1048576,1,1048821,811077,651796
1779838842.358502,spill,FileSystemStorage,1048576,2,2097642,1510309,1326856
1779838842.358645,spill,FileSystemStorage,1048576,1,1048821,746924,632802
1779838842.359417,spill,FileSystemStorage,1048576,1,1048821,788724,654726
1779838842.359731,spill,FileSystemStorage,1048576,1,1048821,722942,612114
1779838842.360304,spill,FileSystemStorage,1048576,2,2097642,1427069,1234367
1779838842.361227,spill,FileSystemStorage,1048576,1,1048821,768742,616615
1779838842.361318,spill,FileSystemStorage,1048576,1,1048821,707283,596653
1779838842.361616,spill,FileSystemStorage,1048576,1,1048821,747975,615830
1779838842.362426,spill,FileSystemStorage,1048576,1,1048821,750403,623752
1779838842.362642,spill,FileSystemStorage,1048576,1,1048821,726329,623682
1779838842.362741,spill,FileSystemStorage,1048576,1,1048821,742285,629837
1779838842.363563,spill,FileSystemStorage,1048576,1,1048821,723939,610670
1779838842.363734,spill,FileSystemStorage,1048576,1,1048821,807061,629756
1779838842.364654,spill,FileSystemStorage,1048576,2,2097642,1386605,1243581
1779838842.367323,spill,FileSystemStorage,1048576,3,3146463,2001251,1756020
1779838842.367442,spill,FileSystemStorage,1048576,1,1048821,825217,677312
1779838842.368706,spill,FileSystemStorage,1048576,2,2097642,1385402,1185164
1779838842.369654,spill,FileSystemStorage,1048576,1,1048821,749021,609752
1779838842.370952,spill,FileSystemStorage,1048576,2,2097642,1516921,1209293
1779838842.371313,spill,FileSystemStorage,1048576,1,1048821,842020,684209
1779838842.371504,spill,FileSystemStorage,1048576,1,1048821,788999,660945
1779838842.373113,spill,FileSystemStorage,1048576,2,2097642,1241573,1123974
1779838842.373636,spill,FileSystemStorage,1048576,1,1048821,842490,692830
1779838842.373893,spill,FileSystemStorage,1048576,1,1048821,670769,548762
1779838842.375788,spill,FileSystemStorage,1048576,2,2097642,1397743,1253744
1779838842.375860,spill,FileSystemStorage,1048576,1,1048821,816470,669743
1779838842.376308,spill,FileSystemStorage,1048576,1,1048821,733941,584682
1779838842.377463,spill,FileSystemStorage,1048576,1,1048821,696141,594320
1779838842.378232,spill,FileSystemStorage,1048576,1,1048821,723884,618116
1779838842.378327,spill,FileSystemStorage,1048576,2,2097642,1368880,1241348
1779838842.379385,spill,FileSystemStorage,1048576,2,2097642,1424185,1287688
1779838842.379464,spill,FileSystemStorage,1048576,1,1048821,739378,637668
1779838842.380184,spill,FileSystemStorage,1048576,2,2097642,1443084,1267494
1779838842.381872,spill,FileSystemStorage,1048576,1,1048821,823711,657960
1779838842.382358,spill,FileSystemStorage,1048576,1,1048821,713916,604934
1779838842.382364,spill,FileSystemStorage,1048576,2,2097642,1345949,1214359
1779838842.383358,spill,FileSystemStorage,1048576,1,1048821,792197,632655
1779838842.383678,spill,FileSystemStorage,1048576,1,1048821,743193,609171
1779838842.384568,spill,FileSystemStorage,1048576,1,1048821,739545,627631
1779838842.384938,spill,FileSystemStorage,1048576,3,3146463,1999514,1813948
1779838842.385055,spill,FileSystemStorage,1048576,1,1048821,746972,631189
1779838842.385857,spill,FileSystemStorage,1048576,1,1048821,761595,631946
1779838842.385955,spill,FileSystemStorage,1048576,1,1048821,704666,600236
1779838842.387738,spill,FileSystemStorage,1048576,3,3146463,2021148,1851551
1779838842.388116,spill,FileSystemStorage,1048576,1,1048821,759025,616260
1779838842.388881,spill,FileSystemStorage,1048576,3,3146463,1994812,1817157
1779838842.388954,spill,FileSystemStorage,1048576,1,1048821,737642,626991
1779838842.389328,spill,FileSystemStorage,1048576,1,1048821,736049,619573
1779838842.390491,spill,FileSystemStorage,1048576,1,1048821,700265,597078
1779838842.390967,spill,FileSystemStorage,1048576,1,1048821,774428,670655
1779838842.391040,spill,FileSystemStorage,1048576,2,2097642,1365945,1234709
1779838842.391640,spill,FileSystemStorage,1048576,1,1048821,759476,603414
1779838842.392661,spill,FileSystemStorage,1048576,1,1048821,708262,613396
1779838842.392935,spill,FileSystemStorage,1048576,2,2097642,1298678,1178506
1779838842.393382,spill,FileSystemStorage,1048576,1,1048821,734175,607692
1779838842.394601,spill,FileSystemStorage,1048576,1,1048821,703377,605356
1779838842.394956,spill,FileSystemStorage,1048576,1,1048821,784914,665555
1779838842.395380,spill,FileSystemStorage,1048576,3,3146463,1946467,1818626
1779838842.395616,spill,FileSystemStorage,1048576,1,1048821,756186,626582
1779838842.396347,spill,FileSystemStorage,1048576,1,1048821,715217,611793
1779838842.396667,spill,FileSystemStorage,1048576,1,1048821,765822,663546
1779838842.396909,spill,FileSystemStorage,1048576,1,1048821,698229,582534
1779838842.398027,spill,FileSystemStorage,1048576,2,2097642,1360274,1231867
1779838842.398364,spill,FileSystemStorage,1048576,2,2097642,1340671,1217163
1779838842.399509,spill,FileSystemStorage,1048576,2,2097642,1303214,1181803
1779838842.400035,spill,FileSystemStorage,1048576,2,2097642,1402754,1270384
1779838842.400176,spill,FileSystemStorage,1048576,1,1048821,745856,623793
1779838842.400681,spill,FileSystemStorage,1048576,1,1048821,653420,556128
1779838842.401279,spill,FileSystemStorage,1048576,1,1048821,706802,601726
1779838842.401918,spill,FileSystemStorage,1048576,1,1048821,742770,553728
1779838842.402368,spill,FileSystemStorage,1048576,1,1048821,706880,581335
1779838842.403654,spill,FileSystemStorage,1048576,1,1048821,752250,616974
1779838842.403678,spill,FileSystemStorage,1048576,1,1048821,792402,658033
1779838842.404156,spill,FileSystemStorage,1048576,3,3146463,2009042,1864887
1779838842.404941,spill,FileSystemStorage,1048576,1,1048821,739306,596499
1779838842.405083,spill,FileSystemStorage,1048576,1,1048821,741358,585458
1779838842.406001,spill,FileSystemStorage,1048576,1,1048821,733575,612207
1779838842.406850,spill,FileSystemStorage,1048576,1,1048821,752100,634350
1779838842.407242,spill,FileSystemStorage,1048576,1,1048821,776196,669489
1779838842.407624,spill,FileSystemStorage,1048576,3,3146463,1938773,1805479
1779838842.408198,spill,FileSystemStorage,1048576,1,1048821,705062,570246
1779838842.408697,spill,FileSystemStorage,1048576,1,1048821,750388,632869
1779838842.409035,spill,FileSystemStorage,1048576,1,1048821,705652,602725
1779838842.409453,spill,FileSystemStorage,1048576,1,1048821,716454,608960
1779838842.410683,spill,FileSystemStorage,1048576,2,2097642,1314105,1187111
1779838842.411805,spill,FileSystemStorage,1048576,1,1048821,736702,611552
1779838842.411973,spill,FileSystemStorage,1048576,2,2097642,1390538,1267086
1779838842.412401,spill,FileSystemStorage,1048576,3,3146463,2048154,1895586
1779838842.414176,spill,FileSystemStorage,1048576,2,2097642,1373053,1239273
1779838842.414427,spill,FileSystemStorage,1048576,2,2097642,1360795,1240503
1779838842.414472,spill,FileSystemStorage,1048576,1,1048821,718083,606504
1779838842.416437,spill,FileSystemStorage,1048576,2,2097642,1384545,1262809
1779838842.416642,spill,FileSystemStorage,1048576,1,1048821,807588,670090
1779838842.416780,spill,FileSystemStorage,1048576,3,3146463,1935311,1796529
1779838842.417589,spill,FileSystemStorage,1048576,1,1048821,680591,585352
1779838842.417813,spill,FileSystemStorage,1048576,1,1048821,726535,618893
1779838842.419523,spill,FileSystemStorage,1048576,1,1048821,773698,670489
1779838842.420247,spill,FileSystemStorage,1048576,3,3146463,1926542,1791594
1779838842.421145,spill,FileSystemStorage,1048576,3,3146463,1921602,1775496
1779838842.422404,spill,FileSystemStorage,1048576,1,1048821,1228994,563107
1779838842.424836,spill,FileSystemStorage,1048576,4,4195284,2535355,2386876
1779838842.425234,spill,FileSystemStorage,1048576,2,2097642,1457354,1270973
1779838842.425563,spill,FileSystemStorage,1048576,1,1048821,773353,621731
1779838842.426333,spill,FileSystemStorage,1048576,1,1048821,758328,648660
1779838842.426680,spill,FileSystemStorage,1048576,1,1048821,736700,628829
1779838842.427334,spill,FileSystemStorage,1048576,2,2097642,1446378,1312669
1779838842.427363,spill,FileSystemStorage,1048576,1,1048821,747518,650146
1779838842.428364,spill,FileSystemStorage,1048576,2,2097642,1279686,1137952
1779838842.428603,spill,FileSystemStorage,1048576,1,1048821,722765,614505
1779838842.429143,spill,FileSystemStorage,1048576,1,1048821,760300,606155
1779838842.429589,spill,FileSystemStorage,1048576,1,1048821,688110,587580
1779838842.429637,spill,FileSystemStorage,1048576,1,1048821,693869,596319
1779838842.430454,spill,FileSystemStorage,1048576,1,1048821,691677,582902
1779838842.431398,spill,FileSystemStorage,1048576,2,2097642,1411947,1294545
1779838842.431615,spill,FileSystemStorage,1048576,2,2097642,1324368,1213060
1779838842.432307,spill,FileSystemStorage,1048576,2,2097642,1429852,1263829
1779838842.432437,spill,FileSystemStorage,1048576,1,1048821,718276,602113
1779838842.432726,spill,FileSystemStorage,1048576,1,1048821,657585,569711
1779838842.434172,spill,FileSystemStorage,1048576,2,2097642,1235594,1116246
1779838842.434357,spill,FileSystemStorage,1048576,1,1048821,890375,566191
1779838842.434860,spill,FileSystemStorage,1048576,1,1048821,800922,568529
1779838842.436078,spill,FileSystemStorage,1048576,2,2097642,1287483,1173415
1779838842.436752,spill,FileSystemStorage,1048576,1,1048821,682481,575071
1779838842.436828,spill,FileSystemStorage,1048576,2,2097642,1407282,1262820
1779838842.437858,spill,FileSystemStorage,1048576,2,2097642,1298677,1135185
1779838842.438012,spill,FileSystemStorage,1048576,1,1048821,689239,598440
1779838842.439083,spill,FileSystemStorage,1048576,2,2097642,1353728,1213000
1779838842.439515,spill,FileSystemStorage,1048576,1,1048821,738000,634774
1779838842.439636,spill,FileSystemStorage,1048576,1,1048821,744450,618307
1779838842.440157,spill,FileSystemStorage,1048576,1,1048821,725075,602441
1779838842.441659,spill,FileSystemStorage,1048576,2,2097642,1281062,1163557
1779838842.442557,spill,FileSystemStorage,1048576,2,2097642,1266971,1158447
1779838842.442756,spill,FileSystemStorage,1048576,1,1048821,764095,622526
1779838842.443601,spill,FileSystemStorage,1048576,1,1048821,745020,611089
1779838842.443775,spill,FileSystemStorage,1048576,2,2097642,1342390,1228249
1779838842.445191,spill,FileSystemStorage,1048576,2,2097642,1557900,1167888
1779838842.445603,spill,FileSystemStorage,1048576,1,1048821,892768,641479
1779838842.445874,spill,FileSystemStorage,1048576,1,1048821,833027,574923
1779838842.446401,spill,FileSystemStorage,1048576,1,1048821,676246,557350
1779838842.447124,spill,FileSystemStorage,1048576,1,1048821,761782,645511
1779838842.447540,spill,FileSystemStorage,1048576,1,1048821,758529,644586
1779838842.447556,spill,FileSystemStorage,1048576,1,1048821,736031,614829
1779838842.449112,spill,FileSystemStorage,1048576,2,2097642,1386592,1218103
1779838842.449585,spill,FileSystemStorage,1048576,1,1048821,698481,604467
1779838842.449766,spill,FileSystemStorage,1048576,2,2097642,1311033,1192211
1779838842.450894,spill,FileSystemStorage,1048576,1,1048821,969015,623889
1779838842.451489,spill,FileSystemStorage,1048576,2,2097642,1295890,1184182
1779838842.452196,spill,FileSystemStorage,1048576,1,1048821,1092737,582950
1779838842.453112,spill,FileSystemStorage,1048576,1,1048821,742279,599458
1779838842.453329,spill,FileSystemStorage,1048576,1,1048821,714148,598763
1779838842.453608,spill,FileSystemStorage,1048576,1,1048821,748709,630068
1779838842.454406,spill,FileSystemStorage,1048576,1,1048821,767904,643065
1779838842.454502,spill,FileSystemStorage,1048576,1,1048821,737653,637263
1779838842.454687,spill,FileSystemStorage,1048576,1,1048821,675760,585522
1779838842.455992,spill,FileSystemStorage,1048576,1,1048821,707563,599254
1779838842.456186,spill,FileSystemStorage,1048576,2,2097642,1399476,1262243
1779838842.456626,spill,FileSystemStorage,1048576,1,1048821,671273,566217
1779838842.457133,spill,FileSystemStorage,1048576,1,1048821,677775,586021
1779838842.457757,spill,FileSystemStorage,1048576,1,1048821,683676,583234
1779838842.457897,spill,FileSystemStorage,1048576,2,2097642,1336216,1223720
1779838842.458415,spill,FileSystemStorage,1048576,1,1048821,685865,594703
1779838842.458782,spill,FileSystemStorage,1048576,1,1048821,677841,578126
1779838842.459461,spill,FileSystemStorage,1048576,1,1048821,795308,672153
1779838842.460253,spill,FileSystemStorage,1048576,2,2097642,1318507,1183662
1779838842.460973,spill,FileSystemStorage,1048576,1,1048821,693029,591835
1779838842.461312,spill,FileSystemStorage,1048576,1,1048821,712077,616116
1779838842.462482,spill,FileSystemStorage,1048576,2,2097642,1305867,1185186
1779838842.462546,spill,FileSystemStorage,1048576,1,1048821,705811,615980
1779838842.462817,spill,FileSystemStorage,1048576,1,1048821,680049,585448
1779838842.463828,spill,FileSystemStorage,1048576,1,1048821,709029,597548
1779838842.464607,spill,FileSystemStorage,1048576,1,1048821,684447,573129
1779838842.464795,spill,FileSystemStorage,1048576,3,3146463,1903953,1730724
1779838842.465194,spill,FileSystemStorage,1048576,1,1048821,724263,612432
1779838842.465986,spill,FileSystemStorage,1048576,1,1048821,711364,621295
1779838842.466440,spill,FileSystemStorage,1048576,1,1048821,715046,604899
1779838842.467106,spill,FileSystemStorage,1048576,1,1048821,732137,634011
1779838842.467520,spill,FileSystemStorage,1048576,1,1048821,734178,628011
1779838842.468089,spill,FileSystemStorage,1048576,3,3146463,2053270,1910544
1779838842.468208,spill,FileSystemStorage,1048576,1,1048821,709384,600371
1779838842.469661,spill,FileSystemStorage,1048576,1,1048821,818591,604806
1779838842.469699,spill,FileSystemStorage,1048576,1,1048821,790352,622103
1779838842.470590,spill,FileSystemStorage,1048576,1,1048821,929317,598460
1779838842.472568,spill,FileSystemStorage,1048576,3,3146463,1929663,1783835
1779838842.473575,spill,FileSystemStorage,1048576,1,1048821,779270,655947
1779838842.473778,spill,FileSystemStorage,1048576,2,2097642,1360780,1233840
1779838842.473894,spill,FileSystemStorage,1048576,1,1048821,753889,639560
1779838842.474734,spill,FileSystemStorage,1048576,1,1048821,666975,574735
1779838842.475487,spill,FileSystemStorage,1048576,2,2097642,1404637,1249464
1779838842.475586,spill,FileSystemStorage,1048576,1,1048821,761262,604358
1779838842.476797,spill,FileSystemStorage,1048576,2,2097642,1257864,1119463
1779838842.477559,spill,FileSystemStorage,1048576,1,1048821,742431,620559
1779838842.477927,spill,FileSystemStorage,1048576,2,2097642,1378592,1262634
1779838842.477976,spill,FileSystemStorage,1048576,1,1048821,698352,600537
1779838842.479575,spill,FileSystemStorage,1048576,1,1048821,760534,655460
1779838842.479760,spill,FileSystemStorage,1048576,1,1048821,738687,621821
1779838842.479903,spill,FileSystemStorage,1048576,2,2097642,1426166,1280628
1779838842.480635,spill,FileSystemStorage,1048576,1,1048821,705414,591651
1779838842.480834,spill,FileSystemStorage,1048576,1,1048821,785400,671445
1779838842.481388,spill,FileSystemStorage,1048576,1,1048821,707659,589728
1779838842.481903,spill,FileSystemStorage,1048576,1,1048821,694033,575775
1779838842.482427,spill,FileSystemStorage,1048576,1,1048821,821931,661410
1779838842.483173,spill,FileSystemStorage,1048576,2,2097642,1380904,1246653
1779838842.483874,spill,FileSystemStorage,1048576,2,2097642,1327920,1181085
1779838842.484344,spill,FileSystemStorage,1048576,1,1048821,712706,589463
1779838842.484699,spill,FileSystemStorage,1048576,1,1048821,685790,575065
1779838842.485521,spill,FileSystemStorage,1048576,1,1048821,704969,574898
1779838842.486005,spill,FileSystemStorage,1048576,1,1048821,756276,602085
1779838842.486189,spill,FileSystemStorage,1048576,1,1048821,759312,630840
1779838842.486470,spill,FileSystemStorage,1048576,1,1048821,669318,576124
1779838842.487132,spill,FileSystemStorage,1048576,1,1048821,780057,663534
1779838842.487250,spill,FileSystemStorage,1048576,1,1048821,736936,630799
1779838842.487531,spill,FileSystemStorage,1048576,1,1048821,723458,612354
1779838842.488954,spill,FileSystemStorage,1048576,2,2097642,1347034,1215121
1779838842.489098,spill,FileSystemStorage,1048576,1,1048821,737330,619006
1779838842.490273,spill,FileSystemStorage,1048576,2,2097642,1376092,1211766
1779838842.490285,spill,FileSystemStorage,1048576,1,1048821,743655,633430
1779838842.490427,spill,FileSystemStorage,1048576,1,1048821,714838,622137
1779838842.491320,spill,FileSystemStorage,1048576,1,1048821,737471,624725
1779838842.491546,spill,FileSystemStorage,1048576,1,1048821,717994,617419
1779838842.491639,spill,FileSystemStorage,1048576,1,1048821,753952,597893
1779838842.493034,spill,FileSystemStorage,1048576,2,2097642,1323346,1196029
1779838842.493838,spill,FileSystemStorage,1048576,2,2097642,1397178,1258276
1779838842.494213,spill,FileSystemStorage,1048576,2,2097642,1364357,1237038
1779838842.494325,spill,FileSystemStorage,1048576,1,1048821,769075,607887
1779838842.495205,spill,FileSystemStorage,1048576,1,1048821,748755,637023
1779838842.495340,spill,FileSystemStorage,1048576,1,1048821,799130,690527
1779838842.495580,spill,FileSystemStorage,1048576,1,1048821,762389,650337
1779838842.496156,spill,FileSystemStorage,1048576,1,1048821,651637,559037
1779838842.497048,spill,FileSystemStorage,1048576,1,1048821,791273,674831
1779838842.497514,spill,FileSystemStorage,1048576,2,2097642,1296019,1164648
1779838842.498470,spill,FileSystemStorage,1048576,1,1048821,774234,647272
1779838842.498695,spill,FileSystemStorage,1048576,2,2097642,1360472,1240673
1779838842.498872,spill,FileSystemStorage,1048576,1,1048821,750615,633088
1779838842.499531,spill,FileSystemStorage,1048576,1,1048821,758718,643251
1779838842.500142,spill,FileSystemStorage,1048576,1,1048821,725778,602909
1779838842.500793,spill,FileSystemStorage,1048576,2,2097642,1387273,1190757
1779838842.501239,spill,FileSystemStorage,1048576,1,1048821,729111,589471
1779838842.502104,spill,FileSystemStorage,1048576,1,1048821,778705,658420
1779838842.502452,spill,FileSystemStorage,1048576,2,2097642,1335417,1183093
1779838842.502628,spill,FileSystemStorage,1048576,1,1048821,743373,640576
1779838842.503188,spill,FileSystemStorage,1048576,1,1048821,731229,614921
1779838842.503687,spill,FileSystemStorage,1048576,1,1048821,752600,618151
1779838842.503779,spill,FileSystemStorage,1048576,1,1048821,743456,624499
1779838842.504844,spill,FileSystemStorage,1048576,2,2097642,1330318,1179501
1779838842.505748,spill,FileSystemStorage,1048576,2,2097642,1288005,1158062
1779838842.505816,spill,FileSystemStorage,1048576,1,1048821,770122,643039
1779838842.506379,spill,FileSystemStorage,1048576,1,1048821,652870,554279
1779838842.507364,spill,FileSystemStorage,1048576,1,1048821,791346,677110
1779838842.507915,spill,FileSystemStorage,1048576,2,2097642,1383772,1244186
1779838842.508883,spill,FileSystemStorage,1048576,1,1048821,738884,613084
1779838842.509198,spill,FileSystemStorage,1048576,3,3146463,1902288,1759108
1779838842.509251,spill,FileSystemStorage,1048576,1,1048821,730263,615013
1779838842.509913,spill,FileSystemStorage,1048576,1,1048821,694698,580663
1779838842.510455,spill,FileSystemStorage,1048576,1,1048821,764306,639666
1779838842.510449,spill,FileSystemStorage,1048576,1,1048821,778549,628103
1779838842.511015,spill,FileSystemStorage,1048576,1,1048821,757305,619734
1779838842.511687,spill,FileSystemStorage,1048576,1,1048821,797431,620463
1779838842.511766,spill,FileSystemStorage,1048576,1,1048821,753502,616019
1779838842.512352,spill,FileSystemStorage,1048576,1,1048821,718561,612510
1779838842.512722,spill,FileSystemStorage,1048576,1,1048821,725683,616455
1779838842.513467,spill,FileSystemStorage,1048576,1,1048821,738253,625934
1779838842.513744,spill,FileSystemStorage,1048576,1,1048821,705944,603293
1779838842.514721,spill,FileSystemStorage,1048576,1,1048821,723232,615843
1779838842.514869,spill,FileSystemStorage,1048576,2,2097642,1368804,1189175
1779838842.514995,spill,FileSystemStorage,1048576,1,1048821,785943,663232
1779838842.515705,spill,FileSystemStorage,1048576,1,1048821,670920,565616
1779838842.516982,spill,FileSystemStorage,1048576,1,1048821,695394,593537
1779838842.517094,spill,FileSystemStorage,1048576,2,2097642,1303279,1127025
1779838842.517390,spill,FileSystemStorage,1048576,1,1048821,690739,574225
1779838842.518672,spill,FileSystemStorage,1048576,1,1048821,738510,627486
1779838842.519365,spill,FileSystemStorage,1048576,3,3146463,1921850,1790097
1779838842.519712,spill,FileSystemStorage,1048576,2,2097642,1369991,1232940
1779838842.520210,spill,FileSystemStorage,1048576,1,1048821,1152684,596203
1779838842.521197,spill,FileSystemStorage,1048576,1,1048821,702675,584266
1779838842.521321,spill,FileSystemStorage,1048576,1,1048821,761644,606478
1779838842.521863,spill,FileSystemStorage,1048576,1,1048821,733771,592018
1779838842.522677,spill,FileSystemStorage,1048576,1,1048821,773100,649050
1779838842.522904,spill,FileSystemStorage,1048576,2,2097642,1313929,1197542
1779838842.523054,spill,FileSystemStorage,1048576,1,1048821,761589,652808
1779838842.523659,spill,FileSystemStorage,1048576,1,1048821,707872,574924
1779838842.523967,spill,FileSystemStorage,1048576,1,1048821,721293,590716
1779838842.524364,spill,FileSystemStorage,1048576,1,1048821,719292,581702
1779838842.524774,spill,FileSystemStorage,1048576,1,1048821,711715,573975
1779838842.526142,spill,FileSystemStorage,1048576,1,1048821,691795,583904
1779838842.526352,spill,FileSystemStorage,1048576,2,2097642,1419078,1242137
1779838842.526450,spill,FileSystemStorage,1048576,1,1048821,778887,606698
1779838842.527175,spill,FileSystemStorage,1048576,1,1048821,730200,630605
1779838842.528244,spill,FileSystemStorage,1048576,2,2097642,1278607,1109715
1779838842.529290,spill,FileSystemStorage,1048576,2,2097642,1255303,1133684
1779838842.529960,spill,FileSystemStorage,1048576,2,2097642,1341349,1184544
1779838842.530365,spill,FileSystemStorage,1048576,1,1048821,757503,639005
1779838842.531112,spill,FileSystemStorage,1048576,1,1048821,812445,685715
1779838842.531488,spill,FileSystemStorage,1048576,2,2097642,1700922,1559422
1779838842.531612,spill,FileSystemStorage,1048576,1,1048821,681128,548179
1779838842.532791,spill,FileSystemStorage,1048576,1,1048821,711142,587817
1779838842.533043,spill,FileSystemStorage,1048576,2,2097642,1342343,1211982
1779838842.533139,spill,FileSystemStorage,1048576,1,1048821,695794,589175
1779838842.533954,spill,FileSystemStorage,1048576,1,1048821,691535,580482
1779838842.534645,spill,FileSystemStorage,1048576,1,1048821,718767,610652
1779838842.534900,spill,FileSystemStorage,1048576,2,2097642,1353176,1232117
1779838842.535253,spill,FileSystemStorage,1048576,1,1048821,829691,666722
1779838842.535755,spill,FileSystemStorage,1048576,1,1048821,692120,589561
1779838842.536334,spill,FileSystemStorage,1048576,1,1048821,691788,587438
1779838842.537461,spill,FileSystemStorage,1048576,1,1048821,754320,631470
1779838842.537813,spill,FileSystemStorage,1048576,1,1048821,695301,596788
1779838842.538500,spill,FileSystemStorage,1048576,3,3146463,1935253,1789806
1779838842.538643,spill,FileSystemStorage,1048576,1,1048821,723226,600947
1779838842.538894,spill,FileSystemStorage,1048576,1,1048821,706703,606976
1779838842.539773,spill,FileSystemStorage,1048576,1,1048821,730211,604489
1779838842.539773,spill,FileSystemStorage,1048576,1,1048821,765991,618414
1779838842.540149,spill,FileSystemStorage,1048576,1,1048821,685005,582579
1779838842.540909,spill,FileSystemStorage,1048576,1,1048821,700389,593086
1779838842.541332,spill,FileSystemStorage,1048576,1,1048821,732489,618841
1779838842.541494,spill,FileSystemStorage,1048576,1,1048821,683052,593785
1779838842.542006,spill,FileSystemStorage,1048576,1,1048821,767848,643196
1779838842.543013,spill,FileSystemStorage,1048576,2,2097642,1327023,1187146
1779838842.543207,spill,FileSystemStorage,1048576,1,1048821,773764,655403
1779838842.543311,spill,FileSystemStorage,1048576,1,1048821,858529,699947
1779838842.544437,spill,FileSystemStorage,1048576,1,1048821,697905,589355
1779838842.544630,spill,FileSystemStorage,1048576,1,1048821,818413,654081
1779838842.544913,spill,FileSystemStorage,1048576,1,1048821,714499,600206
1779838842.545737,spill,FileSystemStorage,1048576,1,1048821,733416,616464
1779838842.546109,spill,FileSystemStorage,1048576,1,1048821,730967,634783
1779838842.546187,spill,FileSystemStorage,1048576,2,2097642,1336617,1206465
1779838842.546680,spill,FileSystemStorage,1048576,1,1048821,674753,581709
1779838842.547187,spill,FileSystemStorage,1048576,1,1048821,799051,684266
1779838842.547446,spill,FileSystemStorage,1048576,1,1048821,789307,657554
1779838842.547741,spill,FileSystemStorage,1048576,1,1048821,709321,604236
1779838842.548703,spill,FileSystemStorage,1048576,1,1048821,778514,612799
1779838842.548798,spill,FileSystemStorage,1048576,1,1048821,703540,595174
1779838842.549830,spill,FileSystemStorage,1048576,1,1048821,714488,622630
1779838842.550069,spill,FileSystemStorage,1048576,2,2097642,1391873,1258555
1779838842.550241,spill,FileSystemStorage,1048576,1,1048821,753292,627524
1779838842.550761,spill,FileSystemStorage,1048576,1,1048821,667970,573796
1779838842.551123,spill,FileSystemStorage,1048576,1,1048821,774814,647578
1779838842.551467,spill,FileSystemStorage,1048576,1,1048821,832880,677811
1779838842.552063,spill,FileSystemStorage,1048576,1,1048821,694702,571328
1779838842.553645,spill,FileSystemStorage,1048576,2,2097642,1338792,1215181
1779838842.554011,spill,FileSystemStorage,1048576,2,2097642,1344639,1228944
1779838842.554167,spill,FileSystemStorage,1048576,1,1048821,743970,622314
1779838842.555277,spill,FileSystemStorage,1048576,2,2097642,1332058,1215580
1779838842.555325,spill,FileSystemStorage,1048576,1,1048821,755391,636789
1779838842.556285,spill,FileSystemStorage,1048576,2,2097642,1242890,1129450
1779838842.556540,spill,FileSystemStorage,1048576,1,1048821,691441,601004
1779838842.556937,spill,FileSystemStorage,1048576,1,1048821,721825,615411
1779838842.557504,spill,FileSystemStorage,1048576,1,1048821,692476,582371
1779838842.557682,spill,FileSystemStorage,1048576,1,1048821,692129,599307
1779838842.558166,spill,FileSystemStorage,1048576,1,1048821,731908,621740
1779838842.559327,spill,FileSystemStorage,1048576,2,2097642,1421463,1241920
1779838842.559349,spill,FileSystemStorage,1048576,1,1048821,758792,668604
1779838842.559365,spill,FileSystemStorage,1048576,1,1048821,777180,667127
1779838842.560895,spill,FileSystemStorage,1048576,1,1048821,793663,650837
1779838842.561042,spill,FileSystemStorage,1048576,1,1048821,793450,620076
1779838842.561075,spill,FileSystemStorage,1048576,1,1048821,864222,689082
1779838842.562516,spill,FileSystemStorage,1048576,1,1048821,749855,637507
1779838842.562611,spill,FileSystemStorage,1048576,2,2097642,1376606,1247948
1779838842.563496,spill,FileSystemStorage,1048576,2,2097642,1368607,1229786
1779838842.564931,spill,FileSystemStorage,1048576,3,3146463,1919985,1782970
1779838842.564963,spill,FileSystemStorage,1048576,1,1048821,758877,651374
1779838842.565289,spill,FileSystemStorage,1048576,1,1048821,718629,606426
1779838842.567588,spill,FileSystemStorage,1048576,1,1048821,798281,682294
1779838842.567815,spill,FileSystemStorage,1048576,1,1048821,747242,631952
1779838842.568903,spill,FileSystemStorage,1048576,4,4195284,2566817,2395644
1779838842.569241,spill,FileSystemStorage,1048576,1,1048821,775879,650216
1779838842.569598,spill,FileSystemStorage,1048576,2,2097642,1407226,1232113
1779838842.569992,spill,FileSystemStorage,1048576,1,1048821,704863,604520
1779838842.570845,spill,FileSystemStorage,1048576,1,1048821,738201,623329
1779838842.570877,spill,FileSystemStorage,1048576,2,2097642,1330741,1208326
1779838842.571118,spill,FileSystemStorage,1048576,1,1048821,786618,672551
1779838842.572157,spill,FileSystemStorage,1048576,1,1048821,734057,614632
1779838842.572728,spill,FileSystemStorage,1048576,1,1048821,750295,637649
1779838842.572965,spill,FileSystemStorage,1048576,2,2097642,1436831,1257012
1779838842.574138,spill,FileSystemStorage,1048576,1,1048821,698630,603409
1779838842.574463,spill,FileSystemStorage,1048576,1,1048821,767191,643635
1779838842.574903,spill,FileSystemStorage,1048576,3,3146463,1985384,1829715
1779838842.575294,spill,FileSystemStorage,1048576,1,1048821,712508,606850
1779838842.576896,spill,FileSystemStorage,1048576,1,1048821,718803,619618
1779838842.577300,spill,FileSystemStorage,1048576,3,3146463,1921617,1784721
1779838842.577912,spill,FileSystemStorage,1048576,2,2097642,1419020,1270627
1779838842.577943,spill,FileSystemStorage,1048576,1,1048821,706695,603792
1779838842.578402,spill,FileSystemStorage,1048576,1,1048821,745995,635876
1779838842.579641,spill,FileSystemStorage,1048576,2,2097642,1334514,1217722
1779838842.580299,spill,FileSystemStorage,1048576,2,2097642,1415724,1254604
1779838842.580814,spill,FileSystemStorage,1048576,2,2097642,1347148,1214270
1779838842.580942,spill,FileSystemStorage,1048576,1,1048821,756940,637495
1779838842.581354,spill,FileSystemStorage,1048576,1,1048821,684044,577132
1779838842.582421,spill,FileSystemStorage,1048576,1,1048821,730519,632982
1779838842.582460,spill,FileSystemStorage,1048576,1,1048821,731231,620952
1779838842.582471,spill,FileSystemStorage,1048576,2,2097642,1288989,1173845
1779838842.583491,spill,FileSystemStorage,1048576,1,1048821,703031,606285
1779838842.584164,spill,FileSystemStorage,1048576,1,1048821,761520,628627
1779838842.584548,spill,FileSystemStorage,1048576,1,1048821,721635,617123
1779838842.584749,spill,FileSystemStorage,1048576,2,2097642,1343305,1220964
1779838842.585128,spill,FileSystemStorage,1048576,1,1048821,671976,578273
1779838842.585703,spill,FileSystemStorage,1048576,1,1048821,690343,583903
1779838842.586709,spill,FileSystemStorage,1048576,2,2097642,1290460,1174827
1779838842.587462,spill,FileSystemStorage,1048576,2,2097642,1288167,1172217
1779838842.602560,spill,FileSystemStorage,1048576,479,502385259,301310820,293384752
1779838847.865119,restore,FileSystemStorage,1048576,1,1048821,1262865,1162537
1779838847.870575,restore,FileSystemStorage,1048576,1,1048821,875030,797411
1779838847.875770,restore,FileSystemStorage,1048576,1,1048821,991375,904368
1779838847.880288,restore,FileSystemStorage,1048576,1,1048821,1345536,1241284
1779838847.885184,restore,FileSystemStorage,1048576,1,1048821,970632,888789
1779838847.889199,restore,FileSystemStorage,1048576,1,1048821,915984,833136
1779838847.893755,restore,FileSystemStorage,1048576,1,1048821,620768,544487
1779838847.898145,restore,FileSystemStorage,1048576,1,1048821,955304,879206
1779838847.902806,restore,FileSystemStorage,1048576,1,1048821,928129,853029
1779838847.906956,restore,FileSystemStorage,1048576,1,1048821,791170,741322
1779838847.911454,restore,FileSystemStorage,1048576,1,1048821,981244,897342
1779838847.916433,restore,FileSystemStorage,1048576,1,1048821,1465872,1358470
1779838847.920827,restore,FileSystemStorage,1048576,1,1048821,894892,816866
1779838847.925620,restore,FileSystemStorage,1048576,1,1048821,1121143,1042570
1779838847.930270,restore,FileSystemStorage,1048576,1,1048821,939480,852235
1779838847.934693,restore,FileSystemStorage,1048576,1,1048821,866599,792352
1779838847.939109,restore,FileSystemStorage,1048576,1,1048821,1087259,995311
1779838847.944071,restore,FileSystemStorage,1048576,1,1048821,822128,761879
1779838847.949424,restore,FileSystemStorage,1048576,1,1048821,1166871,1084013
1779838847.954444,restore,FileSystemStorage,1048576,1,1048821,961916,890024
1779838847.959409,restore,FileSystemStorage,1048576,1,1048821,1146514,1067603
1779838847.965516,restore,FileSystemStorage,1048576,1,1048821,1323604,1236257
1779838847.970368,restore,FileSystemStorage,1048576,1,1048821,1006468,925405
1779838847.975043,restore,FileSystemStorage,1048576,1,1048821,816079,734183
1779838847.980599,restore,FileSystemStorage,1048576,1,1048821,1115014,1026082
1779838847.986292,restore,FileSystemStorage,1048576,1,1048821,978679,894592
1779838847.990947,restore,FileSystemStorage,1048576,1,1048821,922456,839800
1779838847.996316,restore,FileSystemStorage,1048576,1,1048821,1352222,1245560
1779838848.001161,restore,FileSystemStorage,1048576,1,1048821,1056486,967296
1779838848.006267,restore,FileSystemStorage,1048576,1,1048821,953902,872091
1779838848.010409,restore,FileSystemStorage,1048576,1,1048821,968821,889478
1779838848.015312,restore,FileSystemStorage,1048576,1,1048821,705256,620474
1779838848.020862,restore,FileSystemStorage,1048576,1,1048821,1029491,947679
1779838848.026178,restore,FileSystemStorage,1048576,1,1048821,947819,868091
1779838848.031983,restore,FileSystemStorage,1048576,1,1048821,919115,836861
1779838848.037204,restore,FileSystemStorage,1048576,1,1048821,965709,894639
1779838848.042511,restore,FileSystemStorage,1048576,1,1048821,886871,814166
1779838848.047105,restore,FileSystemStorage,1048576,1,1048821,997743,920517
1779838848.052487,restore,FileSystemStorage,1048576,1,1048821,1133388,1059201
1779838848.057446,restore,FileSystemStorage,1048576,1,1048821,931323,856327
1779838848.063622,restore,FileSystemStorage,1048576,1,1048821,1154825,1081175
1779838848.069419,restore,FileSystemStorage,1048576,1,1048821,1169860,1093852
1779838848.074887,restore,FileSystemStorage,1048576,1,1048821,956633,886142
1779838848.080647,restore,FileSystemStorage,1048576,1,1048821,1220693,1142825
1779838848.085956,restore,FileSystemStorage,1048576,1,1048821,955578,882583
1779838848.091702,restore,FileSystemStorage,1048576,1,1048821,966143,913655
1779838848.096886,restore,FileSystemStorage,1048576,1,1048821,999127,925856
1779838848.102549,restore,FileSystemStorage,1048576,1,1048821,979084,906199
1779838848.107376,restore,FileSystemStorage,1048576,1,1048821,1178698,1102310
1779838848.112341,restore,FileSystemStorage,1048576,1,1048821,1291250,1212889
1779838848.117855,restore,FileSystemStorage,1048576,1,1048821,1064405,984064
1779838848.123467,restore,FileSystemStorage,1048576,1,1048821,1005288,927978
1779838848.127888,restore,FileSystemStorage,1048576,1,1048821,1057669,981097
1779838848.133167,restore,FileSystemStorage,1048576,1,1048821,905988,819664
1779838848.136966,restore,FileSystemStorage,1048576,1,1048821,919718,840074
1779838848.142090,restore,FileSystemStorage,1048576,1,1048821,623378,552091
1779838848.145969,restore,FileSystemStorage,1048576,1,1048821,586204,542521
1779838848.149514,restore,FileSystemStorage,1048576,1,1048821,576056,536089
1779838848.152959,restore,FileSystemStorage,1048576,1,1048821,758261,716609
1779838848.156356,restore,FileSystemStorage,1048576,1,1048821,1264775,1217803
1779838848.161165,restore,FileSystemStorage,1048576,1,1048821,1191155,1142241
1779838848.166389,restore,FileSystemStorage,1048576,1,1048821,908252,833739
1779838848.171767,restore,FileSystemStorage,1048576,1,1048821,1086679,1012729
1779838848.177383,restore,FileSystemStorage,1048576,1,1048821,1102024,1028188
1779838848.182497,restore,FileSystemStorage,1048576,1,1048821,964103,893228
1779838848.186288,restore,FileSystemStorage,1048576,1,1048821,952817,880524
1779838848.189400,restore,FileSystemStorage,1048576,1,1048821,927572,857976
1779838848.193309,restore,FileSystemStorage,1048576,1,1048821,936774,858507
1779838848.196999,restore,FileSystemStorage,1048576,1,1048821,952398,880630
1779838848.201369,restore,FileSystemStorage,1048576,1,1048821,893813,823771
1779838848.206031,restore,FileSystemStorage,1048576,1,1048821,925182,854607
1779838848.211072,restore,FileSystemStorage,1048576,1,1048821,958697,903824
1779838848.216415,restore,FileSystemStorage,1048576,1,1048821,977816,906778
1779838848.221389,restore,FileSystemStorage,1048576,1,1048821,944168,873151
1779838848.227028,restore,FileSystemStorage,1048576,1,1048821,808270,728154
1779838848.232378,restore,FileSystemStorage,1048576,1,1048821,1338923,1261872
1779838848.237240,restore,FileSystemStorage,1048576,1,1048821,1034526,961312
1779838848.242864,restore,FileSystemStorage,1048576,1,1048821,956501,884328
1779838848.247715,restore,FileSystemStorage,1048576,1,1048821,856037,764252
1779838848.253477,restore,FileSystemStorage,1048576,1,1048821,887030,816334
1779838848.258512,restore,FileSystemStorage,1048576,1,1048821,927928,860642
1779838848.262922,restore,FileSystemStorage,1048576,1,1048821,690023,625969
1779838848.267950,restore,FileSystemStorage,1048576,1,1048821,999034,898151
1779838848.270903,restore,FileSystemStorage,1048576,1,1048821,598728,541995
1779838848.274509,restore,FileSystemStorage,1048576,1,1048821,867551,814120
1779838848.279493,restore,FileSystemStorage,1048576,1,1048821,1056441,986327
1779838848.283935,restore,FileSystemStorage,1048576,1,1048821,964544,857109
1779838848.288931,restore,FileSystemStorage,1048576,1,1048821,1112403,1035545
1779838848.293715,restore,FileSystemStorage,1048576,1,1048821,925775,855309
1779838848.298803,restore,FileSystemStorage,1048576,1,1048821,942551,873491
1779838848.303110,restore,FileSystemStorage,1048576,1,1048821,839578,764739
1779838848.308535,restore,FileSystemStorage,1048576,1,1048821,1172876,1097664
1779838848.313322,restore,FileSystemStorage,1048576,1,1048821,1105180,1029006
1779838848.318789,restore,FileSystemStorage,1048576,1,1048821,890890,819438
1779838848.324405,restore,FileSystemStorage,1048576,1,1048821,1347825,1262305
1779838848.329482,restore,FileSystemStorage,1048576,1,1048821,1005222,931858
1779838848.334448,restore,FileSystemStorage,1048576,1,1048821,862675,794143
1779838848.339575,restore,FileSystemStorage,1048576,1,1048821,1019490,943223
1779838848.345185,restore,FileSystemStorage,1048576,1,1048821,978993,906290
1779838848.350585,restore,FileSystemStorage,1048576,1,1048821,971613,898307
1779838848.354938,restore,FileSystemStorage,1048576,1,1048821,717744,644392
1779838848.360080,restore,FileSystemStorage,1048576,1,1048821,1137619,1036702
1779838848.365356,restore,FileSystemStorage,1048576,1,1048821,1097916,1021491
1779838848.369664,restore,FileSystemStorage,1048576,1,1048821,625441,553849
1779838848.371427,restore,FileSystemStorage,1048576,1,1048821,642899,593459
1779838848.375059,restore,FileSystemStorage,1048576,1,1048821,989540,907392
1779838848.379349,restore,FileSystemStorage,1048576,1,1048821,823744,766063
1779838848.384310,restore,FileSystemStorage,1048576,1,1048821,1378493,1270966
1779838848.388131,restore,FileSystemStorage,1048576,1,1048821,1169081,1068589
1779838848.393543,restore,FileSystemStorage,1048576,1,1048821,1008620,929327
1779838848.399511,restore,FileSystemStorage,1048576,1,1048821,1194030,1116183
1779838848.406324,restore,FileSystemStorage,1048576,1,1048821,751809,682582
1779838848.410698,restore,FileSystemStorage,1048576,1,1048821,590998,537326
1779838848.414917,restore,FileSystemStorage,1048576,1,1048821,575950,528621
1779838848.419571,restore,FileSystemStorage,1048576,1,1048821,724735,630142
1779838848.424204,restore,FileSystemStorage,1048576,1,1048821,1132669,1055292
1779838848.429730,restore,FileSystemStorage,1048576,1,1048821,1094520,1019090
1779838848.434878,restore,FileSystemStorage,1048576,1,1048821,741441,670279
1779838848.439589,restore,FileSystemStorage,1048576,1,1048821,1185701,1111051
1779838848.444353,restore,FileSystemStorage,1048576,1,1048821,848624,774155
1779838848.449238,restore,FileSystemStorage,1048576,1,1048821,890970,819207
1779838848.453783,restore,FileSystemStorage,1048576,1,1048821,920049,848449
1779838848.459043,restore,FileSystemStorage,1048576,1,1048821,917880,846236
1779838848.463763,restore,FileSystemStorage,1048576,1,1048821,1100112,1041712
1779838848.469302,restore,FileSystemStorage,1048576,1,1048821,1335139,1251869
1779838848.474072,restore,FileSystemStorage,1048576,1,1048821,903674,831818
1779838848.479758,restore,FileSystemStorage,1048576,1,1048821,1089936,1013816
1779838848.484571,restore,FileSystemStorage,1048576,1,1048821,1177779,1101365
1779838848.489871,restore,FileSystemStorage,1048576,1,1048821,899531,825092
1779838848.496304,restore,FileSystemStorage,1048576,1,1048821,1430936,1333925
1779838848.501359,restore,FileSystemStorage,1048576,1,1048821,1082950,1006959
1779838848.506877,restore,FileSystemStorage,1048576,1,1048821,770375,698147
1779838848.512485,restore,FileSystemStorage,1048576,1,1048821,1463029,1383734
1779838848.517747,restore,FileSystemStorage,1048576,1,1048821,1002201,919542
1779838848.523719,restore,FileSystemStorage,1048576,1,1048821,1172551,1088122
1779838848.528907,restore,FileSystemStorage,1048576,1,1048821,1105987,1030716
1779838848.533780,restore,FileSystemStorage,1048576,1,1048821,899193,821660
1779838848.538584,restore,FileSystemStorage,1048576,1,1048821,893059,820557
1779838848.540593,restore,FileSystemStorage,1048576,1,1048821,750590,700941
1779838848.542552,restore,FileSystemStorage,1048576,1,1048821,619415,567991
1779838848.546494,restore,FileSystemStorage,1048576,1,1048821,556806,482390
1779838848.549891,restore,FileSystemStorage,1048576,1,1048821,1217044,1136681
1779838848.554282,restore,FileSystemStorage,1048576,1,1048821,1147684,1071399
1779838848.559682,restore,FileSystemStorage,1048576,1,1048821,1097344,1019711
1779838848.565333,restore,FileSystemStorage,1048576,1,1048821,1135510,1052231
1779838848.570992,restore,FileSystemStorage,1048576,1,1048821,778300,701602
1779838848.574673,restore,FileSystemStorage,1048576,1,1048821,607294,557145
1779838848.578355,restore,FileSystemStorage,1048576,1,1048821,851453,802564
1779838848.582833,restore,FileSystemStorage,1048576,1,1048821,868263,793615
1779838848.587528,restore,FileSystemStorage,1048576,1,1048821,1132683,1076366
1779838848.592588,restore,FileSystemStorage,1048576,1,1048821,1176492,1101591
1779838848.597546,restore,FileSystemStorage,1048576,1,1048821,1227890,1150822
1779838848.601371,restore,FileSystemStorage,1048576,1,1048821,1010515,934202
1779838848.604831,restore,FileSystemStorage,1048576,1,1048821,1173437,1099829
1779838848.609134,restore,FileSystemStorage,1048576,1,1048821,1011210,930222
1779838848.613014,restore,FileSystemStorage,1048576,1,1048821,1180276,1101676
1779838848.617273,restore,FileSystemStorage,1048576,1,1048821,889224,814126
1779838848.622492,restore,FileSystemStorage,1048576,1,1048821,896331,824326
1779838848.627665,restore,FileSystemStorage,1048576,1,1048821,1168389,1111243
1779838848.633067,restore,FileSystemStorage,1048576,1,1048821,969325,892914
1779838848.638169,restore,FileSystemStorage,1048576,1,1048821,883465,811601
1779838848.640748,restore,FileSystemStorage,1048576,1,1048821,630212,575005
1779838848.642927,restore,FileSystemStorage,1048576,1,1048821,779594,720732
1779838848.648267,restore,FileSystemStorage,1048576,1,1048821,1227637,1150141
1779838848.653231,restore,FileSystemStorage,1048576,1,1048821,1053904,976299
1779838853.212647,spill,FileSystemStorage,2097152,1,2097400,1773074,1504841
1779838853.213698,spill,FileSystemStorage,2097152,2,4194800,2914216,2598349
1779838853.213968,spill,FileSystemStorage,2097152,2,4194800,2940671,2702161
1779838853.215852,spill,FileSystemStorage,2097152,1,2097400,1644219,1448825
1779838853.216133,spill,FileSystemStorage,2097152,1,2097400,1570713,1436278
1779838853.216510,spill,FileSystemStorage,2097152,2,4194800,2955576,2792356
1779838853.218149,spill,FileSystemStorage,2097152,1,2097400,1512593,1379647
1779838853.218459,spill,FileSystemStorage,2097152,1,2097400,1489195,1358967
1779838853.218711,spill,FileSystemStorage,2097152,1,2097400,1581814,1412647
1779838853.219925,spill,FileSystemStorage,2097152,1,2097400,1470674,1345504
1779838853.220292,spill,FileSystemStorage,2097152,1,2097400,1516581,1365486
1779838853.221001,spill,FileSystemStorage,2097152,1,2097400,1543126,1345067
1779838853.221994,spill,FileSystemStorage,2097152,1,2097400,1452959,1330754
1779838853.223100,spill,FileSystemStorage,2097152,1,2097400,1616551,1436368
1779838853.223236,spill,FileSystemStorage,2097152,1,2097400,1572373,1454264
1779838853.223752,spill,FileSystemStorage,2097152,1,2097400,1478208,1366174
1779838853.225491,spill,FileSystemStorage,2097152,1,2097400,1444431,1316356
1779838853.226011,spill,FileSystemStorage,2097152,1,2097400,1477540,1374109
1779838853.226079,spill,FileSystemStorage,2097152,1,2097400,1506975,1323420
1779838853.227373,spill,FileSystemStorage,2097152,1,2097400,1570944,1421282
1779838853.227983,spill,FileSystemStorage,2097152,1,2097400,1504951,1380551
1779838853.227980,spill,FileSystemStorage,2097152,1,2097400,1533606,1395174
1779838853.229523,spill,FileSystemStorage,2097152,1,2097400,1503730,1377178
1779838853.229973,spill,FileSystemStorage,2097152,1,2097400,1427607,1327546
1779838853.230138,spill,FileSystemStorage,2097152,1,2097400,1512301,1339255
1779838853.231517,spill,FileSystemStorage,2097152,1,2097400,1605839,1467830
1779838853.231878,spill,FileSystemStorage,2097152,1,2097400,1583464,1414064
1779838853.232001,spill,FileSystemStorage,2097152,1,2097400,1555932,1417008
1779838853.233816,spill,FileSystemStorage,2097152,1,2097400,1544627,1398665
1779838853.234079,spill,FileSystemStorage,2097152,1,2097400,1511426,1369183
1779838853.234165,spill,FileSystemStorage,2097152,1,2097400,1509904,1383717
1779838853.235655,spill,FileSystemStorage,2097152,1,2097400,1512011,1389511
1779838853.235920,spill,FileSystemStorage,2097152,1,2097400,1543806,1425897
1779838853.236098,spill,FileSystemStorage,2097152,1,2097400,1568168,1392001
1779838853.237689,spill,FileSystemStorage,2097152,1,2097400,1459359,1328200
1779838853.237986,spill,FileSystemStorage,2097152,1,2097400,1542069,1389205
1779838853.238368,spill,FileSystemStorage,2097152,1,2097400,2092761,1901592
1779838853.239430,spill,FileSystemStorage,2097152,1,2097400,1467614,1357949
1779838853.239826,spill,FileSystemStorage,2097152,1,2097400,1547455,1422176
1779838853.241140,spill,FileSystemStorage,2097152,1,2097400,2210775,1992995
1779838853.241353,spill,FileSystemStorage,2097152,1,2097400,1482949,1367329
1779838853.241961,spill,FileSystemStorage,2097152,1,2097400,1576731,1398225
1779838853.243609,spill,FileSystemStorage,2097152,1,2097400,1911215,1712156
1779838853.243915,spill,FileSystemStorage,2097152,1,2097400,2413687,2106540
1779838853.244073,spill,FileSystemStorage,2097152,1,2097400,1765415,1618488
1779838853.245661,spill,FileSystemStorage,2097152,1,2097400,1688354,1533779
1779838853.246354,spill,FileSystemStorage,2097152,1,2097400,1779928,1622867
1779838853.246753,spill,FileSystemStorage,2097152,1,2097400,2350634,2079488
1779838853.247755,spill,FileSystemStorage,2097152,1,2097400,1783074,1631214
1779838853.248424,spill,FileSystemStorage,2097152,1,2097400,1752469,1603175
1779838853.249135,spill,FileSystemStorage,2097152,1,2097400,2024595,1878131
1779838853.249890,spill,FileSystemStorage,2097152,1,2097400,1832672,1586736
1779838853.250628,spill,FileSystemStorage,2097152,1,2097400,1762961,1613092
1779838853.251799,spill,FileSystemStorage,2097152,1,2097400,2323993,2071258
1779838853.252025,spill,FileSystemStorage,2097152,1,2097400,1836607,1674554
1779838853.252719,spill,FileSystemStorage,2097152,1,2097400,1719653,1565959
1779838853.253667,spill,FileSystemStorage,2097152,1,2097400,1474097,1305678
1779838853.254061,spill,FileSystemStorage,2097152,1,2097400,1679016,1523172
1779838853.254719,spill,FileSystemStorage,2097152,1,2097400,1651773,1501307
1779838853.255558,spill,FileSystemStorage,2097152,1,2097400,1573095,1452066
1779838853.256280,spill,FileSystemStorage,2097152,1,2097400,1781461,1621616
1779838853.257528,spill,FileSystemStorage,2097152,1,2097400,1619317,1476702
1779838853.258431,spill,FileSystemStorage,2097152,2,4194800,3255341,3071190
1779838853.258449,spill,FileSystemStorage,2097152,1,2097400,1809980,1678779
1779838853.259473,spill,FileSystemStorage,2097152,1,2097400,1594303,1435362
1779838853.260624,spill,FileSystemStorage,2097152,1,2097400,1800865,1663538
1779838853.260702,spill,FileSystemStorage,2097152,1,2097400,1798446,1653443
1779838853.261514,spill,FileSystemStorage,2097152,1,2097400,1570731,1431843
1779838853.262654,spill,FileSystemStorage,2097152,1,2097400,1685048,1566391
1779838853.262853,spill,FileSystemStorage,2097152,1,2097400,1769112,1657436
1779838853.263460,spill,FileSystemStorage,2097152,1,2097400,1633437,1481440
1779838853.264632,spill,FileSystemStorage,2097152,1,2097400,1628540,1496511
1779838853.265177,spill,FileSystemStorage,2097152,1,2097400,1783237,1637013
1779838853.265661,spill,FileSystemStorage,2097152,1,2097400,1610431,1467281
1779838853.266711,spill,FileSystemStorage,2097152,1,2097400,1745792,1596848
1779838853.267255,spill,FileSystemStorage,2097152,1,2097400,1759890,1627640
1779838853.267586,spill,FileSystemStorage,2097152,1,2097400,1634793,1488754
1779838853.268811,spill,FileSystemStorage,2097152,1,2097400,1719459,1561641
1779838853.269201,spill,FileSystemStorage,2097152,1,2097400,1588151,1454736
1779838853.269815,spill,FileSystemStorage,2097152,1,2097400,1582437,1440392
1779838853.270890,spill,FileSystemStorage,2097152,1,2097400,1715016,1578624
1779838853.271275,spill,FileSystemStorage,2097152,1,2097400,1750500,1623083
1779838853.271840,spill,FileSystemStorage,2097152,1,2097400,1694144,1513943
1779838853.273133,spill,FileSystemStorage,2097152,1,2097400,1873383,1669892
1779838853.273323,spill,FileSystemStorage,2097152,1,2097400,1713785,1573950
1779838853.273788,spill,FileSystemStorage,2097152,1,2097400,1600341,1455370
1779838853.275271,spill,FileSystemStorage,2097152,1,2097400,1806005,1675977
1779838853.275390,spill,FileSystemStorage,2097152,1,2097400,1796055,1661278
1779838853.275601,spill,FileSystemStorage,2097152,1,2097400,1522415,1366817
1779838853.277555,spill,FileSystemStorage,2097152,1,2097400,1791809,1664660
1779838853.277566,spill,FileSystemStorage,2097152,1,2097400,1556214,1412142
1779838853.277594,spill,FileSystemStorage,2097152,1,2097400,1774849,1661579
1779838853.279551,spill,FileSystemStorage,2097152,1,2097400,1498325,1366379
1779838853.279712,spill,FileSystemStorage,2097152,1,2097400,1809358,1679696
1779838853.279799,spill,FileSystemStorage,2097152,1,2097400,1804877,1684333
1779838853.281510,spill,FileSystemStorage,2097152,1,2097400,1461718,1328847
1779838853.281865,spill,FileSystemStorage,2097152,1,2097400,1756870,1634717
1779838853.282038,spill,FileSystemStorage,2097152,1,2097400,1824390,1702847
1779838853.283278,spill,FileSystemStorage,2097152,1,2097400,1466541,1345486
1779838853.283890,spill,FileSystemStorage,2097152,1,2097400,1729386,1604985
1779838853.284101,spill,FileSystemStorage,2097152,1,2097400,1801520,1686888
1779838853.285013,spill,FileSystemStorage,2097152,1,2097400,1462283,1346422
1779838853.285851,spill,FileSystemStorage,2097152,1,2097400,1665970,1537415
1779838853.286147,spill,FileSystemStorage,2097152,1,2097400,1643665,1519277
1779838853.286544,spill,FileSystemStorage,2097152,1,2097400,1284869,1190060
1779838853.287854,spill,FileSystemStorage,2097152,1,2097400,1700653,1558604
1779838853.288090,spill,FileSystemStorage,2097152,1,2097400,1675055,1544683
1779838853.288159,spill,FileSystemStorage,2097152,1,2097400,1385187,1279591
1779838853.289804,spill,FileSystemStorage,2097152,1,2097400,1377029,1283573
1779838853.289951,spill,FileSystemStorage,2097152,1,2097400,1778167,1646716
1779838853.290134,spill,FileSystemStorage,2097152,1,2097400,1761383,1638218
1779838853.291431,spill,FileSystemStorage,2097152,1,2097400,1380034,1283008
1779838853.291922,spill,FileSystemStorage,2097152,1,2097400,1689706,1565978
1779838853.292234,spill,FileSystemStorage,2097152,1,2097400,1763659,1646757
1779838853.293092,spill,FileSystemStorage,2097152,1,2097400,1351615,1251270
1779838853.294029,spill,FileSystemStorage,2097152,1,2097400,1793475,1644342
1779838853.294163,spill,FileSystemStorage,2097152,1,2097400,1651885,1541706
1779838853.294705,spill,FileSystemStorage,2097152,1,2097400,1313181,1220830
1779838853.296064,spill,FileSystemStorage,2097152,1,2097400,1708339,1578710
1779838853.296072,spill,FileSystemStorage,2097152,1,2097400,1659528,1553192
1779838853.296476,spill,FileSystemStorage,2097152,1,2097400,1386410,1243710
1779838853.298118,spill,FileSystemStorage,2097152,1,2097400,1682939,1578970
1779838853.298171,spill,FileSystemStorage,2097152,1,2097400,1786238,1660187
1779838853.298187,spill,FileSystemStorage,2097152,1,2097400,1443903,1339901
1779838853.299945,spill,FileSystemStorage,2097152,1,2097400,1411540,1300117
1779838853.300120,spill,FileSystemStorage,2097152,1,2097400,1712703,1591572
1779838853.300280,spill,FileSystemStorage,2097152,1,2097400,1758578,1650471
1779838853.301687,spill,FileSystemStorage,2097152,1,2097400,1422895,1312870
1779838853.302204,spill,FileSystemStorage,2097152,1,2097400,1777714,1655661
1779838853.302352,spill,FileSystemStorage,2097152,1,2097400,1764620,1645430
1779838853.303423,spill,FileSystemStorage,2097152,1,2097400,1456314,1338266
1779838853.304373,spill,FileSystemStorage,2097152,1,2097400,1848851,1718785
1779838853.304408,spill,FileSystemStorage,2097152,1,2097400,1802400,1686871
1779838853.305130,spill,FileSystemStorage,2097152,1,2097400,1412635,1303767
1779838853.306517,spill,FileSystemStorage,2097152,1,2097400,1776558,1644969
1779838853.306540,spill,FileSystemStorage,2097152,1,2097400,1742282,1630718
1779838853.306714,spill,FileSystemStorage,2097152,1,2097400,1264156,1166500
1779838853.308170,spill,FileSystemStorage,2097152,1,2097400,1355716,1234935
1779838853.308362,spill,FileSystemStorage,2097152,1,2097400,1389193,1261672
1779838853.308430,spill,FileSystemStorage,2097152,1,2097400,1506190,1328088
1779838853.309778,spill,FileSystemStorage,2097152,1,2097400,1301823,1194396
1779838853.310026,spill,FileSystemStorage,2097152,1,2097400,1365483,1261801
1779838853.310181,spill,FileSystemStorage,2097152,1,2097400,1364260,1245186
1779838853.311428,spill,FileSystemStorage,2097152,1,2097400,1346989,1241266
1779838853.311762,spill,FileSystemStorage,2097152,1,2097400,1440893,1329878
1779838853.311917,spill,FileSystemStorage,2097152,1,2097400,1430869,1318175
1779838853.313176,spill,FileSystemStorage,2097152,1,2097400,1336064,1238385
1779838853.313420,spill,FileSystemStorage,2097152,1,2097400,1349406,1239876
1779838853.313639,spill,FileSystemStorage,2097152,1,2097400,1379189,1264047
1779838853.314816,spill,FileSystemStorage,2097152,1,2097400,1355363,1238586
1779838853.315095,spill,FileSystemStorage,2097152,1,2097400,1393982,1286589
1779838853.315464,spill,FileSystemStorage,2097152,1,2097400,1486220,1376524
1779838853.316477,spill,FileSystemStorage,2097152,1,2097400,1301464,1198841
1779838853.316972,spill,FileSystemStorage,2097152,1,2097400,1354437,1248394
1779838853.317209,spill,FileSystemStorage,2097152,1,2097400,1416024,1310427
1779838853.318086,spill,FileSystemStorage,2097152,1,2097400,1268303,1184309
1779838853.318611,spill,FileSystemStorage,2097152,1,2097400,1350198,1245260
1779838853.319061,spill,FileSystemStorage,2097152,1,2097400,1526994,1408419
1779838853.319904,spill,FileSystemStorage,2097152,1,2097400,1433540,1334904
1779838853.320246,spill,FileSystemStorage,2097152,1,2097400,1379100,1271585
1779838853.320807,spill,FileSystemStorage,2097152,1,2097400,1423138,1282580
1779838853.321604,spill,FileSystemStorage,2097152,1,2097400,1414448,1285205
1779838853.321898,spill,FileSystemStorage,2097152,1,2097400,1347460,1253845
1779838853.322491,spill,FileSystemStorage,2097152,1,2097400,1414371,1306920
1779838853.323308,spill,FileSystemStorage,2097152,1,2097400,1430868,1325244
1779838853.323591,spill,FileSystemStorage,2097152,1,2097400,1446186,1350497
1779838853.324250,spill,FileSystemStorage,2097152,1,2097400,1494184,1358593
1779838853.324919,spill,FileSystemStorage,2097152,1,2097400,1349309,1251268
1779838853.325279,spill,FileSystemStorage,2097152,1,2097400,1396198,1285554
1779838853.325963,spill,FileSystemStorage,2097152,1,2097400,1412004,1308478
1779838853.326510,spill,FileSystemStorage,2097152,1,2097400,1311748,1211261
1779838853.327007,spill,FileSystemStorage,2097152,1,2097400,1483568,1370615
1779838853.327702,spill,FileSystemStorage,2097152,1,2097400,1463726,1347112
1779838853.328142,spill,FileSystemStorage,2097152,1,2097400,1377194,1278153
1779838853.328986,spill,FileSystemStorage,2097152,1,2097400,1400893,1293936
1779838853.329440,spill,FileSystemStorage,2097152,1,2097400,1407032,1267857
1779838853.329792,spill,FileSystemStorage,2097152,1,2097400,1339013,1242424
1779838853.330621,spill,FileSystemStorage,2097152,1,2097400,1341801,1250224
1779838853.331161,spill,FileSystemStorage,2097152,1,2097400,1428975,1320576
1779838853.331502,spill,FileSystemStorage,2097152,1,2097400,1456089,1351408
1779838853.332347,spill,FileSystemStorage,2097152,1,2097400,1377049,1245467
1779838853.333073,spill,FileSystemStorage,2097152,1,2097400,1453536,1305697
1779838853.333215,spill,FileSystemStorage,2097152,1,2097400,1387984,1292007
1779838853.333940,spill,FileSystemStorage,2097152,1,2097400,1312737,1197675
1779838853.334760,spill,FileSystemStorage,2097152,1,2097400,1406085,1308802
1779838853.334931,spill,FileSystemStorage,2097152,1,2097400,1454721,1336273
1779838853.335560,spill,FileSystemStorage,2097152,1,2097400,1383550,1265142
1779838853.336426,spill,FileSystemStorage,2097152,1,2097400,1355205,1234932
1779838853.336819,spill,FileSystemStorage,2097152,1,2097400,1473750,1373271
1779838853.337205,spill,FileSystemStorage,2097152,1,2097400,1378150,1279246
1779838853.338096,spill,FileSystemStorage,2097152,1,2097400,1406725,1308374
1779838853.338576,spill,FileSystemStorage,2097152,1,2097400,1479231,1377987
1779838853.339194,spill,FileSystemStorage,2097152,1,2097400,1481683,1388019
1779838853.339962,spill,FileSystemStorage,2097152,1,2097400,1445932,1311681
1779838853.340921,spill,FileSystemStorage,2097152,1,2097400,1386351,1292342
1779838853.341645,spill,FileSystemStorage,2097152,1,2097400,1335387,1235611
1779838853.342553,spill,FileSystemStorage,2097152,1,2097400,1399004,1282996
1779838853.343342,spill,FileSystemStorage,2097152,1,2097400,1450551,1353574
1779838853.344276,spill,FileSystemStorage,2097152,1,2097400,1508963,1400219
1779838853.345238,spill,FileSystemStorage,2097152,1,2097400,1493518,1363227
1779838853.346016,spill,FileSystemStorage,2097152,1,2097400,1393613,1267999
1779838853.346752,spill,FileSystemStorage,2097152,1,2097400,1373617,1271809
1779838853.347478,spill,FileSystemStorage,2097152,1,2097400,1350704,1244235
1779838853.348352,spill,FileSystemStorage,2097152,1,2097400,1320411,1167444
1779838853.349392,spill,FileSystemStorage,2097152,1,2097400,1338030,1224292
1779838853.349977,spill,FileSystemStorage,2097152,1,2097400,1348338,1225013
1779838853.350771,spill,FileSystemStorage,2097152,1,2097400,1388197,1271069
1779838853.351610,spill,FileSystemStorage,2097152,1,2097400,1468627,1364222
1779838853.352385,spill,FileSystemStorage,2097152,1,2097400,1365622,1252968
1779838853.353267,spill,FileSystemStorage,2097152,1,2097400,1319706,1206922
1779838853.354098,spill,FileSystemStorage,2097152,1,2097400,1357737,1256000
1779838853.354996,spill,FileSystemStorage,2097152,1,2097400,1418438,1295608
1779838853.355833,spill,FileSystemStorage,2097152,1,2097400,1458123,1350380
1779838853.356990,spill,FileSystemStorage,2097152,1,2097400,1374472,1251469
1779838853.357800,spill,FileSystemStorage,2097152,1,2097400,1380311,1275695
1779838853.358683,spill,FileSystemStorage,2097152,1,2097400,1402877,1257987
1779838853.359435,spill,FileSystemStorage,2097152,1,2097400,1419136,1305844
1779838853.360279,spill,FileSystemStorage,2097152,1,2097400,1413331,1280872
1779838853.361221,spill,FileSystemStorage,2097152,1,2097400,1367178,1248550
1779838853.362097,spill,FileSystemStorage,2097152,1,2097400,1359714,1254166
1779838853.363002,spill,FileSystemStorage,2097152,1,2097400,1418322,1287870
1779838853.363793,spill,FileSystemStorage,2097152,1,2097400,1371718,1257058
1779838853.365026,spill,FileSystemStorage,2097152,1,2097400,1292893,1143462
1779838853.365723,spill,FileSystemStorage,2097152,1,2097400,1369055,1249643
1779838853.366577,spill,FileSystemStorage,2097152,1,2097400,1409700,1287185
1779838853.367432,spill,FileSystemStorage,2097152,1,2097400,1458916,1340389
1779838853.368245,spill,FileSystemStorage,2097152,1,2097400,1315944,1188178
1779838853.369112,spill,FileSystemStorage,2097152,1,2097400,1289555,1180410
1779838853.369931,spill,FileSystemStorage,2097152,1,2097400,1303033,1194665
1779838853.370892,spill,FileSystemStorage,2097152,1,2097400,1438140,1279130
1779838853.371549,spill,FileSystemStorage,2097152,1,2097400,1462510,1355807
1779838853.372427,spill,FileSystemStorage,2097152,1,2097400,1472757,1295130
1779838853.373338,spill,FileSystemStorage,2097152,1,2097400,1322910,1196798
1779838853.374045,spill,FileSystemStorage,2097152,1,2097400,1344475,1226322
1779838853.375130,spill,FileSystemStorage,2097152,1,2097400,1577699,1405928
1779838853.375799,spill,FileSystemStorage,2097152,1,2097400,1474529,1361017
1779838853.376681,spill,FileSystemStorage,2097152,1,2097400,1331546,1179530
1779838853.377496,spill,FileSystemStorage,2097152,1,2097400,1474499,1322825
1779838853.378300,spill,FileSystemStorage,2097152,1,2097400,1428510,1260080
1779838853.378858,spill,FileSystemStorage,2097152,1,2097400,1462569,1355899
1779838853.379761,spill,FileSystemStorage,2097152,1,2097400,1583244,1435016
1779838853.380436,spill,FileSystemStorage,2097152,1,2097400,1365692,1243501
1779838853.381287,spill,FileSystemStorage,2097152,1,2097400,1331343,1217507
1779838853.382158,spill,FileSystemStorage,2097152,1,2097400,1533620,1387846
1779838853.382937,spill,FileSystemStorage,2097152,1,2097400,1474300,1341293
1779838853.383620,spill,FileSystemStorage,2097152,1,2097400,1448946,1342985
1779838853.384565,spill,FileSystemStorage,2097152,1,2097400,1526949,1380613
1779838853.385208,spill,FileSystemStorage,2097152,1,2097400,1294342,1184319
1779838853.386008,spill,FileSystemStorage,2097152,1,2097400,1368406,1262967
1779838853.386940,spill,FileSystemStorage,2097152,1,2097400,1552451,1389175
1779838853.387671,spill,FileSystemStorage,2097152,1,2097400,1396868,1288038
1779838853.388366,spill,FileSystemStorage,2097152,1,2097400,1324896,1213854
1779838853.389414,spill,FileSystemStorage,2097152,1,2097400,1432106,1294901
1779838853.390225,spill,FileSystemStorage,2097152,1,2097400,1404007,1307044
1779838853.391050,spill,FileSystemStorage,2097152,1,2097400,1472155,1306684
1779838853.391910,spill,FileSystemStorage,2097152,1,2097400,1625058,1468571
1779838853.392547,spill,FileSystemStorage,2097152,1,2097400,1342425,1232954
1779838853.393361,spill,FileSystemStorage,2097152,1,2097400,1361151,1200470
1779838853.394140,spill,FileSystemStorage,2097152,1,2097400,1512589,1365907
1779838853.395002,spill,FileSystemStorage,2097152,1,2097400,1458812,1285866
1779838853.395796,spill,FileSystemStorage,2097152,1,2097400,1421751,1301053
1779838853.396703,spill,FileSystemStorage,2097152,1,2097400,1536157,1385251
1779838853.397270,spill,FileSystemStorage,2097152,1,2097400,1318813,1206654
1779838853.398071,spill,FileSystemStorage,2097152,1,2097400,1381899,1256353
1779838853.399074,spill,FileSystemStorage,2097152,1,2097400,1531395,1383858
1779838853.399685,spill,FileSystemStorage,2097152,1,2097400,1350569,1239779
1779838853.400966,spill,FileSystemStorage,2097152,1,2097400,1332861,1181646
1779838853.401431,spill,FileSystemStorage,2097152,1,2097400,1467529,1320726
1779838853.402104,spill,FileSystemStorage,2097152,1,2097400,1313237,1214497
1779838853.403258,spill,FileSystemStorage,2097152,1,2097400,1449603,1335293
1779838853.403817,spill,FileSystemStorage,2097152,1,2097400,1310686,1216003
1779838853.405150,spill,FileSystemStorage,2097152,1,2097400,1378042,1227283
1779838853.405781,spill,FileSystemStorage,2097152,1,2097400,1398102,1245605
1779838853.406688,spill,FileSystemStorage,2097152,1,2097400,1573333,1426487
1779838853.407435,spill,FileSystemStorage,2097152,1,2097400,1526065,1410075
1779838853.408133,spill,FileSystemStorage,2097152,1,2097400,1421976,1288495
1779838853.409297,spill,FileSystemStorage,2097152,1,2097400,1454437,1311544
1779838853.410032,spill,FileSystemStorage,2097152,1,2097400,1349769,1235699
1779838853.410789,spill,FileSystemStorage,2097152,1,2097400,1472450,1357664
1779838853.411688,spill,FileSystemStorage,2097152,1,2097400,1589590,1451001
1779838853.412245,spill,FileSystemStorage,2097152,1,2097400,1358727,1221205
1779838853.413508,spill,FileSystemStorage,2097152,1,2097400,1362400,1202230
1779838853.414127,spill,FileSystemStorage,2097152,1,2097400,1383558,1198324
1779838853.415082,spill,FileSystemStorage,2097152,1,2097400,1603292,1451793
1779838853.415826,spill,FileSystemStorage,2097152,1,2097400,1464380,1345810
1779838853.416634,spill,FileSystemStorage,2097152,1,2097400,1318597,1202523
1779838853.417398,spill,FileSystemStorage,2097152,1,2097400,1414207,1265239
1779838853.418143,spill,FileSystemStorage,2097152,1,2097400,1384475,1248236
1779838853.418853,spill,FileSystemStorage,2097152,1,2097400,1333627,1228878
1779838853.419618,spill,FileSystemStorage,2097152,1,2097400,1411358,1295703
1779838853.420426,spill,FileSystemStorage,2097152,1,2097400,1413164,1294706
1779838853.421137,spill,FileSystemStorage,2097152,1,2097400,1321898,1210571
1779838853.421882,spill,FileSystemStorage,2097152,1,2097400,1306553,1204017
1779838853.422760,spill,FileSystemStorage,2097152,1,2097400,1325588,1224706
1779838853.423602,spill,FileSystemStorage,2097152,1,2097400,1369268,1267040
1779838853.424730,spill,FileSystemStorage,2097152,1,2097400,1349397,1192292
1779838853.425809,spill,FileSystemStorage,2097152,1,2097400,1579244,1416078
1779838853.426591,spill,FileSystemStorage,2097152,1,2097400,1424353,1265073
1779838853.427177,spill,FileSystemStorage,2097152,1,2097400,1440882,1331523
1779838853.428068,spill,FileSystemStorage,2097152,1,2097400,1529114,1382656
1779838853.428920,spill,FileSystemStorage,2097152,1,2097400,1301579,1206175
1779838853.429837,spill,FileSystemStorage,2097152,1,2097400,1381244,1243278
1779838853.430651,spill,FileSystemStorage,2097152,1,2097400,1465084,1310755
1779838853.431389,spill,FileSystemStorage,2097152,1,2097400,1418410,1310266
1779838853.432288,spill,FileSystemStorage,2097152,1,2097400,1525896,1384935
1779838853.433464,spill,FileSystemStorage,2097152,1,2097400,1477157,1186510
1779838853.434174,spill,FileSystemStorage,2097152,1,2097400,1474567,1336707
1779838853.435022,spill,FileSystemStorage,2097152,1,2097400,1448747,1319072
1779838853.435770,spill,FileSystemStorage,2097152,1,2097400,1363036,1247201
1779838853.436689,spill,FileSystemStorage,2097152,1,2097400,1516091,1373889
1779838853.437584,spill,FileSystemStorage,2097152,1,2097400,1298041,1187326
1779838853.438425,spill,FileSystemStorage,2097152,1,2097400,1450306,1322462
1779838853.439376,spill,FileSystemStorage,2097152,1,2097400,1644530,1502652
1779838853.439936,spill,FileSystemStorage,2097152,1,2097400,1415944,1305404
1779838853.440856,spill,FileSystemStorage,2097152,1,2097400,1374717,1251122
1779838853.441539,spill,FileSystemStorage,2097152,1,2097400,1434482,1286510
1779838853.442147,spill,FileSystemStorage,2097152,1,2097400,1362671,1267430
1779838853.443037,spill,FileSystemStorage,2097152,1,2097400,1520463,1400526
1779838853.443983,spill,FileSystemStorage,2097152,1,2097400,1646579,1498070
1779838853.444743,spill,FileSystemStorage,2097152,1,2097400,1355262,1253398
1779838853.447098,spill,FileSystemStorage,2097152,1,2097400,1514429,1414272
1779838853.447806,spill,FileSystemStorage,2097152,2,4194800,3024616,2848721
1779838853.447855,spill,FileSystemStorage,2097152,1,2097400,1504980,1388333
1779838853.448960,spill,FileSystemStorage,2097152,1,2097400,1287829,1191391
1779838853.449947,spill,FileSystemStorage,2097152,1,2097400,1380995,1272795
1779838853.450849,spill,FileSystemStorage,2097152,1,2097400,1500748,1391245
1779838853.451949,spill,FileSystemStorage,2097152,1,2097400,1716252,1507760
1779838853.452831,spill,FileSystemStorage,2097152,1,2097400,1432567,1306083
1779838853.453598,spill,FileSystemStorage,2097152,1,2097400,1282587,1169554
1779838853.454451,spill,FileSystemStorage,2097152,1,2097400,1573566,1390436
1779838853.455159,spill,FileSystemStorage,2097152,1,2097400,1424087,1319280
1779838853.456039,spill,FileSystemStorage,2097152,1,2097400,1537766,1440659
1779838853.456825,spill,FileSystemStorage,2097152,1,2097400,1310545,1203907
1779838853.457833,spill,FileSystemStorage,2097152,1,2097400,1501796,1352396
1779838853.458579,spill,FileSystemStorage,2097152,1,2097400,1352353,1254222
1779838853.459373,spill,FileSystemStorage,2097152,1,2097400,1409487,1302415
1779838853.460251,spill,FileSystemStorage,2097152,1,2097400,1516388,1366219
1779838853.461041,spill,FileSystemStorage,2097152,1,2097400,1360345,1258518
1779838853.461985,spill,FileSystemStorage,2097152,1,2097400,1411424,1231136
1779838853.462757,spill,FileSystemStorage,2097152,1,2097400,1505618,1358993
1779838853.463468,spill,FileSystemStorage,2097152,1,2097400,1388466,1281792
1779838853.464180,spill,FileSystemStorage,2097152,1,2097400,1279283,1086201
1779838853.465294,spill,FileSystemStorage,2097152,1,2097400,1244571,1143710
1779838853.465909,spill,FileSystemStorage,2097152,1,2097400,1384214,1278661
1779838853.466794,spill,FileSystemStorage,2097152,1,2097400,1505792,1356550
1779838853.467535,spill,FileSystemStorage,2097152,1,2097400,1400634,1291718
1779838853.468440,spill,FileSystemStorage,2097152,1,2097400,1447050,1296920
1779838853.469369,spill,FileSystemStorage,2097152,1,2097400,1419425,1274840
1779838853.470123,spill,FileSystemStorage,2097152,1,2097400,1400604,1261725
1779838853.470885,spill,FileSystemStorage,2097152,1,2097400,1412173,1300831
1779838853.471756,spill,FileSystemStorage,2097152,1,2097400,1521065,1378149
1779838853.472762,spill,FileSystemStorage,2097152,1,2097400,1335456,1186387
1779838853.473411,spill,FileSystemStorage,2097152,1,2097400,1299938,1173662
1779838853.474166,spill,FileSystemStorage,2097152,1,2097400,1459420,1315101
1779838853.474930,spill,FileSystemStorage,2097152,1,2097400,1446870,1305263
1779838853.475728,spill,FileSystemStorage,2097152,1,2097400,1434303,1317722
1779838853.476570,spill,FileSystemStorage,2097152,1,2097400,1477337,1332168
1779838853.477560,spill,FileSystemStorage,2097152,1,2097400,1484259,1333583
1779838853.478134,spill,FileSystemStorage,2097152,1,2097400,1377102,1263113
1779838853.479005,spill,FileSystemStorage,2097152,1,2097400,1525344,1362224
1779838853.479755,spill,FileSystemStorage,2097152,1,2097400,1436505,1317774
1779838853.480638,spill,FileSystemStorage,2097152,1,2097400,1413789,1298313
1779838853.481469,spill,FileSystemStorage,2097152,1,2097400,1503549,1360048
1779838853.482264,spill,FileSystemStorage,2097152,1,2097400,1345134,1229628
1779838853.483070,spill,FileSystemStorage,2097152,1,2097400,1404345,1295307
1779838853.483897,spill,FileSystemStorage,2097152,1,2097400,1491696,1354562
1779838853.485083,spill,FileSystemStorage,2097152,1,2097400,1385794,1233413
1779838853.485792,spill,FileSystemStorage,2097152,1,2097400,1444183,1299221
1779838853.486427,spill,FileSystemStorage,2097152,1,2097400,1398250,1289729
1779838853.487223,spill,FileSystemStorage,2097152,1,2097400,1432059,1322606
1779838853.488154,spill,FileSystemStorage,2097152,1,2097400,1563125,1420301
1779838853.488878,spill,FileSystemStorage,2097152,1,2097400,1312480,1201595
1779838853.489664,spill,FileSystemStorage,2097152,1,2097400,1323889,1207807
1779838853.490550,spill,FileSystemStorage,2097152,1,2097400,1468148,1321672
1779838853.491519,spill,FileSystemStorage,2097152,1,2097400,1553022,1445985
1779838853.492158,spill,FileSystemStorage,2097152,1,2097400,1382142,1270976
1779838853.493374,spill,FileSystemStorage,2097152,1,2097400,1576522,1445678
1779838853.494286,spill,FileSystemStorage,2097152,1,2097400,1252530,1153820
1779838853.495123,spill,FileSystemStorage,2097152,1,2097400,1487415,1358721
1779838853.495977,spill,FileSystemStorage,2097152,1,2097400,1521809,1380103
1779838853.497025,spill,FileSystemStorage,2097152,1,2097400,1247671,1098241
1779838853.499390,spill,FileSystemStorage,2097152,1,2097400,1465917,1340609
1779838853.499934,spill,FileSystemStorage,2097152,2,4194800,2823799,2610893
1779838853.500108,spill,FileSystemStorage,2097152,1,2097400,1412831,1257671
1779838853.501699,spill,FileSystemStorage,2097152,1,2097400,1414205,1259855
1779838853.501974,spill,FileSystemStorage,2097152,1,2097400,1519259,1372362
1779838853.502600,spill,FileSystemStorage,2097152,1,2097400,1409501,1277744
1779838853.503560,spill,FileSystemStorage,2097152,1,2097400,1461157,1340791
1779838853.504239,spill,FileSystemStorage,2097152,1,2097400,1526753,1384494
1779838853.505165,spill,FileSystemStorage,2097152,1,2097400,1355515,1205258
1779838853.505870,spill,FileSystemStorage,2097152,1,2097400,1350906,1204058
1779838853.506729,spill,FileSystemStorage,2097152,1,2097400,1536021,1393817
1779838853.507450,spill,FileSystemStorage,2097152,1,2097400,1440542,1317497
1779838853.508120,spill,FileSystemStorage,2097152,1,2097400,1324185,1210708
1779838853.509239,spill,FileSystemStorage,2097152,1,2097400,1477562,1329416
1779838853.510068,spill,FileSystemStorage,2097152,1,2097400,1325170,1169203
1779838853.510616,spill,FileSystemStorage,2097152,1,2097400,1348699,1232897
1779838853.511513,spill,FileSystemStorage,2097152,1,2097400,1576947,1417203
1779838853.512123,spill,FileSystemStorage,2097152,1,2097400,1378627,1260323
1779838853.513167,spill,FileSystemStorage,2097152,1,2097400,1347131,1193254
1779838853.513920,spill,FileSystemStorage,2097152,1,2097400,1354522,1208308
1779838853.514859,spill,FileSystemStorage,2097152,1,2097400,1534022,1364671
1779838853.515525,spill,FileSystemStorage,2097152,1,2097400,1413195,1295490
1779838853.516285,spill,FileSystemStorage,2097152,1,2097400,1404053,1261181
1779838853.517387,spill,FileSystemStorage,2097152,1,2097400,1597136,1454029
1779838853.518055,spill,FileSystemStorage,2097152,1,2097400,1431773,1252331
1779838853.518827,spill,FileSystemStorage,2097152,1,2097400,1391684,1286967
1779838853.519560,spill,FileSystemStorage,2097152,240,503376000,308333907,303391690
1779838853.519719,spill,FileSystemStorage,2097152,1,2097400,1440635,1293203
1779838853.520688,spill,FileSystemStorage,2097152,1,2097400,1238807,1104890
1779838853.521312,spill,FileSystemStorage,2097152,1,2097400,1283740,1171744
1779838853.728782,spill,FileSystemStorage,2097152,1,2097400,1334637,1092198
1779838853.729969,spill,FileSystemStorage,2097152,1,2097400,1374251,1163016
1779838853.731965,spill,FileSystemStorage,2097152,1,2097400,1604925,1384636
1779838853.732219,spill,FileSystemStorage,2097152,2,4194800,2702807,2524050
1779838853.732735,spill,FileSystemStorage,2097152,1,2097400,1365463,1188414
1779838853.733970,spill,FileSystemStorage,2097152,1,2097400,1599913,1422822
1779838853.734079,spill,FileSystemStorage,2097152,1,2097400,1441307,1308504
1779838853.734825,spill,FileSystemStorage,2097152,1,2097400,1430772,1280525
1779838853.736032,spill,FileSystemStorage,2097152,1,2097400,1603629,1424807
1779838853.736548,spill,FileSystemStorage,2097152,1,2097400,1505494,1331715
1779838853.737321,spill,FileSystemStorage,2097152,1,2097400,1342614,1223892
1779838853.738270,spill,FileSystemStorage,2097152,1,2097400,1624169,1463545
1779838853.738963,spill,FileSystemStorage,2097152,1,2097400,1525481,1381529
1779838853.739719,spill,FileSystemStorage,2097152,1,2097400,1451808,1340526
1779838853.740764,spill,FileSystemStorage,2097152,1,2097400,1674216,1522662
1779838853.741536,spill,FileSystemStorage,2097152,1,2097400,1458894,1326498
1779838853.742077,spill,FileSystemStorage,2097152,1,2097400,1365981,1262243
1779838853.743199,spill,FileSystemStorage,2097152,1,2097400,1728019,1573772
1779838853.743778,spill,FileSystemStorage,2097152,1,2097400,1512141,1386556
1779838853.744389,spill,FileSystemStorage,2097152,1,2097400,1355543,1232910
1779838853.745589,spill,FileSystemStorage,2097152,1,2097400,1700255,1519576
1779838853.746469,spill,FileSystemStorage,2097152,1,2097400,1406899,1296120
1779838853.747230,spill,FileSystemStorage,2097152,1,2097400,1532608,1391538
1779838853.748132,spill,FileSystemStorage,2097152,1,2097400,1618525,1456813
1779838853.748957,spill,FileSystemStorage,2097152,1,2097400,1337213,1221451
1779838853.749813,spill,FileSystemStorage,2097152,1,2097400,1451935,1328735
1779838853.750714,spill,FileSystemStorage,2097152,1,2097400,1645455,1486448
1779838853.751350,spill,FileSystemStorage,2097152,1,2097400,1522330,1418476
1779838853.752048,spill,FileSystemStorage,2097152,1,2097400,1430212,1317572
1779838853.753215,spill,FileSystemStorage,2097152,1,2097400,1553860,1395332
1779838853.753808,spill,FileSystemStorage,2097152,1,2097400,1365406,1266791
1779838853.754688,spill,FileSystemStorage,2097152,1,2097400,1473927,1358698
1779838853.755668,spill,FileSystemStorage,2097152,1,2097400,1704051,1552460
1779838853.756356,spill,FileSystemStorage,2097152,1,2097400,1402376,1245566
1779838853.757362,spill,FileSystemStorage,2097152,1,2097400,1501556,1335320
1779838853.758184,spill,FileSystemStorage,2097152,1,2097400,1604435,1451293
1779838853.758846,spill,FileSystemStorage,2097152,1,2097400,1415082,1308204
1779838853.759711,spill,FileSystemStorage,2097152,1,2097400,1509223,1391029
1779838853.760657,spill,FileSystemStorage,2097152,1,2097400,1701769,1523108
1779838853.761239,spill,FileSystemStorage,2097152,1,2097400,1442466,1328841
1779838853.762100,spill,FileSystemStorage,2097152,1,2097400,1504691,1382343
1779838853.763690,spill,FileSystemStorage,2097152,1,2097400,1311991,1202854
1779838853.764713,spill,FileSystemStorage,2097152,1,2097400,1538802,1246231
1779838853.765663,spill,FileSystemStorage,2097152,1,2097400,1630436,1474091
1779838853.766283,spill,FileSystemStorage,2097152,1,2097400,1396770,1280497
1779838853.767103,spill,FileSystemStorage,2097152,1,2097400,1495381,1379713
1779838853.768014,spill,FileSystemStorage,2097152,1,2097400,1628885,1470676
1779838853.768582,spill,FileSystemStorage,2097152,1,2097400,1375640,1276196
1779838853.769447,spill,FileSystemStorage,2097152,1,2097400,1474010,1365655
1779838853.770364,spill,FileSystemStorage,2097152,1,2097400,1622057,1457830
1779838853.771014,spill,FileSystemStorage,2097152,1,2097400,1529657,1401465
1779838853.771698,spill,FileSystemStorage,2097152,1,2097400,1376546,1272523
1779838853.772682,spill,FileSystemStorage,2097152,1,2097400,1535695,1416080
1779838853.773276,spill,FileSystemStorage,2097152,1,2097400,1283199,1190415
1779838853.774116,spill,FileSystemStorage,2097152,1,2097400,1393709,1285072
1779838853.774873,spill,FileSystemStorage,2097152,1,2097400,1461708,1350971
1779838853.775625,spill,FileSystemStorage,2097152,1,2097400,1405301,1315289
1779838853.776470,spill,FileSystemStorage,2097152,1,2097400,1438111,1312639
1779838853.777236,spill,FileSystemStorage,2097152,1,2097400,1346473,1239244
1779838853.777975,spill,FileSystemStorage,2097152,1,2097400,1320360,1229735
1779838853.778841,spill,FileSystemStorage,2097152,1,2097400,1439134,1332670
1779838853.779832,spill,FileSystemStorage,2097152,1,2097400,1566170,1458011
1779838853.780406,spill,FileSystemStorage,2097152,1,2097400,1366110,1268943
1779838853.781276,spill,FileSystemStorage,2097152,1,2097400,1395088,1280938
1779838853.782171,spill,FileSystemStorage,2097152,1,2097400,1543530,1436530
1779838853.782790,spill,FileSystemStorage,2097152,1,2097400,1388067,1303258
1779838853.783626,spill,FileSystemStorage,2097152,1,2097400,1445755,1345429
1779838853.784351,spill,FileSystemStorage,2097152,1,2097400,1472685,1349368
1779838853.785087,spill,FileSystemStorage,2097152,1,2097400,1369652,1273884
1779838853.785994,spill,FileSystemStorage,2097152,1,2097400,1448634,1347140
1779838853.786786,spill,FileSystemStorage,2097152,1,2097400,1478830,1367695
1779838853.787525,spill,FileSystemStorage,2097152,1,2097400,1413855,1324126
1779838853.788308,spill,FileSystemStorage,2097152,1,2097400,1463440,1349300
1779838853.789245,spill,FileSystemStorage,2097152,1,2097400,1459189,1352089
1779838853.789882,spill,FileSystemStorage,2097152,1,2097400,1340862,1240579
1779838853.790778,spill,FileSystemStorage,2097152,1,2097400,1468460,1374878
1779838853.791748,spill,FileSystemStorage,2097152,1,2097400,1656043,1541633
1779838853.792751,spill,FileSystemStorage,2097152,1,2097400,1387857,1282870
1779838853.793612,spill,FileSystemStorage,2097152,1,2097400,1509649,1402755
1779838853.794506,spill,FileSystemStorage,2097152,1,2097400,1461349,1303693
1779838853.795333,spill,FileSystemStorage,2097152,1,2097400,1471184,1365529
1779838853.796139,spill,FileSystemStorage,2097152,1,2097400,1551800,1430884
1779838853.797074,spill,FileSystemStorage,2097152,1,2097400,1328011,1167812
1779838853.797681,spill,FileSystemStorage,2097152,1,2097400,1324491,1222539
1779838853.798557,spill,FileSystemStorage,2097152,1,2097400,1483023,1357197
1779838853.799299,spill,FileSystemStorage,2097152,1,2097400,1446038,1338083
1779838853.800043,spill,FileSystemStorage,2097152,1,2097400,1389701,1280548
1779838853.801142,spill,FileSystemStorage,2097152,1,2097400,1520257,1398683
1779838853.801754,spill,FileSystemStorage,2097152,1,2097400,1361495,1260823
1779838853.802494,spill,FileSystemStorage,2097152,1,2097400,1344690,1246373
1779838853.803454,spill,FileSystemStorage,2097152,1,2097400,1569193,1450473
1779838853.804130,spill,FileSystemStorage,2097152,1,2097400,1509616,1376922
1779838853.804988,spill,FileSystemStorage,2097152,1,2097400,1378766,1262489
1779838853.805874,spill,FileSystemStorage,2097152,1,2097400,1474311,1360555
1779838853.806668,spill,FileSystemStorage,2097152,1,2097400,1514493,1416755
1779838853.807506,spill,FileSystemStorage,2097152,1,2097400,1482231,1383270
1779838853.808464,spill,FileSystemStorage,2097152,1,2097400,1599145,1439794
1779838853.809105,spill,FileSystemStorage,2097152,1,2097400,1334487,1213368
1779838853.809849,spill,FileSystemStorage,2097152,1,2097400,1346785,1246600
1779838853.810759,spill,FileSystemStorage,2097152,1,2097400,1487085,1376217
1779838853.811550,spill,FileSystemStorage,2097152,1,2097400,1526818,1418445
1779838853.812261,spill,FileSystemStorage,2097152,1,2097400,1403489,1274833
1779838853.813209,spill,FileSystemStorage,2097152,1,2097400,1478265,1365141
1779838853.813874,spill,FileSystemStorage,2097152,1,2097400,1429198,1317847
1779838853.814587,spill,FileSystemStorage,2097152,1,2097400,1424018,1320192
1779838853.815520,spill,FileSystemStorage,2097152,1,2097400,1576276,1471707
1779838853.816143,spill,FileSystemStorage,2097152,1,2097400,1400083,1289473
1779838853.817055,spill,FileSystemStorage,2097152,1,2097400,1342798,1238076
1779838853.818038,spill,FileSystemStorage,2097152,1,2097400,1425708,1276871
1779838853.818600,spill,FileSystemStorage,2097152,1,2097400,1419549,1308587
1779838853.819403,spill,FileSystemStorage,2097152,1,2097400,1440171,1333346
1779838853.820205,spill,FileSystemStorage,2097152,1,2097400,1424287,1299031
1779838853.821125,spill,FileSystemStorage,2097152,1,2097400,1439221,1332029
1779838853.821776,spill,FileSystemStorage,2097152,1,2097400,1372915,1270931
1779838853.822576,spill,FileSystemStorage,2097152,1,2097400,1384367,1274876
1779838853.823503,spill,FileSystemStorage,2097152,1,2097400,1498648,1394238
1779838853.824170,spill,FileSystemStorage,2097152,1,2097400,1381525,1271666
1779838853.825124,spill,FileSystemStorage,2097152,1,2097400,1314075,1169144
1779838853.825917,spill,FileSystemStorage,2097152,1,2097400,1420739,1320741
1779838853.826677,spill,FileSystemStorage,2097152,1,2097400,1374628,1258891
1779838853.827677,spill,FileSystemStorage,2097152,1,2097400,1559934,1420689
1779838853.828443,spill,FileSystemStorage,2097152,1,2097400,1444229,1321278
1779838853.829183,spill,FileSystemStorage,2097152,1,2097400,1298201,1194531
1779838853.829929,spill,FileSystemStorage,2097152,1,2097400,1267896,1154356
1779838853.831138,spill,FileSystemStorage,2097152,1,2097400,1506768,1386704
1779838853.831638,spill,FileSystemStorage,2097152,1,2097400,1444383,1350395
1779838853.832782,spill,FileSystemStorage,2097152,1,2097400,1386028,1231724
1779838853.833302,spill,FileSystemStorage,2097152,1,2097400,1383330,1280069
1779838853.834095,spill,FileSystemStorage,2097152,1,2097400,1460075,1335143
1779838853.835016,spill,FileSystemStorage,2097152,1,2097400,1511402,1375095
1779838853.835644,spill,FileSystemStorage,2097152,1,2097400,1461958,1345483
1779838853.836344,spill,FileSystemStorage,2097152,1,2097400,1281547,1177076
1779838853.837277,spill,FileSystemStorage,2097152,1,2097400,1367946,1237959
1779838853.838287,spill,FileSystemStorage,2097152,1,2097400,1356840,1266846
1779838853.839132,spill,FileSystemStorage,2097152,1,2097400,1423440,1316375
1779838853.839969,spill,FileSystemStorage,2097152,1,2097400,1441229,1317016
1779838853.840599,spill,FileSystemStorage,2097152,1,2097400,1256337,1156581
1779838853.841220,spill,FileSystemStorage,2097152,1,2097400,1221754,1112989
1779838853.842005,spill,FileSystemStorage,2097152,1,2097400,1338161,1224985
1779838853.842806,spill,FileSystemStorage,2097152,1,2097400,1377279,1293146
1779838853.843634,spill,FileSystemStorage,2097152,1,2097400,1420615,1316976
1779838853.844630,spill,FileSystemStorage,2097152,1,2097400,1460228,1280993
1779838853.845386,spill,FileSystemStorage,2097152,1,2097400,1374097,1265214
1779838853.846368,spill,FileSystemStorage,2097152,1,2097400,1540873,1389796
1779838853.847047,spill,FileSystemStorage,2097152,1,2097400,1476305,1375139
1779838853.847901,spill,FileSystemStorage,2097152,1,2097400,1479626,1350187
1779838853.849013,spill,FileSystemStorage,2097152,1,2097400,1363072,1234709
1779838853.849575,spill,FileSystemStorage,2097152,1,2097400,1279398,1179317
1779838853.850379,spill,FileSystemStorage,2097152,1,2097400,1356635,1232933
1779838853.851311,spill,FileSystemStorage,2097152,1,2097400,1526096,1414944
1779838853.851979,spill,FileSystemStorage,2097152,1,2097400,1391378,1296678
1779838853.853106,spill,FileSystemStorage,2097152,1,2097400,1419701,1302027
1779838853.854000,spill,FileSystemStorage,2097152,1,2097400,1300023,1187840
1779838853.854718,spill,FileSystemStorage,2097152,1,2097400,1380590,1268630
1779838853.855533,spill,FileSystemStorage,2097152,1,2097400,1432769,1327339
1779838853.856204,spill,FileSystemStorage,2097152,1,2097400,1351364,1240001
1779838853.857332,spill,FileSystemStorage,2097152,1,2097400,1446095,1326301
1779838853.857919,spill,FileSystemStorage,2097152,1,2097400,1290948,1202324
1779838853.858799,spill,FileSystemStorage,2097152,1,2097400,1415750,1301361
1779838853.859759,spill,FileSystemStorage,2097152,1,2097400,1425371,1321823
1779838853.860502,spill,FileSystemStorage,2097152,1,2097400,1435365,1319130
1779838853.861203,spill,FileSystemStorage,2097152,1,2097400,1330122,1216208
1779838853.861978,spill,FileSystemStorage,2097152,1,2097400,1333080,1234415
1779838853.862948,spill,FileSystemStorage,2097152,1,2097400,1493226,1368570
1779838853.863648,spill,FileSystemStorage,2097152,1,2097400,1409991,1300988
1779838853.864474,spill,FileSystemStorage,2097152,1,2097400,1449742,1343767
1779838853.865375,spill,FileSystemStorage,2097152,1,2097400,1384203,1282665
1779838853.865957,spill,FileSystemStorage,2097152,1,2097400,1333826,1230591
1779838853.866769,spill,FileSystemStorage,2097152,1,2097400,1343943,1238826
1779838853.867790,spill,FileSystemStorage,2097152,1,2097400,1493738,1383481
1779838853.868457,spill,FileSystemStorage,2097152,1,2097400,1399369,1290367
1779838853.869218,spill,FileSystemStorage,2097152,1,2097400,1273929,1164745
1779838853.870086,spill,FileSystemStorage,2097152,1,2097400,1403908,1290361
1779838853.870861,spill,FileSystemStorage,2097152,1,2097400,1394787,1286878
1779838853.871788,spill,FileSystemStorage,2097152,1,2097400,1462399,1346887
1779838853.872550,spill,FileSystemStorage,2097152,1,2097400,1440440,1320097
1779838853.873172,spill,FileSystemStorage,2097152,1,2097400,1312316,1202274
1779838853.874037,spill,FileSystemStorage,2097152,1,2097400,1432481,1323589
1779838853.874890,spill,FileSystemStorage,2097152,1,2097400,1572519,1465430
1779838853.875485,spill,FileSystemStorage,2097152,1,2097400,1373194,1256933
1779838853.876494,spill,FileSystemStorage,2097152,1,2097400,1475062,1313875
1779838853.877164,spill,FileSystemStorage,2097152,1,2097400,1317689,1216281
1779838853.878099,spill,FileSystemStorage,2097152,1,2097400,1443246,1318983
1779838853.878805,spill,FileSystemStorage,2097152,1,2097400,1416030,1289096
1779838853.879546,spill,FileSystemStorage,2097152,1,2097400,1405936,1308193
1779838853.880415,spill,FileSystemStorage,2097152,1,2097400,1391253,1271187
1779838853.881224,spill,FileSystemStorage,2097152,1,2097400,1340511,1251521
1779838853.882032,spill,FileSystemStorage,2097152,1,2097400,1346173,1227249
1779838853.883021,spill,FileSystemStorage,2097152,1,2097400,1574888,1448302
1779838853.884030,spill,FileSystemStorage,2097152,1,2097400,1453115,1347295
1779838853.884949,spill,FileSystemStorage,2097152,1,2097400,1387757,1289767
1779838853.885817,spill,FileSystemStorage,2097152,1,2097400,1439480,1328135
1779838853.886699,spill,FileSystemStorage,2097152,1,2097400,1422822,1270565
1779838853.887466,spill,FileSystemStorage,2097152,1,2097400,1533097,1433368
1779838853.888205,spill,FileSystemStorage,2097152,1,2097400,1451206,1343459
1779838853.889279,spill,FileSystemStorage,2097152,1,2097400,1408798,1262362
1779838853.889910,spill,FileSystemStorage,2097152,1,2097400,1341410,1227710
1779838853.890733,spill,FileSystemStorage,2097152,1,2097400,1421255,1321528
1779838853.891499,spill,FileSystemStorage,2097152,1,2097400,1404200,1295597
1779838853.892277,spill,FileSystemStorage,2097152,1,2097400,1392181,1251380
1779838853.893090,spill,FileSystemStorage,2097152,1,2097400,1290010,1187858
1779838853.893839,spill,FileSystemStorage,2097152,1,2097400,1321925,1213083
1779838853.894665,spill,FileSystemStorage,2097152,1,2097400,1411754,1311181
1779838853.895458,spill,FileSystemStorage,2097152,1,2097400,1458209,1367832
1779838853.896247,spill,FileSystemStorage,2097152,1,2097400,1392960,1273181
1779838853.897156,spill,FileSystemStorage,2097152,1,2097400,1350365,1240089
1779838853.897973,spill,FileSystemStorage,2097152,1,2097400,1365305,1264668
1779838853.898767,spill,FileSystemStorage,2097152,1,2097400,1371803,1279399
1779838853.899584,spill,FileSystemStorage,2097152,1,2097400,1431585,1320239
1779838853.900205,spill,FileSystemStorage,2097152,1,2097400,1302729,1162530
1779838853.901386,spill,FileSystemStorage,2097152,1,2097400,1389005,1233976
1779838853.901901,spill,FileSystemStorage,2097152,1,2097400,1333370,1217438
1779838853.902730,spill,FileSystemStorage,2097152,1,2097400,1351130,1238017
1779838853.903561,spill,FileSystemStorage,2097152,1,2097400,1408003,1304957
1779838853.904248,spill,FileSystemStorage,2097152,1,2097400,1313993,1170193
1779838853.905355,spill,FileSystemStorage,2097152,1,2097400,1301322,1152932
1779838853.905915,spill,FileSystemStorage,2097152,1,2097400,1313951,1205719
1779838853.906793,spill,FileSystemStorage,2097152,1,2097400,1442742,1327616
1779838853.907680,spill,FileSystemStorage,2097152,1,2097400,1484748,1365774
1779838853.908409,spill,FileSystemStorage,2097152,1,2097400,1384264,1275690
1779838853.909175,spill,FileSystemStorage,2097152,1,2097400,1379320,1260458
1779838853.910102,spill,FileSystemStorage,2097152,1,2097400,1390693,1231404
1779838853.910721,spill,FileSystemStorage,2097152,1,2097400,1354763,1260420
1779838853.911624,spill,FileSystemStorage,2097152,1,2097400,1439875,1319883
1779838853.912279,spill,FileSystemStorage,2097152,1,2097400,1371081,1177218
1779838853.913191,spill,FileSystemStorage,2097152,1,2097400,1328728,1215140
1779838853.914017,spill,FileSystemStorage,2097152,1,2097400,1359160,1249848
1779838853.914806,spill,FileSystemStorage,2097152,1,2097400,1479449,1352969
1779838853.915521,spill,FileSystemStorage,2097152,1,2097400,1379000,1276538
1779838853.916304,spill,FileSystemStorage,2097152,1,2097400,1350663,1184251
1779838853.917215,spill,FileSystemStorage,2097152,1,2097400,1328452,1200385
1779838853.917929,spill,FileSystemStorage,2097152,1,2097400,1357832,1260069
1779838853.918714,spill,FileSystemStorage,2097152,1,2097400,1425100,1325674
1779838853.919595,spill,FileSystemStorage,2097152,1,2097400,1452293,1333965
1779838853.920334,spill,FileSystemStorage,2097152,1,2097400,1311713,1201468
1779838853.921264,spill,FileSystemStorage,2097152,1,2097400,1331767,1216408
1779838853.922088,spill,FileSystemStorage,2097152,1,2097400,1366900,1266554
1779838853.922856,spill,FileSystemStorage,2097152,1,2097400,1376398,1260803
1779838853.923757,spill,FileSystemStorage,2097152,1,2097400,1439867,1342636
1779838853.924602,spill,FileSystemStorage,2097152,1,2097400,1413100,1291963
1779838853.925348,spill,FileSystemStorage,2097152,1,2097400,1391823,1240077
1779838853.926152,spill,FileSystemStorage,2097152,1,2097400,1460211,1361836
1779838853.926841,spill,FileSystemStorage,2097152,1,2097400,1346941,1241522
1779838853.927689,spill,FileSystemStorage,2097152,1,2097400,1439090,1309761
1779838853.928766,spill,FileSystemStorage,2097152,1,2097400,1498645,1352788
1779838853.929547,spill,FileSystemStorage,2097152,1,2097400,1417191,1304320
1779838853.930322,spill,FileSystemStorage,2097152,1,2097400,1386310,1275157
1779838853.931175,spill,FileSystemStorage,2097152,1,2097400,1443197,1330635
1779838853.931872,spill,FileSystemStorage,2097152,1,2097400,1377318,1267214
1779838853.932640,spill,FileSystemStorage,2097152,1,2097400,1318437,1208108
1779838853.933395,spill,FileSystemStorage,2097152,1,2097400,1390603,1292224
1779838853.934154,spill,FileSystemStorage,2097152,1,2097400,1331681,1228219
1779838853.934905,spill,FileSystemStorage,2097152,1,2097400,1321155,1227911
1779838853.935761,spill,FileSystemStorage,2097152,1,2097400,1434242,1329211
1779838853.936794,spill,FileSystemStorage,2097152,1,2097400,1471914,1316212
1779838853.937308,spill,FileSystemStorage,2097152,1,2097400,1376338,1262448
1779838853.938059,spill,FileSystemStorage,2097152,1,2097400,1387045,1295963
1779838853.938992,spill,FileSystemStorage,2097152,1,2097400,1370536,1249941
1779838853.939754,spill,FileSystemStorage,2097152,1,2097400,1427202,1310223
1779838853.940449,spill,FileSystemStorage,2097152,1,2097400,1354310,1251938
1779838853.941415,spill,FileSystemStorage,2097152,1,2097400,1513901,1336585
1779838853.942124,spill,FileSystemStorage,2097152,1,2097400,1364998,1283436
1779838853.943042,spill,FileSystemStorage,2097152,1,2097400,1481297,1332454
1779838853.943817,spill,FileSystemStorage,2097152,1,2097400,1519177,1400826
1779838853.944553,spill,FileSystemStorage,2097152,1,2097400,1431707,1327559
1779838853.945279,spill,FileSystemStorage,2097152,1,2097400,1385968,1283120
1779838853.946094,spill,FileSystemStorage,2097152,1,2097400,1345504,1227299
1779838853.946862,spill,FileSystemStorage,2097152,1,2097400,1380602,1292404
1779838853.947780,spill,FileSystemStorage,2097152,1,2097400,1462795,1363910
1779838853.948568,spill,FileSystemStorage,2097152,1,2097400,1414544,1293586
1779838853.949329,spill,FileSystemStorage,2097152,1,2097400,1340471,1236389
1779838853.950091,spill,FileSystemStorage,2097152,1,2097400,1322928,1218432
1779838853.951033,spill,FileSystemStorage,2097152,1,2097400,1486430,1370592
1779838853.951799,spill,FileSystemStorage,2097152,1,2097400,1477999,1340456
1779838853.952550,spill,FileSystemStorage,2097152,1,2097400,1299982,1197216
1779838853.953376,spill,FileSystemStorage,2097152,1,2097400,1357860,1248540
1779838853.954208,spill,FileSystemStorage,2097152,1,2097400,1344858,1256018
1779838853.955152,spill,FileSystemStorage,2097152,1,2097400,1519554,1407838
1779838853.955781,spill,FileSystemStorage,2097152,1,2097400,1362620,1264947
1779838853.956456,spill,FileSystemStorage,2097152,1,2097400,1251477,1150506
1779838853.957502,spill,FileSystemStorage,2097152,1,2097400,1447770,1293526
1779838853.958242,spill,FileSystemStorage,2097152,1,2097400,1444108,1267915
1779838853.958848,spill,FileSystemStorage,2097152,1,2097400,1433742,1332792
1779838853.959781,spill,FileSystemStorage,2097152,1,2097400,1492111,1370370
1779838853.960701,spill,FileSystemStorage,2097152,1,2097400,1344879,1192463
1779838853.961182,spill,FileSystemStorage,2097152,1,2097400,1354148,1237705
1779838853.962009,spill,FileSystemStorage,2097152,1,2097400,1462311,1367601
1779838853.962761,spill,FileSystemStorage,2097152,1,2097400,1468201,1360630
1779838853.963603,spill,FileSystemStorage,2097152,1,2097400,1504303,1383005
1779838853.964419,spill,FileSystemStorage,2097152,1,2097400,1461873,1288416
1779838853.965095,spill,FileSystemStorage,2097152,1,2097400,1285899,1174141
1779838853.965875,spill,FileSystemStorage,2097152,1,2097400,1342458,1230558
1779838853.966657,spill,FileSystemStorage,2097152,1,2097400,1409893,1316915
1779838853.967546,spill,FileSystemStorage,2097152,1,2097400,1447361,1340097
1779838853.968265,spill,FileSystemStorage,2097152,1,2097400,1367998,1215947
1779838853.969118,spill,FileSystemStorage,2097152,1,2097400,1419141,1309910
1779838853.969767,spill,FileSystemStorage,2097152,1,2097400,1348747,1246347
1779838853.970495,spill,FileSystemStorage,2097152,1,2097400,1366316,1258887
1779838853.971263,spill,FileSystemStorage,2097152,1,2097400,1395869,1302319
1779838853.972003,spill,FileSystemStorage,2097152,1,2097400,1411303,1309897
1779838853.972858,spill,FileSystemStorage,2097152,1,2097400,1391899,1282718
1779838853.973848,spill,FileSystemStorage,2097152,1,2097400,1434819,1323138
1779838854.023916,spill,FileSystemStorage,2097152,240,503376000,296771914,292023694
1779838859.254847,restore,FileSystemStorage,2097152,1,2097400,1811380,1703737
1779838859.260802,restore,FileSystemStorage,2097152,1,2097400,1620266,1532185
1779838859.266252,restore,FileSystemStorage,2097152,1,2097400,1456113,1350697
1779838859.271838,restore,FileSystemStorage,2097152,1,2097400,1556894,1471506
1779838859.278110,restore,FileSystemStorage,2097152,1,2097400,1475421,1391521
1779838859.282795,restore,FileSystemStorage,2097152,1,2097400,1193344,1110729
1779838859.288810,restore,FileSystemStorage,2097152,1,2097400,1873452,1795147
1779838859.293443,restore,FileSystemStorage,2097152,1,2097400,1339266,1256845
1779838859.297846,restore,FileSystemStorage,2097152,1,2097400,1329540,1249562
1779838859.301901,restore,FileSystemStorage,2097152,1,2097400,1153306,1074750
1779838859.306710,restore,FileSystemStorage,2097152,1,2097400,1332114,1251505
1779838859.311762,restore,FileSystemStorage,2097152,1,2097400,1514073,1432367
1779838859.317163,restore,FileSystemStorage,2097152,1,2097400,1363210,1282615
1779838859.322933,restore,FileSystemStorage,2097152,1,2097400,1320118,1230316
1779838859.328219,restore,FileSystemStorage,2097152,1,2097400,1334424,1216315
1779838859.333441,restore,FileSystemStorage,2097152,1,2097400,1434805,1358016
1779838859.339000,restore,FileSystemStorage,2097152,1,2097400,1392724,1293536
1779838859.344152,restore,FileSystemStorage,2097152,1,2097400,1297359,1205699
1779838859.349681,restore,FileSystemStorage,2097152,1,2097400,1338480,1283308
1779838859.354711,restore,FileSystemStorage,2097152,1,2097400,1357065,1305516
1779838859.360506,restore,FileSystemStorage,2097152,1,2097400,1681667,1591067
1779838859.366047,restore,FileSystemStorage,2097152,1,2097400,1507327,1421254
1779838859.372073,restore,FileSystemStorage,2097152,1,2097400,1479942,1395708
1779838859.377331,restore,FileSystemStorage,2097152,1,2097400,1476265,1394331
1779838859.383573,restore,FileSystemStorage,2097152,1,2097400,1808807,1722184
1779838859.387506,restore,FileSystemStorage,2097152,1,2097400,1271960,1186313
1779838859.391836,restore,FileSystemStorage,2097152,1,2097400,1473897,1390775
1779838859.396668,restore,FileSystemStorage,2097152,1,2097400,1524690,1444500
1779838859.401300,restore,FileSystemStorage,2097152,1,2097400,1503450,1419873
1779838859.406374,restore,FileSystemStorage,2097152,1,2097400,1316488,1235239
1779838859.412512,restore,FileSystemStorage,2097152,1,2097400,1733551,1657474
1779838859.418036,restore,FileSystemStorage,2097152,1,2097400,1423684,1340961
1779838859.423620,restore,FileSystemStorage,2097152,1,2097400,1387209,1303954
1779838859.428476,restore,FileSystemStorage,2097152,1,2097400,1325464,1261811
1779838859.433877,restore,FileSystemStorage,2097152,1,2097400,1346958,1259928
1779838859.439792,restore,FileSystemStorage,2097152,1,2097400,1577189,1498693
1779838859.445547,restore,FileSystemStorage,2097152,1,2097400,1578466,1501224
1779838859.450738,restore,FileSystemStorage,2097152,1,2097400,1360101,1284919
1779838859.455653,restore,FileSystemStorage,2097152,1,2097400,1715785,1637650
1779838859.460451,restore,FileSystemStorage,2097152,1,2097400,1373336,1293652
1779838859.465141,restore,FileSystemStorage,2097152,1,2097400,1489682,1408102
1779838859.470693,restore,FileSystemStorage,2097152,1,2097400,1270301,1192806
1779838859.476030,restore,FileSystemStorage,2097152,1,2097400,1286905,1207631
1779838859.481382,restore,FileSystemStorage,2097152,1,2097400,1540968,1466911
1779838859.485464,restore,FileSystemStorage,2097152,1,2097400,1263927,1185679
1779838859.489568,restore,FileSystemStorage,2097152,1,2097400,975862,903611
1779838859.493858,restore,FileSystemStorage,2097152,1,2097400,1352678,1275856
1779838859.498128,restore,FileSystemStorage,2097152,1,2097400,1382251,1305729
1779838859.501675,restore,FileSystemStorage,2097152,1,2097400,1323809,1276826
1779838859.506744,restore,FileSystemStorage,2097152,1,2097400,1224335,1150085
1779838859.512418,restore,FileSystemStorage,2097152,1,2097400,1637295,1581858
1779838859.516652,restore,FileSystemStorage,2097152,1,2097400,1719073,1628890
1779838859.521720,restore,FileSystemStorage,2097152,1,2097400,1762137,1683194
1779838859.525067,restore,FileSystemStorage,2097152,1,2097400,1308820,1246127
1779838859.529230,restore,FileSystemStorage,2097152,1,2097400,1299439,1216148
1779838859.533341,restore,FileSystemStorage,2097152,1,2097400,1549748,1464845
1779838859.537362,restore,FileSystemStorage,2097152,1,2097400,1326067,1250289
1779838859.541775,restore,FileSystemStorage,2097152,1,2097400,1050481,976972
1779838859.546152,restore,FileSystemStorage,2097152,1,2097400,1025695,953879
1779838859.550204,restore,FileSystemStorage,2097152,1,2097400,995913,942463
1779838859.554519,restore,FileSystemStorage,2097152,1,2097400,998362,952736
1779838859.559872,restore,FileSystemStorage,2097152,1,2097400,1133276,1056666
1779838859.565156,restore,FileSystemStorage,2097152,1,2097400,1244753,1196690
1779838859.570522,restore,FileSystemStorage,2097152,1,2097400,1362250,1291401
1779838859.576455,restore,FileSystemStorage,2097152,1,2097400,1812637,1733269
1779838859.582081,restore,FileSystemStorage,2097152,1,2097400,1339176,1262149
1779838859.587596,restore,FileSystemStorage,2097152,1,2097400,1673226,1586015
1779838859.592604,restore,FileSystemStorage,2097152,1,2097400,1710429,1616297
1779838859.597265,restore,FileSystemStorage,2097152,1,2097400,1450897,1371877
1779838859.603562,restore,FileSystemStorage,2097152,1,2097400,1678810,1593183
1779838859.609494,restore,FileSystemStorage,2097152,1,2097400,1409885,1323649
1779838859.615613,restore,FileSystemStorage,2097152,1,2097400,1486894,1404658
1779838859.621524,restore,FileSystemStorage,2097152,1,2097400,1487391,1411026
1779838859.627666,restore,FileSystemStorage,2097152,1,2097400,1748160,1669105
1779838859.632700,restore,FileSystemStorage,2097152,1,2097400,1560410,1476453
1779838859.637519,restore,FileSystemStorage,2097152,1,2097400,1435349,1360953
1779838859.643051,restore,FileSystemStorage,2097152,1,2097400,1375962,1302774
1779838859.648312,restore,FileSystemStorage,2097152,1,2097400,1404011,1285875
1779838859.653474,restore,FileSystemStorage,2097152,1,2097400,1458959,1387684
1779838859.658527,restore,FileSystemStorage,2097152,1,2097400,1153158,1079982
1779838859.664181,restore,FileSystemStorage,2097152,1,2097400,1520191,1462181
1779838859.669527,restore,FileSystemStorage,2097152,1,2097400,1513800,1442352
1779838859.674741,restore,FileSystemStorage,2097152,1,2097400,1291273,1218313
1779838859.679996,restore,FileSystemStorage,2097152,1,2097400,1401265,1326465
1779838859.685914,restore,FileSystemStorage,2097152,1,2097400,1415455,1336129
1779838859.691626,restore,FileSystemStorage,2097152,1,2097400,1570374,1487814
1779838859.696652,restore,FileSystemStorage,2097152,1,2097400,1792544,1700934
1779838859.701937,restore,FileSystemStorage,2097152,1,2097400,1309591,1234516
1779838859.707469,restore,FileSystemStorage,2097152,1,2097400,1344298,1269272
1779838859.710445,restore,FileSystemStorage,2097152,1,2097400,1064123,999476
1779838859.713750,restore,FileSystemStorage,2097152,1,2097400,1311362,1258791
1779838859.719629,restore,FileSystemStorage,2097152,1,2097400,1465736,1386841
1779838859.723650,restore,FileSystemStorage,2097152,1,2097400,1109174,1036207
1779838859.728599,restore,FileSystemStorage,2097152,1,2097400,1665222,1587470
1779838859.734338,restore,FileSystemStorage,2097152,1,2097400,1318940,1235584
1779838859.739092,restore,FileSystemStorage,2097152,1,2097400,1135646,1059085
1779838859.744636,restore,FileSystemStorage,2097152,1,2097400,1535042,1479698
1779838859.749321,restore,FileSystemStorage,2097152,1,2097400,1324942,1246593
1779838859.753795,restore,FileSystemStorage,2097152,1,2097400,1537455,1464351
1779838859.758875,restore,FileSystemStorage,2097152,1,2097400,1286210,1215493
1779838859.764794,restore,FileSystemStorage,2097152,1,2097400,1646857,1570011
1779838859.769750,restore,FileSystemStorage,2097152,1,2097400,1207859,1135556
1779838859.775109,restore,FileSystemStorage,2097152,1,2097400,1429097,1355155
1779838859.778951,restore,FileSystemStorage,2097152,1,2097400,1003342,952099
1779838859.783369,restore,FileSystemStorage,2097152,1,2097400,1222094,1176291
1779838859.788052,restore,FileSystemStorage,2097152,1,2097400,1504704,1430328
1779838859.792979,restore,FileSystemStorage,2097152,1,2097400,1651035,1574967
1779838859.798198,restore,FileSystemStorage,2097152,1,2097400,1156582,1080841
1779838859.803434,restore,FileSystemStorage,2097152,1,2097400,1246300,1189517
1779838859.808905,restore,FileSystemStorage,2097152,1,2097400,1705330,1625678
1779838859.811566,restore,FileSystemStorage,2097152,1,2097400,1383456,1315751
1779838859.816368,restore,FileSystemStorage,2097152,1,2097400,1336244,1256932
1779838859.821386,restore,FileSystemStorage,2097152,1,2097400,1482313,1409363
1779838859.827560,restore,FileSystemStorage,2097152,1,2097400,1458146,1378228
1779838859.836365,restore,FileSystemStorage,2097152,1,2097400,1555910,1451476
1779838859.842567,restore,FileSystemStorage,2097152,1,2097400,1669891,1595548
1779838859.847691,restore,FileSystemStorage,2097152,1,2097400,1467083,1388573
1779838859.852865,restore,FileSystemStorage,2097152,1,2097400,1511649,1434453
1779838859.858116,restore,FileSystemStorage,2097152,1,2097400,1512693,1440195
1779838859.863853,restore,FileSystemStorage,2097152,1,2097400,1410239,1331609
1779838859.869068,restore,FileSystemStorage,2097152,1,2097400,1309794,1232033
1779838859.874156,restore,FileSystemStorage,2097152,1,2097400,1301651,1233586
1779838859.879112,restore,FileSystemStorage,2097152,1,2097400,1350439,1294242
1779838859.883791,restore,FileSystemStorage,2097152,1,2097400,1059790,1010806
1779838859.887955,restore,FileSystemStorage,2097152,1,2097400,1280164,1231815
1779838859.892524,restore,FileSystemStorage,2097152,1,2097400,1575519,1475001
1779838859.897617,restore,FileSystemStorage,2097152,1,2097400,1524318,1449917
1779838859.900814,restore,FileSystemStorage,2097152,1,2097400,1014682,954657
1779838859.905749,restore,FileSystemStorage,2097152,1,2097400,1432105,1376604
1779838859.909677,restore,FileSystemStorage,2097152,1,2097400,1030772,960633
1779838859.914376,restore,FileSystemStorage,2097152,1,2097400,1342406,1291388
1779838859.918561,restore,FileSystemStorage,2097152,1,2097400,1298332,1245621
1779838859.924263,restore,FileSystemStorage,2097152,1,2097400,1603218,1547541
1779838859.929410,restore,FileSystemStorage,2097152,1,2097400,1482211,1411667
1779838859.933562,restore,FileSystemStorage,2097152,1,2097400,1385973,1299921
1779838859.937994,restore,FileSystemStorage,2097152,1,2097400,1313233,1241579
1779838859.943598,restore,FileSystemStorage,2097152,1,2097400,1647338,1590538
1779838859.948859,restore,FileSystemStorage,2097152,1,2097400,1444663,1369180
1779838859.953975,restore,FileSystemStorage,2097152,1,2097400,1243846,1180059
1779838859.958632,restore,FileSystemStorage,2097152,1,2097400,1331169,1277467
1779838859.962716,restore,FileSystemStorage,2097152,1,2097400,1006376,947870
1779838859.966649,restore,FileSystemStorage,2097152,1,2097400,1168491,1119831
1779838859.971745,restore,FileSystemStorage,2097152,1,2097400,1543951,1491249
1779838859.976587,restore,FileSystemStorage,2097152,1,2097400,1277673,1200865
1779838859.981660,restore,FileSystemStorage,2097152,1,2097400,1261180,1181214
1779838859.985854,restore,FileSystemStorage,2097152,1,2097400,1328849,1269548
1779838859.988612,restore,FileSystemStorage,2097152,1,2097400,1020061,963271
1779838859.992883,restore,FileSystemStorage,2097152,1,2097400,1477691,1421081
1779838859.997722,restore,FileSystemStorage,2097152,1,2097400,1345031,1263654
1779838860.003525,restore,FileSystemStorage,2097152,1,2097400,1672227,1605896
1779838860.008180,restore,FileSystemStorage,2097152,1,2097400,1603805,1533922
1779838860.013030,restore,FileSystemStorage,2097152,1,2097400,1462921,1389998
1779838860.017355,restore,FileSystemStorage,2097152,1,2097400,1209628,1132353
1779838860.020432,restore,FileSystemStorage,2097152,1,2097400,1174934,1119522
1779838860.025543,restore,FileSystemStorage,2097152,1,2097400,1361643,1297598
1779838860.029513,restore,FileSystemStorage,2097152,1,2097400,1006110,955748
1779838860.033313,restore,FileSystemStorage,2097152,1,2097400,1410773,1355337
1779838860.037979,restore,FileSystemStorage,2097152,1,2097400,1338255,1289990
1779838860.042770,restore,FileSystemStorage,2097152,1,2097400,1289824,1244526
1779838860.047863,restore,FileSystemStorage,2097152,1,2097400,1506852,1452845
1779838860.052985,restore,FileSystemStorage,2097152,1,2097400,1293786,1230805
1779838860.058446,restore,FileSystemStorage,2097152,1,2097400,1320199,1248063
1779838860.064428,restore,FileSystemStorage,2097152,1,2097400,1659845,1586789
1779838860.069833,restore,FileSystemStorage,2097152,1,2097400,1321410,1248848
1779838860.075691,restore,FileSystemStorage,2097152,1,2097400,1526029,1466935
1779838864.552288,spill,FileSystemStorage,4194304,2,8389104,5514419,5217954
1779838864.555071,spill,FileSystemStorage,4194304,2,8389104,7065951,5420329
1779838864.556271,spill,FileSystemStorage,4194304,1,4194552,2954244,2780186
1779838864.558773,spill,FileSystemStorage,4194304,2,8389104,6574507,5264348
1779838864.559394,spill,FileSystemStorage,4194304,1,4194552,2967030,2754742
1779838864.560012,spill,FileSystemStorage,4194304,1,4194552,2902641,2736826
1779838864.563114,spill,FileSystemStorage,4194304,1,4194552,2988164,2675649
1779838864.563385,spill,FileSystemStorage,4194304,1,4194552,2903841,2733415
1779838864.563614,spill,FileSystemStorage,4194304,1,4194552,2830511,2705068
1779838864.567176,spill,FileSystemStorage,4194304,1,4194552,2933376,2773723
1779838864.567930,spill,FileSystemStorage,4194304,1,4194552,2940585,2818615
1779838864.567941,spill,FileSystemStorage,4194304,1,4194552,3118513,2919043
1779838864.570893,spill,FileSystemStorage,4194304,1,4194552,2805454,2663347
1779838864.571257,spill,FileSystemStorage,4194304,1,4194552,2700468,2580838
1779838864.571427,spill,FileSystemStorage,4194304,1,4194552,2898845,2759686
1779838864.574566,spill,FileSystemStorage,4194304,1,4194552,2796187,2682746
1779838864.574637,spill,FileSystemStorage,4194304,1,4194552,2815061,2680210
1779838864.575059,spill,FileSystemStorage,4194304,1,4194552,2968457,2829757
1779838864.578002,spill,FileSystemStorage,4194304,1,4194552,2740961,2607235
1779838864.578271,spill,FileSystemStorage,4194304,1,4194552,2841721,2724944
1779838864.578401,spill,FileSystemStorage,4194304,1,4194552,2772818,2657661
1779838864.581164,spill,FileSystemStorage,4194304,1,4194552,2774294,2658825
1779838864.581483,spill,FileSystemStorage,4194304,1,4194552,2857581,2735011
1779838864.581595,spill,FileSystemStorage,4194304,1,4194552,2876357,2752287
1779838864.584399,spill,FileSystemStorage,4194304,1,4194552,2779961,2660958
1779838864.584614,spill,FileSystemStorage,4194304,1,4194552,2796063,2676989
1779838864.584746,spill,FileSystemStorage,4194304,1,4194552,2794903,2680763
1779838864.587495,spill,FileSystemStorage,4194304,1,4194552,2783022,2669919
1779838864.587886,spill,FileSystemStorage,4194304,1,4194552,2718811,2597021
1779838864.587906,spill,FileSystemStorage,4194304,1,4194552,2706607,2582201
1779838864.591033,spill,FileSystemStorage,4194304,1,4194552,2754593,2607566
1779838864.591084,spill,FileSystemStorage,4194304,1,4194552,2742585,2611320
1779838864.591201,spill,FileSystemStorage,4194304,1,4194552,2795334,2675531
1779838864.594396,spill,FileSystemStorage,4194304,1,4194552,2754570,2642037
1779838864.594398,spill,FileSystemStorage,4194304,1,4194552,2602738,2485728
1779838864.594594,spill,FileSystemStorage,4194304,1,4194552,2847165,2722158
1779838864.597477,spill,FileSystemStorage,4194304,1,4194552,2744784,2640120
1779838864.597622,spill,FileSystemStorage,4194304,1,4194552,2819483,2715136
1779838864.597776,spill,FileSystemStorage,4194304,1,4194552,2842410,2701072
1779838864.600675,spill,FileSystemStorage,4194304,1,4194552,2745271,2629607
1779838864.600811,spill,FileSystemStorage,4194304,1,4194552,2879237,2742738
1779838864.600888,spill,FileSystemStorage,4194304,1,4194552,2792419,2673031
1779838864.603755,spill,FileSystemStorage,4194304,1,4194552,2706401,2576519
1779838864.604067,spill,FileSystemStorage,4194304,1,4194552,2755428,2630571
1779838864.604169,spill,FileSystemStorage,4194304,1,4194552,2830574,2706709
1779838864.606749,spill,FileSystemStorage,4194304,1,4194552,2663761,2546601
1779838864.607233,spill,FileSystemStorage,4194304,1,4194552,2707461,2564805
1779838864.607287,spill,FileSystemStorage,4194304,1,4194552,2759486,2590496
1779838864.609710,spill,FileSystemStorage,4194304,1,4194552,2592723,2459051
1779838864.610223,spill,FileSystemStorage,4194304,1,4194552,2594605,2476957
1779838864.610543,spill,FileSystemStorage,4194304,1,4194552,2647969,2532258
1779838864.612684,spill,FileSystemStorage,4194304,1,4194552,2649156,2508078
1779838864.613311,spill,FileSystemStorage,4194304,1,4194552,2767566,2665292
1779838864.613591,spill,FileSystemStorage,4194304,1,4194552,2749183,2617546
1779838864.615768,spill,FileSystemStorage,4194304,1,4194552,2643251,2522519
1779838864.616493,spill,FileSystemStorage,4194304,1,4194552,2855321,2740427
1779838864.616816,spill,FileSystemStorage,4194304,1,4194552,2821873,2704791
1779838864.618734,spill,FileSystemStorage,4194304,1,4194552,2609041,2492749
1779838864.619614,spill,FileSystemStorage,4194304,1,4194552,2809263,2682826
1779838864.619938,spill,FileSystemStorage,4194304,1,4194552,2797835,2682281
1779838864.621570,spill,FileSystemStorage,4194304,1,4194552,2513325,2396185
1779838864.622785,spill,FileSystemStorage,4194304,1,4194552,2535972,2420409
1779838864.622854,spill,FileSystemStorage,4194304,1,4194552,2563668,2451978
1779838864.624688,spill,FileSystemStorage,4194304,1,4194552,2797030,2686513
1779838864.625767,spill,FileSystemStorage,4194304,1,4194552,2546778,2437316
1779838864.625842,spill,FileSystemStorage,4194304,1,4194552,2699359,2586106
1779838864.627701,spill,FileSystemStorage,4194304,1,4194552,2601801,2479374
1779838864.628823,spill,FileSystemStorage,4194304,1,4194552,2779501,2662900
1779838864.628831,spill,FileSystemStorage,4194304,1,4194552,2680870,2567821
1779838864.630590,spill,FileSystemStorage,4194304,1,4194552,2576194,2458306
1779838864.631930,spill,FileSystemStorage,4194304,1,4194552,2762837,2627406
1779838864.631934,spill,FileSystemStorage,4194304,1,4194552,2708623,2587620
1779838864.633569,spill,FileSystemStorage,4194304,1,4194552,2690722,2545696
1779838864.635012,spill,FileSystemStorage,4194304,1,4194552,2746160,2606661
1779838864.635257,spill,FileSystemStorage,4194304,1,4194552,2864839,2675770
1779838864.636831,spill,FileSystemStorage,4194304,1,4194552,2859400,2679116
1779838864.638346,spill,FileSystemStorage,4194304,1,4194552,2753530,2637901
1779838864.638457,spill,FileSystemStorage,4194304,1,4194552,2802720,2657905
1779838864.639847,spill,FileSystemStorage,4194304,1,4194552,2636263,2499738
1779838864.641346,spill,FileSystemStorage,4194304,1,4194552,2697021,2556739
1779838864.641834,spill,FileSystemStorage,4194304,1,4194552,2994875,2824655
1779838864.643182,spill,FileSystemStorage,4194304,1,4194552,2852511,2718166
1779838864.644372,spill,FileSystemStorage,4194304,1,4194552,2684765,2569004
1779838864.645279,spill,FileSystemStorage,4194304,1,4194552,3118385,2933803
1779838864.646509,spill,FileSystemStorage,4194304,1,4194552,2879841,2735904
1779838864.647538,spill,FileSystemStorage,4194304,1,4194552,2741096,2617992
1779838864.648826,spill,FileSystemStorage,4194304,1,4194552,3097464,2949011
1779838864.649673,spill,FileSystemStorage,4194304,1,4194552,2846465,2694569
1779838864.650584,spill,FileSystemStorage,4194304,1,4194552,2727469,2623715
1779838864.652150,spill,FileSystemStorage,4194304,1,4194552,2958113,2808962
1779838864.652648,spill,FileSystemStorage,4194304,1,4194552,2661847,2551085
1779838864.653575,spill,FileSystemStorage,4194304,1,4194552,2680286,2539727
1779838864.655310,spill,FileSystemStorage,4194304,1,4194552,2800019,2662101
1779838864.655649,spill,FileSystemStorage,4194304,1,4194552,2691483,2570024
1779838864.656415,spill,FileSystemStorage,4194304,1,4194552,2504952,2392039
1779838864.658606,spill,FileSystemStorage,4194304,1,4194552,2640922,2503448
1779838864.659185,spill,FileSystemStorage,4194304,1,4194552,2695076,2575831
1779838864.659578,spill,FileSystemStorage,4194304,1,4194552,2653539,2547683
1779838864.661798,spill,FileSystemStorage,4194304,1,4194552,2801081,2421416
1779838864.662866,spill,FileSystemStorage,4194304,1,4194552,2612043,2433634
1779838864.663094,spill,FileSystemStorage,4194304,1,4194552,2602361,2489946
1779838864.665074,spill,FileSystemStorage,4194304,1,4194552,2771166,2574874
1779838864.666669,spill,FileSystemStorage,4194304,1,4194552,2905803,2474329
1779838864.666898,spill,FileSystemStorage,4194304,1,4194552,2855238,2692689
1779838864.668597,spill,FileSystemStorage,4194304,1,4194552,3002695,2851488
1779838864.669846,spill,FileSystemStorage,4194304,1,4194552,2797525,2674040
1779838864.670238,spill,FileSystemStorage,4194304,1,4194552,2677501,2567647
1779838864.672133,spill,FileSystemStorage,4194304,1,4194552,3015205,2879565
1779838864.673013,spill,FileSystemStorage,4194304,1,4194552,2829313,2717080
1779838864.673413,spill,FileSystemStorage,4194304,1,4194552,2855528,2743659
1779838864.675526,spill,FileSystemStorage,4194304,1,4194552,2878081,2729409
1779838864.676130,spill,FileSystemStorage,4194304,1,4194552,2772440,2652339
1779838864.676563,spill,FileSystemStorage,4194304,1,4194552,2850168,2737627
1779838864.678736,spill,FileSystemStorage,4194304,1,4194552,2834268,2706086
1779838864.679306,spill,FileSystemStorage,4194304,1,4194552,2830470,2722182
1779838864.679758,spill,FileSystemStorage,4194304,1,4194552,2810213,2697975
1779838864.682011,spill,FileSystemStorage,4194304,1,4194552,2861372,2720780
1779838864.682507,spill,FileSystemStorage,4194304,1,4194552,2805602,2693984
1779838864.682885,spill,FileSystemStorage,4194304,1,4194552,2571829,2469211
1779838864.685218,spill,FileSystemStorage,4194304,1,4194552,2840213,2701523
1779838864.685480,spill,FileSystemStorage,4194304,1,4194552,2666992,2561295
1779838864.685970,spill,FileSystemStorage,4194304,1,4194552,2720038,2614614
1779838864.688617,spill,FileSystemStorage,4194304,1,4194552,2794858,2669904
1779838864.688688,spill,FileSystemStorage,4194304,1,4194552,3009915,2872017
1779838864.689191,spill,FileSystemStorage,4194304,1,4194552,2814431,2709759
1779838864.691592,spill,FileSystemStorage,4194304,1,4194552,2587589,2467733
1779838864.691942,spill,FileSystemStorage,4194304,1,4194552,2835496,2692716
1779838864.692359,spill,FileSystemStorage,4194304,1,4194552,2815428,2698057
1779838864.694582,spill,FileSystemStorage,4194304,1,4194552,2646376,2540603
1779838864.695248,spill,FileSystemStorage,4194304,1,4194552,2919845,2779396
1779838864.695366,spill,FileSystemStorage,4194304,1,4194552,2662418,2550088
1779838864.697514,spill,FileSystemStorage,4194304,1,4194552,2585844,2431611
1779838864.698498,spill,FileSystemStorage,4194304,1,4194552,2725138,2606634
1779838864.698576,spill,FileSystemStorage,4194304,1,4194552,2875426,2738975
1779838864.700537,spill,FileSystemStorage,4194304,1,4194552,2703952,2597326
1779838864.701661,spill,FileSystemStorage,4194304,1,4194552,2802750,2680833
1779838864.701897,spill,FileSystemStorage,4194304,1,4194552,2950914,2782082
1779838864.703637,spill,FileSystemStorage,4194304,1,4194552,2693602,2570668
1779838864.704695,spill,FileSystemStorage,4194304,1,4194552,2674963,2552763
1779838864.705135,spill,FileSystemStorage,4194304,1,4194552,2885554,2736376
1779838864.706549,spill,FileSystemStorage,4194304,1,4194552,2575737,2467939
1779838864.707660,spill,FileSystemStorage,4194304,1,4194552,2652893,2540918
1779838864.708358,spill,FileSystemStorage,4194304,1,4194552,2827550,2685061
1779838864.709548,spill,FileSystemStorage,4194304,1,4194552,2693348,2563005
1779838864.710613,spill,FileSystemStorage,4194304,1,4194552,2590997,2483021
1779838864.711663,spill,FileSystemStorage,4194304,1,4194552,2940375,2802088
1779838864.712556,spill,FileSystemStorage,4194304,1,4194552,2690952,2588787
1779838864.713619,spill,FileSystemStorage,4194304,1,4194552,2667384,2516365
1779838864.715068,spill,FileSystemStorage,4194304,1,4194552,2877366,2741480
1779838864.715485,spill,FileSystemStorage,4194304,1,4194552,2593057,2494269
1779838864.716664,spill,FileSystemStorage,4194304,1,4194552,2667025,2542387
1779838864.718385,spill,FileSystemStorage,4194304,1,4194552,2570406,2473046
1779838864.718400,spill,FileSystemStorage,4194304,1,4194552,2822336,2685661
1779838864.719774,spill,FileSystemStorage,4194304,1,4194552,2649227,2531962
1779838864.721386,spill,FileSystemStorage,4194304,1,4194552,2636926,2536720
1779838864.721704,spill,FileSystemStorage,4194304,1,4194552,2905986,2768240
1779838864.722736,spill,FileSystemStorage,4194304,1,4194552,2606039,2501409
1779838864.724360,spill,FileSystemStorage,4194304,1,4194552,2569101,2458710
1779838864.724821,spill,FileSystemStorage,4194304,1,4194552,2786064,2651453
1779838864.725619,spill,FileSystemStorage,4194304,1,4194552,2540090,2431519
1779838864.727283,spill,FileSystemStorage,4194304,1,4194552,2582471,2444676
1779838864.728016,spill,FileSystemStorage,4194304,1,4194552,2840787,2682584
1779838864.728698,spill,FileSystemStorage,4194304,1,4194552,2714987,2595765
1779838864.730265,spill,FileSystemStorage,4194304,1,4194552,2633392,2522329
1779838864.731203,spill,FileSystemStorage,4194304,1,4194552,2853449,2720841
1779838864.731720,spill,FileSystemStorage,4194304,1,4194552,2640263,2522780
1779838864.733336,spill,FileSystemStorage,4194304,1,4194552,2758120,2656153
1779838864.734608,spill,FileSystemStorage,4194304,1,4194552,2799393,2661340
1779838864.734750,spill,FileSystemStorage,4194304,1,4194552,2565062,2461776
1779838864.736335,spill,FileSystemStorage,4194304,1,4194552,2615923,2501785
1779838864.737782,spill,FileSystemStorage,4194304,1,4194552,2851628,2670235
1779838864.737888,spill,FileSystemStorage,4194304,1,4194552,2660838,2553527
1779838864.739359,spill,FileSystemStorage,4194304,1,4194552,2585241,2471225
1779838864.740847,spill,FileSystemStorage,4194304,1,4194552,2537836,2408131
1779838864.741009,spill,FileSystemStorage,4194304,1,4194552,2776187,2639992
1779838864.742408,spill,FileSystemStorage,4194304,1,4194552,2609685,2507361
1779838864.743933,spill,FileSystemStorage,4194304,1,4194552,2655106,2544529
1779838864.744208,spill,FileSystemStorage,4194304,1,4194552,2811195,2646456
1779838864.745294,spill,FileSystemStorage,4194304,1,4194552,2568677,2432076
1779838864.746993,spill,FileSystemStorage,4194304,1,4194552,2486190,2362193
1779838864.747329,spill,FileSystemStorage,4194304,1,4194552,2609458,2476548
1779838864.748119,spill,FileSystemStorage,4194304,1,4194552,2493156,2394518
1779838864.750820,spill,FileSystemStorage,4194304,1,4194552,2614674,2477905
1779838864.750880,spill,FileSystemStorage,4194304,1,4194552,2668657,2529025
1779838864.751523,spill,FileSystemStorage,4194304,1,4194552,2698107,2601070
1779838864.754089,spill,FileSystemStorage,4194304,1,4194552,2605669,2468813
1779838864.754668,spill,FileSystemStorage,4194304,1,4194552,2559784,2457907
1779838864.754822,spill,FileSystemStorage,4194304,1,4194552,2585714,2477272
1779838864.757299,spill,FileSystemStorage,4194304,1,4194552,2793371,2661060
1779838864.758246,spill,FileSystemStorage,4194304,1,4194552,2808198,2447678
1779838864.758315,spill,FileSystemStorage,4194304,1,4194552,2823446,2499522
1779838864.760596,spill,FileSystemStorage,4194304,1,4194552,2865376,2725171
1779838864.761301,spill,FileSystemStorage,4194304,1,4194552,2702333,2586105
1779838864.761400,spill,FileSystemStorage,4194304,1,4194552,2684392,2581657
1779838864.763822,spill,FileSystemStorage,4194304,1,4194552,2860873,2714803
1779838864.764354,spill,FileSystemStorage,4194304,1,4194552,2572312,2464599
1779838864.764363,spill,FileSystemStorage,4194304,1,4194552,2680703,2575243
1779838864.767024,spill,FileSystemStorage,4194304,1,4194552,2812301,2648682
1779838864.767298,spill,FileSystemStorage,4194304,1,4194552,2600106,2495583
1779838864.767507,spill,FileSystemStorage,4194304,1,4194552,2689751,2574391
1779838864.770262,spill,FileSystemStorage,4194304,1,4194552,2584114,2486489
1779838864.770598,spill,FileSystemStorage,4194304,1,4194552,2869156,2709403
1779838864.770709,spill,FileSystemStorage,4194304,1,4194552,2597142,2492284
1779838864.773201,spill,FileSystemStorage,4194304,1,4194552,2602003,2498986
1779838864.773790,spill,FileSystemStorage,4194304,1,4194552,2776457,2669490
1779838864.773829,spill,FileSystemStorage,4194304,1,4194552,2894798,2731289
1779838864.776164,spill,FileSystemStorage,4194304,1,4194552,2603461,2498408
1779838864.776814,spill,FileSystemStorage,4194304,1,4194552,2731277,2624502
1779838864.777044,spill,FileSystemStorage,4194304,1,4194552,2849982,2715919
1779838864.779167,spill,FileSystemStorage,4194304,1,4194552,2637921,2536894
1779838864.779945,spill,FileSystemStorage,4194304,1,4194552,2645231,2530490
1779838864.780292,spill,FileSystemStorage,4194304,1,4194552,2883867,2742866
1779838864.782125,spill,FileSystemStorage,4194304,1,4194552,2610204,2496095
1779838864.782902,spill,FileSystemStorage,4194304,1,4194552,2645332,2533278
1779838864.783611,spill,FileSystemStorage,4194304,1,4194552,2955419,2813129
1779838864.785180,spill,FileSystemStorage,4194304,1,4194552,2698095,2579377
1779838864.786287,spill,FileSystemStorage,4194304,1,4194552,2658563,2541294
1779838864.786776,spill,FileSystemStorage,4194304,1,4194552,2828069,2692608
1779838864.788170,spill,FileSystemStorage,4194304,1,4194552,2642283,2535192
1779838864.789287,spill,FileSystemStorage,4194304,1,4194552,2691468,2571603
1779838864.790060,spill,FileSystemStorage,4194304,1,4194552,2885299,2733301
1779838864.791296,spill,FileSystemStorage,4194304,1,4194552,2687725,2571283
1779838864.792330,spill,FileSystemStorage,4194304,1,4194552,2720860,2617843
1779838864.793280,spill,FileSystemStorage,4194304,1,4194552,2917353,2787663
1779838864.794232,spill,FileSystemStorage,4194304,1,4194552,2608661,2509403
1779838864.795327,spill,FileSystemStorage,4194304,1,4194552,2648894,2543439
1779838864.796616,spill,FileSystemStorage,4194304,1,4194552,2979507,2845403
1779838864.797356,spill,FileSystemStorage,4194304,1,4194552,2657286,2551099
1779838864.798310,spill,FileSystemStorage,4194304,1,4194552,2591350,2473954
1779838864.799851,spill,FileSystemStorage,4194304,1,4194552,2832694,2700529
1779838864.800399,spill,FileSystemStorage,4194304,1,4194552,2727866,2625483
1779838864.801357,spill,FileSystemStorage,4194304,1,4194552,2738268,2616693
1779838864.803193,spill,FileSystemStorage,4194304,1,4194552,2945937,2786999
1779838864.803573,spill,FileSystemStorage,4194304,1,4194552,2598816,2488908
1779838864.804401,spill,FileSystemStorage,4194304,1,4194552,2675606,2556275
1779838864.806567,spill,FileSystemStorage,4194304,1,4194552,2872656,2742249
1779838864.806792,spill,FileSystemStorage,4194304,1,4194552,2613390,2515789
1779838864.807586,spill,FileSystemStorage,4194304,1,4194552,2701375,2584013
1779838864.809757,spill,FileSystemStorage,4194304,1,4194552,2824127,2657974
1779838864.810053,spill,FileSystemStorage,4194304,1,4194552,2675936,2566498
1779838864.810594,spill,FileSystemStorage,4194304,1,4194552,2650172,2538857
1779838864.812975,spill,FileSystemStorage,4194304,1,4194552,2895443,2767496
1779838864.813086,spill,FileSystemStorage,4194304,1,4194552,2687825,2584785
1779838864.813608,spill,FileSystemStorage,4194304,1,4194552,2715927,2582625
1779838864.816138,spill,FileSystemStorage,4194304,1,4194552,2702562,2596526
1779838864.816304,spill,FileSystemStorage,4194304,1,4194552,2911116,2762590
1779838864.816631,spill,FileSystemStorage,4194304,1,4194552,2697788,2583817
1779838864.819173,spill,FileSystemStorage,4194304,1,4194552,2696589,2585789
1779838864.819544,spill,FileSystemStorage,4194304,1,4194552,2899795,2766397
1779838864.819731,spill,FileSystemStorage,4194304,1,4194552,2752028,2633279
1779838864.822389,spill,FileSystemStorage,4194304,1,4194552,2721633,2550984
1779838864.822870,spill,FileSystemStorage,4194304,1,4194552,2758046,2653048
1779838864.822874,spill,FileSystemStorage,4194304,1,4194552,2935815,2793928
1779838864.825404,spill,FileSystemStorage,4194304,1,4194552,2714197,2582978
1779838864.826122,spill,FileSystemStorage,4194304,1,4194552,2659042,2550963
1779838864.826571,spill,FileSystemStorage,4194304,1,4194552,2948445,2816963
1779838864.828516,spill,FileSystemStorage,4194304,1,4194552,2761695,2640507
1779838864.829151,spill,FileSystemStorage,4194304,1,4194552,2725459,2611046
1779838864.829773,spill,FileSystemStorage,4194304,1,4194552,2871356,2643685
1779838864.831457,spill,FileSystemStorage,4194304,1,4194552,2631451,2501610
1779838864.832080,spill,FileSystemStorage,4194304,1,4194552,2576331,2465088
1779838864.832779,spill,FileSystemStorage,4194304,1,4194552,2672297,2534579
1779838864.834634,spill,FileSystemStorage,4194304,1,4194552,2719417,2598188
1779838864.835004,spill,FileSystemStorage,4194304,1,4194552,2643929,2518805
1779838864.835884,spill,FileSystemStorage,4194304,1,4194552,2681306,2559902
1779838864.837643,spill,FileSystemStorage,4194304,1,4194552,2682001,2550473
1779838864.838094,spill,FileSystemStorage,4194304,1,4194552,2627047,2528901
1779838864.838955,spill,FileSystemStorage,4194304,1,4194552,2694995,2549156
1779838864.840689,spill,FileSystemStorage,4194304,1,4194552,2648421,2513243
1779838864.841048,spill,FileSystemStorage,4194304,1,4194552,2627235,2521745
1779838864.842570,spill,FileSystemStorage,4194304,1,4194552,2705404,2566608
1779838864.843750,spill,FileSystemStorage,4194304,1,4194552,2711040,2600675
1779838864.844056,spill,FileSystemStorage,4194304,1,4194552,2659222,2552088
1779838864.845540,spill,FileSystemStorage,4194304,1,4194552,2655910,2490410
1779838864.847055,spill,FileSystemStorage,4194304,1,4194552,2675747,2562208
1779838864.847114,spill,FileSystemStorage,4194304,1,4194552,2669756,2561411
1779838864.848430,spill,FileSystemStorage,4194304,1,4194552,2552904,2425763
1779838864.850070,spill,FileSystemStorage,4194304,1,4194552,2551231,2429675
1779838864.850118,spill,FileSystemStorage,4194304,1,4194552,2512659,2412886
1779838864.851360,spill,FileSystemStorage,4194304,1,4194552,2581226,2459516
1779838864.853138,spill,FileSystemStorage,4194304,1,4194552,2629845,2514100
1779838864.853188,spill,FileSystemStorage,4194304,1,4194552,2614502,2512145
1779838864.854534,spill,FileSystemStorage,4194304,1,4194552,2552858,2444610
1779838864.856229,spill,FileSystemStorage,4194304,1,4194552,2537818,2414094
1779838864.856352,spill,FileSystemStorage,4194304,1,4194552,2577828,2475761
1779838864.857362,spill,FileSystemStorage,4194304,1,4194552,2504570,2384755
1779838864.859200,spill,FileSystemStorage,4194304,120,503346240,312604861,309826186
1779838864.859668,spill,FileSystemStorage,4194304,1,4194552,2628083,2519975
1779838864.859720,spill,FileSystemStorage,4194304,1,4194552,2604493,2496947
1779838864.860409,spill,FileSystemStorage,4194304,1,4194552,2521120,2406025
1779838864.863109,spill,FileSystemStorage,4194304,1,4194552,2652471,2523527
1779838864.863477,spill,FileSystemStorage,4194304,1,4194552,2707757,2597969
1779838864.863551,spill,FileSystemStorage,4194304,1,4194552,2918704,2723580
1779838864.864059,spill,FileSystemStorage,4194304,1,4194552,2553326,2427416
1779838864.866476,spill,FileSystemStorage,4194304,1,4194552,2982296,2548174
1779838864.867033,spill,FileSystemStorage,4194304,1,4194552,2918516,2765592
1779838864.867230,spill,FileSystemStorage,4194304,1,4194552,2827740,2715431
1779838864.867396,spill,FileSystemStorage,4194304,1,4194552,2750225,2606177
1779838864.869490,spill,FileSystemStorage,4194304,1,4194552,2663870,2520105
1779838864.870339,spill,FileSystemStorage,4194304,1,4194552,2856334,2674349
1779838864.870560,spill,FileSystemStorage,4194304,1,4194552,2722437,2611402
1779838864.870591,spill,FileSystemStorage,4194304,1,4194552,2789647,2651757
1779838864.872643,spill,FileSystemStorage,4194304,1,4194552,2669180,2552903
1779838864.873645,spill,FileSystemStorage,4194304,1,4194552,2761280,2611475
1779838864.873638,spill,FileSystemStorage,4194304,1,4194552,2889848,2736019
1779838864.874040,spill,FileSystemStorage,4194304,1,4194552,2912956,2464372
1779838864.983255,spill,FileSystemStorage,4194304,1,4194552,2776294,2527490
1779838864.984261,spill,FileSystemStorage,4194304,1,4194552,2838732,2614943
1779838864.985224,spill,FileSystemStorage,4194304,1,4194552,2730384,2481237
1779838864.987220,spill,FileSystemStorage,4194304,1,4194552,2745345,2565273
1779838864.987452,spill,FileSystemStorage,4194304,1,4194552,2774439,2577782
1779838864.988399,spill,FileSystemStorage,4194304,1,4194552,2770600,2618203
1779838864.990388,spill,FileSystemStorage,4194304,1,4194552,2634468,2463660
1779838864.991197,spill,FileSystemStorage,4194304,1,4194552,2821650,2662482
1779838864.991707,spill,FileSystemStorage,4194304,1,4194552,2812505,2669168
1779838864.993483,spill,FileSystemStorage,4194304,1,4194552,2597021,2423984
1779838864.994526,spill,FileSystemStorage,4194304,1,4194552,2855656,2712466
1779838864.994838,spill,FileSystemStorage,4194304,1,4194552,2781380,2621506
1779838864.996498,spill,FileSystemStorage,4194304,1,4194552,2588635,2433890
1779838864.997642,spill,FileSystemStorage,4194304,1,4194552,2734534,2551843
1779838864.997951,spill,FileSystemStorage,4194304,1,4194552,2736401,2609844
1779838864.999872,spill,FileSystemStorage,4194304,1,4194552,2855104,2713858
1779838865.001084,spill,FileSystemStorage,4194304,1,4194552,2654740,2537096
1779838865.001146,spill,FileSystemStorage,4194304,1,4194552,2776947,2631536
1779838865.003172,spill,FileSystemStorage,4194304,1,4194552,2805725,2662730
1779838865.004167,spill,FileSystemStorage,4194304,1,4194552,2616149,2486602
1779838865.004263,spill,FileSystemStorage,4194304,1,4194552,2706158,2563644
1779838865.006481,spill,FileSystemStorage,4194304,1,4194552,2686951,2546335
1779838865.007279,spill,FileSystemStorage,4194304,1,4194552,2652958,2525940
1779838865.007310,spill,FileSystemStorage,4194304,1,4194552,2667437,2540767
1779838865.009511,spill,FileSystemStorage,4194304,1,4194552,2691062,2539121
1779838865.010281,spill,FileSystemStorage,4194304,1,4194552,2693683,2574060
1779838865.010448,spill,FileSystemStorage,4194304,1,4194552,2624648,2492738
1779838865.012541,spill,FileSystemStorage,4194304,1,4194552,2704602,2567075
1779838865.013244,spill,FileSystemStorage,4194304,1,4194552,2640011,2522144
1779838865.013489,spill,FileSystemStorage,4194304,1,4194552,2630483,2498102
1779838865.015823,spill,FileSystemStorage,4194304,1,4194552,2780783,2660879
1779838865.016244,spill,FileSystemStorage,4194304,1,4194552,2617122,2498265
1779838865.016701,spill,FileSystemStorage,4194304,1,4194552,2779053,2647336
1779838865.018790,spill,FileSystemStorage,4194304,1,4194552,2457691,2342318
1779838865.019151,spill,FileSystemStorage,4194304,1,4194552,2566253,2448049
1779838865.019773,spill,FileSystemStorage,4194304,1,4194552,2662142,2509227
1779838865.021800,spill,FileSystemStorage,4194304,1,4194552,2659064,2506503
1779838865.022084,spill,FileSystemStorage,4194304,1,4194552,2591669,2447236
1779838865.022891,spill,FileSystemStorage,4194304,1,4194552,2754623,2632734
1779838865.024827,spill,FileSystemStorage,4194304,1,4194552,2628085,2502639
1779838865.025066,spill,FileSystemStorage,4194304,1,4194552,2649731,2536865
1779838865.026099,spill,FileSystemStorage,4194304,1,4194552,2865158,2737908
1779838865.027796,spill,FileSystemStorage,4194304,1,4194552,2657371,2539060
1779838865.027992,spill,FileSystemStorage,4194304,1,4194552,2625087,2513533
1779838865.029299,spill,FileSystemStorage,4194304,1,4194552,2771904,2584101
1779838865.030814,spill,FileSystemStorage,4194304,1,4194552,2502750,2404887
1779838865.030810,spill,FileSystemStorage,4194304,1,4194552,2660751,2538488
1779838865.032310,spill,FileSystemStorage,4194304,1,4194552,2645825,2509693
1779838865.033690,spill,FileSystemStorage,4194304,1,4194552,2574438,2399345
1779838865.034170,spill,FileSystemStorage,4194304,1,4194552,2952425,2561792
1779838865.035043,spill,FileSystemStorage,4194304,1,4194552,2407550,2289319
1779838865.243511,spill,FileSystemStorage,4194304,120,503346240,263904882,260551274
1779838870.310899,restore,FileSystemStorage,4194304,1,4194552,2284854,2179415
1779838870.316712,restore,FileSystemStorage,4194304,1,4194552,2109229,2019127
1779838870.321513,restore,FileSystemStorage,4194304,1,4194552,2616189,2488806
1779838870.324740,restore,FileSystemStorage,4194304,1,4194552,1706189,1645630
1779838870.328908,restore,FileSystemStorage,4194304,1,4194552,2035501,1967451
1779838870.333218,restore,FileSystemStorage,4194304,1,4194552,2157902,2103367
1779838870.338343,restore,FileSystemStorage,4194304,1,4194552,2241023,2162543
1779838870.343130,restore,FileSystemStorage,4194304,1,4194552,2031736,1969346
1779838870.348192,restore,FileSystemStorage,4194304,1,4194552,2230378,2181743
1779838870.352070,restore,FileSystemStorage,4194304,1,4194552,2097972,2049140
1779838870.357621,restore,FileSystemStorage,4194304,1,4194552,2249589,2172397
1779838870.363442,restore,FileSystemStorage,4194304,1,4194552,2368141,2289697
1779838870.368653,restore,FileSystemStorage,4194304,1,4194552,2073704,2014891
1779838870.373629,restore,FileSystemStorage,4194304,1,4194552,2167298,2085281
1779838870.378932,restore,FileSystemStorage,4194304,1,4194552,2179539,2086670
1779838870.384364,restore,FileSystemStorage,4194304,1,4194552,2191870,2123445
1779838870.390924,restore,FileSystemStorage,4194304,1,4194552,2175946,2094727
1779838870.396605,restore,FileSystemStorage,4194304,1,4194552,2293956,2225006
1779838870.402592,restore,FileSystemStorage,4194304,1,4194552,2173895,2095730
1779838870.407910,restore,FileSystemStorage,4194304,1,4194552,2333790,2262874
1779838870.413821,restore,FileSystemStorage,4194304,1,4194552,2330522,2242743
1779838870.420535,restore,FileSystemStorage,4194304,1,4194552,2380652,2299824
1779838870.426347,restore,FileSystemStorage,4194304,1,4194552,2230189,2144882
1779838870.431789,restore,FileSystemStorage,4194304,1,4194552,2112895,2054092
1779838870.438156,restore,FileSystemStorage,4194304,1,4194552,1980241,1896166
1779838870.444941,restore,FileSystemStorage,4194304,1,4194552,2385181,2297505
1779838870.450485,restore,FileSystemStorage,4194304,1,4194552,2202947,2115797
1779838870.456682,restore,FileSystemStorage,4194304,1,4194552,2198652,2117940
1779838870.462345,restore,FileSystemStorage,4194304,1,4194552,2288868,2206231
1779838870.468819,restore,FileSystemStorage,4194304,1,4194552,2331706,2247641
1779838870.475075,restore,FileSystemStorage,4194304,1,4194552,2148589,2070997
1779838870.480962,restore,FileSystemStorage,4194304,1,4194552,2388989,2328162
1779838870.488360,restore,FileSystemStorage,4194304,1,4194552,2503455,2413603
1779838870.494141,restore,FileSystemStorage,4194304,1,4194552,2230639,2138864
1779838870.500678,restore,FileSystemStorage,4194304,1,4194552,2360490,2269705
1779838870.505625,restore,FileSystemStorage,4194304,1,4194552,2121869,2051648
1779838870.510636,restore,FileSystemStorage,4194304,1,4194552,2128408,2073063
1779838870.516582,restore,FileSystemStorage,4194304,1,4194552,2236973,2180427
1779838870.522180,restore,FileSystemStorage,4194304,1,4194552,2330883,2253022
1779838870.527006,restore,FileSystemStorage,4194304,1,4194552,1889722,1778795
1779838870.530874,restore,FileSystemStorage,4194304,1,4194552,1973635,1913475
1779838870.536017,restore,FileSystemStorage,4194304,1,4194552,2231912,2178238
1779838870.541791,restore,FileSystemStorage,4194304,1,4194552,2201092,2127161
1779838870.548168,restore,FileSystemStorage,4194304,1,4194552,1996050,1942345
1779838870.554037,restore,FileSystemStorage,4194304,1,4194552,2258276,2180446
1779838870.559114,restore,FileSystemStorage,4194304,1,4194552,2332667,2262916
1779838870.564782,restore,FileSystemStorage,4194304,1,4194552,2493880,2437340
1779838870.570527,restore,FileSystemStorage,4194304,1,4194552,1996430,1921319
1779838870.576513,restore,FileSystemStorage,4194304,1,4194552,2451549,2380495
1779838870.582467,restore,FileSystemStorage,4194304,1,4194552,2433811,2350182
1779838870.588042,restore,FileSystemStorage,4194304,1,4194552,2309135,2235686
1779838870.593340,restore,FileSystemStorage,4194304,1,4194552,2263664,2187542
1779838870.598001,restore,FileSystemStorage,4194304,1,4194552,2129935,2060299
1779838870.602244,restore,FileSystemStorage,4194304,1,4194552,2038226,1973278
1779838870.607734,restore,FileSystemStorage,4194304,1,4194552,2251280,2177232
1779838870.613465,restore,FileSystemStorage,4194304,1,4194552,2098598,2006874
1779838870.619471,restore,FileSystemStorage,4194304,1,4194552,2188781,2113834
1779838870.624854,restore,FileSystemStorage,4194304,1,4194552,2025449,1958721
1779838870.629327,restore,FileSystemStorage,4194304,1,4194552,1859778,1795636
1779838870.633184,restore,FileSystemStorage,4194304,1,4194552,1896752,1832925
1779838870.638316,restore,FileSystemStorage,4194304,1,4194552,2200746,2142625
1779838870.644370,restore,FileSystemStorage,4194304,1,4194552,2286145,2227987
1779838870.650450,restore,FileSystemStorage,4194304,1,4194552,2181519,2105882
1779838870.656548,restore,FileSystemStorage,4194304,1,4194552,2281139,2205462
1779838870.663041,restore,FileSystemStorage,4194304,1,4194552,2095978,2016645
1779838870.668687,restore,FileSystemStorage,4194304,1,4194552,2192126,2129831
1779838870.675040,restore,FileSystemStorage,4194304,1,4194552,2084491,2001806
1779838870.681331,restore,FileSystemStorage,4194304,1,4194552,2597983,2522958
1779838870.688180,restore,FileSystemStorage,4194304,1,4194552,2442818,2363487
1779838870.694801,restore,FileSystemStorage,4194304,1,4194552,2367508,2289893
1779838870.700670,restore,FileSystemStorage,4194304,1,4194552,2122105,2051757
1779838870.707447,restore,FileSystemStorage,4194304,1,4194552,2238449,2158415
1779838870.713663,restore,FileSystemStorage,4194304,1,4194552,2275114,2197330
1779838870.720456,restore,FileSystemStorage,4194304,1,4194552,2391166,2311635
1779838870.727124,restore,FileSystemStorage,4194304,1,4194552,2246541,2158670
1779838870.733324,restore,FileSystemStorage,4194304,1,4194552,2440838,2346763
1779838870.739733,restore,FileSystemStorage,4194304,1,4194552,2306419,2214482
1779838870.746158,restore,FileSystemStorage,4194304,1,4194552,2074479,1984970
1779838870.752892,restore,FileSystemStorage,4194304,1,4194552,2359131,2272736
1779838870.758359,restore,FileSystemStorage,4194304,1,4194552,2242581,2163237
1779838870.765217,restore,FileSystemStorage,4194304,1,4194552,2552853,2471090
1779838870.771466,restore,FileSystemStorage,4194304,1,4194552,2374091,2296003
1779838870.777198,restore,FileSystemStorage,4194304,1,4194552,2309076,2226721
1779838870.782938,restore,FileSystemStorage,4194304,1,4194552,2215547,2138846
1779838870.788819,restore,FileSystemStorage,4194304,1,4194552,2284081,2209954
1779838870.794872,restore,FileSystemStorage,4194304,1,4194552,2260527,2185748
1779838870.800564,restore,FileSystemStorage,4194304,1,4194552,2174199,2103474
1779838870.805935,restore,FileSystemStorage,4194304,1,4194552,2172681,2106249
1779838870.811666,restore,FileSystemStorage,4194304,1,4194552,2104092,2038443
1779838870.817247,restore,FileSystemStorage,4194304,1,4194552,2243744,2179806
1779838870.823030,restore,FileSystemStorage,4194304,1,4194552,1888520,1811127
1779838870.828584,restore,FileSystemStorage,4194304,1,4194552,1971055,1905161
1779838870.833933,restore,FileSystemStorage,4194304,1,4194552,2218297,2153735
1779838870.839036,restore,FileSystemStorage,4194304,1,4194552,1839313,1776346
1779838870.844417,restore,FileSystemStorage,4194304,1,4194552,2273867,2203120
1779838870.850612,restore,FileSystemStorage,4194304,1,4194552,2203262,2128351
1779838870.856828,restore,FileSystemStorage,4194304,1,4194552,2312681,2231887
1779838870.862461,restore,FileSystemStorage,4194304,1,4194552,1956075,1885928
1779838870.868828,restore,FileSystemStorage,4194304,1,4194552,2261522,2185166
1779838870.875715,restore,FileSystemStorage,4194304,1,4194552,2380631,2302060
1779838870.881832,restore,FileSystemStorage,4194304,1,4194552,2295318,2219108
1779838870.888680,restore,FileSystemStorage,4194304,1,4194552,2299518,2211635
1779838870.894796,restore,FileSystemStorage,4194304,1,4194552,2312248,2226281
1779838870.900845,restore,FileSystemStorage,4194304,1,4194552,2088811,2015457
1779838870.906886,restore,FileSystemStorage,4194304,1,4194552,2350907,2269698
1779838870.913430,restore,FileSystemStorage,4194304,1,4194552,2438305,2356132
1779838870.920603,restore,FileSystemStorage,4194304,1,4194552,2374533,2288875
1779838870.926443,restore,FileSystemStorage,4194304,1,4194552,1995597,1912399
1779838870.932780,restore,FileSystemStorage,4194304,1,4194552,2178185,2094447
1779838870.938881,restore,FileSystemStorage,4194304,1,4194552,2251416,2168342
1779838870.945466,restore,FileSystemStorage,4194304,1,4194552,2539763,2433307
1779838870.951895,restore,FileSystemStorage,4194304,1,4194552,2307075,2218417
1779838870.958564,restore,FileSystemStorage,4194304,1,4194552,2127412,2043040
1779838870.964851,restore,FileSystemStorage,4194304,1,4194552,2239139,2158127
1779838870.970951,restore,FileSystemStorage,4194304,1,4194552,2169847,2082451
1779838870.977641,restore,FileSystemStorage,4194304,1,4194552,2303267,2219316
1779838870.983601,restore,FileSystemStorage,4194304,1,4194552,2468606,2386385
1779838870.989434,restore,FileSystemStorage,4194304,1,4194552,2420793,2345806
1779838870.994219,restore,FileSystemStorage,4194304,1,4194552,1960785,1891824
1779838870.999643,restore,FileSystemStorage,4194304,1,4194552,2064734,1996588
1779838871.005731,restore,FileSystemStorage,4194304,1,4194552,2186304,2120744
1779838871.010306,restore,FileSystemStorage,4194304,1,4194552,2161743,2090582
1779838871.016198,restore,FileSystemStorage,4194304,1,4194552,2476223,2411072
1779838871.022657,restore,FileSystemStorage,4194304,1,4194552,2145224,2071229
1779838871.028196,restore,FileSystemStorage,4194304,1,4194552,2243415,2172130
1779838871.033900,restore,FileSystemStorage,4194304,1,4194552,2275156,2199812
1779838871.039458,restore,FileSystemStorage,4194304,1,4194552,2542385,2456356
1779838871.045391,restore,FileSystemStorage,4194304,1,4194552,2371727,2295561
1779838871.049123,restore,FileSystemStorage,4194304,1,4194552,1896174,1827019
1779838871.053836,restore,FileSystemStorage,4194304,1,4194552,2191249,2122955
1779838871.058962,restore,FileSystemStorage,4194304,1,4194552,1929617,1851110
1779838871.064790,restore,FileSystemStorage,4194304,1,4194552,2472782,2404659
1779838871.070467,restore,FileSystemStorage,4194304,1,4194552,2049722,1974507
1779838871.074459,restore,FileSystemStorage,4194304,1,4194552,1243667,1176874
1779838871.079670,restore,FileSystemStorage,4194304,1,4194552,2201066,2130886
1779838871.084769,restore,FileSystemStorage,4194304,1,4194552,2232343,2171227
1779838871.090036,restore,FileSystemStorage,4194304,1,4194552,1867885,1795181
1779838871.095696,restore,FileSystemStorage,4194304,1,4194552,2098158,2034538
1779838871.100877,restore,FileSystemStorage,4194304,1,4194552,2024577,1962360
1779838871.106414,restore,FileSystemStorage,4194304,1,4194552,2322224,2260328
1779838871.112927,restore,FileSystemStorage,4194304,1,4194552,2173452,2090528
1779838871.119009,restore,FileSystemStorage,4194304,1,4194552,2092581,1983324
1779838871.123971,restore,FileSystemStorage,4194304,1,4194552,1355483,1280117
1779838871.129680,restore,FileSystemStorage,4194304,1,4194552,1427744,1349044
1779838871.135120,restore,FileSystemStorage,4194304,1,4194552,1350903,1269737
1779838871.141955,restore,FileSystemStorage,4194304,1,4194552,2380865,2296737
1779838871.146509,restore,FileSystemStorage,4194304,1,4194552,1911319,1839195
1779838871.151785,restore,FileSystemStorage,4194304,1,4194552,2213779,2145643
1779838871.157444,restore,FileSystemStorage,4194304,1,4194552,2053654,1990437
1779838871.162806,restore,FileSystemStorage,4194304,1,4194552,2139643,2078395
1779838871.168607,restore,FileSystemStorage,4194304,1,4194552,2273129,2213148
1779838871.174243,restore,FileSystemStorage,4194304,1,4194552,2204749,2137563
1779838871.180223,restore,FileSystemStorage,4194304,1,4194552,1590478,1512695
1779838871.185989,restore,FileSystemStorage,4194304,1,4194552,1348141,1270587
1779838871.191618,restore,FileSystemStorage,4194304,1,4194552,1500039,1416618
1779838871.197038,restore,FileSystemStorage,4194304,1,4194552,1289647,1219084
1779838871.201596,restore,FileSystemStorage,4194304,1,4194552,1213021,1153832
1779838871.205862,restore,FileSystemStorage,4194304,1,4194552,1259514,1198461
1779838871.209475,restore,FileSystemStorage,4194304,1,4194552,1338072,1281175
1779838871.214511,restore,FileSystemStorage,4194304,1,4194552,1261642,1188843
1779838871.219127,restore,FileSystemStorage,4194304,1,4194552,1237219,1167583
1779838871.224115,restore,FileSystemStorage,4194304,1,4194552,1488555,1423366
1779838871.229850,restore,FileSystemStorage,4194304,1,4194552,1421644,1343716
1779838871.235747,restore,FileSystemStorage,4194304,1,4194552,1531918,1449036
1779838871.240921,restore,FileSystemStorage,4194304,1,4194552,1440889,1358631
1779838871.245967,restore,FileSystemStorage,4194304,1,4194552,1270579,1195808
1779838871.250696,restore,FileSystemStorage,4194304,1,4194552,1223252,1159838
1779838871.255734,restore,FileSystemStorage,4194304,1,4194552,1616451,1554469
1779838871.260893,restore,FileSystemStorage,4194304,1,4194552,1439884,1362820
1779838871.265229,restore,FileSystemStorage,4194304,1,4194552,1441775,1361660
1779838871.269973,restore,FileSystemStorage,4194304,1,4194552,1242571,1165959
1779838871.274750,restore,FileSystemStorage,4194304,1,4194552,1247496,1184440
1779838871.280156,restore,FileSystemStorage,4194304,1,4194552,1576996,1514623
1779838871.285454,restore,FileSystemStorage,4194304,1,4194552,1507625,1432411
1779838871.290534,restore,FileSystemStorage,4194304,1,4194552,1252248,1168559
1779838871.294772,restore,FileSystemStorage,4194304,1,4194552,1212585,1144299
1779838871.299179,restore,FileSystemStorage,4194304,1,4194552,1057525,996067
1779838871.304480,restore,FileSystemStorage,4194304,1,4194552,1424442,1367314
1779838871.309376,restore,FileSystemStorage,4194304,1,4194552,1417405,1363046
1779838871.314305,restore,FileSystemStorage,4194304,1,4194552,1217965,1136319
1779838871.318456,restore,FileSystemStorage,4194304,1,4194552,991695,911046
1779838871.323628,restore,FileSystemStorage,4194304,1,4194552,1017802,958692
1779838871.328530,restore,FileSystemStorage,4194304,1,4194552,1064634,1009386
1779838871.333709,restore,FileSystemStorage,4194304,1,4194552,943050,889902
1779838871.338395,restore,FileSystemStorage,4194304,1,4194552,927815,881402
1779838871.343092,restore,FileSystemStorage,4194304,1,4194552,993405,944197
1779838871.347863,restore,FileSystemStorage,4194304,1,4194552,961264,906098
1779838871.352587,restore,FileSystemStorage,4194304,1,4194552,900905,854954
1779838871.356873,restore,FileSystemStorage,4194304,1,4194552,902426,848969
1779838871.361634,restore,FileSystemStorage,4194304,1,4194552,934761,887424
1779838871.366410,restore,FileSystemStorage,4194304,1,4194552,914277,871083
1779838871.371113,restore,FileSystemStorage,4194304,1,4194552,996140,947431
1779838871.375887,restore,FileSystemStorage,4194304,1,4194552,952130,888631
1779838871.379949,restore,FileSystemStorage,4194304,1,4194552,988437,910230
1779838871.384484,restore,FileSystemStorage,4194304,1,4194552,936621,879321
1779838871.388876,restore,FileSystemStorage,4194304,1,4194552,946005,900117
1779838871.392920,restore,FileSystemStorage,4194304,1,4194552,918610,875409
1779838871.396791,restore,FileSystemStorage,4194304,1,4194552,907323,862776
1779838871.400429,restore,FileSystemStorage,4194304,1,4194552,996734,947373
1779838871.404767,restore,FileSystemStorage,4194304,1,4194552,946321,898750
1779838875.845233,spill,FileSystemStorage,8388608,2,16777712,10918844,10510648
1779838875.846879,spill,FileSystemStorage,8388608,2,16777712,12056805,10741932
1779838875.847038,spill,FileSystemStorage,8388608,1,8388856,7092631,5668213
1779838875.851552,spill,FileSystemStorage,8388608,1,8388856,5468091,5281094
1779838875.853228,spill,FileSystemStorage,8388608,1,8388856,5357601,5196479
1779838875.853305,spill,FileSystemStorage,8388608,1,8388856,5419006,5257287
1779838875.857959,spill,FileSystemStorage,8388608,1,8388856,5498806,5332712
1779838875.859339,spill,FileSystemStorage,8388608,1,8388856,5695848,5553573
1779838875.859375,spill,FileSystemStorage,8388608,1,8388856,5663916,5533329
1779838875.864064,spill,FileSystemStorage,8388608,1,8388856,5408001,5265594
1779838875.865783,spill,FileSystemStorage,8388608,1,8388856,5727706,5380832
1779838875.865957,spill,FileSystemStorage,8388608,1,8388856,5697920,5485162
1779838875.869860,spill,FileSystemStorage,8388608,1,8388856,5140610,4993428
1779838875.871645,spill,FileSystemStorage,8388608,1,8388856,5501341,5377072
1779838875.871708,spill,FileSystemStorage,8388608,1,8388856,5393163,5222760
1779838875.875877,spill,FileSystemStorage,8388608,1,8388856,5619580,5494966
1779838875.877589,spill,FileSystemStorage,8388608,1,8388856,5377542,5223125
1779838875.877724,spill,FileSystemStorage,8388608,1,8388856,5532371,5386976
1779838875.882138,spill,FileSystemStorage,8388608,1,8388856,5380411,5248335
1779838875.883624,spill,FileSystemStorage,8388608,1,8388856,5269125,5142145
1779838875.883644,spill,FileSystemStorage,8388608,1,8388856,5492202,5319353
1779838875.887740,spill,FileSystemStorage,8388608,1,8388856,5223436,5101577
1779838875.889116,spill,FileSystemStorage,8388608,1,8388856,4984683,4866361
1779838875.889909,spill,FileSystemStorage,8388608,1,8388856,5265585,5116270
1779838875.894011,spill,FileSystemStorage,8388608,1,8388856,5073539,4946694
1779838875.894619,spill,FileSystemStorage,8388608,1,8388856,4875706,4764396
1779838875.895545,spill,FileSystemStorage,8388608,1,8388856,5240803,5119169
1779838875.899509,spill,FileSystemStorage,8388608,1,8388856,5123977,4976465
1779838875.900488,spill,FileSystemStorage,8388608,1,8388856,5255981,5113621
1779838875.901799,spill,FileSystemStorage,8388608,1,8388856,5198546,5032390
1779838875.906030,spill,FileSystemStorage,8388608,1,8388856,5408184,5294413
1779838875.906716,spill,FileSystemStorage,8388608,1,8388856,5589490,5295368
1779838875.907349,spill,FileSystemStorage,8388608,1,8388856,5136090,4959239
1779838875.911753,spill,FileSystemStorage,8388608,1,8388856,5336773,5190027
1779838875.912307,spill,FileSystemStorage,8388608,1,8388856,5109016,4997542
1779838875.913619,spill,FileSystemStorage,8388608,1,8388856,5232226,5073697
1779838875.917610,spill,FileSystemStorage,8388608,1,8388856,5379072,5252899
1779838875.918272,spill,FileSystemStorage,8388608,1,8388856,5341822,5195902
1779838875.919087,spill,FileSystemStorage,8388608,1,8388856,5098162,4970553
1779838875.922906,spill,FileSystemStorage,8388608,1,8388856,4921436,4793520
1779838875.923564,spill,FileSystemStorage,8388608,1,8388856,4983958,4864002
1779838875.924989,spill,FileSystemStorage,8388608,1,8388856,5122637,4759447
1779838875.929009,spill,FileSystemStorage,8388608,1,8388856,5245217,5086002
1779838875.929729,spill,FileSystemStorage,8388608,1,8388856,5366203,5227470
1779838875.930788,spill,FileSystemStorage,8388608,1,8388856,5382972,5257133
1779838875.934789,spill,FileSystemStorage,8388608,1,8388856,5159748,5023579
1779838875.935668,spill,FileSystemStorage,8388608,1,8388856,5446855,5321271
1779838875.936882,spill,FileSystemStorage,8388608,1,8388856,5211814,5046114
1779838875.940506,spill,FileSystemStorage,8388608,1,8388856,5111863,4988868
1779838875.941643,spill,FileSystemStorage,8388608,1,8388856,5411214,5283080
1779838875.942557,spill,FileSystemStorage,8388608,1,8388856,5159338,5027443
1779838875.945927,spill,FileSystemStorage,8388608,1,8388856,5025790,4901841
1779838875.947100,spill,FileSystemStorage,8388608,1,8388856,5090317,4966032
1779838875.948565,spill,FileSystemStorage,8388608,1,8388856,5629466,5477124
1779838875.951496,spill,FileSystemStorage,8388608,1,8388856,5204264,5072448
1779838875.952872,spill,FileSystemStorage,8388608,1,8388856,5259203,5141156
1779838875.954156,spill,FileSystemStorage,8388608,1,8388856,5229262,5105469
1779838875.957519,spill,FileSystemStorage,8388608,1,8388856,4952540,4824145
1779838875.958098,spill,FileSystemStorage,8388608,1,8388856,4891079,4780760
1779838875.959662,spill,FileSystemStorage,8388608,1,8388856,5173402,5034554
1779838875.963263,spill,FileSystemStorage,8388608,1,8388856,4995898,4829893
1779838875.963462,spill,FileSystemStorage,8388608,1,8388856,5012791,4898109
1779838875.966130,spill,FileSystemStorage,8388608,1,8388856,5457697,5334187
1779838875.969285,spill,FileSystemStorage,8388608,1,8388856,5243741,5118464
1779838875.969479,spill,FileSystemStorage,8388608,1,8388856,5213548,5097956
1779838875.971972,spill,FileSystemStorage,8388608,1,8388856,5414483,5290965
1779838875.974715,spill,FileSystemStorage,8388608,1,8388856,5061577,4928543
1779838875.975119,spill,FileSystemStorage,8388608,1,8388856,5154490,5031681
1779838875.977518,spill,FileSystemStorage,8388608,1,8388856,5168940,5030595
1779838875.980251,spill,FileSystemStorage,8388608,1,8388856,5193172,5060948
1779838875.980746,spill,FileSystemStorage,8388608,1,8388856,5146792,5027292
1779838875.983083,spill,FileSystemStorage,8388608,1,8388856,5168694,5035948
1779838875.985824,spill,FileSystemStorage,8388608,1,8388856,5205052,5074604
1779838875.986197,spill,FileSystemStorage,8388608,1,8388856,5101403,4987344
1779838875.988482,spill,FileSystemStorage,8388608,1,8388856,4894140,4773572
1779838875.991129,spill,FileSystemStorage,8388608,1,8388856,4958867,4826299
1779838875.991553,spill,FileSystemStorage,8388608,1,8388856,4974967,4855963
1779838875.994104,spill,FileSystemStorage,8388608,1,8388856,5010733,4884851
1779838875.997089,spill,FileSystemStorage,8388608,1,8388856,5037777,4917700
1779838875.997462,spill,FileSystemStorage,8388608,1,8388856,4864674,4742231
1779838875.999636,spill,FileSystemStorage,8388608,1,8388856,5055278,4944152
1779838876.002690,spill,FileSystemStorage,8388608,1,8388856,5127982,5010606
1779838876.003003,spill,FileSystemStorage,8388608,1,8388856,5120153,4979788
1779838876.005477,spill,FileSystemStorage,8388608,1,8388856,5084724,4897582
1779838876.008177,spill,FileSystemStorage,8388608,1,8388856,5037916,4895054
1779838876.009472,spill,FileSystemStorage,8388608,1,8388856,5385415,4935562
1779838876.010947,spill,FileSystemStorage,8388608,1,8388856,5085504,4937167
1779838876.013675,spill,FileSystemStorage,8388608,1,8388856,4986993,4855891
1779838876.015061,spill,FileSystemStorage,8388608,1,8388856,5136185,5002016
1779838876.016848,spill,FileSystemStorage,8388608,1,8388856,5060612,4930514
1779838876.019413,spill,FileSystemStorage,8388608,1,8388856,5234852,5077276
1779838876.021273,spill,FileSystemStorage,8388608,1,8388856,5195700,5024460
1779838876.022801,spill,FileSystemStorage,8388608,1,8388856,5300260,5166944
1779838876.025649,spill,FileSystemStorage,8388608,1,8388856,5533340,5389569
1779838876.026876,spill,FileSystemStorage,8388608,1,8388856,5179279,5041152
1779838876.028743,spill,FileSystemStorage,8388608,1,8388856,5109452,4974131
1779838876.031355,spill,FileSystemStorage,8388608,1,8388856,5203685,5068937
1779838876.032751,spill,FileSystemStorage,8388608,1,8388856,4991372,4866425
1779838876.034259,spill,FileSystemStorage,8388608,1,8388856,5044364,4927418
1779838876.037465,spill,FileSystemStorage,8388608,1,8388856,5073518,4932376
1779838876.038278,spill,FileSystemStorage,8388608,1,8388856,5001898,4881185
1779838876.039802,spill,FileSystemStorage,8388608,1,8388856,5107150,4994533
1779838876.043202,spill,FileSystemStorage,8388608,1,8388856,5337597,5204798
1779838876.043862,spill,FileSystemStorage,8388608,1,8388856,5203561,5082712
1779838876.045826,spill,FileSystemStorage,8388608,1,8388856,5085320,4966219
1779838876.048909,spill,FileSystemStorage,8388608,1,8388856,4951379,4829596
1779838876.049278,spill,FileSystemStorage,8388608,1,8388856,5033931,4917419
1779838876.051553,spill,FileSystemStorage,8388608,1,8388856,5160437,5036305
1779838876.054303,spill,FileSystemStorage,8388608,1,8388856,4989531,4867970
1779838876.054806,spill,FileSystemStorage,8388608,1,8388856,5029486,4914249
1779838876.057407,spill,FileSystemStorage,8388608,1,8388856,5074419,4961096
1779838876.059839,spill,FileSystemStorage,8388608,1,8388856,5159503,5044370
1779838876.060502,spill,FileSystemStorage,8388608,1,8388856,5109636,4995857
1779838876.062909,spill,FileSystemStorage,8388608,1,8388856,4924758,4814504
1779838876.065556,spill,FileSystemStorage,8388608,1,8388856,5256654,5138403
1779838876.066267,spill,FileSystemStorage,8388608,1,8388856,5143277,4988390
1779838876.069274,spill,FileSystemStorage,8388608,1,8388856,5033821,4849557
1779838876.070893,spill,FileSystemStorage,8388608,1,8388856,4949369,4822321
1779838876.071563,spill,FileSystemStorage,8388608,1,8388856,4985032,4869306
1779838876.074708,spill,FileSystemStorage,8388608,1,8388856,4809329,4692117
1779838876.076954,spill,FileSystemStorage,8388608,1,8388856,4984342,4857359
1779838876.077301,spill,FileSystemStorage,8388608,1,8388856,4819393,4705867
1779838876.080069,spill,FileSystemStorage,8388608,1,8388856,4947732,4827371
1779838876.082751,spill,FileSystemStorage,8388608,1,8388856,5164733,5041261
1779838876.083286,spill,FileSystemStorage,8388608,1,8388856,5498876,5390589
1779838876.086162,spill,FileSystemStorage,8388608,1,8388856,5180219,5072180
1779838876.088851,spill,FileSystemStorage,8388608,1,8388856,5301095,5164952
1779838876.089119,spill,FileSystemStorage,8388608,1,8388856,5075847,4968590
1779838876.091741,spill,FileSystemStorage,8388608,1,8388856,5051589,4937808
1779838876.094551,spill,FileSystemStorage,8388608,1,8388856,5119955,5003792
1779838876.094944,spill,FileSystemStorage,8388608,1,8388856,5078997,4959050
1779838876.098087,spill,FileSystemStorage,8388608,1,8388856,5127666,4947872
1779838876.100473,spill,FileSystemStorage,8388608,1,8388856,5262894,5139571
1779838876.101207,spill,FileSystemStorage,8388608,1,8388856,5185836,5075812
1779838876.103599,spill,FileSystemStorage,8388608,1,8388856,5131975,5001499
1779838876.106224,spill,FileSystemStorage,8388608,1,8388856,5052238,4933353
1779838876.106854,spill,FileSystemStorage,8388608,1,8388856,5071366,4960487
1779838876.108976,spill,FileSystemStorage,8388608,1,8388856,4879571,4766433
1779838876.111814,spill,FileSystemStorage,8388608,1,8388856,5025707,4889681
1779838876.112392,spill,FileSystemStorage,8388608,1,8388856,4879892,4744012
1779838876.114752,spill,FileSystemStorage,8388608,1,8388856,5070945,4949608
1779838876.118229,spill,FileSystemStorage,8388608,1,8388856,5409912,5277716
1779838876.118433,spill,FileSystemStorage,8388608,1,8388856,5138941,5028557
1779838876.120266,spill,FileSystemStorage,8388608,1,8388856,5122415,5000863
1779838876.124061,spill,FileSystemStorage,8388608,1,8388856,5328178,5214944
1779838876.124369,spill,FileSystemStorage,8388608,1,8388856,5267532,5157186
1779838876.126185,spill,FileSystemStorage,8388608,1,8388856,5196480,5075700
1779838876.129936,spill,FileSystemStorage,8388608,1,8388856,5414865,5293255
1779838876.130053,spill,FileSystemStorage,8388608,1,8388856,5318353,5198181
1779838876.131935,spill,FileSystemStorage,8388608,1,8388856,5405057,5291013
1779838876.135454,spill,FileSystemStorage,8388608,1,8388856,5126799,4983692
1779838876.135712,spill,FileSystemStorage,8388608,1,8388856,5282841,5144926
1779838876.138134,spill,FileSystemStorage,8388608,1,8388856,5212493,4995121
1779838876.141124,spill,FileSystemStorage,8388608,1,8388856,4992412,4696100
1779838876.141143,spill,FileSystemStorage,8388608,1,8388856,4914200,4706661
1779838876.143773,spill,FileSystemStorage,8388608,1,8388856,5041784,4914567
1779838876.146734,spill,FileSystemStorage,8388608,60,503331360,312962932,311251150
1779838876.147085,spill,FileSystemStorage,8388608,1,8388856,5128208,5010961
1779838876.147118,spill,FileSystemStorage,8388608,1,8388856,5142715,5028001
1779838876.149738,spill,FileSystemStorage,8388608,1,8388856,5000790,4830276
1779838876.153614,spill,FileSystemStorage,8388608,1,8388856,5338494,5211662
1779838876.153834,spill,FileSystemStorage,8388608,1,8388856,5390704,5267212
1779838876.154038,spill,FileSystemStorage,8388608,1,8388856,5840992,5598474
1779838876.155512,spill,FileSystemStorage,8388608,1,8388856,5358174,5221647
1779838876.158515,spill,FileSystemStorage,8388608,1,8388856,4494376,4381100
1779838876.234538,spill,FileSystemStorage,8388608,1,8388856,5293598,5059758
1779838876.235735,spill,FileSystemStorage,8388608,1,8388856,5390346,5166886
1779838876.238068,spill,FileSystemStorage,8388608,1,8388856,5660110,5419323
1779838876.241208,spill,FileSystemStorage,8388608,1,8388856,5739419,5202734
1779838876.242346,spill,FileSystemStorage,8388608,1,8388856,5265448,5085256
1779838876.243812,spill,FileSystemStorage,8388608,1,8388856,5221522,5062912
1779838876.248029,spill,FileSystemStorage,8388608,1,8388856,5326897,5190268
1779838876.249832,spill,FileSystemStorage,8388608,1,8388856,5065762,4894062
1779838876.251599,spill,FileSystemStorage,8388608,2,16777712,9974945,9817484
1779838876.254520,spill,FileSystemStorage,8388608,1,8388856,5310850,5106995
1779838876.255203,spill,FileSystemStorage,8388608,1,8388856,4897024,4779314
1779838876.257432,spill,FileSystemStorage,8388608,1,8388856,4708810,4578115
1779838876.319927,spill,FileSystemStorage,8388608,1,8388856,5049774,4420451
1779838876.485825,spill,FileSystemStorage,8388608,60,503331360,257602766,255878987
1779838881.527636,restore,FileSystemStorage,8388608,1,8388856,4819237,4703653
1779838881.536620,restore,FileSystemStorage,8388608,1,8388856,4090883,4003526
1779838881.544925,restore,FileSystemStorage,8388608,1,8388856,3997726,3914522
1779838881.552605,restore,FileSystemStorage,8388608,1,8388856,3689486,3614678
1779838881.560408,restore,FileSystemStorage,8388608,1,8388856,3788757,3733796
1779838881.568593,restore,FileSystemStorage,8388608,1,8388856,4050882,3968346
1779838881.577205,restore,FileSystemStorage,8388608,1,8388856,3826241,3741517
1779838881.584673,restore,FileSystemStorage,8388608,1,8388856,3798010,3711977
1779838881.592647,restore,FileSystemStorage,8388608,1,8388856,3737139,3660822
1779838881.600031,restore,FileSystemStorage,8388608,1,8388856,3802145,3726192
1779838881.607808,restore,FileSystemStorage,8388608,1,8388856,3894926,3815969
1779838881.616142,restore,FileSystemStorage,8388608,1,8388856,4158461,4076945
1779838881.623854,restore,FileSystemStorage,8388608,1,8388856,3753626,3670574
1779838881.632075,restore,FileSystemStorage,8388608,1,8388856,4147321,4061766
1779838881.640332,restore,FileSystemStorage,8388608,1,8388856,4003652,3911978
1779838881.648309,restore,FileSystemStorage,8388608,1,8388856,4364390,4285732
1779838881.656970,restore,FileSystemStorage,8388608,1,8388856,4197101,4107248
1779838881.664415,restore,FileSystemStorage,8388608,1,8388856,3546388,3465712
1779838881.673098,restore,FileSystemStorage,8388608,1,8388856,3824547,3745475
1779838881.680914,restore,FileSystemStorage,8388608,1,8388856,4206129,4149210
1779838881.688786,restore,FileSystemStorage,8388608,1,8388856,3609397,3529468
1779838881.697287,restore,FileSystemStorage,8388608,1,8388856,4021298,3940153
1779838881.705613,restore,FileSystemStorage,8388608,1,8388856,3847539,3766694
1779838881.714420,restore,FileSystemStorage,8388608,1,8388856,3901418,3820352
1779838881.721895,restore,FileSystemStorage,8388608,1,8388856,3807869,3727053
1779838881.730309,restore,FileSystemStorage,8388608,1,8388856,3851174,3775077
1779838881.738513,restore,FileSystemStorage,8388608,1,8388856,3894321,3812918
1779838881.747163,restore,FileSystemStorage,8388608,1,8388856,3782256,3703216
1779838881.755036,restore,FileSystemStorage,8388608,1,8388856,3636386,3577777
1779838881.761473,restore,FileSystemStorage,8388608,1,8388856,3436400,3377800
1779838881.770260,restore,FileSystemStorage,8388608,1,8388856,3804020,3722756
1779838881.778531,restore,FileSystemStorage,8388608,1,8388856,3664356,3566032
1779838881.786640,restore,FileSystemStorage,8388608,1,8388856,3876871,3812323
1779838881.793457,restore,FileSystemStorage,8388608,1,8388856,3840388,3777852
1779838881.800555,restore,FileSystemStorage,8388608,1,8388856,3792319,3713029
1779838881.807522,restore,FileSystemStorage,8388608,1,8388856,3234220,3162291
1779838881.815083,restore,FileSystemStorage,8388608,1,8388856,4120325,4040491
1779838881.822362,restore,FileSystemStorage,8388608,1,8388856,3680390,3614823
1779838881.830141,restore,FileSystemStorage,8388608,1,8388856,3796525,3721587
1779838881.838080,restore,FileSystemStorage,8388608,1,8388856,4082825,4009323
1779838881.845427,restore,FileSystemStorage,8388608,1,8388856,4045426,3965585
1779838881.852299,restore,FileSystemStorage,8388608,1,8388856,4084021,3999378
1779838881.859603,restore,FileSystemStorage,8388608,1,8388856,3920124,3838206
1779838881.867728,restore,FileSystemStorage,8388608,1,8388856,4014038,3934334
1779838881.876578,restore,FileSystemStorage,8388608,1,8388856,4028601,3947810
1779838881.884771,restore,FileSystemStorage,8388608,1,8388856,3727973,3649250
1779838881.892941,restore,FileSystemStorage,8388608,1,8388856,3870354,3789148
1779838881.900830,restore,FileSystemStorage,8388608,1,8388856,3332176,3253414
1779838881.909538,restore,FileSystemStorage,8388608,1,8388856,3967431,3894799
1779838881.917897,restore,FileSystemStorage,8388608,1,8388856,3791312,3716121
1779838881.926078,restore,FileSystemStorage,8388608,1,8388856,3806583,3733328
1779838881.934324,restore,FileSystemStorage,8388608,1,8388856,3743886,3669366
1779838881.942703,restore,FileSystemStorage,8388608,1,8388856,3848022,3760483
1779838881.950725,restore,FileSystemStorage,8388608,1,8388856,3938038,3853642
1779838881.957967,restore,FileSystemStorage,8388608,1,8388856,3892561,3814093
1779838881.965901,restore,FileSystemStorage,8388608,1,8388856,3563630,3483888
1779838881.974333,restore,FileSystemStorage,8388608,1,8388856,3807013,3728982
1779838881.981618,restore,FileSystemStorage,8388608,1,8388856,3321569,3264291
1779838881.989576,restore,FileSystemStorage,8388608,1,8388856,3748932,3692148
1779838881.998506,restore,FileSystemStorage,8388608,1,8388856,3892916,3814163
1779838882.007140,restore,FileSystemStorage,8388608,1,8388856,4132588,4046981
1779838882.015063,restore,FileSystemStorage,8388608,1,8388856,3957271,3864117
1779838882.022839,restore,FileSystemStorage,8388608,1,8388856,4098517,4002696
1779838882.030890,restore,FileSystemStorage,8388608,1,8388856,3937659,3828962
1779838882.040195,restore,FileSystemStorage,8388608,1,8388856,4430136,4333205
1779838882.048303,restore,FileSystemStorage,8388608,1,8388856,4127111,4038480
1779838882.056368,restore,FileSystemStorage,8388608,1,8388856,4283398,4191366
1779838882.064343,restore,FileSystemStorage,8388608,1,8388856,4161939,4077622
1779838882.072101,restore,FileSystemStorage,8388608,1,8388856,3617166,3528160
1779838882.080378,restore,FileSystemStorage,8388608,1,8388856,4145174,4062931
1779838882.086780,restore,FileSystemStorage,8388608,1,8388856,2068011,1987257
1779838882.095047,restore,FileSystemStorage,8388608,1,8388856,4152826,4030074
1779838882.104080,restore,FileSystemStorage,8388608,1,8388856,4362764,4278490
1779838882.111683,restore,FileSystemStorage,8388608,1,8388856,3866275,3784186
1779838882.120322,restore,FileSystemStorage,8388608,1,8388856,4214362,4127708
1779838882.126163,restore,FileSystemStorage,8388608,1,8388856,1977672,1900977
1779838882.133111,restore,FileSystemStorage,8388608,1,8388856,2266229,2188998
1779838882.139713,restore,FileSystemStorage,8388608,1,8388856,2265304,2186152
1779838882.146067,restore,FileSystemStorage,8388608,1,8388856,2076170,1999472
1779838882.152728,restore,FileSystemStorage,8388608,1,8388856,2171627,2089057
1779838882.159541,restore,FileSystemStorage,8388608,1,8388856,2319095,2238450
1779838882.165947,restore,FileSystemStorage,8388608,1,8388856,2243253,2166252
1779838882.172196,restore,FileSystemStorage,8388608,1,8388856,2317665,2235338
1779838882.178457,restore,FileSystemStorage,8388608,1,8388856,2017059,1941422
1779838882.184762,restore,FileSystemStorage,8388608,1,8388856,2132685,2052753
1779838882.190728,restore,FileSystemStorage,8388608,1,8388856,2192891,2117358
1779838882.197216,restore,FileSystemStorage,8388608,1,8388856,2371159,2269769
1779838882.202497,restore,FileSystemStorage,8388608,1,8388856,2073944,1996176
1779838882.209109,restore,FileSystemStorage,8388608,1,8388856,2387880,2310406
1779838882.215567,restore,FileSystemStorage,8388608,1,8388856,2208844,2127710
1779838882.221396,restore,FileSystemStorage,8388608,1,8388856,2174800,2093868
1779838882.227594,restore,FileSystemStorage,8388608,1,8388856,2325553,2242320
1779838882.233817,restore,FileSystemStorage,8388608,1,8388856,2222267,2143941
1779838882.239873,restore,FileSystemStorage,8388608,1,8388856,2267293,2185398
1779838882.245867,restore,FileSystemStorage,8388608,1,8388856,2149983,2067125
1779838882.251925,restore,FileSystemStorage,8388608,1,8388856,2231333,2147073
1779838882.258256,restore,FileSystemStorage,8388608,1,8388856,2106221,2028673
1779838882.264551,restore,FileSystemStorage,8388608,1,8388856,2122226,2041803
1779838882.270906,restore,FileSystemStorage,8388608,1,8388856,2139663,2062035
1779838882.276298,restore,FileSystemStorage,8388608,1,8388856,2180220,2102278
1779838882.282390,restore,FileSystemStorage,8388608,1,8388856,2093394,2016722
1779838882.289341,restore,FileSystemStorage,8388608,1,8388856,2381699,2276047
1779838882.295577,restore,FileSystemStorage,8388608,1,8388856,2104953,2026464
1779838882.301940,restore,FileSystemStorage,8388608,1,8388856,1998603,1919285
1779838882.308602,restore,FileSystemStorage,8388608,1,8388856,2122157,2040982
1779838882.314486,restore,FileSystemStorage,8388608,1,8388856,2282524,2204993
1779838882.320686,restore,FileSystemStorage,8388608,1,8388856,2243050,2156954
1779838882.326351,restore,FileSystemStorage,8388608,1,8388856,2075790,1999591
1779838882.332555,restore,FileSystemStorage,8388608,1,8388856,1990171,1912067
1779838882.336168,restore,FileSystemStorage,8388608,1,8388856,1937827,1884396
1779838882.341649,restore,FileSystemStorage,8388608,1,8388856,2226044,2147572
1779838882.348611,restore,FileSystemStorage,8388608,1,8388856,2227171,2150385
1779838882.355395,restore,FileSystemStorage,8388608,1,8388856,2088018,2011429
1779838882.361849,restore,FileSystemStorage,8388608,1,8388856,2019994,1942976
1779838882.367086,restore,FileSystemStorage,8388608,1,8388856,1849455,1788746
1779838882.373163,restore,FileSystemStorage,8388608,1,8388856,2061917,2011573
1779838882.379995,restore,FileSystemStorage,8388608,1,8388856,2397831,2317955
1779838882.386376,restore,FileSystemStorage,8388608,1,8388856,2153911,2077439
1779838882.392705,restore,FileSystemStorage,8388608,1,8388856,2288346,2210030
1779838882.398602,restore,FileSystemStorage,8388608,1,8388856,2052559,1976769
1779838882.405360,restore,FileSystemStorage,8388608,1,8388856,2264937,2185643
1779838882.411718,restore,FileSystemStorage,8388608,1,8388856,2122951,2046470
1779838882.418200,restore,FileSystemStorage,8388608,1,8388856,2182825,2107712
1779838882.425299,restore,FileSystemStorage,8388608,1,8388856,2422625,2331644
1779838882.431703,restore,FileSystemStorage,8388608,1,8388856,1915612,1841596
1779838882.436245,restore,FileSystemStorage,8388608,1,8388856,1874365,1822990
1779838882.441881,restore,FileSystemStorage,8388608,1,8388856,1996247,1923215
1779838882.448808,restore,FileSystemStorage,8388608,1,8388856,2102943,2028410
1779838882.455691,restore,FileSystemStorage,8388608,1,8388856,2219195,2145006
1779838882.462275,restore,FileSystemStorage,8388608,1,8388856,2074277,2000608
1779838882.468817,restore,FileSystemStorage,8388608,1,8388856,2163557,2086397
1779838882.475560,restore,FileSystemStorage,8388608,1,8388856,2178569,2102207
1779838882.482339,restore,FileSystemStorage,8388608,1,8388856,2188710,2113221
1779838882.488497,restore,FileSystemStorage,8388608,1,8388856,2150597,2071425
1779838882.494777,restore,FileSystemStorage,8388608,1,8388856,2091405,2005217
1779838882.501225,restore,FileSystemStorage,8388608,1,8388856,2431798,2357715
1779838882.507676,restore,FileSystemStorage,8388608,1,8388856,2078778,2001422
1779838882.514021,restore,FileSystemStorage,8388608,1,8388856,2025762,1951053
1779838882.519819,restore,FileSystemStorage,8388608,1,8388856,2143368,2080914
1779838882.526104,restore,FileSystemStorage,8388608,1,8388856,2055847,1982027
1779838882.531655,restore,FileSystemStorage,8388608,1,8388856,1996315,1942607
1779838882.537735,restore,FileSystemStorage,8388608,1,8388856,2137387,2063802
1779838882.543617,restore,FileSystemStorage,8388608,1,8388856,1886604,1813622
1779838882.549597,restore,FileSystemStorage,8388608,1,8388856,2209784,2133641
1779838882.556162,restore,FileSystemStorage,8388608,1,8388856,2314906,2235952
1779838882.562279,restore,FileSystemStorage,8388608,1,8388856,2152444,2070419
1779838882.568543,restore,FileSystemStorage,8388608,1,8388856,2152490,2073278
1779838882.574897,restore,FileSystemStorage,8388608,1,8388856,2033947,1958086
1779838882.581585,restore,FileSystemStorage,8388608,1,8388856,2175966,2097202
1779838882.588081,restore,FileSystemStorage,8388608,1,8388856,2194041,2115767
1779838882.593542,restore,FileSystemStorage,8388608,1,8388856,2073616,1997839
1779838882.598533,restore,FileSystemStorage,8388608,1,8388856,2054450,1977869
1779838882.604220,restore,FileSystemStorage,8388608,1,8388856,2176762,2102986
1779838882.610820,restore,FileSystemStorage,8388608,1,8388856,2105627,2030175
1779838882.616479,restore,FileSystemStorage,8388608,1,8388856,2273086,2185126
1779838882.622258,restore,FileSystemStorage,8388608,1,8388856,2159312,2085530
1779838882.627408,restore,FileSystemStorage,8388608,1,8388856,2158075,2083527
1779838882.633696,restore,FileSystemStorage,8388608,1,8388856,2167963,2095309
1779838882.640294,restore,FileSystemStorage,8388608,1,8388856,2336106,2259686
1779838882.646350,restore,FileSystemStorage,8388608,1,8388856,2189206,2113879
1779838882.652607,restore,FileSystemStorage,8388608,1,8388856,2135065,2056097
1779838882.658044,restore,FileSystemStorage,8388608,1,8388856,2032370,1956303
1779838882.664226,restore,FileSystemStorage,8388608,1,8388856,2172102,2097088
1779838882.670448,restore,FileSystemStorage,8388608,1,8388856,2107029,2032928
1779838882.676464,restore,FileSystemStorage,8388608,1,8388856,2204132,2106324
1779838882.682532,restore,FileSystemStorage,8388608,1,8388856,2205045,2124176
1779838882.688896,restore,FileSystemStorage,8388608,1,8388856,2280921,2198626
1779838882.694360,restore,FileSystemStorage,8388608,1,8388856,2189662,2110529
1779838882.700071,restore,FileSystemStorage,8388608,1,8388856,2270062,2188273
1779838882.706230,restore,FileSystemStorage,8388608,1,8388856,2096058,2013907
1779838882.712590,restore,FileSystemStorage,8388608,1,8388856,2123357,2036205
1779838882.718508,restore,FileSystemStorage,8388608,1,8388856,2330612,2247286
1779838882.724348,restore,FileSystemStorage,8388608,1,8388856,2327567,2245108
1779838882.730420,restore,FileSystemStorage,8388608,1,8388856,2191783,2109180
1779838882.736580,restore,FileSystemStorage,8388608,1,8388856,1963409,1870934
1779838882.742478,restore,FileSystemStorage,8388608,1,8388856,2065384,1986417
1779838882.748685,restore,FileSystemStorage,8388608,1,8388856,2207359,2123122
1779838882.754481,restore,FileSystemStorage,8388608,1,8388856,2056536,1978606
1779838882.760127,restore,FileSystemStorage,8388608,1,8388856,1909298,1828577
1779838882.765969,restore,FileSystemStorage,8388608,1,8388856,2202037,2126044
1779838882.772239,restore,FileSystemStorage,8388608,1,8388856,2071851,1992792
1779838882.778862,restore,FileSystemStorage,8388608,1,8388856,2183120,2106658
1779838882.785536,restore,FileSystemStorage,8388608,1,8388856,2379411,2298780
1779838882.791846,restore,FileSystemStorage,8388608,1,8388856,2169700,2090615
1779838882.797731,restore,FileSystemStorage,8388608,1,8388856,2103655,2026242
1779838882.804363,restore,FileSystemStorage,8388608,1,8388856,2175253,2094898
1779838882.810475,restore,FileSystemStorage,8388608,1,8388856,2182926,2102782
1779838882.816479,restore,FileSystemStorage,8388608,1,8388856,2183118,2101788
1779838882.822684,restore,FileSystemStorage,8388608,1,8388856,2161990,2079054
1779838882.828763,restore,FileSystemStorage,8388608,1,8388856,2080763,2002063
1779838882.834351,restore,FileSystemStorage,8388608,1,8388856,2155829,2075539
1779838882.839918,restore,FileSystemStorage,8388608,1,8388856,2073438,1997101
1779838882.846249,restore,FileSystemStorage,8388608,1,8388856,2128587,2053191
1779838882.852756,restore,FileSystemStorage,8388608,1,8388856,2241520,2156426
1779838882.858207,restore,FileSystemStorage,8388608,1,8388856,2237978,2151185
1779838882.862940,restore,FileSystemStorage,8388608,1,8388856,2119720,2043074
1779838882.869729,restore,FileSystemStorage,8388608,1,8388856,2165871,2089664
1779838882.876342,restore,FileSystemStorage,8388608,1,8388856,1931397,1854438
1779838882.882608,restore,FileSystemStorage,8388608,1,8388856,2082923,2007829
1779838882.888587,restore,FileSystemStorage,8388608,1,8388856,1799498,1716150
1779838882.893809,restore,FileSystemStorage,8388608,1,8388856,1713892,1636226
1779838882.900165,restore,FileSystemStorage,8388608,1,8388856,2325130,2246181
1779838882.906967,restore,FileSystemStorage,8388608,1,8388856,1977464,1899731
1779838882.913415,restore,FileSystemStorage,8388608,1,8388856,2035917,1958465
1779838882.920144,restore,FileSystemStorage,8388608,1,8388856,2202956,2123710
1779838882.926001,restore,FileSystemStorage,8388608,1,8388856,2053032,1980618
1779838882.932697,restore,FileSystemStorage,8388608,1,8388856,2304503,2227078
1779838882.938784,restore,FileSystemStorage,8388608,1,8388856,2135746,2061387
1779838882.945368,restore,FileSystemStorage,8388608,1,8388856,2232771,2155099
1779838882.951014,restore,FileSystemStorage,8388608,1,8388856,2182650,2097979
1779838882.956794,restore,FileSystemStorage,8388608,1,8388856,1996273,1915659
1779838882.963110,restore,FileSystemStorage,8388608,1,8388856,2017547,1942024
1779838882.969780,restore,FileSystemStorage,8388608,1,8388856,2306142,2247991
1779838882.976795,restore,FileSystemStorage,8388608,1,8388856,2215942,2135499
1779838882.983617,restore,FileSystemStorage,8388608,1,8388856,2298329,2210994
1779838882.989834,restore,FileSystemStorage,8388608,1,8388856,2087925,2014239
1779838882.995848,restore,FileSystemStorage,8388608,1,8388856,2081465,2003753
1779838883.001726,restore,FileSystemStorage,8388608,1,8388856,2190489,2113739
1779838883.008372,restore,FileSystemStorage,8388608,1,8388856,2211714,2130418
1779838883.014370,restore,FileSystemStorage,8388608,1,8388856,2210403,2132808
1779838883.020322,restore,FileSystemStorage,8388608,1,8388856,1967416,1888862
1779838883.025639,restore,FileSystemStorage,8388608,1,8388856,1835623,1757264
1779838883.031934,restore,FileSystemStorage,8388608,1,8388856,2110993,2035208
1779838883.037943,restore,FileSystemStorage,8388608,1,8388856,2144292,2067279
1779838883.043945,restore,FileSystemStorage,8388608,1,8388856,1977065,1898332
1779838883.049262,restore,FileSystemStorage,8388608,1,8388856,1749838,1699935
1779838883.054069,restore,FileSystemStorage,8388608,1,8388856,1871062,1796341
1779838883.059447,restore,FileSystemStorage,8388608,1,8388856,2583269,2529046
1779838883.065626,restore,FileSystemStorage,8388608,1,8388856,2252871,2170834
1779838883.072364,restore,FileSystemStorage,8388608,1,8388856,2151318,2072287
1779838883.078650,restore,FileSystemStorage,8388608,1,8388856,2293835,2216780
1779838883.084890,restore,FileSystemStorage,8388608,1,8388856,2166286,2076178
1779838883.090716,restore,FileSystemStorage,8388608,1,8388856,2168771,2082420
1779838883.096566,restore,FileSystemStorage,8388608,1,8388856,2230705,2139774
1779838883.102567,restore,FileSystemStorage,8388608,1,8388856,2042937,1942400
1779838883.108771,restore,FileSystemStorage,8388608,1,8388856,2259298,2166884
1779838883.114032,restore,FileSystemStorage,8388608,1,8388856,2243309,2151553
1779838883.119436,restore,FileSystemStorage,8388608,1,8388856,2147556,2058676
1779838883.125110,restore,FileSystemStorage,8388608,1,8388856,2020538,1951028
1779838883.130611,restore,FileSystemStorage,8388608,1,8388856,1863741,1781966
1779838883.136671,restore,FileSystemStorage,8388608,1,8388856,2229074,2143695
1779838883.142651,restore,FileSystemStorage,8388608,1,8388856,1988488,1912279
1779838883.149230,restore,FileSystemStorage,8388608,1,8388856,2205460,2112628
1779838883.155711,restore,FileSystemStorage,8388608,1,8388856,2186746,2104036
1779838883.162162,restore,FileSystemStorage,8388608,1,8388856,2156560,2076947
1779838883.168233,restore,FileSystemStorage,8388608,1,8388856,2054013,1978164
1779838883.174487,restore,FileSystemStorage,8388608,1,8388856,2000194,1928337
1779838883.180763,restore,FileSystemStorage,8388608,1,8388856,2061451,1988219
1779838883.186690,restore,FileSystemStorage,8388608,1,8388856,1979271,1907210
1779838883.192362,restore,FileSystemStorage,8388608,1,8388856,2167573,2112648
1779838883.198800,restore,FileSystemStorage,8388608,1,8388856,2238703,2165234
1779838883.204673,restore,FileSystemStorage,8388608,1,8388856,2018528,1940802
1779838883.210625,restore,FileSystemStorage,8388608,1,8388856,2133790,2058460
1779838883.216787,restore,FileSystemStorage,8388608,1,8388856,2328897,2254110
1779838883.222330,restore,FileSystemStorage,8388608,1,8388856,2060143,1973973
1779838883.228698,restore,FileSystemStorage,8388608,1,8388856,2355077,2272554
1779838883.234764,restore,FileSystemStorage,8388608,1,8388856,2095626,2020052
1779838883.241322,restore,FileSystemStorage,8388608,1,8388856,2183356,2105700
1779838883.247906,restore,FileSystemStorage,8388608,1,8388856,2241471,2161478
1779838883.254577,restore,FileSystemStorage,8388608,1,8388856,2177766,2103069
1779838883.260233,restore,FileSystemStorage,8388608,1,8388856,2091451,2017727
1779838883.266771,restore,FileSystemStorage,8388608,1,8388856,2063282,1991053
1779838883.272728,restore,FileSystemStorage,8388608,1,8388856,2049087,1974319
1779838883.279589,restore,FileSystemStorage,8388608,1,8388856,2171925,2094634
1779838883.286344,restore,FileSystemStorage,8388608,1,8388856,2157324,2082044
1779838883.293239,restore,FileSystemStorage,8388608,1,8388856,2267706,2165785
1779838883.300181,restore,FileSystemStorage,8388608,1,8388856,2252715,2171126
1779838883.306021,restore,FileSystemStorage,8388608,1,8388856,2134700,2058944
1779838883.312729,restore,FileSystemStorage,8388608,1,8388856,2163855,2085308
1779838883.318219,restore,FileSystemStorage,8388608,1,8388856,2184577,2105008
1779838883.325290,restore,FileSystemStorage,8388608,1,8388856,2407596,2313067
1779838883.332037,restore,FileSystemStorage,8388608,1,8388856,2305221,2227536
1779838883.338461,restore,FileSystemStorage,8388608,1,8388856,2123768,2048640
1779838883.344715,restore,FileSystemStorage,8388608,1,8388856,2195317,2118095
1779838883.351464,restore,FileSystemStorage,8388608,1,8388856,2357099,2273879
1779838883.357341,restore,FileSystemStorage,8388608,1,8388856,2267370,2189636
1779838883.363259,restore,FileSystemStorage,8388608,1,8388856,1998426,1923723
1779838883.369499,restore,FileSystemStorage,8388608,1,8388856,2158584,2085390
1779838883.376295,restore,FileSystemStorage,8388608,1,8388856,2173325,2098792
1779838883.382215,restore,FileSystemStorage,8388608,1,8388856,2102915,2028096
1779838883.388881,restore,FileSystemStorage,8388608,1,8388856,2180351,2097489
1779838883.395773,restore,FileSystemStorage,8388608,1,8388856,2201774,2119865
1779838883.402270,restore,FileSystemStorage,8388608,1,8388856,2168605,2092761
1779838883.408522,restore,FileSystemStorage,8388608,1,8388856,2194352,2115816
1779838883.414852,restore,FileSystemStorage,8388608,1,8388856,1849167,1774887
1779838883.421112,restore,FileSystemStorage,8388608,1,8388856,2079455,2021870
1779838883.426892,restore,FileSystemStorage,8388608,1,8388856,2008501,1931696
1779838883.433182,restore,FileSystemStorage,8388608,1,8388856,1903047,1825765
1779838883.437538,restore,FileSystemStorage,8388608,1,8388856,1818747,1757967
1779838883.443505,restore,FileSystemStorage,8388608,1,8388856,2327627,2246922
1779838883.449849,restore,FileSystemStorage,8388608,1,8388856,2116078,2036885
1779838883.456556,restore,FileSystemStorage,8388608,1,8388856,2141860,2057047
1779838883.463605,restore,FileSystemStorage,8388608,1,8388856,2165882,2089251
1779838883.470170,restore,FileSystemStorage,8388608,1,8388856,2166814,2091124
1779838883.476619,restore,FileSystemStorage,8388608,1,8388856,2214990,2126360
1779838883.483653,restore,FileSystemStorage,8388608,1,8388856,2200432,2118070
1779838883.490327,restore,FileSystemStorage,8388608,1,8388856,2038411,1962355
1779838883.497353,restore,FileSystemStorage,8388608,1,8388856,2234319,2154320
1779838883.504040,restore,FileSystemStorage,8388608,1,8388856,2212356,2132102
1779838883.510521,restore,FileSystemStorage,8388608,1,8388856,2184406,2110186
1779838887.928608,spill,FileSystemStorage,16777216,1,16777464,10925804,10586495
1779838887.932191,spill,FileSystemStorage,16777216,1,16777464,11090042,10834815
1779838887.933128,spill,FileSystemStorage,16777216,1,16777464,12197448,10902612
1779838887.940471,spill,FileSystemStorage,16777216,1,16777464,10629130,10481869
1779838887.944314,spill,FileSystemStorage,16777216,1,16777464,10767300,10603788
1779838887.944567,spill,FileSystemStorage,16777216,1,16777464,10677742,10542609
1779838887.951927,spill,FileSystemStorage,16777216,1,16777464,10372393,10200722
1779838887.960833,spill,FileSystemStorage,16777216,1,16777464,10971467,10793690
1779838887.964453,spill,FileSystemStorage,16777216,1,16777464,11110462,10809238
1779838887.970517,spill,FileSystemStorage,16777216,1,16777464,14134974,13656098
1779838887.972562,spill,FileSystemStorage,16777216,1,16777464,10874397,10726073
1779838887.976058,spill,FileSystemStorage,16777216,1,16777464,10667195,10527482
1779838887.983415,spill,FileSystemStorage,16777216,1,16777464,11657178,11297587
1779838887.984294,spill,FileSystemStorage,16777216,1,16777464,10934296,10796664
1779838887.987287,spill,FileSystemStorage,16777216,1,16777464,10360734,10226528
1779838887.996042,spill,FileSystemStorage,16777216,1,16777464,10738287,10594600
1779838887.998153,spill,FileSystemStorage,16777216,1,16777464,13410775,13185454
1779838887.998495,spill,FileSystemStorage,16777216,1,16777464,10084219,9945115
1779838888.007504,spill,FileSystemStorage,16777216,1,16777464,10430962,10290816
1779838888.008975,spill,FileSystemStorage,16777216,1,16777464,10063348,9894950
1779838888.010206,spill,FileSystemStorage,16777216,1,16777464,11343732,11148472
1779838888.019025,spill,FileSystemStorage,16777216,1,16777464,10487367,10331030
1779838888.019994,spill,FileSystemStorage,16777216,1,16777464,10474311,10342872
1779838888.023784,spill,FileSystemStorage,16777216,1,16777464,12705611,12457092
1779838888.029635,spill,FileSystemStorage,16777216,1,16777464,9938739,9805363
1779838888.030820,spill,FileSystemStorage,16777216,1,16777464,10001446,9865082
1779838888.037445,spill,FileSystemStorage,16777216,1,16777464,12105883,11944204
1779838888.040954,spill,FileSystemStorage,16777216,1,16777464,10345746,10210538
1779838888.044127,spill,FileSystemStorage,16777216,1,16777464,10575855,10425093
1779838888.051409,spill,FileSystemStorage,16777216,1,16777464,13261073,12995152
1779838888.051739,spill,FileSystemStorage,16777216,1,16777464,10375058,10220254
1779838888.055028,spill,FileSystemStorage,16777216,1,16777464,9948756,9781504
1779838888.062772,spill,FileSystemStorage,16777216,1,16777464,10252012,10080019
1779838888.063927,spill,FileSystemStorage,16777216,1,16777464,11415014,11240925
1779838888.066571,spill,FileSystemStorage,16777216,1,16777464,10307149,10154231
1779838888.074382,spill,FileSystemStorage,16777216,1,16777464,10658992,10375169
1779838888.077592,spill,FileSystemStorage,16777216,1,16777464,12387777,12137449
1779838888.077792,spill,FileSystemStorage,16777216,1,16777464,10676718,10524841
1779838888.084636,spill,FileSystemStorage,16777216,1,16777464,9858296,9718649
1779838888.089124,spill,FileSystemStorage,16777216,1,16777464,10594985,10449794
1779838888.090268,spill,FileSystemStorage,16777216,1,16777464,11835758,11656094
1779838888.096058,spill,FileSystemStorage,16777216,1,16777464,10435597,10273476
1779838888.100113,spill,FileSystemStorage,16777216,1,16777464,10557381,10401948
1779838888.103829,spill,FileSystemStorage,16777216,1,16777464,12993516,12780369
1779838888.107038,spill,FileSystemStorage,16777216,1,16777464,10149630,10011929
1779838888.110784,spill,FileSystemStorage,16777216,1,16777464,9821027,9678381
1779838888.117099,spill,FileSystemStorage,16777216,1,16777464,12060129,11872107
1779838888.118564,spill,FileSystemStorage,16777216,1,16777464,10098073,9959681
1779838888.122125,spill,FileSystemStorage,16777216,1,16777464,10133528,9965498
1779838888.129421,spill,FileSystemStorage,16777216,1,16777464,10430066,10293984
1779838888.131222,spill,FileSystemStorage,16777216,1,16777464,13439754,13275578
1779838888.132958,spill,FileSystemStorage,16777216,1,16777464,10274338,10135632
1779838888.140470,spill,FileSystemStorage,16777216,1,16777464,10083182,9942647
1779838888.144169,spill,FileSystemStorage,16777216,1,16777464,10316472,10177334
1779838888.144686,spill,FileSystemStorage,16777216,1,16777464,12128986,11919885
1779838888.152247,spill,FileSystemStorage,16777216,1,16777464,10523434,10377250
1779838888.155693,spill,FileSystemStorage,16777216,1,16777464,10541142,10368181
1779838888.158173,spill,FileSystemStorage,16777216,1,16777464,12114937,11857687
1779838888.163554,spill,FileSystemStorage,16777216,1,16777464,10133534,9989166
1779838888.167303,spill,FileSystemStorage,16777216,1,16777464,10332133,10188670
1779838888.172249,spill,FileSystemStorage,16777216,1,16777464,13281953,12784770
1779838888.175704,spill,FileSystemStorage,16777216,1,16777464,10628973,10468829
1779838888.178774,spill,FileSystemStorage,16777216,1,16777464,10460723,10315359
1779838888.185783,spill,FileSystemStorage,16777216,1,16777464,12512805,12266276
1779838888.186548,spill,FileSystemStorage,16777216,1,16777464,10088429,9944462
1779838888.189555,spill,FileSystemStorage,16777216,1,16777464,9979092,9820099
1779838888.197669,spill,FileSystemStorage,16777216,1,16777464,10319190,9979965
1779838888.199218,spill,FileSystemStorage,16777216,1,16777464,12540165,12359969
1779838888.200532,spill,FileSystemStorage,16777216,1,16777464,10228815,10090452
1779838888.208484,spill,FileSystemStorage,16777216,1,16777464,10413748,10275935
1779838888.208787,spill,FileSystemStorage,16777216,30,503323920,311080763,308638315
1779838888.211464,spill,FileSystemStorage,16777216,1,16777464,10096037,9946632
1779838888.212112,spill,FileSystemStorage,16777216,1,16777464,12295502,12121783
1779838888.219665,spill,FileSystemStorage,16777216,1,16777464,10302751,10159998
1779838888.220727,spill,FileSystemStorage,16777216,1,16777464,10745903,10552853
1779838888.222574,spill,FileSystemStorage,16777216,1,16777464,10004572,9867021
1779838888.224802,spill,FileSystemStorage,16777216,1,16777464,11738819,11581825
1779838888.292330,spill,FileSystemStorage,16777216,1,16777464,10908043,10664960
1779838888.294778,spill,FileSystemStorage,16777216,1,16777464,11115668,10450237
1779838888.296583,spill,FileSystemStorage,16777216,1,16777464,10730959,10495720
1779838888.303736,spill,FileSystemStorage,16777216,1,16777464,10170728,9975483
1779838888.306853,spill,FileSystemStorage,16777216,1,16777464,10891504,10434905
1779838888.307959,spill,FileSystemStorage,16777216,1,16777464,10331538,10113177
1779838888.315690,spill,FileSystemStorage,16777216,1,16777464,10355508,10107056
1779838888.318708,spill,FileSystemStorage,16777216,1,16777464,10704989,10176758
1779838888.320323,spill,FileSystemStorage,16777216,1,16777464,11066627,10855269
1779838888.327056,spill,FileSystemStorage,16777216,1,16777464,10202498,10004841
1779838888.330585,spill,FileSystemStorage,16777216,1,16777464,10717301,10207991
1779838888.331568,spill,FileSystemStorage,16777216,1,16777464,9799416,9584728
1779838888.338166,spill,FileSystemStorage,16777216,1,16777464,9472986,9135113
1779838888.430162,spill,FileSystemStorage,16777216,1,16777464,9261671,8740606
1779838888.550446,spill,FileSystemStorage,16777216,30,503323920,271406066,270211063
1779838893.604431,restore,FileSystemStorage,16777216,1,16777464,7001018,6899886
1779838893.615899,restore,FileSystemStorage,16777216,1,16777464,7475527,7390970
1779838893.626145,restore,FileSystemStorage,16777216,1,16777464,7286125,7186089
1779838893.636147,restore,FileSystemStorage,16777216,1,16777464,6190813,6108382
1779838893.647674,restore,FileSystemStorage,16777216,1,16777464,7450364,7363612
1779838893.659660,restore,FileSystemStorage,16777216,1,16777464,7495371,7410108
1779838893.670254,restore,FileSystemStorage,16777216,1,16777464,6569334,6481161
1779838893.682113,restore,FileSystemStorage,16777216,1,16777464,7270979,7192279
1779838893.694246,restore,FileSystemStorage,16777216,1,16777464,7552672,7467414
1779838893.705231,restore,FileSystemStorage,16777216,1,16777464,6466909,6396277
1779838893.716573,restore,FileSystemStorage,16777216,1,16777464,7139051,7060283
1779838893.727080,restore,FileSystemStorage,16777216,1,16777464,7189455,7109023
1779838893.737272,restore,FileSystemStorage,16777216,1,16777464,7031935,6978582
1779838893.748557,restore,FileSystemStorage,16777216,1,16777464,7289931,7212127
1779838893.759029,restore,FileSystemStorage,16777216,1,16777464,7074510,6991343
1779838893.768825,restore,FileSystemStorage,16777216,1,16777464,7046734,6993176
1779838893.780744,restore,FileSystemStorage,16777216,1,16777464,7331241,7270184
1779838893.792397,restore,FileSystemStorage,16777216,1,16777464,7076401,6990434
1779838893.802500,restore,FileSystemStorage,16777216,1,16777464,6156857,6076594
1779838893.814357,restore,FileSystemStorage,16777216,1,16777464,7344884,7247164
1779838893.826126,restore,FileSystemStorage,16777216,1,16777464,7425791,7331321
1779838893.836332,restore,FileSystemStorage,16777216,1,16777464,7208752,7117774
1779838893.848030,restore,FileSystemStorage,16777216,1,16777464,7675580,7586951
1779838893.858395,restore,FileSystemStorage,16777216,1,16777464,6192925,6105196
1779838893.869798,restore,FileSystemStorage,16777216,1,16777464,7277716,7190307
1779838893.878628,restore,FileSystemStorage,16777216,1,16777464,7192759,7105495
1779838893.889705,restore,FileSystemStorage,16777216,1,16777464,7159723,7073000
1779838893.899774,restore,FileSystemStorage,16777216,1,16777464,7268982,7186089
1779838893.910801,restore,FileSystemStorage,16777216,1,16777464,7246471,7161728
1779838893.922472,restore,FileSystemStorage,16777216,1,16777464,7109806,7023711
1779838893.932804,restore,FileSystemStorage,16777216,1,16777464,7100244,7022876
1779838893.944052,restore,FileSystemStorage,16777216,1,16777464,7028123,6941221
1779838893.954453,restore,FileSystemStorage,16777216,1,16777464,7125548,7055958
1779838893.965344,restore,FileSystemStorage,16777216,1,16777464,6945866,6877968
1779838893.975281,restore,FileSystemStorage,16777216,1,16777464,6066191,6004334
1779838893.982071,restore,FileSystemStorage,16777216,1,16777464,3238031,3182288
1779838893.989058,restore,FileSystemStorage,16777216,1,16777464,3383078,3329847
1779838893.995843,restore,FileSystemStorage,16777216,1,16777464,3290762,3237087
1779838894.006385,restore,FileSystemStorage,16777216,1,16777464,6743435,6690405
1779838894.017350,restore,FileSystemStorage,16777216,1,16777464,6774335,6723578
1779838894.024392,restore,FileSystemStorage,16777216,1,16777464,3258948,3204836
1779838894.030797,restore,FileSystemStorage,16777216,1,16777464,3332492,3278339
1779838894.038277,restore,FileSystemStorage,16777216,1,16777464,3536969,3487176
1779838894.046076,restore,FileSystemStorage,16777216,1,16777464,3520329,3471137
1779838894.052594,restore,FileSystemStorage,16777216,1,16777464,3461797,3384874
1779838894.059211,restore,FileSystemStorage,16777216,1,16777464,3333644,3270419
1779838894.065750,restore,FileSystemStorage,16777216,1,16777464,3571007,3511277
1779838894.073685,restore,FileSystemStorage,16777216,1,16777464,3534973,3459302
1779838894.082069,restore,FileSystemStorage,16777216,1,16777464,3715049,3624050
1779838894.089812,restore,FileSystemStorage,16777216,1,16777464,3646550,3571538
1779838894.097419,restore,FileSystemStorage,16777216,1,16777464,3665825,3592217
1779838894.105103,restore,FileSystemStorage,16777216,1,16777464,3456952,3382958
1779838894.113058,restore,FileSystemStorage,16777216,1,16777464,3578902,3504954
1779838894.120991,restore,FileSystemStorage,16777216,1,16777464,3571647,3496650
1779838894.128719,restore,FileSystemStorage,16777216,1,16777464,3641706,3560409
1779838894.136680,restore,FileSystemStorage,16777216,1,16777464,3504087,3430082
1779838894.144389,restore,FileSystemStorage,16777216,1,16777464,3625845,3556056
1779838894.152056,restore,FileSystemStorage,16777216,1,16777464,3468610,3398584
1779838894.159116,restore,FileSystemStorage,16777216,1,16777464,3717385,3641838
1779838894.166267,restore,FileSystemStorage,16777216,1,16777464,3477595,3416403
1779838894.173471,restore,FileSystemStorage,16777216,1,16777464,3357970,3303986
1779838894.180535,restore,FileSystemStorage,16777216,1,16777464,3479021,3402710
1779838894.189075,restore,FileSystemStorage,16777216,1,16777464,3418718,3344901
1779838894.196657,restore,FileSystemStorage,16777216,1,16777464,3596216,3543248
1779838894.204319,restore,FileSystemStorage,16777216,1,16777464,3728765,3648909
1779838894.212109,restore,FileSystemStorage,16777216,1,16777464,3986466,3909400
1779838894.219814,restore,FileSystemStorage,16777216,1,16777464,3969429,3889221
1779838894.227117,restore,FileSystemStorage,16777216,1,16777464,3704616,3624904
1779838894.234223,restore,FileSystemStorage,16777216,1,16777464,3601328,3522998
1779838894.241711,restore,FileSystemStorage,16777216,1,16777464,3619143,3544354
1779838894.249302,restore,FileSystemStorage,16777216,1,16777464,3564957,3507209
1779838894.256189,restore,FileSystemStorage,16777216,1,16777464,3449769,3397980
1779838894.263953,restore,FileSystemStorage,16777216,1,16777464,3574956,3500080
1779838894.271417,restore,FileSystemStorage,16777216,1,16777464,3599954,3524173
1779838894.279513,restore,FileSystemStorage,16777216,1,16777464,4082028,3998982
1779838894.286789,restore,FileSystemStorage,16777216,1,16777464,3768459,3697307
1779838894.294199,restore,FileSystemStorage,16777216,1,16777464,3422717,3345666
1779838894.302157,restore,FileSystemStorage,16777216,1,16777464,3357082,3282196
1779838894.309552,restore,FileSystemStorage,16777216,1,16777464,3675195,3600634
1779838894.317572,restore,FileSystemStorage,16777216,1,16777464,3585806,3508513
1779838894.324947,restore,FileSystemStorage,16777216,1,16777464,3672047,3596973
1779838894.333071,restore,FileSystemStorage,16777216,1,16777464,3736921,3663161
1779838894.340266,restore,FileSystemStorage,16777216,1,16777464,3670434,3608343
1779838894.348174,restore,FileSystemStorage,16777216,1,16777464,3501225,3427973
1779838894.355863,restore,FileSystemStorage,16777216,1,16777464,3439498,3363377
1779838894.363555,restore,FileSystemStorage,16777216,1,16777464,3868514,3790373
1779838894.371642,restore,FileSystemStorage,16777216,1,16777464,3905826,3826580
1779838894.379113,restore,FileSystemStorage,16777216,1,16777464,3676007,3597133
1779838894.387111,restore,FileSystemStorage,16777216,1,16777464,3636157,3555811
1779838894.394936,restore,FileSystemStorage,16777216,1,16777464,3638267,3535829
1779838894.401793,restore,FileSystemStorage,16777216,1,16777464,3550193,3469341
1779838894.409778,restore,FileSystemStorage,16777216,1,16777464,3479269,3399162
1779838894.417781,restore,FileSystemStorage,16777216,1,16777464,3575138,3496462
1779838894.423702,restore,FileSystemStorage,16777216,1,16777464,3489706,3430828
1779838894.431474,restore,FileSystemStorage,16777216,1,16777464,3924537,3839684
1779838894.440198,restore,FileSystemStorage,16777216,1,16777464,3850003,3766727
1779838894.448024,restore,FileSystemStorage,16777216,1,16777464,4071088,3989622
1779838894.454666,restore,FileSystemStorage,16777216,1,16777464,3793755,3699798
1779838894.462842,restore,FileSystemStorage,16777216,1,16777464,3957015,3859555
1779838894.470816,restore,FileSystemStorage,16777216,1,16777464,3502099,3418804
1779838894.478035,restore,FileSystemStorage,16777216,1,16777464,3329639,3267242
1779838894.484403,restore,FileSystemStorage,16777216,1,16777464,3461127,3384096
1779838894.491655,restore,FileSystemStorage,16777216,1,16777464,3569438,3491995
1779838894.498806,restore,FileSystemStorage,16777216,1,16777464,3216934,3152700
1779838894.507122,restore,FileSystemStorage,16777216,1,16777464,3622719,3541792
1779838894.515968,restore,FileSystemStorage,16777216,1,16777464,4012725,3930985
1779838894.522505,restore,FileSystemStorage,16777216,1,16777464,3467129,3386167
1779838894.529788,restore,FileSystemStorage,16777216,1,16777464,3482526,3428373
1779838894.537790,restore,FileSystemStorage,16777216,1,16777464,3468218,3390258
1779838894.545518,restore,FileSystemStorage,16777216,1,16777464,3578978,3499797
1779838894.553287,restore,FileSystemStorage,16777216,1,16777464,3473162,3395047
1779838894.561647,restore,FileSystemStorage,16777216,1,16777464,3791069,3713966
1779838894.569878,restore,FileSystemStorage,16777216,1,16777464,3688116,3608614
1779838894.577505,restore,FileSystemStorage,16777216,1,16777464,3505266,3428603
1779838894.584943,restore,FileSystemStorage,16777216,1,16777464,3682235,3598014
1779838894.592532,restore,FileSystemStorage,16777216,1,16777464,3486297,3427212
1779838894.600458,restore,FileSystemStorage,16777216,1,16777464,4083360,4003671
1779838894.607678,restore,FileSystemStorage,16777216,1,16777464,3944205,3857396
1779838894.615650,restore,FileSystemStorage,16777216,1,16777464,3963141,3878857
1779838894.623666,restore,FileSystemStorage,16777216,1,16777464,4062864,3974736
1779838894.631459,restore,FileSystemStorage,16777216,1,16777464,3995319,3908927
1779838894.639029,restore,FileSystemStorage,16777216,1,16777464,3643550,3560491
1779838894.647615,restore,FileSystemStorage,16777216,1,16777464,3785445,3704063
1779838894.656166,restore,FileSystemStorage,16777216,1,16777464,3837795,3754677
1779838894.664276,restore,FileSystemStorage,16777216,1,16777464,4036294,3944848
1779838894.672241,restore,FileSystemStorage,16777216,1,16777464,3986759,3895742
1779838894.679117,restore,FileSystemStorage,16777216,1,16777464,3630155,3540934
1779838894.688405,restore,FileSystemStorage,16777216,1,16777464,3884943,3795980
1779838894.696113,restore,FileSystemStorage,16777216,1,16777464,3816133,3730789
1779838894.703005,restore,FileSystemStorage,16777216,1,16777464,3665036,3563291
1779838894.710906,restore,FileSystemStorage,16777216,1,16777464,3608111,3528464
1779838894.719784,restore,FileSystemStorage,16777216,1,16777464,4093271,4016236
1779838894.726140,restore,FileSystemStorage,16777216,1,16777464,3407320,3339839
1779838894.733141,restore,FileSystemStorage,16777216,1,16777464,3547834,3492224
1779838894.740376,restore,FileSystemStorage,16777216,1,16777464,3548575,3490282
1779838894.747606,restore,FileSystemStorage,16777216,1,16777464,3798642,3741996
1779838894.756215,restore,FileSystemStorage,16777216,1,16777464,3956915,3881005
1779838894.764354,restore,FileSystemStorage,16777216,1,16777464,3597268,3521034
1779838894.771456,restore,FileSystemStorage,16777216,1,16777464,3448202,3368758
1779838894.778666,restore,FileSystemStorage,16777216,1,16777464,3569757,3491853
1779838894.785996,restore,FileSystemStorage,16777216,1,16777464,3354610,3272676
1779838894.793420,restore,FileSystemStorage,16777216,1,16777464,3499426,3420633
1779838894.800907,restore,FileSystemStorage,16777216,1,16777464,3348365,3271413
1779838894.809005,restore,FileSystemStorage,16777216,1,16777464,3495979,3417658
1779838894.816863,restore,FileSystemStorage,16777216,1,16777464,3645302,3593461
1779838894.823892,restore,FileSystemStorage,16777216,1,16777464,3705268,3631025
1779838894.831095,restore,FileSystemStorage,16777216,1,16777464,3494466,3420034
1779838894.838755,restore,FileSystemStorage,16777216,1,16777464,3566050,3511478
1779838894.845914,restore,FileSystemStorage,16777216,1,16777464,3631983,3578425
1779838894.853384,restore,FileSystemStorage,16777216,1,16777464,3642509,3567737
1779838899.683204,spill,FileSystemStorage,33554432,1,33554680,22040775,20743253
1779838899.685783,spill,FileSystemStorage,33554432,1,33554680,24657874,23275959
1779838899.701194,spill,FileSystemStorage,33554432,1,33554680,20642707,19825167
1779838899.726438,spill,FileSystemStorage,33554432,1,33554680,20190450,19993672
1779838899.737573,spill,FileSystemStorage,33554432,1,33554680,19607290,19383670
1779838899.748111,spill,FileSystemStorage,33554432,1,33554680,20601991,20353302
1779838899.768962,spill,FileSystemStorage,33554432,1,33554680,19345573,19133475
1779838899.780358,spill,FileSystemStorage,33554432,1,33554680,19570567,19179869
1779838899.790025,spill,FileSystemStorage,33554432,1,33554680,19593535,19390810
1779838899.812988,spill,FileSystemStorage,33554432,1,33554680,19283083,19079743
1779838899.824916,spill,FileSystemStorage,33554432,1,33554680,19871373,19228513
1779838899.833894,spill,FileSystemStorage,33554432,1,33554680,19529236,19325181
1779838899.857051,spill,FileSystemStorage,33554432,1,33554680,19381848,19187486
1779838899.868419,spill,FileSystemStorage,33554432,1,33554680,20217891,19477128
1779838899.877388,spill,FileSystemStorage,33554432,1,33554680,19664312,19269434
1779838899.900246,spill,FileSystemStorage,33554432,1,33554680,19516769,19062909
1779838899.911870,spill,FileSystemStorage,33554432,1,33554680,20187906,19634600
1779838899.920036,spill,FileSystemStorage,33554432,15,503320200,290960608,290179968
1779838899.920977,spill,FileSystemStorage,33554432,1,33554680,19814952,19339856
1779838900.100019,spill,FileSystemStorage,33554432,1,33554680,20311618,20053792
1779838900.111368,spill,FileSystemStorage,33554432,1,33554680,21254841,20670331
1779838900.120181,spill,FileSystemStorage,33554432,1,33554680,20358128,19782176
1779838900.142905,spill,FileSystemStorage,33554432,1,33554680,20913184,20614999
1779838900.153572,spill,FileSystemStorage,33554432,1,33554680,20143384,19517476
1779838900.163785,spill,FileSystemStorage,33554432,1,33554680,20986432,20592343
1779838900.185587,spill,FileSystemStorage,33554432,1,33554680,19812135,19468970
1779838900.196977,spill,FileSystemStorage,33554432,1,33554680,20306515,19767415
1779838900.206085,spill,FileSystemStorage,33554432,1,33554680,20320074,19915079
1779838900.228826,spill,FileSystemStorage,33554432,1,33554680,20041234,19526103
1779838900.239199,spill,FileSystemStorage,33554432,1,33554680,20078712,19465707
1779838900.249323,spill,FileSystemStorage,33554432,1,33554680,20324701,19796712
1779838900.271606,spill,FileSystemStorage,33554432,1,33554680,19824930,19467755
1779838900.282103,spill,FileSystemStorage,33554432,1,33554680,19640016,19360869
1779838900.292416,spill,FileSystemStorage,33554432,1,33554680,20166402,19625603
1779838900.313527,spill,FileSystemStorage,33554432,1,33554680,19279221,18946736
1779838900.325052,spill,FileSystemStorage,33554432,1,33554680,19742182,19188487
1779838900.334735,spill,FileSystemStorage,33554432,1,33554680,19831114,19195593
1779838900.357217,spill,FileSystemStorage,33554432,1,33554680,19569571,19098912
1779838900.368184,spill,FileSystemStorage,33554432,1,33554680,19826635,19201564
1779838900.372030,spill,FileSystemStorage,33554432,15,503320200,302685057,301607327
1779838900.376828,spill,FileSystemStorage,33554432,1,33554680,18894094,18657908
1779838905.714702,restore,FileSystemStorage,33554432,1,33554680,14501920,14394998
1779838905.732874,restore,FileSystemStorage,33554432,1,33554680,13921533,13799252
1779838905.751828,restore,FileSystemStorage,33554432,1,33554680,13964128,13866546
1779838905.769831,restore,FileSystemStorage,33554432,1,33554680,14252787,14167860
1779838905.786309,restore,FileSystemStorage,33554432,1,33554680,12484222,12391256
1779838905.803930,restore,FileSystemStorage,33554432,1,33554680,13815457,13723718
1779838905.822175,restore,FileSystemStorage,33554432,1,33554680,13516145,13427629
1779838905.838485,restore,FileSystemStorage,33554432,1,33554680,11886992,11797712
1779838905.857030,restore,FileSystemStorage,33554432,1,33554680,13923098,13833657
1779838905.873867,restore,FileSystemStorage,33554432,1,33554680,13800153,13710345
1779838905.890693,restore,FileSystemStorage,33554432,1,33554680,11645334,11552123
1779838905.902085,restore,FileSystemStorage,33554432,1,33554680,6712932,6625687
1779838905.912858,restore,FileSystemStorage,33554432,1,33554680,6888126,6806034
1779838905.924385,restore,FileSystemStorage,33554432,1,33554680,6753801,6668101
1779838905.941653,restore,FileSystemStorage,33554432,1,33554680,13161604,13068784
1779838905.952366,restore,FileSystemStorage,33554432,1,33554680,6869961,6769905
1779838905.962888,restore,FileSystemStorage,33554432,1,33554680,7096961,7013924
1779838905.973532,restore,FileSystemStorage,33554432,1,33554680,6978807,6911266
1779838905.984066,restore,FileSystemStorage,33554432,1,33554680,6858943,6799701
1779838905.994740,restore,FileSystemStorage,33554432,1,33554680,6909833,6834377
1779838906.004246,restore,FileSystemStorage,33554432,1,33554680,6531322,6444295
1779838906.013835,restore,FileSystemStorage,33554432,1,33554680,6629490,6560297
1779838906.024420,restore,FileSystemStorage,33554432,1,33554680,6387761,6297855
1779838906.034826,restore,FileSystemStorage,33554432,1,33554680,6499234,6409914
1779838906.045606,restore,FileSystemStorage,33554432,1,33554680,6527227,6438590
1779838906.055685,restore,FileSystemStorage,33554432,1,33554680,6579657,6490402
1779838906.065110,restore,FileSystemStorage,33554432,1,33554680,6307896,6245765
1779838906.075897,restore,FileSystemStorage,33554432,1,33554680,6442895,6349702
1779838906.086506,restore,FileSystemStorage,33554432,1,33554680,6944920,6857499
1779838906.096348,restore,FileSystemStorage,33554432,1,33554680,6793101,6701713
1779838906.108019,restore,FileSystemStorage,33554432,1,33554680,6658712,6571805
1779838906.118659,restore,FileSystemStorage,33554432,1,33554680,6787559,6714304
1779838906.129233,restore,FileSystemStorage,33554432,1,33554680,6726749,6642298
1779838906.139644,restore,FileSystemStorage,33554432,1,33554680,7172125,7085243
1779838906.150469,restore,FileSystemStorage,33554432,1,33554680,6663629,6577284
1779838906.161541,restore,FileSystemStorage,33554432,1,33554680,6901446,6808308
1779838906.172809,restore,FileSystemStorage,33554432,1,33554680,6758796,6659151
1779838906.183012,restore,FileSystemStorage,33554432,1,33554680,6958316,6859938
1779838906.193981,restore,FileSystemStorage,33554432,1,33554680,6788310,6697946
1779838906.204961,restore,FileSystemStorage,33554432,1,33554680,6669933,6580570
1779838906.215961,restore,FileSystemStorage,33554432,1,33554680,7012386,6926018
1779838906.227120,restore,FileSystemStorage,33554432,1,33554680,6897698,6814106
1779838906.236538,restore,FileSystemStorage,33554432,1,33554680,6442622,6380165
1779838906.246779,restore,FileSystemStorage,33554432,1,33554680,6509532,6430516
1779838906.257251,restore,FileSystemStorage,33554432,1,33554680,6921681,6833631
1779838906.266614,restore,FileSystemStorage,33554432,1,33554680,6852405,6767503
1779838906.276689,restore,FileSystemStorage,33554432,1,33554680,6804081,6722448
1779838906.286679,restore,FileSystemStorage,33554432,1,33554680,6564483,6486700
1779838906.296376,restore,FileSystemStorage,33554432,1,33554680,6430076,6369550
1779838906.306934,restore,FileSystemStorage,33554432,1,33554680,6595029,6506297
1779838906.317876,restore,FileSystemStorage,33554432,1,33554680,6731853,6642528
1779838906.328085,restore,FileSystemStorage,33554432,1,33554680,6751913,6654738
1779838906.339403,restore,FileSystemStorage,33554432,1,33554680,7130137,7042584
1779838906.351129,restore,FileSystemStorage,33554432,1,33554680,7012676,6927681
1779838906.362042,restore,FileSystemStorage,33554432,1,33554680,6966305,6875778
1779838906.373432,restore,FileSystemStorage,33554432,1,33554680,6829325,6747163
1779838906.383126,restore,FileSystemStorage,33554432,1,33554680,6548596,6480135
1779838906.394563,restore,FileSystemStorage,33554432,1,33554680,6579633,6525634
1779838906.404869,restore,FileSystemStorage,33554432,1,33554680,6464472,6417424
1779838906.416164,restore,FileSystemStorage,33554432,1,33554680,6728504,6648316
1779838906.427027,restore,FileSystemStorage,33554432,1,33554680,6450135,6373363
1779838906.437843,restore,FileSystemStorage,33554432,1,33554680,6783318,6702906
1779838906.448696,restore,FileSystemStorage,33554432,1,33554680,6524762,6443787
1779838906.459609,restore,FileSystemStorage,33554432,1,33554680,6657958,6573478
1779838906.471116,restore,FileSystemStorage,33554432,1,33554680,6894756,6812256
1779838906.481335,restore,FileSystemStorage,33554432,1,33554680,6803096,6725469
1779838906.492192,restore,FileSystemStorage,33554432,1,33554680,7058565,6996323
1779838906.502009,restore,FileSystemStorage,33554432,1,33554680,7076968,6978716
1779838906.512408,restore,FileSystemStorage,33554432,1,33554680,6691661,6605586
1779838911.599535,spill,FileSystemStorage,67108864,1,67109112,39051018,38605430
1779838911.672990,spill,FileSystemStorage,67108864,1,67109112,36449765,35919236
1779838911.734643,spill,FileSystemStorage,67108864,1,67109112,36082968,35692116
1779838911.797454,spill,FileSystemStorage,67108864,1,67109112,36199717,35669514
1779838911.839911,spill,FileSystemStorage,67108864,8,536872896,294201805,293611517
1779838911.860561,spill,FileSystemStorage,67108864,1,67109112,36154560,35613658
1779838912.069331,spill,FileSystemStorage,67108864,1,67109112,40064873,39459773
1779838912.139235,spill,FileSystemStorage,67108864,1,67109112,37662238,37034003
1779838912.201159,spill,FileSystemStorage,67108864,1,67109112,36742372,36190581
1779838912.263650,spill,FileSystemStorage,67108864,1,67109112,36588177,36045634
1779838912.302995,spill,FileSystemStorage,67108864,8,536872896,292591722,292033067
1779838912.324016,spill,FileSystemStorage,67108864,1,67109112,33725743,33271694
1779838912.531101,spill,FileSystemStorage,67108864,1,67109112,36778630,36375195
1779838912.593977,spill,FileSystemStorage,67108864,1,67109112,36980786,36372280
1779838912.741193,spill,FileSystemStorage,67108864,8,536872896,264816467,263880824
1779838917.910556,restore,FileSystemStorage,67108864,1,67109112,27858967,27720589
1779838917.942412,restore,FileSystemStorage,67108864,1,67109112,27676810,27559074
1779838917.973876,restore,FileSystemStorage,67108864,1,67109112,27438240,27321554
1779838918.004080,restore,FileSystemStorage,67108864,1,67109112,27410159,27303505
1779838918.035933,restore,FileSystemStorage,67108864,1,67109112,27850541,27737303
1779838918.066324,restore,FileSystemStorage,67108864,1,67109112,26789169,26673125
1779838918.098515,restore,FileSystemStorage,67108864,1,67109112,27450469,27328682
1779838918.130432,restore,FileSystemStorage,67108864,1,67109112,27408349,27287234
1779838918.147713,restore,FileSystemStorage,67108864,1,67109112,13660576,13547419
1779838918.164708,restore,FileSystemStorage,67108864,1,67109112,13161098,13046838
1779838918.181579,restore,FileSystemStorage,67108864,1,67109112,12648465,12538630
1779838918.199020,restore,FileSystemStorage,67108864,1,67109112,12988008,12878975
1779838918.216573,restore,FileSystemStorage,67108864,1,67109112,13533095,13422174
1779838918.234040,restore,FileSystemStorage,67108864,1,67109112,13143500,13036945
1779838918.251093,restore,FileSystemStorage,67108864,1,67109112,12851907,12756703
1779838918.268340,restore,FileSystemStorage,67108864,1,67109112,12719134,12609124
1779838918.285366,restore,FileSystemStorage,67108864,1,67109112,12411546,12310647
1779838918.303005,restore,FileSystemStorage,67108864,1,67109112,13106321,12993348
1779838918.321188,restore,FileSystemStorage,67108864,1,67109112,13571900,13470572
1779838918.338449,restore,FileSystemStorage,67108864,1,67109112,13366628,13269872
1779838918.356204,restore,FileSystemStorage,67108864,1,67109112,13338303,13211036
1779838918.372450,restore,FileSystemStorage,67108864,1,67109112,12691193,12581496
1779838918.389563,restore,FileSystemStorage,67108864,1,67109112,12923648,12821141
1779838918.406118,restore,FileSystemStorage,67108864,1,67109112,12345117,12244590
1779838918.423551,restore,FileSystemStorage,67108864,1,67109112,13422928,13318748
1779838918.440270,restore,FileSystemStorage,67108864,1,67109112,12824724,12717762
1779838918.456879,restore,FileSystemStorage,67108864,1,67109112,12653388,12548216
1779838918.474171,restore,FileSystemStorage,67108864,1,67109112,13023063,12922732
1779838918.490780,restore,FileSystemStorage,67108864,1,67109112,12295103,12196960
1779838918.507782,restore,FileSystemStorage,67108864,1,67109112,13178462,13082616
1779838918.524903,restore,FileSystemStorage,67108864,1,67109112,13398968,13301744
1779838918.541568,restore,FileSystemStorage,67108864,1,67109112,12243506,12136305
1779838918.558628,restore,FileSystemStorage,67108864,1,67109112,12641784,12540268
1779838918.575671,restore,FileSystemStorage,67108864,1,67109112,13089465,12984460
1779838918.591868,restore,FileSystemStorage,67108864,1,67109112,12661503,12562725
1779838918.608630,restore,FileSystemStorage,67108864,1,67109112,13128941,13038626
1779838923.456396,spill,FileSystemStorage,134217728,4,536871904,271202760,270852026
1779838923.883176,spill,FileSystemStorage,134217728,4,536871904,253130081,252693265
1779838924.308418,spill,FileSystemStorage,134217728,4,536871904,250775524,250327575
1779838924.738729,spill,FileSystemStorage,134217728,4,536871904,255154258,254734787
1779838930.124011,restore,FileSystemStorage,134217728,1,134217976,49670156,49544661
1779838930.170752,restore,FileSystemStorage,134217728,1,134217976,44142900,44035427
1779838930.200572,restore,FileSystemStorage,134217728,1,134217976,25887488,25773268
1779838930.229350,restore,FileSystemStorage,134217728,1,134217976,25763399,25665384
1779838930.257807,restore,FileSystemStorage,134217728,1,134217976,25465890,25370376
1779838930.287622,restore,FileSystemStorage,134217728,1,134217976,25856846,25759718
1779838930.316419,restore,FileSystemStorage,134217728,1,134217976,25511541,25356989
1779838930.347038,restore,FileSystemStorage,134217728,1,134217976,25438045,25319359
1779838930.400595,restore,FileSystemStorage,134217728,1,134217976,48796693,48670582
1779838930.456955,restore,FileSystemStorage,134217728,1,134217976,52736030,52612863
1779838930.486398,restore,FileSystemStorage,134217728,1,134217976,25469390,25343434
1779838930.516204,restore,FileSystemStorage,134217728,1,134217976,25677589,25560943
1779838930.545826,restore,FileSystemStorage,134217728,1,134217976,25281008,25156706
1779838930.576239,restore,FileSystemStorage,134217728,1,134217976,25912005,25797127
1779838930.605155,restore,FileSystemStorage,134217728,1,134217976,25668101,25542739
1779838930.635930,restore,FileSystemStorage,134217728,1,134217976,25550130,25426266
